acc_id	pdb_id	chain_id	target_position	subset_class	n_target_sites	n_context_sites	input_resolution	expected_resname	source_row_index	master_phospho_sites	master_site_count	mapped_uniprot_range	observed_uniprot_range	target_site_residues	structure_file	actual_resname	residue_class	anchor_atom	base_atom	status	d_anchor_p	angle_base_anchor_p	torsion_N_CA_CB_OG	nearest_basic_label	nearest_basic_resname	nearest_basic_atom	nearest_basic_dist	n_basic_within4	n_basic_within6	nearest_polar_label	nearest_polar_resname	nearest_polar_atom	nearest_polar_dist	nearest_water_label	nearest_water_atom	nearest_water_dist	n_water_within4	nonwater_heavy_within6	interaction_class	secondary_structure	rsa	exposure_class	nearest_other_ptm_label	nearest_other_ptm_resname	nearest_other_ptm_dist	n_other_ptm_within8	n_other_ptm_within12	other_ptm_neighbors	audit_mode
P08200	1AI2	A	113	SER_single	1	1	1.9	SER	184		1	3-416	3-416	SER	/mnt/c/Users/drpat/OneDrive - UGent/Desktop/PD/Phospho-fill/Validation-allPDB/pdb_cache/1ai2.cif	SER	SER	OG	CB	ok			-3.0180543836547415	ARG:119	ARG	NH1	5.691852252240949	0.0	1.0	THR:105	THR	OG1	4.3020078247394204	HOH:507	O	5.161928963581652	0.0	34.0	none_obvious			buried				0.0	0.0		unmodified
P08200	1AI3	A	113	SER_single	1	1	1.9	SER	185		1	3-416	3-416	SER	/mnt/c/Users/drpat/OneDrive - UGent/Desktop/PD/Phospho-fill/Validation-allPDB/pdb_cache/1ai3.cif	SER	SER	OG	CB	ok			-2.243282651536823	ARG:119	ARG	NH1	6.757805190030489	0.0	0.0	THR:105	THR	OG1	4.259509654042714	HOH:765	O	4.165203033713925	0.0	32.0	none_obvious			buried				0.0	0.0		unmodified
P20906	1BFD	A	26	SER_single	1	1	1.6	SER	366		1	2-524	2-524	SER	/mnt/c/Users/drpat/OneDrive - UGent/Desktop/PD/Phospho-fill/Validation-allPDB/pdb_cache/1bfd.cif	SER	SER	OG	CB	ok			-123.32214241635477	HIS:70	HIS	CE1	3.925563537280835	1.0	1.0	ASN:27	ASN	OD1	4.04559046184348	HOH:614	O	2.8448905708404046	2.0	21.0	water_mediated_like			exposed				0.0	0.0		unmodified
P08200	1BL5	A	113	SER_single	1	1	2.5	SER	186		1	3-416	3-416	SER	/mnt/c/Users/drpat/OneDrive - UGent/Desktop/PD/Phospho-fill/Validation-allPDB/pdb_cache/1bl5.cif	SER	SER	OG	CB	ok			-30.30085959945559	ARG:112	ARG	NH1	6.856128864473233	0.0	0.0	THR:105	THR	OG1	4.3056004998584685	HOH:479	O	3.72180554328775	1.0	30.0	none_obvious			buried				0.0	0.0		unmodified
O75531	1CI4	A	4	SER_mixed_with_THR	1	2	1.9	SER	63		2	1-89	1-89	SER	/mnt/c/Users/drpat/OneDrive - UGent/Desktop/PD/Phospho-fill/Validation-allPDB/pdb_cache/1ci4.cif	SER	SER	OG	CB	ok			-111.43794129216619	HIS:7	HIS	ND1	5.452522944736278	0.0	1.0	ASP:76	ASP	OD2	5.307106592755767	HOH:157	O	3.137739208926652	2.0	32.0	water_mediated_like			exposed				0.0	0.0		unmodified
P08200	1CW1	A	113	SER_single	1	1	2.1	SER	187		1	2-416	2-416	SER	/mnt/c/Users/drpat/OneDrive - UGent/Desktop/PD/Phospho-fill/Validation-allPDB/pdb_cache/1cw1.cif	SER	SER	OG	CB	ok			-21.271102661942507	ARG:119	ARG	NH2	5.842165943365156	0.0	1.0	THR:105	THR	OG1	4.534790226116319	HOH:596	O	4.708715946123218	0.0	34.0	none_obvious			buried				0.0	0.0		unmodified
P08200	1CW4	A	113	SER_single	1	1	2.1	SER	188		1	2-416	2-416	SER	/mnt/c/Users/drpat/OneDrive - UGent/Desktop/PD/Phospho-fill/Validation-allPDB/pdb_cache/1cw4.cif	SER	SER	OG	CB	ok			-12.311391585403388	ARG:119	ARG	NH2	5.840454987269123	0.0	1.0	ASN:115	ASN	ND2	4.332734548634895	HOH:580	O	4.4367697815394855	0.0	32.0	none_obvious			buried				0.0	0.0		unmodified
P08200	1GRP	A	113	SER_single	1	1	2.5	SER	189		1	3-416	3-416	SER	/mnt/c/Users/drpat/OneDrive - UGent/Desktop/PD/Phospho-fill/Validation-allPDB/pdb_cache/1grp.cif	SER	SER	OG	CB	ok			-2.4084775343991796	ARG:119	ARG	NH1	6.325323068120216	0.0	0.0	THR:105	THR	OG1	4.6642099115487134				0.0	31.0	none_obvious			buried				0.0	0.0		unmodified
O32723	1H4Y	A	57	SER_single	1	1	1.61	SER	24		1	2-116	2-116	SER	/mnt/c/Users/drpat/OneDrive - UGent/Desktop/PD/Phospho-fill/Validation-allPDB/pdb_cache/1h4y.cif	SER	SER	OG	CB	ok			-116.2235232627697					0.0	0.0	ASP:56	ASP	OD1	4.655437853537606	HOH:2048	O	3.2251770577111594	1.0	13.0	water_mediated_like			intermediate				0.0	0.0		unmodified
P08200	1IDC	A	113	SER_single	1	1	2.5	SER	190		1	3-416	3-416	SER	/mnt/c/Users/drpat/OneDrive - UGent/Desktop/PD/Phospho-fill/Validation-allPDB/pdb_cache/1idc.cif	SER	SER	OG	CB	ok			14.145090827341585	ARG:119	ARG	NH2	6.802352294997575	0.0	0.0	ASN:115	ASN	OD1	3.920385449906406				0.0	28.0	none_obvious			buried				0.0	0.0		unmodified
P08200	1IDD	A	113	SER_single	1	1	2.5	SER	191		1	3-416	3-416	SER	/mnt/c/Users/drpat/OneDrive - UGent/Desktop/PD/Phospho-fill/Validation-allPDB/pdb_cache/1idd.cif	SER	SER	OG	CB	ok			9.825100810683683	ARG:119	ARG	NH2	5.813305602323423	0.0	1.0	THR:105	THR	OG1	4.278397078912876				0.0	29.0	none_obvious			buried				0.0	0.0		unmodified
P08200	1IDE	A	113	SER_single	1	1	2.5	SER	192		1	3-416	3-416	SER	/mnt/c/Users/drpat/OneDrive - UGent/Desktop/PD/Phospho-fill/Validation-allPDB/pdb_cache/1ide.cif	SER	SER	OG	CB	ok			-16.097134614856316	ARG:119	ARG	NH1	6.5639937537221735	0.0	0.0	THR:105	THR	OG1	4.313376194762324				0.0	32.0	none_obvious			buried				0.0	0.0		unmodified
P08200	1IDF	A	113	SER_single	1	1	2.5	SER	193		1	3-416	3-416	SER	/mnt/c/Users/drpat/OneDrive - UGent/Desktop/PD/Phospho-fill/Validation-allPDB/pdb_cache/1idf.cif	SER	SER	OG	CB	ok			12.30656603876743	ARG:119	ARG	NH2	6.118119724472319	0.0	0.0	THR:105	THR	OG1	4.346579788537055				0.0	20.0	none_obvious			intermediate				0.0	0.0		unmodified
P08200	1ISO	A	113	SER_single	1	1	1.9	SER	194		1	3-416	3-416	SER	/mnt/c/Users/drpat/OneDrive - UGent/Desktop/PD/Phospho-fill/Validation-allPDB/pdb_cache/1iso.cif	SER	SER	OG	CB	ok			-6.280033111597485	ARG:119	ARG	NH1	5.698790691892216	0.0	1.0	THR:105	THR	OG1	4.262327760330822	HOH:558	O	2.7323326089871616	1.0	32.0	water_mediated_like			buried				0.0	0.0		unmodified
Q14653	1J2F	B	386	SER_only_multi_2	2	2	2.3	SER	871		2	189-233,237-422	189-233,237-422	SER,SER	/mnt/c/Users/drpat/OneDrive - UGent/Desktop/PD/Phospho-fill/Validation-allPDB/pdb_cache/1j2f.cif	SER	SER	OG	CB	ok			-114.86927053890189					0.0	0.0	SER:385	SER	OG	4.898901339309955	HOH:71	O	6.093724345381305	0.0	12.0	none_obvious			intermediate				0.0	0.0		unmodified
Q14653	1J2F	B	402	SER_only_multi_2	2	2	2.3	SER	871		2	189-233,237-422	189-233,237-422	SER,SER	/mnt/c/Users/drpat/OneDrive - UGent/Desktop/PD/Phospho-fill/Validation-allPDB/pdb_cache/1j2f.cif	SER	SER	OG	CB	ok			126.23063576106476					0.0	0.0	THR:390	THR	OG1	5.048956849148003	HOH:29	O	2.6633270727058287	1.0	20.0	water_mediated_like			intermediate				0.0	0.0		unmodified
P0A6F5	1KP8	A	43	SER_single	1	1	2.0	SER	209		1	2-526	2-526	SER	/mnt/c/Users/drpat/OneDrive - UGent/Desktop/PD/Phospho-fill/Validation-allPDB/pdb_cache/1kp8.cif	SER	SER	OG	CB	ok			-119.52242738058797	LYS:42	LYS	CE	7.74301550051625	0.0	0.0								0.0	15.0	none_obvious			intermediate				0.0	0.0		unmodified
P04150	1M2Z	A	617	SER_mixed_with_THR	1	2	2.5	SER	91		2	523-777	523-777	SER	/mnt/c/Users/drpat/OneDrive - UGent/Desktop/PD/Phospho-fill/Validation-allPDB/pdb_cache/1m2z.cif	SER	SER	OG	CB	ok			122.91327244351295	HIS:654	HIS	NE2	4.159654424190562	0.0	1.0	HIS:654	HIS	NE2	4.159654424190562	HOH:77	O	2.8637622228223396	1.0	16.0	water_mediated_like			intermediate				0.0	0.0		unmodified
O06976	1MO1	A	46	SER_single	1	1	1.8	SER	19		1	1-85	1-85	SER	/mnt/c/Users/drpat/OneDrive - UGent/Desktop/PD/Phospho-fill/Validation-allPDB/pdb_cache/1mo1.cif	SER	SER	OG	CB	ok			-11.682709165178116					0.0	0.0	ASN:43	ASN	ND2	5.160083046071944	HOH:603	O	2.8367369638149964	1.0	30.0	water_mediated_like			buried				0.0	0.0		unmodified
O06976	1MU4	A	46	SER_single	1	1	1.8	SER	20		1	1-85	1-85	SER	/mnt/c/Users/drpat/OneDrive - UGent/Desktop/PD/Phospho-fill/Validation-allPDB/pdb_cache/1mu4.cif	SER	SER	OG	CB	ok			-13.084474196134517					0.0	0.0	ASN:43	ASN	ND2	5.118760662621508	HOH:154	O	2.8513562147460636	1.0	28.0	water_mediated_like			buried				0.0	0.0		unmodified
Q15843	1NDD	A	65	SER_single	1	1	1.6	SER	877		1	1-74	1-74	SER	/mnt/c/Users/drpat/OneDrive - UGent/Desktop/PD/Phospho-fill/Validation-allPDB/pdb_cache/1ndd.cif	SER	SER	OG	CB	ok			105.64588662635299					0.0	0.0	TYR:45	TYR	OH	3.5798171267255827	HOH:1062	O	4.576736824109712	0.0	35.0	none_obvious			buried				0.0	0.0		unmodified
P04150	1NHZ	A	617	SER_single	1	1	2.3	SER	92		2	530-759,768-776	530-759,768-776	SER	/mnt/c/Users/drpat/OneDrive - UGent/Desktop/PD/Phospho-fill/Validation-allPDB/pdb_cache/1nhz.cif	SER	SER	OG	CB	ok			106.74943350702047	HIS:654	HIS	CE1	5.175126487799977	0.0	1.0	ASN:619	ASN	ND2	4.880747616600204	HOH:85	O	4.555503677327864	0.0	14.0	none_obvious			intermediate				0.0	0.0		unmodified
P08200	1P8F	A	113	SER_single	1	1	1.85	SER	195		1	1-416	1-416	SER	/mnt/c/Users/drpat/OneDrive - UGent/Desktop/PD/Phospho-fill/Validation-allPDB/pdb_cache/1p8f.cif	SER	SER	OG	CB	ok			-9.826390859819849	ARG:119	ARG	NH1	5.792416975425532	0.0	1.0	THR:105	THR	OG1	4.356867817780257	HOH:1037	O	5.093960607367157	0.0	33.0	none_obvious			buried				0.0	0.0		unmodified
P08200	1PB1	A	113	SER_single	1	1	1.7	SER	196		1	1-416	1-416	SER	/mnt/c/Users/drpat/OneDrive - UGent/Desktop/PD/Phospho-fill/Validation-allPDB/pdb_cache/1pb1.cif	SER	SER	OG	CB	ok			-5.134219334166015	ARG:119	ARG	NH1	5.81427504959926	0.0	1.0	ASN:115	ASN	OD1	4.1463501259089535	HOH:1014	O	4.042179528258624	0.0	34.0	none_obvious			buried				0.0	0.0		unmodified
P08200	1PB3	A	113	SER_single	1	1	1.7	SER	197		1	1-416	1-416	SER	/mnt/c/Users/drpat/OneDrive - UGent/Desktop/PD/Phospho-fill/Validation-allPDB/pdb_cache/1pb3.cif	SER	SER	OG	CB	ok			-8.963504522818893	ARG:119	ARG	NH1	5.807747608882612	0.0	1.0	ASN:115	ASN	OD1	4.393073225758484	HOH:989	O	4.758309396675009	0.0	27.0	none_obvious			buried				0.0	0.0		unmodified
P20906	1PI3	A	26	SER_single	1	1	1.2	SER	367		1	2-524	2-524	SER	/mnt/c/Users/drpat/OneDrive - UGent/Desktop/PD/Phospho-fill/Validation-allPDB/pdb_cache/1pi3.cif	SER	SER	OG	CB	ok			-123.20093317089038	HIS:70	HIS	CE1	5.110781018981358	0.0	1.0	ASN:27	ASN	OD1	4.244055357533882	HOH:614	O	2.6343656593445512	2.0	17.0	water_mediated_like			exposed				0.0	0.0		unmodified
Q13526	1PIN	A	72	SER_single	1	1	1.35	SER	696		1	6-39,45-163	6-39,45-163	SER	/mnt/c/Users/drpat/OneDrive - UGent/Desktop/PD/Phospho-fill/Validation-allPDB/pdb_cache/1pin.cif	SER	SER	OG	CB	ok			-106.60167932168032	LYS:63	LYS	CE	5.775824299270047	0.0	2.0	ASP:112	ASP	OD1	2.705716876973729	HOH:1008	O	4.326466002198959	0.0	49.0	hbond_like			buried				0.0	0.0		unmodified
P68400	1PJK	A	2	SER_single	1	1	2.5	SER	550		1	2-332	2-332	SER	/mnt/c/Users/drpat/OneDrive - UGent/Desktop/PD/Phospho-fill/Validation-allPDB/pdb_cache/1pjk.cif	SER	SER	OG	CB	ok			-8.589209787949049					0.0	0.0	GLU:264	GLU	OE1	5.877297285874465	HOH:371	O	5.781218141284509	0.0	18.0	none_obvious			intermediate				0.0	0.0		unmodified
P20906	1PO7	A	26	SER_single	1	1	1.2	SER	368		1	2-525	2-525	SER	/mnt/c/Users/drpat/OneDrive - UGent/Desktop/PD/Phospho-fill/Validation-allPDB/pdb_cache/1po7.cif	SER	SER	OG	CB	ok			-120.66827264212996	HIS:70	HIS	CE1	4.261331274633674	0.0	1.0	ASN:27	ASN	OD1	4.156541297343307	HOH:616	O	2.820746823479646	4.0	18.0	water_mediated_like			exposed				0.0	0.0		unmodified
P07515	1PTF	A	46	SER_single	1	1	1.6	SER	150		1	1-87	1-87	SER	/mnt/c/Users/drpat/OneDrive - UGent/Desktop/PD/Phospho-fill/Validation-allPDB/pdb_cache/1ptf.cif	SER	SER	OG	CB	ok			-11.969774875676093					0.0	0.0	ASN:43	ASN	OD1	5.8261510657894755	HOH:92	O	4.565218741060988	0.0	26.0	none_obvious			buried				0.0	0.0		unmodified
P26361	1Q3H	B	659	SER_only_multi_3	3	3	2.5	SER	413		4	389-412,428-670	389-412,428-670	SER,SER,SER	/mnt/c/Users/drpat/OneDrive - UGent/Desktop/PD/Phospho-fill/Validation-allPDB/pdb_cache/1q3h.cif	SER	SER	OG	CB	ok			107.78620668529398	LYS:464	LYS	NZ	6.023785116730023	0.0	0.0	GLU:655	GLU	OE2	2.652186228409307	HOH:59	O	7.174138226703591	0.0	29.0	hbond_like			buried				0.0	0.0		unmodified
P26361	1Q3H	B	660	SER_only_multi_3	3	3	2.5	SER	413		4	389-412,428-670	389-412,428-670	SER,SER,SER	/mnt/c/Users/drpat/OneDrive - UGent/Desktop/PD/Phospho-fill/Validation-allPDB/pdb_cache/1q3h.cif	SER	SER	OG	CB	ok			-30.440441232444716	ARG:657	ARG	NH2	3.998484339204821	1.0	1.0	GLU:664	GLU	OE1	3.2349885463797787				0.0	30.0	hbond_like			buried				0.0	0.0		unmodified
P26361	1Q3H	B	670	SER_only_multi_3	3	3	2.5	SER	413		4	389-412,428-670	389-412,428-670	SER,SER,SER	/mnt/c/Users/drpat/OneDrive - UGent/Desktop/PD/Phospho-fill/Validation-allPDB/pdb_cache/1q3h.cif	SER	SER	OG	CB	ok			-148.9620097683942					0.0	0.0	TYR:625	TYR	OH	6.96425898347062				0.0	9.0	none_obvious			intermediate				0.0	0.0		unmodified
P20906	1Q6Z	A	26	SER_single	1	1	1.0	SER	369		1	2-525	2-525	SER	/mnt/c/Users/drpat/OneDrive - UGent/Desktop/PD/Phospho-fill/Validation-allPDB/pdb_cache/1q6z.cif	SER	SER	OG	CB	ok			-122.04001261994526	HIS:70	HIS	CE1	4.294151964254212	0.0	1.0	ASN:27	ASN	OD1	4.13533034355102	HOH:628	O	2.7466110553691405	4.0	18.0	water_mediated_like			exposed				0.0	0.0		unmodified
Q14653	1QWT	A	386	SER_only_multi_2	2	2	2.1	SER	872		2	189-427	189-427	SER,SER	/mnt/c/Users/drpat/OneDrive - UGent/Desktop/PD/Phospho-fill/Validation-allPDB/pdb_cache/1qwt.cif	SER	SER	OG	CB	ok			116.13204553633007					0.0	0.0	SER:385	SER	OG	5.6959565832704895	HOH:692	O	4.588284632255085	0.0	6.0	none_obvious			intermediate				0.0	0.0		unmodified
Q14653	1QWT	A	402	SER_only_multi_2	2	2	2.1	SER	872		2	189-427	189-427	SER,SER	/mnt/c/Users/drpat/OneDrive - UGent/Desktop/PD/Phospho-fill/Validation-allPDB/pdb_cache/1qwt.cif	SER	SER	OG	CB	ok			126.70503651887185	HIS:399	HIS	CD2	7.693529536485137	0.0	0.0	THR:390	THR	OG1	3.145790458321515	HOH:849	O	3.3651979686031135	2.0	21.0	hbond_like			exposed				0.0	0.0		unmodified
P26361	1R0W	B	659	SER_only_multi_3	3	3	2.2	SER	414		4	389-413,429-670	389-413,429-670	SER,SER,SER	/mnt/c/Users/drpat/OneDrive - UGent/Desktop/PD/Phospho-fill/Validation-allPDB/pdb_cache/1r0w.cif	SER	SER	OG	CB	ok			102.10198279088988	LYS:464	LYS	CE	6.263964424717316	0.0	0.0	GLU:655	GLU	OE2	2.6543274252638134	HOH:48	O	5.136163440073746	0.0	29.0	hbond_like			buried				0.0	0.0		unmodified
P26361	1R0W	B	660	SER_only_multi_3	3	3	2.2	SER	414		4	389-413,429-670	389-413,429-670	SER,SER,SER	/mnt/c/Users/drpat/OneDrive - UGent/Desktop/PD/Phospho-fill/Validation-allPDB/pdb_cache/1r0w.cif	SER	SER	OG	CB	ok			-18.863595247252086	ARG:657	ARG	NH2	3.0748172929916193	1.0	1.0	ARG:657	ARG	NH2	3.0748172929916193	HOH:194	O	5.276490113826484	0.0	26.0	salt_bridge_like			buried				0.0	0.0		unmodified
P26361	1R0W	B	670	SER_only_multi_3	3	3	2.2	SER	414		4	389-413,429-670	389-413,429-670	SER,SER,SER	/mnt/c/Users/drpat/OneDrive - UGent/Desktop/PD/Phospho-fill/Validation-allPDB/pdb_cache/1r0w.cif	SER	SER	OG	CB	ok			144.5883360279722					0.0	0.0	TYR:625	TYR	OH	6.499628104019762	HOH:96	O	7.355195567607138	0.0	9.0	none_obvious			intermediate				0.0	0.0		unmodified
P26361	1R0X	B	659	SER_only_multi_3	3	3	2.2	SER	415		4	389-411,429-670	389-411,429-670	SER,SER,SER	/mnt/c/Users/drpat/OneDrive - UGent/Desktop/PD/Phospho-fill/Validation-allPDB/pdb_cache/1r0x.cif	SER	SER	OG	CB	ok			111.77148966257505	LYS:464	LYS	NZ	6.117291562630177	0.0	0.0	GLU:655	GLU	OE2	2.7092713245597855	HOH:60	O	5.35487292431716	0.0	30.0	hbond_like			buried				0.0	0.0		unmodified
P26361	1R0X	B	660	SER_only_multi_3	3	3	2.2	SER	415		4	389-411,429-670	389-411,429-670	SER,SER,SER	/mnt/c/Users/drpat/OneDrive - UGent/Desktop/PD/Phospho-fill/Validation-allPDB/pdb_cache/1r0x.cif	SER	SER	OG	CB	ok			-45.264241838599915	ARG:657	ARG	NH2	3.8856698502205527	1.0	1.0	ARG:657	ARG	NH2	3.8856698502205527	HOH:146	O	6.352282719658371	0.0	28.0	none_obvious			buried				0.0	0.0		unmodified
P26361	1R0X	B	670	SER_only_multi_3	3	3	2.2	SER	415		4	389-411,429-670	389-411,429-670	SER,SER,SER	/mnt/c/Users/drpat/OneDrive - UGent/Desktop/PD/Phospho-fill/Validation-allPDB/pdb_cache/1r0x.cif	SER	SER	OG	CB	ok			166.6127317949642					0.0	0.0	TYR:625	TYR	OH	6.623831802262768	HOH:165	O	7.384389369588685	0.0	7.0	none_obvious			intermediate				0.0	0.0		unmodified
Q02750	1S9J	A	218	SER_single	1	1	2.4	SER	671		2	62-220,224-275,306-382	62-220,224-275,306-382	SER	/mnt/c/Users/drpat/OneDrive - UGent/Desktop/PD/Phospho-fill/Validation-allPDB/pdb_cache/1s9j.cif	SER	SER	OG	CB	ok			121.45634440827007					0.0	0.0	GLN:214	GLN	OE1	3.882101077910788				0.0	35.0	none_obvious			buried				0.0	0.0		unmodified
P08200	1SJS	A	113	SER_single	1	1	2.42	SER	198		1	2-416	2-416	SER	/mnt/c/Users/drpat/OneDrive - UGent/Desktop/PD/Phospho-fill/Validation-allPDB/pdb_cache/1sjs.cif	SER	SER	OG	CB	ok			35.2452742218193	ARG:112	ARG	NE	7.654286301680501	0.0	0.0	ASN:115	ASN	ND2	5.109512909433132	HOH:557	O	3.7550323581575693	1.0	21.0	none_obvious			intermediate				0.0	0.0		unmodified
P0A6F5	1SX3	A	43	SER_single	1	1	2.0	SER	210		1	2-526	2-526	SER	/mnt/c/Users/drpat/OneDrive - UGent/Desktop/PD/Phospho-fill/Validation-allPDB/pdb_cache/1sx3.cif	SER	SER	OG	CB	ok			-98.03188149409465					0.0	0.0	ASP:41	ASP	OD1	7.971708666622677				0.0	15.0	none_obvious			intermediate				0.0	0.0		unmodified
P02699	1U19	A	334	SER_mixed_with_THR	3	7	2.2	SER	86		7	1-348	1-348	SER,SER,SER	/mnt/c/Users/drpat/OneDrive - UGent/Desktop/PD/Phospho-fill/Validation-allPDB/pdb_cache/1u19.cif	SER	SER	OG	CB	ok			116.72996546468126					0.0	0.0	GLU:332	GLU	OE1	3.9852133713793916	HOH:2070	O	4.932605658671481	0.0	22.0	none_obvious			intermediate				0.0	0.0		unmodified
P02699	1U19	A	338	SER_mixed_with_THR	3	7	2.2	SER	86		7	1-348	1-348	SER,SER,SER	/mnt/c/Users/drpat/OneDrive - UGent/Desktop/PD/Phospho-fill/Validation-allPDB/pdb_cache/1u19.cif	SER	SER	OG	CB	ok			140.73931143108427	HIS:65	HIS	ND1	3.047679336472219	1.0	1.0	GLU:341	GLU	OE2	2.3334804927489787	HOH:2061	O	3.055132659489354	1.0	44.0	salt_bridge_like			buried				0.0	0.0		unmodified
P02699	1U19	A	343	SER_mixed_with_THR	3	7	2.2	SER	86		7	1-348	1-348	SER,SER,SER	/mnt/c/Users/drpat/OneDrive - UGent/Desktop/PD/Phospho-fill/Validation-allPDB/pdb_cache/1u19.cif	SER	SER	OG	CB	ok			35.90055138059798	LYS:67	LYS	CE	5.169244126523815	0.0	2.0	SER:338	SER	OG	5.082040657079197	HOH:2061	O	7.243500590113978	0.0	49.0	none_obvious			buried				0.0	0.0		unmodified
Q9X1F5	1VC1	A	59	SER_single	1	1	2.0	SER	1024		1	1-110	1-110	SER	/mnt/c/Users/drpat/OneDrive - UGent/Desktop/PD/Phospho-fill/Validation-allPDB/pdb_cache/1vc1.cif	SER	SER	OG	CB	ok			-110.37264417975243					0.0	0.0	ASP:58	ASP	OD1	5.013519196801714	HOH:133	O	2.340431796607266	3.0	12.0	water_mediated_like			exposed				0.0	0.0		unmodified
P11309	1XQZ	A	261	SER_only_multi_2	2	2	2.1	SER	215		2	32-308	32-308	SER,SER	/mnt/c/Users/drpat/OneDrive - UGent/Desktop/PD/Phospho-fill/Validation-allPDB/pdb_cache/1xqz.cif	SER	SER	OG	CB	ok			115.11104622125687	ARG:258	ARG	NH2	5.971740773463756	0.0	1.0	GLN:264	GLN	NE2	5.62989542178257	HOH:316	O	2.987227440679734	1.0	11.0	water_mediated_like			intermediate				0.0	0.0		unmodified
P11309	1XQZ	A	276	SER_only_multi_2	2	2	2.1	SER	215		2	32-308	32-308	SER,SER	/mnt/c/Users/drpat/OneDrive - UGent/Desktop/PD/Phospho-fill/Validation-allPDB/pdb_cache/1xqz.cif	SER	SER	OG	CB	ok			150.33535573173452	ARG:274	ARG	NE	6.439792876186782	0.0	0.0	ASP:277	ASP	OD1	5.802353738857376	HOH:328	O	7.777967228258737	0.0	17.0	none_obvious			intermediate				0.0	0.0		unmodified
P11309	1XR1	A	261	SER_only_multi_2	2	2	2.1	SER	216		2	32-308	32-308	SER,SER	/mnt/c/Users/drpat/OneDrive - UGent/Desktop/PD/Phospho-fill/Validation-allPDB/pdb_cache/1xr1.cif	SER	SER	OG	CB	ok			123.39266335288342	ARG:258	ARG	NH2	5.668802181865801	0.0	1.0	GLU:262	GLU	OE2	5.336322859724977	HOH:518	O	2.68057698856487	1.0	10.0	water_mediated_like			intermediate				0.0	0.0		unmodified
P11309	1XR1	A	276	SER_only_multi_2	2	2	2.1	SER	216		2	32-308	32-308	SER,SER	/mnt/c/Users/drpat/OneDrive - UGent/Desktop/PD/Phospho-fill/Validation-allPDB/pdb_cache/1xr1.cif	SER	SER	OG	CB	ok			-90.88020786562092	ARG:274	ARG	NE	3.3402364450322883	1.0	1.0	ARG:274	ARG	NE	3.3402364450322883	HOH:507	O	6.503175987980883	0.0	22.0	salt_bridge_like			intermediate				0.0	0.0		unmodified
Q15843	1XT9	B	65	SER_single	1	1	2.2	SER	878		1	1-76	1-76	SER	/mnt/c/Users/drpat/OneDrive - UGent/Desktop/PD/Phospho-fill/Validation-allPDB/pdb_cache/1xt9.cif	SER	SER	OG	CB	ok			99.6247600083531					0.0	0.0	TYR:45	TYR	OH	2.8487673015959145	HOH:95	O	4.141566914923396	0.0	37.0	hbond_like			buried				0.0	0.0		unmodified
P11309	1XWS	A	261	SER_only_multi_2	2	2	1.8	SER	217		2	33-305	33-305	SER,SER	/mnt/c/Users/drpat/OneDrive - UGent/Desktop/PD/Phospho-fill/Validation-allPDB/pdb_cache/1xws.cif	SER	SER	OG	CB	ok			128.21187547009598	ARG:258	ARG	NH2	5.3393688480327794	0.0	1.0	GLU:262	GLU	OE2	5.04041222933871	HOH:2242	O	3.0319031072310634	2.0	20.0	water_mediated_like			exposed				0.0	0.0		unmodified
P11309	1XWS	A	276	SER_only_multi_2	2	2	1.8	SER	217		2	33-305	33-305	SER,SER	/mnt/c/Users/drpat/OneDrive - UGent/Desktop/PD/Phospho-fill/Validation-allPDB/pdb_cache/1xws.cif	SER	SER	OG	CB	ok			-112.95671290925823	ARG:274	ARG	NH1	3.8353183507513053	1.0	1.0	ARG:274	ARG	NH1	3.8353183507513053	HOH:2146	O	2.5004026881984154	2.0	23.0	water_mediated_like			exposed				0.0	0.0		unmodified
P11309	1YHS	A	276	SER_single	1	1	2.15	SER	218		2	33-79,84-305	33-79,84-305	SER	/mnt/c/Users/drpat/OneDrive - UGent/Desktop/PD/Phospho-fill/Validation-allPDB/pdb_cache/1yhs.cif	SER	SER	OG	CB	ok			-109.7922128396841	ARG:274	ARG	NE	4.166833516068456	0.0	1.0	ARG:274	ARG	NE	4.166833516068456	HOH:340	O	3.1732506443048725	1.0	23.0	water_mediated_like			intermediate	SEP:261	SEP	26.96083586771702	0.0	0.0		unmodified
P11309	1YI3	A	276	SER_single	1	1	2.5	SER	219		2	33-79,84-305	33-79,84-305	SER	/mnt/c/Users/drpat/OneDrive - UGent/Desktop/PD/Phospho-fill/Validation-allPDB/pdb_cache/1yi3.cif	SER	SER	OG	CB	ok			-111.31957112076019	ARG:274	ARG	NE	4.444730570718981	0.0	1.0	ASP:277	ASP	OD2	4.176872373247012	HOH:404	O	6.298508614035632	0.0	23.0	none_obvious			intermediate	SEP:261	SEP	26.68393644435285	0.0	0.0		unmodified
P11309	1YI4	A	276	SER_single	1	1	2.4	SER	220		2	33-79,84-305	33-79,84-305	SER	/mnt/c/Users/drpat/OneDrive - UGent/Desktop/PD/Phospho-fill/Validation-allPDB/pdb_cache/1yi4.cif	SER	SER	OG	CB	ok			-113.10551365332807	ARG:274	ARG	NE	3.359722868303932	1.0	1.0	ARG:274	ARG	NE	3.359722868303932	HOH:342	O	3.6553838844120996	1.0	24.0	salt_bridge_like			buried	SEP:261	SEP	26.546183118521686	0.0	0.0		unmodified
P20906	1YNO	A	26	SER_single	1	1	1.22	SER	370		1	2-525	2-525	SER	/mnt/c/Users/drpat/OneDrive - UGent/Desktop/PD/Phospho-fill/Validation-allPDB/pdb_cache/1yno.cif	SER	SER	OG	CB	ok			-122.17870253335084	HIS:70	HIS	CE1	4.245190880615713	0.0	1.0	ASN:27	ASN	OD1	4.140117477131984	HOH:975	O	2.6029802652074583	4.0	19.0	water_mediated_like			exposed				0.0	0.0		unmodified
P11309	1YWV	A	261	SER_only_multi_2	2	2	2.0	SER	221		2	33-306	33-306	SER,SER	/mnt/c/Users/drpat/OneDrive - UGent/Desktop/PD/Phospho-fill/Validation-allPDB/pdb_cache/1ywv.cif	SER	SER	OG	CB	ok			114.78796054911646	ARG:258	ARG	NH2	5.500744471735635	0.0	1.0	ARG:258	ARG	NH2	5.500744471735635	HOH:1029	O	3.462522213980211	1.0	11.0	water_mediated_like			intermediate				0.0	0.0		unmodified
P11309	1YWV	A	276	SER_only_multi_2	2	2	2.0	SER	221		2	33-306	33-306	SER,SER	/mnt/c/Users/drpat/OneDrive - UGent/Desktop/PD/Phospho-fill/Validation-allPDB/pdb_cache/1ywv.cif	SER	SER	OG	CB	ok			-106.80503975489448	ARG:274	ARG	NH2	4.133220180523446	0.0	1.0	ARG:274	ARG	NH2	4.133220180523446	HOH:1030	O	6.254923309947697	0.0	23.0	none_obvious			intermediate				0.0	0.0		unmodified
P11309	1YXS	A	261	SER_only_multi_2	2	2	2.2	SER	222		2	33-306	33-306	SER,SER	/mnt/c/Users/drpat/OneDrive - UGent/Desktop/PD/Phospho-fill/Validation-allPDB/pdb_cache/1yxs.cif	SER	SER	OG	CB	ok			114.40001193447269	ARG:258	ARG	NH2	5.6411117340277865	0.0	1.0	ARG:258	ARG	NH2	5.6411117340277865	HOH:1073	O	3.1622520559177327	1.0	11.0	water_mediated_like			intermediate				0.0	0.0		unmodified
P11309	1YXS	A	276	SER_only_multi_2	2	2	2.2	SER	222		2	33-306	33-306	SER,SER	/mnt/c/Users/drpat/OneDrive - UGent/Desktop/PD/Phospho-fill/Validation-allPDB/pdb_cache/1yxs.cif	SER	SER	OG	CB	ok			-107.7855639814818	ARG:274	ARG	NH2	3.8129888340667746	1.0	1.0	ARG:274	ARG	NH2	3.8129888340667746	HOH:1157	O	2.6791670719840326	2.0	24.0	water_mediated_like			exposed				0.0	0.0		unmodified
P11309	1YXT	A	261	SER_only_multi_2	2	2	2.0	SER	223		2	33-306	33-306	SER,SER	/mnt/c/Users/drpat/OneDrive - UGent/Desktop/PD/Phospho-fill/Validation-allPDB/pdb_cache/1yxt.cif	SER	SER	OG	CB	ok			115.19565481855302	ARG:258	ARG	NH2	5.945091035911024	0.0	1.0	GLN:264	GLN	NE2	5.703827580198831	HOH:337	O	3.349305858005556	1.0	12.0	water_mediated_like			intermediate				0.0	0.0		unmodified
P11309	1YXT	A	276	SER_only_multi_2	2	2	2.0	SER	223		2	33-306	33-306	SER,SER	/mnt/c/Users/drpat/OneDrive - UGent/Desktop/PD/Phospho-fill/Validation-allPDB/pdb_cache/1yxt.cif	SER	SER	OG	CB	ok			-100.48440885444053	ARG:274	ARG	NH2	4.42812829389863	0.0	1.0	ASP:277	ASP	OD1	4.085020567881767	HOH:389	O	3.8393374670435905	1.0	23.0	none_obvious			intermediate				0.0	0.0		unmodified
P11309	1YXU	A	261	SER_only_multi_2	2	2	2.24	SER	224		2	33-305	33-305	SER,SER	/mnt/c/Users/drpat/OneDrive - UGent/Desktop/PD/Phospho-fill/Validation-allPDB/pdb_cache/1yxu.cif	SER	SER	OG	CB	ok			116.72450627244845	ARG:258	ARG	NH2	5.811150099845728	0.0	1.0	ARG:258	ARG	NH2	5.811150099845728	HOH:558	O	2.9410148938193306	1.0	10.0	water_mediated_like			intermediate				0.0	0.0		unmodified
P11309	1YXU	A	276	SER_only_multi_2	2	2	2.24	SER	224		2	33-305	33-305	SER,SER	/mnt/c/Users/drpat/OneDrive - UGent/Desktop/PD/Phospho-fill/Validation-allPDB/pdb_cache/1yxu.cif	SER	SER	OG	CB	ok			-103.83544149779331	ARG:274	ARG	NH2	3.7312655960353673	1.0	1.0	ARG:274	ARG	NH2	3.7312655960353673	HOH:680	O	3.3412962701577507	1.0	24.0	water_mediated_like			buried				0.0	0.0		unmodified
P11309	1YXV	A	261	SER_only_multi_2	2	2	2.0	SER	225		2	33-306	33-306	SER,SER	/mnt/c/Users/drpat/OneDrive - UGent/Desktop/PD/Phospho-fill/Validation-allPDB/pdb_cache/1yxv.cif	SER	SER	OG	CB	ok			106.67487730756271	ARG:258	ARG	NH2	5.982635482525766	0.0	1.0	GLN:264	GLN	NE2	5.6637273417601675	HOH:343	O	3.439570221295268	1.0	13.0	water_mediated_like			intermediate				0.0	0.0		unmodified
P11309	1YXV	A	276	SER_only_multi_2	2	2	2.0	SER	225		2	33-306	33-306	SER,SER	/mnt/c/Users/drpat/OneDrive - UGent/Desktop/PD/Phospho-fill/Validation-allPDB/pdb_cache/1yxv.cif	SER	SER	OG	CB	ok			-120.96015222298352	ARG:274	ARG	NH2	4.278710724245249	0.0	1.0	ASP:277	ASP	OD1	4.239203338275525	HOH:370	O	2.8985454758852205	2.0	23.0	water_mediated_like			exposed				0.0	0.0		unmodified
P11309	1YXX	A	261	SER_only_multi_2	2	2	2.0	SER	226		2	33-306	33-306	SER,SER	/mnt/c/Users/drpat/OneDrive - UGent/Desktop/PD/Phospho-fill/Validation-allPDB/pdb_cache/1yxx.cif	SER	SER	OG	CB	ok			112.7490512917438	ARG:258	ARG	NH2	5.723038203587963	0.0	1.0	GLN:264	GLN	NE2	5.641738212334875	HOH:337	O	3.444157937636681	1.0	13.0	water_mediated_like			intermediate				0.0	0.0		unmodified
P11309	1YXX	A	276	SER_only_multi_2	2	2	2.0	SER	226		2	33-306	33-306	SER,SER	/mnt/c/Users/drpat/OneDrive - UGent/Desktop/PD/Phospho-fill/Validation-allPDB/pdb_cache/1yxx.cif	SER	SER	OG	CB	ok			-114.6829544886595	ARG:274	ARG	NH2	3.6098161786504375	1.0	1.0	ARG:274	ARG	NH2	3.6098161786504375	HOH:403	O	3.6624458614861064	1.0	23.0	none_obvious			intermediate				0.0	0.0		unmodified
P80386	1Z0M	A	108	SER_single	1	1	1.91	SER	641		1	77-163	77-163	SER	/mnt/c/Users/drpat/OneDrive - UGent/Desktop/PD/Phospho-fill/Validation-allPDB/pdb_cache/1z0m.cif	SER	SER	OG	CB	ok			-23.22443416822241					0.0	0.0	GLN:109	GLN	OE1	2.8922317290216046	HOH:265	O	6.434032660343926	0.0	23.0	hbond_like			intermediate				0.0	0.0		unmodified
P80386	1Z0N	A	108	SER_single	1	1	1.49	SER	642		1	77-163	77-163	SER	/mnt/c/Users/drpat/OneDrive - UGent/Desktop/PD/Phospho-fill/Validation-allPDB/pdb_cache/1z0n.cif	SER	SER	OG	CB	ok			1.638459878750967					0.0	0.0	GLN:109	GLN	OE1	3.7668512021199363	HOH:1303	O	2.9330687489423473	1.0	18.0	water_mediated_like			intermediate				0.0	0.0		unmodified
P49759	1Z57	A	341	SER_mixed_with_THR	1	2	1.7	SER	480		2	148-306,311-482	148-306,311-482	SER	/mnt/c/Users/drpat/OneDrive - UGent/Desktop/PD/Phospho-fill/Validation-allPDB/pdb_cache/1z57.cif	SER	SER	OG	CB	ok			130.46851405933793	ARG:346	ARG	NE	5.447495276777753	0.0	1.0	SER:364	SER	OG	4.279331931430205	HOH:497	O	2.890582449066631	1.0	44.0	water_mediated_like			buried				0.0	0.0		unmodified
Q13526	1ZCN	A	72	SER_single	1	1	1.9	SER	697		1	7-15,18-38,51-163	7-15,18-38,51-163	SER	/mnt/c/Users/drpat/OneDrive - UGent/Desktop/PD/Phospho-fill/Validation-allPDB/pdb_cache/1zcn.cif	SER	SER	OG	CB	ok			-103.79276266585889	ARG:74	ARG	NE	5.5894169355528955	0.0	1.0	ASP:112	ASP	OD1	2.646728453574398	HOH:412	O	4.171111305619327	0.0	46.0	hbond_like			buried				0.0	0.0		unmodified
Q14653	1ZOQ	A	386	SER_single	1	1	2.37	SER	873		2	196-386	196-386	SER	/mnt/c/Users/drpat/OneDrive - UGent/Desktop/PD/Phospho-fill/Validation-allPDB/pdb_cache/1zoq.cif	SER	SER	OG	CB	ok			116.82478118489202	ARG:380	ARG	NH1	4.663011820746192	0.0	1.0	ARG:380	ARG	NH1	4.663011820746192	HOH:403	O	2.502456398062023	2.0	23.0	water_mediated_like			exposed				0.0	0.0		unmodified
Q15843	2BKR	B	65	SER_single	1	1	1.9	SER	879		1	1-76	1-76	SER	/mnt/c/Users/drpat/OneDrive - UGent/Desktop/PD/Phospho-fill/Validation-allPDB/pdb_cache/2bkr.cif	SER	SER	OG	CB	ok			111.11824154380838					0.0	0.0	TYR:45	TYR	OH	2.7753203586454065	HOH:2055	O	4.514654924092264	0.0	37.0	hbond_like			buried				0.0	0.0		unmodified
P11309	2BZJ	A	261	SER_only_multi_2	2	2	2.05	SER	227		2	33-305	33-305	SER,SER	/mnt/c/Users/drpat/OneDrive - UGent/Desktop/PD/Phospho-fill/Validation-allPDB/pdb_cache/2bzj.cif	SER	SER	OG	CB	ok			123.26147436105315	ARG:258	ARG	NH2	5.845612867362774	0.0	1.0	GLU:262	GLU	OE1	5.183810113244121	HOH:2118	O	3.335227696665517	1.0	16.0	water_mediated_like			intermediate				0.0	0.0		unmodified
P11309	2BZJ	A	276	SER_only_multi_2	2	2	2.05	SER	227		2	33-305	33-305	SER,SER	/mnt/c/Users/drpat/OneDrive - UGent/Desktop/PD/Phospho-fill/Validation-allPDB/pdb_cache/2bzj.cif	SER	SER	OG	CB	ok			-101.35957031966444	ARG:274	ARG	NH1	3.4476660769163634	1.0	1.0	ARG:274	ARG	NH1	3.4476660769163634	HOH:2123	O	6.18328895603557	0.0	23.0	salt_bridge_like			intermediate				0.0	0.0		unmodified
P11309	2BZK	B	261	SER_only_multi_2	2	2	2.45	SER	228		2	33-45,51-305	33-45,51-305	SER,SER	/mnt/c/Users/drpat/OneDrive - UGent/Desktop/PD/Phospho-fill/Validation-allPDB/pdb_cache/2bzk.cif	SER	SER	OG	CB	ok			110.74058905400246	ARG:258	ARG	NH2	6.075257648606213	0.0	0.0	GLU:262	GLU	OE1	4.999899531528956				0.0	13.0	none_obvious			intermediate				0.0	0.0		unmodified
P11309	2BZK	B	276	SER_only_multi_2	2	2	2.45	SER	228		2	33-45,51-305	33-45,51-305	SER,SER	/mnt/c/Users/drpat/OneDrive - UGent/Desktop/PD/Phospho-fill/Validation-allPDB/pdb_cache/2bzk.cif	SER	SER	OG	CB	ok			-121.67182353632205	ARG:274	ARG	NE	3.993727206062105	1.0	1.0	ARG:274	ARG	NE	3.993727206062105	HOH:2017	O	2.9727834094288577	1.0	24.0	water_mediated_like			buried				0.0	0.0		unmodified
P11309	2C3I	B	261	SER_only_multi_2	2	2	1.9	SER	229		2	37-79,83-305	37-79,83-305	SER,SER	/mnt/c/Users/drpat/OneDrive - UGent/Desktop/PD/Phospho-fill/Validation-allPDB/pdb_cache/2c3i.cif	SER	SER	OG	CB	ok			111.8721244779857	ARG:258	ARG	NH2	5.711138258349128	0.0	1.0	GLU:262	GLU	OE1	4.962790890800523	HOH:2128	O	2.8589648299188797	2.0	12.0	water_mediated_like			exposed				0.0	0.0		unmodified
P11309	2C3I	B	276	SER_only_multi_2	2	2	1.9	SER	229		2	37-79,83-305	37-79,83-305	SER,SER	/mnt/c/Users/drpat/OneDrive - UGent/Desktop/PD/Phospho-fill/Validation-allPDB/pdb_cache/2c3i.cif	SER	SER	OG	CB	ok			-111.41420803434593	ARG:274	ARG	NE	4.081492685101976	0.0	1.0	ASP:277	ASP	OD1	3.7030198109899	HOH:2137	O	6.115728028525698	0.0	24.0	none_obvious			buried				0.0	0.0		unmodified
O43318	2EVA	A	192	SER_single	1	1	2.0	SER	30		2	31-178,191-305	31-178,191-305	SER	/mnt/c/Users/drpat/OneDrive - UGent/Desktop/PD/Phospho-fill/Validation-allPDB/pdb_cache/2eva.cif	SER	SER	OG	CB	ok			130.55314520760933	LYS:158	LYS	NZ	4.2033509713342685	0.0	1.0	LYS:158	LYS	NZ	4.2033509713342685	HOH:692	O	3.3008619894055484	4.0	15.0	water_mediated_like			exposed				0.0	0.0		unmodified
O43741	2F15	A	108	SER_single	1	1	2.0	SER	45		1	75-163	75-163	SER	/mnt/c/Users/drpat/OneDrive - UGent/Desktop/PD/Phospho-fill/Validation-allPDB/pdb_cache/2f15.cif	SER	SER	OG	CB	ok			115.77847183599845	HIS:109	HIS	CD2	5.540824357459724	0.0	1.0	HIS:109	HIS	NE2	6.140442501346572				0.0	16.0	none_obvious			intermediate				0.0	0.0		unmodified
Q13526	2F21	A	72	SER_single	1	1	1.5	SER	698		1	1-18,20-39,49-163	1-18,20-39,49-163	SER	/mnt/c/Users/drpat/OneDrive - UGent/Desktop/PD/Phospho-fill/Validation-allPDB/pdb_cache/2f21.cif	SER	SER	OG	CB	ok			-100.32429692085373	ARG:74	ARG	NE	5.844790962424651	0.0	1.0	ASP:112	ASP	OD1	2.7273265890210534	HOH:411	O	4.326625213924431	0.0	47.0	hbond_like			buried				0.0	0.0		unmodified
P08877	2HPR	A	46	SER_single	1	1	2.0	SER	208		1	2-88	2-88	SER	/mnt/c/Users/drpat/OneDrive - UGent/Desktop/PD/Phospho-fill/Validation-allPDB/pdb_cache/2hpr.cif	SER	SER	OG	CB	ok			-21.323576250504374					0.0	0.0	ASN:43	ASN	ND2	5.717831570967285	HOH:187	O	3.0827196830713803	1.0	25.0	water_mediated_like			buried				0.0	0.0		unmodified
Q13526	2ITK	A	72	SER_single	1	1	1.45	SER	699		1	7-38,51-163	7-38,51-163	SER	/mnt/c/Users/drpat/OneDrive - UGent/Desktop/PD/Phospho-fill/Validation-allPDB/pdb_cache/2itk.cif	SER	SER	OG	CB	ok			-103.59490250198266	ARG:74	ARG	NE	5.906507268160171	0.0	1.0	ASP:112	ASP	OD1	2.7033573518954377	HOH:319	O	4.2958135629547725	0.0	44.0	hbond_like			buried				0.0	0.0		unmodified
Q9KWY4	2IUC	B	84	SER_single	1	1	1.95	SER	935		1	30-315,320-375	30-315,320-375	SER	/mnt/c/Users/drpat/OneDrive - UGent/Desktop/PD/Phospho-fill/Validation-allPDB/pdb_cache/2iuc.cif	SER	SER	OG	CB	ok			125.53036525185769	HIS:302	HIS	NE2	3.535590051747132	1.0	4.0	ASP:301	ASP	OD2	3.2124506665912858	HOH:2060	O	3.15071019142393	1.0	43.0	hbond_like			buried				0.0	0.0		unmodified
P07949	2IVS	A	909	SER_mixed_with_TYR	1	5	2.0	SER	151		5	713-827,844-1012	713-827,844-1012	SER	/mnt/c/Users/drpat/OneDrive - UGent/Desktop/PD/Phospho-fill/Validation-allPDB/pdb_cache/2ivs.cif	SER	SER	OG	CB	ok			-126.87831636352199	HIS:926	HIS	ND1	6.3631141153183135	0.0	0.0	HIS:926	HIS	ND1	6.3631141153183135	HOH:2098	O	7.297702947330254	0.0	15.0	none_obvious			intermediate				0.0	0.0		unmodified
P07949	2IVU	A	909	SER_mixed_with_TYR	1	4	2.5	SER	152		5	703-712,714-820,844-1012	703-712,714-820,844-1012	SER	/mnt/c/Users/drpat/OneDrive - UGent/Desktop/PD/Phospho-fill/Validation-allPDB/pdb_cache/2ivu.cif	SER	SER	OG	CB	ok			-78.33557053963196	LYS:907	LYS	NZ	3.5977050381137863	1.0	1.0	LYS:907	LYS	NZ	3.5977050381137863	HOH:2050	O	6.216365283477703	0.0	16.0	none_obvious			intermediate	PTR:905	PTR	7.744244230704382	1.0	1.0	PTR:905@7.74	unmodified
P07949	2IVV	A	909	SER_mixed_with_TYR	1	4	2.25	SER	153		5	703-711,716-820,846-1011	703-711,716-820,846-1011	SER	/mnt/c/Users/drpat/OneDrive - UGent/Desktop/PD/Phospho-fill/Validation-allPDB/pdb_cache/2ivv.cif	SER	SER	OG	CB	ok			-102.02899325685549	LYS:907	LYS	NZ	3.4444942811976675	1.0	1.0	LYS:907	LYS	NZ	3.4444942811976675	HOH:2085	O	3.3506085224966626	1.0	17.0	salt_bridge_like			intermediate	PTR:905	PTR	7.347272143691361	1.0	1.0	PTR:905@7.35	unmodified
Q9H2G2	2J51	A	189	SER_mixed_with_THR	1	2	2.1	SER	920		2	21-308	21-308	SER	/mnt/c/Users/drpat/OneDrive - UGent/Desktop/PD/Phospho-fill/Validation-allPDB/pdb_cache/2j51.cif	SER	SER	OG	CB	ok			22.0572531087989					0.0	0.0	ASP:188	ASP	OD1	7.156911407256211				0.0	12.0	none_obvious			intermediate				0.0	0.0		unmodified
Q9NWZ3	2NRU	B	284	SER_mixed_with_THR	1	2	2.0	SER	937		4	163-458	163-458	SER	/mnt/c/Users/drpat/OneDrive - UGent/Desktop/PD/Phospho-fill/Validation-allPDB/pdb_cache/2nru.cif	SER	SER	OG	CB	ok			-110.45377041070797	HIS:286	HIS	ND1	4.96397034703853	0.0	1.0	ASP:420	ASP	OD2	3.786028874741379	HOH:616	O	2.6984563399825308	1.0	28.0	water_mediated_like			buried	TPO:345	TPO	40.40540985999648	0.0	0.0		unmodified
Q9NWZ3	2NRY	A	284	SER_mixed_with_THR	2	3	2.15	SER	938		4	164-217,221-336,342-458	164-217,221-336,342-458	SER,SER	/mnt/c/Users/drpat/OneDrive - UGent/Desktop/PD/Phospho-fill/Validation-allPDB/pdb_cache/2nry.cif	SER	SER	OG	CB	ok			-111.31512647362017	HIS:286	HIS	ND1	5.212497918914679	0.0	1.0	ASP:420	ASP	OD2	4.113546828922543	HOH:523	O	3.435293661247071	1.0	28.0	water_mediated_like			buried	TPO:345	TPO	39.645035795827496	0.0	0.0		unmodified
Q9NWZ3	2NRY	A	346	SER_mixed_with_THR	2	3	2.15	SER	938		4	164-217,221-336,342-458	164-217,221-336,342-458	SER,SER	/mnt/c/Users/drpat/OneDrive - UGent/Desktop/PD/Phospho-fill/Validation-allPDB/pdb_cache/2nry.cif	SER	SER	OG	CB	ok			143.60063544183757					0.0	0.0								0.0	8.0	none_obvious			intermediate	TPO:345	TPO	6.102805968619626	1.0	1.0	TPO:345@6.10	unmodified
P11309	2O3P	A	261	SER_only_multi_2	2	2	2.24	SER	230		2	33-306	33-306	SER,SER	/mnt/c/Users/drpat/OneDrive - UGent/Desktop/PD/Phospho-fill/Validation-allPDB/pdb_cache/2o3p.cif	SER	SER	OG	CB	ok			105.69930742837404	ARG:258	ARG	NH2	5.739535090746556	0.0	1.0	ARG:258	ARG	NH2	5.739535090746556	HOH:523	O	3.146119587143019	1.0	13.0	water_mediated_like			intermediate				0.0	0.0		unmodified
P11309	2O3P	A	276	SER_only_multi_2	2	2	2.24	SER	230		2	33-306	33-306	SER,SER	/mnt/c/Users/drpat/OneDrive - UGent/Desktop/PD/Phospho-fill/Validation-allPDB/pdb_cache/2o3p.cif	SER	SER	OG	CB	ok			-116.39542542014607	ARG:274	ARG	NH2	4.4103719658933915	0.0	1.0	ASP:277	ASP	OD1	4.226619447028608	HOH:565	O	3.874168815491306	1.0	24.0	none_obvious			buried				0.0	0.0		unmodified
P11309	2O63	A	261	SER_only_multi_2	2	2	2.0	SER	231		2	33-306	33-306	SER,SER	/mnt/c/Users/drpat/OneDrive - UGent/Desktop/PD/Phospho-fill/Validation-allPDB/pdb_cache/2o63.cif	SER	SER	OG	CB	ok			117.50123084654219	ARG:258	ARG	NH2	5.449058161458375	0.0	1.0	ARG:258	ARG	NH2	5.449058161458375	HOH:530	O	2.870953870859264	1.0	10.0	water_mediated_like			intermediate				0.0	0.0		unmodified
P11309	2O63	A	276	SER_only_multi_2	2	2	2.0	SER	231		2	33-306	33-306	SER,SER	/mnt/c/Users/drpat/OneDrive - UGent/Desktop/PD/Phospho-fill/Validation-allPDB/pdb_cache/2o63.cif	SER	SER	OG	CB	ok			-113.07068167775505	ARG:274	ARG	NH2	4.399694602759353	0.0	1.0	ASP:277	ASP	OD1	4.21444139883739	HOH:651	O	2.5605114867711505	1.0	24.0	water_mediated_like			buried				0.0	0.0		unmodified
P11309	2O64	A	261	SER_only_multi_2	2	2	2.44	SER	232		2	33-306	33-306	SER,SER	/mnt/c/Users/drpat/OneDrive - UGent/Desktop/PD/Phospho-fill/Validation-allPDB/pdb_cache/2o64.cif	SER	SER	OG	CB	ok			106.31565902028147	ARG:258	ARG	NH1	6.142086252415178	0.0	0.0	GLN:264	GLN	NE2	5.682789358098696	HOH:513	O	2.9135414001973077	1.0	12.0	water_mediated_like			intermediate				0.0	0.0		unmodified
P11309	2O64	A	276	SER_only_multi_2	2	2	2.44	SER	232		2	33-306	33-306	SER,SER	/mnt/c/Users/drpat/OneDrive - UGent/Desktop/PD/Phospho-fill/Validation-allPDB/pdb_cache/2o64.cif	SER	SER	OG	CB	ok			-125.30086897533312	ARG:274	ARG	NH2	4.332535675187606	0.0	1.0	ARG:274	ARG	NH2	4.332535675187606	HOH:525	O	6.895786128839035	0.0	23.0	none_obvious			intermediate				0.0	0.0		unmodified
Q9NWZ3	2O8Y	A	284	SER_only_multi_2	2	2	2.4	SER	940		4	165-215,226-336,342-459	165-215,226-336,342-459	SER,SER	/mnt/c/Users/drpat/OneDrive - UGent/Desktop/PD/Phospho-fill/Validation-allPDB/pdb_cache/2o8y.cif	SER	SER	OG	CB	ok			-109.0609040156211	HIS:286	HIS	CD2	4.909685388957362	0.0	1.0	ASP:420	ASP	OD2	3.9468695019024236	HOH:466	O	6.030407895126235	0.0	28.0	none_obvious			buried	TPO:342	TPO	36.788221027450454	0.0	0.0		unmodified
Q9NWZ3	2O8Y	A	346	SER_only_multi_2	2	2	2.4	SER	940		4	165-215,226-336,342-459	165-215,226-336,342-459	SER,SER	/mnt/c/Users/drpat/OneDrive - UGent/Desktop/PD/Phospho-fill/Validation-allPDB/pdb_cache/2o8y.cif	SER	SER	OG	CB	ok			-123.88598278994495	ARG:347	ARG	NH2	5.845450860833574	0.0	1.0	ARG:347	ARG	NH2	5.845450860833574				0.0	16.0	none_obvious			intermediate	TPO:345	TPO	4.565718383652869	1.0	1.0	TPO:345@4.57	unmodified
P11309	2OBJ	A	276	SER_single	1	1	2.5	SER	233		2	33-305	33-305	SER	/mnt/c/Users/drpat/OneDrive - UGent/Desktop/PD/Phospho-fill/Validation-allPDB/pdb_cache/2obj.cif	SER	SER	OG	CB	ok			-116.170807810955	ARG:274	ARG	NE	4.0196420473234795	0.0	1.0	ARG:274	ARG	NE	4.0196420473234795	HOH:409	O	6.984256041401967	0.0	23.0	none_obvious			intermediate	SEP:261	SEP	26.777957198174256	0.0	0.0		unmodified
Q9NWZ3	2OIB	D	284	SER_single	1	1	2.0	SER	941		4	162-187,189-215,222-459	162-187,189-215,222-459	SER	/mnt/c/Users/drpat/OneDrive - UGent/Desktop/PD/Phospho-fill/Validation-allPDB/pdb_cache/2oib.cif	SER	SER	OG	CB	ok			-107.58540613579895	HIS:286	HIS	CD2	5.006362836499755	0.0	1.0	ASP:420	ASP	OD2	3.8072878428923156	HOH:1099	O	2.8111411673086506	1.0	28.0	water_mediated_like			buried	TPO:342	TPO	37.8816889675701	0.0	0.0		unmodified
Q9NWZ3	2OIC	D	284	SER_single	1	1	2.4	SER	942		4	161-215,226-337,340-459	161-215,226-337,340-459	SER	/mnt/c/Users/drpat/OneDrive - UGent/Desktop/PD/Phospho-fill/Validation-allPDB/pdb_cache/2oic.cif	SER	SER	OG	CB	ok			-119.91074481736476	HIS:286	HIS	CD2	5.332139312100006	0.0	1.0	ASP:420	ASP	OD2	3.9032563121963513	HOH:2026	O	3.3944450418900836	1.0	28.0	water_mediated_like			buried	TPO:342	TPO	37.340541352559136	0.0	0.0		unmodified
Q9NWZ3	2OID	D	284	SER_single	1	1	2.3	SER	943		4	164-195,197-215,231-337,341-459	164-195,197-215,231-337,341-459	SER	/mnt/c/Users/drpat/OneDrive - UGent/Desktop/PD/Phospho-fill/Validation-allPDB/pdb_cache/2oid.cif	SER	SER	OG	CB	ok			-117.32641787607461	HIS:286	HIS	CD2	4.940331174325764	0.0	1.0	ASP:420	ASP	OD2	3.881638755314297	HOH:1128	O	2.832940442573938	1.0	29.0	water_mediated_like			buried	TPO:342	TPO	37.9878624276569	0.0	0.0		unmodified
O31465	2OSU	A	74	SER_single	1	1	2.29	SER	22		1	1-8,12-101,118-283,287-327	1-8,12-101,118-283,287-327	SER	/mnt/c/Users/drpat/OneDrive - UGent/Desktop/PD/Phospho-fill/Validation-allPDB/pdb_cache/2osu.cif	SER	SER	OG	CB	ok			111.33281922492917	LYS:77	LYS	NZ	3.041202870721922	1.0	2.0	TYR:253	TYR	OH	2.613384258580741	HOH:456	O	3.8149781546553396	1.0	35.0	salt_bridge_like			buried				0.0	0.0		unmodified
P68400	2PVR	A	2	SER_single	1	1	1.605	SER	551		1	2-329	2-329	SER	/mnt/c/Users/drpat/OneDrive - UGent/Desktop/PD/Phospho-fill/Validation-allPDB/pdb_cache/2pvr.cif	SER	SER	OG	CB	ok			108.64443179026811					0.0	0.0	ASN:262	ASN	ND2	6.206977821166896	HOH:6158	O	7.748608789317035	0.0	3.0	none_obvious			intermediate				0.0	0.0		unmodified
Q13526	2Q5A	A	72	SER_single	1	1	1.5	SER	700		1	7-38,51-163	7-38,51-163	SER	/mnt/c/Users/drpat/OneDrive - UGent/Desktop/PD/Phospho-fill/Validation-allPDB/pdb_cache/2q5a.cif	SER	SER	OG	CB	ok			-103.06133614548962	ARG:74	ARG	NE	5.8657583776450695	0.0	1.0	ASP:112	ASP	OD1	2.713837670348323	HOH:312	O	4.404412807880429	0.0	42.0	hbond_like			buried				0.0	0.0		unmodified
Q9H2G2	2UV2	A	189	SER_single	1	1	2.3	SER	921		2	21-42,45-308	21-42,45-308	SER	/mnt/c/Users/drpat/OneDrive - UGent/Desktop/PD/Phospho-fill/Validation-allPDB/pdb_cache/2uv2.cif	SER	SER	OG	CB	ok			40.29395759418608					0.0	0.0								0.0	13.0	none_obvious			intermediate	TPO:183	TPO	11.520159326027377	0.0	1.0	TPO:183@11.52	unmodified
P20906	2V3W	A	26	SER_single	1	1	2.2	SER	371		1	2-527	2-527	SER	/mnt/c/Users/drpat/OneDrive - UGent/Desktop/PD/Phospho-fill/Validation-allPDB/pdb_cache/2v3w.cif	SER	SER	OG	CB	ok			-113.50830163890951	HIS:70	HIS	CE1	3.6815295074337886	1.0	1.0	ASN:27	ASN	OD1	3.654002697974109	HOH:2010	O	2.6772417481820914	1.0	27.0	water_mediated_like			buried				0.0	0.0		unmodified
Q13627	2VX3	A	301	SER_single	1	1	2.4	SER	814		2	135-481	135-481	SER	/mnt/c/Users/drpat/OneDrive - UGent/Desktop/PD/Phospho-fill/Validation-allPDB/pdb_cache/2vx3.cif	SER	SER	OG	CB	ok			-119.06423869343332	LYS:264	LYS	CE	4.740548260065617	0.0	1.0	GLN:268	GLN	NE2	4.887437206314147	HOH:2036	O	6.139935433939	0.0	17.0	none_obvious			intermediate	PTR:321	PTR	32.809300179694375	0.0	0.0		unmodified
Q2RIF5	2VY9	A	58	SER_single	1	1	2.3	SER	882		1	6-120	6-120	SER	/mnt/c/Users/drpat/OneDrive - UGent/Desktop/PD/Phospho-fill/Validation-allPDB/pdb_cache/2vy9.cif	SER	SER	OG	CB	ok			5.671535593424745	ARG:62	ARG	NH1	2.2126221369426675	1.0	1.0	ARG:62	ARG	NH1	2.2126221369426675				0.0	16.0	salt_bridge_like			intermediate				0.0	0.0		unmodified
P23874	2WIU	A	150	SER_single	1	1	2.35	SER	399		1	2-108,112-132,135-437	2-108,112-132,135-437	SER	/mnt/c/Users/drpat/OneDrive - UGent/Desktop/PD/Phospho-fill/Validation-allPDB/pdb_cache/2wiu.cif	SER	SER	OG	CB	ok			13.574841952174712	ARG:72	ARG	NH2	7.597462776714077	0.0	0.0	SER:97	SER	OG	4.229319370957325	HOH:2024	O	4.277348060329233	0.0	38.0	none_obvious			buried				0.0	0.0		unmodified
Q13627	2WO6	A	301	SER_single	1	1	2.5	SER	815		2	133-408,413-481	133-408,413-481	SER	/mnt/c/Users/drpat/OneDrive - UGent/Desktop/PD/Phospho-fill/Validation-allPDB/pdb_cache/2wo6.cif	SER	SER	OG	CB	ok			-109.00060298435837	LYS:264	LYS	NZ	4.313971667865878	0.0	1.0	LYS:264	LYS	NZ	4.313971667865878	HOH:2086	O	3.4910256011077103	1.0	20.0	water_mediated_like			intermediate	PTR:321	PTR	32.73659236123249	0.0	0.0		unmodified
P07949	2X2L	A	909	SER_mixed_with_TYR	1	4	2.0	SER	154		5	703-712,715-822,844-1010	703-712,715-822,844-1010	SER	/mnt/c/Users/drpat/OneDrive - UGent/Desktop/PD/Phospho-fill/Validation-allPDB/pdb_cache/2x2l.cif	SER	SER	OG	CB	ok			-120.53885745938437	LYS:907	LYS	NZ	3.219405033577292	1.0	1.0	LYS:907	LYS	NZ	3.219405033577292	HOH:3051	O	4.061888865928349	0.0	21.0	salt_bridge_like			intermediate	PTR:905	PTR	6.810536719332117	1.0	1.0	PTR:905@6.81	unmodified
P07949	2X2M	A	909	SER_mixed_with_TYR	1	4	2.5	SER	155		5	703-712,714-732,735-820,845-1013	703-712,714-732,735-820,845-1013	SER	/mnt/c/Users/drpat/OneDrive - UGent/Desktop/PD/Phospho-fill/Validation-allPDB/pdb_cache/2x2m.cif	SER	SER	OG	CB	ok			-98.00747839701918	LYS:907	LYS	NZ	3.5777432904106887	1.0	1.0	LYS:907	LYS	NZ	3.5777432904106887				0.0	18.0	none_obvious			intermediate	PTR:905	PTR	7.4388265188495595	1.0	1.0	PTR:905@7.44	unmodified
P11309	2XIY	A	276	SER_single	1	1	2.2	SER	234		2	33-306	33-306	SER	/mnt/c/Users/drpat/OneDrive - UGent/Desktop/PD/Phospho-fill/Validation-allPDB/pdb_cache/2xiy.cif	SER	SER	OG	CB	ok			-106.61864859485787	ARG:274	ARG	NE	3.1630712112870722	1.0	1.0	ARG:274	ARG	NE	3.1630712112870722	HOH:2113	O	6.17780315193314	0.0	24.0	salt_bridge_like			buried	SEP:261	SEP	26.853987832324346	0.0	0.0		unmodified
P11309	2XIZ	A	276	SER_single	1	1	2.21	SER	235		2	33-306	33-306	SER	/mnt/c/Users/drpat/OneDrive - UGent/Desktop/PD/Phospho-fill/Validation-allPDB/pdb_cache/2xiz.cif	SER	SER	OG	CB	ok			-111.5762502569441	ARG:274	ARG	NE	2.960806717939545	1.0	1.0	ARG:274	ARG	NE	2.960806717939545	HOH:2049	O	6.357677854310133	0.0	24.0	salt_bridge_like			buried	SEP:261	SEP	26.933715514645574	0.0	0.0		unmodified
P11309	2XJ1	A	276	SER_single	1	1	2.13	SER	236		2	33-306	33-306	SER	/mnt/c/Users/drpat/OneDrive - UGent/Desktop/PD/Phospho-fill/Validation-allPDB/pdb_cache/2xj1.cif	SER	SER	OG	CB	ok			-101.04525285688075	ARG:274	ARG	NH1	3.6775787900812174	1.0	1.0	ARG:274	ARG	NH1	3.6775787900812174	HOH:2092	O	3.7153986496237157	1.0	24.0	none_obvious			buried	SEP:261	SEP	26.595182301218784	0.0	0.0		unmodified
P11309	2XJ2	A	276	SER_single	1	1	2.2	SER	237		2	33-306	33-306	SER	/mnt/c/Users/drpat/OneDrive - UGent/Desktop/PD/Phospho-fill/Validation-allPDB/pdb_cache/2xj2.cif	SER	SER	OG	CB	ok			-99.369043939286	ARG:274	ARG	NE	2.742680550898283	1.0	1.0	ARG:274	ARG	NE	2.742680550898283	HOH:2126	O	4.239987538973972	0.0	24.0	salt_bridge_like			buried	SEP:261	SEP	26.674154339858397	0.0	0.0		unmodified
Q13526	2XP3	A	72	SER_single	1	1	2.0	SER	701		1	7-38,51-163	7-38,51-163	SER	/mnt/c/Users/drpat/OneDrive - UGent/Desktop/PD/Phospho-fill/Validation-allPDB/pdb_cache/2xp3.cif	SER	SER	OG	CB	ok			-104.04565060223054	LYS:63	LYS	CE	5.9696217044917566	0.0	1.0	ASP:112	ASP	OD1	2.6588718246779766	HOH:2066	O	4.139570143594611	0.0	43.0	hbond_like			buried				0.0	0.0		unmodified
Q13526	2XP4	A	72	SER_single	1	1	1.8	SER	702		1	7-37,51-163	7-37,51-163	SER	/mnt/c/Users/drpat/OneDrive - UGent/Desktop/PD/Phospho-fill/Validation-allPDB/pdb_cache/2xp4.cif	SER	SER	OG	CB	ok			-110.12318130612096	LYS:63	LYS	CE	5.8234718894591335	0.0	2.0	ASP:112	ASP	OD1	2.79347112692958	HOH:2089	O	4.320429766142284	0.0	45.0	hbond_like			buried				0.0	0.0		unmodified
Q13526	2XP5	A	72	SER_single	1	1	1.9	SER	703		1	7-38,51-163	7-38,51-163	SER	/mnt/c/Users/drpat/OneDrive - UGent/Desktop/PD/Phospho-fill/Validation-allPDB/pdb_cache/2xp5.cif	SER	SER	OG	CB	ok			-108.02184418667844	LYS:63	LYS	CE	5.865368081595994	0.0	2.0	ASP:112	ASP	OD1	2.7723841222095995	HOH:2090	O	4.216558945284589	0.0	47.0	hbond_like			buried				0.0	0.0		unmodified
Q13526	2XP6	A	72	SER_single	1	1	1.9	SER	704		1	7-38,51-163	7-38,51-163	SER	/mnt/c/Users/drpat/OneDrive - UGent/Desktop/PD/Phospho-fill/Validation-allPDB/pdb_cache/2xp6.cif	SER	SER	OG	CB	ok			-100.9842628567132	LYS:63	LYS	CE	5.87903392804676	0.0	2.0	ASP:112	ASP	OD1	2.8006588585431995	HOH:2068	O	4.340147905226461	0.0	45.0	hbond_like			buried				0.0	0.0		unmodified
Q13526	2XP7	A	72	SER_single	1	1	2.0	SER	705		1	7-38,51-163	7-38,51-163	SER	/mnt/c/Users/drpat/OneDrive - UGent/Desktop/PD/Phospho-fill/Validation-allPDB/pdb_cache/2xp7.cif	SER	SER	OG	CB	ok			-110.64498161167076	LYS:63	LYS	CE	5.572211910701172	0.0	2.0	ASP:112	ASP	OD1	2.5232457426993333	HOH:2102	O	3.827385865143619	1.0	46.0	hbond_like			buried				0.0	0.0		unmodified
Q13526	2XP8	A	72	SER_single	1	1	2.1	SER	706		1	7-38,51-163	7-38,51-163	SER	/mnt/c/Users/drpat/OneDrive - UGent/Desktop/PD/Phospho-fill/Validation-allPDB/pdb_cache/2xp8.cif	SER	SER	OG	CB	ok			-106.97810811946529	LYS:63	LYS	NZ	6.039340540136658	0.0	0.0	ASP:112	ASP	OD1	2.656339625884095	HOH:2012	O	4.309053510183653	0.0	41.0	hbond_like			buried				0.0	0.0		unmodified
Q13526	2XP9	A	72	SER_single	1	1	1.9	SER	707		1	7-37,51-163	7-37,51-163	SER	/mnt/c/Users/drpat/OneDrive - UGent/Desktop/PD/Phospho-fill/Validation-allPDB/pdb_cache/2xp9.cif	SER	SER	OG	CB	ok			-106.14783520876296	LYS:63	LYS	CE	5.7839098673543266	0.0	2.0	ASP:112	ASP	OD1	2.722874006008091	HOH:2112	O	4.271937701014205	0.0	44.0	hbond_like			buried				0.0	0.0		unmodified
Q13526	2XPA	A	72	SER_single	1	1	1.9	SER	708		1	7-39,51-163	7-39,51-163	SER	/mnt/c/Users/drpat/OneDrive - UGent/Desktop/PD/Phospho-fill/Validation-allPDB/pdb_cache/2xpa.cif	SER	SER	OG	CB	ok			-113.23427264432307	LYS:63	LYS	CE	5.737726972541135	0.0	2.0	ASP:112	ASP	OD2	2.6954176056517194	HOH:2082	O	4.221728083079442	0.0	46.0	hbond_like			buried				0.0	0.0		unmodified
Q13526	2XPB	A	72	SER_single	1	1	2.0	SER	709		1	7-39,51-163	7-39,51-163	SER	/mnt/c/Users/drpat/OneDrive - UGent/Desktop/PD/Phospho-fill/Validation-allPDB/pdb_cache/2xpb.cif	SER	SER	OG	CB	ok			-108.91938470231722	ARG:74	ARG	NE	5.733280237215228	0.0	2.0	ASP:112	ASP	OD2	2.5951409472694316	HOH:2071	O	4.115840848414948	0.0	45.0	hbond_like			buried				0.0	0.0		unmodified
O43318	2YIY	A	192	SER_single	1	1	2.49	SER	31		2	31-177,191-303	31-177,191-303	SER	/mnt/c/Users/drpat/OneDrive - UGent/Desktop/PD/Phospho-fill/Validation-allPDB/pdb_cache/2yiy.cif	SER	SER	OG	CB	ok			118.45312755327943	LYS:158	LYS	NZ	2.785825600764587	1.0	1.0	ASP:156	ASP	OD1	2.6802098722879273	HOH:2111	O	4.292647549194314	0.0	21.0	salt_bridge_like			intermediate				0.0	0.0		unmodified
P68400	2ZJW	A	2	SER_single	1	1	2.4	SER	552		1	1-332	1-332	SER	/mnt/c/Users/drpat/OneDrive - UGent/Desktop/PD/Phospho-fill/Validation-allPDB/pdb_cache/2zjw.cif	SER	SER	OG	CB	ok			119.39493454391808					0.0	0.0	ASN:262	ASN	ND2	3.8946421672554004	HOH:427	O	3.180703521823118	1.0	15.0	water_mediated_like			intermediate				0.0	0.0		unmodified
P27361	2ZOQ	A	286	SER_mixed_with_THR	1	2	2.39	SER	417		3	24-375	24-375	SER	/mnt/c/Users/drpat/OneDrive - UGent/Desktop/PD/Phospho-fill/Validation-allPDB/pdb_cache/2zoq.cif	SER	SER	OG	CB	ok			134.3144951872798					0.0	0.0	SER:263	SER	OG	4.903666946551218	HOH:435	O	3.29266001762769	1.0	11.0	water_mediated_like			intermediate	PTR:204	PTR	34.087854121214164	0.0	0.0		unmodified
Q13526	2ZQS	A	72	SER_single	1	1	1.902	SER	710		1	6-39,45-163	6-39,45-163	SER	/mnt/c/Users/drpat/OneDrive - UGent/Desktop/PD/Phospho-fill/Validation-allPDB/pdb_cache/2zqs.cif	SER	SER	OG	CB	ok			-103.32223809742133	LYS:63	LYS	NZ	5.499704186954584	0.0	2.0	ASP:112	ASP	OD1	2.621983747430903	HOH:411	O	4.335961835699928	0.0	48.0	hbond_like			buried				0.0	0.0		unmodified
Q13526	2ZQT	A	72	SER_single	1	1	1.462	SER	711		1	6-39,45-163	6-39,45-163	SER	/mnt/c/Users/drpat/OneDrive - UGent/Desktop/PD/Phospho-fill/Validation-allPDB/pdb_cache/2zqt.cif	SER	SER	OG	CB	ok			-101.75919378048704	ARG:74	ARG	NE	5.867726690590016	0.0	2.0	ASP:112	ASP	OD1	2.7571413706502823	HOH:313	O	4.300249082005812	0.0	47.0	hbond_like			buried				0.0	0.0		unmodified
Q13526	2ZQU	A	72	SER_single	1	1	2.5	SER	712		1	6-39,45-163	6-39,45-163	SER	/mnt/c/Users/drpat/OneDrive - UGent/Desktop/PD/Phospho-fill/Validation-allPDB/pdb_cache/2zqu.cif	SER	SER	OG	CB	ok			-102.12251708758056	ARG:74	ARG	NE	5.841865485416541	0.0	2.0	ASP:112	ASP	OD1	2.649275699682027	HOH:504	O	4.5090653106080225	0.0	46.0	hbond_like			buried				0.0	0.0		unmodified
Q13526	2ZQV	A	72	SER_single	1	1	2.498	SER	713		1	6-39,45-163	6-39,45-163	SER	/mnt/c/Users/drpat/OneDrive - UGent/Desktop/PD/Phospho-fill/Validation-allPDB/pdb_cache/2zqv.cif	SER	SER	OG	CB	ok			-97.91507621812084	LYS:63	LYS	CE	5.305443136239471	0.0	2.0	ASP:112	ASP	OD1	2.6793655994975767	HOH:188	O	4.162767580267777	0.0	46.0	hbond_like			buried				0.0	0.0		unmodified
Q13526	2ZR4	A	72	SER_single	1	1	2.0	SER	714		1	6-39,45-163	6-39,45-163	SER	/mnt/c/Users/drpat/OneDrive - UGent/Desktop/PD/Phospho-fill/Validation-allPDB/pdb_cache/2zr4.cif	SER	SER	OG	CB	ok			-108.17184036492613	ARG:74	ARG	NH1	5.741959774334754	0.0	1.0	ASP:112	ASP	OD1	2.7312666115737225	HOH:1008	O	4.389639538332702	0.0	48.0	hbond_like			buried				0.0	0.0		unmodified
P11309	3A99	A	261	SER_only_multi_2	2	2	1.6	SER	238		2	33-305	33-305	SER,SER	/mnt/c/Users/drpat/OneDrive - UGent/Desktop/PD/Phospho-fill/Validation-allPDB/pdb_cache/3a99.cif	SER	SER	OG	CB	ok			114.85395493307372	ARG:258	ARG	NH2	5.876665104301361	0.0	1.0	GLN:264	GLN	OE1	5.858968045965784	HOH:355	O	3.1204992254540453	1.0	12.0	water_mediated_like			intermediate				0.0	0.0		unmodified
P11309	3A99	A	276	SER_only_multi_2	2	2	1.6	SER	238		2	33-305	33-305	SER,SER	/mnt/c/Users/drpat/OneDrive - UGent/Desktop/PD/Phospho-fill/Validation-allPDB/pdb_cache/3a99.cif	SER	SER	OG	CB	ok			-120.8570095717036	ARG:274	ARG	NE	2.8684563274128934	1.0	1.0	ARG:274	ARG	NE	2.8684563274128934	HOH:449	O	2.6799468047308275	2.0	23.0	salt_bridge_like			exposed				0.0	0.0		unmodified
P68400	3AMY	A	2	SER_single	1	1	2.3	SER	553		1	2-45,51-103,108-328	2-45,51-103,108-328	SER	/mnt/c/Users/drpat/OneDrive - UGent/Desktop/PD/Phospho-fill/Validation-allPDB/pdb_cache/3amy.cif	SER	SER	OG	CB	ok			25.7514544459154					0.0	0.0	ASN:262	ASN	ND2	4.280939099806241				0.0	9.0	none_obvious			intermediate				0.0	0.0		unmodified
P68400	3AT2	A	2	SER_single	1	1	1.6	SER	554		1	2-335	2-335	SER	/mnt/c/Users/drpat/OneDrive - UGent/Desktop/PD/Phospho-fill/Validation-allPDB/pdb_cache/3at2.cif	SER	SER	OG	CB	ok			31.301152430896874					0.0	0.0	ASN:262	ASN	ND2	2.913369741923416	HOH:671	O	2.7100791165588713	3.0	11.0	hbond_like			exposed				0.0	0.0		unmodified
P68400	3AT4	A	2	SER_single	1	1	2.2	SER	555		1	2-332	2-332	SER	/mnt/c/Users/drpat/OneDrive - UGent/Desktop/PD/Phospho-fill/Validation-allPDB/pdb_cache/3at4.cif	SER	SER	OG	CB	ok			10.56749594763376					0.0	0.0	ASN:262	ASN	ND2	2.9544312387965372	HOH:413	O	2.8495734842207088	1.0	11.0	hbond_like			intermediate				0.0	0.0		unmodified
P68400	3AXW	A	2	SER_single	1	1	2.5	SER	556		1	2-330	2-330	SER	/mnt/c/Users/drpat/OneDrive - UGent/Desktop/PD/Phospho-fill/Validation-allPDB/pdb_cache/3axw.cif	SER	SER	OG	CB	ok			6.89449684739502					0.0	0.0	ASN:262	ASN	ND2	3.2099191671728957	HOH:379	O	5.33101892182666	0.0	10.0	hbond_like			intermediate				0.0	0.0		unmodified
P11309	3BGQ	A	276	SER_single	1	1	2.0	SER	239		2	33-305	33-305	SER	/mnt/c/Users/drpat/OneDrive - UGent/Desktop/PD/Phospho-fill/Validation-allPDB/pdb_cache/3bgq.cif	SER	SER	OG	CB	ok			-118.68411619660013	ARG:274	ARG	NE	4.334168445452069	0.0	1.0	ASP:277	ASP	OD2	4.291058662392864	HOH:424	O	3.252433207484912	1.0	22.0	water_mediated_like			intermediate	SEP:261	SEP	27.19537263459405	0.0	0.0		unmodified
P11309	3BGZ	A	276	SER_single	1	1	2.4	SER	240		2	33-79,85-305	33-79,85-305	SER	/mnt/c/Users/drpat/OneDrive - UGent/Desktop/PD/Phospho-fill/Validation-allPDB/pdb_cache/3bgz.cif	SER	SER	OG	CB	ok			-119.82395988020585	ARG:274	ARG	NH2	3.7441163823869976	1.0	1.0	ARG:274	ARG	NH2	3.7441163823869976	HOH:372	O	2.856831039485193	1.0	23.0	water_mediated_like			intermediate	SEP:261	SEP	27.013367347018686	0.0	0.0		unmodified
O43293	3BHY	A	50	SER_mixed_with_THR	1	2	1.24	SER	25		2	9-169,178-283	9-169,178-283	SER	/mnt/c/Users/drpat/OneDrive - UGent/Desktop/PD/Phospho-fill/Validation-allPDB/pdb_cache/3bhy.cif	SER	SER	OG	CB	ok			-129.86897341003612	ARG:47	ARG	NH1	7.381245980726987	0.0	0.0	SER:51	SER	OG	4.013136622443388	HOH:719	O	2.520902249255317	1.0	10.0	water_mediated_like			intermediate				0.0	0.0		unmodified
P50750	3BLH	A	306	SER_single	1	1	2.48	SER	508		2	8-50,55-87,98-176,182-259,267-325	8-50,55-87,98-176,182-259,267-325	SER	/mnt/c/Users/drpat/OneDrive - UGent/Desktop/PD/Phospho-fill/Validation-allPDB/pdb_cache/3blh.cif	SER	SER	OG	CB	ok			-129.42740734596583	HIS:141	HIS	ND1	4.469253239930789	0.0	1.0	HIS:141	HIS	ND1	4.469253239930789	HOH:345	O	2.872660857783515	2.0	38.0	water_mediated_like			exposed	TPO:186	TPO	21.73130206986386	0.0	0.0		unmodified
P04150	3BQD	A	617	SER_single	1	1	2.5	SER	93		2	525-777	525-777	SER	/mnt/c/Users/drpat/OneDrive - UGent/Desktop/PD/Phospho-fill/Validation-allPDB/pdb_cache/3bqd.cif	SER	SER	OG	CB	ok			118.11564785794936					0.0	0.0	SER:616	SER	OG	4.805663132170923	HOH:50	O	7.573529339591249	0.0	6.0	none_obvious			intermediate				0.0	0.0		unmodified
O43293	3BQR	A	50	SER_mixed_with_THR	1	2	1.75	SER	26		2	9-172,176-284	9-172,176-284	SER	/mnt/c/Users/drpat/OneDrive - UGent/Desktop/PD/Phospho-fill/Validation-allPDB/pdb_cache/3bqr.cif	SER	SER	OG	CB	ok			-8.694025726306876	ARG:47	ARG	NH2	6.874020359710933	0.0	0.0	SER:51	SER	OG	5.695979730469571	HOH:536	O	3.937209661758883	1.0	7.0	none_obvious			intermediate				0.0	0.0		unmodified
O31465	3BRM	B	74	SER_single	1	1	2.29	SER	23		1	13-101,120-281,287-327	13-101,120-281,287-327	SER	/mnt/c/Users/drpat/OneDrive - UGent/Desktop/PD/Phospho-fill/Validation-allPDB/pdb_cache/3brm.cif	SER	SER	OG	CB	ok			114.41412112027741	LYS:77	LYS	NZ	3.2484694238832046	1.0	2.0	TYR:253	TYR	OH	3.00208093844102	HOH:514	O	6.280555851329563	0.0	40.0	salt_bridge_like			buried				0.0	0.0		unmodified
P11309	3BWF	A	261	SER_only_multi_2	2	2	2.35	SER	241		2	33-305	33-305	SER,SER	/mnt/c/Users/drpat/OneDrive - UGent/Desktop/PD/Phospho-fill/Validation-allPDB/pdb_cache/3bwf.cif	SER	SER	OG	CB	ok			115.13882450080769	ARG:258	ARG	NH2	5.728699450487356	0.0	1.0	GLU:262	GLU	OE1	4.984602369547981	HOH:364	O	3.5843897442798838	1.0	12.0	none_obvious			intermediate				0.0	0.0		unmodified
P11309	3BWF	A	276	SER_only_multi_2	2	2	2.35	SER	241		2	33-305	33-305	SER,SER	/mnt/c/Users/drpat/OneDrive - UGent/Desktop/PD/Phospho-fill/Validation-allPDB/pdb_cache/3bwf.cif	SER	SER	OG	CB	ok			-113.8647752470818	ARG:274	ARG	NH2	3.4956120143685894	1.0	1.0	ARG:274	ARG	NH2	3.4956120143685894	HOH:348	O	4.374769501963464	0.0	24.0	salt_bridge_like			buried				0.0	0.0		unmodified
P11309	3C4E	A	261	SER_only_multi_2	2	2	1.98	SER	242		2	33-305	33-305	SER,SER	/mnt/c/Users/drpat/OneDrive - UGent/Desktop/PD/Phospho-fill/Validation-allPDB/pdb_cache/3c4e.cif	SER	SER	OG	CB	ok			118.37096805132474	ARG:258	ARG	NH2	5.7688304268835715	0.0	1.0	ARG:258	ARG	NH2	5.7688304268835715	HOH:312	O	3.064475742870856	2.0	10.0	water_mediated_like			exposed				0.0	0.0		unmodified
P11309	3C4E	A	276	SER_only_multi_2	2	2	1.98	SER	242		2	33-305	33-305	SER,SER	/mnt/c/Users/drpat/OneDrive - UGent/Desktop/PD/Phospho-fill/Validation-allPDB/pdb_cache/3c4e.cif	SER	SER	OG	CB	ok			-119.40894939923146	ARG:274	ARG	NH2	3.8270081608121926	1.0	1.0	ARG:274	ARG	NH2	3.8270081608121926	HOH:402	O	2.685877468243291	3.0	23.0	water_mediated_like			exposed				0.0	0.0		unmodified
P9WKD3	3CG5	A	84	SER_single	1	1	1.7	SER	651		1	43-307	43-307	SER	/mnt/c/Users/drpat/OneDrive - UGent/Desktop/PD/Phospho-fill/Validation-allPDB/pdb_cache/3cg5.cif	SER	SER	OG	CB	ok			90.79299954946646	LYS:87	LYS	NZ	2.8671720179462477	1.0	2.0	SER:142	SER	OG	2.69162551419984	HOH:441	O	3.079555815055803	1.0	44.0	salt_bridge_like			buried				0.0	0.0		unmodified
P31749	3CQU	A	477	SER_mixed_with_ASP	1	2	2.2	SER	421		3	144-446,463-478	144-446,463-478	SER	/mnt/c/Users/drpat/OneDrive - UGent/Desktop/PD/Phospho-fill/Validation-allPDB/pdb_cache/3cqu.cif	SER	SER	OG	CB	ok			74.73468223374101					0.0	0.0	TYR:474	TYR	OH	7.930426729915191	HOH:1138	O	2.7947924058588853	1.0	8.0	water_mediated_like			intermediate	TPO:308	TPO	32.52576026272679	0.0	0.0		unmodified
P31749	3CQW	A	477	SER_mixed_with_ASP	1	2	2.0	SER	422		3	144-447,464-478	144-447,464-478	SER	/mnt/c/Users/drpat/OneDrive - UGent/Desktop/PD/Phospho-fill/Validation-allPDB/pdb_cache/3cqw.cif	SER	SER	OG	CB	ok			-134.38824749405117	ARG:206	ARG	NH1	7.182655569403222	0.0	0.0	SER:478	SER	OG	4.934649288593722	HOH:1022	O	6.148984761236896	0.0	12.0	none_obvious			intermediate	TPO:308	TPO	31.62502872109659	0.0	0.0		unmodified
P11309	3CXW	A	261	SER_only_multi_2	2	2	2.1	SER	243		2	33-81,84-306	33-81,84-306	SER,SER	/mnt/c/Users/drpat/OneDrive - UGent/Desktop/PD/Phospho-fill/Validation-allPDB/pdb_cache/3cxw.cif	SER	SER	OG	CB	ok			101.52483267103301	ARG:258	ARG	NH1	6.190973008388167	0.0	0.0	GLN:264	GLN	OE1	5.288164547690262	HOH:671	O	3.699912169986626	1.0	12.0	none_obvious			intermediate				0.0	0.0		unmodified
P11309	3CXW	A	276	SER_only_multi_2	2	2	2.1	SER	243		2	33-81,84-306	33-81,84-306	SER,SER	/mnt/c/Users/drpat/OneDrive - UGent/Desktop/PD/Phospho-fill/Validation-allPDB/pdb_cache/3cxw.cif	SER	SER	OG	CB	ok			-118.44165888116636					0.0	0.0	ASP:277	ASP	OD1	4.434951084147078	HOH:645	O	2.6925733146822055	3.0	17.0	water_mediated_like			exposed				0.0	0.0		unmodified
P11309	3CY2	A	261	SER_only_multi_2	2	2	2.01	SER	244		2	33-81,84-305	33-81,84-305	SER,SER	/mnt/c/Users/drpat/OneDrive - UGent/Desktop/PD/Phospho-fill/Validation-allPDB/pdb_cache/3cy2.cif	SER	SER	OG	CB	ok			114.39304016456809	ARG:258	ARG	NH1	5.877681889016274	0.0	1.0	GLN:264	GLN	NE2	5.877508928846341	HOH:677	O	2.846397981025484	2.0	13.0	water_mediated_like			exposed				0.0	0.0		unmodified
P11309	3CY2	A	276	SER_only_multi_2	2	2	2.01	SER	244		2	33-81,84-305	33-81,84-305	SER,SER	/mnt/c/Users/drpat/OneDrive - UGent/Desktop/PD/Phospho-fill/Validation-allPDB/pdb_cache/3cy2.cif	SER	SER	OG	CB	ok			-111.00312122548442	ARG:274	ARG	NH1	3.8246055343856895	1.0	1.0	ARG:274	ARG	NH1	3.8246055343856895	HOH:788	O	2.8906095643062804	2.0	24.0	water_mediated_like			exposed				0.0	0.0		unmodified
P11309	3CY3	A	276	SER_single	1	1	2.15	SER	245		2	33-81,84-305	33-81,84-305	SER	/mnt/c/Users/drpat/OneDrive - UGent/Desktop/PD/Phospho-fill/Validation-allPDB/pdb_cache/3cy3.cif	SER	SER	OG	CB	ok			-112.35426939741582	ARG:274	ARG	NE	4.342797372479535	0.0	1.0	ASP:277	ASP	OD1	4.305578558703056	HOH:562	O	3.4778935523056522	1.0	20.0	water_mediated_like			intermediate	SEP:261	SEP	26.284256147372197	0.0	0.0		unmodified
P23874	3DNT	B	150	SER_single	1	1	1.66	SER	400		1	3-183,198-435	3-183,198-435	SER	/mnt/c/Users/drpat/OneDrive - UGent/Desktop/PD/Phospho-fill/Validation-allPDB/pdb_cache/3dnt.cif	SER	SER	OG	CB	ok			4.084345241668297	ARG:72	ARG	NH2	7.794089165739429	0.0	0.0	SER:97	SER	OG	4.789793552009879	HOH:876	O	4.637669291832493	0.0	42.0	none_obvious			buried				0.0	0.0		unmodified
P23874	3DNU	A	150	SER_single	1	1	1.54	SER	401		1	2-109,114-134,146-184,196-437	2-109,114-134,146-184,196-437	SER	/mnt/c/Users/drpat/OneDrive - UGent/Desktop/PD/Phospho-fill/Validation-allPDB/pdb_cache/3dnu.cif	SER	SER	OG	CB	ok			2.942840526905504					0.0	0.0	SER:97	SER	OG	5.126969753073112	HOH:1167	O	3.359594484052322	1.0	37.0	water_mediated_like			buried				0.0	0.0		unmodified
Q02750	3DV3	A	218	SER_single	1	1	2.3	SER	672		2	62-221,225-275,307-382	62-221,225-275,307-382	SER	/mnt/c/Users/drpat/OneDrive - UGent/Desktop/PD/Phospho-fill/Validation-allPDB/pdb_cache/3dv3.cif	SER	SER	OG	CB	ok			115.1259710934943					0.0	0.0	GLN:214	GLN	NE2	2.9899440870922707	HOH:9041	O	6.840008553557255	0.0	33.0	hbond_like			buried				0.0	0.0		unmodified
P9WKD3	3DWZ	A	84	SER_single	1	1	1.8	SER	652		1	43-307	43-307	SER	/mnt/c/Users/drpat/OneDrive - UGent/Desktop/PD/Phospho-fill/Validation-allPDB/pdb_cache/3dwz.cif	SER	SER	OG	CB	ok			101.77952522172559	LYS:87	LYS	NZ	3.105010191296555	1.0	2.0	SER:142	SER	OG	3.0296602651951625	HOH:572	O	2.731932193707854	1.0	45.0	salt_bridge_like			buried				0.0	0.0		unmodified
Q02750	3E8N	A	218	SER_only_multi_2	2	2	2.5	SER	673		2	62-222,224-275,306-382	62-222,224-275,306-382	SER,SER	/mnt/c/Users/drpat/OneDrive - UGent/Desktop/PD/Phospho-fill/Validation-allPDB/pdb_cache/3e8n.cif	SER	SER	OG	CB	ok			119.19875876930291					0.0	0.0	GLN:214	GLN	OE1	3.5979943427515155				0.0	32.0	none_obvious			buried				0.0	0.0		unmodified
Q02750	3E8N	A	222	SER_only_multi_2	2	2	2.5	SER	673		2	62-222,224-275,306-382	62-222,224-275,306-382	SER,SER	/mnt/c/Users/drpat/OneDrive - UGent/Desktop/PD/Phospho-fill/Validation-allPDB/pdb_cache/3e8n.cif	SER	SER	OG	CB	ok			4.655651357146402					0.0	0.0	ASN:78	ASN	ND2	5.763577928904197				0.0	14.0	none_obvious			intermediate				0.0	0.0		unmodified
Q02750	3EQC	A	218	SER_single	1	1	1.8	SER	674		2	39-220,224-277,307-382	39-220,224-277,307-382	SER	/mnt/c/Users/drpat/OneDrive - UGent/Desktop/PD/Phospho-fill/Validation-allPDB/pdb_cache/3eqc.cif	SER	SER	OG	CB	ok			137.9771558018825					0.0	0.0	GLN:214	GLN	OE1	2.399608117379144				0.0	32.0	hbond_like			buried				0.0	0.0		unmodified
Q02750	3EQD	A	218	SER_only_multi_2	2	2	2.1	SER	675		2	39-277,307-382	39-277,307-382	SER,SER	/mnt/c/Users/drpat/OneDrive - UGent/Desktop/PD/Phospho-fill/Validation-allPDB/pdb_cache/3eqd.cif	SER	SER	OG	CB	ok			123.72528266796638					0.0	0.0	GLN:214	GLN	OE1	3.201842614195891				0.0	33.0	hbond_like			buried				0.0	0.0		unmodified
Q02750	3EQD	A	222	SER_only_multi_2	2	2	2.1	SER	675		2	39-277,307-382	39-277,307-382	SER,SER	/mnt/c/Users/drpat/OneDrive - UGent/Desktop/PD/Phospho-fill/Validation-allPDB/pdb_cache/3eqd.cif	SER	SER	OG	CB	ok			-17.71067552063864					0.0	0.0	ASN:78	ASN	ND2	6.974018266651803				0.0	11.0	none_obvious			intermediate				0.0	0.0		unmodified
Q02750	3EQG	A	218	SER_only_multi_2	2	2	2.5	SER	676		2	39-277,307-381	39-277,307-381	SER,SER	/mnt/c/Users/drpat/OneDrive - UGent/Desktop/PD/Phospho-fill/Validation-allPDB/pdb_cache/3eqg.cif	SER	SER	OG	CB	ok			112.13237611302402					0.0	0.0	GLN:214	GLN	NE2	2.790739452850317				0.0	33.0	hbond_like			buried				0.0	0.0		unmodified
Q02750	3EQG	A	222	SER_only_multi_2	2	2	2.5	SER	676		2	39-277,307-381	39-277,307-381	SER,SER	/mnt/c/Users/drpat/OneDrive - UGent/Desktop/PD/Phospho-fill/Validation-allPDB/pdb_cache/3eqg.cif	SER	SER	OG	CB	ok			102.39751077103294					0.0	0.0	ASN:221	ASN	ND2	5.385205165463461				0.0	7.0	none_obvious			intermediate				0.0	0.0		unmodified
Q02750	3EQH	A	218	SER_only_multi_2	2	2	2.0	SER	677		2	39-277,307-381	39-277,307-381	SER,SER	/mnt/c/Users/drpat/OneDrive - UGent/Desktop/PD/Phospho-fill/Validation-allPDB/pdb_cache/3eqh.cif	SER	SER	OG	CB	ok			59.15572124719561					0.0	0.0	GLN:214	GLN	OE1	3.61301870393305				0.0	28.0	none_obvious			buried				0.0	0.0		unmodified
Q02750	3EQH	A	222	SER_only_multi_2	2	2	2.0	SER	677		2	39-277,307-381	39-277,307-381	SER,SER	/mnt/c/Users/drpat/OneDrive - UGent/Desktop/PD/Phospho-fill/Validation-allPDB/pdb_cache/3eqh.cif	SER	SER	OG	CB	ok			121.68220744318496					0.0	0.0	ASN:221	ASN	ND2	6.063722486575108				0.0	14.0	none_obvious			intermediate				0.0	0.0		unmodified
Q02750	3EQI	A	218	SER_only_multi_2	2	2	1.9	SER	678		2	39-277,307-382	39-277,307-382	SER,SER	/mnt/c/Users/drpat/OneDrive - UGent/Desktop/PD/Phospho-fill/Validation-allPDB/pdb_cache/3eqi.cif	SER	SER	OG	CB	ok			130.62399368119978					0.0	0.0	GLN:214	GLN	OE1	2.9581684667318693				0.0	35.0	hbond_like			buried				0.0	0.0		unmodified
Q02750	3EQI	A	222	SER_only_multi_2	2	2	1.9	SER	678		2	39-277,307-382	39-277,307-382	SER,SER	/mnt/c/Users/drpat/OneDrive - UGent/Desktop/PD/Phospho-fill/Validation-allPDB/pdb_cache/3eqi.cif	SER	SER	OG	CB	ok			-94.48436297747442	HIS:100	HIS	CD2	7.422227055517426	0.0	0.0	ASN:78	ASN	ND2	6.413035487995635				0.0	17.0	none_obvious			intermediate				0.0	0.0		unmodified
P11309	3F2A	A	276	SER_single	1	1	1.9	SER	246		2	32-308	32-308	SER	/mnt/c/Users/drpat/OneDrive - UGent/Desktop/PD/Phospho-fill/Validation-allPDB/pdb_cache/3f2a.cif	SER	SER	OG	CB	ok			-113.67058889870403	ARG:274	ARG	NE	3.867693801501688	1.0	1.0	ARG:274	ARG	NE	3.867693801501688	HOH:418	O	3.207937048789741	1.0	24.0	water_mediated_like			buried	SEP:261	SEP	26.486719852455774	0.0	0.0		unmodified
P35557	3F9M	A	411	SER_single	1	1	1.5	SER	437		1	12-93,98-458	12-93,98-397,399-458	SER	/mnt/c/Users/drpat/OneDrive - UGent/Desktop/PD/Phospho-fill/Validation-allPDB/pdb_cache/3f9m.cif	SER	SER	OG	CB	ok			-122.39557949984007					0.0	0.0	THR:228	THR	OG1	5.589242704103261	HOH:660	O	2.6610137260493065	5.0	23.0	water_mediated_like			exposed				0.0	0.0		unmodified
P35557	3FGU	A	411	SER_single	1	1	2.15	SER	438		1	12-66,69-93,97-140,143-458	12-66,69-93,97-140,143-458	SER	/mnt/c/Users/drpat/OneDrive - UGent/Desktop/PD/Phospho-fill/Validation-allPDB/pdb_cache/3fgu.cif	SER	SER	OG	CB	ok			-116.04283261275513					0.0	0.0	THR:228	THR	OG1	5.914725723094425	HOH:645	O	5.148255567622074	0.0	47.0	none_obvious			buried				0.0	0.0		unmodified
P68400	3FWQ	A	2	SER_single	1	1	2.3	SER	557		1	2-335	2-335	SER	/mnt/c/Users/drpat/OneDrive - UGent/Desktop/PD/Phospho-fill/Validation-allPDB/pdb_cache/3fwq.cif	SER	SER	OG	CB	ok			-124.11024643030564					0.0	0.0	GLU:264	GLU	OE2	4.571905620055856				0.0	6.0	none_obvious			intermediate				0.0	0.0		unmodified
P20906	3FZN	A	26	SER_single	1	1	1.62	SER	372		1	2-524	2-524	SER	/mnt/c/Users/drpat/OneDrive - UGent/Desktop/PD/Phospho-fill/Validation-allPDB/pdb_cache/3fzn.cif	SER	SER	OG	CB	ok			-118.27678294129895	HIS:70	HIS	CE1	4.009392587634445	0.0	1.0	ASN:27	ASN	OD1	3.90723861526013	HOH:1275	O	2.75978047717044	1.0	20.0	water_mediated_like			intermediate				0.0	0.0		unmodified
P52956	3GBS	A	126	SER_single	1	1	1.75	SER	510		1	26-212	26-212	SER	/mnt/c/Users/drpat/OneDrive - UGent/Desktop/PD/Phospho-fill/Validation-allPDB/pdb_cache/3gbs.cif	SER	SER	OG	CB	ok			32.64419472977059	HIS:194	HIS	NE2	2.6394964578374274	1.0	1.0	HIS:194	HIS	NE2	2.6394964578374274	HOH:247	O	4.615711327050003	0.0	34.0	salt_bridge_like			buried				0.0	0.0		unmodified
P68400	3H30	A	2	SER_single	1	1	1.56	SER	558		1	2-334	2-334	SER	/mnt/c/Users/drpat/OneDrive - UGent/Desktop/PD/Phospho-fill/Validation-allPDB/pdb_cache/3h30.cif	SER	SER	OG	CB	ok			31.269008028729814					0.0	0.0	ASN:262	ASN	ND2	4.81450017395574	HOH:365	O	3.898191585516388	1.0	7.0	none_obvious			intermediate				0.0	0.0		unmodified
Q13526	3I6C	A	72	SER_single	1	1	1.3	SER	715		1	51-163	51-163	SER	/mnt/c/Users/drpat/OneDrive - UGent/Desktop/PD/Phospho-fill/Validation-allPDB/pdb_cache/3i6c.cif	SER	SER	OG	CB	ok			-101.74864669063541	LYS:63	LYS	CE	5.742824188593035	0.0	2.0	ASP:112	ASP	OD1	2.727847677128873	HOH:1	O	4.273160237149344	0.0	46.0	hbond_like			buried				0.0	0.0		unmodified
Q9F4L3	3IAE	A	28	SER_single	1	1	2.3	SER	919		1	2-555	2-555	SER	/mnt/c/Users/drpat/OneDrive - UGent/Desktop/PD/Phospho-fill/Validation-allPDB/pdb_cache/3iae.cif	SER	SER	OG	CB	ok			116.44450387001949	HIS:26	HIS	NE2	4.783880598115736	0.0	2.0	HIS:26	HIS	NE2	4.783880598115736	HOH:577	O	6.3518765460646485	0.0	12.0	none_obvious			intermediate				0.0	0.0		unmodified
P08200	3ICD	A	113	SER_single	1	1	2.5	SER	199		1	3-416	3-416	SER	/mnt/c/Users/drpat/OneDrive - UGent/Desktop/PD/Phospho-fill/Validation-allPDB/pdb_cache/3icd.cif	SER	SER	OG	CB	ok			-6.1582438133567985	ARG:119	ARG	NH1	6.00742124273553	0.0	0.0	THR:105	THR	OG1	4.584789038075841	HOH:557	O	2.701314324536812	1.0	26.0	water_mediated_like			buried				0.0	0.0		unmodified
P35557	3ID8	A	411	SER_single	1	1	2.4	SER	439		1	12-94,98-457	12-94,98-457	SER	/mnt/c/Users/drpat/OneDrive - UGent/Desktop/PD/Phospho-fill/Validation-allPDB/pdb_cache/3id8.cif	SER	SER	OG	CB	ok			-122.19309494574672					0.0	0.0	THR:228	THR	OG1	5.707032396308338	HOH:590	O	5.603189976827525	0.0	43.0	none_obvious			buried				0.0	0.0		unmodified
P35557	3IDH	A	411	SER_single	1	1	2.14	SER	440		1	12-457	12-65,69-139,143-457	SER	/mnt/c/Users/drpat/OneDrive - UGent/Desktop/PD/Phospho-fill/Validation-allPDB/pdb_cache/3idh.cif	SER	SER	OG	CB	ok			-124.37039760201247					0.0	0.0	THR:228	THR	OG1	5.5966890123900725	HOH:585	O	3.439854060027452	2.0	21.0	water_mediated_like			exposed				0.0	0.0		unmodified
Q13526	3IK8	A	72	SER_single	1	1	1.85	SER	716		1	51-163	51-163	SER	/mnt/c/Users/drpat/OneDrive - UGent/Desktop/PD/Phospho-fill/Validation-allPDB/pdb_cache/3ik8.cif	SER	SER	OG	CB	ok			-106.87946416907577	ARG:74	ARG	NE	5.718662379769722	0.0	1.0	ASP:112	ASP	OD1	2.871353425888439	HOH:209	O	4.364153960988776	0.0	45.0	hbond_like			buried				0.0	0.0		unmodified
Q13526	3IKD	A	72	SER_single	1	1	2.0	SER	717		1	51-163	51-163	SER	/mnt/c/Users/drpat/OneDrive - UGent/Desktop/PD/Phospho-fill/Validation-allPDB/pdb_cache/3ikd.cif	SER	SER	OG	CB	ok			-100.41625407364039	ARG:74	ARG	NE	5.643526142502263	0.0	2.0	ASP:112	ASP	OD1	3.033901419967925	HOH:166	O	4.235936985817967	0.0	45.0	hbond_like			buried				0.0	0.0		unmodified
Q13526	3IKG	A	72	SER_single	1	1	1.86	SER	718		1	51-163	51-163	SER	/mnt/c/Users/drpat/OneDrive - UGent/Desktop/PD/Phospho-fill/Validation-allPDB/pdb_cache/3ikg.cif	SER	SER	OG	CB	ok			-108.50212010319288	ARG:74	ARG	NE	5.634719419999196	0.0	1.0	ASP:112	ASP	OD1	2.670986703826087	HOH:6	O	4.240532960044732	0.0	45.0	hbond_like			buried				0.0	0.0		unmodified
P35557	3IMX	A	411	SER_single	1	1	2.0	SER	441		1	16-93,98-461	16-93,98-461	SER	/mnt/c/Users/drpat/OneDrive - UGent/Desktop/PD/Phospho-fill/Validation-allPDB/pdb_cache/3imx.cif	SER	SER	OG	CB	ok			-116.61599176888866	LYS:414	LYS	CE	7.879751874311757	0.0	0.0	THR:228	THR	OG1	5.133885666549648	HOH:588	O	3.0176202044120197	2.0	22.0	water_mediated_like			exposed				0.0	0.0		unmodified
P9WKD3	3IQA	A	84	SER_single	1	1	2.2	SER	653		1	43-307	43-307	SER	/mnt/c/Users/drpat/OneDrive - UGent/Desktop/PD/Phospho-fill/Validation-allPDB/pdb_cache/3iqa.cif	SER	SER	OG	CB	ok			124.53969854781761	LYS:87	LYS	NZ	3.0443149335486135	1.0	2.0	SER:142	SER	OG	3.043684772981051	HOH:336	O	3.0632725188600953	1.0	48.0	salt_bridge_like			buried				0.0	0.0		unmodified
P11309	3JPV	A	261	SER_only_multi_2	2	2	2.35	SER	247		2	33-305	33-305	SER,SER	/mnt/c/Users/drpat/OneDrive - UGent/Desktop/PD/Phospho-fill/Validation-allPDB/pdb_cache/3jpv.cif	SER	SER	OG	CB	ok			116.81431116140166	ARG:258	ARG	NH2	5.723698089486864	0.0	1.0	GLU:262	GLU	OE1	5.203563770454331	HOH:359	O	3.176285034887235	2.0	15.0	water_mediated_like			exposed				0.0	0.0		unmodified
P11309	3JPV	A	276	SER_only_multi_2	2	2	2.35	SER	247		2	33-305	33-305	SER,SER	/mnt/c/Users/drpat/OneDrive - UGent/Desktop/PD/Phospho-fill/Validation-allPDB/pdb_cache/3jpv.cif	SER	SER	OG	CB	ok			-117.13608254339165	ARG:274	ARG	NE	3.9090509486316436	1.0	1.0	ARG:274	ARG	NE	3.9090509486316436	HOH:380	O	3.1420522531288375	1.0	22.0	water_mediated_like			intermediate				0.0	0.0		unmodified
P68400	3JUH	A	2	SER_single	1	1	1.66	SER	559		1	2-335	2-335	SER	/mnt/c/Users/drpat/OneDrive - UGent/Desktop/PD/Phospho-fill/Validation-allPDB/pdb_cache/3juh.cif	SER	SER	OG	CB	ok			-160.5117352192599					0.0	0.0	ASN:262	ASN	OD1	6.3065755217991555	HOH:445	O	3.7710744162023917	1.0	2.0	none_obvious			intermediate				0.0	0.0		unmodified
P11309	3JY0	A	261	SER_only_multi_2	2	2	2.4	SER	248		2	33-307	33-307	SER,SER	/mnt/c/Users/drpat/OneDrive - UGent/Desktop/PD/Phospho-fill/Validation-allPDB/pdb_cache/3jy0.cif	SER	SER	OG	CB	ok			111.7104769430145	ARG:258	ARG	NH2	5.884074197630375	0.0	1.0	GLN:264	GLN	NE2	5.362423240642397				0.0	15.0	none_obvious			intermediate				0.0	0.0		unmodified
P11309	3JY0	A	276	SER_only_multi_2	2	2	2.4	SER	248		2	33-307	33-307	SER,SER	/mnt/c/Users/drpat/OneDrive - UGent/Desktop/PD/Phospho-fill/Validation-allPDB/pdb_cache/3jy0.cif	SER	SER	OG	CB	ok			-120.13105102490542	ARG:274	ARG	NH2	3.4594242406060336	1.0	1.0	ARG:274	ARG	NH2	3.4594242406060336				0.0	22.0	salt_bridge_like			intermediate				0.0	0.0		unmodified
P11309	3JYA	A	261	SER_only_multi_2	2	2	2.1	SER	249		2	33-306	33-306	SER,SER	/mnt/c/Users/drpat/OneDrive - UGent/Desktop/PD/Phospho-fill/Validation-allPDB/pdb_cache/3jya.cif	SER	SER	OG	CB	ok			115.74003819798092	ARG:258	ARG	NH2	5.983702387601167	0.0	1.0	GLN:264	GLN	OE1	5.658937635402438				0.0	13.0	none_obvious			intermediate				0.0	0.0		unmodified
P11309	3JYA	A	276	SER_only_multi_2	2	2	2.1	SER	249		2	33-306	33-306	SER,SER	/mnt/c/Users/drpat/OneDrive - UGent/Desktop/PD/Phospho-fill/Validation-allPDB/pdb_cache/3jya.cif	SER	SER	OG	CB	ok			-117.61893772943712	ARG:274	ARG	NH2	4.124856141837666	0.0	1.0	ARG:274	ARG	NH2	4.124856141837666				0.0	23.0	none_obvious			intermediate				0.0	0.0		unmodified
Q13526	3JYJ	A	72	SER_single	1	1	1.87	SER	719		1	51-163	51-163	SER	/mnt/c/Users/drpat/OneDrive - UGent/Desktop/PD/Phospho-fill/Validation-allPDB/pdb_cache/3jyj.cif	SER	SER	OG	CB	ok			-105.08412628144076	ARG:74	ARG	NE	5.558525954293505	0.0	2.0	ASP:112	ASP	OD1	2.8199022762948283	HOH:31	O	4.435740865693535	0.0	47.0	hbond_like			buried				0.0	0.0		unmodified
Q13526	3KAB	A	72	SER_single	1	1	2.19	SER	720		1	7-38,51-163	7-38,51-163	SER	/mnt/c/Users/drpat/OneDrive - UGent/Desktop/PD/Phospho-fill/Validation-allPDB/pdb_cache/3kab.cif	SER	SER	OG	CB	ok			-107.98132442201779	LYS:63	LYS	CE	5.4527157526972045	0.0	2.0	ASP:112	ASP	OD1	2.749777989607305	HOH:223	O	4.426520983179465	0.0	44.0	hbond_like			buried				0.0	0.0		unmodified
Q13526	3KAC	B	72	SER_single	1	1	2.0	SER	721		1	49-163	49-163	SER	/mnt/c/Users/drpat/OneDrive - UGent/Desktop/PD/Phospho-fill/Validation-allPDB/pdb_cache/3kac.cif	SER	SER	OG	CB	ok			-103.60059243093075	ARG:74	ARG	NE	5.749897728697503	0.0	2.0	ASP:112	ASP	OD1	2.632376600020809	HOH:28	O	4.20479389772689	0.0	45.0	hbond_like			buried				0.0	0.0		unmodified
Q13526	3KAD	A	72	SER_single	1	1	1.95	SER	722		1	7-38,51-163	7-38,51-163	SER	/mnt/c/Users/drpat/OneDrive - UGent/Desktop/PD/Phospho-fill/Validation-allPDB/pdb_cache/3kad.cif	SER	SER	OG	CB	ok			-107.03972710542632	LYS:63	LYS	CE	5.679745405274059	0.0	2.0	ASP:112	ASP	OD1	2.6724952489714306	HOH:249	O	4.356795973539759	0.0	46.0	hbond_like			buried				0.0	0.0		unmodified
Q13526	3KAF	A	72	SER_single	1	1	2.3	SER	723		1	7-38,51-163	7-38,51-163	SER	/mnt/c/Users/drpat/OneDrive - UGent/Desktop/PD/Phospho-fill/Validation-allPDB/pdb_cache/3kaf.cif	SER	SER	OG	CB	ok			-107.73090302760876	LYS:63	LYS	NZ	5.442967300167035	0.0	1.0	ASP:112	ASP	OD1	2.9607852028519517	HOH:196	O	5.433300946082627	0.0	43.0	hbond_like			buried				0.0	0.0		unmodified
Q13526	3KAG	A	72	SER_single	1	1	1.9	SER	724		1	7-38,51-163	7-38,51-163	SER	/mnt/c/Users/drpat/OneDrive - UGent/Desktop/PD/Phospho-fill/Validation-allPDB/pdb_cache/3kag.cif	SER	SER	OG	CB	ok			-105.37924875136865	LYS:63	LYS	NZ	5.834472068459083	0.0	2.0	ASP:112	ASP	OD1	2.7652485123111927	HOH:223	O	4.3640010380349485	0.0	46.0	hbond_like			buried				0.0	0.0		unmodified
Q13526	3KAH	A	72	SER_single	1	1	2.3	SER	725		1	7-38,51-163	7-38,51-163	SER	/mnt/c/Users/drpat/OneDrive - UGent/Desktop/PD/Phospho-fill/Validation-allPDB/pdb_cache/3kah.cif	SER	SER	OG	CB	ok			-104.37230691676864	ARG:74	ARG	NE	5.6800109645846595	0.0	2.0	ASP:112	ASP	OD1	2.8066026040343406	HOH:199	O	4.179304971266364	0.0	45.0	hbond_like			buried				0.0	0.0		unmodified
Q13526	3KAI	A	72	SER_single	1	1	1.9	SER	726		1	7-38,51-163	7-38,51-163	SER	/mnt/c/Users/drpat/OneDrive - UGent/Desktop/PD/Phospho-fill/Validation-allPDB/pdb_cache/3kai.cif	SER	SER	OG	CB	ok			-99.78156153649502	LYS:63	LYS	CE	5.82666578529003	0.0	2.0	ASP:112	ASP	OD1	2.760291597233626	HOH:208	O	4.29281683566719	0.0	44.0	hbond_like			buried				0.0	0.0		unmodified
Q13526	3KCE	A	72	SER_single	1	1	1.9	SER	727		1	6-38,51-163	6-38,51-163	SER	/mnt/c/Users/drpat/OneDrive - UGent/Desktop/PD/Phospho-fill/Validation-allPDB/pdb_cache/3kce.cif	SER	SER	OG	CB	ok			-106.60595502515542	ARG:74	ARG	NE	5.889971460500955	0.0	1.0	ASP:112	ASP	OD1	2.700951070924641	HOH:205	O	4.24790641040364	0.0	43.0	hbond_like			buried				0.0	0.0		unmodified
P9WKD3	3M6B	A	84	SER_single	1	1	1.3	SER	654		1	43-307	43-307	SER	/mnt/c/Users/drpat/OneDrive - UGent/Desktop/PD/Phospho-fill/Validation-allPDB/pdb_cache/3m6b.cif	SER	SER	OG	CB	ok			108.80202104643178	LYS:87	LYS	NZ	3.2076136008086453	1.0	2.0	SER:142	SER	OG	3.0112129759492583	HOH:21	O	2.9719097064076956	1.0	48.0	salt_bridge_like			buried				0.0	0.0		unmodified
P9WKD3	3M6H	A	84	SER_single	1	1	1.994	SER	655		1	43-307	43-307	SER	/mnt/c/Users/drpat/OneDrive - UGent/Desktop/PD/Phospho-fill/Validation-allPDB/pdb_cache/3m6h.cif	SER	SER	OG	CB	ok			106.834762435908	LYS:87	LYS	NZ	2.8474992439222735	1.0	2.0	SER:142	SER	OG	2.808119890136965	HOH:373	O	3.1980404966020255	1.0	47.0	salt_bridge_like			buried				0.0	0.0		unmodified
P11309	3MA3	A	276	SER_single	1	1	2.3	SER	250		2	37-45,48-305	37-45,48-305	SER	/mnt/c/Users/drpat/OneDrive - UGent/Desktop/PD/Phospho-fill/Validation-allPDB/pdb_cache/3ma3.cif	SER	SER	OG	CB	ok			-128.05947697285617					0.0	0.0	ASP:277	ASP	OD1	4.267821972839971	HOH:357	O	2.81467071153058	1.0	19.0	water_mediated_like			intermediate	SEP:261	SEP	26.28715295733246	0.0	0.0		unmodified
P68400	3MB7	A	2	SER_single	1	1	1.65	SER	560		1	2-331	2-331	SER	/mnt/c/Users/drpat/OneDrive - UGent/Desktop/PD/Phospho-fill/Validation-allPDB/pdb_cache/3mb7.cif	SER	SER	OG	CB	ok			-117.80118661990345					0.0	0.0	ASN:262	ASN	ND2	6.4031293259905				0.0	4.0	none_obvious			intermediate				0.0	0.0		unmodified
P50750	3MI9	A	306	SER_single	1	1	2.1	SER	509		2	8-88,97-344	8-88,97-344	SER	/mnt/c/Users/drpat/OneDrive - UGent/Desktop/PD/Phospho-fill/Validation-allPDB/pdb_cache/3mi9.cif	SER	SER	OG	CB	ok			-112.06546391250919	HIS:141	HIS	ND1	4.791179761916064	0.0	1.0	HIS:141	HIS	ND1	4.791179761916064	HOH:441	O	3.0326159562879234	2.0	41.0	water_mediated_like			exposed	TPO:186	TPO	21.762752657518003	0.0	0.0		unmodified
P31749	3MV5	A	477	SER_mixed_with_ASP	1	2	2.47	SER	423		3	144-447,466-477	144-447,466-477	SER	/mnt/c/Users/drpat/OneDrive - UGent/Desktop/PD/Phospho-fill/Validation-allPDB/pdb_cache/3mv5.cif	SER	SER	OG	CB	ok			-81.17202757044217	LYS:214	LYS	NZ	5.985654539192062	0.0	1.0	LYS:214	LYS	NZ	5.985654539192062				0.0	6.0	none_obvious			intermediate	TPO:308	TPO	32.76245851388646	0.0	0.0		unmodified
P9WKD3	3N6I	A	84	SER_single	1	1	2.0	SER	656		1	43-307	43-307	SER	/mnt/c/Users/drpat/OneDrive - UGent/Desktop/PD/Phospho-fill/Validation-allPDB/pdb_cache/3n6i.cif	SER	SER	OG	CB	ok			103.94958676552395	LYS:87	LYS	NZ	2.8187871846104593	1.0	2.0	LYS:87	LYS	NZ	2.8187871846104593	HOH:575	O	3.009171607398394	2.0	42.0	salt_bridge_like			exposed				0.0	0.0		unmodified
P9WKD3	3N7W	A	84	SER_single	1	1	1.7	SER	657		1	43-307	43-307	SER	/mnt/c/Users/drpat/OneDrive - UGent/Desktop/PD/Phospho-fill/Validation-allPDB/pdb_cache/3n7w.cif	SER	SER	OG	CB	ok			110.56807993951404	LYS:87	LYS	NZ	3.0277029541987432	1.0	2.0	SER:142	SER	OG	2.8434283891625403	HOH:476	O	3.046520254666659	2.0	46.0	salt_bridge_like			exposed				0.0	0.0		unmodified
P9WKD3	3N8L	A	84	SER_single	1	1	1.4	SER	658		1	43-307	43-307	SER	/mnt/c/Users/drpat/OneDrive - UGent/Desktop/PD/Phospho-fill/Validation-allPDB/pdb_cache/3n8l.cif	SER	SER	OG	CB	ok			111.40535259668933	LYS:87	LYS	NZ	2.989374865638497	1.0	2.0	LYS:87	LYS	NZ	2.989374865638497	HOH:568	O	2.8275742149861025	2.0	43.0	salt_bridge_like			exposed				0.0	0.0		unmodified
P9WKD3	3N8R	A	84	SER_single	1	1	1.41	SER	659		1	43-307	43-307	SER	/mnt/c/Users/drpat/OneDrive - UGent/Desktop/PD/Phospho-fill/Validation-allPDB/pdb_cache/3n8r.cif	SER	SER	OG	CB	ok			109.86121277476315	LYS:87	LYS	NZ	3.098489207255321	1.0	2.0	LYS:87	LYS	NZ	3.098489207255321	HOH:19	O	2.8505099188139655	2.0	43.0	salt_bridge_like			exposed				0.0	0.0		unmodified
P9WKD3	3N8S	A	84	SER_single	1	1	2.0	SER	660		1	43-307	43-307	SER	/mnt/c/Users/drpat/OneDrive - UGent/Desktop/PD/Phospho-fill/Validation-allPDB/pdb_cache/3n8s.cif	SER	SER	OG	CB	ok			104.55633153461045	LYS:87	LYS	NZ	2.9130907868874583	1.0	2.0	SER:142	SER	OG	2.7242850535580154	HOH:340	O	3.1394042657362777	2.0	46.0	salt_bridge_like			exposed				0.0	0.0		unmodified
P9WKD3	3NBL	A	84	SER_single	1	1	2.0	SER	661		1	43-183,188-307	43-183,188-307	SER	/mnt/c/Users/drpat/OneDrive - UGent/Desktop/PD/Phospho-fill/Validation-allPDB/pdb_cache/3nbl.cif	SER	SER	OG	CB	ok			117.55004345779135	LYS:87	LYS	NZ	2.917732603250073	1.0	2.0	LYS:87	LYS	NZ	2.917732603250073	HOH:14	O	3.018246923511807	2.0	41.0	salt_bridge_like			exposed				0.0	0.0		unmodified
P9WKD3	3NC8	A	84	SER_single	1	1	1.5	SER	662		1	43-307	43-307	SER	/mnt/c/Users/drpat/OneDrive - UGent/Desktop/PD/Phospho-fill/Validation-allPDB/pdb_cache/3nc8.cif	SER	SER	OG	CB	ok			108.50258127310242	LYS:87	LYS	NZ	3.067962433889653	1.0	2.0	SER:142	SER	OG	3.0356406006124756	HOH:366	O	2.8870828859768745	2.0	40.0	salt_bridge_like			exposed				0.0	0.0		unmodified
P9WKD3	3NDE	A	84	SER_single	1	1	1.7	SER	663		1	43-307	43-307	SER	/mnt/c/Users/drpat/OneDrive - UGent/Desktop/PD/Phospho-fill/Validation-allPDB/pdb_cache/3nde.cif	SER	SER	OG	CB	ok			105.85505383016644	LYS:87	LYS	NZ	2.968959636266221	1.0	2.0	SER:142	SER	OG	2.8323278401512124	HOH:616	O	3.1700283459127383	1.0	46.0	salt_bridge_like			buried				0.0	0.0		unmodified
P9WKD3	3NDG	A	84	SER_single	1	1	1.9	SER	664		1	43-307	43-307	SER	/mnt/c/Users/drpat/OneDrive - UGent/Desktop/PD/Phospho-fill/Validation-allPDB/pdb_cache/3ndg.cif	SER	SER	OG	CB	ok			125.09066303541647	LYS:87	LYS	NZ	3.0780401128568364	1.0	2.0	LYS:87	LYS	NZ	3.0780401128568364	HOH:472	O	3.6264614086015157	1.0	45.0	salt_bridge_like			buried				0.0	0.0		unmodified
P68400	3NSZ	A	2	SER_single	1	1	1.3	SER	561		1	2-328	2-328	SER	/mnt/c/Users/drpat/OneDrive - UGent/Desktop/PD/Phospho-fill/Validation-allPDB/pdb_cache/3nsz.cif	SER	SER	OG	CB	ok			-124.59809492638288					0.0	0.0	ASN:262	ASN	ND2	3.7150886181274094	HOH:592	O	5.797703959824735	0.0	9.0	none_obvious			intermediate				0.0	0.0		unmodified
Q13526	3NTP	A	72	SER_single	1	1	1.762	SER	728		1	6-38,50-163	6-38,50-163	SER	/mnt/c/Users/drpat/OneDrive - UGent/Desktop/PD/Phospho-fill/Validation-allPDB/pdb_cache/3ntp.cif	SER	SER	OG	CB	ok			-100.26403159305647	ARG:74	ARG	NE	6.056406371771232	0.0	0.0	ASP:112	ASP	OD1	2.7161998250554613	HOH:173	O	4.419593088371261	0.0	42.0	hbond_like			buried				0.0	0.0		unmodified
P9WKD3	3NY4	A	84	SER_single	1	1	1.22	SER	665		1	43-307	43-307	SER	/mnt/c/Users/drpat/OneDrive - UGent/Desktop/PD/Phospho-fill/Validation-allPDB/pdb_cache/3ny4.cif	SER	SER	OG	CB	ok			108.71969250458723	LYS:250	LYS	NZ	4.681767497104355	0.0	1.0	GLU:182	GLU	OE2	3.8285030699228724	HOH:332	O	2.6668478674449805	3.0	46.0	water_mediated_like			exposed				0.0	0.0		unmodified
P33284	3O08	B	15	SER_single	1	1	2.0	SER	429		1	7-485	7-485	SER	/mnt/c/Users/drpat/OneDrive - UGent/Desktop/PD/Phospho-fill/Validation-allPDB/pdb_cache/3o08.cif	SER	SER	OG	CB	ok			1.2111581406284433	LYS:378	LYS	NZ	4.898199737925144	0.0	1.0	LYS:378	LYS	NZ	4.898199737925144	HOH:672	O	4.592622900866447	0.0	15.0	none_obvious			intermediate				0.0	0.0		unmodified
P33284	3O1W	A	15	SER_single	1	1	1.66	SER	430		1	2-485	2-485	SER	/mnt/c/Users/drpat/OneDrive - UGent/Desktop/PD/Phospho-fill/Validation-allPDB/pdb_cache/3o1w.cif	SER	SER	OG	CB	ok			-14.063894721650845	LYS:378	LYS	NZ	4.528024131050874	0.0	1.0	LYS:378	LYS	NZ	4.528024131050874	HOH:809	O	4.0997334104146965	0.0	15.0	none_obvious			intermediate				0.0	0.0		unmodified
P33284	3O4W	A	15	SER_single	1	1	1.61	SER	431		1	2-485	2-485	SER	/mnt/c/Users/drpat/OneDrive - UGent/Desktop/PD/Phospho-fill/Validation-allPDB/pdb_cache/3o4w.cif	SER	SER	OG	CB	ok			-12.058786618133057	LYS:378	LYS	NZ	4.837277355166258	0.0	1.0	LYS:378	LYS	NZ	4.837277355166258	HOH:559	O	2.8311972156347784	1.0	19.0	water_mediated_like			intermediate				0.0	0.0		unmodified
P33284	3O5B	A	15	SER_single	1	1	1.97	SER	432		1	7-485	7-485	SER	/mnt/c/Users/drpat/OneDrive - UGent/Desktop/PD/Phospho-fill/Validation-allPDB/pdb_cache/3o5b.cif	SER	SER	OG	CB	ok			-20.74849234954831	LYS:378	LYS	NZ	4.608739417510903	0.0	1.0	LYS:378	LYS	NZ	4.608739417510903	HOH:655	O	4.2170579981969984	0.0	18.0	none_obvious			intermediate				0.0	0.0		unmodified
P33284	3O8M	A	15	SER_single	1	1	1.42	SER	433		1	14-485	14-485	SER	/mnt/c/Users/drpat/OneDrive - UGent/Desktop/PD/Phospho-fill/Validation-allPDB/pdb_cache/3o8m.cif	SER	SER	OG	CB	ok			36.29016753267959	LYS:378	LYS	CE	7.818138935826389	0.0	0.0	ASP:18	ASP	OD1	6.949900127393676	HOH:1045	O	7.137041270955789	0.0	10.0	none_obvious			intermediate				0.0	0.0		unmodified
Q13526	3ODK	A	72	SER_single	1	1	2.3	SER	729		1	7-38,51-163	7-38,51-163	SER	/mnt/c/Users/drpat/OneDrive - UGent/Desktop/PD/Phospho-fill/Validation-allPDB/pdb_cache/3odk.cif	SER	SER	OG	CB	ok			-103.81380367901298	LYS:63	LYS	CE	5.752282995480447	0.0	1.0	ASP:112	ASP	OD1	2.767084038374346	HOH:182	O	6.599368497060176	0.0	44.0	hbond_like			buried				0.0	0.0		unmodified
Q13526	3OOB	A	72	SER_single	1	1	1.89	SER	730		1	6-38,51-163	6-38,51-163	SER	/mnt/c/Users/drpat/OneDrive - UGent/Desktop/PD/Phospho-fill/Validation-allPDB/pdb_cache/3oob.cif	SER	SER	OG	CB	ok			-101.87731347899054	ARG:74	ARG	NE	6.020174713669046	0.0	0.0	ASP:112	ASP	OD1	2.665683142032108	HOH:180	O	4.395859195526478	0.0	46.0	hbond_like			buried				0.0	0.0		unmodified
P68400	3OWK	A	2	SER_single	1	1	1.8	SER	562		1	2-331	2-331	SER	/mnt/c/Users/drpat/OneDrive - UGent/Desktop/PD/Phospho-fill/Validation-allPDB/pdb_cache/3owk.cif	SER	SER	OG	CB	ok			-88.65312577760912					0.0	0.0	ASN:262	ASN	ND2	7.773560151479238				0.0	4.0	none_obvious			intermediate				0.0	0.0		unmodified
P68400	3OWL	A	2	SER_single	1	1	2.1	SER	563		1	2-331	2-331	SER	/mnt/c/Users/drpat/OneDrive - UGent/Desktop/PD/Phospho-fill/Validation-allPDB/pdb_cache/3owl.cif	SER	SER	OG	CB	ok			-140.54029317189597					0.0	0.0								0.0	5.0	none_obvious			intermediate				0.0	0.0		unmodified
P68400	3Q9X	A	2	SER_single	1	1	2.2	SER	564		1	2-331	2-331	SER	/mnt/c/Users/drpat/OneDrive - UGent/Desktop/PD/Phospho-fill/Validation-allPDB/pdb_cache/3q9x.cif	SER	SER	OG	CB	ok			-69.67847118462156					0.0	0.0	ASN:262	ASN	OD1	3.7795298496381395	HOH:418	O	5.678195568510317	0.0	9.0	none_obvious			intermediate				0.0	0.0		unmodified
P68400	3Q9Z	A	2	SER_single	1	1	2.2	SER	565		1	2-333	2-333	SER	/mnt/c/Users/drpat/OneDrive - UGent/Desktop/PD/Phospho-fill/Validation-allPDB/pdb_cache/3q9z.cif	SER	SER	OG	CB	ok			-147.6477474342744					0.0	0.0	ASN:262	ASN	ND2	3.433990612172119	HOH:452	O	3.151066667075669	1.0	8.0	hbond_like			intermediate				0.0	0.0		unmodified
P68400	3QA0	A	2	SER_single	1	1	2.5	SER	566		1	2-331	2-331	SER	/mnt/c/Users/drpat/OneDrive - UGent/Desktop/PD/Phospho-fill/Validation-allPDB/pdb_cache/3qa0.cif	SER	SER	OG	CB	ok			-132.44128155077283					0.0	0.0	ASN:262	ASN	OD1	4.10141184741246				0.0	7.0	none_obvious			intermediate				0.0	0.0		unmodified
P61006	3QBT	A	111	SER_mixed_with_THR	1	2	2.0	SER	511		2	7-176	7-176	SER	/mnt/c/Users/drpat/OneDrive - UGent/Desktop/PD/Phospho-fill/Validation-allPDB/pdb_cache/3qbt.cif	SER	SER	OG	CB	ok			-5.1656969245155	LYS:172	LYS	NZ	7.371724212318807	0.0	0.0	ASP:113	ASP	OD1	2.4757183402616945	HOH:178	O	6.388395089092789	0.0	22.0	hbond_like			intermediate				0.0	0.0		unmodified
P11309	3QF9	A	261	SER_only_multi_2	2	2	2.2	SER	251		2	32-305	32-305	SER,SER	/mnt/c/Users/drpat/OneDrive - UGent/Desktop/PD/Phospho-fill/Validation-allPDB/pdb_cache/3qf9.cif	SER	SER	OG	CB	ok			116.570771210859	ARG:258	ARG	NH2	5.749859299020024	0.0	1.0	GLU:262	GLU	OE1	5.2213016449035194	HOH:341	O	3.3438233722933774	1.0	15.0	water_mediated_like			intermediate				0.0	0.0		unmodified
P11309	3QF9	A	276	SER_only_multi_2	2	2	2.2	SER	251		2	32-305	32-305	SER,SER	/mnt/c/Users/drpat/OneDrive - UGent/Desktop/PD/Phospho-fill/Validation-allPDB/pdb_cache/3qf9.cif	SER	SER	OG	CB	ok			-113.84673905705138	ARG:274	ARG	NH2	4.012942424131376	0.0	1.0	ARG:274	ARG	NH2	4.012942424131376	HOH:388	O	3.173894185936901	1.0	23.0	water_mediated_like			intermediate				0.0	0.0		unmodified
P31749	3QKK	A	477	SER_mixed_with_ASP	1	2	2.3	SER	424		3	144-449,458-478	144-449,458-478	SER	/mnt/c/Users/drpat/OneDrive - UGent/Desktop/PD/Phospho-fill/Validation-allPDB/pdb_cache/3qkk.cif	SER	SER	OG	CB	ok			120.23866514452101					0.0	0.0	SER:478	SER	OG	6.446485367456494	HOH:7	O	6.478641979224506	0.0	8.0	none_obvious			intermediate	TPO:308	TPO	29.962585736678996	0.0	0.0		unmodified
P31749	3QKL	A	477	SER_mixed_with_ASP	1	2	1.9	SER	425		3	144-448,466-478	144-448,466-478	SER	/mnt/c/Users/drpat/OneDrive - UGent/Desktop/PD/Phospho-fill/Validation-allPDB/pdb_cache/3qkl.cif	SER	SER	OG	CB	ok			-112.16279607494361	ARG:206	ARG	NH2	6.045936119800231	0.0	0.0	SER:478	SER	OG	4.491203807931563	HOH:100	O	7.943134734865666	0.0	10.0	none_obvious			intermediate	TPO:308	TPO	29.70329064749814	0.0	0.0		unmodified
P31749	3QKM	A	477	SER_mixed_with_ASP	1	2	2.2	SER	426		3	144-451,457-478	144-451,457-478	SER	/mnt/c/Users/drpat/OneDrive - UGent/Desktop/PD/Phospho-fill/Validation-allPDB/pdb_cache/3qkm.cif	SER	SER	OG	CB	ok			93.45990274925344	ARG:206	ARG	NH2	6.599968658379363	0.0	0.0	SER:478	SER	OG	6.132646038551894	HOH:9	O	6.843762631272466	0.0	7.0	none_obvious			intermediate	TPO:308	TPO	30.16915045835726	0.0	0.0		unmodified
Q9P0N9	3QWL	A	124	SER_single	1	1	1.9	SER	1013		1	21-292	21-292	SER	/mnt/c/Users/drpat/OneDrive - UGent/Desktop/PD/Phospho-fill/Validation-allPDB/pdb_cache/3qwl.cif	SER	SER	OG	CB	ok			-112.65652096973965					0.0	0.0	SER:122	SER	OG	2.728274234434583	HOH:315	O	4.286937469803449	0.0	16.0	hbond_like			intermediate				0.0	0.0		unmodified
P11309	3R00	A	261	SER_only_multi_2	2	2	2.1	SER	252		2	33-306	33-306	SER,SER	/mnt/c/Users/drpat/OneDrive - UGent/Desktop/PD/Phospho-fill/Validation-allPDB/pdb_cache/3r00.cif	SER	SER	OG	CB	ok			109.58060350904888	ARG:258	ARG	NH2	5.737201736471392	0.0	1.0	ARG:258	ARG	NH2	5.737201736471392	HOH:11	O	4.914543772902838	0.0	12.0	none_obvious			intermediate				0.0	0.0		unmodified
P11309	3R00	A	276	SER_only_multi_2	2	2	2.1	SER	252		2	33-306	33-306	SER,SER	/mnt/c/Users/drpat/OneDrive - UGent/Desktop/PD/Phospho-fill/Validation-allPDB/pdb_cache/3r00.cif	SER	SER	OG	CB	ok			-118.00477067349128	ARG:274	ARG	NH2	3.2304508298823427	1.0	1.0	ARG:274	ARG	NH2	3.2304508298823427	HOH:424	O	3.244678965203484	1.0	23.0	salt_bridge_like			intermediate				0.0	0.0		unmodified
P11309	3R02	A	261	SER_only_multi_2	2	2	1.95	SER	253		2	35-305	35-305	SER,SER	/mnt/c/Users/drpat/OneDrive - UGent/Desktop/PD/Phospho-fill/Validation-allPDB/pdb_cache/3r02.cif	SER	SER	OG	CB	ok			111.45452281548755	ARG:258	ARG	NH2	5.812350576327735	0.0	1.0	ARG:258	ARG	NH2	5.812350576327735	HOH:3	O	3.32129922464855	1.0	11.0	water_mediated_like			intermediate				0.0	0.0		unmodified
P11309	3R02	A	276	SER_only_multi_2	2	2	1.95	SER	253		2	35-305	35-305	SER,SER	/mnt/c/Users/drpat/OneDrive - UGent/Desktop/PD/Phospho-fill/Validation-allPDB/pdb_cache/3r02.cif	SER	SER	OG	CB	ok			-117.10835786659109	ARG:274	ARG	NH2	3.489838594660573	1.0	1.0	ARG:274	ARG	NH2	3.489838594660573	HOH:16	O	3.6116532225747457	1.0	24.0	salt_bridge_like			buried				0.0	0.0		unmodified
P11309	3R04	A	261	SER_only_multi_2	2	2	1.7	SER	254		2	35-305	35-305	SER,SER	/mnt/c/Users/drpat/OneDrive - UGent/Desktop/PD/Phospho-fill/Validation-allPDB/pdb_cache/3r04.cif	SER	SER	OG	CB	ok			112.70198844841495	ARG:258	ARG	NH2	5.9158139270749235	0.0	1.0	GLN:264	GLN	NE2	5.812244700803076	HOH:12	O	3.2271959322960257	1.0	13.0	water_mediated_like			intermediate				0.0	0.0		unmodified
P11309	3R04	A	276	SER_only_multi_2	2	2	1.7	SER	254		2	35-305	35-305	SER,SER	/mnt/c/Users/drpat/OneDrive - UGent/Desktop/PD/Phospho-fill/Validation-allPDB/pdb_cache/3r04.cif	SER	SER	OG	CB	ok			-114.68009627398654	ARG:274	ARG	NH2	3.4449271021607437	1.0	1.0	ARG:274	ARG	NH2	3.4449271021607437	HOH:483	O	2.7443976962397576	2.0	23.0	salt_bridge_like			exposed				0.0	0.0		unmodified
P68400	3RPS	A	2	SER_single	1	1	2.3	SER	567		1	2-335	2-335	SER	/mnt/c/Users/drpat/OneDrive - UGent/Desktop/PD/Phospho-fill/Validation-allPDB/pdb_cache/3rps.cif	SER	SER	OG	CB	ok			119.35296709638392					0.0	0.0	ASN:262	ASN	ND2	5.414057020799813				0.0	4.0	none_obvious			intermediate				0.0	0.0		unmodified
P35557	3S41	A	411	SER_single	1	1	2.18	SER	442		1	12-92,100-458	12-92,100-458	SER	/mnt/c/Users/drpat/OneDrive - UGent/Desktop/PD/Phospho-fill/Validation-allPDB/pdb_cache/3s41.cif	SER	SER	OG	CB	ok			-129.88017528050918					0.0	0.0	THR:228	THR	OG1	5.399711395111865	HOH:520	O	2.5441059126041887	3.0	20.0	water_mediated_like			exposed				0.0	0.0		unmodified
P26361	3SI7	B	659	SER_only_multi_3	3	3	2.25	SER	416		4	389-413,429-507,509-670	389-413,429-507,509-670	SER,SER,SER	/mnt/c/Users/drpat/OneDrive - UGent/Desktop/PD/Phospho-fill/Validation-allPDB/pdb_cache/3si7.cif	SER	SER	OG	CB	ok			83.54950954918017	LYS:464	LYS	NZ	5.181125592775398	0.0	1.0	GLU:655	GLU	OE2	3.0176654640220204	HOH:131	O	7.529907472282246	0.0	33.0	hbond_like			buried				0.0	0.0		unmodified
P26361	3SI7	B	660	SER_only_multi_3	3	3	2.25	SER	416		4	389-413,429-507,509-670	389-413,429-507,509-670	SER,SER,SER	/mnt/c/Users/drpat/OneDrive - UGent/Desktop/PD/Phospho-fill/Validation-allPDB/pdb_cache/3si7.cif	SER	SER	OG	CB	ok			-30.982494048336665	ARG:657	ARG	NH2	3.6921937832551412	1.0	1.0	ARG:657	ARG	NH2	3.6921937832551412				0.0	26.0	none_obvious			buried				0.0	0.0		unmodified
P26361	3SI7	B	670	SER_only_multi_3	3	3	2.25	SER	416		4	389-413,429-507,509-670	389-413,429-507,509-670	SER,SER,SER	/mnt/c/Users/drpat/OneDrive - UGent/Desktop/PD/Phospho-fill/Validation-allPDB/pdb_cache/3si7.cif	SER	SER	OG	CB	ok			108.9395479164788					0.0	0.0	TYR:625	TYR	OH	7.695495472301299	HOH:143	O	3.0053911884615694	1.0	5.0	water_mediated_like			intermediate				0.0	0.0		unmodified
Q13526	3TC5	A	72	SER_single	1	1	1.4	SER	731		1	7-37,51-163	7-37,51-163	SER	/mnt/c/Users/drpat/OneDrive - UGent/Desktop/PD/Phospho-fill/Validation-allPDB/pdb_cache/3tc5.cif	SER	SER	OG	CB	ok			-105.67679874147058	ARG:74	ARG	NE	5.889152844480652	0.0	1.0	ASP:112	ASP	OD1	2.7319110692356636	HOH:222	O	4.3486118668184	0.0	43.0	hbond_like			buried				0.0	0.0		unmodified
Q13526	3TCZ	A	72	SER_single	1	1	2.1	SER	732		1	6-38,51-163	6-38,51-163	SER	/mnt/c/Users/drpat/OneDrive - UGent/Desktop/PD/Phospho-fill/Validation-allPDB/pdb_cache/3tcz.cif	SER	SER	OG	CB	ok			-106.92530268099661	LYS:63	LYS	CE	6.056976814431211	0.0	0.0	ASP:112	ASP	OD1	2.617963267356474	HOH:180	O	4.143111331112852	0.0	42.0	hbond_like			buried				0.0	0.0		unmodified
Q13526	3TDB	A	72	SER_single	1	1	2.267	SER	733		1	6-38,51-163	6-38,51-163	SER	/mnt/c/Users/drpat/OneDrive - UGent/Desktop/PD/Phospho-fill/Validation-allPDB/pdb_cache/3tdb.cif	SER	SER	OG	CB	ok			-107.40187255864085	LYS:63	LYS	NZ	5.824415349169212	0.0	1.0	ASP:112	ASP	OD1	2.6212300930684194	HOH:171	O	4.27250053026974	0.0	44.0	hbond_like			buried				0.0	0.0		unmodified
Q94F62	3TL8	A	290	SER_mixed_with_THR	1	3	2.5	SER	900		7	273-576	273-576	SER	/mnt/c/Users/drpat/OneDrive - UGent/Desktop/PD/Phospho-fill/Validation-allPDB/pdb_cache/3tl8.cif	SER	SER	OG	CB	ok			-105.32001973010952	LYS:292	LYS	CE	4.5459314657550856	0.0	1.0	ASN:293	ASN	ND2	3.5190446463894323				0.0	36.0	none_obvious			buried	TPO:324	TPO	25.58987028387734	0.0	0.0		unmodified
P61006	3TNF	A	111	SER_mixed_with_THR	1	2	2.5	SER	512		2	6-175	6-175	SER	/mnt/c/Users/drpat/OneDrive - UGent/Desktop/PD/Phospho-fill/Validation-allPDB/pdb_cache/3tnf.cif	SER	SER	OG	CB	ok			-20.47624048712622					0.0	0.0	ASP:113	ASP	OD1	4.872834866697719				0.0	20.0	none_obvious			intermediate				0.0	0.0		unmodified
P31324	3TNP	B	112	SER_single	1	1	2.3	SER	420		1	104-121,130-324,337-393	104-121,130-324,337-393	SER	/mnt/c/Users/drpat/OneDrive - UGent/Desktop/PD/Phospho-fill/Validation-allPDB/pdb_cache/3tnp.cif	SER	SER	OG	CB	ok			113.37118916207854					0.0	0.0					HOH:420	O	3.3998770759018115	1.0	10.0	water_mediated_like			intermediate				0.0	0.0		unmodified
P23874	3TPT	B	150	SER_single	1	1	2.25	SER	402		1	3-183,198-435	3-183,198-435	SER	/mnt/c/Users/drpat/OneDrive - UGent/Desktop/PD/Phospho-fill/Validation-allPDB/pdb_cache/3tpt.cif	SER	SER	OG	CB	ok			-5.814543898492221	ARG:72	ARG	NH2	7.9159370003962515	0.0	0.0	SER:97	SER	OG	4.756461013945803	HOH:510	O	4.206095450884216	0.0	40.0	none_obvious			buried				0.0	0.0		unmodified
P68400	3U4U	A	2	SER_single	1	1	2.2	SER	568		1	2-328	2-328	SER	/mnt/c/Users/drpat/OneDrive - UGent/Desktop/PD/Phospho-fill/Validation-allPDB/pdb_cache/3u4u.cif	SER	SER	OG	CB	ok			-88.8523457894468					0.0	0.0	ASN:262	ASN	OD1	7.325022323450729				0.0	4.0	none_obvious			intermediate				0.0	0.0		unmodified
P11309	3UIX	A	261	SER_only_multi_2	2	2	2.2	SER	255		2	37-80,84-305	37-80,84-305	SER,SER	/mnt/c/Users/drpat/OneDrive - UGent/Desktop/PD/Phospho-fill/Validation-allPDB/pdb_cache/3uix.cif	SER	SER	OG	CB	ok			108.19400088017802	ARG:258	ARG	NH1	6.589879901600998	0.0	0.0	GLN:264	GLN	OE1	5.968589465732395	HOH:542	O	3.3016402664258515	2.0	16.0	water_mediated_like			exposed				0.0	0.0		unmodified
P11309	3UIX	A	276	SER_only_multi_2	2	2	2.2	SER	255		2	37-80,84-305	37-80,84-305	SER,SER	/mnt/c/Users/drpat/OneDrive - UGent/Desktop/PD/Phospho-fill/Validation-allPDB/pdb_cache/3uix.cif	SER	SER	OG	CB	ok			-111.43426896734785	ARG:274	ARG	NH1	3.9307086800821542	1.0	1.0	ARG:274	ARG	NH1	3.9307086800821542	HOH:350	O	2.9221276753626517	1.0	24.0	water_mediated_like			buried				0.0	0.0		unmodified
P11309	3UMW	A	261	SER_only_multi_2	2	2	2.08	SER	256		2	37-80,85-304	37-80,85-304	SER,SER	/mnt/c/Users/drpat/OneDrive - UGent/Desktop/PD/Phospho-fill/Validation-allPDB/pdb_cache/3umw.cif	SER	SER	OG	CB	ok			112.29352390601724	ARG:258	ARG	NH2	5.74113705721233	0.0	1.0	ARG:258	ARG	NH2	5.74113705721233	HOH:521	O	3.683967643116547	1.0	18.0	none_obvious			intermediate				0.0	0.0		unmodified
P11309	3UMW	A	276	SER_only_multi_2	2	2	2.08	SER	256		2	37-80,85-304	37-80,85-304	SER,SER	/mnt/c/Users/drpat/OneDrive - UGent/Desktop/PD/Phospho-fill/Validation-allPDB/pdb_cache/3umw.cif	SER	SER	OG	CB	ok			-116.65082193787805	ARG:274	ARG	NE	4.205044293325176	0.0	1.0	ARG:274	ARG	NE	4.205044293325176	HOH:493	O	2.8066228445447914	4.0	22.0	water_mediated_like			exposed				0.0	0.0		unmodified
P11309	3VBQ	A	261	SER_only_multi_2	2	2	1.85	SER	257		2	35-305	35-305	SER,SER	/mnt/c/Users/drpat/OneDrive - UGent/Desktop/PD/Phospho-fill/Validation-allPDB/pdb_cache/3vbq.cif	SER	SER	OG	CB	ok			112.71933141627021	ARG:258	ARG	NH2	6.06206663825963	0.0	0.0	GLN:264	GLN	NE2	5.797896530212571	HOH:389	O	3.3290596137470483	1.0	10.0	water_mediated_like			intermediate				0.0	0.0		unmodified
P11309	3VBQ	A	276	SER_only_multi_2	2	2	1.85	SER	257		2	35-305	35-305	SER,SER	/mnt/c/Users/drpat/OneDrive - UGent/Desktop/PD/Phospho-fill/Validation-allPDB/pdb_cache/3vbq.cif	SER	SER	OG	CB	ok			-112.9300311861294	ARG:274	ARG	NH2	3.723325950827385	1.0	1.0	ARG:274	ARG	NH2	3.723325950827385	HOH:386	O	4.653115218294865	0.0	23.0	none_obvious			intermediate				0.0	0.0		unmodified
P11309	3VBT	A	261	SER_only_multi_2	2	2	2.23	SER	258		2	35-79,84-305	35-79,84-305	SER,SER	/mnt/c/Users/drpat/OneDrive - UGent/Desktop/PD/Phospho-fill/Validation-allPDB/pdb_cache/3vbt.cif	SER	SER	OG	CB	ok			112.49962303037908	ARG:258	ARG	NH2	5.939858898805353	0.0	1.0	GLN:264	GLN	OE1	5.933500204918845	HOH:26	O	2.9967856196814657	2.0	12.0	water_mediated_like			exposed				0.0	0.0		unmodified
P11309	3VBT	A	276	SER_only_multi_2	2	2	2.23	SER	258		2	35-79,84-305	35-79,84-305	SER,SER	/mnt/c/Users/drpat/OneDrive - UGent/Desktop/PD/Phospho-fill/Validation-allPDB/pdb_cache/3vbt.cif	SER	SER	OG	CB	ok			-115.39106225674455	ARG:274	ARG	NE	3.062335412843808	1.0	1.0	ARG:274	ARG	NE	3.062335412843808	HOH:408	O	6.021476011407685	0.0	24.0	salt_bridge_like			buried				0.0	0.0		unmodified
P11309	3VBV	A	261	SER_only_multi_2	2	2	2.08	SER	259		2	35-80,84-305	35-80,84-305	SER,SER	/mnt/c/Users/drpat/OneDrive - UGent/Desktop/PD/Phospho-fill/Validation-allPDB/pdb_cache/3vbv.cif	SER	SER	OG	CB	ok			113.82388420074025	ARG:258	ARG	NH2	5.839506988823187	0.0	1.0	GLN:264	GLN	NE2	5.793735612748842	HOH:336	O	3.1815381222704175	2.0	13.0	water_mediated_like			exposed				0.0	0.0		unmodified
P11309	3VBV	A	276	SER_only_multi_2	2	2	2.08	SER	259		2	35-80,84-305	35-80,84-305	SER,SER	/mnt/c/Users/drpat/OneDrive - UGent/Desktop/PD/Phospho-fill/Validation-allPDB/pdb_cache/3vbv.cif	SER	SER	OG	CB	ok			-114.04638429541797	ARG:274	ARG	NH2	4.014514581603323	0.0	1.0	ARG:274	ARG	NH2	4.014514581603323	HOH:405	O	4.683056623990646	0.0	24.0	none_obvious			buried				0.0	0.0		unmodified
P11309	3VBW	A	261	SER_only_multi_2	2	2	2.48	SER	260		2	35-45,50-80,84-305	35-45,50-80,84-305	SER,SER	/mnt/c/Users/drpat/OneDrive - UGent/Desktop/PD/Phospho-fill/Validation-allPDB/pdb_cache/3vbw.cif	SER	SER	OG	CB	ok			111.42342249649535	ARG:258	ARG	NH2	6.1040712223037	0.0	0.0	GLN:264	GLN	NE2	5.996344637449477	HOH:363	O	7.118015959314252	0.0	9.0	none_obvious			intermediate				0.0	0.0		unmodified
P11309	3VBW	A	276	SER_only_multi_2	2	2	2.48	SER	260		2	35-45,50-80,84-305	35-45,50-80,84-305	SER,SER	/mnt/c/Users/drpat/OneDrive - UGent/Desktop/PD/Phospho-fill/Validation-allPDB/pdb_cache/3vbw.cif	SER	SER	OG	CB	ok			-127.31556994389307	ARG:274	ARG	NH1	3.251770654630253	1.0	1.0	ARG:274	ARG	NH1	3.251770654630253	HOH:14	O	2.73432210691355	1.0	22.0	salt_bridge_like			intermediate				0.0	0.0		unmodified
P11309	3VBX	A	261	SER_only_multi_2	2	2	2.03	SER	261		2	35-80,84-305	35-80,84-305	SER,SER	/mnt/c/Users/drpat/OneDrive - UGent/Desktop/PD/Phospho-fill/Validation-allPDB/pdb_cache/3vbx.cif	SER	SER	OG	CB	ok			113.75969665867193	ARG:258	ARG	NH2	5.71474098551097	0.0	1.0	GLU:262	GLU	OE1	5.12000769593393	HOH:24	O	2.9946246744607334	2.0	16.0	water_mediated_like			exposed				0.0	0.0		unmodified
P11309	3VBX	A	276	SER_only_multi_2	2	2	2.03	SER	261		2	35-80,84-305	35-80,84-305	SER,SER	/mnt/c/Users/drpat/OneDrive - UGent/Desktop/PD/Phospho-fill/Validation-allPDB/pdb_cache/3vbx.cif	SER	SER	OG	CB	ok			-115.6542253658529	ARG:274	ARG	NE	2.970162656513364	1.0	1.0	ARG:274	ARG	NE	2.970162656513364	HOH:370	O	2.5384905741465666	1.0	24.0	salt_bridge_like			buried				0.0	0.0		unmodified
P11309	3VBY	A	261	SER_only_multi_2	2	2	2.27	SER	262		2	35-79,84-305	35-79,84-305	SER,SER	/mnt/c/Users/drpat/OneDrive - UGent/Desktop/PD/Phospho-fill/Validation-allPDB/pdb_cache/3vby.cif	SER	SER	OG	CB	ok			124.3142752857322	ARG:258	ARG	NH2	5.686065175991233	0.0	1.0	ARG:258	ARG	NH2	5.686065175991233	HOH:333	O	3.121872015911135	1.0	11.0	water_mediated_like			intermediate				0.0	0.0		unmodified
P11309	3VBY	A	276	SER_only_multi_2	2	2	2.27	SER	262		2	35-79,84-305	35-79,84-305	SER,SER	/mnt/c/Users/drpat/OneDrive - UGent/Desktop/PD/Phospho-fill/Validation-allPDB/pdb_cache/3vby.cif	SER	SER	OG	CB	ok			-113.90287610288088	ARG:274	ARG	NH2	3.7825742117056524	1.0	1.0	ARG:274	ARG	NH2	3.7825742117056524	HOH:390	O	2.412153061402049	2.0	24.0	water_mediated_like			exposed				0.0	0.0		unmodified
P11309	3VC4	A	261	SER_only_multi_2	2	2	2.23	SER	263		2	33-306	33-306	SER,SER	/mnt/c/Users/drpat/OneDrive - UGent/Desktop/PD/Phospho-fill/Validation-allPDB/pdb_cache/3vc4.cif	SER	SER	OG	CB	ok			113.71011891197767	ARG:258	ARG	NH2	5.792169519099187	0.0	1.0	ARG:258	ARG	NH2	5.792169519099187	HOH:9	O	2.928545016924404	2.0	11.0	water_mediated_like			exposed				0.0	0.0		unmodified
P11309	3VC4	A	276	SER_only_multi_2	2	2	2.23	SER	263		2	33-306	33-306	SER,SER	/mnt/c/Users/drpat/OneDrive - UGent/Desktop/PD/Phospho-fill/Validation-allPDB/pdb_cache/3vc4.cif	SER	SER	OG	CB	ok			-118.89212164680733	ARG:274	ARG	NH2	3.9977004590054928	1.0	1.0	ARG:274	ARG	NH2	3.9977004590054928	HOH:407	O	2.835093355322766	2.0	23.0	water_mediated_like			exposed				0.0	0.0		unmodified
P35557	3VEV	A	411	SER_single	1	1	1.8	SER	443		1	12-93,99-458	12-93,99-458	SER	/mnt/c/Users/drpat/OneDrive - UGent/Desktop/PD/Phospho-fill/Validation-allPDB/pdb_cache/3vev.cif	SER	SER	OG	CB	ok			-126.24150937018575					0.0	0.0	THR:228	THR	OG1	5.558995297408264	HOH:791	O	2.5658797561529902	4.0	21.0	water_mediated_like			exposed				0.0	0.0		unmodified
P35557	3VF6	A	411	SER_single	1	1	1.86	SER	444		1	12-93,100-458	12-93,100-458	SER	/mnt/c/Users/drpat/OneDrive - UGent/Desktop/PD/Phospho-fill/Validation-allPDB/pdb_cache/3vf6.cif	SER	SER	OG	CB	ok			-120.55365394773305					0.0	0.0	THR:228	THR	OG1	5.574162596486855	HOH:694	O	2.9337748015331857	3.0	21.0	water_mediated_like			exposed				0.0	0.0		unmodified
Q02750	3VVH	A	218	SER_single	1	1	2.0	SER	679		2	62-220,226-275,306-382	62-220,226-275,306-382	SER	/mnt/c/Users/drpat/OneDrive - UGent/Desktop/PD/Phospho-fill/Validation-allPDB/pdb_cache/3vvh.cif	SER	SER	OG	CB	ok			117.38006721196528					0.0	0.0	GLN:214	GLN	NE2	3.1802588669168546				0.0	35.0	hbond_like			buried				0.0	0.0		unmodified
Q02750	3VVH	B	222	SER_only_multi_2	2	2	2.0	SER	680		2	62-275,308-382	62-275,308-382	SER,SER	/mnt/c/Users/drpat/OneDrive - UGent/Desktop/PD/Phospho-fill/Validation-allPDB/pdb_cache/3vvh.cif	SER	SER	OG	CB	ok			102.97589704597003	ARG:234	ARG	NE	6.396428678976249	0.0	0.0	ASN:221	ASN	OD1	4.448429613767321	HOH:620	O	3.281605376962275	1.0	20.0	water_mediated_like			intermediate				0.0	0.0		unmodified
Q02750	3W8Q	A	218	SER_only_multi_2	2	2	2.2	SER	681		2	39-278,305-382	39-278,305-369,371-382	SER,SER	/mnt/c/Users/drpat/OneDrive - UGent/Desktop/PD/Phospho-fill/Validation-allPDB/pdb_cache/3w8q.cif	SER	SER	OG	CB	ok			96.88572175103634	HIS:119	HIS	NE2	7.644661787621378	0.0	0.0	GLU:114	GLU	OE1	2.6644807846169796				0.0	36.0	hbond_like			buried				0.0	0.0		unmodified
Q02750	3W8Q	A	222	SER_only_multi_2	2	2	2.2	SER	681		2	39-278,305-382	39-278,305-369,371-382	SER,SER	/mnt/c/Users/drpat/OneDrive - UGent/Desktop/PD/Phospho-fill/Validation-allPDB/pdb_cache/3w8q.cif	SER	SER	OG	CB	ok			-111.36521778840518	LYS:104	LYS	NZ	6.783715325827391	0.0	0.0	GLN:110	GLN	NE2	6.552061699835534				0.0	26.0	none_obvious			buried				0.0	0.0		unmodified
P68400	3WAR	A	2	SER_single	1	1	1.04	SER	569		1	2-335	2-335	SER	/mnt/c/Users/drpat/OneDrive - UGent/Desktop/PD/Phospho-fill/Validation-allPDB/pdb_cache/3war.cif	SER	SER	OG	CB	ok			29.306865747243688					0.0	0.0	ASN:262	ASN	ND2	2.811559713710231	HOH:796	O	3.626043592821313	1.0	10.0	hbond_like			intermediate				0.0	0.0		unmodified
P11309	3WE8	A	261	SER_only_multi_2	2	2	1.954	SER	264		2	33-305	33-305	SER,SER	/mnt/c/Users/drpat/OneDrive - UGent/Desktop/PD/Phospho-fill/Validation-allPDB/pdb_cache/3we8.cif	SER	SER	OG	CB	ok			119.00204902238288	ARG:258	ARG	NH2	5.475957724337718	0.0	1.0	GLU:262	GLU	OE2	4.950606606986598	HOH:655	O	4.595089757653742	0.0	14.0	none_obvious			intermediate				0.0	0.0		unmodified
P11309	3WE8	A	276	SER_only_multi_2	2	2	1.954	SER	264		2	33-305	33-305	SER,SER	/mnt/c/Users/drpat/OneDrive - UGent/Desktop/PD/Phospho-fill/Validation-allPDB/pdb_cache/3we8.cif	SER	SER	OG	CB	ok			-116.76913865157687	ARG:274	ARG	NH1	3.9255315790688288	1.0	1.0	ARG:274	ARG	NH1	3.9255315790688288	HOH:693	O	4.496273064745814	0.0	24.0	none_obvious			buried				0.0	0.0		unmodified
Q13526	3WH0	A	72	SER_single	1	1	1.6	SER	734		1	7-38,51-163	7-38,51-163	SER	/mnt/c/Users/drpat/OneDrive - UGent/Desktop/PD/Phospho-fill/Validation-allPDB/pdb_cache/3wh0.cif	SER	SER	OG	CB	ok			-104.7080898008901	ARG:74	ARG	NE	6.037464687738261	0.0	0.0	ASP:112	ASP	OD1	2.8114680800361147	HOH:328	O	4.241001283918852	0.0	42.0	hbond_like			buried				0.0	0.0		unmodified
P68400	3WIK	A	2	SER_single	1	1	1.995	SER	570		1	2-335	2-335	SER	/mnt/c/Users/drpat/OneDrive - UGent/Desktop/PD/Phospho-fill/Validation-allPDB/pdb_cache/3wik.cif	SER	SER	OG	CB	ok			112.35102224238558					0.0	0.0	ASN:262	ASN	ND2	4.6083893532124725	HOH:597	O	6.636671381125557	0.0	6.0	none_obvious			intermediate				0.0	0.0		unmodified
P68400	3WOW	A	2	SER_single	1	1	2.5	SER	571		1	2-335	2-335	SER	/mnt/c/Users/drpat/OneDrive - UGent/Desktop/PD/Phospho-fill/Validation-allPDB/pdb_cache/3wow.cif	SER	SER	OG	CB	ok			74.93086879243518					0.0	0.0	ASN:262	ASN	ND2	3.069733161215063				0.0	9.0	hbond_like			intermediate				0.0	0.0		unmodified
Q02750	3ZLS	A	218	SER_only_multi_2	2	2	2.5	SER	682		2	39-277,307-382	39-277,307-382	SER,SER	/mnt/c/Users/drpat/OneDrive - UGent/Desktop/PD/Phospho-fill/Validation-allPDB/pdb_cache/3zls.cif	SER	SER	OG	CB	ok			126.44604485488104					0.0	0.0	GLN:214	GLN	NE2	2.811854883046824				0.0	31.0	hbond_like			buried				0.0	0.0		unmodified
Q02750	3ZLS	A	222	SER_only_multi_2	2	2	2.5	SER	682		2	39-277,307-382	39-277,307-382	SER,SER	/mnt/c/Users/drpat/OneDrive - UGent/Desktop/PD/Phospho-fill/Validation-allPDB/pdb_cache/3zls.cif	SER	SER	OG	CB	ok			-112.78354875315966	ARG:227	ARG	NH1	7.955445047318102	0.0	0.0	ASN:221	ASN	OD1	5.643037707039869	HOH:2039	O	7.45087595016426	0.0	16.0	none_obvious			intermediate				0.0	0.0		unmodified
Q02750	3ZLW	A	218	SER_single	1	1	2.12	SER	683		2	39-220,224-277,307-382	39-220,224-277,307-382	SER	/mnt/c/Users/drpat/OneDrive - UGent/Desktop/PD/Phospho-fill/Validation-allPDB/pdb_cache/3zlw.cif	SER	SER	OG	CB	ok			119.9822700554052					0.0	0.0	GLN:214	GLN	OE1	3.521594827756633				0.0	32.0	none_obvious			buried				0.0	0.0		unmodified
Q02750	3ZLX	A	218	SER_single	1	1	2.2	SER	684		2	39-220,224-277,307-382	39-220,224-277,307-382	SER	/mnt/c/Users/drpat/OneDrive - UGent/Desktop/PD/Phospho-fill/Validation-allPDB/pdb_cache/3zlx.cif	SER	SER	OG	CB	ok			123.07597578654827					0.0	0.0	GLN:214	GLN	OE1	4.826970620395772	HOH:2019	O	5.715062257113244	0.0	34.0	none_obvious			buried				0.0	0.0		unmodified
Q02750	3ZLY	A	218	SER_single	1	1	2.11	SER	685		2	40-77,79-220,224-277,307-382	40-77,79-220,224-277,307-382	SER	/mnt/c/Users/drpat/OneDrive - UGent/Desktop/PD/Phospho-fill/Validation-allPDB/pdb_cache/3zly.cif	SER	SER	OG	CB	ok			122.03796907563624					0.0	0.0	GLN:214	GLN	OE1	3.2758708078399073				0.0	30.0	hbond_like			buried				0.0	0.0		unmodified
Q02750	3ZM4	A	218	SER_single	1	1	2.37	SER	686		2	40-220,225-277,307-351,353-382	40-220,225-277,307-351,353-382	SER	/mnt/c/Users/drpat/OneDrive - UGent/Desktop/PD/Phospho-fill/Validation-allPDB/pdb_cache/3zm4.cif	SER	SER	OG	CB	ok			116.98057887338553					0.0	0.0	GLN:214	GLN	OE1	3.203340894991429				0.0	33.0	hbond_like			buried				0.0	0.0		unmodified
P11309	4A7C	A	276	SER_single	1	1	2.3	SER	265		2	32-305	32-305	SER	/mnt/c/Users/drpat/OneDrive - UGent/Desktop/PD/Phospho-fill/Validation-allPDB/pdb_cache/4a7c.cif	SER	SER	OG	CB	ok			-116.03254205965523	ARG:274	ARG	NE	4.703360243374562	0.0	1.0	ASP:277	ASP	OD1	4.4951504762680665	HOH:2174	O	2.667691636900267	2.0	22.0	water_mediated_like			exposed	SEP:261	SEP	26.707956722237252	0.0	0.0		unmodified
P08200	4AJ3	A	113	SER_single	1	1	1.9	SER	200		1	1-416	1-416	SER	/mnt/c/Users/drpat/OneDrive - UGent/Desktop/PD/Phospho-fill/Validation-allPDB/pdb_cache/4aj3.cif	SER	SER	OG	CB	ok			-7.267140509844685	ARG:119	ARG	NH1	5.74666835962272	0.0	1.0	THR:105	THR	OG1	3.3323031667336442	HOH:2128	O	3.9983602577067914	1.0	34.0	hbond_like			buried				0.0	0.0		unmodified
P08200	4AJA	A	113	SER_single	1	1	1.799	SER	201		1	2-416	2-416	SER	/mnt/c/Users/drpat/OneDrive - UGent/Desktop/PD/Phospho-fill/Validation-allPDB/pdb_cache/4aja.cif	SER	SER	OG	CB	ok			-13.014127684897169	ARG:119	ARG	NH1	6.006888852709117	0.0	0.0	ASN:115	ASN	ND2	4.083892127571568	HOH:2171	O	3.6622683734914085	1.0	31.0	none_obvious			buried				0.0	0.0		unmodified
P08200	4AJB	A	113	SER_single	1	1	1.9	SER	202		1	2-416	2-416	SER	/mnt/c/Users/drpat/OneDrive - UGent/Desktop/PD/Phospho-fill/Validation-allPDB/pdb_cache/4ajb.cif	SER	SER	OG	CB	ok			-16.601759371463718	ARG:119	ARG	NH1	5.701546099575355	0.0	1.0	ASN:115	ASN	OD1	4.3375543537171835	HOH:2172	O	3.9271688755871677	1.0	37.0	none_obvious			buried				0.0	0.0		unmodified
P08200	4AJC	A	113	SER_single	1	1	2.3	SER	203		1	2-416	2-416	SER	/mnt/c/Users/drpat/OneDrive - UGent/Desktop/PD/Phospho-fill/Validation-allPDB/pdb_cache/4ajc.cif	SER	SER	OG	CB	ok			-5.928014956729205	ARG:119	ARG	NH1	5.7798428876092185	0.0	1.0	ASN:115	ASN	OD1	4.284982077533881	HOH:2131	O	4.867874612453645	0.0	32.0	none_obvious			buried				0.0	0.0		unmodified
P08200	4AJS	A	113	SER_single	1	1	1.802	SER	204		1	2-416	2-416	SER	/mnt/c/Users/drpat/OneDrive - UGent/Desktop/PD/Phospho-fill/Validation-allPDB/pdb_cache/4ajs.cif	SER	SER	OG	CB	ok			-15.623652171306446	ARG:119	ARG	NH1	5.8519831522451975	0.0	1.0	ASN:115	ASN	OD1	4.316523704180181	HOH:2188	O	4.337993457995583	0.0	34.0	none_obvious			buried				0.0	0.0		unmodified
P11309	4ALW	A	261	SER_only_multi_2	2	2	1.92	SER	266		2	34-306	34-306	SER,SER	/mnt/c/Users/drpat/OneDrive - UGent/Desktop/PD/Phospho-fill/Validation-allPDB/pdb_cache/4alw.cif	SER	SER	OG	CB	ok			120.15944355034134	ARG:258	ARG	NH2	5.819671516364409	0.0	1.0	GLN:264	GLN	OE1	5.688506032233435	HOH:2281	O	3.2877693876946323	1.0	13.0	water_mediated_like			intermediate				0.0	0.0		unmodified
P11309	4ALW	A	276	SER_only_multi_2	2	2	1.92	SER	266		2	34-306	34-306	SER,SER	/mnt/c/Users/drpat/OneDrive - UGent/Desktop/PD/Phospho-fill/Validation-allPDB/pdb_cache/4alw.cif	SER	SER	OG	CB	ok			-120.0245901791442	ARG:274	ARG	NH1	2.5326067220471336	1.0	1.0	ARG:274	ARG	NH1	2.5326067220471336	HOH:2297	O	2.791493716662051	3.0	24.0	salt_bridge_like			exposed				0.0	0.0		unmodified
P11309	4AS0	A	261	SER_only_multi_2	2	2	2.3	SER	267		2	33-305	33-305	SER,SER	/mnt/c/Users/drpat/OneDrive - UGent/Desktop/PD/Phospho-fill/Validation-allPDB/pdb_cache/4as0.cif	SER	SER	OG	CB	ok			121.27539417155698	ARG:258	ARG	NH2	5.2560118805012515	0.0	1.0	ARG:258	ARG	NH2	5.2560118805012515	HOH:2117	O	2.784073372321076	1.0	9.0	water_mediated_like			intermediate				0.0	0.0		unmodified
P11309	4AS0	A	276	SER_only_multi_2	2	2	2.3	SER	267		2	33-305	33-305	SER,SER	/mnt/c/Users/drpat/OneDrive - UGent/Desktop/PD/Phospho-fill/Validation-allPDB/pdb_cache/4as0.cif	SER	SER	OG	CB	ok			-120.98427844155025	ARG:274	ARG	NH2	3.2861486056873535	1.0	1.0	ARG:274	ARG	NH2	3.2861486056873535	HOH:2126	O	3.104793139786836	1.0	24.0	salt_bridge_like			buried				0.0	0.0		unmodified
P08200	4BNP	A	113	SER_single	1	1	2.0	SER	205		1	2-416	2-416	SER	/mnt/c/Users/drpat/OneDrive - UGent/Desktop/PD/Phospho-fill/Validation-allPDB/pdb_cache/4bnp.cif	SER	SER	OG	CB	ok			-12.87054347878052	ARG:119	ARG	NH1	5.791750227449983	0.0	1.0	ASN:115	ASN	OD1	4.242315930187582	HOH:2525	O	4.53259669408704	0.0	35.0	none_obvious			buried				0.0	0.0		unmodified
P39579	4BPH	A	36	SER_single	1	1	1.8	SER	457		1	1-78	1-78	SER	/mnt/c/Users/drpat/OneDrive - UGent/Desktop/PD/Phospho-fill/Validation-allPDB/pdb_cache/4bph.cif	SER				missing_anchor_or_base																													
P11309	4BZN	A	276	SER_single	1	1	1.9	SER	268		2	33-305	33-305	SER	/mnt/c/Users/drpat/OneDrive - UGent/Desktop/PD/Phospho-fill/Validation-allPDB/pdb_cache/4bzn.cif	SER	SER	OG	CB	ok			-114.21179529837997	ARG:274	ARG	NH2	4.01242388403155	0.0	1.0	ARG:274	ARG	NH2	4.01242388403155	HOH:2153	O	3.4089205504431654	1.0	24.0	water_mediated_like			buried	SEP:261	SEP	26.58589018576544	0.0	0.0		unmodified
P11309	4BZO	A	276	SER_single	1	1	2.1	SER	269		2	33-305	33-305	SER	/mnt/c/Users/drpat/OneDrive - UGent/Desktop/PD/Phospho-fill/Validation-allPDB/pdb_cache/4bzo.cif	SER	SER	OG	CB	ok			-112.07314464736005	ARG:274	ARG	NH2	3.9332878966179923	1.0	1.0	ARG:274	ARG	NH2	3.9332878966179923	HOH:2124	O	3.4772265572264915	1.0	23.0	water_mediated_like			intermediate	SEP:261	SEP	26.87363015499753	0.0	0.0		unmodified
P07949	4CKI	A	909	SER_mixed_with_TYR	1	3	2.116	SER	156		5	705-822,842-1013	705-822,842-1013	SER	/mnt/c/Users/drpat/OneDrive - UGent/Desktop/PD/Phospho-fill/Validation-allPDB/pdb_cache/4cki.cif	SER	SER	OG	CB	ok			-121.92238195820029	LYS:907	LYS	NZ	2.9873559737627344	1.0	1.0	LYS:907	LYS	NZ	2.9873559737627344	HOH:3148	O	2.7121047630434254	1.0	24.0	salt_bridge_like			buried	PTR:905	PTR	6.719024499138386	1.0	1.0	PTR:905@6.72	unmodified
P07949	4CKJ	A	909	SER_mixed_with_TYR	1	4	1.65	SER	157		5	705-822,844-1013	705-822,844-1013	SER	/mnt/c/Users/drpat/OneDrive - UGent/Desktop/PD/Phospho-fill/Validation-allPDB/pdb_cache/4ckj.cif	SER	SER	OG	CB	ok			-124.5748762534637	LYS:907	LYS	NZ	2.99443389216853	1.0	1.0	LYS:907	LYS	NZ	2.99443389216853	HOH:3079	O	2.7075568175388325	1.0	22.0	salt_bridge_like			intermediate	PTR:905	PTR	6.8225488214885655	1.0	1.0	PTR:905@6.82	unmodified
P04150	4CSJ	A	617	SER_single	1	1	2.3	SER	94		2	530-776	530-776	SER	/mnt/c/Users/drpat/OneDrive - UGent/Desktop/PD/Phospho-fill/Validation-allPDB/pdb_cache/4csj.cif	SER	SER	OG	CB	ok			9.083218713990755	HIS:654	HIS	CE1	7.530083910327241	0.0	0.0	SER:616	SER	OG	6.057788328899575				0.0	10.0	none_obvious			intermediate				0.0	0.0		unmodified
P35557	4DCH	A	411	SER_single	1	1	1.79	SER	445		1	9-94,97-153,179-465	9-94,97-153,179-465	SER	/mnt/c/Users/drpat/OneDrive - UGent/Desktop/PD/Phospho-fill/Validation-allPDB/pdb_cache/4dch.cif	SER	SER	OG	CB	ok			-127.31462312507804					0.0	0.0	THR:228	THR	OG1	4.953456805090173	HOH:822	O	3.3453455250602824	1.0	21.0	water_mediated_like			intermediate				0.0	0.0		unmodified
P35557	4DHY	A	411	SER_single	1	1	2.38	SER	446		1	12-92,100-458	12-92,100-458	SER	/mnt/c/Users/drpat/OneDrive - UGent/Desktop/PD/Phospho-fill/Validation-allPDB/pdb_cache/4dhy.cif	SER	SER	OG	CB	ok			-129.309863719721					0.0	0.0	THR:228	THR	OG1	5.4384576277178835	HOH:654	O	2.571223795902041	3.0	20.0	water_mediated_like			exposed				0.0	0.0		unmodified
P11309	4DTK	A	261	SER_only_multi_2	2	2	1.86	SER	270		2	33-305	33-305	SER,SER	/mnt/c/Users/drpat/OneDrive - UGent/Desktop/PD/Phospho-fill/Validation-allPDB/pdb_cache/4dtk.cif	SER	SER	OG	CB	ok			107.73353084706832	ARG:258	ARG	NH2	5.661632185622906	0.0	1.0	ARG:258	ARG	NH2	5.661632185622906	HOH:688	O	4.5261337845096925	0.0	14.0	none_obvious			intermediate				0.0	0.0		unmodified
P11309	4DTK	A	276	SER_only_multi_2	2	2	1.86	SER	270		2	33-305	33-305	SER,SER	/mnt/c/Users/drpat/OneDrive - UGent/Desktop/PD/Phospho-fill/Validation-allPDB/pdb_cache/4dtk.cif	SER	SER	OG	CB	ok			-108.10342139274518	ARG:274	ARG	NH1	3.5821687215324847	1.0	1.0	ARG:274	ARG	NH1	3.5821687215324847	HOH:609	O	2.866001042116466	1.0	23.0	water_mediated_like			intermediate				0.0	0.0		unmodified
P31749	4EKL	A	477	SER_mixed_with_ASP	1	2	2.0	SER	427		3	144-451,457-478	144-451,457-478	SER	/mnt/c/Users/drpat/OneDrive - UGent/Desktop/PD/Phospho-fill/Validation-allPDB/pdb_cache/4ekl.cif	SER	SER	OG	CB	ok			103.17165031040876					0.0	0.0	SER:478	SER	OG	6.177789944734685	HOH:609	O	6.633360703066576	0.0	8.0	none_obvious			intermediate	TPO:308	TPO	30.305947914392586	0.0	0.0		unmodified
Q15843	4F8C	B	65	SER_single	1	1	1.95	SER	880		1	1-74	1-74	SER	/mnt/c/Users/drpat/OneDrive - UGent/Desktop/PD/Phospho-fill/Validation-allPDB/pdb_cache/4f8c.cif	SER	SER	OG	CB	ok			102.35212913113118					0.0	0.0	TYR:45	TYR	OH	2.852556537639148	HOH:107	O	4.355248900871335	0.0	37.0	hbond_like			buried				0.0	0.0		unmodified
Q9UBU7	4F99	B	226	SER_single	1	1	2.33	SER	1018		1	214-254,294-342	214-254,294-342	SER	/mnt/c/Users/drpat/OneDrive - UGent/Desktop/PD/Phospho-fill/Validation-allPDB/pdb_cache/4f99.cif	SER	SER	OG	CB	ok			-107.95959960721589					0.0	0.0	ASP:224	ASP	OD1	2.8001216837200786				0.0	21.0	hbond_like			intermediate				0.0	0.0		unmodified
Q9UBU7	4F9A	B	226	SER_single	1	1	2.17	SER	1019		1	214-254,294-342	214-254,294-342	SER	/mnt/c/Users/drpat/OneDrive - UGent/Desktop/PD/Phospho-fill/Validation-allPDB/pdb_cache/4f9a.cif	SER	SER	OG	CB	ok			-98.49374569233746					0.0	0.0	ASP:224	ASP	OD1	2.602350182533451				0.0	26.0	hbond_like			buried				0.0	0.0		unmodified
Q9UBU7	4F9B	B	226	SER_single	1	1	2.5	SER	1020		1	214-254,294-342	214-254,294-342	SER	/mnt/c/Users/drpat/OneDrive - UGent/Desktop/PD/Phospho-fill/Validation-allPDB/pdb_cache/4f9b.cif	SER	SER	OG	CB	ok			-116.93944736820427					0.0	0.0	ASP:224	ASP	OD1	2.841480914100385				0.0	22.0	hbond_like			intermediate				0.0	0.0		unmodified
Q9UBU7	4F9C	B	226	SER_single	1	1	2.08	SER	1021		1	214-227,230-254,294-342	214-227,230-254,294-342	SER	/mnt/c/Users/drpat/OneDrive - UGent/Desktop/PD/Phospho-fill/Validation-allPDB/pdb_cache/4f9c.cif	SER	SER	OG	CB	ok			-122.97570521346216					0.0	0.0	ASP:224	ASP	OD1	3.216060655297221				0.0	17.0	hbond_like			intermediate				0.0	0.0		unmodified
Q15843	4FBJ	B	65	SER_single	1	1	1.6	SER	881		1	1-74	1-74	SER	/mnt/c/Users/drpat/OneDrive - UGent/Desktop/PD/Phospho-fill/Validation-allPDB/pdb_cache/4fbj.cif	SER	SER	OG	CB	ok			112.93339809787288					0.0	0.0	TYR:45	TYR	OH	3.184942226989088	HOH:176	O	2.910551953608178	2.0	38.0	hbond_like			exposed				0.0	0.0		unmodified
P68400	4FBX	A	2	SER_single	1	1	2.33	SER	572		1	2-334	2-334	SER	/mnt/c/Users/drpat/OneDrive - UGent/Desktop/PD/Phospho-fill/Validation-allPDB/pdb_cache/4fbx.cif	SER	SER	OG	CB	ok			8.51975362567352					0.0	0.0	ASN:262	ASN	ND2	6.567658168637642				0.0	2.0	none_obvious			intermediate				0.0	0.0		unmodified
Q15637	4FXX	A	82	SER_single	1	1	2.4801	SER	876		2	33-74,81-131	33-74,81-131	SER	/mnt/c/Users/drpat/OneDrive - UGent/Desktop/PD/Phospho-fill/Validation-allPDB/pdb_cache/4fxx.cif	SER	SER	OG	CB	ok			119.34685986216972	ARG:100	ARG	NH2	4.994436766422521	0.0	1.0	ARG:100	ARG	NH2	4.994436766422521	HOH:310	O	2.2456827822195033	1.0	13.0	water_mediated_like			intermediate				0.0	0.0		unmodified
P20906	4GG1	A	26	SER_single	1	1	1.069	SER	373		1	2-526	2-526	SER	/mnt/c/Users/drpat/OneDrive - UGent/Desktop/PD/Phospho-fill/Validation-allPDB/pdb_cache/4gg1.cif	SER	SER	OG	CB	ok			118.11217866707081	HIS:70	HIS	CE1	5.334632885378666	0.0	1.0	HIS:70	HIS	ND1	5.851974965338613	HOH:1059	O	2.7733182898269666	2.0	13.0	water_mediated_like			exposed				0.0	0.0		unmodified
P20906	4GM0	A	26	SER_single	1	1	1.07	SER	374		1	2-526	2-526	SER	/mnt/c/Users/drpat/OneDrive - UGent/Desktop/PD/Phospho-fill/Validation-allPDB/pdb_cache/4gm0.cif	SER	SER	OG	CB	ok			119.11053994384392	HIS:70	HIS	CE1	5.45337840794262	0.0	1.0	HIS:70	HIS	ND1	5.893164423207776	HOH:1010	O	2.8013301490985456	1.0	12.0	water_mediated_like			intermediate				0.0	0.0		unmodified
P20906	4GM1	A	26	SER_single	1	1	1.26	SER	375		1	2-526	2-526	SER	/mnt/c/Users/drpat/OneDrive - UGent/Desktop/PD/Phospho-fill/Validation-allPDB/pdb_cache/4gm1.cif	SER	SER	OG	CB	ok			-129.37527941164888	HIS:70	HIS	CE1	4.1163266775027285	0.0	1.0	ASN:27	ASN	OD1	4.289623242737914	HOH:933	O	2.718899873693972	3.0	21.0	water_mediated_like			exposed				0.0	0.0		unmodified
P20906	4GM4	A	26	SER_single	1	1	1.28	SER	376		1	2-526	2-526	SER	/mnt/c/Users/drpat/OneDrive - UGent/Desktop/PD/Phospho-fill/Validation-allPDB/pdb_cache/4gm4.cif	SER	SER	OG	CB	ok			-127.30696402358045	HIS:70	HIS	CE1	4.192328447190813	0.0	1.0	ASN:27	ASN	OD1	4.232889065691932	HOH:936	O	2.779141027106115	2.0	21.0	water_mediated_like			exposed				0.0	0.0		unmodified
P20906	4GP9	A	26	SER_single	1	1	1.07	SER	377		1	2-526	2-526	SER	/mnt/c/Users/drpat/OneDrive - UGent/Desktop/PD/Phospho-fill/Validation-allPDB/pdb_cache/4gp9.cif	SER	SER	OG	CB	ok			-125.15062600501345	HIS:70	HIS	CE1	4.135009110075699	0.0	1.0	ASN:27	ASN	OD1	4.1915053584327255	HOH:959	O	2.6836961320285253	2.0	20.0	water_mediated_like			exposed				0.0	0.0		unmodified
P20906	4GPE	A	26	SER_single	1	1	1.39	SER	378		1	2-526	2-526	SER	/mnt/c/Users/drpat/OneDrive - UGent/Desktop/PD/Phospho-fill/Validation-allPDB/pdb_cache/4gpe.cif	SER	SER	OG	CB	ok			-120.869017157277	HIS:70	HIS	CE1	4.533917911054046	0.0	1.0	ASN:27	ASN	OD1	4.253023278562895	HOH:879	O	2.7975908800787836	2.0	21.0	water_mediated_like			exposed				0.0	0.0		unmodified
P68400	4GRB	A	2	SER_single	1	1	2.15	SER	573		1	2-328	2-328	SER	/mnt/c/Users/drpat/OneDrive - UGent/Desktop/PD/Phospho-fill/Validation-allPDB/pdb_cache/4grb.cif	SER	SER	OG	CB	ok			-116.34047070689513					0.0	0.0	ASN:262	ASN	OD1	6.003637264787396				0.0	6.0	none_obvious			intermediate				0.0	0.0		unmodified
O43318	4GS6	A	192	SER_single	1	1	2.2	SER	32		2	31-177,191-303	31-177,191-303	SER	/mnt/c/Users/drpat/OneDrive - UGent/Desktop/PD/Phospho-fill/Validation-allPDB/pdb_cache/4gs6.cif	SER	SER	OG	CB	ok			126.52646209934827	LYS:158	LYS	NZ	2.7918681588031204	1.0	1.0	ASP:156	ASP	OD1	2.709704561758204	HOH:723	O	4.1638524018188505	0.0	21.0	salt_bridge_like			intermediate				0.0	0.0		unmodified
P04629	4GT5	A	677	SER_single	1	1	2.398	SER	124		2	498-534,537-548,550-610,614-793	498-534,537-548,550-610,614-793	SER	/mnt/c/Users/drpat/OneDrive - UGent/Desktop/PD/Phospho-fill/Validation-allPDB/pdb_cache/4gt5.cif	SER	SER	OG	CB	ok			-108.80821981122406	ARG:682	ARG	NH2	4.755386508544031	0.0	1.0	ARG:682	ARG	NH2	4.755386508544031	HOH:810	O	2.968868639750404	1.0	22.0	water_mediated_like			intermediate				0.0	0.0		unmodified
P68400	4GUB	A	2	SER_single	1	1	2.2	SER	574		1	2-330	2-330	SER	/mnt/c/Users/drpat/OneDrive - UGent/Desktop/PD/Phospho-fill/Validation-allPDB/pdb_cache/4gub.cif	SER	SER	OG	CB	ok			14.511846509545661					0.0	0.0	GLU:264	GLU	OE1	4.0576991163664555	HOH:643	O	3.145394258400385	2.0	13.0	water_mediated_like			exposed				0.0	0.0		unmodified
P31749	4GV1	A	477	SER_mixed_with_ASP	1	2	1.49	SER	428		3	144-451,457-477	144-451,457-477	SER	/mnt/c/Users/drpat/OneDrive - UGent/Desktop/PD/Phospho-fill/Validation-allPDB/pdb_cache/4gv1.cif	SER	SER	OG	CB	ok			102.16507854953072					0.0	0.0	TYR:474	TYR	OH	6.805418181558406	HOH:703	O	4.695889100715966	0.0	5.0	none_obvious			intermediate	TPO:308	TPO	30.12262939250123	0.0	0.0		unmodified
P11309	4GW8	A	261	SER_only_multi_2	2	2	2.0	SER	271		2	33-305	33-305	SER,SER	/mnt/c/Users/drpat/OneDrive - UGent/Desktop/PD/Phospho-fill/Validation-allPDB/pdb_cache/4gw8.cif	SER	SER	OG	CB	ok			114.71327383894031	ARG:258	ARG	NH1	6.012689569577016	0.0	0.0	GLU:262	GLU	OE1	5.079044776685239	HOH:509	O	3.371837463348822	1.0	14.0	water_mediated_like			intermediate				0.0	0.0		unmodified
P11309	4GW8	A	276	SER_only_multi_2	2	2	2.0	SER	271		2	33-305	33-305	SER,SER	/mnt/c/Users/drpat/OneDrive - UGent/Desktop/PD/Phospho-fill/Validation-allPDB/pdb_cache/4gw8.cif	SER	SER	OG	CB	ok			-120.15676360596952	ARG:274	ARG	NH1	3.5299643044612923	1.0	1.0	ARG:274	ARG	NH1	3.5299643044612923	HOH:623	O	3.1845148257193228	1.0	22.0	water_mediated_like			intermediate				0.0	0.0		unmodified
P62987	4HJK	A	65	SER_single	1	1	1.784	SER	525		1	1-76	1-76	SER	/mnt/c/Users/drpat/OneDrive - UGent/Desktop/PD/Phospho-fill/Validation-allPDB/pdb_cache/4hjk.cif	SER	SER	OG	CB	ok			110.28537464073659					0.0	0.0	GLN:62	GLN	NE2	6.118805152788548	HOH:202	O	5.690593109552371	0.0	36.0	none_obvious			buried				0.0	0.0		unmodified
P68400	4IB5	C	2	SER_single	1	1	2.2	SER	575		1	2-333	2-333	SER	/mnt/c/Users/drpat/OneDrive - UGent/Desktop/PD/Phospho-fill/Validation-allPDB/pdb_cache/4ib5.cif	SER	SER	OG	CB	ok			0.9655855266342458					0.0	0.0	ASN:262	ASN	ND2	2.914518861046047	HOH:565	O	3.849590164583057	1.0	8.0	hbond_like			intermediate				0.0	0.0		unmodified
Q9Y052	4IQB	A	127	SER_single	1	1	1.13	SER	1025		1	24-311	24-311	SER	/mnt/c/Users/drpat/OneDrive - UGent/Desktop/PD/Phospho-fill/Validation-allPDB/pdb_cache/4iqb.cif	SER	SER	OG	CB	ok			99.27513565444787	ARG:117	ARG	NH2	7.327344706913155	0.0	0.0	THR:126	THR	OG1	4.329872465244141	HOH:553	O	3.5002237964623313	1.0	8.0	none_obvious			intermediate				0.0	0.0		unmodified
Q9Y052	4IRR	A	127	SER_single	1	1	2.48	SER	1026		1	23-312	23-312	SER	/mnt/c/Users/drpat/OneDrive - UGent/Desktop/PD/Phospho-fill/Validation-allPDB/pdb_cache/4irr.cif	SER	SER	OG	CB	ok			110.75771292052205	ARG:117	ARG	NH1	7.586810667006241	0.0	0.0	THR:126	THR	OG1	4.6023224701324015	HOH:585	O	2.442068635375323	2.0	9.0	water_mediated_like			exposed				0.0	0.0		unmodified
P20906	4JD5	A	26	SER_single	1	1	1.33	SER	379		1	2-526	2-526	SER	/mnt/c/Users/drpat/OneDrive - UGent/Desktop/PD/Phospho-fill/Validation-allPDB/pdb_cache/4jd5.cif	SER	SER	OG	CB	ok			-118.36431822659637	HIS:70	HIS	CE1	4.409916245806215	0.0	1.0	ASN:27	ASN	OD1	4.216009857573827	HOH:850	O	2.7136604445026205	1.0	20.0	water_mediated_like			intermediate				0.0	0.0		unmodified
P9WKD3	4JLF	A	84	SER_single	1	1	2.1	SER	666		1	43-307	43-307	SER	/mnt/c/Users/drpat/OneDrive - UGent/Desktop/PD/Phospho-fill/Validation-allPDB/pdb_cache/4jlf.cif	SER	SER	OG	CB	ok			109.6558075357559	LYS:87	LYS	NZ	2.7912217511851094	1.0	2.0	LYS:87	LYS	NZ	2.7912217511851094	HOH:704	O	2.502589751421102	2.0	40.0	salt_bridge_like			exposed				0.0	0.0		unmodified
P42336	4JPS	A	7	SER_only_multi_3	3	3	2.2	SER	459		3	2-227,244-313,324-497,525-863,872-1061	2-227,244-313,324-497,525-863,872-1061	SER,SER,SER	/mnt/c/Users/drpat/OneDrive - UGent/Desktop/PD/Phospho-fill/Validation-allPDB/pdb_cache/4jps.cif	SER	SER	OG	CB	ok			113.82885067776351	ARG:4	ARG	NH2	4.256073022456217	0.0	1.0	GLU:710	GLU	OE1	2.6620487136173927	HOH:1317	O	2.7063163722319303	1.0	36.0	hbond_like			buried				0.0	0.0		unmodified
P42336	4JPS	A	158	SER_only_multi_3	3	3	2.2	SER	459		3	2-227,244-313,324-497,525-863,872-1061	2-227,244-313,324-497,525-863,872-1061	SER,SER,SER	/mnt/c/Users/drpat/OneDrive - UGent/Desktop/PD/Phospho-fill/Validation-allPDB/pdb_cache/4jps.cif	SER	SER	OG	CB	ok			27.747333269936167	ARG:162	ARG	NE	2.7252844544144934	1.0	1.0	ARG:162	ARG	NE	2.7252844544144934	HOH:1437	O	6.792820921974078	0.0	31.0	salt_bridge_like			buried				0.0	0.0		unmodified
P42336	4JPS	A	790	SER_only_multi_3	3	3	2.2	SER	459		3	2-227,244-313,324-497,525-863,872-1061	2-227,244-313,324-497,525-863,872-1061	SER,SER,SER	/mnt/c/Users/drpat/OneDrive - UGent/Desktop/PD/Phospho-fill/Validation-allPDB/pdb_cache/4jps.cif	SER	SER	OG	CB	ok			-116.2170256856701	ARG:765	ARG	NH2	6.818920012320528	0.0	0.0	GLN:795	GLN	NE2	3.5040286776539373	HOH:1218	O	2.789289002763578	2.0	44.0	water_mediated_like			exposed				0.0	0.0		unmodified
P20906	4JU8	A	26	SER_single	1	1	1.251	SER	380		1	2-526	2-526	SER	/mnt/c/Users/drpat/OneDrive - UGent/Desktop/PD/Phospho-fill/Validation-allPDB/pdb_cache/4ju8.cif	SER	SER	OG	CB	ok			-126.11671611342915					0.0	0.0	ASN:27	ASN	OD1	4.145805298256157	HOH:915	O	2.8223746385756363	2.0	20.0	water_mediated_like			exposed				0.0	0.0		unmodified
P20906	4JU9	A	26	SER_single	1	1	1.124	SER	381		1	2-525	2-525	SER	/mnt/c/Users/drpat/OneDrive - UGent/Desktop/PD/Phospho-fill/Validation-allPDB/pdb_cache/4ju9.cif	SER	SER	OG	CB	ok			-120.00407176846487					0.0	0.0	ASN:27	ASN	OD1	3.971839632783061	HOH:1002	O	2.782237015064378	2.0	18.0	water_mediated_like			exposed				0.0	0.0		unmodified
P20906	4JUA	A	26	SER_single	1	1	1.15	SER	382		1	2-526	2-526	SER	/mnt/c/Users/drpat/OneDrive - UGent/Desktop/PD/Phospho-fill/Validation-allPDB/pdb_cache/4jua.cif	SER	SER	OG	CB	ok			120.80996730190824					0.0	0.0	ASN:27	ASN	OD1	5.979170151612529	HOH:715	O	3.3195452489849013	1.0	10.0	water_mediated_like			intermediate				0.0	0.0		unmodified
P20906	4JUB	A	26	SER_single	1	1	1.901	SER	383		1	2-525	2-525	SER	/mnt/c/Users/drpat/OneDrive - UGent/Desktop/PD/Phospho-fill/Validation-allPDB/pdb_cache/4jub.cif	SER	SER	OG	CB	ok			118.73395333410394					0.0	0.0	ASN:27	ASN	OD1	5.822083791236627	HOH:707	O	3.4456069347997595	1.0	9.0	water_mediated_like			intermediate				0.0	0.0		unmodified
P20906	4JUF	A	26	SER_single	1	1	2.148	SER	384		1	2-525	2-525	SER	/mnt/c/Users/drpat/OneDrive - UGent/Desktop/PD/Phospho-fill/Validation-allPDB/pdb_cache/4juf.cif	SER	SER	OG	CB	ok			-121.8967232491738	HIS:70	HIS	CE1	4.249421215276836	0.0	1.0	ASN:27	ASN	OD1	4.244224382582701	HOH:795	O	2.984704154575258	2.0	19.0	water_mediated_like			exposed				0.0	0.0		unmodified
P11309	4JX3	A	261	SER_only_multi_2	2	2	2.5	SER	272		2	33-306	33-306	SER,SER	/mnt/c/Users/drpat/OneDrive - UGent/Desktop/PD/Phospho-fill/Validation-allPDB/pdb_cache/4jx3.cif	SER	SER	OG	CB	ok			126.12252378305607	ARG:258	ARG	NH2	4.851892617821589	0.0	1.0	ARG:258	ARG	NH2	4.851892617821589	HOH:415	O	3.0223038515179397	2.0	15.0	water_mediated_like			exposed				0.0	0.0		unmodified
P11309	4JX3	A	276	SER_only_multi_2	2	2	2.5	SER	272		2	33-306	33-306	SER,SER	/mnt/c/Users/drpat/OneDrive - UGent/Desktop/PD/Phospho-fill/Validation-allPDB/pdb_cache/4jx3.cif	SER	SER	OG	CB	ok			-92.65345192348762	ARG:274	ARG	NE	5.431799494164127	0.0	1.0	ASP:277	ASP	OD1	4.045274585133178	HOH:401	O	7.042056073320767	0.0	21.0	none_obvious			intermediate				0.0	0.0		unmodified
P11309	4JX7	A	261	SER_only_multi_2	2	2	2.4	SER	273		2	33-306	33-306	SER,SER	/mnt/c/Users/drpat/OneDrive - UGent/Desktop/PD/Phospho-fill/Validation-allPDB/pdb_cache/4jx7.cif	SER	SER	OG	CB	ok			121.74957980561928	ARG:258	ARG	NH2	5.613367980452496	0.0	1.0	ARG:258	ARG	NH2	5.613367980452496	HOH:535	O	2.9001879704716833	1.0	13.0	water_mediated_like			intermediate				0.0	0.0		unmodified
P11309	4JX7	A	276	SER_only_multi_2	2	2	2.4	SER	273		2	33-306	33-306	SER,SER	/mnt/c/Users/drpat/OneDrive - UGent/Desktop/PD/Phospho-fill/Validation-allPDB/pdb_cache/4jx7.cif	SER	SER	OG	CB	ok			-106.32478011416597	ARG:274	ARG	NH2	3.831504082423932	1.0	1.0	ARG:274	ARG	NH2	3.831504082423932	HOH:550	O	6.160598805349478	0.0	24.0	none_obvious			buried				0.0	0.0		unmodified
P11309	4K0Y	A	261	SER_only_multi_2	2	2	1.954	SER	274		2	33-306	33-306	SER,SER	/mnt/c/Users/drpat/OneDrive - UGent/Desktop/PD/Phospho-fill/Validation-allPDB/pdb_cache/4k0y.cif	SER	SER	OG	CB	ok			114.62411662509557	ARG:258	ARG	NH1	5.4847193250187845	0.0	1.0	ARG:258	ARG	NH1	5.4847193250187845	HOH:671	O	3.0115431088233766	3.0	16.0	water_mediated_like			exposed				0.0	0.0		unmodified
P11309	4K0Y	A	276	SER_only_multi_2	2	2	1.954	SER	274		2	33-306	33-306	SER,SER	/mnt/c/Users/drpat/OneDrive - UGent/Desktop/PD/Phospho-fill/Validation-allPDB/pdb_cache/4k0y.cif	SER	SER	OG	CB	ok			-112.11313446526111	ARG:274	ARG	NH2	3.3937314719342884	1.0	1.0	ARG:274	ARG	NH2	3.3937314719342884	HOH:604	O	4.528572131691739	0.0	24.0	salt_bridge_like			buried				0.0	0.0		unmodified
P11309	4K18	A	261	SER_only_multi_2	2	2	2.051	SER	275		2	32-308	32-308	SER,SER	/mnt/c/Users/drpat/OneDrive - UGent/Desktop/PD/Phospho-fill/Validation-allPDB/pdb_cache/4k18.cif	SER	SER	OG	CB	ok			111.90602041281709	ARG:258	ARG	NH1	5.552263938239039	0.0	1.0	ARG:258	ARG	NH1	5.552263938239039	HOH:517	O	3.5988199113698545	1.0	14.0	none_obvious			intermediate				0.0	0.0		unmodified
P11309	4K18	A	276	SER_only_multi_2	2	2	2.051	SER	275		2	32-308	32-308	SER,SER	/mnt/c/Users/drpat/OneDrive - UGent/Desktop/PD/Phospho-fill/Validation-allPDB/pdb_cache/4k18.cif	SER	SER	OG	CB	ok			-119.74238531244092	ARG:274	ARG	NH2	5.113625701503521	0.0	1.0	ASP:277	ASP	OD1	4.261943289567061	HOH:585	O	3.1510882228101824	1.0	20.0	water_mediated_like			intermediate				0.0	0.0		unmodified
P11309	4K1B	A	261	SER_only_multi_2	2	2	2.082	SER	276		2	33-305	33-305	SER,SER	/mnt/c/Users/drpat/OneDrive - UGent/Desktop/PD/Phospho-fill/Validation-allPDB/pdb_cache/4k1b.cif	SER	SER	OG	CB	ok			123.19825666340286	ARG:258	ARG	NH1	5.56659031571962	0.0	1.0	ARG:258	ARG	NH1	5.56659031571962	HOH:600	O	3.3417538718467266	1.0	13.0	water_mediated_like			intermediate				0.0	0.0		unmodified
P11309	4K1B	A	276	SER_only_multi_2	2	2	2.082	SER	276		2	33-305	33-305	SER,SER	/mnt/c/Users/drpat/OneDrive - UGent/Desktop/PD/Phospho-fill/Validation-allPDB/pdb_cache/4k1b.cif	SER	SER	OG	CB	ok			-106.76722214675237	ARG:274	ARG	NH2	3.6109643542486713	1.0	1.0	ARG:274	ARG	NH2	3.6109643542486713	HOH:531	O	6.294849706488137	0.0	24.0	none_obvious			buried				0.0	0.0		unmodified
P20906	4K9K	A	26	SER_single	1	1	1.301	SER	385		1	2-525	2-525	SER	/mnt/c/Users/drpat/OneDrive - UGent/Desktop/PD/Phospho-fill/Validation-allPDB/pdb_cache/4k9k.cif	SER	SER	OG	CB	ok			-117.5435287122785	HIS:70	HIS	CE1	4.183732075116503	0.0	1.0	ASN:27	ASN	OD1	4.179440975506242	HOH:917	O	2.742463558287452	2.0	20.0	water_mediated_like			exposed				0.0	0.0		unmodified
P20906	4K9L	A	26	SER_single	1	1	1.649	SER	386		1	2-282,286-526	2-282,286-526	SER	/mnt/c/Users/drpat/OneDrive - UGent/Desktop/PD/Phospho-fill/Validation-allPDB/pdb_cache/4k9l.cif	SER	SER	OG	CB	ok			-122.14927183472838	HIS:70	HIS	CE1	3.9824849157439295	1.0	1.0	ASN:27	ASN	OD1	4.004007205002268	HOH:993	O	2.7392895263873958	1.0	21.0	water_mediated_like			intermediate				0.0	0.0		unmodified
P20906	4K9M	A	26	SER_single	1	1	1.15	SER	387		1	2-524	2-524	SER	/mnt/c/Users/drpat/OneDrive - UGent/Desktop/PD/Phospho-fill/Validation-allPDB/pdb_cache/4k9m.cif	SER	SER	OG	CB	ok			-121.70549079987715	HIS:70	HIS	CE1	4.169522939584267	0.0	1.0	ASN:27	ASN	OD1	4.25552562621217	HOH:795	O	2.6551379505018384	1.0	19.0	water_mediated_like			intermediate				0.0	0.0		unmodified
P20906	4K9N	A	26	SER_single	1	1	1.7	SER	388		1	2-525	2-525	SER	/mnt/c/Users/drpat/OneDrive - UGent/Desktop/PD/Phospho-fill/Validation-allPDB/pdb_cache/4k9n.cif	SER	SER	OG	CB	ok			-115.96579751463152	HIS:70	HIS	CE1	4.262798878156537	0.0	1.0	ASN:27	ASN	OD1	3.9995726960202784	HOH:896	O	2.747244017869417	1.0	19.0	water_mediated_like			intermediate				0.0	0.0		unmodified
P20906	4K9O	A	26	SER_single	1	1	1.888	SER	389		1	2-526	2-526	SER	/mnt/c/Users/drpat/OneDrive - UGent/Desktop/PD/Phospho-fill/Validation-allPDB/pdb_cache/4k9o.cif	SER	SER	OG	CB	ok			-117.10857896694259	HIS:70	HIS	CE1	3.86794660038304	1.0	1.0	ASN:27	ASN	OD1	3.828350190033357	HOH:1046	O	3.9865848327936475	1.0	21.0	none_obvious			intermediate				0.0	0.0		unmodified
P20906	4K9P	A	26	SER_single	1	1	2.244	SER	390		1	2-526	2-526	SER	/mnt/c/Users/drpat/OneDrive - UGent/Desktop/PD/Phospho-fill/Validation-allPDB/pdb_cache/4k9p.cif	SER	SER	OG	CB	ok			-132.83256587699492	HIS:70	HIS	CE1	3.9400590168982395	1.0	1.0	ASN:27	ASN	OD1	4.067247769395057	HOH:859	O	2.897551531645422	1.0	20.0	water_mediated_like			intermediate				0.0	0.0		unmodified
P68400	4KWP	A	2	SER_single	1	1	1.25	SER	576		1	2-330	2-330	SER	/mnt/c/Users/drpat/OneDrive - UGent/Desktop/PD/Phospho-fill/Validation-allPDB/pdb_cache/4kwp.cif	SER	SER	OG	CB	ok			-128.4278087916161					0.0	0.0					HOH:844	O	6.025411492950926	0.0	3.0	none_obvious			intermediate				0.0	0.0		unmodified
P61006	4LHV	A	111	SER_single	1	1	1.95	SER	513		2	6-64,74-176	6-64,74-176	SER	/mnt/c/Users/drpat/OneDrive - UGent/Desktop/PD/Phospho-fill/Validation-allPDB/pdb_cache/4lhv.cif	SER	SER	OG	CB	ok			154.90002791178398					0.0	0.0	ASP:113	ASP	OD1	5.388117231848403	HOH:332	O	2.5435134574489235	2.0	30.0	water_mediated_like			exposed				0.0	0.0		unmodified
P61006	4LHW	A	111	SER_mixed_with_THR	1	2	1.55	SER	514		2	6-176	6-176	SER	/mnt/c/Users/drpat/OneDrive - UGent/Desktop/PD/Phospho-fill/Validation-allPDB/pdb_cache/4lhw.cif	SER	SER	OG	CB	ok			125.95213935997143	ARG:79	ARG	NH2	5.709180150028612	0.0	1.0	ASP:113	ASP	OD1	4.318892161677251	HOH:548	O	3.0712964036011567	2.0	21.0	water_mediated_like			exposed				0.0	0.0		unmodified
P11309	4LL5	A	261	SER_only_multi_2	2	2	2.0	SER	277		2	34-79,84-305	34-79,84-305	SER,SER	/mnt/c/Users/drpat/OneDrive - UGent/Desktop/PD/Phospho-fill/Validation-allPDB/pdb_cache/4ll5.cif	SER	SER	OG	CB	ok			122.52753096457337	ARG:258	ARG	NH2	5.527996503537727	0.0	1.0	GLU:262	GLU	OE1	5.057360800112993	HOH:510	O	3.232900121986931	1.0	12.0	water_mediated_like			intermediate				0.0	0.0		unmodified
P11309	4LL5	A	276	SER_only_multi_2	2	2	2.0	SER	277		2	34-79,84-305	34-79,84-305	SER,SER	/mnt/c/Users/drpat/OneDrive - UGent/Desktop/PD/Phospho-fill/Validation-allPDB/pdb_cache/4ll5.cif	SER	SER	OG	CB	ok			-121.49202378001361	ARG:274	ARG	NE	4.767926759637502	0.0	1.0	ASP:277	ASP	OD1	4.212149790273307	HOH:636	O	2.5275496696460995	2.0	23.0	water_mediated_like			exposed				0.0	0.0		unmodified
P11309	4LM5	A	261	SER_only_multi_2	2	2	2.25	SER	278		2	35-79,86-305	35-79,86-305	SER,SER	/mnt/c/Users/drpat/OneDrive - UGent/Desktop/PD/Phospho-fill/Validation-allPDB/pdb_cache/4lm5.cif	SER	SER	OG	CB	ok			111.77867414050571	ARG:258	ARG	NH2	5.966094427970014	0.0	1.0	GLN:264	GLN	OE1	5.906686409940007	HOH:547	O	4.698533685209432	0.0	10.0	none_obvious			intermediate				0.0	0.0		unmodified
P11309	4LM5	A	276	SER_only_multi_2	2	2	2.25	SER	278		2	35-79,86-305	35-79,86-305	SER,SER	/mnt/c/Users/drpat/OneDrive - UGent/Desktop/PD/Phospho-fill/Validation-allPDB/pdb_cache/4lm5.cif	SER	SER	OG	CB	ok			-109.12000211568855	ARG:274	ARG	NE	4.324089370412379	0.0	1.0	ASP:277	ASP	OD1	4.190913814754985	HOH:516	O	6.378859335639613	0.0	24.0	none_obvious			buried				0.0	0.0		unmodified
P11309	4LMU	A	261	SER_only_multi_2	2	2	2.38	SER	279		2	36-79,84-304	36-79,84-304	SER,SER	/mnt/c/Users/drpat/OneDrive - UGent/Desktop/PD/Phospho-fill/Validation-allPDB/pdb_cache/4lmu.cif	SER	SER	OG	CB	ok			120.71332548156042	ARG:258	ARG	NH2	5.743638650165806	0.0	1.0	ARG:258	ARG	NH2	5.743638650165806	HOH:552	O	3.16388483816449	1.0	11.0	water_mediated_like			intermediate				0.0	0.0		unmodified
P11309	4LMU	A	276	SER_only_multi_2	2	2	2.38	SER	279		2	36-79,84-304	36-79,84-304	SER,SER	/mnt/c/Users/drpat/OneDrive - UGent/Desktop/PD/Phospho-fill/Validation-allPDB/pdb_cache/4lmu.cif	SER	SER	OG	CB	ok			-107.22835354840412	ARG:274	ARG	NE	3.8218730563002232	1.0	1.0	ARG:274	ARG	NE	3.8218730563002232	HOH:520	O	6.338541864294764	0.0	23.0	none_obvious			intermediate				0.0	0.0		unmodified
P04150	4LSJ	A	617	SER_single	1	1	2.35	SER	95		2	526-702,711-777	526-702,711-777	SER	/mnt/c/Users/drpat/OneDrive - UGent/Desktop/PD/Phospho-fill/Validation-allPDB/pdb_cache/4lsj.cif	SER	SER	OG	CB	ok			118.98584976426699					0.0	0.0	SER:616	SER	OG	7.00377185295194	HOH:921	O	6.893723539953574	0.0	17.0	none_obvious			intermediate				0.0	0.0		unmodified
P62992	4M0W	B	65	SER_single	1	1	1.4	SER	539		1	1-76	1-76	SER	/mnt/c/Users/drpat/OneDrive - UGent/Desktop/PD/Phospho-fill/Validation-allPDB/pdb_cache/4m0w.cif	SER	SER	OG	CB	ok			114.89095192508609					0.0	0.0	GLN:62	GLN	OE1	6.304582545275364	HOH:241	O	2.589976609926433	1.0	35.0	water_mediated_like			buried				0.0	0.0		unmodified
P11309	4MBI	A	261	SER_only_multi_2	2	2	2.3	SER	280		2	33-306	33-306	SER,SER	/mnt/c/Users/drpat/OneDrive - UGent/Desktop/PD/Phospho-fill/Validation-allPDB/pdb_cache/4mbi.cif	SER	SER	OG	CB	ok			111.31318930744213	ARG:258	ARG	NH1	5.909869937131726	0.0	1.0	GLN:264	GLN	NE2	5.2899555105926765	HOH:590	O	5.24395368149988	0.0	13.0	none_obvious			intermediate				0.0	0.0		unmodified
P11309	4MBI	A	276	SER_only_multi_2	2	2	2.3	SER	280		2	33-306	33-306	SER,SER	/mnt/c/Users/drpat/OneDrive - UGent/Desktop/PD/Phospho-fill/Validation-allPDB/pdb_cache/4mbi.cif	SER	SER	OG	CB	ok			-112.05885719364365	ARG:274	ARG	NH2	4.135048646744054	0.0	1.0	ARG:274	ARG	NH2	4.135048646744054	HOH:543	O	6.870460000642051	0.0	24.0	none_obvious			buried				0.0	0.0		unmodified
P04150	4MDD	A	617	SER_single	1	1	2.4	SER	96		2	530-776	530-776	SER	/mnt/c/Users/drpat/OneDrive - UGent/Desktop/PD/Phospho-fill/Validation-allPDB/pdb_cache/4mdd.cif	SER	SER	OG	CB	ok			122.3225935046051	HIS:654	HIS	CE1	4.098940318062427	0.0	1.0	HIS:654	HIS	ND1	4.339912184113825	HOH:937	O	6.745940243252524	0.0	24.0	none_obvious			buried				0.0	0.0		unmodified
P20906	4MPP	A	26	SER_single	1	1	1.501	SER	391		1	2-526	2-526	SER	/mnt/c/Users/drpat/OneDrive - UGent/Desktop/PD/Phospho-fill/Validation-allPDB/pdb_cache/4mpp.cif	SER	SER	OG	CB	ok			-124.39309945023966	HIS:70	HIS	CE1	3.9624134887709275	1.0	1.0	ASN:27	ASN	OD1	4.277265261409041	HOH:891	O	2.652782933770665	2.0	22.0	water_mediated_like			exposed				0.0	0.0		unmodified
P20906	4MPR	A	26	SER_single	1	1	1.401	SER	392		1	2-526	2-526	SER	/mnt/c/Users/drpat/OneDrive - UGent/Desktop/PD/Phospho-fill/Validation-allPDB/pdb_cache/4mpr.cif	SER	SER	OG	CB	ok			-121.48881920355699	HIS:70	HIS	CE1	4.058000467204589	0.0	1.0	ASN:27	ASN	OD1	4.153496240721069	HOH:981	O	2.7445236969058393	3.0	21.0	water_mediated_like			exposed				0.0	0.0		unmodified
Q13627	4MQ1	A	301	SER_single	1	1	2.35	SER	816		2	135-480	135-480	SER	/mnt/c/Users/drpat/OneDrive - UGent/Desktop/PD/Phospho-fill/Validation-allPDB/pdb_cache/4mq1.cif	SER	SER	OG	CB	ok			-118.00271911815224	LYS:264	LYS	CE	4.676090119892132	0.0	1.0	GLN:268	GLN	NE2	4.8716128034748705	HOH:759	O	2.47722327721723	1.0	18.0	water_mediated_like			intermediate	PTR:321	PTR	32.50502701180362	0.0	0.0		unmodified
P20906	4MQ5	A	26	SER_single	1	1	1.502	SER	393		1	2-525	2-525	SER	/mnt/c/Users/drpat/OneDrive - UGent/Desktop/PD/Phospho-fill/Validation-allPDB/pdb_cache/4mq5.cif	SER	SER	OG	CB	ok			-117.74564392913915	HIS:70	HIS	CE1	4.352345024437874	0.0	1.0	ASN:27	ASN	OD1	4.17726724847001	HOH:837	O	2.6980642021092	3.0	19.0	water_mediated_like			exposed				0.0	0.0		unmodified
P26276	4MRQ	A	108	SER_single	1	1	1.9	SER	412		1	9-463	9-463	SER	/mnt/c/Users/drpat/OneDrive - UGent/Desktop/PD/Phospho-fill/Validation-allPDB/pdb_cache/4mrq.cif	SER	SER	OG	CB	ok			126.16188041239906	LYS:118	LYS	NZ	3.0004709043512015	1.0	2.0	LYS:118	LYS	NZ	3.0004709043512015	HOH:737	O	4.250002712150855	0.0	41.0	salt_bridge_like			buried				0.0	0.0		unmodified
P11309	4MTA	A	261	SER_only_multi_2	2	2	2.2	SER	281		2	33-305	33-305	SER,SER	/mnt/c/Users/drpat/OneDrive - UGent/Desktop/PD/Phospho-fill/Validation-allPDB/pdb_cache/4mta.cif	SER	SER	OG	CB	ok			115.44324728427539	ARG:258	ARG	NH2	5.606293498328352	0.0	1.0	ARG:258	ARG	NH2	5.606293498328352	HOH:552	O	4.307231757820033	0.0	20.0	none_obvious			intermediate				0.0	0.0		unmodified
P11309	4MTA	A	276	SER_only_multi_2	2	2	2.2	SER	281		2	33-305	33-305	SER,SER	/mnt/c/Users/drpat/OneDrive - UGent/Desktop/PD/Phospho-fill/Validation-allPDB/pdb_cache/4mta.cif	SER	SER	OG	CB	ok			-107.09765498353953	ARG:274	ARG	NH2	3.421555231795784	1.0	1.0	ARG:274	ARG	NH2	3.421555231795784	HOH:613	O	5.276452469552672	0.0	24.0	salt_bridge_like			buried				0.0	0.0		unmodified
P20906	4MZX	A	26	SER_single	1	1	1.558	SER	394		1	2-526	2-526	SER	/mnt/c/Users/drpat/OneDrive - UGent/Desktop/PD/Phospho-fill/Validation-allPDB/pdb_cache/4mzx.cif	SER	SER	OG	CB	ok			-115.21566360383285	HIS:70	HIS	CE1	3.907983633523118	1.0	1.0	ASN:27	ASN	OD1	3.792378833188439	HOH:1015	O	2.532163042061446	2.0	22.0	water_mediated_like			exposed				0.0	0.0		unmodified
P11309	4N6Z	A	276	SER_single	1	1	2.2	SER	282		2	33-305	33-305	SER	/mnt/c/Users/drpat/OneDrive - UGent/Desktop/PD/Phospho-fill/Validation-allPDB/pdb_cache/4n6z.cif	SER	SER	OG	CB	ok			-118.35173072764103	ARG:274	ARG	NE	3.01066072106137	1.0	1.0	ARG:274	ARG	NE	3.01066072106137	HOH:547	O	3.429595797531375	1.0	23.0	salt_bridge_like			intermediate	SEP:261	SEP	27.09677312887205	0.0	0.0		unmodified
P11309	4N70	A	276	SER_single	1	1	2.1	SER	283		2	32-306	32-306	SER	/mnt/c/Users/drpat/OneDrive - UGent/Desktop/PD/Phospho-fill/Validation-allPDB/pdb_cache/4n70.cif	SER	SER	OG	CB	ok			-108.34798320467549	ARG:274	ARG	NE	4.040853539974767	0.0	1.0	ARG:274	ARG	NE	4.040853539974767	HOH:553	O	3.513722409853399	1.0	23.0	none_obvious			intermediate	SEP:261	SEP	26.897771308256903	0.0	0.0		unmodified
P35557	4NO7	A	411	SER_single	1	1	1.7	SER	447		1	12-91,100-458	12-91,100-458	SER	/mnt/c/Users/drpat/OneDrive - UGent/Desktop/PD/Phospho-fill/Validation-allPDB/pdb_cache/4no7.cif	SER	SER	OG	CB	ok			-122.74258624376506					0.0	0.0	THR:228	THR	OG1	5.582285688345214	HOH:806	O	2.7196111015802695	5.0	22.0	water_mediated_like			exposed				0.0	0.0		unmodified
O43318	4O91	A	192	SER_single	1	1	2.393	SER	33		2	31-177,191-303	31-177,191-303	SER	/mnt/c/Users/drpat/OneDrive - UGent/Desktop/PD/Phospho-fill/Validation-allPDB/pdb_cache/4o91.cif	SER	SER	OG	CB	ok			113.99156261389739	LYS:158	LYS	NZ	2.6619148497835647	1.0	1.0	ASP:156	ASP	OD1	2.617090417914438	HOH:746	O	4.330374658521812	0.0	20.0	salt_bridge_like			intermediate				0.0	0.0		unmodified
P9WI83	4OW8	A	46	SER_mixed_with_THR	1	4	2.03	SER	650		4	3-83,89-283	3-83,89-283	SER	/mnt/c/Users/drpat/OneDrive - UGent/Desktop/PD/Phospho-fill/Validation-allPDB/pdb_cache/4ow8.cif	SER	SER	OG	CB	ok			24.079272334765164					0.0	0.0	SER:50	SER	OG	3.7671613709853524	HOH:473	O	4.762866344492676	0.0	16.0	none_obvious			intermediate				0.0	0.0		unmodified
P04150	4P6W	A	617	SER_single	1	1	1.951	SER	97		2	526-777	526-777	SER	/mnt/c/Users/drpat/OneDrive - UGent/Desktop/PD/Phospho-fill/Validation-allPDB/pdb_cache/4p6w.cif	SER	SER	OG	CB	ok			142.4149319564612	HIS:654	HIS	NE2	7.399283374959824	0.0	0.0	SER:616	SER	OG	5.617764336969509	HOH:1006	O	6.916363906959354	0.0	8.0	none_obvious			intermediate				0.0	0.0		unmodified
P04150	4P6X	A	617	SER_single	1	1	2.5	SER	98		2	526-777	526-777	SER	/mnt/c/Users/drpat/OneDrive - UGent/Desktop/PD/Phospho-fill/Validation-allPDB/pdb_cache/4p6x.cif	SER	SER	OG	CB	ok			-104.15219578683507	HIS:654	HIS	CD2	7.506912021001262	0.0	0.0	SER:616	SER	OG	4.5283023771624515	HOH:1062	O	6.361846845448098	0.0	10.0	none_obvious			intermediate				0.0	0.0		unmodified
P62987	4PIG	B	65	SER_single	1	1	1.952	SER	526		1	1-76	1-76	SER	/mnt/c/Users/drpat/OneDrive - UGent/Desktop/PD/Phospho-fill/Validation-allPDB/pdb_cache/4pig.cif	SER	SER	OG	CB	ok			114.04151937518526					0.0	0.0	GLN:62	GLN	OE1	6.1544218857720825	HOH:228	O	3.968066437578041	1.0	31.0	none_obvious			buried				0.0	0.0		unmodified
P62987	4PIH	A	65	SER_single	1	1	1.5	SER	527		1	1-76	1-76	SER	/mnt/c/Users/drpat/OneDrive - UGent/Desktop/PD/Phospho-fill/Validation-allPDB/pdb_cache/4pih.cif	SER	SER	OG	CB	ok			102.68083303322311					0.0	0.0	GLN:62	GLN	NE2	6.225023368924569	HOH:210	O	5.748589772995577	0.0	35.0	none_obvious			buried				0.0	0.0		unmodified
P62987	4PIJ	A	65	SER_single	1	1	1.5	SER	528		1	1-75	1-75	SER	/mnt/c/Users/drpat/OneDrive - UGent/Desktop/PD/Phospho-fill/Validation-allPDB/pdb_cache/4pij.cif	SER	SER	OG	CB	ok			107.75788093335706					0.0	0.0	GLN:62	GLN	OE1	4.789721452884518	HOH:216	O	2.7877046002541737	1.0	34.0	water_mediated_like			buried				0.0	0.0		unmodified
P04629	4PMM	A	677	SER_single	1	1	2.0	SER	125		2	501-533,537-548,552-787	501-533,537-548,552-787	SER	/mnt/c/Users/drpat/OneDrive - UGent/Desktop/PD/Phospho-fill/Validation-allPDB/pdb_cache/4pmm.cif	SER	SER	OG	CB	ok			-106.59395065094927					0.0	0.0	THR:678	THR	OG1	6.014776135299184	HOH:941	O	3.3113873569017587	1.0	20.0	water_mediated_like			intermediate				0.0	0.0		unmodified
P04629	4PMP	A	677	SER_single	1	1	1.8	SER	126		2	501-533,538-547,552-673,675-684,687-787	501-533,538-547,552-673,675-684,687-787	SER	/mnt/c/Users/drpat/OneDrive - UGent/Desktop/PD/Phospho-fill/Validation-allPDB/pdb_cache/4pmp.cif	SER	SER	OG	CB	ok			-105.75904982775117					0.0	0.0	THR:678	THR	OG1	5.9592692409134695	HOH:923	O	3.570091839478361	1.0	16.0	none_obvious			intermediate				0.0	0.0		unmodified
P04629	4PMT	A	677	SER_single	1	1	2.1	SER	127		2	501-532,537-546,556-669,672-683,687-787	501-532,537-546,556-669,672-683,687-787	SER	/mnt/c/Users/drpat/OneDrive - UGent/Desktop/PD/Phospho-fill/Validation-allPDB/pdb_cache/4pmt.cif	SER	SER	OG	CB	ok			61.865666213977455					0.0	0.0	ASP:674	ASP	OD1	4.279241884745217	HOH:919	O	5.993638692354665	0.0	8.0	none_obvious			intermediate				0.0	0.0		unmodified
Q8EIX3	4PU5	A	147	SER_single	1	1	1.834	SER	889		1	1-433	1-433	SER	/mnt/c/Users/drpat/OneDrive - UGent/Desktop/PD/Phospho-fill/Validation-allPDB/pdb_cache/4pu5.cif	SER	SER	OG	CB	ok			-121.57618221539353	ARG:221	ARG	NH1	5.476521932497263	0.0	1.0	ASN:156	ASN	ND2	2.8164539983951418	HOH:621	O	3.5919976061725296	1.0	35.0	hbond_like			buried				0.0	0.0		unmodified
P9WKD3	4Q8I	A	84	SER_single	1	1	1.901	SER	667		1	43-307	43-307	SER	/mnt/c/Users/drpat/OneDrive - UGent/Desktop/PD/Phospho-fill/Validation-allPDB/pdb_cache/4q8i.cif	SER	SER	OG	CB	ok			112.20203328486767	LYS:87	LYS	NZ	3.0052971009538028	1.0	2.0	LYS:87	LYS	NZ	3.0052971009538028	HOH:667	O	2.8783215336528203	1.0	48.0	salt_bridge_like			buried				0.0	0.0		unmodified
P9WKD3	4QB8	A	84	SER_single	1	1	1.758	SER	668		1	42-307	42-307	SER	/mnt/c/Users/drpat/OneDrive - UGent/Desktop/PD/Phospho-fill/Validation-allPDB/pdb_cache/4qb8.cif	SER	SER	OG	CB	ok			1.0508614126738476	LYS:250	LYS	NZ	2.9062765938121253	1.0	1.0	LYS:250	LYS	NZ	2.9062765938121253	HOH:699	O	2.8501687642187346	2.0	43.0	salt_bridge_like			exposed				0.0	0.0		unmodified
P20906	4QEL	A	26	SER_single	1	1	1.432	SER	395		1	2-525	2-525	SER	/mnt/c/Users/drpat/OneDrive - UGent/Desktop/PD/Phospho-fill/Validation-allPDB/pdb_cache/4qel.cif	SER	SER	OG	CB	ok			-125.2133799298131					0.0	0.0	ASN:27	ASN	OD1	4.3782243206723965	HOH:928	O	2.7423453913557028	2.0	16.0	water_mediated_like			exposed				0.0	0.0		unmodified
P9WKD3	4QHC	A	84	SER_single	1	1	1.899	SER	669		1	43-307	43-307	SER	/mnt/c/Users/drpat/OneDrive - UGent/Desktop/PD/Phospho-fill/Validation-allPDB/pdb_cache/4qhc.cif	SER	SER	OG	CB	ok			93.17606412588071	LYS:87	LYS	NZ	2.525208905769304	1.0	2.0	LYS:87	LYS	NZ	2.525208905769304	HOH:501	O	3.163390242935935	1.0	46.0	salt_bridge_like			buried				0.0	0.0		unmodified
Q13526	4QIB	A	72	SER_single	1	1	1.865	SER	735		1	7-38,51-163	7-38,51-163	SER	/mnt/c/Users/drpat/OneDrive - UGent/Desktop/PD/Phospho-fill/Validation-allPDB/pdb_cache/4qib.cif	SER	SER	OG	CB	ok			-100.2596490009988	ARG:74	ARG	NE	5.9429999025780225	0.0	1.0	ASP:112	ASP	OD1	2.6933255063933745	HOH:319	O	4.344146694431479	0.0	46.0	hbond_like			buried				0.0	0.0		unmodified
P27361	4QTB	A	286	SER_mixed_with_THRTYR	1	3	1.4	SER	418		3	24-374	24-374	SER	/mnt/c/Users/drpat/OneDrive - UGent/Desktop/PD/Phospho-fill/Validation-allPDB/pdb_cache/4qtb.cif	SER	SER	OG	CB	ok			-8.029603143858736					0.0	0.0	SER:263	SER	OG	4.528626747699415	HOH:702	O	2.7928748486422066	3.0	12.0	water_mediated_like			exposed				0.0	0.0		unmodified
O43683	4R8Q	A	969	SER_single	1	1	2.31	SER	44		3	736-806,816-931,939-1083	736-806,816-931,939-1083	SER	/mnt/c/Users/drpat/OneDrive - UGent/Desktop/PD/Phospho-fill/Validation-allPDB/pdb_cache/4r8q.cif	SER	SER	OG	CB	ok			-123.49798599604974	LYS:919	LYS	NZ	4.576912168284026	0.0	1.0	LYS:919	LYS	NZ	4.576912168284026	HOH:1605	O	6.400252959504716	0.0	28.0	none_obvious			buried				0.0	0.0		unmodified
P11309	4RC2	A	276	SER_single	1	1	2.096	SER	284		2	33-305	33-305	SER	/mnt/c/Users/drpat/OneDrive - UGent/Desktop/PD/Phospho-fill/Validation-allPDB/pdb_cache/4rc2.cif	SER	SER	OG	CB	ok			-107.0718869177241	ARG:274	ARG	NH2	4.00813824625033	0.0	1.0	ARG:274	ARG	NH2	4.00813824625033				0.0	24.0	none_obvious			buried	SEP:261	SEP	26.709005579636237	0.0	0.0		unmodified
P11309	4RC3	A	276	SER_single	1	1	2.338	SER	285		2	33-47,49-305	33-47,49-305	SER	/mnt/c/Users/drpat/OneDrive - UGent/Desktop/PD/Phospho-fill/Validation-allPDB/pdb_cache/4rc3.cif	SER	SER	OG	CB	ok			-106.35725946804385	ARG:274	ARG	NH2	4.283095619014178	0.0	1.0	ASP:277	ASP	OD1	3.7353581773747386				0.0	24.0	none_obvious			buried	SEP:261	SEP	26.27775397177766	0.0	0.0		unmodified
P62987	4RF1	B	65	SER_single	1	1	2.15	SER	529		1	1-75	1-75	SER	/mnt/c/Users/drpat/OneDrive - UGent/Desktop/PD/Phospho-fill/Validation-allPDB/pdb_cache/4rf1.cif	SER	SER	OG	CB	ok			117.20372853698689					0.0	0.0	THR:66	THR	OG1	7.009927442333779	HOH:208	O	6.088816409177312	0.0	31.0	none_obvious			buried				0.0	0.0		unmodified
P68400	4RLL	A	2	SER_single	1	1	1.85	SER	577		1	2-330	2-330	SER	/mnt/c/Users/drpat/OneDrive - UGent/Desktop/PD/Phospho-fill/Validation-allPDB/pdb_cache/4rll.cif	SER	SER	OG	CB	ok			117.04862621786849					0.0	0.0	ASN:262	ASN	ND2	6.019989757297281	HOH:699	O	2.493805751427918	1.0	3.0	water_mediated_like			intermediate				0.0	0.0		unmodified
Q9NWZ3	4RMZ	A	284	SER_single	1	1	2.2	SER	944		4	165-216,221-336,340-458	165-216,221-336,340-458	SER	/mnt/c/Users/drpat/OneDrive - UGent/Desktop/PD/Phospho-fill/Validation-allPDB/pdb_cache/4rmz.cif	SER	SER	OG	CB	ok			-123.12685062676864	HIS:286	HIS	ND1	4.775131325535266	0.0	1.0	ASP:420	ASP	OD2	4.00551056870857	HOH:647	O	5.516567985565747	0.0	27.0	none_obvious			buried	TPO:345	TPO	40.27024504936621	0.0	0.0		unmodified
Q13526	4TNS	B	72	SER_single	1	1	1.33	SER	736		1	50-163	50-163	SER	/mnt/c/Users/drpat/OneDrive - UGent/Desktop/PD/Phospho-fill/Validation-allPDB/pdb_cache/4tns.cif	SER	SER	OG	CB	ok			-105.35844087302281	ARG:74	ARG	NE	5.862965370753523	0.0	1.0	ASP:112	ASP	OD1	2.7350082665572453	HOH:221	O	4.3321833828022465	0.0	44.0	hbond_like			buried				0.0	0.0		unmodified
Q13526	4TYO	B	72	SER_single	1	1	1.75	SER	737		1	49-163	49-163	SER	/mnt/c/Users/drpat/OneDrive - UGent/Desktop/PD/Phospho-fill/Validation-allPDB/pdb_cache/4tyo.cif	SER	SER	OG	CB	ok			-108.6559012348506	ARG:74	ARG	NE	5.848056795928673	0.0	2.0	ASP:112	ASP	OD1	2.7578880013014664	HOH:313	O	4.251195333338683	0.0	45.0	hbond_like			buried				0.0	0.0		unmodified
P08149	4U3T	A	465	SER_single	1	1	2.2	SER	172		1	237-282,297-541,546-574	237-282,297-541,546-574	SER	/mnt/c/Users/drpat/OneDrive - UGent/Desktop/PD/Phospho-fill/Validation-allPDB/pdb_cache/4u3t.cif	SER	SER	OG	CB	ok			-120.82832993355821	ARG:468	ARG	NH2	4.63963950582613	0.0	2.0	ARG:468	ARG	NH2	4.63963950582613	HOH:629	O	5.758506178587369	0.0	22.0	none_obvious			intermediate				0.0	0.0		unmodified
O75460	4U6R	A	724	SER_only_multi_3	3	3	2.5	SER	56		3	561-963	561-963	SER,SER,SER	/mnt/c/Users/drpat/OneDrive - UGent/Desktop/PD/Phospho-fill/Validation-allPDB/pdb_cache/4u6r.cif	SER	SER	OG	CB	ok			-104.37019991015607	ARG:722	ARG	NH2	4.585578499813125	0.0	1.0	ASN:750	ASN	OD1	3.7860031900005007	HOH:1105	O	5.688477845417007	0.0	36.0	none_obvious			buried				0.0	0.0		unmodified
O75460	4U6R	A	726	SER_only_multi_3	3	3	2.5	SER	56		3	561-963	561-963	SER,SER,SER	/mnt/c/Users/drpat/OneDrive - UGent/Desktop/PD/Phospho-fill/Validation-allPDB/pdb_cache/4u6r.cif	SER	SER	OG	CB	ok			-124.58922989067328	ARG:722	ARG	NH2	5.4275494056875715	0.0	1.0	ASN:750	ASN	ND2	4.862161758942811	HOH:1101	O	5.63036045965652	0.0	14.0	none_obvious			intermediate				0.0	0.0		unmodified
O75460	4U6R	A	729	SER_only_multi_3	3	3	2.5	SER	56		3	561-963	561-963	SER,SER,SER	/mnt/c/Users/drpat/OneDrive - UGent/Desktop/PD/Phospho-fill/Validation-allPDB/pdb_cache/4u6r.cif	SER	SER	OG	CB	ok			-110.35273999039728	ARG:728	ARG	NE	7.931315428826654	0.0	0.0	ARG:728	ARG	NE	7.931315428826654				0.0	7.0	none_obvious			intermediate				0.0	0.0		unmodified
Q13526	4U84	A	72	SER_single	1	1	1.78	SER	738		1	7-38,51-163	7-38,51-163	SER	/mnt/c/Users/drpat/OneDrive - UGent/Desktop/PD/Phospho-fill/Validation-allPDB/pdb_cache/4u84.cif	SER	SER	OG	CB	ok			-106.8580381324632	ARG:74	ARG	NE	5.843490411255712	0.0	1.0	ASP:112	ASP	OD1	2.7354619445564743	HOH:401	O	4.308711143523719	0.0	43.0	hbond_like			buried				0.0	0.0		unmodified
Q13526	4U85	A	72	SER_single	1	1	1.7	SER	739		1	7-38,51-163	7-38,51-163	SER	/mnt/c/Users/drpat/OneDrive - UGent/Desktop/PD/Phospho-fill/Validation-allPDB/pdb_cache/4u85.cif	SER	SER	OG	CB	ok			-105.76417588271394	ARG:74	ARG	NE	5.887036860147988	0.0	1.0	ASP:112	ASP	OD1	2.73244667076855	HOH:377	O	4.355721801362027	0.0	42.0	hbond_like			buried				0.0	0.0		unmodified
Q13526	4U86	A	72	SER_single	1	1	1.6	SER	740		1	6-37,51-163	6-37,51-163	SER	/mnt/c/Users/drpat/OneDrive - UGent/Desktop/PD/Phospho-fill/Validation-allPDB/pdb_cache/4u86.cif	SER	SER	OG	CB	ok			-108.40902771786615	ARG:74	ARG	NE	5.8086075218927595	0.0	1.0	ASP:112	ASP	OD1	2.8149899085323598	HOH:453	O	4.347552700442507	0.0	42.0	hbond_like			buried				0.0	0.0		unmodified
P68400	4UB7	A	2	SER_single	1	1	2.1	SER	578		1	2-335	2-335	SER	/mnt/c/Users/drpat/OneDrive - UGent/Desktop/PD/Phospho-fill/Validation-allPDB/pdb_cache/4ub7.cif	SER	SER	OG	CB	ok			-3.5284854687226184					0.0	0.0	ASN:262	ASN	ND2	6.164611645515227				0.0	4.0	none_obvious			intermediate				0.0	0.0		unmodified
P04150	4UDC	A	617	SER_single	1	1	2.5	SER	100		2	529-776	529-776	SER	/mnt/c/Users/drpat/OneDrive - UGent/Desktop/PD/Phospho-fill/Validation-allPDB/pdb_cache/4udc.cif	SER	SER	OG	CB	ok			118.38172731675226	HIS:654	HIS	NE2	4.494155516927131	0.0	1.0	HIS:654	HIS	NE2	4.494155516927131				0.0	10.0	none_obvious			intermediate				0.0	0.0		unmodified
P04150	4UDD	A	617	SER_single	1	1	1.8	SER	101		2	529-777	529-777	SER	/mnt/c/Users/drpat/OneDrive - UGent/Desktop/PD/Phospho-fill/Validation-allPDB/pdb_cache/4udd.cif	SER	SER	OG	CB	ok			129.57153129844446	HIS:654	HIS	ND1	4.7448355546987395	0.0	1.0	HIS:654	HIS	ND1	4.7448355546987395	HOH:2104	O	4.852617316815035	0.0	24.0	none_obvious			buried				0.0	0.0		unmodified
P42336	4WAF	A	7	SER_only_multi_3	3	3	2.39	SER	460		3	2-230,234-312,323-500,524-864,872-1061	2-230,234-312,323-500,524-864,872-1061	SER,SER,SER	/mnt/c/Users/drpat/OneDrive - UGent/Desktop/PD/Phospho-fill/Validation-allPDB/pdb_cache/4waf.cif	SER	SER	OG	CB	ok			110.39492650342581	ARG:4	ARG	NH1	4.45373764135241	0.0	1.0	GLU:710	GLU	OE1	2.6459060030714197	HOH:1239	O	2.7325268540360517	2.0	35.0	hbond_like			exposed				0.0	0.0		unmodified
P42336	4WAF	A	158	SER_only_multi_3	3	3	2.39	SER	460		3	2-230,234-312,323-500,524-864,872-1061	2-230,234-312,323-500,524-864,872-1061	SER,SER,SER	/mnt/c/Users/drpat/OneDrive - UGent/Desktop/PD/Phospho-fill/Validation-allPDB/pdb_cache/4waf.cif	SER	SER	OG	CB	ok			-123.58220982962716	ARG:162	ARG	NH1	4.178845150478042	0.0	1.0	ASP:155	ASP	OD1	3.254216946271755	HOH:1203	O	2.704865120265552	1.0	27.0	hbond_like			buried				0.0	0.0		unmodified
P42336	4WAF	A	790	SER_only_multi_3	3	3	2.39	SER	460		3	2-230,234-312,323-500,524-864,872-1061	2-230,234-312,323-500,524-864,872-1061	SER,SER,SER	/mnt/c/Users/drpat/OneDrive - UGent/Desktop/PD/Phospho-fill/Validation-allPDB/pdb_cache/4waf.cif	SER	SER	OG	CB	ok			-111.59946173035121	LYS:204	LYS	NZ	7.1496841249320715	0.0	0.0	GLU:791	GLU	OE1	4.019291336168531	HOH:1390	O	2.8352350084465554	2.0	42.0	water_mediated_like			exposed				0.0	0.0		unmodified
P25321	4WIH	A	140	SER_single	1	1	1.139	SER	411		4	1-351	1-351	SER	/mnt/c/Users/drpat/OneDrive - UGent/Desktop/PD/Phospho-fill/Validation-allPDB/pdb_cache/4wih.cif	SER	SER	OG	CB	ok			-106.95914155459683	HIS:143	HIS	ND1	3.5047566264248124	1.0	1.0	HIS:143	HIS	ND1	3.5047566264248124	HOH:637	O	2.676208966374548	2.0	26.0	water_mediated_like			exposed	SEP:11	SEP	31.886347165898272	0.0	0.0		unmodified
P04406	4WNC	A	51	SER_only_multi_2	2	2	1.99	SER	112		2	3-335	3-335	SER,SER	/mnt/c/Users/drpat/OneDrive - UGent/Desktop/PD/Phospho-fill/Validation-allPDB/pdb_cache/4wnc.cif	SER	SER	OG	CB	ok			118.81922111275819	ARG:13	ARG	NH1	6.881731600311686	0.0	0.0	THR:52	THR	OG1	5.879136394733066	HOH:627	O	5.7561072954830745	0.0	7.0	none_obvious			intermediate				0.0	0.0		unmodified
P04406	4WNC	A	151	SER_only_multi_2	2	2	1.99	SER	112		2	3-335	3-335	SER,SER	/mnt/c/Users/drpat/OneDrive - UGent/Desktop/PD/Phospho-fill/Validation-allPDB/pdb_cache/4wnc.cif	SER	SER	OG	CB	ok			-112.52716855972488	HIS:179	HIS	NE2	7.742752481274255	0.0	0.0	THR:154	THR	OG1	3.01282331395544	HOH:825	O	3.0026562132700847	3.0	34.0	hbond_like			exposed				0.0	0.0		unmodified
P04406	4WNI	A	51	SER_only_multi_2	2	2	2.3	SER	113		2	3-335	3-335	SER,SER	/mnt/c/Users/drpat/OneDrive - UGent/Desktop/PD/Phospho-fill/Validation-allPDB/pdb_cache/4wni.cif	SER	SER	OG	CB	ok			118.63408655506382	ARG:13	ARG	NH1	6.699532642564582	0.0	0.0	THR:52	THR	OG1	5.830604821189723	HOH:627	O	5.598052881792639	0.0	7.0	none_obvious			intermediate				0.0	0.0		unmodified
P04406	4WNI	A	151	SER_only_multi_2	2	2	2.3	SER	113		2	3-335	3-335	SER,SER	/mnt/c/Users/drpat/OneDrive - UGent/Desktop/PD/Phospho-fill/Validation-allPDB/pdb_cache/4wni.cif	SER	SER	OG	CB	ok			-112.12467411739595	HIS:179	HIS	NE2	7.573451254770375	0.0	0.0	THR:154	THR	OG1	2.964470133755304	HOH:554	O	3.662763581634352	1.0	36.0	hbond_like			buried				0.0	0.0		unmodified
O75385	4WNO	A	87	SER_single	1	1	1.56	SER	46		2	8-280	8-280	SER	/mnt/c/Users/drpat/OneDrive - UGent/Desktop/PD/Phospho-fill/Validation-allPDB/pdb_cache/4wno.cif	SER	SER	OG	CB	ok			-116.76133795976294	LYS:50	LYS	CE	7.840827604127686	0.0	0.0	TYR:89	TYR	OH	4.772407068772958	HOH:594	O	2.7613883298686357	3.0	29.0	water_mediated_like			exposed	TPO:180	TPO	25.662173853679768	0.0	0.0		unmodified
O75385	4WNP	A	87	SER_single	1	1	1.88	SER	47		2	7-280	7-280	SER	/mnt/c/Users/drpat/OneDrive - UGent/Desktop/PD/Phospho-fill/Validation-allPDB/pdb_cache/4wnp.cif	SER	SER	OG	CB	ok			-116.52601332068745					0.0	0.0	GLN:82	GLN	OE1	4.7574039180102	HOH:457	O	2.64464316912611	2.0	31.0	water_mediated_like			exposed	TPO:180	TPO	26.23528684470693	0.0	0.0		unmodified
P11309	4WRS	A	261	SER_only_multi_2	2	2	2.2	SER	286		2	33-305	33-305	SER,SER	/mnt/c/Users/drpat/OneDrive - UGent/Desktop/PD/Phospho-fill/Validation-allPDB/pdb_cache/4wrs.cif	SER	SER	OG	CB	ok			112.95023952070369	ARG:258	ARG	NH2	5.807106390833698	0.0	1.0	GLU:262	GLU	OE2	5.335525113592845	HOH:521	O	2.783891134085464	3.0	16.0	water_mediated_like			exposed				0.0	0.0		unmodified
P11309	4WRS	A	276	SER_only_multi_2	2	2	2.2	SER	286		2	33-305	33-305	SER,SER	/mnt/c/Users/drpat/OneDrive - UGent/Desktop/PD/Phospho-fill/Validation-allPDB/pdb_cache/4wrs.cif	SER	SER	OG	CB	ok			-114.61736907042712	ARG:274	ARG	NH1	4.234800517373558	0.0	1.0	ASP:277	ASP	OD1	4.208412801271886	HOH:536	O	3.421531003443229	1.0	23.0	water_mediated_like			intermediate				0.0	0.0		unmodified
P11309	4WSY	A	261	SER_only_multi_2	2	2	2.3	SER	287		2	33-305	33-305	SER,SER	/mnt/c/Users/drpat/OneDrive - UGent/Desktop/PD/Phospho-fill/Validation-allPDB/pdb_cache/4wsy.cif	SER	SER	OG	CB	ok			126.73116566567738	ARG:258	ARG	NH2	5.5294354493505935	0.0	1.0	GLU:262	GLU	OE1	5.127143738424864	HOH:509	O	2.764737581601415	3.0	18.0	water_mediated_like			exposed				0.0	0.0		unmodified
P11309	4WSY	A	276	SER_only_multi_2	2	2	2.3	SER	287		2	33-305	33-305	SER,SER	/mnt/c/Users/drpat/OneDrive - UGent/Desktop/PD/Phospho-fill/Validation-allPDB/pdb_cache/4wsy.cif	SER	SER	OG	CB	ok			-116.16433348967371	ARG:274	ARG	NH1	3.8573164089014242	1.0	1.0	ARG:274	ARG	NH1	3.8573164089014242	HOH:517	O	3.097555769370043	1.0	24.0	water_mediated_like			buried				0.0	0.0		unmodified
P11309	4WT6	A	261	SER_only_multi_2	2	2	2.3	SER	288		2	33-305	33-305	SER,SER	/mnt/c/Users/drpat/OneDrive - UGent/Desktop/PD/Phospho-fill/Validation-allPDB/pdb_cache/4wt6.cif	SER	SER	OG	CB	ok			121.16153421949988	ARG:258	ARG	NH2	5.668119499866636	0.0	1.0	GLU:262	GLU	OE1	5.21071412728725	HOH:526	O	2.877613199259718	2.0	16.0	water_mediated_like			exposed				0.0	0.0		unmodified
P11309	4WT6	A	276	SER_only_multi_2	2	2	2.3	SER	288		2	33-305	33-305	SER,SER	/mnt/c/Users/drpat/OneDrive - UGent/Desktop/PD/Phospho-fill/Validation-allPDB/pdb_cache/4wt6.cif	SER	SER	OG	CB	ok			-119.37947607839314	ARG:274	ARG	NE	4.2566848980898655	0.0	1.0	ARG:274	ARG	NE	4.2566848980898655	HOH:501	O	2.3723024984914773	1.0	22.0	water_mediated_like			intermediate				0.0	0.0		unmodified
P9WKD3	4X6T	A	84	SER_single	1	1	1.4	SER	670		1	45-307	45-307	SER	/mnt/c/Users/drpat/OneDrive - UGent/Desktop/PD/Phospho-fill/Validation-allPDB/pdb_cache/4x6t.cif	SER	SER	OG	CB	ok			113.67046327069737	LYS:87	LYS	NZ	2.6757177673127135	1.0	2.0	LYS:87	LYS	NZ	2.6757177673127135	HOH:615	O	4.463813815900054	0.0	49.0	salt_bridge_like			buried				0.0	0.0		unmodified
P11309	4XH6	A	261	SER_only_multi_2	2	2	2.04	SER	289		2	33-305	33-305	SER,SER	/mnt/c/Users/drpat/OneDrive - UGent/Desktop/PD/Phospho-fill/Validation-allPDB/pdb_cache/4xh6.cif	SER	SER	OG	CB	ok			113.98707049825083	ARG:258	ARG	NH2	5.835028909187363	0.0	1.0	GLN:264	GLN	NE2	5.773064811788973	HOH:514	O	3.150493497114758	1.0	13.0	water_mediated_like			intermediate				0.0	0.0		unmodified
P11309	4XH6	A	276	SER_only_multi_2	2	2	2.04	SER	289		2	33-305	33-305	SER,SER	/mnt/c/Users/drpat/OneDrive - UGent/Desktop/PD/Phospho-fill/Validation-allPDB/pdb_cache/4xh6.cif	SER	SER	OG	CB	ok			-116.32380932767333	ARG:274	ARG	NH2	4.273173111774605	0.0	1.0	ARG:274	ARG	NH2	4.273173111774605	HOH:530	O	6.093001990510996	0.0	22.0	none_obvious			intermediate				0.0	0.0		unmodified
P62987	4XKL	A	65	SER_single	1	1	2.1	SER	530		1	1-76	1-76	SER	/mnt/c/Users/drpat/OneDrive - UGent/Desktop/PD/Phospho-fill/Validation-allPDB/pdb_cache/4xkl.cif	SER	SER	OG	CB	ok			97.98598667622241					0.0	0.0	GLN:62	GLN	NE2	4.607241456465766	HOH:236	O	2.909181258943228	2.0	37.0	water_mediated_like			exposed				0.0	0.0		unmodified
P62992	4Y1H	A	65	SER_single	1	1	1.4	SER	540		1	1-76	1-76	SER	/mnt/c/Users/drpat/OneDrive - UGent/Desktop/PD/Phospho-fill/Validation-allPDB/pdb_cache/4y1h.cif	SER	SER	OG	CB	ok			114.50222519893272					0.0	0.0	THR:66	THR	OG1	6.800586528574536				0.0	33.0	none_obvious			buried				0.0	0.0		unmodified
Q9NWZ3	4Y73	C	284	SER_single	1	1	2.14	SER	945		4	164-337,342-460	164-337,342-460	SER	/mnt/c/Users/drpat/OneDrive - UGent/Desktop/PD/Phospho-fill/Validation-allPDB/pdb_cache/4y73.cif	SER	SER	OG	CB	ok			-109.05149878393246	HIS:286	HIS	ND1	4.66200445556902	0.0	1.0	ASP:420	ASP	OD2	3.751689314409331	HOH:1197	O	3.3973043546349304	2.0	29.0	water_mediated_like			exposed	TPO:342	TPO	36.96717831515577	0.0	0.0		unmodified
P80386	4YEF	B	108	SER_single	1	1	1.72	SER	643		1	76-156	76-156	SER	/mnt/c/Users/drpat/OneDrive - UGent/Desktop/PD/Phospho-fill/Validation-allPDB/pdb_cache/4yef.cif	SER	SER	OG	CB	ok			-117.50981179556796					0.0	0.0	GLN:109	GLN	NE2	4.415496501898582	HOH:360	O	2.948302360580151	3.0	17.0	water_mediated_like			exposed				0.0	0.0		unmodified
Q13627	4YLK	A	301	SER_single	1	1	1.4	SER	817		2	134-407,414-481	134-407,414-481	SER	/mnt/c/Users/drpat/OneDrive - UGent/Desktop/PD/Phospho-fill/Validation-allPDB/pdb_cache/4ylk.cif	SER	SER	OG	CB	ok			-113.85768934488316	LYS:264	LYS	NZ	4.597025377370816	0.0	2.0	GLN:268	GLN	NE2	4.4604525178819525	HOH:1081	O	2.5596749978951587	4.0	27.0	water_mediated_like			exposed	PTR:321	PTR	40.295732321478155	0.0	0.0		unmodified
Q13627	4YLL	A	301	SER_single	1	1	1.4	SER	818		2	134-407,414-481	134-407,414-481	SER	/mnt/c/Users/drpat/OneDrive - UGent/Desktop/PD/Phospho-fill/Validation-allPDB/pdb_cache/4yll.cif	SER	SER	OG	CB	ok			-114.62742353645264	LYS:264	LYS	CE	4.586339431486336	0.0	2.0	GLN:268	GLN	NE2	4.458726035111684	HOH:1087	O	2.5118505512620968	2.0	27.0	water_mediated_like			exposed	PTR:321	PTR	40.2525571362059	0.0	0.0		unmodified
P04629	4YNE	A	677	SER_single	1	1	2.0229	SER	128		2	502-534,537-548,554-671,677-682,687-793	502-534,537-548,554-671,677-682,687-793	SER	/mnt/c/Users/drpat/OneDrive - UGent/Desktop/PD/Phospho-fill/Validation-allPDB/pdb_cache/4yne.cif	SER	SER	OG	CB	ok			26.334392057489193	ARG:654	ARG	NE	5.142163425299364	0.0	1.0	ASP:679	ASP	OD2	3.7750918600840584	HOH:914	O	5.98958574984691	0.0	27.0	none_obvious			buried				0.0	0.0		unmodified
Q9NWZ3	4YO6	A	284	SER_single	1	1	2.32	SER	946		4	163-216,222-337,341-459	163-216,222-337,341-459	SER	/mnt/c/Users/drpat/OneDrive - UGent/Desktop/PD/Phospho-fill/Validation-allPDB/pdb_cache/4yo6.cif	SER	SER	OG	CB	ok			-112.81659568499217	HIS:286	HIS	CD2	4.729751796418897	0.0	1.0	ASP:420	ASP	OD2	3.8164314437669224	HOH:634	O	2.635864692061196	2.0	29.0	water_mediated_like			exposed	TPO:342	TPO	37.070045027096505	0.0	0.0		unmodified
P04629	4YPS	A	677	SER_single	1	1	2.1012	SER	129		2	502-518,522-533,537-546,550-668,671-683,687-790	502-518,522-533,537-546,550-668,671-683,687-790	SER	/mnt/c/Users/drpat/OneDrive - UGent/Desktop/PD/Phospho-fill/Validation-allPDB/pdb_cache/4yps.cif	SER	SER	OG	CB	ok			-123.84770256744648					0.0	0.0	THR:678	THR	OG1	6.029968685761484	HOH:942	O	6.85640942706329	0.0	19.0	none_obvious			intermediate				0.0	0.0		unmodified
P62992	4Z9S	A	65	SER_single	1	1	2.3	SER	541		1	1-75	1-75	SER	/mnt/c/Users/drpat/OneDrive - UGent/Desktop/PD/Phospho-fill/Validation-allPDB/pdb_cache/4z9s.cif	SER	SER	OG	CB	ok			120.9161547358703					0.0	0.0	GLN:62	GLN	OE1	6.662144149054809	HOH:214	O	4.5411059369800855	0.0	32.0	none_obvious			buried				0.0	0.0		unmodified
Q9NWZ3	4ZTL	D	284	SER_single	1	1	2.39	SER	947		4	164-195,197-217,222-337,342-460	164-195,197-217,222-337,342-460	SER	/mnt/c/Users/drpat/OneDrive - UGent/Desktop/PD/Phospho-fill/Validation-allPDB/pdb_cache/4ztl.cif	SER	SER	OG	CB	ok			-113.78080897406763	HIS:286	HIS	ND1	5.1071713570686175	0.0	1.0	ASP:420	ASP	OD2	3.6064272360179066	HOH:629	O	3.265937710328658	1.0	27.0	water_mediated_like			buried	TPO:342	TPO	37.27235842218512	0.0	0.0		unmodified
Q9NWZ3	4ZTN	A	284	SER_single	1	1	2.23	SER	948		4	163-216,221-337,342-459	163-216,221-337,342-459	SER	/mnt/c/Users/drpat/OneDrive - UGent/Desktop/PD/Phospho-fill/Validation-allPDB/pdb_cache/4ztn.cif	SER	SER	OG	CB	ok			-110.7790240652588	HIS:286	HIS	CD2	4.767492851190703	0.0	1.0	ASP:420	ASP	OD2	3.869814350576629	HOH:612	O	2.7613667117153358	2.0	28.0	water_mediated_like			exposed	TPO:342	TPO	37.34821290824017	0.0	0.0		unmodified
Q13627	5A3X	A	301	SER_single	1	1	2.26	SER	819		2	134-408,414-481	134-408,414-481	SER	/mnt/c/Users/drpat/OneDrive - UGent/Desktop/PD/Phospho-fill/Validation-allPDB/pdb_cache/5a3x.cif	SER	SER	OG	CB	ok			-127.0540006646084	LYS:264	LYS	NZ	4.510677844251105	0.0	1.0	LYS:264	LYS	NZ	4.510677844251105	HOH:2042	O	6.366274281652171	0.0	18.0	none_obvious			intermediate	PTR:321	PTR	32.62389802092497	0.0	0.0		unmodified
Q13627	5A4Q	A	301	SER_single	1	1	2.37	SER	820		2	134-408,414-480	134-408,414-480	SER	/mnt/c/Users/drpat/OneDrive - UGent/Desktop/PD/Phospho-fill/Validation-allPDB/pdb_cache/5a4q.cif	SER	SER	OG	CB	ok			-112.38893043462545	LYS:264	LYS	CE	4.638250173209868	0.0	1.0	LYS:264	LYS	NZ	4.651749455152889	HOH:2044	O	2.5126104760078842	1.0	19.0	water_mediated_like			intermediate	PTR:321	PTR	32.352303364461946	0.0	0.0		unmodified
Q13627	5A4T	A	301	SER_single	1	1	2.15	SER	821		2	134-408,414-480	134-408,414-480	SER	/mnt/c/Users/drpat/OneDrive - UGent/Desktop/PD/Phospho-fill/Validation-allPDB/pdb_cache/5a4t.cif	SER	SER	OG	CB	ok			-126.9708039858235	LYS:264	LYS	CE	4.525345344378243	0.0	1.0	LYS:264	LYS	NZ	4.6420176043247565				0.0	17.0	none_obvious			intermediate	PTR:321	PTR	32.587412807185004	0.0	0.0		unmodified
O43293	5A6N	A	50	SER_mixed_with_THR	1	2	1.7	SER	27		2	9-278	9-278	SER	/mnt/c/Users/drpat/OneDrive - UGent/Desktop/PD/Phospho-fill/Validation-allPDB/pdb_cache/5a6n.cif	SER	SER	OG	CB	ok			-124.6644042081589	ARG:47	ARG	NH1	7.8970629598828	0.0	0.0	SER:51	SER	OG	5.50523026184197	HOH:2022	O	3.0144027590874747	2.0	10.0	water_mediated_like			exposed				0.0	0.0		unmodified
O43293	5A6O	A	50	SER_mixed_with_THR	1	2	1.6	SER	28		2	9-169,175-278	9-169,175-278	SER	/mnt/c/Users/drpat/OneDrive - UGent/Desktop/PD/Phospho-fill/Validation-allPDB/pdb_cache/5a6o.cif	SER	SER	OG	CB	ok			-121.67715621102643	ARG:47	ARG	NH1	7.931437555336456	0.0	0.0	SER:51	SER	OG	5.495011094862437	HOH:2024	O	2.951047893985256	2.0	10.0	water_mediated_like			exposed				0.0	0.0		unmodified
P68400	5B0X	A	2	SER_single	1	1	2.3	SER	579		1	2-330	2-330	SER	/mnt/c/Users/drpat/OneDrive - UGent/Desktop/PD/Phospho-fill/Validation-allPDB/pdb_cache/5b0x.cif	SER	SER	OG	CB	ok			117.7641112316915					0.0	0.0	ASN:262	ASN	ND2	5.457407998027906				0.0	3.0	none_obvious			intermediate				0.0	0.0		unmodified
P62992	5BZ0	B	65	SER_single	1	1	2.1	SER	542		1	1-76	1-76	SER	/mnt/c/Users/drpat/OneDrive - UGent/Desktop/PD/Phospho-fill/Validation-allPDB/pdb_cache/5bz0.cif	SER	SER	OG	CB	ok			107.90526837195138					0.0	0.0	GLN:62	GLN	OE1	6.994383568414994	HOH:236	O	2.8030099355390328	1.0	36.0	water_mediated_like			buried				0.0	0.0		unmodified
O75385	5CI7	A	87	SER_single	1	1	1.74	SER	48		2	3-279	3-279	SER	/mnt/c/Users/drpat/OneDrive - UGent/Desktop/PD/Phospho-fill/Validation-allPDB/pdb_cache/5ci7.cif	SER	SER	OG	CB	ok			-113.33811196168477	LYS:50	LYS	CE	7.653376074734975	0.0	0.0	TYR:89	TYR	OH	4.667645686559081	HOH:546	O	2.7132774395838064	2.0	29.0	water_mediated_like			exposed	TPO:180	TPO	25.16722734293007	0.0	0.0		unmodified
P68400	5CQU	A	2	SER_single	1	1	2.35	SER	580		1	2-329	2-329	SER	/mnt/c/Users/drpat/OneDrive - UGent/Desktop/PD/Phospho-fill/Validation-allPDB/pdb_cache/5cqu.cif	SER	SER	OG	CB	ok			-116.30438727117482					0.0	0.0	ASN:262	ASN	ND2	5.893518613337365	HOH:605	O	5.7593149838983555	0.0	10.0	none_obvious			intermediate				0.0	0.0		unmodified
P20906	5DGD	A	26	SER_single	1	1	1.13	SER	396		1	2-525	2-525	SER	/mnt/c/Users/drpat/OneDrive - UGent/Desktop/PD/Phospho-fill/Validation-allPDB/pdb_cache/5dgd.cif	SER	SER	OG	CB	ok			-117.97746700855505	HIS:70	HIS	CE1	4.429382487971977	0.0	1.0	ASN:27	ASN	OD1	4.237038609925436	HOH:826	O	2.7289382386633783	2.0	20.0	water_mediated_like			exposed				0.0	0.0		unmodified
P20906	5DGT	A	26	SER_single	1	1	1.081	SER	397		1	2-525	2-525	SER	/mnt/c/Users/drpat/OneDrive - UGent/Desktop/PD/Phospho-fill/Validation-allPDB/pdb_cache/5dgt.cif	SER	SER	OG	CB	ok			-124.17948756938691					0.0	0.0	ASN:27	ASN	ND2	4.4248967298762585	HOH:924	O	2.860689458854184	1.0	16.0	water_mediated_like			intermediate				0.0	0.0		unmodified
P11309	5DHJ	A	261	SER_only_multi_2	2	2	2.457	SER	290		2	33-305	33-305	SER,SER	/mnt/c/Users/drpat/OneDrive - UGent/Desktop/PD/Phospho-fill/Validation-allPDB/pdb_cache/5dhj.cif	SER	SER	OG	CB	ok			118.67154319050438	ARG:258	ARG	NH1	5.476611404217989	0.0	1.0	ARG:258	ARG	NH1	5.476611404217989	HOH:509	O	4.564993166367248	0.0	16.0	none_obvious			intermediate				0.0	0.0		unmodified
P11309	5DHJ	A	276	SER_only_multi_2	2	2	2.457	SER	290		2	33-305	33-305	SER,SER	/mnt/c/Users/drpat/OneDrive - UGent/Desktop/PD/Phospho-fill/Validation-allPDB/pdb_cache/5dhj.cif	SER	SER	OG	CB	ok			-107.29359044919718	ARG:274	ARG	NH2	4.887366213479073	0.0	1.0	ASP:277	ASP	OD1	4.257774663923887	HOH:505	O	6.910424496558897	0.0	22.0	none_obvious			intermediate				0.0	0.0		unmodified
P11309	5DIA	A	261	SER_only_multi_2	2	2	1.964	SER	291		2	33-305	33-305	SER,SER	/mnt/c/Users/drpat/OneDrive - UGent/Desktop/PD/Phospho-fill/Validation-allPDB/pdb_cache/5dia.cif	SER	SER	OG	CB	ok			114.22620391360135	ARG:258	ARG	NH1	5.879711700552328	0.0	1.0	GLN:264	GLN	NE2	5.685355107032081	HOH:629	O	2.9455670785131405	2.0	13.0	water_mediated_like			exposed				0.0	0.0		unmodified
P11309	5DIA	A	276	SER_only_multi_2	2	2	1.964	SER	291		2	33-305	33-305	SER,SER	/mnt/c/Users/drpat/OneDrive - UGent/Desktop/PD/Phospho-fill/Validation-allPDB/pdb_cache/5dia.cif	SER	SER	OG	CB	ok			-109.45951122544656	ARG:274	ARG	NH2	4.886275877429415	0.0	1.0	ASP:277	ASP	OD1	4.271182409049365	HOH:518	O	3.210390645968567	2.0	23.0	water_mediated_like			exposed				0.0	0.0		unmodified
P11309	5DWR	A	276	SER_single	1	1	2.0	SER	292		2	33-306	33-306	SER	/mnt/c/Users/drpat/OneDrive - UGent/Desktop/PD/Phospho-fill/Validation-allPDB/pdb_cache/5dwr.cif	SER	SER	OG	CB	ok			-119.33058187108196	ARG:274	ARG	NE	4.838115299678706	0.0	1.0	ASP:277	ASP	OD1	4.654347835138204	HOH:708	O	3.4254271450643112	1.0	22.0	water_mediated_like			intermediate	SEP:261	SEP	26.80561548127119	0.0	0.0		unmodified
P42336	5DXT	A	158	SER_only_multi_2	2	2	2.25	SER	461		3	107-198,203-232,248-310,322-347,354-409,417-449,454-862,873-940,949-968,970-1051	107-198,203-232,248-310,322-347,354-409,417-449,454-862,873-940,949-968,970-1051	SER,SER	/mnt/c/Users/drpat/OneDrive - UGent/Desktop/PD/Phospho-fill/Validation-allPDB/pdb_cache/5dxt.cif	SER	SER	OG	CB	ok			4.895945586887489	ARG:162	ARG	NH1	3.2587657620020214	1.0	1.0	ARG:162	ARG	NH1	3.2587657620020214	HOH:1212	O	2.6196286945203573	1.0	26.0	salt_bridge_like			buried				0.0	0.0		unmodified
P42336	5DXT	A	790	SER_only_multi_2	2	2	2.25	SER	461		3	107-198,203-232,248-310,322-347,354-409,417-449,454-862,873-940,949-968,970-1051	107-198,203-232,248-310,322-347,354-409,417-449,454-862,873-940,949-968,970-1051	SER,SER	/mnt/c/Users/drpat/OneDrive - UGent/Desktop/PD/Phospho-fill/Validation-allPDB/pdb_cache/5dxt.cif	SER	SER	OG	CB	ok			-123.11206543178828					0.0	0.0	GLU:791	GLU	OE1	3.807770644146179	HOH:1273	O	2.8895527102532514	1.0	44.0	water_mediated_like			buried				0.0	0.0		unmodified
O43318	5E7R	A	192	SER_single	1	1	2.11	SER	34		2	31-44,48-65,81-177,191-303	31-44,48-65,81-177,191-303	SER	/mnt/c/Users/drpat/OneDrive - UGent/Desktop/PD/Phospho-fill/Validation-allPDB/pdb_cache/5e7r.cif	SER	SER	OG	CB	ok			4.882424783521961	LYS:158	LYS	NZ	4.100441838908028	0.0	1.0	ASP:156	ASP	OD1	3.0378926124622634	HOH:729	O	6.806636749056258	0.0	36.0	hbond_like			buried				0.0	0.0		unmodified
P11309	5EOL	A	261	SER_only_multi_2	2	2	2.2	SER	293		2	33-305	33-305	SER,SER	/mnt/c/Users/drpat/OneDrive - UGent/Desktop/PD/Phospho-fill/Validation-allPDB/pdb_cache/5eol.cif	SER	SER	OG	CB	ok			117.27024635105236	ARG:258	ARG	NH2	6.0451386134326075	0.0	0.0	GLN:264	GLN	NE2	5.832783602606939	HOH:582	O	3.310507244126374	1.0	11.0	water_mediated_like			intermediate				0.0	0.0		unmodified
P11309	5EOL	A	276	SER_only_multi_2	2	2	2.2	SER	293		2	33-305	33-305	SER,SER	/mnt/c/Users/drpat/OneDrive - UGent/Desktop/PD/Phospho-fill/Validation-allPDB/pdb_cache/5eol.cif	SER	SER	OG	CB	ok			-113.63781265812399	ARG:274	ARG	NH1	4.52355912786421	0.0	1.0	ASP:277	ASP	OD1	4.3556486902369524	HOH:589	O	3.1947314307699126	1.0	23.0	water_mediated_like			intermediate				0.0	0.0		unmodified
P36871	5EPC	A	117	SER_single	1	1	1.85	SER	450		1	1-506,510-562	1-506,510-562	SER	/mnt/c/Users/drpat/OneDrive - UGent/Desktop/PD/Phospho-fill/Validation-allPDB/pdb_cache/5epc.cif	SER	SER	OG	CB	ok			13.085960658332112	HIS:118	HIS	ND1	3.0759641999249054	1.0	3.0	ASP:288	ASP	OD2	2.901048802988057	HOH:878	O	2.769618094892101	3.0	46.0	salt_bridge_like			exposed				0.0	0.0		unmodified
P36871	5F9C	A	117	SER_single	1	1	2.5	SER	451		1	1-257,265-505,511-562	1-257,265-505,511-562	SER	/mnt/c/Users/drpat/OneDrive - UGent/Desktop/PD/Phospho-fill/Validation-allPDB/pdb_cache/5f9c.cif	SER	SER	OG	CB	ok			35.10129530610122	HIS:118	HIS	ND1	3.428631610832313	1.0	2.0	HIS:118	HIS	ND1	3.428631610832313	HOH:702	O	7.566595967695164	0.0	34.0	salt_bridge_like			buried				0.0	0.0		unmodified
P62992	5FER	C	65	SER_single	1	1	2.34	SER	543		1	1-76	1-76	SER	/mnt/c/Users/drpat/OneDrive - UGent/Desktop/PD/Phospho-fill/Validation-allPDB/pdb_cache/5fer.cif	SER	SER	OG	CB	ok			120.29647156996371	LYS:63	LYS	CE	7.945949021387699	0.0	0.0	GLN:62	GLN	OE1	6.617798042361569				0.0	31.0	none_obvious			buried				0.0	0.0		unmodified
P42336	5FI4	A	7	SER_only_multi_3	3	3	2.5	SER	462		3	2-231,236-311,323-494,524-862,871-1062	2-231,236-311,323-494,524-862,871-1062	SER,SER,SER	/mnt/c/Users/drpat/OneDrive - UGent/Desktop/PD/Phospho-fill/Validation-allPDB/pdb_cache/5fi4.cif	SER	SER	OG	CB	ok			128.5619660632561	ARG:4	ARG	NH2	4.488265718867597	0.0	1.0	GLU:710	GLU	OE1	2.8135189001251435	HOH:1329	O	2.914450783244801	1.0	35.0	hbond_like			buried				0.0	0.0		unmodified
P42336	5FI4	A	158	SER_only_multi_3	3	3	2.5	SER	462		3	2-231,236-311,323-494,524-862,871-1062	2-231,236-311,323-494,524-862,871-1062	SER,SER,SER	/mnt/c/Users/drpat/OneDrive - UGent/Desktop/PD/Phospho-fill/Validation-allPDB/pdb_cache/5fi4.cif	SER	SER	OG	CB	ok			-115.56905688570063	ARG:162	ARG	NH1	5.308842416252373	0.0	1.0	ARG:162	ARG	NH1	5.308842416252373				0.0	22.0	none_obvious			intermediate				0.0	0.0		unmodified
P42336	5FI4	A	790	SER_only_multi_3	3	3	2.5	SER	462		3	2-231,236-311,323-494,524-862,871-1062	2-231,236-311,323-494,524-862,871-1062	SER,SER,SER	/mnt/c/Users/drpat/OneDrive - UGent/Desktop/PD/Phospho-fill/Validation-allPDB/pdb_cache/5fi4.cif	SER	SER	OG	CB	ok			-133.55468077193615	LYS:204	LYS	NZ	6.670582880534719	0.0	0.0	GLU:791	GLU	OE2	4.021274652944701	HOH:1299	O	2.806452965671101	1.0	38.0	water_mediated_like			buried				0.0	0.0		unmodified
P04150	5G3J	A	617	SER_single	1	1	2.4	SER	102		2	529-776	529-776	SER	/mnt/c/Users/drpat/OneDrive - UGent/Desktop/PD/Phospho-fill/Validation-allPDB/pdb_cache/5g3j.cif	SER	SER	OG	CB	ok			109.93608463987526	HIS:654	HIS	ND1	4.219308017155424	0.0	1.0	HIS:654	HIS	ND1	4.219308017155424				0.0	30.0	none_obvious			buried				0.0	0.0		unmodified
P04150	5G5W	A	617	SER_single	1	1	2.2	SER	103		2	530-776	530-776	SER	/mnt/c/Users/drpat/OneDrive - UGent/Desktop/PD/Phospho-fill/Validation-allPDB/pdb_cache/5g5w.cif	SER	SER	OG	CB	ok			115.42420930829893	HIS:654	HIS	CE1	4.153822971834393	0.0	1.0	HIS:654	HIS	ND1	4.343286942280047	HOH:2060	O	5.36739841583864	0.0	17.0	none_obvious			intermediate				0.0	0.0		unmodified
P04629	5H3Q	A	677	SER_mixed_with_TYR	1	2	2.1	SER	130		2	484-531,538-548,553-796	484-531,538-548,553-796	SER	/mnt/c/Users/drpat/OneDrive - UGent/Desktop/PD/Phospho-fill/Validation-allPDB/pdb_cache/5h3q.cif	SER	SER	OG	CB	ok			-111.3045148706941	ARG:682	ARG	NH2	6.449168801418303	0.0	0.0	THR:678	THR	OG1	6.184813716643038	HOH:1183	O	3.678139136945086	1.0	18.0	none_obvious			intermediate				0.0	0.0		unmodified
P68400	5H8E	A	2	SER_single	1	1	2.15	SER	581		1	2-332	2-332	SER	/mnt/c/Users/drpat/OneDrive - UGent/Desktop/PD/Phospho-fill/Validation-allPDB/pdb_cache/5h8e.cif	SER	SER	OG	CB	ok			3.4162882966605963					0.0	0.0	ASN:262	ASN	ND2	4.740648987687955				0.0	7.0	none_obvious			intermediate				0.0	0.0		unmodified
P62987	5HPK	B	65	SER_single	1	1	2.431	SER	531		1	1-75	1-75	SER	/mnt/c/Users/drpat/OneDrive - UGent/Desktop/PD/Phospho-fill/Validation-allPDB/pdb_cache/5hpk.cif	SER	SER	OG	CB	ok			86.11348237042021					0.0	0.0	THR:66	THR	OG1	6.571324547452644				0.0	35.0	none_obvious			buried				0.0	0.0		unmodified
P62987	5HPL	C	65	SER_single	1	1	2.31	SER	532		1	1-77	1-77	SER	/mnt/c/Users/drpat/OneDrive - UGent/Desktop/PD/Phospho-fill/Validation-allPDB/pdb_cache/5hpl.cif	SER	SER	OG	CB	ok			107.44734187095382					0.0	0.0	GLN:62	GLN	OE1	5.976499340894898	HOH:116	O	5.8522166361481975	0.0	37.0	none_obvious			buried				0.0	0.0		unmodified
P62987	5HPS	B	65	SER_single	1	1	2.05	SER	533		1	1-73	1-73	SER	/mnt/c/Users/drpat/OneDrive - UGent/Desktop/PD/Phospho-fill/Validation-allPDB/pdb_cache/5hps.cif	SER	SER	OG	CB	ok			119.15342100201806					0.0	0.0	ASN:60	ASN	OD1	6.116796990469296				0.0	31.0	none_obvious			buried				0.0	0.0		unmodified
Q02750	5HZE	A	218	SER_only_multi_2	2	2	2.4	SER	687		2	43-184,189-275,307-382	43-184,189-275,307-382	SER,SER	/mnt/c/Users/drpat/OneDrive - UGent/Desktop/PD/Phospho-fill/Validation-allPDB/pdb_cache/5hze.cif	SER	SER	OG	CB	ok			146.00276155231072					0.0	0.0	GLN:214	GLN	NE2	5.316838364867146				0.0	34.0	none_obvious			buried				0.0	0.0		unmodified
Q02750	5HZE	A	222	SER_only_multi_2	2	2	2.4	SER	687		2	43-184,189-275,307-382	43-184,189-275,307-382	SER,SER	/mnt/c/Users/drpat/OneDrive - UGent/Desktop/PD/Phospho-fill/Validation-allPDB/pdb_cache/5hze.cif	SER	SER	OG	CB	ok			-138.07516671891452					0.0	0.0	ASN:221	ASN	OD1	4.316756394520654				0.0	30.0	none_obvious			buried				0.0	0.0		unmodified
P04629	5I8A	A	677	SER_single	1	1	2.33	SER	131		2	501-518,522-531,538-547,556-670,672-683,687-787	501-518,522-531,538-547,556-670,672-683,687-787	SER	/mnt/c/Users/drpat/OneDrive - UGent/Desktop/PD/Phospho-fill/Validation-allPDB/pdb_cache/5i8a.cif	SER	SER	OG	CB	ok			-105.93270838784737					0.0	0.0	THR:678	THR	OG1	6.229250306322215	HOH:927	O	3.2107549954454107	1.0	17.0	water_mediated_like			intermediate				0.0	0.0		unmodified
P08200	5ICD	A	113	SER_single	1	1	2.5	SER	206		1	3-416	3-416	SER	/mnt/c/Users/drpat/OneDrive - UGent/Desktop/PD/Phospho-fill/Validation-allPDB/pdb_cache/5icd.cif	SER	SER	OG	CB	ok			-2.236149507238464	ARG:119	ARG	NH2	6.273159267990602	0.0	0.0	THR:105	THR	OG1	4.598469637364783	HOH:452	O	4.1923311829852	0.0	33.0	none_obvious			buried				0.0	0.0		unmodified
P11309	5IIS	A	276	SER_single	1	1	2.1	SER	294		2	32-305	32-305	SER	/mnt/c/Users/drpat/OneDrive - UGent/Desktop/PD/Phospho-fill/Validation-allPDB/pdb_cache/5iis.cif	SER	SER	OG	CB	ok			-118.63732451354845	ARG:274	ARG	NE	2.855863775909181	1.0	1.0	ARG:274	ARG	NE	2.855863775909181	HOH:623	O	3.1055722873333327	2.0	23.0	salt_bridge_like			exposed	SEP:261	SEP	26.908378122181755	0.0	0.0		unmodified
P11309	5IPJ	A	261	SER_only_multi_2	2	2	2.1	SER	295		2	33-305	33-305	SER,SER	/mnt/c/Users/drpat/OneDrive - UGent/Desktop/PD/Phospho-fill/Validation-allPDB/pdb_cache/5ipj.cif	SER	SER	OG	CB	ok			119.5635972259352	ARG:258	ARG	NH2	5.746057452835263	0.0	1.0	GLU:262	GLU	OE1	5.17790014604679	HOH:522	O	2.622320660982886	3.0	16.0	water_mediated_like			exposed				0.0	0.0		unmodified
P11309	5IPJ	A	276	SER_only_multi_2	2	2	2.1	SER	295		2	33-305	33-305	SER,SER	/mnt/c/Users/drpat/OneDrive - UGent/Desktop/PD/Phospho-fill/Validation-allPDB/pdb_cache/5ipj.cif	SER	SER	OG	CB	ok			-117.11242854833516	ARG:274	ARG	NE	3.3947409185098367	1.0	1.0	ARG:274	ARG	NE	3.3947409185098367	HOH:647	O	3.2439364820211085	1.0	23.0	salt_bridge_like			intermediate				0.0	0.0		unmodified
P49759	5J1W	A	341	SER_mixed_with_THR	1	2	2.42	SER	481		2	148-483	148-483	SER	/mnt/c/Users/drpat/OneDrive - UGent/Desktop/PD/Phospho-fill/Validation-allPDB/pdb_cache/5j1w.cif	SER	SER	OG	CB	ok			134.5771304545745	ARG:346	ARG	NE	5.3422704603160724	0.0	1.0	SER:364	SER	OG	4.494466382486574	HOH:617	O	2.6742651851288803	1.0	45.0	water_mediated_like			buried				0.0	0.0		unmodified
O43318	5J7S	A	192	SER_single	1	1	2.368	SER	35		2	31-45,48-63,72-93,97-176,191-303	31-45,48-63,72-93,97-176,191-303	SER	/mnt/c/Users/drpat/OneDrive - UGent/Desktop/PD/Phospho-fill/Validation-allPDB/pdb_cache/5j7s.cif	SER	SER	OG	CB	ok			119.62022257920898	LYS:158	LYS	NZ	2.6998257780625563	1.0	1.0	LYS:158	LYS	NZ	2.6998257780625563				0.0	22.0	salt_bridge_like			intermediate				0.0	0.0		unmodified
O43318	5J8I	A	192	SER_single	1	1	2.404	SER	36		2	31-44,47-94,96-175,191-303	31-44,47-94,96-175,191-303	SER	/mnt/c/Users/drpat/OneDrive - UGent/Desktop/PD/Phospho-fill/Validation-allPDB/pdb_cache/5j8i.cif	SER	SER	OG	CB	ok			120.81323893712359	LYS:158	LYS	NZ	2.8371588342824228	1.0	1.0	LYS:158	LYS	NZ	2.8371588342824228				0.0	20.0	salt_bridge_like			intermediate				0.0	0.0		unmodified
P62987	5J8P	A	65	SER_single	1	1	1.554	SER	534		1	1-76	1-76	SER	/mnt/c/Users/drpat/OneDrive - UGent/Desktop/PD/Phospho-fill/Validation-allPDB/pdb_cache/5j8p.cif	SER	SER	OG	CB	ok			115.54508538010369					0.0	0.0	GLN:62	GLN	OE1	5.571976611648329	HOH:209	O	2.5599757186615495	1.0	34.0	water_mediated_like			buried				0.0	0.0		unmodified
P62987	5JBV	A	65	SER_single	1	1	2.104	SER	535		1	1-76	1-76	SER	/mnt/c/Users/drpat/OneDrive - UGent/Desktop/PD/Phospho-fill/Validation-allPDB/pdb_cache/5jbv.cif	SER	SER	OG	CB	ok			111.97276021341261					0.0	0.0	GLN:62	GLN	OE1	6.533017565790206	HOH:217	O	4.126738011443622	0.0	32.0	none_obvious			buried				0.0	0.0		unmodified
Q14653	5JEK	A	386	SER_only_multi_2	2	2	2.4	SER	874		2	189-422	189-422	SER,SER	/mnt/c/Users/drpat/OneDrive - UGent/Desktop/PD/Phospho-fill/Validation-allPDB/pdb_cache/5jek.cif	SER	SER	OG	CB	ok			3.994902994121021					0.0	0.0	ASN:389	ASN	OD1	3.8868299371640638	HOH:519	O	6.45448232564916	0.0	19.0	none_obvious			intermediate				0.0	0.0		unmodified
Q14653	5JEK	A	402	SER_only_multi_2	2	2	2.4	SER	874		2	189-422	189-422	SER,SER	/mnt/c/Users/drpat/OneDrive - UGent/Desktop/PD/Phospho-fill/Validation-allPDB/pdb_cache/5jek.cif	SER	SER	OG	CB	ok			4.848285819408128					0.0	0.0	GLU:388	GLU	OE1	2.637813764243195	HOH:519	O	7.518479642982221	0.0	23.0	hbond_like			intermediate				0.0	0.0		unmodified
Q14653	5JEL	A	386	SER_only_multi_2	2	2	1.6	SER	875		2	189-422	189-422	SER,SER	/mnt/c/Users/drpat/OneDrive - UGent/Desktop/PD/Phospho-fill/Validation-allPDB/pdb_cache/5jel.cif	SER	SER	OG	CB	ok			-122.58151063125428					0.0	0.0	SER:385	SER	OG	6.165165069609296	HOH:645	O	4.4070448918945875	0.0	8.0	none_obvious			intermediate				0.0	0.0		unmodified
Q14653	5JEL	A	402	SER_only_multi_2	2	2	1.6	SER	875		2	189-422	189-422	SER,SER	/mnt/c/Users/drpat/OneDrive - UGent/Desktop/PD/Phospho-fill/Validation-allPDB/pdb_cache/5jel.cif	SER	SER	OG	CB	ok			0.7206691559239421					0.0	0.0	GLU:388	GLU	OE1	2.4231049863489744	HOH:538	O	6.596163349905909	0.0	22.0	hbond_like			intermediate				0.0	0.0		unmodified
O43318	5JGA	A	192	SER_single	1	1	2.0	SER	37		2	31-179,191-303	31-179,191-303	SER	/mnt/c/Users/drpat/OneDrive - UGent/Desktop/PD/Phospho-fill/Validation-allPDB/pdb_cache/5jga.cif	SER	SER	OG	CB	ok			121.32601503433165	LYS:158	LYS	NZ	2.673778719609092	1.0	1.0	ASP:156	ASP	OD1	2.631715482109291	HOH:766	O	2.7909815893797374	2.0	21.0	salt_bridge_like			exposed				0.0	0.0		unmodified
O43318	5JH6	A	192	SER_single	1	1	2.365	SER	38		2	31-47,49-93,97-176,191-303	31-47,49-93,97-176,191-303	SER	/mnt/c/Users/drpat/OneDrive - UGent/Desktop/PD/Phospho-fill/Validation-allPDB/pdb_cache/5jh6.cif	SER	SER	OG	CB	ok			118.9601366034681	LYS:158	LYS	NZ	2.644690478281734	1.0	1.0	LYS:158	LYS	NZ	2.644690478281734				0.0	18.0	salt_bridge_like			intermediate				0.0	0.0		unmodified
O43318	5JK3	A	192	SER_single	1	1	2.371	SER	39		2	31,36-44,50-52,61-65,67-93,98-175,191-303	31,36-44,50-52,61-65,67-93,98-175,191-303	SER	/mnt/c/Users/drpat/OneDrive - UGent/Desktop/PD/Phospho-fill/Validation-allPDB/pdb_cache/5jk3.cif	SER	SER	OG	CB	ok			114.1648951737277	LYS:158	LYS	NZ	2.6317742686661263	1.0	1.0	LYS:158	LYS	NZ	2.6317742686661263				0.0	20.0	salt_bridge_like			intermediate				0.0	0.0		unmodified
Q9NWZ3	5K72	A	284	SER_single	1	1	2.22	SER	949		4	164-216,226-335,343-458	164-216,226-335,343-458	SER	/mnt/c/Users/drpat/OneDrive - UGent/Desktop/PD/Phospho-fill/Validation-allPDB/pdb_cache/5k72.cif	SER	SER	OG	CB	ok			-110.60039039916595	HIS:286	HIS	CD2	4.872385991660763	0.0	1.0	ASP:420	ASP	OD2	3.7291625988541144	HOH:635	O	2.8165823389062177	1.0	28.0	water_mediated_like			buried	TPO:345	TPO	40.529346780739964	0.0	0.0		unmodified
Q9NWZ3	5K75	C	284	SER_single	1	1	2.03	SER	950		4	164-215,221-336,343-458	164-215,221-336,343-458	SER	/mnt/c/Users/drpat/OneDrive - UGent/Desktop/PD/Phospho-fill/Validation-allPDB/pdb_cache/5k75.cif	SER	SER	OG	CB	ok			-113.32042061306906	HIS:286	HIS	CD2	5.035748773701686	0.0	1.0	ASP:420	ASP	OD2	3.7647729291125938	HOH:680	O	3.5997952469636214	1.0	27.0	none_obvious			buried	TPO:345	TPO	40.63054174672126	0.0	0.0		unmodified
Q9NWZ3	5K7G	C	284	SER_single	1	1	2.23	SER	952		4	164-216,220-335,343-458	164-216,220-335,343-458	SER	/mnt/c/Users/drpat/OneDrive - UGent/Desktop/PD/Phospho-fill/Validation-allPDB/pdb_cache/5k7g.cif	SER	SER	OG	CB	ok			-111.10726166634645	HIS:286	HIS	CD2	5.007772417223202	0.0	1.0	ASP:420	ASP	OD2	3.7504797437309447	HOH:660	O	3.5499127675023714	1.0	29.0	none_obvious			buried	TPO:345	TPO	40.4348273357267	0.0	0.0		unmodified
Q9NWZ3	5K7I	A	284	SER_single	1	1	2.31	SER	953		4	164-215,226-252,257-335,343-458	164-215,226-252,257-335,343-458	SER	/mnt/c/Users/drpat/OneDrive - UGent/Desktop/PD/Phospho-fill/Validation-allPDB/pdb_cache/5k7i.cif	SER	SER	OG	CB	ok			-111.95310457442484	HIS:286	HIS	CD2	4.6985219681768955	0.0	1.0	ASP:420	ASP	OD2	3.7366875011189533	HOH:622	O	2.9227724363013374	1.0	29.0	water_mediated_like			buried	TPO:345	TPO	39.94821517069247	0.0	0.0		unmodified
Q9HCE5	5K7M	B	399	SER_single	1	1	1.65	SER	923		1	116-399	116-399	SER	/mnt/c/Users/drpat/OneDrive - UGent/Desktop/PD/Phospho-fill/Validation-allPDB/pdb_cache/5k7m.cif	SER	SER	OG	CB	ok			-127.47268582132946	ARG:298	ARG	NE	6.273083453245634	0.0	0.0	SER:299	SER	OG	5.610622072327377	HOH:682	O	2.878179559976902	1.0	13.0	water_mediated_like			intermediate				0.0	0.0		unmodified
Q9HCE5	5K7U	B	399	SER_single	1	1	1.7	SER	924		1	116-399	116-399	SER	/mnt/c/Users/drpat/OneDrive - UGent/Desktop/PD/Phospho-fill/Validation-allPDB/pdb_cache/5k7u.cif	SER	SER	OG	CB	ok			108.80361266829725	ARG:298	ARG	NE	5.647621828348804	0.0	1.0	ARG:298	ARG	NE	5.647621828348804	HOH:630	O	3.3633516578451346	2.0	11.0	water_mediated_like			exposed				0.0	0.0		unmodified
Q9HCE5	5K7W	B	399	SER_single	1	1	1.65	SER	925		1	116-399	116-399	SER	/mnt/c/Users/drpat/OneDrive - UGent/Desktop/PD/Phospho-fill/Validation-allPDB/pdb_cache/5k7w.cif	SER	SER	OG	CB	ok			115.45922736689435	ARG:298	ARG	NE	5.357371162698572	0.0	1.0	ARG:298	ARG	NE	5.357371162698572	HOH:724	O	3.490477928600287	1.0	12.0	water_mediated_like			intermediate				0.0	0.0		unmodified
P11309	5KCX	A	261	SER_only_multi_2	2	2	2.2	SER	296		2	34-305	34-305	SER,SER	/mnt/c/Users/drpat/OneDrive - UGent/Desktop/PD/Phospho-fill/Validation-allPDB/pdb_cache/5kcx.cif	SER	SER	OG	CB	ok			114.42239647338299	ARG:258	ARG	NH2	5.748669709930129	0.0	1.0	GLN:264	GLN	OE1	5.704826332530252	HOH:602	O	3.031028121895122	1.0	12.0	water_mediated_like			intermediate				0.0	0.0		unmodified
P11309	5KCX	A	276	SER_only_multi_2	2	2	2.2	SER	296		2	34-305	34-305	SER,SER	/mnt/c/Users/drpat/OneDrive - UGent/Desktop/PD/Phospho-fill/Validation-allPDB/pdb_cache/5kcx.cif	SER	SER	OG	CB	ok			-114.78004805050118	ARG:274	ARG	NH2	4.536734889126935	0.0	1.0	ASP:277	ASP	OD1	4.261599816142286	HOH:543	O	2.6951001095600797	2.0	24.0	water_mediated_like			exposed				0.0	0.0		unmodified
P11309	5KGD	A	261	SER_only_multi_2	2	2	1.98	SER	297		2	33-305	33-305	SER,SER	/mnt/c/Users/drpat/OneDrive - UGent/Desktop/PD/Phospho-fill/Validation-allPDB/pdb_cache/5kgd.cif	SER	SER	OG	CB	ok			114.44439360603924	ARG:258	ARG	NH2	5.590054897584914	0.0	1.0	ARG:258	ARG	NH2	5.590054897584914	HOH:522	O	4.440299997923939	0.0	13.0	none_obvious			intermediate				0.0	0.0		unmodified
P11309	5KGD	A	276	SER_only_multi_2	2	2	1.98	SER	297		2	33-305	33-305	SER,SER	/mnt/c/Users/drpat/OneDrive - UGent/Desktop/PD/Phospho-fill/Validation-allPDB/pdb_cache/5kgd.cif	SER	SER	OG	CB	ok			-109.45440921629168	ARG:274	ARG	NH2	3.982100807427105	1.0	1.0	ARG:274	ARG	NH2	3.982100807427105	HOH:623	O	5.278748196684474	0.0	23.0	none_obvious			intermediate				0.0	0.0		unmodified
P11309	5KGE	A	261	SER_only_multi_2	2	2	2.23	SER	298		2	33-305	33-305	SER,SER	/mnt/c/Users/drpat/OneDrive - UGent/Desktop/PD/Phospho-fill/Validation-allPDB/pdb_cache/5kge.cif	SER	SER	OG	CB	ok			115.22395238893958	ARG:258	ARG	NH2	5.511728879852677	0.0	1.0	GLU:262	GLU	OE1	5.251996625418415	HOH:525	O	7.022575605116913	0.0	16.0	none_obvious			intermediate				0.0	0.0		unmodified
P11309	5KGE	A	276	SER_only_multi_2	2	2	2.23	SER	298		2	33-305	33-305	SER,SER	/mnt/c/Users/drpat/OneDrive - UGent/Desktop/PD/Phospho-fill/Validation-allPDB/pdb_cache/5kge.cif	SER	SER	OG	CB	ok			-108.06253653485464	ARG:274	ARG	NH2	4.000130123658655	0.0	1.0	ARG:274	ARG	NH2	4.000130123658655	HOH:548	O	3.6798274638441395	1.0	24.0	none_obvious			buried				0.0	0.0		unmodified
P11309	5KGG	A	261	SER_only_multi_2	2	2	1.95	SER	299		2	33-305	33-305	SER,SER	/mnt/c/Users/drpat/OneDrive - UGent/Desktop/PD/Phospho-fill/Validation-allPDB/pdb_cache/5kgg.cif	SER	SER	OG	CB	ok			116.12921180780727	ARG:258	ARG	NH2	5.590286561519754	0.0	1.0	ARG:258	ARG	NH2	5.590286561519754	HOH:509	O	4.5261948783834764	0.0	13.0	none_obvious			intermediate				0.0	0.0		unmodified
P11309	5KGG	A	276	SER_only_multi_2	2	2	1.95	SER	299		2	33-305	33-305	SER,SER	/mnt/c/Users/drpat/OneDrive - UGent/Desktop/PD/Phospho-fill/Validation-allPDB/pdb_cache/5kgg.cif	SER	SER	OG	CB	ok			-109.2006500025664	ARG:274	ARG	NH2	3.9823247755819517	1.0	1.0	ARG:274	ARG	NH2	3.9823247755819517	HOH:519	O	4.234935256545548	0.0	28.0	none_obvious			buried				0.0	0.0		unmodified
P11309	5KGI	A	261	SER_only_multi_2	2	2	2.13	SER	300		2	33-305	33-305	SER,SER	/mnt/c/Users/drpat/OneDrive - UGent/Desktop/PD/Phospho-fill/Validation-allPDB/pdb_cache/5kgi.cif	SER	SER	OG	CB	ok			114.3492546104168	ARG:258	ARG	NH2	5.60276111016464	0.0	1.0	ARG:258	ARG	NH2	5.60276111016464	HOH:511	O	4.523037738494292	0.0	11.0	none_obvious			intermediate				0.0	0.0		unmodified
P11309	5KGI	A	276	SER_only_multi_2	2	2	2.13	SER	300		2	33-305	33-305	SER,SER	/mnt/c/Users/drpat/OneDrive - UGent/Desktop/PD/Phospho-fill/Validation-allPDB/pdb_cache/5kgi.cif	SER	SER	OG	CB	ok			-109.0275657393577	ARG:274	ARG	NH1	3.981013797424721	1.0	1.0	ARG:274	ARG	NH1	3.981013797424721	HOH:595	O	3.818840550372482	1.0	23.0	none_obvious			intermediate				0.0	0.0		unmodified
P04629	5KMI	A	677	SER_single	1	1	1.87	SER	132		2	486-495,501-547,551-610,614-796	486-495,501-547,551-610,614-796	SER	/mnt/c/Users/drpat/OneDrive - UGent/Desktop/PD/Phospho-fill/Validation-allPDB/pdb_cache/5kmi.cif	SER	SER	OG	CB	ok			-113.05263669050646	ARG:682	ARG	NH2	7.073327164254245	0.0	0.0	THR:678	THR	OG1	5.497448839297863	HOH:1038	O	2.786337095818063	1.0	18.0	water_mediated_like			intermediate				0.0	0.0		unmodified
P04629	5KMJ	A	677	SER_single	1	1	2.04	SER	133		2	486-495,500-548,551-609,614-795	486-495,500-548,551-609,614-795	SER	/mnt/c/Users/drpat/OneDrive - UGent/Desktop/PD/Phospho-fill/Validation-allPDB/pdb_cache/5kmj.cif	SER	SER	OG	CB	ok			-117.40450512203613	ARG:682	ARG	NH2	6.649396288169606	0.0	0.0	THR:678	THR	OG1	5.497867522077354	HOH:1039	O	2.7729641016355187	1.0	18.0	water_mediated_like			intermediate				0.0	0.0		unmodified
P04629	5KMK	A	677	SER_single	1	1	2.24	SER	134		2	484-493,500-547,551-610,613-796	484-493,500-547,551-610,613-796	SER	/mnt/c/Users/drpat/OneDrive - UGent/Desktop/PD/Phospho-fill/Validation-allPDB/pdb_cache/5kmk.cif	SER	SER	OG	CB	ok			-118.9081029347628	ARG:682	ARG	NH2	7.777315301727399	0.0	0.0	THR:678	THR	OG1	5.354940976954459	HOH:1013	O	2.73474915525244	1.0	19.0	water_mediated_like			intermediate				0.0	0.0		unmodified
P04629	5KML	A	677	SER_single	1	1	2.01	SER	135		2	474-479,499-534,537-548,550-608,614-796	474-479,499-534,537-548,550-608,614-796	SER	/mnt/c/Users/drpat/OneDrive - UGent/Desktop/PD/Phospho-fill/Validation-allPDB/pdb_cache/5kml.cif	SER	SER	OG	CB	ok			-109.98256677105401	ARG:682	ARG	NH2	7.2163974193481595	0.0	0.0	THR:678	THR	OG1	5.503824280339335	HOH:1019	O	3.071366994853117	1.0	18.0	water_mediated_like			intermediate				0.0	0.0		unmodified
P04629	5KMM	A	677	SER_single	1	1	2.12	SER	136		2	484-491,500-547,551-610,613-796	484-491,500-547,551-610,613-796	SER	/mnt/c/Users/drpat/OneDrive - UGent/Desktop/PD/Phospho-fill/Validation-allPDB/pdb_cache/5kmm.cif	SER	SER	OG	CB	ok			-118.31693876569673	ARG:682	ARG	NH2	6.81753626185511	0.0	0.0	THR:678	THR	OG1	5.461257283263539	HOH:1011	O	2.692448992173492	1.0	20.0	water_mediated_like			intermediate				0.0	0.0		unmodified
P04629	5KMN	A	677	SER_single	1	1	2.14	SER	137		2	474-479,499-534,537-548,550-608,614-796	474-479,499-534,537-548,550-608,614-796	SER	/mnt/c/Users/drpat/OneDrive - UGent/Desktop/PD/Phospho-fill/Validation-allPDB/pdb_cache/5kmn.cif	SER	SER	OG	CB	ok			-111.64936155116314	ARG:682	ARG	NH2	7.129218052835753	0.0	0.0	THR:678	THR	OG1	5.519232947190955	HOH:1072	O	5.038496644450805	0.0	19.0	none_obvious			intermediate				0.0	0.0		unmodified
P68400	5KU8	B	2	SER_single	1	1	2.22	SER	582		1	2-332	2-332	SER	/mnt/c/Users/drpat/OneDrive - UGent/Desktop/PD/Phospho-fill/Validation-allPDB/pdb_cache/5ku8.cif	SER	SER	OG	CB	ok			-3.1950391860034277					0.0	0.0	ASN:262	ASN	ND2	2.9612175847405706				0.0	9.0	hbond_like			intermediate				0.0	0.0		unmodified
P04629	5KVT	A	677	SER_single	1	1	2.45	SER	138		2	501-532,537-787	501-532,537-787	SER	/mnt/c/Users/drpat/OneDrive - UGent/Desktop/PD/Phospho-fill/Validation-allPDB/pdb_cache/5kvt.cif	SER	SER	OG	CB	ok			-6.236091311234501	ARG:654	ARG	NE	6.237773202958015	0.0	0.0	ASP:679	ASP	OD2	4.133476540332598				0.0	30.0	none_obvious			buried				0.0	0.0		unmodified
P68400	5KWH	A	2	SER_single	1	1	2.12	SER	583		1	2-332	2-332	SER	/mnt/c/Users/drpat/OneDrive - UGent/Desktop/PD/Phospho-fill/Validation-allPDB/pdb_cache/5kwh.cif	SER	SER	OG	CB	ok			20.276869355452867					0.0	0.0	ASN:262	ASN	ND2	4.235968206739487				0.0	6.0	none_obvious			intermediate				0.0	0.0		unmodified
P11309	5KZI	A	261	SER_only_multi_2	2	2	2.1	SER	301		2	33-305	33-305	SER,SER	/mnt/c/Users/drpat/OneDrive - UGent/Desktop/PD/Phospho-fill/Validation-allPDB/pdb_cache/5kzi.cif	SER	SER	OG	CB	ok			117.26597755025884	ARG:258	ARG	NH2	5.69600323630938	0.0	1.0	GLU:262	GLU	OE1	5.0567633756949775	HOH:569	O	2.8172861447679587	2.0	16.0	water_mediated_like			exposed				0.0	0.0		unmodified
P11309	5KZI	A	276	SER_only_multi_2	2	2	2.1	SER	301		2	33-305	33-305	SER,SER	/mnt/c/Users/drpat/OneDrive - UGent/Desktop/PD/Phospho-fill/Validation-allPDB/pdb_cache/5kzi.cif	SER	SER	OG	CB	ok			-125.85454613783085	ARG:274	ARG	NH1	4.820697507587583	0.0	1.0	ASP:277	ASP	OD1	4.50505091268755	HOH:628	O	3.105037777539325	1.0	21.0	water_mediated_like			intermediate				0.0	0.0		unmodified
P41743	5LI9	A	484	SER_single	1	1	1.79	SER	458		3	248-453,466-589	248-453,466-589	SER	/mnt/c/Users/drpat/OneDrive - UGent/Desktop/PD/Phospho-fill/Validation-allPDB/pdb_cache/5li9.cif	SER	SER	OG	CB	ok			-116.21097050217418	LYS:349	LYS	NZ	4.968291813325914	0.0	1.0	LYS:349	LYS	NZ	4.968291813325914	HOH:715	O	2.503644505722806	3.0	18.0	water_mediated_like			exposed	TPO:412	TPO	38.04198672747845	0.0	0.0		unmodified
O22476	5LPZ	A	1060	SER_single	1	1	2.48	SER	21		4	866-1086,1095-1124,1126-1160	866-1086,1095-1124,1126-1160	SER	/mnt/c/Users/drpat/OneDrive - UGent/Desktop/PD/Phospho-fill/Validation-allPDB/pdb_cache/5lpz.cif	SER	SER	OG	CB	ok			121.89054462198631	ARG:1062	ARG	NE	4.962586467687176	0.0	1.0	ARG:1062	ARG	NE	4.962586467687176				0.0	17.0	none_obvious			intermediate	SEP:1042	SEP	8.561218581751795	0.0	2.0	TPO:1039@11.13;SEP:1042@8.56	unmodified
P68400	5M4F	A	2	SER_single	1	1	1.519	SER	584		1	2-331	2-331	SER	/mnt/c/Users/drpat/OneDrive - UGent/Desktop/PD/Phospho-fill/Validation-allPDB/pdb_cache/5m4f.cif	SER	SER	OG	CB	ok			-133.3218967764881					0.0	0.0	ASN:262	ASN	ND2	4.478707567723171	HOH:813	O	3.4302233143659575	1.0	7.0	water_mediated_like			intermediate				0.0	0.0		unmodified
P62992	5MN9	B	65	SER_single	1	1	2.05	SER	544		1	1-76	1-76	SER	/mnt/c/Users/drpat/OneDrive - UGent/Desktop/PD/Phospho-fill/Validation-allPDB/pdb_cache/5mn9.cif	SER	SER	OG	CB	ok			112.0452656226652					0.0	0.0	THR:66	THR	OG1	6.9001095195604485				0.0	34.0	none_obvious			buried				0.0	0.0		unmodified
P33981	5MRB	A	677	SER_mixed_with_THR	1	4	2.2	SER	434		4	519-677,683-697,711-795	519-677,683-697,711-795	SER	/mnt/c/Users/drpat/OneDrive - UGent/Desktop/PD/Phospho-fill/Validation-allPDB/pdb_cache/5mrb.cif	SER	SER	OG	CB	ok			4.321347780863128	LYS:538	LYS	NZ	6.898615346718607	0.0	0.0	SER:533	SER	OG	5.982121547904099				0.0	11.0	none_obvious			intermediate				0.0	0.0		unmodified
P11309	5MZL	A	261	SER_only_multi_2	2	2	1.955	SER	302		2	33-46,51-305	33-46,51-305	SER,SER	/mnt/c/Users/drpat/OneDrive - UGent/Desktop/PD/Phospho-fill/Validation-allPDB/pdb_cache/5mzl.cif	SER	SER	OG	CB	ok			116.82710391721756	ARG:258	ARG	NH2	5.707841599946982	0.0	1.0	GLU:262	GLU	OE2	5.1909937831593425	HOH:578	O	3.3906885733734926	1.0	15.0	water_mediated_like			intermediate				0.0	0.0		unmodified
P11309	5MZL	A	276	SER_only_multi_2	2	2	1.955	SER	302		2	33-46,51-305	33-46,51-305	SER,SER	/mnt/c/Users/drpat/OneDrive - UGent/Desktop/PD/Phospho-fill/Validation-allPDB/pdb_cache/5mzl.cif	SER	SER	OG	CB	ok			-120.56442997549975	ARG:274	ARG	NE	3.017025045651376	1.0	1.0	ARG:274	ARG	NE	3.017025045651376	HOH:589	O	3.185711777445005	1.0	20.0	salt_bridge_like			intermediate				0.0	0.0		unmodified
P11309	5N4N	A	261	SER_only_multi_2	2	2	2.09	SER	303		2	33-305	33-305	SER,SER	/mnt/c/Users/drpat/OneDrive - UGent/Desktop/PD/Phospho-fill/Validation-allPDB/pdb_cache/5n4n.cif	SER	SER	OG	CB	ok			119.2924947269977	ARG:258	ARG	NH2	5.830491998085998	0.0	1.0	GLU:262	GLU	OE2	4.994912502244157	HOH:579	O	3.3559635624708153	1.0	15.0	water_mediated_like			intermediate				0.0	0.0		unmodified
P11309	5N4N	A	276	SER_only_multi_2	2	2	2.09	SER	303		2	33-305	33-305	SER,SER	/mnt/c/Users/drpat/OneDrive - UGent/Desktop/PD/Phospho-fill/Validation-allPDB/pdb_cache/5n4n.cif	SER	SER	OG	CB	ok			-117.22139988708814	ARG:274	ARG	NE	3.9223498128908267	1.0	1.0	ARG:274	ARG	NE	3.9223498128908267	HOH:585	O	2.963018696696451	1.0	21.0	water_mediated_like			intermediate				0.0	0.0		unmodified
P11309	5N4O	A	261	SER_only_multi_2	2	2	2.22	SER	304		2	33-47,50-305	33-47,50-305	SER,SER	/mnt/c/Users/drpat/OneDrive - UGent/Desktop/PD/Phospho-fill/Validation-allPDB/pdb_cache/5n4o.cif	SER	SER	OG	CB	ok			123.54138611780616	ARG:258	ARG	NH2	5.719804858507138	0.0	1.0	ARG:258	ARG	NH2	5.719804858507138	HOH:572	O	3.4089485065598324	1.0	9.0	water_mediated_like			intermediate				0.0	0.0		unmodified
P11309	5N4O	A	276	SER_only_multi_2	2	2	2.22	SER	304		2	33-47,50-305	33-47,50-305	SER,SER	/mnt/c/Users/drpat/OneDrive - UGent/Desktop/PD/Phospho-fill/Validation-allPDB/pdb_cache/5n4o.cif	SER	SER	OG	CB	ok			-114.35982499577402	ARG:274	ARG	NE	4.189924264626284	0.0	1.0	ARG:274	ARG	NE	4.189924264626284	HOH:567	O	3.1260182808695918	1.0	20.0	water_mediated_like			intermediate				0.0	0.0		unmodified
P11309	5N4R	A	261	SER_only_multi_2	2	2	2.13	SER	305		2	33-305	33-305	SER,SER	/mnt/c/Users/drpat/OneDrive - UGent/Desktop/PD/Phospho-fill/Validation-allPDB/pdb_cache/5n4r.cif	SER	SER	OG	CB	ok			120.024285258709	ARG:258	ARG	NH2	6.064630756867622	0.0	0.0	GLU:262	GLU	OE2	5.220416189789073	HOH:593	O	3.414647336703686	1.0	13.0	water_mediated_like			intermediate				0.0	0.0		unmodified
P11309	5N4R	A	276	SER_only_multi_2	2	2	2.13	SER	305		2	33-305	33-305	SER,SER	/mnt/c/Users/drpat/OneDrive - UGent/Desktop/PD/Phospho-fill/Validation-allPDB/pdb_cache/5n4r.cif	SER	SER	OG	CB	ok			-115.73899109720661					0.0	0.0	ASP:277	ASP	OD1	4.1551231026773126	HOH:606	O	3.158170797626763	1.0	17.0	water_mediated_like			intermediate				0.0	0.0		unmodified
P11309	5N4U	A	261	SER_only_multi_2	2	2	2.202	SER	306		2	34-305	34-305	SER,SER	/mnt/c/Users/drpat/OneDrive - UGent/Desktop/PD/Phospho-fill/Validation-allPDB/pdb_cache/5n4u.cif	SER	SER	OG	CB	ok			111.94313321378893	ARG:258	ARG	NH2	6.0042366218932335	0.0	0.0	GLU:262	GLU	OE2	5.2054744122428245	HOH:565	O	3.5273521661036367	1.0	13.0	none_obvious			intermediate				0.0	0.0		unmodified
P11309	5N4U	A	276	SER_only_multi_2	2	2	2.202	SER	306		2	34-305	34-305	SER,SER	/mnt/c/Users/drpat/OneDrive - UGent/Desktop/PD/Phospho-fill/Validation-allPDB/pdb_cache/5n4u.cif	SER	SER	OG	CB	ok			-112.57011637913006					0.0	0.0	ASP:277	ASP	OD1	4.28748572189008	HOH:573	O	3.316282092598687	1.0	18.0	water_mediated_like			intermediate				0.0	0.0		unmodified
P11309	5N4V	A	261	SER_only_multi_2	2	2	1.85	SER	307		2	33-305	33-305	SER,SER	/mnt/c/Users/drpat/OneDrive - UGent/Desktop/PD/Phospho-fill/Validation-allPDB/pdb_cache/5n4v.cif	SER	SER	OG	CB	ok			118.41919096320085	ARG:258	ARG	NH2	5.913693716789014	0.0	1.0	GLU:262	GLU	OE2	5.0933081348106395	HOH:600	O	3.358607419746262	1.0	13.0	water_mediated_like			intermediate				0.0	0.0		unmodified
P11309	5N4V	A	276	SER_only_multi_2	2	2	1.85	SER	307		2	33-305	33-305	SER,SER	/mnt/c/Users/drpat/OneDrive - UGent/Desktop/PD/Phospho-fill/Validation-allPDB/pdb_cache/5n4v.cif	SER	SER	OG	CB	ok			-114.08026694267026	ARG:274	ARG	NE	3.0088186736464273	1.0	1.0	ARG:274	ARG	NE	3.0088186736464273	HOH:557	O	6.220299590012026	0.0	23.0	salt_bridge_like			intermediate				0.0	0.0		unmodified
P11309	5N4X	A	261	SER_only_multi_2	2	2	2.2	SER	308		2	33-82,84-305	33-82,84-305	SER,SER	/mnt/c/Users/drpat/OneDrive - UGent/Desktop/PD/Phospho-fill/Validation-allPDB/pdb_cache/5n4x.cif	SER	SER	OG	CB	ok			115.24125141431722	ARG:258	ARG	NH2	5.719899560541775	0.0	1.0	GLU:262	GLU	OE2	4.986042063461716	HOH:591	O	3.6547067932880575	1.0	12.0	none_obvious			intermediate				0.0	0.0		unmodified
P11309	5N4X	A	276	SER_only_multi_2	2	2	2.2	SER	308		2	33-82,84-305	33-82,84-305	SER,SER	/mnt/c/Users/drpat/OneDrive - UGent/Desktop/PD/Phospho-fill/Validation-allPDB/pdb_cache/5n4x.cif	SER	SER	OG	CB	ok			-108.95348029536953					0.0	0.0	ASP:277	ASP	OD1	4.282763475942692	HOH:588	O	3.2719884434200157	1.0	17.0	water_mediated_like			intermediate				0.0	0.0		unmodified
P11309	5N4Z	A	261	SER_only_multi_2	2	2	2.257	SER	309		2	34-305	34-305	SER,SER	/mnt/c/Users/drpat/OneDrive - UGent/Desktop/PD/Phospho-fill/Validation-allPDB/pdb_cache/5n4z.cif	SER	SER	OG	CB	ok			122.11486677197603	ARG:258	ARG	NH2	5.922236491683044	0.0	1.0	GLU:262	GLU	OE2	4.982052396455647	HOH:580	O	3.253720237067952	1.0	13.0	water_mediated_like			intermediate				0.0	0.0		unmodified
P11309	5N4Z	A	276	SER_only_multi_2	2	2	2.257	SER	309		2	34-305	34-305	SER,SER	/mnt/c/Users/drpat/OneDrive - UGent/Desktop/PD/Phospho-fill/Validation-allPDB/pdb_cache/5n4z.cif	SER	SER	OG	CB	ok			-110.5611383950119	ARG:274	ARG	NE	4.605391848810248	0.0	1.0	ASP:277	ASP	OD1	4.223515621258725	HOH:594	O	3.4522523538373906	1.0	20.0	water_mediated_like			intermediate				0.0	0.0		unmodified
P11309	5N50	A	261	SER_only_multi_2	2	2	1.92	SER	310		2	33-305	33-305	SER,SER	/mnt/c/Users/drpat/OneDrive - UGent/Desktop/PD/Phospho-fill/Validation-allPDB/pdb_cache/5n50.cif	SER	SER	OG	CB	ok			114.3503686371541	ARG:258	ARG	NH2	5.925849505035111	0.0	1.0	GLU:262	GLU	OE2	5.113809105150972	HOH:607	O	3.4423314124270648	1.0	16.0	water_mediated_like			intermediate				0.0	0.0		unmodified
P11309	5N50	A	276	SER_only_multi_2	2	2	1.92	SER	310		2	33-305	33-305	SER,SER	/mnt/c/Users/drpat/OneDrive - UGent/Desktop/PD/Phospho-fill/Validation-allPDB/pdb_cache/5n50.cif	SER	SER	OG	CB	ok			-118.81225096855023	ARG:274	ARG	NE	4.595083695644242	0.0	1.0	ASP:277	ASP	OD1	4.330596005650644	HOH:662	O	3.2173525073468547	1.0	20.0	water_mediated_like			intermediate				0.0	0.0		unmodified
P11309	5N51	A	276	SER_single	1	1	2.118	SER	311		2	33-46,51-305	33-46,51-305	SER	/mnt/c/Users/drpat/OneDrive - UGent/Desktop/PD/Phospho-fill/Validation-allPDB/pdb_cache/5n51.cif	SER	SER	OG	CB	ok			-124.01159100397048					0.0	0.0	ASP:277	ASP	OD1	4.387411548162317	HOH:568	O	2.8888542396237917	1.0	17.0	water_mediated_like			intermediate	SEP:261	SEP	26.642228557299735	0.0	0.0		unmodified
P11309	5N52	A	261	SER_only_multi_2	2	2	2.252	SER	312		2	33-45,51-305	33-45,51-305	SER,SER	/mnt/c/Users/drpat/OneDrive - UGent/Desktop/PD/Phospho-fill/Validation-allPDB/pdb_cache/5n52.cif	SER	SER	OG	CB	ok			115.34341038743817	ARG:258	ARG	NH1	6.000313971260569	0.0	0.0	GLU:262	GLU	OE2	5.236611167797756	HOH:571	O	3.690509070230917	1.0	12.0	none_obvious			intermediate				0.0	0.0		unmodified
P11309	5N52	A	276	SER_only_multi_2	2	2	2.252	SER	312		2	33-45,51-305	33-45,51-305	SER,SER	/mnt/c/Users/drpat/OneDrive - UGent/Desktop/PD/Phospho-fill/Validation-allPDB/pdb_cache/5n52.cif	SER	SER	OG	CB	ok			-121.0831945160948					0.0	0.0	ASP:277	ASP	OD1	4.382118413165399	HOH:541	O	2.9603946717450977	1.0	18.0	water_mediated_like			intermediate				0.0	0.0		unmodified
P11309	5N5L	A	276	SER_single	1	1	1.97	SER	313		2	33-80,82-305	33-80,82-305	SER	/mnt/c/Users/drpat/OneDrive - UGent/Desktop/PD/Phospho-fill/Validation-allPDB/pdb_cache/5n5l.cif	SER	SER	OG	CB	ok			-118.38797209990983					0.0	0.0	ASP:277	ASP	OD1	4.344490584388587	HOH:638	O	3.2616267534741668	1.0	17.0	water_mediated_like			intermediate	SEP:261	SEP	26.688830028099574	0.0	0.0		unmodified
P11309	5N5M	A	276	SER_single	1	1	2.21	SER	314		2	33-305	33-305	SER	/mnt/c/Users/drpat/OneDrive - UGent/Desktop/PD/Phospho-fill/Validation-allPDB/pdb_cache/5n5m.cif	SER	SER	OG	CB	ok			-114.11066008388552	ARG:274	ARG	NE	4.124746674692475	0.0	1.0	ARG:274	ARG	NE	4.124746674692475	HOH:621	O	3.321210185625086	1.0	20.0	water_mediated_like			intermediate	SEP:261	SEP	26.55087096590486	0.0	0.0		unmodified
P68400	5N9K	A	2	SER_single	1	1	1.643	SER	585		1	2-330	2-330	SER	/mnt/c/Users/drpat/OneDrive - UGent/Desktop/PD/Phospho-fill/Validation-allPDB/pdb_cache/5n9k.cif	SER	SER	OG	CB	ok			2.496703952309553					0.0	0.0					HOH:598	O	7.156510243730408	0.0	4.0	none_obvious			intermediate				0.0	0.0		unmodified
P68400	5N9L	A	2	SER_single	1	1	1.79	SER	586		1	2-330	2-330	SER	/mnt/c/Users/drpat/OneDrive - UGent/Desktop/PD/Phospho-fill/Validation-allPDB/pdb_cache/5n9l.cif	SER	SER	OG	CB	ok			1.6392691962977333					0.0	0.0	ASN:262	ASN	ND2	6.234230008153059	HOH:650	O	4.432039093726589	0.0	4.0	none_obvious			intermediate				0.0	0.0		unmodified
P68400	5N9N	A	2	SER_single	1	1	1.841	SER	587		1	2-330	2-330	SER	/mnt/c/Users/drpat/OneDrive - UGent/Desktop/PD/Phospho-fill/Validation-allPDB/pdb_cache/5n9n.cif	SER	SER	OG	CB	ok			-123.32354484751791					0.0	0.0	ASN:262	ASN	ND2	7.4210705484939785	HOH:601	O	6.250751454692305	0.0	4.0	none_obvious			intermediate				0.0	0.0		unmodified
P11309	5NDT	A	261	SER_only_multi_2	2	2	1.985	SER	315		2	33-305	33-305	SER,SER	/mnt/c/Users/drpat/OneDrive - UGent/Desktop/PD/Phospho-fill/Validation-allPDB/pdb_cache/5ndt.cif	SER	SER	OG	CB	ok			113.55679051277127	ARG:258	ARG	NH2	5.796312834339059	0.0	1.0	GLU:262	GLU	OE2	5.073594945505766	HOH:580	O	3.437239912585015	1.0	15.0	water_mediated_like			intermediate				0.0	0.0		unmodified
P11309	5NDT	A	276	SER_only_multi_2	2	2	1.985	SER	315		2	33-305	33-305	SER,SER	/mnt/c/Users/drpat/OneDrive - UGent/Desktop/PD/Phospho-fill/Validation-allPDB/pdb_cache/5ndt.cif	SER	SER	OG	CB	ok			-118.7861970461696					0.0	0.0	ASP:277	ASP	OD1	4.1301908436091805	HOH:596	O	3.270213320037665	1.0	17.0	water_mediated_like			intermediate				0.0	0.0		unmodified
P04150	5NFP	A	617	SER_single	1	1	2.1	SER	104		2	530-776	530-776	SER	/mnt/c/Users/drpat/OneDrive - UGent/Desktop/PD/Phospho-fill/Validation-allPDB/pdb_cache/5nfp.cif	SER	SER	OG	CB	ok			112.09604974965929	HIS:654	HIS	CE1	3.825564520593976	1.0	1.0	HIS:654	HIS	ND1	4.272903825464001	HOH:994	O	5.596238845277012	0.0	13.0	none_obvious			intermediate				0.0	0.0		unmodified
P04150	5NFT	A	617	SER_single	1	1	2.3	SER	105		2	529-776	529-776	SER	/mnt/c/Users/drpat/OneDrive - UGent/Desktop/PD/Phospho-fill/Validation-allPDB/pdb_cache/5nft.cif	SER	SER	OG	CB	ok			119.05156369894104	HIS:654	HIS	CE1	3.653373143541629	1.0	1.0	HIS:654	HIS	ND1	4.285527288573781				0.0	12.0	none_obvious			intermediate				0.0	0.0		unmodified
P11309	5O11	A	276	SER_single	1	1	2.4	SER	316		2	34-47,50-305	34-47,50-305	SER	/mnt/c/Users/drpat/OneDrive - UGent/Desktop/PD/Phospho-fill/Validation-allPDB/pdb_cache/5o11.cif	SER	SER	OG	CB	ok			-101.78512991341495					0.0	0.0	ASP:277	ASP	OD1	4.153765605493109	HOH:582	O	3.214357351223657	1.0	18.0	water_mediated_like			intermediate	SEP:261	SEP	26.8140755588102	0.0	0.0		unmodified
P11309	5O12	A	276	SER_single	1	1	2.4	SER	317		2	34-46,51-81,84-305	34-46,51-81,84-305	SER	/mnt/c/Users/drpat/OneDrive - UGent/Desktop/PD/Phospho-fill/Validation-allPDB/pdb_cache/5o12.cif	SER	SER	OG	CB	ok			-107.16932443567129					0.0	0.0	ASP:277	ASP	OD1	4.483407800340898	HOH:531	O	6.0163625595614265	0.0	18.0	none_obvious			intermediate	SEP:261	SEP	26.892577418645082	0.0	0.0		unmodified
P11309	5O13	A	276	SER_single	1	1	2.44	SER	318		2	34-305	34-305	SER	/mnt/c/Users/drpat/OneDrive - UGent/Desktop/PD/Phospho-fill/Validation-allPDB/pdb_cache/5o13.cif	SER	SER	OG	CB	ok			-111.83072468437265					0.0	0.0	ASP:277	ASP	OD1	4.3971438573475865	HOH:590	O	6.060927434690649	0.0	18.0	none_obvious			intermediate	SEP:261	SEP	26.84104355814064	0.0	0.0		unmodified
Q9BYP7	5O1V	A	308	SER_single	1	1	1.723	SER	915		2	134-412	134-412	SER	/mnt/c/Users/drpat/OneDrive - UGent/Desktop/PD/Phospho-fill/Validation-allPDB/pdb_cache/5o1v.cif	SER	SER	OG	CB	ok			-129.17817407289044	LYS:307	LYS	CE	6.4836906541508155	0.0	0.0	LYS:307	LYS	NZ	7.888413786149203	HOH:651	O	7.416449564964679	0.0	10.0	none_obvious			intermediate	SEP:304	SEP	11.407436790886138	0.0	1.0	SEP:304@11.41	unmodified
Q9BYP7	5O21	B	308	SER_single	1	1	2.06	SER	916		2	135-408	135-408	SER	/mnt/c/Users/drpat/OneDrive - UGent/Desktop/PD/Phospho-fill/Validation-allPDB/pdb_cache/5o21.cif	SER	SER	OG	CB	ok			-115.87580822274465	LYS:307	LYS	CE	7.24465544553912	0.0	0.0					HOH:676	O	3.9570286371864904	1.0	26.0	none_obvious			buried	SEP:304	SEP	8.705580621464026	0.0	1.0	SEP:304@8.71	unmodified
Q9BYP7	5O23	B	308	SER_single	1	1	2.25	SER	917		2	132-408	132-408	SER	/mnt/c/Users/drpat/OneDrive - UGent/Desktop/PD/Phospho-fill/Validation-allPDB/pdb_cache/5o23.cif	SER	SER	OG	CB	ok			-121.76659482604391	LYS:307	LYS	CE	7.248516825576178	0.0	0.0	THR:303	THR	OG1	7.893323078623166	HOH:635	O	4.641062990649631	0.0	27.0	none_obvious			buried	SEP:304	SEP	6.152186188180992	1.0	1.0	SEP:304@6.15	unmodified
Q9BYP7	5O2C	A	304	SER_only_multi_2	2	2	2.4	SER	918		2	129-496	129-496	SER,SER	/mnt/c/Users/drpat/OneDrive - UGent/Desktop/PD/Phospho-fill/Validation-allPDB/pdb_cache/5o2c.cif	SER	SER	OG	CB	ok			105.78864341285114	LYS:307	LYS	NZ	5.144787885569105	0.0	1.0	LYS:307	LYS	NZ	5.144787885569105	HOH:738	O	2.7161655260980244	1.0	19.0	water_mediated_like			intermediate				0.0	0.0		unmodified
Q9BYP7	5O2C	A	308	SER_only_multi_2	2	2	2.4	SER	918		2	129-496	129-496	SER,SER	/mnt/c/Users/drpat/OneDrive - UGent/Desktop/PD/Phospho-fill/Validation-allPDB/pdb_cache/5o2c.cif	SER	SER	OG	CB	ok			-107.29781811724223					0.0	0.0	TYR:321	TYR	OH	4.7297192773019265	HOH:721	O	5.222085463246627	0.0	30.0	none_obvious			buried				0.0	0.0		unmodified
P68400	5OMY	A	2	SER_single	1	1	1.95	SER	588		1	2-333	2-333	SER	/mnt/c/Users/drpat/OneDrive - UGent/Desktop/PD/Phospho-fill/Validation-allPDB/pdb_cache/5omy.cif	SER	SER	OG	CB	ok			-120.6296162559711					0.0	0.0	ASN:262	ASN	ND2	4.0484671993996075	HOH:536	O	6.842344173259832	0.0	7.0	none_obvious			intermediate				0.0	0.0		unmodified
P68400	5ONI	A	2	SER_single	1	1	2.0	SER	589		1	2-335	2-335	SER	/mnt/c/Users/drpat/OneDrive - UGent/Desktop/PD/Phospho-fill/Validation-allPDB/pdb_cache/5oni.cif	SER	SER	OG	CB	ok			-120.48464916270878					0.0	0.0	ASN:262	ASN	ND2	4.6332292853274115				0.0	7.0	none_obvious			intermediate				0.0	0.0		unmodified
P68400	5OWH	A	2	SER_single	1	1	2.3	SER	590		1	2-335	2-335	SER	/mnt/c/Users/drpat/OneDrive - UGent/Desktop/PD/Phospho-fill/Validation-allPDB/pdb_cache/5owh.cif	SER	SER	OG	CB	ok			120.52817710767091					0.0	0.0	ASN:262	ASN	OD1	6.076141469470032				0.0	3.0	none_obvious			intermediate				0.0	0.0		unmodified
P68400	5OWL	B	2	SER_single	1	1	2.23	SER	591		1	2-333	2-333	SER	/mnt/c/Users/drpat/OneDrive - UGent/Desktop/PD/Phospho-fill/Validation-allPDB/pdb_cache/5owl.cif	SER	SER	OG	CB	ok			-130.19785340447498					0.0	0.0	ASN:262	ASN	ND2	2.565123684394461				0.0	10.0	hbond_like			intermediate				0.0	0.0		unmodified
P68400	5T1H	A	2	SER_single	1	1	2.11	SER	592		1	2-332	2-332	SER	/mnt/c/Users/drpat/OneDrive - UGent/Desktop/PD/Phospho-fill/Validation-allPDB/pdb_cache/5t1h.cif	SER	SER	OG	CB	ok			-132.50529168967375					0.0	0.0	ASN:262	ASN	ND2	2.9929999002451475				0.0	9.0	hbond_like			intermediate				0.0	0.0		unmodified
Q9NWZ3	5T1S	C	284	SER_single	1	1	2.3	SER	954		4	164-215,221-336,342-460	164-215,221-336,342-460	SER	/mnt/c/Users/drpat/OneDrive - UGent/Desktop/PD/Phospho-fill/Validation-allPDB/pdb_cache/5t1s.cif	SER	SER	OG	CB	ok			-112.65136828741974	HIS:286	HIS	CD2	4.752084381881267	0.0	1.0	ASP:420	ASP	OD2	3.8700629480965434	HOH:10016	O	5.880840525835256	0.0	28.0	none_obvious			buried	TPO:342	TPO	37.290614279638476	0.0	0.0		unmodified
Q9NWZ3	5T1T	C	284	SER_single	1	1	2.34	SER	955		4	164-216,221-337,342-460	164-216,221-337,342-460	SER	/mnt/c/Users/drpat/OneDrive - UGent/Desktop/PD/Phospho-fill/Validation-allPDB/pdb_cache/5t1t.cif	SER	SER	OG	CB	ok			-110.1288067103169	HIS:286	HIS	CD2	4.878359809413565	0.0	1.0	ASP:420	ASP	OD2	3.846555575539813	HOH:10004	O	6.179306996454947	0.0	28.0	none_obvious			buried	TPO:342	TPO	37.70096881472359	0.0	0.0		unmodified
P11309	5TEL	A	261	SER_only_multi_2	2	2	2.214	SER	319		2	33-82,84-306	33-82,84-306	SER,SER	/mnt/c/Users/drpat/OneDrive - UGent/Desktop/PD/Phospho-fill/Validation-allPDB/pdb_cache/5tel.cif	SER	SER	OG	CB	ok			123.54739534346533	ARG:258	ARG	NH2	5.412689148560079	0.0	1.0	ARG:258	ARG	NH2	5.412689148560079	HOH:560	O	2.7701498444847963	1.0	9.0	water_mediated_like			intermediate				0.0	0.0		unmodified
P11309	5TEL	A	276	SER_only_multi_2	2	2	2.214	SER	319		2	33-82,84-306	33-82,84-306	SER,SER	/mnt/c/Users/drpat/OneDrive - UGent/Desktop/PD/Phospho-fill/Validation-allPDB/pdb_cache/5tel.cif	SER	SER	OG	CB	ok			-121.15415109758251	ARG:274	ARG	NH2	3.5315913282410953	1.0	1.0	ARG:274	ARG	NH2	3.5315913282410953	HOH:643	O	3.652903432635404	1.0	24.0	none_obvious			buried				0.0	0.0		unmodified
P11309	5TEX	A	261	SER_only_multi_2	2	2	2.149	SER	320		2	33-306	33-306	SER,SER	/mnt/c/Users/drpat/OneDrive - UGent/Desktop/PD/Phospho-fill/Validation-allPDB/pdb_cache/5tex.cif	SER	SER	OG	CB	ok			117.12728529284603	ARG:258	ARG	NH2	5.7712436217103935	0.0	1.0	ARG:258	ARG	NH2	5.7712436217103935	HOH:546	O	3.097597245004815	1.0	12.0	water_mediated_like			intermediate				0.0	0.0		unmodified
P11309	5TEX	A	276	SER_only_multi_2	2	2	2.149	SER	320		2	33-306	33-306	SER,SER	/mnt/c/Users/drpat/OneDrive - UGent/Desktop/PD/Phospho-fill/Validation-allPDB/pdb_cache/5tex.cif	SER	SER	OG	CB	ok			-119.60259607951681	ARG:274	ARG	NH2	3.689849380713028	1.0	1.0	ARG:274	ARG	NH2	3.689849380713028	HOH:556	O	2.861698085896123	2.0	24.0	water_mediated_like			exposed				0.0	0.0		unmodified
P11309	5TOE	A	261	SER_only_multi_2	2	2	2.301	SER	321		2	34-82,84-306	34-82,84-306	SER,SER	/mnt/c/Users/drpat/OneDrive - UGent/Desktop/PD/Phospho-fill/Validation-allPDB/pdb_cache/5toe.cif	SER	SER	OG	CB	ok			120.58662330259197	ARG:258	ARG	NH2	5.124298831763888	0.0	1.0	ARG:258	ARG	NH2	5.124298831763888	HOH:538	O	2.719702074568683	1.0	10.0	water_mediated_like			intermediate				0.0	0.0		unmodified
P11309	5TOE	A	276	SER_only_multi_2	2	2	2.301	SER	321		2	34-82,84-306	34-82,84-306	SER,SER	/mnt/c/Users/drpat/OneDrive - UGent/Desktop/PD/Phospho-fill/Validation-allPDB/pdb_cache/5toe.cif	SER	SER	OG	CB	ok			-114.98316731040883	ARG:274	ARG	NH2	4.069968899938219	0.0	1.0	ARG:274	ARG	NH2	4.069968899938219	HOH:578	O	2.872913981661259	2.0	24.0	water_mediated_like			exposed				0.0	0.0		unmodified
Q9KJX5	5TOO	A	79	SER_single	1	1	2.031	SER	934		1	24-372,376-477,480-545	24-372,376-477,480-545	SER	/mnt/c/Users/drpat/OneDrive - UGent/Desktop/PD/Phospho-fill/Validation-allPDB/pdb_cache/5too.cif	SER	SER	OG	CB	ok			140.53655387194877	HIS:486	HIS	CE1	3.8124482657887815	1.0	3.0	HIS:486	HIS	NE2	4.341662139740307	HOH:778	O	4.42811951316427	0.0	25.0	none_obvious			buried				0.0	0.0		unmodified
P42336	5UBR	A	158	SER_only_multi_2	2	2	2.4	SER	463		3	107-232,248-309,325-346,353-409,417-863,872-942,949-1050	107-232,248-309,325-346,353-409,417-863,872-942,949-1050	SER,SER	/mnt/c/Users/drpat/OneDrive - UGent/Desktop/PD/Phospho-fill/Validation-allPDB/pdb_cache/5ubr.cif	SER	SER	OG	CB	ok			3.256326043533366	ARG:162	ARG	NE	3.1576684169049103	1.0	1.0	ARG:162	ARG	NE	3.1576684169049103	HOH:4101	O	4.704372093736694	0.0	26.0	salt_bridge_like			buried				0.0	0.0		unmodified
P42336	5UBR	A	790	SER_only_multi_2	2	2	2.4	SER	463		3	107-232,248-309,325-346,353-409,417-863,872-942,949-1050	107-232,248-309,325-346,353-409,417-863,872-942,949-1050	SER,SER	/mnt/c/Users/drpat/OneDrive - UGent/Desktop/PD/Phospho-fill/Validation-allPDB/pdb_cache/5ubr.cif	SER	SER	OG	CB	ok			-145.98585555716915					0.0	0.0	GLU:791	GLU	OE1	3.9461010963227388	HOH:4186	O	7.442260485620966	0.0	43.0	none_obvious			buried				0.0	0.0		unmodified
P04150	5UC3	A	617	SER_single	1	1	2.009	SER	106		2	526-747,767-776	526-747,767-776	SER	/mnt/c/Users/drpat/OneDrive - UGent/Desktop/PD/Phospho-fill/Validation-allPDB/pdb_cache/5uc3.cif	SER	SER	OG	CB	ok			-116.59458224889187	HIS:654	HIS	CE1	5.567375689251044	0.0	1.0	SER:616	SER	OG	5.000819692143651	HOH:939	O	5.699152264708682	0.0	12.0	none_obvious			intermediate				0.0	0.0		unmodified
Q9NWZ3	5UIS	B	284	SER_only_multi_2	2	2	2.5	SER	956		4	165-216,224-253,257-336,344-405,408-458	165-216,224-253,257-336,344-405,408-458	SER,SER	/mnt/c/Users/drpat/OneDrive - UGent/Desktop/PD/Phospho-fill/Validation-allPDB/pdb_cache/5uis.cif	SER	SER	OG	CB	ok			-107.80182263162426	HIS:286	HIS	CD2	4.596686209592698	0.0	1.0	ASP:420	ASP	OD2	3.5947948972065706	HOH:918	O	5.082950940863883	0.0	29.0	none_obvious			buried	TPO:345	TPO	40.38582377128584	0.0	0.0		unmodified
Q9NWZ3	5UIS	B	346	SER_only_multi_2	2	2	2.5	SER	956		4	165-216,224-253,257-336,344-405,408-458	165-216,224-253,257-336,344-405,408-458	SER,SER	/mnt/c/Users/drpat/OneDrive - UGent/Desktop/PD/Phospho-fill/Validation-allPDB/pdb_cache/5uis.cif	SER	SER	OG	CB	ok			130.13013440132744	ARG:347	ARG	NE	7.939167288824853	0.0	0.0	ARG:347	ARG	NE	7.939167288824853				0.0	10.0	none_obvious			intermediate	TPO:345	TPO	5.2350711346034755	1.0	1.0	TPO:345@5.24	unmodified
Q9NWZ3	5UIT	A	284	SER_mixed_with_THR	1	2	1.84	SER	957		4	162-215,222-336,342-458	162-215,222-336,342-458	SER	/mnt/c/Users/drpat/OneDrive - UGent/Desktop/PD/Phospho-fill/Validation-allPDB/pdb_cache/5uit.cif	SER	SER	OG	CB	ok			-116.27190576132688	HIS:286	HIS	CD2	4.969874668987702	0.0	1.0	ASP:420	ASP	OD2	4.013850496482706	HOH:649	O	2.6690926371920995	2.0	28.0	water_mediated_like			exposed	TPO:345	TPO	40.316033646419584	0.0	0.0		unmodified
Q9NWZ3	5UIU	B	284	SER_single	1	1	2.02	SER	958		4	164-336,342-458	164-336,342-458	SER	/mnt/c/Users/drpat/OneDrive - UGent/Desktop/PD/Phospho-fill/Validation-allPDB/pdb_cache/5uiu.cif	SER	SER	OG	CB	ok			-109.1458547184775	HIS:286	HIS	CD2	4.7917600235886075	0.0	1.0	ASP:420	ASP	OD2	3.830678992171187	HOH:4161	O	2.7346078526971382	2.0	27.0	water_mediated_like			exposed	TPO:342	TPO	37.007305035548626	0.0	0.0		unmodified
P42336	5UK8	A	7	SER_only_multi_3	3	3	2.5	SER	464		3	2-230,238-313,323-499,524-863,872-1057	2-230,238-313,323-499,524-863,872-1057	SER,SER,SER	/mnt/c/Users/drpat/OneDrive - UGent/Desktop/PD/Phospho-fill/Validation-allPDB/pdb_cache/5uk8.cif	SER	SER	OG	CB	ok			96.54740318665392	ARG:4	ARG	NH1	4.1931234029603095	0.0	1.0	GLU:710	GLU	OE1	2.7941527487453346	HOH:1269	O	4.441903322253585	0.0	35.0	hbond_like			buried				0.0	0.0		unmodified
P42336	5UK8	A	158	SER_only_multi_3	3	3	2.5	SER	464		3	2-230,238-313,323-499,524-863,872-1057	2-230,238-313,323-499,524-863,872-1057	SER,SER,SER	/mnt/c/Users/drpat/OneDrive - UGent/Desktop/PD/Phospho-fill/Validation-allPDB/pdb_cache/5uk8.cif	SER	SER	OG	CB	ok			89.59500984435233	ARG:162	ARG	NH1	3.8664592537641442	1.0	1.0	ASP:155	ASP	OD1	2.8080119622351964				0.0	39.0	hbond_like			buried				0.0	0.0		unmodified
P42336	5UK8	A	790	SER_only_multi_3	3	3	2.5	SER	464		3	2-230,238-313,323-499,524-863,872-1057	2-230,238-313,323-499,524-863,872-1057	SER,SER,SER	/mnt/c/Users/drpat/OneDrive - UGent/Desktop/PD/Phospho-fill/Validation-allPDB/pdb_cache/5uk8.cif	SER	SER	OG	CB	ok			-117.74802037716276	ARG:765	ARG	NH2	6.976104180756678	0.0	0.0	GLN:795	GLN	NE2	3.741106129088104	HOH:1232	O	2.735479743692899	1.0	41.0	water_mediated_like			buried				0.0	0.0		unmodified
Q96RR4	5UY6	A	345	SER_only_multi_2	2	2	1.7	SER	902		5	161-213,222-448	161-213,222-448	SER,SER	/mnt/c/Users/drpat/OneDrive - UGent/Desktop/PD/Phospho-fill/Validation-allPDB/pdb_cache/5uy6.cif	SER	SER	OG	CB	ok			112.93515400226916					0.0	0.0	ASN:346	ASN	ND2	5.910703674902483	HOH:826	O	4.281166137131028	0.0	15.0	none_obvious			intermediate				0.0	0.0		unmodified
Q96RR4	5UY6	A	400	SER_only_multi_2	2	2	1.7	SER	902		5	161-213,222-448	161-213,222-448	SER,SER	/mnt/c/Users/drpat/OneDrive - UGent/Desktop/PD/Phospho-fill/Validation-allPDB/pdb_cache/5uy6.cif	SER	SER	OG	CB	ok			1.8262461047119551	LYS:403	LYS	CE	6.034864176938509	0.0	0.0	SER:404	SER	OG	3.7860560485840105	HOH:855	O	3.202794266272095	2.0	16.0	water_mediated_like			exposed				0.0	0.0		unmodified
Q13526	5UY9	A	72	SER_single	1	1	1.85	SER	741		1	6-38,51-163	6-38,51-163	SER	/mnt/c/Users/drpat/OneDrive - UGent/Desktop/PD/Phospho-fill/Validation-allPDB/pdb_cache/5uy9.cif	SER	SER	OG	CB	ok			-98.55735570004606	ARG:74	ARG	NE	5.691377888517657	0.0	1.0	ASP:112	ASP	OD1	2.7712337776185865	HOH:413	O	4.532920843426823	0.0	45.0	hbond_like			buried				0.0	0.0		unmodified
Q96RR4	5UYJ	A	345	SER_only_multi_2	2	2	1.6	SER	903		5	161-212,223-449	161-212,223-449	SER,SER	/mnt/c/Users/drpat/OneDrive - UGent/Desktop/PD/Phospho-fill/Validation-allPDB/pdb_cache/5uyj.cif	SER	SER	OG	CB	ok			103.17327600761028					0.0	0.0	ASN:346	ASN	ND2	5.729426153426005	HOH:764	O	2.8606028360606626	2.0	12.0	water_mediated_like			exposed				0.0	0.0		unmodified
Q96RR4	5UYJ	A	400	SER_only_multi_2	2	2	1.6	SER	903		5	161-212,223-449	161-212,223-449	SER,SER	/mnt/c/Users/drpat/OneDrive - UGent/Desktop/PD/Phospho-fill/Validation-allPDB/pdb_cache/5uyj.cif	SER	SER	OG	CB	ok			4.843299027646842	LYS:403	LYS	CE	5.990789443351963	0.0	1.0	SER:404	SER	OG	3.770262578466354	HOH:828	O	3.041794331542773	2.0	18.0	water_mediated_like			exposed				0.0	0.0		unmodified
P35557	5V4W	A	411	SER_single	1	1	2.39	SER	448		1	16-93,99-150,180-397,401-464	16-93,99-150,180-397,401-464	SER	/mnt/c/Users/drpat/OneDrive - UGent/Desktop/PD/Phospho-fill/Validation-allPDB/pdb_cache/5v4w.cif	SER	SER	OG	CB	ok			-134.79772222602446	HIS:416	HIS	CD2	6.121734044150118	0.0	0.0	THR:228	THR	OG1	5.187527199991687	HOH:778	O	3.32046029602597	1.0	21.0	water_mediated_like			intermediate				0.0	0.0		unmodified
O43318	5V5N	A	192	SER_single	1	1	2.006	SER	40		2	31-178,191-303	31-178,191-303	SER	/mnt/c/Users/drpat/OneDrive - UGent/Desktop/PD/Phospho-fill/Validation-allPDB/pdb_cache/5v5n.cif	SER	SER	OG	CB	ok			120.17882049962789	LYS:158	LYS	NZ	2.691214142987448	1.0	1.0	LYS:158	LYS	NZ	2.691214142987448	HOH:683	O	5.121627694580284	0.0	22.0	salt_bridge_like			intermediate				0.0	0.0		unmodified
P11309	5V80	A	261	SER_only_multi_2	2	2	2.252	SER	322		2	33-305	33-305	SER,SER	/mnt/c/Users/drpat/OneDrive - UGent/Desktop/PD/Phospho-fill/Validation-allPDB/pdb_cache/5v80.cif	SER	SER	OG	CB	ok			125.59300905707715	ARG:258	ARG	NH1	5.602735927265125	0.0	1.0	ARG:258	ARG	NH1	5.602735927265125	HOH:550	O	4.817049076875167	0.0	9.0	none_obvious			intermediate				0.0	0.0		unmodified
P11309	5V80	A	276	SER_only_multi_2	2	2	2.252	SER	322		2	33-305	33-305	SER,SER	/mnt/c/Users/drpat/OneDrive - UGent/Desktop/PD/Phospho-fill/Validation-allPDB/pdb_cache/5v80.cif	SER	SER	OG	CB	ok			-101.79268082045971	ARG:274	ARG	NH2	4.603486724864954	0.0	1.0	ASP:277	ASP	OD1	4.020409744631002	HOH:538	O	6.166515307029589	0.0	23.0	none_obvious			intermediate				0.0	0.0		unmodified
P11309	5V82	A	261	SER_only_multi_2	2	2	1.888	SER	323		2	34-306	34-306	SER,SER	/mnt/c/Users/drpat/OneDrive - UGent/Desktop/PD/Phospho-fill/Validation-allPDB/pdb_cache/5v82.cif	SER	SER	OG	CB	ok			111.8922817766771	ARG:258	ARG	NH1	5.5451962146282545	0.0	1.0	ARG:258	ARG	NH1	5.5451962146282545	HOH:579	O	3.2334867729180052	1.0	9.0	water_mediated_like			intermediate				0.0	0.0		unmodified
P11309	5V82	A	276	SER_only_multi_2	2	2	1.888	SER	323		2	34-306	34-306	SER,SER	/mnt/c/Users/drpat/OneDrive - UGent/Desktop/PD/Phospho-fill/Validation-allPDB/pdb_cache/5v82.cif	SER	SER	OG	CB	ok			-108.55465869986494	ARG:274	ARG	NH2	3.706501607277027	1.0	1.0	ARG:274	ARG	NH2	3.706501607277027	HOH:620	O	3.4486171235245906	1.0	23.0	water_mediated_like			intermediate				0.0	0.0		unmodified
P36871	5VEC	A	117	SER_single	1	1	2.20001616144	SER	452		1	1-562	1-562	SER	/mnt/c/Users/drpat/OneDrive - UGent/Desktop/PD/Phospho-fill/Validation-allPDB/pdb_cache/5vec.cif	SER	SER	OG	CB	ok			5.440008057013063	HIS:118	HIS	ND1	3.561543349124049	1.0	3.0	ASP:288	ASP	OD2	2.841110844842413	HOH:766	O	2.579809374661342	3.0	43.0	hbond_like			exposed				0.0	0.0		unmodified
P36871	5VG7	B	117	SER_single	1	1	1.95000322932	SER	453		1	1-213,215-562	1-213,215-562	SER	/mnt/c/Users/drpat/OneDrive - UGent/Desktop/PD/Phospho-fill/Validation-allPDB/pdb_cache/5vg7.cif	SER	SER	OG	CB	ok			-4.148561464673835	HIS:118	HIS	ND1	3.0388703844639915	1.0	2.0	HIS:118	HIS	ND1	3.0388703844639915	HOH:763	O	2.622055571550757	3.0	35.0	salt_bridge_like			exposed				0.0	0.0		unmodified
P00517	5VI9	A	140	SER_single	1	1	1.95	SER	83		4	15-41,48-317,342-351	15-41,48-317,342-351	SER	/mnt/c/Users/drpat/OneDrive - UGent/Desktop/PD/Phospho-fill/Validation-allPDB/pdb_cache/5vi9.cif	SER	SER	OG	CB	ok			-105.56140755575315	HIS:143	HIS	ND1	4.935544248685419	0.0	1.0	HIS:143	HIS	ND1	4.935544248685419	HOH:574	O	2.7581670230763673	2.0	24.0	water_mediated_like			exposed	TPO:198	TPO	36.42680658681786	0.0	0.0		unmodified
P00517	5VIB	A	140	SER_single	1	1	2.37	SER	84		4	19-317,327-331,347-351	19-317,327-331,347-351	SER	/mnt/c/Users/drpat/OneDrive - UGent/Desktop/PD/Phospho-fill/Validation-allPDB/pdb_cache/5vib.cif	SER	SER	OG	CB	ok			-117.26380473222027	HIS:143	HIS	ND1	5.04442703944761	0.0	1.0	HIS:143	HIS	ND1	5.04442703944761	HOH:552	O	3.609363415402856	1.0	24.0	none_obvious			buried	TPO:198	TPO	36.6881711869389	0.0	0.0		unmodified
O43293	5VJA	C	50	SER_mixed_with_THR	1	2	2.46	SER	29		2	9-51,55-104,107-149,152-278	9-51,55-104,107-149,152-278	SER	/mnt/c/Users/drpat/OneDrive - UGent/Desktop/PD/Phospho-fill/Validation-allPDB/pdb_cache/5vja.cif	SER	SER	OG	CB	ok			-134.22481145295498	ARG:48	ARG	NE	5.9868341451661955	0.0	1.0	ARG:48	ARG	NE	5.9868341451661955	HOH:1120	O	2.6148795888171668	2.0	14.0	water_mediated_like			exposed				0.0	0.0		unmodified
Q96RR4	5VT1	A	345	SER_only_multi_2	2	2	1.9	SER	904		5	161-205,227-360,364-448	161-205,227-360,364-448	SER,SER	/mnt/c/Users/drpat/OneDrive - UGent/Desktop/PD/Phospho-fill/Validation-allPDB/pdb_cache/5vt1.cif	SER	SER	OG	CB	ok			-132.1701930205205					0.0	0.0	ASN:346	ASN	OD1	5.630506238959672	HOH:751	O	3.5854284299525134	1.0	16.0	none_obvious			intermediate				0.0	0.0		unmodified
Q96RR4	5VT1	A	400	SER_only_multi_2	2	2	1.9	SER	904		5	161-205,227-360,364-448	161-205,227-360,364-448	SER,SER	/mnt/c/Users/drpat/OneDrive - UGent/Desktop/PD/Phospho-fill/Validation-allPDB/pdb_cache/5vt1.cif	SER	SER	OG	CB	ok			102.72814309930077	LYS:403	LYS	CE	4.617674432756954	0.0	1.0	LYS:403	LYS	NZ	4.8607264223348485	HOH:674	O	2.765174655360124	3.0	22.0	water_mediated_like			exposed				0.0	0.0		unmodified
Q9HW02	5VVW	A	82	SER_single	1	1	2.3	SER	929		1	16-319	16-319	SER	/mnt/c/Users/drpat/OneDrive - UGent/Desktop/PD/Phospho-fill/Validation-allPDB/pdb_cache/5vvw.cif	SER				missing_anchor_or_base																													
Q9NWZ3	5W85	B	284	SER_single	1	1	2.25	SER	959		4	164-194,197-215,224-336,341-459	164-194,197-215,224-336,341-459	SER	/mnt/c/Users/drpat/OneDrive - UGent/Desktop/PD/Phospho-fill/Validation-allPDB/pdb_cache/5w85.cif	SER	SER	OG	CB	ok			-114.485901324343	HIS:286	HIS	CD2	5.05932766070886	0.0	1.0	ASP:420	ASP	OD2	3.7140336143901864	HOH:4124	O	2.7861925542523713	1.0	28.0	water_mediated_like			buried	TPO:342	TPO	37.29882871286148	0.0	0.0		unmodified
P49759	5X8I	B	341	SER_mixed_with_THR	1	2	1.902	SER	482		2	154-481	155-481	SER	/mnt/c/Users/drpat/OneDrive - UGent/Desktop/PD/Phospho-fill/Validation-allPDB/pdb_cache/5x8i.cif	SER	SER	OG	CB	ok			129.4326229803458	ARG:346	ARG	NE	5.508643711949202	0.0	1.0	SER:364	SER	OG	4.106101886438389	HOH:731	O	2.8318001024852157	1.0	45.0	water_mediated_like			buried				0.0	0.0		unmodified
P62992	5XU8	B	65	SER_single	1	1	1.81	SER	545		1	1-76	1-76	SER	/mnt/c/Users/drpat/OneDrive - UGent/Desktop/PD/Phospho-fill/Validation-allPDB/pdb_cache/5xu8.cif	SER	SER	OG	CB	ok			108.802158359801					0.0	0.0	THR:66	THR	OG1	6.861238964338532	HOH:220	O	3.2785420493279185	1.0	31.0	water_mediated_like			buried				0.0	0.0		unmodified
P62992	5XVE	B	65	SER_single	1	1	1.24	SER	546		1	1-76	1-76	SER	/mnt/c/Users/drpat/OneDrive - UGent/Desktop/PD/Phospho-fill/Validation-allPDB/pdb_cache/5xve.cif	SER	SER	OG	CB	ok			119.72878292036643					0.0	0.0	GLN:62	GLN	NE2	6.893049103563528	HOH:144	O	2.886603803935092	1.0	33.0	water_mediated_like			buried				0.0	0.0		unmodified
Q96RR4	5YV8	A	345	SER_only_multi_2	2	2	1.927	SER	905		5	160-199,229-448	160-199,229-448	SER,SER	/mnt/c/Users/drpat/OneDrive - UGent/Desktop/PD/Phospho-fill/Validation-allPDB/pdb_cache/5yv8.cif	SER	SER	OG	CB	ok			-116.43677767074693	ARG:363	ARG	NH1	3.880932922318552	1.0	1.0	ARG:363	ARG	NH1	3.880932922318552	HOH:690	O	2.767801765432816	2.0	21.0	water_mediated_like			exposed				0.0	0.0		unmodified
Q96RR4	5YV8	A	400	SER_only_multi_2	2	2	1.927	SER	905		5	160-199,229-448	160-199,229-448	SER,SER	/mnt/c/Users/drpat/OneDrive - UGent/Desktop/PD/Phospho-fill/Validation-allPDB/pdb_cache/5yv8.cif	SER	SER	OG	CB	ok			125.07616310058381	LYS:403	LYS	NZ	6.733573684337403	0.0	0.0	SER:404	SER	OG	6.376702459610395	HOH:795	O	4.322863133225841	0.0	25.0	none_obvious			buried				0.0	0.0		unmodified
Q96RR4	5YVB	A	345	SER_only_multi_2	2	2	2.02	SER	906		5	160-199,229-448	160-199,229-448	SER,SER	/mnt/c/Users/drpat/OneDrive - UGent/Desktop/PD/Phospho-fill/Validation-allPDB/pdb_cache/5yvb.cif	SER	SER	OG	CB	ok			-117.18986509129441	ARG:363	ARG	NH1	3.6665902800392134	1.0	1.0	ARG:363	ARG	NH1	3.6665902800392134	HOH:740	O	3.0157368548721486	2.0	23.0	water_mediated_like			exposed				0.0	0.0		unmodified
Q96RR4	5YVB	A	400	SER_only_multi_2	2	2	2.02	SER	906		5	160-199,229-448	160-199,229-448	SER,SER	/mnt/c/Users/drpat/OneDrive - UGent/Desktop/PD/Phospho-fill/Validation-allPDB/pdb_cache/5yvb.cif	SER	SER	OG	CB	ok			128.6199192830531	HIS:399	HIS	ND1	6.705952433278073	0.0	0.0	SER:404	SER	OG	6.495049787632183	HOH:645	O	4.238066381525208	0.0	26.0	none_obvious			buried				0.0	0.0		unmodified
Q96RR4	5YVC	A	345	SER_only_multi_2	2	2	2.02	SER	907		5	160-199,229-448	160-199,229-448	SER,SER	/mnt/c/Users/drpat/OneDrive - UGent/Desktop/PD/Phospho-fill/Validation-allPDB/pdb_cache/5yvc.cif	SER	SER	OG	CB	ok			-113.7658234725605	ARG:363	ARG	NE	6.142394741808866	0.0	0.0	ASN:346	ASN	OD1	5.501371874510017	HOH:724	O	3.645385298533254	1.0	21.0	none_obvious			intermediate				0.0	0.0		unmodified
Q96RR4	5YVC	A	400	SER_only_multi_2	2	2	2.02	SER	907		5	160-199,229-448	160-199,229-448	SER,SER	/mnt/c/Users/drpat/OneDrive - UGent/Desktop/PD/Phospho-fill/Validation-allPDB/pdb_cache/5yvc.cif	SER	SER	OG	CB	ok			126.60440909596501	LYS:403	LYS	NZ	6.495042364192453	0.0	0.0	SER:404	SER	OG	6.495014395422659	HOH:653	O	4.348380548684258	0.0	26.0	none_obvious			buried				0.0	0.0		unmodified
P68400	6A1C	A	2	SER_single	1	1	1.68	SER	593		1	2-335	2-335	SER	/mnt/c/Users/drpat/OneDrive - UGent/Desktop/PD/Phospho-fill/Validation-allPDB/pdb_cache/6a1c.cif	SER	SER	OG	CB	ok			127.17976591597811					0.0	0.0	ASN:262	ASN	ND2	5.047500449817611	HOH:528	O	5.789688638034939	0.0	2.0	none_obvious			intermediate				0.0	0.0		unmodified
Q13627	6A1F	A	301	SER_single	1	1	1.5	SER	822		2	134-409,414-483	134-409,414-483	SER	/mnt/c/Users/drpat/OneDrive - UGent/Desktop/PD/Phospho-fill/Validation-allPDB/pdb_cache/6a1f.cif	SER	SER	OG	CB	ok			-109.87988540516294	LYS:264	LYS	NZ	4.673411330871966	0.0	1.0	GLN:268	GLN	NE2	4.339140615869946	HOH:1038	O	3.588112961105886	1.0	27.0	none_obvious			buried	PTR:321	PTR	40.17721508066536	0.0	0.0		unmodified
Q13627	6A1G	A	301	SER_single	1	1	2.15	SER	823		2	134-297,300-406,414-480	134-297,300-406,414-480	SER	/mnt/c/Users/drpat/OneDrive - UGent/Desktop/PD/Phospho-fill/Validation-allPDB/pdb_cache/6a1g.cif	SER	SER	OG	CB	ok			-128.7884677979244	LYS:264	LYS	CE	4.868819387183587	0.0	1.0	GLN:268	GLN	NE2	4.438066105670977				0.0	23.0	none_obvious			intermediate	PTR:321	PTR	32.02100703670554	0.0	0.0		unmodified
Q96RR4	6BKU	A	345	SER_only_multi_2	2	2	2.0	SER	908		5	162-206,230-448	162-206,230-448	SER,SER	/mnt/c/Users/drpat/OneDrive - UGent/Desktop/PD/Phospho-fill/Validation-allPDB/pdb_cache/6bku.cif	SER	SER	OG	CB	ok			-119.7773483571264					0.0	0.0	ASN:346	ASN	ND2	4.528832713576354	HOH:684	O	3.1350005344713296	1.0	15.0	water_mediated_like			intermediate				0.0	0.0		unmodified
Q96RR4	6BKU	A	400	SER_only_multi_2	2	2	2.0	SER	908		5	162-206,230-448	162-206,230-448	SER,SER	/mnt/c/Users/drpat/OneDrive - UGent/Desktop/PD/Phospho-fill/Validation-allPDB/pdb_cache/6bku.cif	SER	SER	OG	CB	ok			-5.380437813615609	LYS:403	LYS	CE	6.164834354403095	0.0	0.0	SER:404	SER	OG	3.9336147748127237				0.0	18.0	none_obvious			intermediate				0.0	0.0		unmodified
Q96RR4	6BLE	A	345	SER_only_multi_2	2	2	1.9	SER	909		5	161-204,230-448	161-204,230-448	SER,SER	/mnt/c/Users/drpat/OneDrive - UGent/Desktop/PD/Phospho-fill/Validation-allPDB/pdb_cache/6ble.cif	SER	SER	OG	CB	ok			105.90152377781804					0.0	0.0	ASN:346	ASN	OD1	6.8810567128911355	HOH:642	O	5.416401090413497	0.0	26.0	none_obvious			buried				0.0	0.0		unmodified
Q96RR4	6BLE	A	400	SER_only_multi_2	2	2	1.9	SER	909		5	161-204,230-448	161-204,230-448	SER,SER	/mnt/c/Users/drpat/OneDrive - UGent/Desktop/PD/Phospho-fill/Validation-allPDB/pdb_cache/6ble.cif	SER	SER	OG	CB	ok			3.990128880527302	LYS:403	LYS	CE	6.094216160071992	0.0	0.0	SER:404	SER	OG	3.747444009187243				0.0	16.0	none_obvious			intermediate				0.0	0.0		unmodified
Q96RR4	6BQL	A	345	SER_only_multi_2	2	2	2.0	SER	910		5	161-211,224-448	161-211,224-448	SER,SER	/mnt/c/Users/drpat/OneDrive - UGent/Desktop/PD/Phospho-fill/Validation-allPDB/pdb_cache/6bql.cif	SER	SER	OG	CB	ok			-114.24125319133428	ARG:311	ARG	NH1	7.763522473071466	0.0	0.0	ASN:346	ASN	OD1	5.280179435074477	HOH:658	O	3.576727648879817	1.0	16.0	none_obvious			intermediate				0.0	0.0		unmodified
Q96RR4	6BQL	A	400	SER_only_multi_2	2	2	2.0	SER	910		5	161-211,224-448	161-211,224-448	SER,SER	/mnt/c/Users/drpat/OneDrive - UGent/Desktop/PD/Phospho-fill/Validation-allPDB/pdb_cache/6bql.cif	SER	SER	OG	CB	ok			-3.9112642580771984	LYS:403	LYS	CE	5.733735580260609	0.0	1.0	SER:404	SER	OG	4.327347400153121				0.0	16.0	none_obvious			intermediate				0.0	0.0		unmodified
Q96RR4	6BQP	A	345	SER_only_multi_2	2	2	1.95	SER	911		5	161-203,230-448	161-203,230-448	SER,SER	/mnt/c/Users/drpat/OneDrive - UGent/Desktop/PD/Phospho-fill/Validation-allPDB/pdb_cache/6bqp.cif	SER	SER	OG	CB	ok			102.75588475272937					0.0	0.0	ASN:346	ASN	OD1	6.8590221060651775	HOH:689	O	5.549370641828884	0.0	25.0	none_obvious			buried				0.0	0.0		unmodified
Q96RR4	6BQP	A	400	SER_only_multi_2	2	2	1.95	SER	911		5	161-203,230-448	161-203,230-448	SER,SER	/mnt/c/Users/drpat/OneDrive - UGent/Desktop/PD/Phospho-fill/Validation-allPDB/pdb_cache/6bqp.cif	SER	SER	OG	CB	ok			11.609085336822188	LYS:403	LYS	CE	6.002085655425161	0.0	0.0	SER:404	SER	OG	3.7561250275084093				0.0	16.0	none_obvious			intermediate				0.0	0.0		unmodified
Q96RR4	6BQQ	A	345	SER_only_multi_2	2	2	1.8	SER	912		5	161-203,222-412,414-448	161-203,222-412,414-448	SER,SER	/mnt/c/Users/drpat/OneDrive - UGent/Desktop/PD/Phospho-fill/Validation-allPDB/pdb_cache/6bqq.cif	SER	SER	OG	CB	ok			110.90138664080703					0.0	0.0					HOH:640	O	4.273220256168316	0.0	25.0	none_obvious			buried				0.0	0.0		unmodified
Q96RR4	6BQQ	A	400	SER_only_multi_2	2	2	1.8	SER	912		5	161-203,222-412,414-448	161-203,222-412,414-448	SER,SER	/mnt/c/Users/drpat/OneDrive - UGent/Desktop/PD/Phospho-fill/Validation-allPDB/pdb_cache/6bqq.cif	SER	SER	OG	CB	ok			2.605221682856119	LYS:403	LYS	CE	5.653142315218927	0.0	1.0	SER:404	SER	OG	4.512764620569551				0.0	16.0	none_obvious			intermediate				0.0	0.0		unmodified
Q96RR4	6BRC	A	345	SER_only_multi_2	2	2	2.2	SER	913		5	161-204,230-448	161-204,230-448	SER,SER	/mnt/c/Users/drpat/OneDrive - UGent/Desktop/PD/Phospho-fill/Validation-allPDB/pdb_cache/6brc.cif	SER	SER	OG	CB	ok			-130.3300791393541	ARG:311	ARG	NH1	7.859337585307743	0.0	0.0	ASN:346	ASN	OD1	5.313836507437257				0.0	17.0	none_obvious			intermediate				0.0	0.0		unmodified
Q96RR4	6BRC	A	400	SER_only_multi_2	2	2	2.2	SER	913		5	161-204,230-448	161-204,230-448	SER,SER	/mnt/c/Users/drpat/OneDrive - UGent/Desktop/PD/Phospho-fill/Validation-allPDB/pdb_cache/6brc.cif	SER	SER	OG	CB	ok			0.12007575100899595	LYS:403	LYS	CE	6.051891552124195	0.0	0.0	SER:404	SER	OG	4.153473658495059	HOH:610	O	2.7007014714473447	1.0	16.0	water_mediated_like			intermediate				0.0	0.0		unmodified
P04629	6D1Y	A	677	SER_mixed_with_TYR	1	2	1.93	SER	139		2	481-533,537-610,620-682,687-796	481-533,537-610,620-682,687-796	SER	/mnt/c/Users/drpat/OneDrive - UGent/Desktop/PD/Phospho-fill/Validation-allPDB/pdb_cache/6d1y.cif	SER	SER	OG	CB	ok			-116.43613035748979					0.0	0.0	THR:678	THR	OG1	5.555971864220877	HOH:1031	O	3.6088603958231613	1.0	18.0	none_obvious			intermediate				0.0	0.0		unmodified
P04629	6D1Z	A	677	SER_single	1	1	1.87	SER	140		2	483-492,501-607,620-682,687-796	483-492,501-607,620-682,687-796	SER	/mnt/c/Users/drpat/OneDrive - UGent/Desktop/PD/Phospho-fill/Validation-allPDB/pdb_cache/6d1z.cif	SER	SER	OG	CB	ok			-118.61304150930481					0.0	0.0	THR:678	THR	OG1	6.042156219758485	HOH:1052	O	3.409604391390764	2.0	20.0	water_mediated_like			exposed				0.0	0.0		unmodified
P04629	6D20	A	677	SER_single	1	1	1.94	SER	141		2	482-493,500-608,620-684,687-796	482-493,500-608,620-684,687-796	SER	/mnt/c/Users/drpat/OneDrive - UGent/Desktop/PD/Phospho-fill/Validation-allPDB/pdb_cache/6d20.cif	SER	SER	OG	CB	ok			-124.95299162995644					0.0	0.0	THR:678	THR	OG1	6.347962957841435	HOH:1071	O	3.3852795780189955	1.0	21.0	water_mediated_like			intermediate				0.0	0.0		unmodified
P04629	6D22	A	677	SER_single	1	1	2.46	SER	142		2	502-794	502-794	SER	/mnt/c/Users/drpat/OneDrive - UGent/Desktop/PD/Phospho-fill/Validation-allPDB/pdb_cache/6d22.cif	SER	SER	OG	CB	ok			-127.1738390156119					0.0	0.0	THR:678	THR	OG1	5.687563564259089	HOH:855	O	6.722179943286411	0.0	21.0	none_obvious			intermediate				0.0	0.0		unmodified
P04629	6DKI	A	677	SER_single	1	1	2.11	SER	143		2	500-607,620-670,673-682,687-796	500-607,620-670,673-682,687-796	SER	/mnt/c/Users/drpat/OneDrive - UGent/Desktop/PD/Phospho-fill/Validation-allPDB/pdb_cache/6dki.cif	SER	SER	OG	CB	ok			-124.3754272679941					0.0	0.0	ASP:674	ASP	OD1	5.512513049393847				0.0	18.0	none_obvious			intermediate				0.0	0.0		unmodified
Q13526	6DUN	A	72	SER_single	1	1	1.59	SER	742		1	49-163	49-163	SER	/mnt/c/Users/drpat/OneDrive - UGent/Desktop/PD/Phospho-fill/Validation-allPDB/pdb_cache/6dun.cif	SER	SER	OG	CB	ok			-101.27722453559973	ARG:74	ARG	NE	5.83633495017544	0.0	2.0	ASP:112	ASP	OD2	2.681455745146394	HOH:4114	O	4.243615631006612	0.0	45.0	hbond_like			buried				0.0	0.0		unmodified
P35557	6E0I	A	411	SER_single	1	1	1.9	SER	449		1	1-66,69-92,101-458	1-66,69-92,101-458	SER	/mnt/c/Users/drpat/OneDrive - UGent/Desktop/PD/Phospho-fill/Validation-allPDB/pdb_cache/6e0i.cif	SER	SER	OG	CB	ok			-123.32636023129761					0.0	0.0	THR:228	THR	OG1	5.491884108602165	HOH:635	O	2.6472086629106757	3.0	24.0	water_mediated_like			exposed				0.0	0.0		unmodified
P62992	6E2B	A	65	SER_single	1	1	1.45	SER	547		1	1-76	1-76	SER	/mnt/c/Users/drpat/OneDrive - UGent/Desktop/PD/Phospho-fill/Validation-allPDB/pdb_cache/6e2b.cif	SER	SER	OG	CB	ok			115.18018056032575					0.0	0.0	GLN:62	GLN	NE2	5.860433221573769	HOH:267	O	3.812416868181756	1.0	41.0	none_obvious			buried				0.0	0.0		unmodified
P00517	6E99	A	140	SER_single	1	1	1.88	SER	85		4	19-351	19-351	SER	/mnt/c/Users/drpat/OneDrive - UGent/Desktop/PD/Phospho-fill/Validation-allPDB/pdb_cache/6e99.cif	SER	SER	OG	CB	ok			-110.91570965428356	HIS:143	HIS	ND1	4.728696175243674	0.0	1.0	HIS:143	HIS	ND1	4.728696175243674	HOH:736	O	2.7276629838063404	3.0	24.0	water_mediated_like			exposed	TPO:198	TPO	36.97554163826326	0.0	0.0		unmodified
Q9NWZ3	6EG9	A	284	SER_single	1	1	2.414	SER	960		4	164-217,221-331,349-459	164-217,221-331,349-459	SER	/mnt/c/Users/drpat/OneDrive - UGent/Desktop/PD/Phospho-fill/Validation-allPDB/pdb_cache/6eg9.cif	SER	SER	OG	CB	ok			-111.54030863806095	HIS:286	HIS	CD2	5.602736370319497	0.0	1.0	ASP:420	ASP	OD2	3.83686108573383				0.0	29.0	none_obvious			buried				0.0	0.0		unmodified
Q9NWZ3	6EGD	A	284	SER_single	1	1	2.1	SER	961		4	164-216,222-335,352-458	165-195,198-216,222-253,257-335,352-458	SER	/mnt/c/Users/drpat/OneDrive - UGent/Desktop/PD/Phospho-fill/Validation-allPDB/pdb_cache/6egd.cif	SER	SER	OG	CB	ok			-116.13089095308594	HIS:286	HIS	ND1	5.030854838848134	0.0	1.0	ASP:420	ASP	OD2	3.9379854105392393				0.0	27.0	none_obvious			buried				0.0	0.0		unmodified
Q9NWZ3	6EGE	A	284	SER_single	1	1	1.401	SER	962		4	164-216,224-346,352-457	165-216,226-252,258-335,352-457	SER	/mnt/c/Users/drpat/OneDrive - UGent/Desktop/PD/Phospho-fill/Validation-allPDB/pdb_cache/6ege.cif	SER	SER	OG	CB	ok			-108.18100513444611	HIS:286	HIS	ND1	5.164391290897116	0.0	1.0	ASP:420	ASP	OD2	3.954491146797241	HOH:644	O	2.65011273674553	3.0	28.0	water_mediated_like			exposed				0.0	0.0		unmodified
Q13627	6EIF	A	301	SER_single	1	1	2.22	SER	824		2	134-410,414-480	134-410,414-480	SER	/mnt/c/Users/drpat/OneDrive - UGent/Desktop/PD/Phospho-fill/Validation-allPDB/pdb_cache/6eif.cif	SER	SER	OG	CB	ok			-110.52592341594085	LYS:264	LYS	NZ	4.874565687492593	0.0	1.0	GLN:268	GLN	NE2	4.49513406401504				0.0	19.0	none_obvious			intermediate	PTR:321	PTR	32.985966078229126	0.0	0.0		unmodified
Q13627	6EIJ	A	301	SER_single	1	1	2.42	SER	825		2	134-408,414-480	134-408,414-480	SER	/mnt/c/Users/drpat/OneDrive - UGent/Desktop/PD/Phospho-fill/Validation-allPDB/pdb_cache/6eij.cif	SER	SER	OG	CB	ok			-104.53947231057519	ARG:300	ARG	NH2	3.3076582270819608	1.0	2.0	ARG:300	ARG	NH2	3.3076582270819608	HOH:720	O	5.98083118351772	0.0	24.0	salt_bridge_like			buried	PTR:321	PTR	32.46532691827145	0.0	0.0		unmodified
Q13627	6EIL	A	301	SER_single	1	1	2.465	SER	826		2	134-408,414-480	134-408,414-480	SER	/mnt/c/Users/drpat/OneDrive - UGent/Desktop/PD/Phospho-fill/Validation-allPDB/pdb_cache/6eil.cif	SER	SER	OG	CB	ok			-110.43044362988287	LYS:264	LYS	NZ	4.0916012350119955	0.0	2.0	LYS:264	LYS	NZ	4.0916012350119955	HOH:632	O	4.1462720768578025	0.0	23.0	none_obvious			intermediate	PTR:321	PTR	32.56650320794466	0.0	0.0		unmodified
O94804	6EIM	B	191	SER_mixed_with_THR	1	3	1.43	SER	81		3	23-317	23-317	SER	/mnt/c/Users/drpat/OneDrive - UGent/Desktop/PD/Phospho-fill/Validation-allPDB/pdb_cache/6eim.cif	SER	SER	OG	CB	ok			-123.13140362812456	LYS:188	LYS	NZ	6.2966231390057	0.0	0.0	ASP:211	ASP	OD2	5.3937765199908005	HOH:638	O	3.043337528608042	3.0	13.0	water_mediated_like			exposed				0.0	0.0		unmodified
Q13627	6EIQ	A	301	SER_single	1	1	2.3	SER	827		2	134-408,414-480	134-408,414-480	SER	/mnt/c/Users/drpat/OneDrive - UGent/Desktop/PD/Phospho-fill/Validation-allPDB/pdb_cache/6eiq.cif	SER	SER	OG	CB	ok			-111.14599492872408	LYS:264	LYS	NZ	4.660291425757517	0.0	1.0	LYS:264	LYS	NZ	4.660291425757517	HOH:615	O	6.036093901376004	0.0	17.0	none_obvious			intermediate	PTR:321	PTR	33.85850204515922	0.0	0.0		unmodified
Q13627	6EIR	A	301	SER_single	1	1	2.4	SER	828		2	134-408,414-480	134-408,414-480	SER	/mnt/c/Users/drpat/OneDrive - UGent/Desktop/PD/Phospho-fill/Validation-allPDB/pdb_cache/6eir.cif	SER	SER	OG	CB	ok			-110.47901798353315	ARG:300	ARG	NE	4.2122607534653325	0.0	2.0	ARG:300	ARG	NE	4.2122607534653325				0.0	23.0	none_obvious			intermediate	PTR:321	PTR	32.62529831467296	0.0	0.0		unmodified
Q13627	6EIS	A	301	SER_single	1	1	2.36	SER	829		2	134-409,412-480	134-409,412-480	SER	/mnt/c/Users/drpat/OneDrive - UGent/Desktop/PD/Phospho-fill/Validation-allPDB/pdb_cache/6eis.cif	SER	SER	OG	CB	ok			125.87021619161676	LYS:264	LYS	NZ	3.873622278703503	1.0	1.0	LYS:264	LYS	NZ	3.873622278703503	HOH:701	O	4.2514472520058355	0.0	16.0	none_obvious			intermediate	PTR:321	PTR	33.01945947046546	0.0	0.0		unmodified
P04150	6EL6	A	617	SER_single	1	1	2.4	SER	107		2	530-776	530-776	SER	/mnt/c/Users/drpat/OneDrive - UGent/Desktop/PD/Phospho-fill/Validation-allPDB/pdb_cache/6el6.cif	SER	SER	OG	CB	ok			-143.6206154375055	HIS:654	HIS	CE1	6.805125633326896	0.0	0.0	SER:616	SER	OG	6.259723706342086				0.0	6.0	none_obvious			intermediate				0.0	0.0		unmodified
P04150	6EL7	A	617	SER_single	1	1	2.18	SER	108		2	530-776	530-776	SER	/mnt/c/Users/drpat/OneDrive - UGent/Desktop/PD/Phospho-fill/Validation-allPDB/pdb_cache/6el7.cif	SER	SER	OG	CB	ok			115.1089576995058	HIS:654	HIS	CE1	3.8973403463806537	1.0	1.0	HIS:654	HIS	ND1	4.376006817459095				0.0	11.0	none_obvious			intermediate				0.0	0.0		unmodified
P04150	6EL9	A	617	SER_single	1	1	2.19	SER	109		2	530-776	530-776	SER	/mnt/c/Users/drpat/OneDrive - UGent/Desktop/PD/Phospho-fill/Validation-allPDB/pdb_cache/6el9.cif	SER	SER	OG	CB	ok			119.31709305282673	HIS:654	HIS	CE1	5.252185580797995	0.0	1.0	HIS:654	HIS	ND1	5.624305682665193				0.0	9.0	none_obvious			intermediate				0.0	0.0		unmodified
Q9NWZ3	6F3D	B	284	SER_single	1	1	2.38	SER	963		4	164-217,221-336,344-458	164-217,221-336,344-458	SER	/mnt/c/Users/drpat/OneDrive - UGent/Desktop/PD/Phospho-fill/Validation-allPDB/pdb_cache/6f3d.cif	SER	SER	OG	CB	ok			-114.70426996825448	HIS:286	HIS	CD2	5.255769083398974	0.0	1.0	ASP:420	ASP	OD2	3.7578221674062964	HOH:639	O	2.9276044974678364	2.0	27.0	water_mediated_like			exposed	TPO:345	TPO	40.751875077141065	0.0	0.0		unmodified
Q9NWZ3	6F3G	B	284	SER_single	1	1	2.37	SER	964		4	164-215,223-253,257-336,343-458	164-215,223-253,257-336,343-458	SER	/mnt/c/Users/drpat/OneDrive - UGent/Desktop/PD/Phospho-fill/Validation-allPDB/pdb_cache/6f3g.cif	SER	SER	OG	CB	ok			-111.97730699672411	HIS:286	HIS	CD2	4.726787858846123	0.0	1.0	ASP:420	ASP	OD2	3.913594299418003	HOH:631	O	4.195663494370051	0.0	28.0	none_obvious			buried	TPO:345	TPO	40.186345422180125	0.0	0.0		unmodified
Q9NWZ3	6F3I	B	284	SER_single	1	1	2.14	SER	965		4	164-215,223-336,344-458	164-215,223-336,344-458	SER	/mnt/c/Users/drpat/OneDrive - UGent/Desktop/PD/Phospho-fill/Validation-allPDB/pdb_cache/6f3i.cif	SER	SER	OG	CB	ok			-107.66765954461142	HIS:286	HIS	CD2	4.921412571010372	0.0	1.0	ASP:420	ASP	OD2	3.709876827905918	HOH:638	O	3.008628802500957	3.0	27.0	water_mediated_like			exposed	TPO:345	TPO	40.51561593208946	0.0	0.0		unmodified
P07949	6FEK	A	909	SER_mixed_with_TYR	1	3	2.3	SER	158		5	705-825,841-1010	705-825,841-1010	SER	/mnt/c/Users/drpat/OneDrive - UGent/Desktop/PD/Phospho-fill/Validation-allPDB/pdb_cache/6fek.cif	SER	SER	OG	CB	ok			90.87723193636955	LYS:907	LYS	NZ	4.75305384092194	0.0	1.0	LYS:907	LYS	NZ	4.75305384092194	HOH:1211	O	7.818194686606115	0.0	13.0	none_obvious			intermediate	PTR:905	PTR	8.331471416481802	0.0	1.0	PTR:905@8.33	unmodified
P49759	6FT8	A	341	SER_mixed_with_THR	1	2	1.45	SER	483		2	148-483	148-483	SER	/mnt/c/Users/drpat/OneDrive - UGent/Desktop/PD/Phospho-fill/Validation-allPDB/pdb_cache/6ft8.cif	SER	SER	OG	CB	ok			128.11355483336138	ARG:346	ARG	NE	5.3849535367616905	0.0	1.0	SER:364	SER	OG	4.210070984850735	HOH:827	O	2.8603966086260155	1.0	45.0	water_mediated_like			buried				0.0	0.0		unmodified
P49759	6FT9	A	341	SER_mixed_with_THR	1	2	1.87	SER	484		2	148-482	148-482	SER	/mnt/c/Users/drpat/OneDrive - UGent/Desktop/PD/Phospho-fill/Validation-allPDB/pdb_cache/6ft9.cif	SER	SER	OG	CB	ok			131.46250385465157	ARG:346	ARG	NE	5.56847532694599	0.0	1.0	SER:364	SER	OG	4.258476566701068	HOH:677	O	2.782745035511606	1.0	46.0	water_mediated_like			buried				0.0	0.0		unmodified
P49759	6FYO	A	341	SER_mixed_with_THR	1	2	2.32	SER	485		2	148-306,310-481	148-306,310-481	SER	/mnt/c/Users/drpat/OneDrive - UGent/Desktop/PD/Phospho-fill/Validation-allPDB/pdb_cache/6fyo.cif	SER	SER	OG	CB	ok			137.38522307203573	ARG:346	ARG	NH2	5.929873770229254	0.0	1.0	SER:364	SER	OG	4.4203327444222085	HOH:680	O	2.927197615921123	1.0	43.0	water_mediated_like			buried				0.0	0.0		unmodified
P49759	6G33	B	341	SER_mixed_with_THR	1	2	2.05	SER	486		2	148-482	148-482	SER	/mnt/c/Users/drpat/OneDrive - UGent/Desktop/PD/Phospho-fill/Validation-allPDB/pdb_cache/6g33.cif	SER	SER	OG	CB	ok			-137.18291664474376	ARG:346	ARG	NH2	5.389479347411979	0.0	2.0	ARG:346	ARG	NH2	5.389479347411979	HOH:666	O	7.251573510865931	0.0	13.0	none_obvious			intermediate				0.0	0.0		unmodified
Q9UK32	6G77	A	232	SER_single	1	1	2.499	SER	1023		1	51-116,125-349	51-116,125-349	SER	/mnt/c/Users/drpat/OneDrive - UGent/Desktop/PD/Phospho-fill/Validation-allPDB/pdb_cache/6g77.cif	SER	SER	OG	CB	ok			107.32940842365933	LYS:229	LYS	CE	7.953610946406296	0.0	0.0	SER:223	SER	OG	6.0499810295729715	HOH:505	O	2.2095093028075268	2.0	25.0	water_mediated_like			exposed				0.0	0.0		unmodified
P27361	6GES	A	286	SER_mixed_with_THRTYR	1	3	2.07	SER	419		3	25-374	25-374	SER	/mnt/c/Users/drpat/OneDrive - UGent/Desktop/PD/Phospho-fill/Validation-allPDB/pdb_cache/6ges.cif	SER	SER	OG	CB	ok			19.644216316778742					0.0	0.0	SER:263	SER	OG	4.24306368297644	HOH:528	O	6.891518234213497	0.0	11.0	none_obvious			intermediate				0.0	0.0		unmodified
O75531	6GHD	E	4	SER_mixed_with_THR	1	2	2.1	SER	64		2	2-89	2-89	SER	/mnt/c/Users/drpat/OneDrive - UGent/Desktop/PD/Phospho-fill/Validation-allPDB/pdb_cache/6ghd.cif	SER	SER	OG	CB	ok			-113.96937660929026	HIS:7	HIS	ND1	5.419735678648571	0.0	1.0	THR:3	THR	OG1	4.836574914268264	HOH:222	O	3.1836445755433394	2.0	32.0	water_mediated_like			exposed				0.0	0.0		unmodified
P42336	6GVF	A	158	SER_only_multi_2	2	2	2.5	SER	465		3	107-310,324-500,507-862,873-942,949-1051	107-310,324-500,507-862,873-942,949-1051	SER,SER	/mnt/c/Users/drpat/OneDrive - UGent/Desktop/PD/Phospho-fill/Validation-allPDB/pdb_cache/6gvf.cif	SER	SER	OG	CB	ok			109.99045620917555	ARG:162	ARG	NH1	2.8130389142235708	1.0	1.0	ARG:162	ARG	NH1	2.8130389142235708	HOH:1229	O	7.807850314660188	0.0	42.0	salt_bridge_like			buried				0.0	0.0		unmodified
P42336	6GVF	A	790	SER_only_multi_2	2	2	2.5	SER	465		3	107-310,324-500,507-862,873-942,949-1051	107-310,324-500,507-862,873-942,949-1051	SER,SER	/mnt/c/Users/drpat/OneDrive - UGent/Desktop/PD/Phospho-fill/Validation-allPDB/pdb_cache/6gvf.cif	SER	SER	OG	CB	ok			-128.7044185566981	LYS:204	LYS	NZ	6.39227458263089	0.0	0.0	GLN:795	GLN	NE2	3.3732614494154114	HOH:1211	O	2.7176586012074173	1.0	44.0	hbond_like			buried				0.0	0.0		unmodified
P33981	6GVJ	A	677	SER_mixed_with_THR	1	4	2.41	SER	435		4	515-699,709-795	515-699,709-795	SER	/mnt/c/Users/drpat/OneDrive - UGent/Desktop/PD/Phospho-fill/Validation-allPDB/pdb_cache/6gvj.cif	SER	SER	OG	CB	ok			-100.35862490027966	LYS:680	LYS	CE	7.97766958514303	0.0	0.0	THR:675	THR	OG1	4.641940641881364				0.0	15.0	none_obvious			intermediate				0.0	0.0		unmodified
P68400	6HME	A	2	SER_single	1	1	1.85	SER	594		1	2-333	2-333	SER	/mnt/c/Users/drpat/OneDrive - UGent/Desktop/PD/Phospho-fill/Validation-allPDB/pdb_cache/6hme.cif	SER	SER	OG	CB	ok			10.091615458233385					0.0	0.0	ASN:262	ASN	ND2	4.6821223257751114				0.0	8.0	none_obvious			intermediate				0.0	0.0		unmodified
Q9H2G2	6HVD	A	189	SER_single	1	1	1.63	SER	922		2	19-182,189-309	19-182,189-309	SER	/mnt/c/Users/drpat/OneDrive - UGent/Desktop/PD/Phospho-fill/Validation-allPDB/pdb_cache/6hvd.cif	SER				missing_anchor_or_base																													
O75460	6HX1	A	724	SER_only_multi_3	3	3	2.14	SER	57		3	562-606,617-717,720-744,749-964	562-606,617-717,720-744,749-964	SER,SER,SER	/mnt/c/Users/drpat/OneDrive - UGent/Desktop/PD/Phospho-fill/Validation-allPDB/pdb_cache/6hx1.cif	SER	SER	OG	CB	ok			-101.20330233624475	LYS:717	LYS	NZ	5.645209531349091	0.0	1.0	CYS:715	CYS	SG	4.2814732013342285	HOH:1183	O	4.812926703741741	0.0	26.0	none_obvious			buried				0.0	0.0		unmodified
O75460	6HX1	A	726	SER_only_multi_3	3	3	2.14	SER	57		3	562-606,617-717,720-744,749-964	562-606,617-717,720-744,749-964	SER,SER,SER	/mnt/c/Users/drpat/OneDrive - UGent/Desktop/PD/Phospho-fill/Validation-allPDB/pdb_cache/6hx1.cif	SER	SER	OG	CB	ok			-4.996537785437061	ARG:728	ARG	NE	5.319525085426532	0.0	1.0	ARG:728	ARG	NE	5.319525085426532	HOH:1102	O	3.1005420216290966	1.0	23.0	water_mediated_like			intermediate				0.0	0.0		unmodified
O75460	6HX1	A	729	SER_only_multi_3	3	3	2.14	SER	57		3	562-606,617-717,720-744,749-964	562-606,617-717,720-744,749-964	SER,SER,SER	/mnt/c/Users/drpat/OneDrive - UGent/Desktop/PD/Phospho-fill/Validation-allPDB/pdb_cache/6hx1.cif	SER	SER	OG	CB	ok			8.825424928564077	LYS:690	LYS	NZ	4.772203632915133	0.0	1.0	ASP:688	ASP	OD1	2.7417391138794827	HOH:1187	O	4.948310768324536	0.0	32.0	hbond_like			buried				0.0	0.0		unmodified
P08149	6HZJ	A	465	SER_single	1	1	1.43	SER	173		1	238-282,298-575	238-282,298-575	SER	/mnt/c/Users/drpat/OneDrive - UGent/Desktop/PD/Phospho-fill/Validation-allPDB/pdb_cache/6hzj.cif	SER	SER	OG	CB	ok			-118.71213119457217	LYS:463	LYS	CE	4.240684344954235	0.0	1.0	THR:466	THR	OG1	4.180184244286968	HOH:742	O	3.5114323640469998	1.0	21.0	none_obvious			intermediate				0.0	0.0		unmodified
P49759	6I5H	A	341	SER_mixed_with_THR	1	2	1.49	SER	487		2	148-302,314-481	148-302,314-481	SER	/mnt/c/Users/drpat/OneDrive - UGent/Desktop/PD/Phospho-fill/Validation-allPDB/pdb_cache/6i5h.cif	SER	SER	OG	CB	ok			128.53467653248427	ARG:346	ARG	NE	5.323852903065122	0.0	1.0	SER:364	SER	OG	4.143250372543337	HOH:726	O	2.780758643704917	1.0	44.0	water_mediated_like			buried				0.0	0.0		unmodified
P49759	6I5I	A	341	SER_mixed_with_THR	1	2	1.6	SER	488		2	148-412,416-483	148-412,416-483	SER	/mnt/c/Users/drpat/OneDrive - UGent/Desktop/PD/Phospho-fill/Validation-allPDB/pdb_cache/6i5i.cif	SER	SER	OG	CB	ok			127.33760723547488	ARG:346	ARG	NE	5.32996797438383	0.0	1.0	SER:364	SER	OG	4.109718074123606	HOH:787	O	2.848896633454564	1.0	45.0	water_mediated_like			buried				0.0	0.0		unmodified
P49759	6I5K	C	341	SER_mixed_with_THR	1	2	2.3	SER	489		2	148-483	148-483	SER	/mnt/c/Users/drpat/OneDrive - UGent/Desktop/PD/Phospho-fill/Validation-allPDB/pdb_cache/6i5k.cif	SER	SER	OG	CB	ok			134.90493069030137	ARG:346	ARG	NE	5.67351728744154	0.0	1.0	SER:364	SER	OG	4.4296320606109125	HOH:653	O	3.127447875278835	1.0	44.0	water_mediated_like			buried				0.0	0.0		unmodified
P07949	6I82	B	909	SER_mixed_with_TYR	1	4	2.05	SER	159		5	714-828,842-1012	714-828,842-1012	SER	/mnt/c/Users/drpat/OneDrive - UGent/Desktop/PD/Phospho-fill/Validation-allPDB/pdb_cache/6i82.cif	SER	SER	OG	CB	ok			-122.44397976806269	LYS:907	LYS	CE	3.743681192587679	1.0	1.0	LYS:907	LYS	NZ	3.942793537946971	HOH:1237	O	2.6939693110254015	1.0	19.0	water_mediated_like			intermediate	PTR:928	PTR	7.438028886266684	1.0	1.0	PTR:928@7.44	unmodified
P07949	6I83	A	909	SER_mixed_with_TYR	1	4	1.88	SER	160		5	705-821,844-1013	705-821,844-1013	SER	/mnt/c/Users/drpat/OneDrive - UGent/Desktop/PD/Phospho-fill/Validation-allPDB/pdb_cache/6i83.cif	SER	SER	OG	CB	ok			-127.56605486071022	LYS:907	LYS	NZ	3.5692759011583375	1.0	1.0	LYS:907	LYS	NZ	3.5692759011583375				0.0	19.0	none_obvious			intermediate	PTR:905	PTR	6.385491383239306	1.0	1.0	PTR:905@6.39	unmodified
O06291	6IEO	A	280	SER_single	1	1	1.83	SER	10		1	226-405,415-528	226-405,415-528	SER	/mnt/c/Users/drpat/OneDrive - UGent/Desktop/PD/Phospho-fill/Validation-allPDB/pdb_cache/6ieo.cif	SER	SER	OG	CB	ok			-113.56677442523933					0.0	0.0	ASN:278	ASN	OD1	3.4359543048545147	HOH:716	O	2.5594561821305035	1.0	22.0	hbond_like			intermediate				0.0	0.0		unmodified
P04406	6IQ6	A	51	SER_only_multi_2	2	2	2.29	SER	114		2	3-335	3-335	SER,SER	/mnt/c/Users/drpat/OneDrive - UGent/Desktop/PD/Phospho-fill/Validation-allPDB/pdb_cache/6iq6.cif	SER	SER	OG	CB	ok			129.00207189466244	ARG:13	ARG	NH1	6.899188657832961	0.0	0.0	THR:52	THR	OG1	5.710618033099872	HOH:519	O	6.587913430555112	0.0	8.0	none_obvious			intermediate				0.0	0.0		unmodified
P04406	6IQ6	A	151	SER_only_multi_2	2	2	2.29	SER	114		2	3-335	3-335	SER,SER	/mnt/c/Users/drpat/OneDrive - UGent/Desktop/PD/Phospho-fill/Validation-allPDB/pdb_cache/6iq6.cif	SER	SER	OG	CB	ok			-117.31647426253396	HIS:179	HIS	NE2	7.897655639917957	0.0	0.0	THR:154	THR	OG1	3.036877278783709	HOH:507	O	3.313601634351436	1.0	35.0	hbond_like			buried				0.0	0.0		unmodified
P04629	6J5L	A	677	SER_single	1	1	2.3	SER	144		2	502-532,537-670,675-683,687-790	502-532,537-670,675-683,687-790	SER	/mnt/c/Users/drpat/OneDrive - UGent/Desktop/PD/Phospho-fill/Validation-allPDB/pdb_cache/6j5l.cif	SER				missing_anchor_or_base																													
P96356	6J7N	A	78	SER_single	1	1	2.294	SER	644		1	3-292	3-292	SER	/mnt/c/Users/drpat/OneDrive - UGent/Desktop/PD/Phospho-fill/Validation-allPDB/pdb_cache/6j7n.cif	SER	SER	OG	CB	ok			9.23016680891657	ARG:76	ARG	NH2	5.318240444878076	0.0	1.0	SER:64	SER	OG	3.99993140062666	HOH:403	O	4.0455212350850065	0.0	31.0	none_obvious			buried				0.0	0.0		unmodified
P96356	6J7O	A	78	SER_single	1	1	1.9	SER	645		1	3-292	3-292	SER	/mnt/c/Users/drpat/OneDrive - UGent/Desktop/PD/Phospho-fill/Validation-allPDB/pdb_cache/6j7o.cif	SER	SER	OG	CB	ok			-1.1270106033060747	ARG:76	ARG	NH2	4.554644577453819	0.0	1.0	ARG:76	ARG	NH2	4.554644577453819	HOH:407	O	2.38095032182492	5.0	28.0	water_mediated_like			exposed				0.0	0.0		unmodified
P96356	6J7T	A	78	SER_single	1	1	1.903	SER	646		1	3-292	3-292	SER	/mnt/c/Users/drpat/OneDrive - UGent/Desktop/PD/Phospho-fill/Validation-allPDB/pdb_cache/6j7t.cif	SER	SER	OG	CB	ok			-1.3727563790882567	ARG:76	ARG	NH2	5.7350843430955285	0.0	1.0	SER:64	SER	OG	3.5176405387276333	HOH:545	O	3.7884961772411567	2.0	31.0	none_obvious			exposed				0.0	0.0		unmodified
A0A0K8P8E7	6JTU	A	225	SER_single	1	1	2.1	SER	0		1	43-603	43-603	SER	/mnt/c/Users/drpat/OneDrive - UGent/Desktop/PD/Phospho-fill/Validation-allPDB/pdb_cache/6jtu.cif	SER	SER	OG	CB	ok			5.562268079596133	HIS:528	HIS	NE2	2.6620007614509413	1.0	1.0	HIS:528	HIS	NE2	2.6620007614509413	HOH:865	O	4.950779207691238	0.0	34.0	salt_bridge_like			buried				0.0	0.0		unmodified
P68400	6JWA	A	2	SER_single	1	1	1.781	SER	595		1	2-328	2-328	SER	/mnt/c/Users/drpat/OneDrive - UGent/Desktop/PD/Phospho-fill/Validation-allPDB/pdb_cache/6jwa.cif	SER	SER	OG	CB	ok			19.94615336678183					0.0	0.0	ASN:262	ASN	ND2	3.8479944544234956				0.0	7.0	none_obvious			intermediate				0.0	0.0		unmodified
Q92630	6K0J	A	232	SER_mixed_with_THR	2	3	2.352	SER	890		5	212-536	212-536	SER,SER	/mnt/c/Users/drpat/OneDrive - UGent/Desktop/PD/Phospho-fill/Validation-allPDB/pdb_cache/6k0j.cif	SER	SER	OG	CB	ok			-136.28991182066085	ARG:254	ARG	NH2	6.335830020618559	0.0	0.0	ARG:254	ARG	NH2	6.335830020618559	HOH:842	O	7.530960335901632	0.0	16.0	none_obvious			intermediate	PTR:382	PTR	13.427039190965237	0.0	0.0		unmodified
Q92630	6K0J	A	442	SER_mixed_with_THR	2	3	2.352	SER	890		5	212-536	212-536	SER,SER	/mnt/c/Users/drpat/OneDrive - UGent/Desktop/PD/Phospho-fill/Validation-allPDB/pdb_cache/6k0j.cif	SER	SER	OG	CB	ok			-109.17301585680137	LYS:444	LYS	CE	6.004844215539207	0.0	0.0	ASP:519	ASP	OD2	5.946916280550284	HOH:787	O	3.9395339276391828	1.0	25.0	none_obvious			buried	SEP:458	SEP	18.92521141241954	0.0	0.0		unmodified
P11309	6L11	A	276	SER_single	1	1	2.05	SER	324		2	33-305	33-305	SER	/mnt/c/Users/drpat/OneDrive - UGent/Desktop/PD/Phospho-fill/Validation-allPDB/pdb_cache/6l11.cif	SER	SER	OG	CB	ok			-107.30749631055993	ARG:274	ARG	NH2	4.242189592332695	0.0	1.0	ASP:277	ASP	OD1	4.040182909386665	HOH:527	O	2.6255657489767397	1.0	24.0	water_mediated_like			buried	SEP:261	SEP	26.54409652794386	0.0	0.0		unmodified
P11309	6L12	A	276	SER_single	1	1	1.87	SER	325		2	33-305	33-305	SER	/mnt/c/Users/drpat/OneDrive - UGent/Desktop/PD/Phospho-fill/Validation-allPDB/pdb_cache/6l12.cif	SER	SER	OG	CB	ok			-115.86308565205033	ARG:274	ARG	NH2	4.063227922127035	0.0	1.0	ARG:274	ARG	NH2	4.063227922127035	HOH:517	O	2.709976437095338	1.0	23.0	water_mediated_like			intermediate	SEP:261	SEP	26.85786402840995	0.0	0.0		unmodified
P11309	6L13	A	276	SER_single	1	1	2.24	SER	326		2	33-305	33-305	SER	/mnt/c/Users/drpat/OneDrive - UGent/Desktop/PD/Phospho-fill/Validation-allPDB/pdb_cache/6l13.cif	SER	SER	OG	CB	ok			-114.98612223569597	ARG:274	ARG	NH2	3.5648032052986016	1.0	1.0	ARG:274	ARG	NH2	3.5648032052986016	HOH:519	O	6.217188709306757	0.0	24.0	none_obvious			buried	SEP:261	SEP	26.71914324636085	0.0	0.0		unmodified
P11309	6L14	A	276	SER_single	1	1	1.95	SER	327		2	33-81,84-305	33-81,84-260,262-305	SER	/mnt/c/Users/drpat/OneDrive - UGent/Desktop/PD/Phospho-fill/Validation-allPDB/pdb_cache/6l14.cif	SER	SER	OG	CB	ok			-110.40883516263929	ARG:274	ARG	NH2	4.053072900691897	0.0	1.0	ARG:274	ARG	NH2	4.053072900691897	HOH:516	O	6.301988580172156	0.0	24.0	none_obvious			buried	SEP:261	SEP	26.610156214458804	0.0	0.0		unmodified
P11309	6L16	A	276	SER_single	1	1	2.1	SER	328		2	33-80,84-305	33-80,84-260,262-305	SER	/mnt/c/Users/drpat/OneDrive - UGent/Desktop/PD/Phospho-fill/Validation-allPDB/pdb_cache/6l16.cif	SER	SER	OG	CB	ok			-110.11131380190479	ARG:274	ARG	NH2	3.9210687049686377	1.0	1.0	ARG:274	ARG	NH2	3.9210687049686377	HOH:509	O	6.16958719697553	0.0	24.0	none_obvious			buried	SEP:261	SEP	26.71639857078443	0.0	0.0		unmodified
P11309	6L17	A	276	SER_single	1	1	1.75	SER	329		2	33-305	33-260,262-305	SER	/mnt/c/Users/drpat/OneDrive - UGent/Desktop/PD/Phospho-fill/Validation-allPDB/pdb_cache/6l17.cif	SER	SER	OG	CB	ok			-116.61638393578531	ARG:274	ARG	NH2	3.902160868933439	1.0	1.0	ARG:274	ARG	NH2	3.902160868933439	HOH:501	O	1.9461028287786304	2.0	24.0	water_mediated_like			exposed	SEP:261	SEP	26.649533294910903	0.0	0.0		unmodified
P68400	6L1Z	A	2	SER_single	1	1	1.90820949507	SER	596		1	2-330	2-330	SER	/mnt/c/Users/drpat/OneDrive - UGent/Desktop/PD/Phospho-fill/Validation-allPDB/pdb_cache/6l1z.cif	SER	SER	OG	CB	ok			4.354087073313287					0.0	0.0	ASN:262	ASN	ND2	3.1665108684123964				0.0	11.0	hbond_like			intermediate				0.0	0.0		unmodified
P68400	6L21	A	2	SER_single	1	1	2.05451776886	SER	597		1	2-332	2-332	SER	/mnt/c/Users/drpat/OneDrive - UGent/Desktop/PD/Phospho-fill/Validation-allPDB/pdb_cache/6l21.cif	SER	SER	OG	CB	ok			-3.00360601033605					0.0	0.0	ASN:262	ASN	ND2	6.155856317821068				0.0	3.0	none_obvious			intermediate				0.0	0.0		unmodified
P68400	6L22	A	2	SER_single	1	1	2.12318084151	SER	598		1	2-335	2-335	SER	/mnt/c/Users/drpat/OneDrive - UGent/Desktop/PD/Phospho-fill/Validation-allPDB/pdb_cache/6l22.cif	SER	SER	OG	CB	ok			-115.39913779788638					0.0	0.0	ASN:262	ASN	ND2	3.2347346473182603	HOH:514	O	4.376727313206471	0.0	8.0	hbond_like			intermediate				0.0	0.0		unmodified
P68400	6L23	A	2	SER_single	1	1	1.9744942746	SER	599		1	2-335	2-335	SER	/mnt/c/Users/drpat/OneDrive - UGent/Desktop/PD/Phospho-fill/Validation-allPDB/pdb_cache/6l23.cif	SER	SER	OG	CB	ok			130.7525562776217					0.0	0.0	ASN:262	ASN	ND2	6.0403024657548485				0.0	3.0	none_obvious			intermediate				0.0	0.0		unmodified
Q9NWZ3	6LXY	B	284	SER_mixed_with_THR	1	2	2.19	SER	966		4	163-459	163-459	SER	/mnt/c/Users/drpat/OneDrive - UGent/Desktop/PD/Phospho-fill/Validation-allPDB/pdb_cache/6lxy.cif	SER	SER	OG	CB	ok			-116.804139102649	HIS:286	HIS	ND1	4.855587399216044	0.0	1.0	ASP:420	ASP	OD2	3.7684384150080836	HOH:653	O	3.0321750541424395	2.0	28.0	water_mediated_like			exposed	TPO:345	TPO	40.25613340784414	0.0	0.0		unmodified
P20906	6M2Z	A	26	SER_single	1	1	2.35	SER	398		1	2-526	2-526	SER	/mnt/c/Users/drpat/OneDrive - UGent/Desktop/PD/Phospho-fill/Validation-allPDB/pdb_cache/6m2z.cif	SER	SER	OG	CB	ok			-124.32114456132226	HIS:70	HIS	CE1	3.572607536115406	1.0	1.0	ASN:27	ASN	OD1	3.4464886394566348	HOH:848	O	3.03053653936114	1.0	25.0	hbond_like			buried				0.0	0.0		unmodified
Q9NWZ3	6MOM	D	284	SER_single	1	1	2.1	SER	968		4	164-459	164-459	SER	/mnt/c/Users/drpat/OneDrive - UGent/Desktop/PD/Phospho-fill/Validation-allPDB/pdb_cache/6mom.cif	SER	SER	OG	CB	ok			-111.71005803504255	HIS:286	HIS	ND1	5.119991781247548	0.0	1.0	ASP:420	ASP	OD2	3.7395752516570573	HOH:610	O	2.4385641014962665	4.0	27.0	water_mediated_like			exposed	TPO:342	TPO	37.54872292277814	0.0	0.0		unmodified
P11309	6MT0	A	261	SER_only_multi_2	2	2	2.2	SER	330		2	33-305	33-305	SER,SER	/mnt/c/Users/drpat/OneDrive - UGent/Desktop/PD/Phospho-fill/Validation-allPDB/pdb_cache/6mt0.cif	SER	SER	OG	CB	ok			115.97225741775964	ARG:258	ARG	NH2	5.652261225683743	0.0	1.0	ARG:258	ARG	NH2	5.652261225683743	HOH:574	O	2.791516918493989	2.0	11.0	water_mediated_like			exposed				0.0	0.0		unmodified
P11309	6MT0	A	276	SER_only_multi_2	2	2	2.2	SER	330		2	33-305	33-305	SER,SER	/mnt/c/Users/drpat/OneDrive - UGent/Desktop/PD/Phospho-fill/Validation-allPDB/pdb_cache/6mt0.cif	SER	SER	OG	CB	ok			-111.88667821684693	ARG:274	ARG	NE	3.313143097473469	1.0	1.0	ARG:274	ARG	NE	3.313143097473469	HOH:651	O	3.439895183388274	1.0	23.0	salt_bridge_like			intermediate				0.0	0.0		unmodified
Q9NWZ3	6N8G	C	284	SER_single	1	1	2.0	SER	969		4	164-216,220-336,341-459	164-216,220-336,341-459	SER	/mnt/c/Users/drpat/OneDrive - UGent/Desktop/PD/Phospho-fill/Validation-allPDB/pdb_cache/6n8g.cif	SER	SER	OG	CB	ok			-112.09966094158698	HIS:286	HIS	CD2	4.788640477969977	0.0	1.0	ASP:420	ASP	OD2	3.8368159942099678	HOH:633	O	2.6473455263591417	3.0	28.0	water_mediated_like			exposed	TPO:342	TPO	36.57949245464225	0.0	0.0		unmodified
P07949	6NE7	A	909	SER_mixed_with_TYR	1	3	1.99	SER	161		5	705-823,843-1013	705-823,843-1013	SER	/mnt/c/Users/drpat/OneDrive - UGent/Desktop/PD/Phospho-fill/Validation-allPDB/pdb_cache/6ne7.cif	SER	SER	OG	CB	ok			-116.8326120477143	LYS:907	LYS	NZ	3.1559459534708547	1.0	1.0	LYS:907	LYS	NZ	3.1559459534708547	HOH:1261	O	2.786094067640237	2.0	20.0	salt_bridge_like			exposed	PTR:905	PTR	6.569314872218666	1.0	1.0	PTR:905@6.57	unmodified
P07949	6NEC	A	909	SER_mixed_with_TYR	1	5	1.87	SER	162		5	713-828,842-1012	713-828,842-1012	SER	/mnt/c/Users/drpat/OneDrive - UGent/Desktop/PD/Phospho-fill/Validation-allPDB/pdb_cache/6nec.cif	SER	SER	OG	CB	ok			-123.37484620151085	LYS:907	LYS	CE	3.4700235007895293	1.0	1.0	LYS:907	LYS	NZ	4.497824793374573	HOH:1237	O	2.7840750178092604	1.0	19.0	salt_bridge_like			intermediate				0.0	0.0		unmodified
Q92918	6NFY	B	171	SER_mixed_with_THR	1	2	2.17	SER	897		2	10-292	10-292	SER	/mnt/c/Users/drpat/OneDrive - UGent/Desktop/PD/Phospho-fill/Validation-allPDB/pdb_cache/6nfy.cif	SER	SER	OG	CB	ok			21.527539357943173	ARG:169	ARG	NH1	6.7905794214481565	0.0	0.0	TYR:192	TYR	OH	6.608565504603879	HOH:9160	O	2.819171482671891	1.0	32.0	water_mediated_like			buried				0.0	0.0		unmodified
P07949	6NJA	A	909	SER_mixed_with_TYR	1	3	1.92	SER	163		5	705-822,843-1013	705-822,843-1013	SER	/mnt/c/Users/drpat/OneDrive - UGent/Desktop/PD/Phospho-fill/Validation-allPDB/pdb_cache/6nja.cif	SER	SER	OG	CB	ok			-128.87787461084218	LYS:907	LYS	NZ	2.504520700065721	1.0	1.0	LYS:907	LYS	NZ	2.504520700065721	HOH:1230	O	5.138620968144904	0.0	20.0	salt_bridge_like			intermediate	PTR:905	PTR	6.664859158742195	1.0	1.0	PTR:905@6.66	unmodified
P11309	6NO8	A	261	SER_only_multi_2	2	2	2.377	SER	331		2	33-305	33-305	SER,SER	/mnt/c/Users/drpat/OneDrive - UGent/Desktop/PD/Phospho-fill/Validation-allPDB/pdb_cache/6no8.cif	SER	SER	OG	CB	ok			126.48943363774664	ARG:258	ARG	NH1	5.309902259733192	0.0	1.0	ARG:258	ARG	NH1	5.309902259733192	HOH:501	O	3.834249946078428	1.0	13.0	none_obvious			intermediate				0.0	0.0		unmodified
P11309	6NO8	A	276	SER_only_multi_2	2	2	2.377	SER	331		2	33-305	33-305	SER,SER	/mnt/c/Users/drpat/OneDrive - UGent/Desktop/PD/Phospho-fill/Validation-allPDB/pdb_cache/6no8.cif	SER	SER	OG	CB	ok			-122.71091371818596	ARG:274	ARG	NH2	4.362775027776023	0.0	1.0	ARG:274	ARG	NH2	4.362775027776023	HOH:517	O	6.340707746888347	0.0	22.0	none_obvious			intermediate				0.0	0.0		unmodified
P11309	6NO9	A	261	SER_only_multi_2	2	2	1.712	SER	332		2	33-305	33-305	SER,SER	/mnt/c/Users/drpat/OneDrive - UGent/Desktop/PD/Phospho-fill/Validation-allPDB/pdb_cache/6no9.cif	SER	SER	OG	CB	ok			128.35335215420804	ARG:258	ARG	NH1	5.223681741235465	0.0	1.0	GLU:262	GLU	OE2	5.007258287631386	HOH:607	O	3.2125331810434377	1.0	17.0	water_mediated_like			intermediate				0.0	0.0		unmodified
P11309	6NO9	A	276	SER_only_multi_2	2	2	1.712	SER	332		2	33-305	33-305	SER,SER	/mnt/c/Users/drpat/OneDrive - UGent/Desktop/PD/Phospho-fill/Validation-allPDB/pdb_cache/6no9.cif	SER	SER	OG	CB	ok			-121.68938894691948	ARG:274	ARG	NH1	2.9695681468777266	1.0	1.0	ARG:274	ARG	NH1	2.9695681468777266	HOH:686	O	2.8844308231950846	1.0	22.0	salt_bridge_like			intermediate				0.0	0.0		unmodified
P04629	6NSP	A	677	SER_single	1	1	2.31	SER	145		2	500-608,612-795	500-608,612-795	SER	/mnt/c/Users/drpat/OneDrive - UGent/Desktop/PD/Phospho-fill/Validation-allPDB/pdb_cache/6nsp.cif	SER	SER	OG	CB	ok			-91.09270820353204	ARG:682	ARG	NH2	6.326200035983038	0.0	0.0	THR:678	THR	OG1	6.097063595128495	HOH:924	O	7.285705805968937	0.0	14.0	none_obvious			intermediate				0.0	0.0		unmodified
P04629	6NSS	A	677	SER_single	1	1	1.97	SER	146		2	485-495,501-548,552-795	485-495,501-548,552-795	SER	/mnt/c/Users/drpat/OneDrive - UGent/Desktop/PD/Phospho-fill/Validation-allPDB/pdb_cache/6nss.cif	SER	SER	OG	CB	ok			-119.60670766996834	ARG:682	ARG	NH1	7.001742192647503	0.0	0.0	THR:678	THR	OG1	6.191808307046307	HOH:941	O	3.0893870340797815	1.0	17.0	water_mediated_like			intermediate				0.0	0.0		unmodified
Q13526	6O33	A	72	SER_single	1	1	1.74	SER	743		1	6-39,48-163	6-39,48-163	SER	/mnt/c/Users/drpat/OneDrive - UGent/Desktop/PD/Phospho-fill/Validation-allPDB/pdb_cache/6o33.cif	SER	SER	OG	CB	ok			-115.59442948942248	ARG:74	ARG	NE	5.315524939413867	0.0	1.0	ASP:112	ASP	OD1	2.7175906974335198	HOH:312	O	4.385915916841484	0.0	46.0	hbond_like			buried				0.0	0.0		unmodified
Q13526	6O34	A	72	SER_single	1	1	1.57	SER	744		1	6-39,48-163	6-39,48-163	SER	/mnt/c/Users/drpat/OneDrive - UGent/Desktop/PD/Phospho-fill/Validation-allPDB/pdb_cache/6o34.cif	SER	SER	OG	CB	ok			-106.6120506671822	ARG:74	ARG	NE	5.309459455301363	0.0	2.0	ASP:112	ASP	OD1	2.700648021117993	HOH:334	O	4.444415765970577	0.0	48.0	hbond_like			buried				0.0	0.0		unmodified
Q9NWZ3	6O8U	D	284	SER_single	1	1	1.8	SER	970		4	162-219,221-336,343-458	162-219,221-336,343-458	SER	/mnt/c/Users/drpat/OneDrive - UGent/Desktop/PD/Phospho-fill/Validation-allPDB/pdb_cache/6o8u.cif	SER	SER	OG	CB	ok			-112.28596120386595	HIS:286	HIS	CD2	4.847910173279983	0.0	1.0	ASP:420	ASP	OD2	3.9012115360046153	HOH:618	O	2.6848962358953217	1.0	29.0	water_mediated_like			buried	TPO:345	TPO	40.31115405169511	0.0	0.0		unmodified
Q9NWZ3	6O94	B	284	SER_single	1	1	1.98	SER	972		4	162-336,341-458	162-336,341-458	SER	/mnt/c/Users/drpat/OneDrive - UGent/Desktop/PD/Phospho-fill/Validation-allPDB/pdb_cache/6o94.cif	SER	SER	OG	CB	ok			-117.29438276348414	HIS:286	HIS	CD2	4.937680818259064	0.0	1.0	ASP:420	ASP	OD2	4.029260380082631	HOH:652	O	2.7483856968866993	2.0	27.0	water_mediated_like			exposed	TPO:342	TPO	37.75600710709326	0.0	0.0		unmodified
Q9NWZ3	6O95	D	284	SER_single	1	1	1.77	SER	973		4	161-336,343-458	161-336,343-458	SER	/mnt/c/Users/drpat/OneDrive - UGent/Desktop/PD/Phospho-fill/Validation-allPDB/pdb_cache/6o95.cif	SER	SER	OG	CB	ok			-114.83057649164037	HIS:286	HIS	CD2	4.726927451429314	0.0	1.0	ASP:420	ASP	OD2	3.9152990131861967	HOH:642	O	2.71526852722877	2.0	29.0	water_mediated_like			exposed	TPO:345	TPO	40.13062434452697	0.0	0.0		unmodified
P08149	6P52	A	465	SER_single	1	1	1.83	SER	174		1	237-283,298-502,514-574	237-283,298-502,514-574	SER	/mnt/c/Users/drpat/OneDrive - UGent/Desktop/PD/Phospho-fill/Validation-allPDB/pdb_cache/6p52.cif	SER	SER	OG	CB	ok			-119.27123695124737	LYS:463	LYS	CE	3.9831853769507872	1.0	1.0	THR:466	THR	OG1	4.1645579024425645	HOH:794	O	3.005206076460754	3.0	22.0	water_mediated_like			exposed				0.0	0.0		unmodified
P08149	6P53	B	465	SER_single	1	1	1.92	SER	175		1	237-283,298-574	237-283,298-574	SER	/mnt/c/Users/drpat/OneDrive - UGent/Desktop/PD/Phospho-fill/Validation-allPDB/pdb_cache/6p53.cif	SER	SER	OG	CB	ok			-122.27792752686588	LYS:463	LYS	CE	5.359376631235084	0.0	1.0	THR:466	THR	OG1	4.308155050213275	HOH:821	O	4.618684287570624	0.0	22.0	none_obvious			intermediate				0.0	0.0		unmodified
P08149	6P54	A	465	SER_single	1	1	1.83	SER	176		1	237-283,298-574	237-283,298-574	SER	/mnt/c/Users/drpat/OneDrive - UGent/Desktop/PD/Phospho-fill/Validation-allPDB/pdb_cache/6p54.cif	SER	SER	OG	CB	ok			-114.47763470971348	LYS:463	LYS	CE	4.175293234577865	0.0	1.0	THR:466	THR	OG1	4.302518641999048	HOH:792	O	3.4277581752234703	1.0	21.0	water_mediated_like			intermediate				0.0	0.0		unmodified
P08149	6P55	A	465	SER_single	1	1	1.74	SER	177		1	237-283,298-574	237-283,298-574	SER	/mnt/c/Users/drpat/OneDrive - UGent/Desktop/PD/Phospho-fill/Validation-allPDB/pdb_cache/6p55.cif	SER	SER	OG	CB	ok			-120.70005075161485	LYS:463	LYS	CE	4.5682689857271095	0.0	2.0	THR:466	THR	OG1	4.247918489491124	HOH:893	O	3.2109234784186325	2.0	22.0	water_mediated_like			exposed				0.0	0.0		unmodified
P08149	6P56	B	465	SER_single	1	1	1.92	SER	178		1	237-283,298-503,514-574	237-283,298-503,514-574	SER	/mnt/c/Users/drpat/OneDrive - UGent/Desktop/PD/Phospho-fill/Validation-allPDB/pdb_cache/6p56.cif	SER	SER	OG	CB	ok			-118.61703911835383	LYS:463	LYS	CE	5.951282450727346	0.0	1.0	GLU:469	GLU	OE2	3.9018871424166734	HOH:627	O	2.7326911883676273	1.0	22.0	water_mediated_like			intermediate				0.0	0.0		unmodified
P11309	6PCW	A	261	SER_only_multi_2	2	2	2.2	SER	333		2	32-82,84-305	32-82,84-305	SER,SER	/mnt/c/Users/drpat/OneDrive - UGent/Desktop/PD/Phospho-fill/Validation-allPDB/pdb_cache/6pcw.cif	SER	SER	OG	CB	ok			114.66223358562766					0.0	0.0	GLN:264	GLN	NE2	6.053759516476368	HOH:646	O	3.2408139473268776	1.0	8.0	water_mediated_like			intermediate				0.0	0.0		unmodified
P11309	6PCW	A	276	SER_only_multi_2	2	2	2.2	SER	333		2	32-82,84-305	32-82,84-305	SER,SER	/mnt/c/Users/drpat/OneDrive - UGent/Desktop/PD/Phospho-fill/Validation-allPDB/pdb_cache/6pcw.cif	SER	SER	OG	CB	ok			-123.10503921599849	ARG:274	ARG	NH1	3.3981980869468282	1.0	1.0	ARG:274	ARG	NH1	3.3981980869468282	HOH:621	O	7.048585361677233	0.0	23.0	salt_bridge_like			intermediate				0.0	0.0		unmodified
P11309	6PDI	A	261	SER_only_multi_2	2	2	1.85	SER	334		2	32-305	32-305	SER,SER	/mnt/c/Users/drpat/OneDrive - UGent/Desktop/PD/Phospho-fill/Validation-allPDB/pdb_cache/6pdi.cif	SER	SER	OG	CB	ok			112.91997675459822	ARG:258	ARG	NH2	5.851071686634402	0.0	1.0	GLN:264	GLN	OE1	5.779607785997483	HOH:697	O	3.495617785407167	1.0	11.0	water_mediated_like			intermediate				0.0	0.0		unmodified
P11309	6PDI	A	276	SER_only_multi_2	2	2	1.85	SER	334		2	32-305	32-305	SER,SER	/mnt/c/Users/drpat/OneDrive - UGent/Desktop/PD/Phospho-fill/Validation-allPDB/pdb_cache/6pdi.cif	SER	SER	OG	CB	ok			-113.8596108687373	ARG:274	ARG	NH1	2.8782482301135026	1.0	1.0	ARG:274	ARG	NH1	2.8782482301135026	HOH:713	O	3.119798359446435	1.0	23.0	salt_bridge_like			intermediate				0.0	0.0		unmodified
P11309	6PDN	A	276	SER_single	1	1	2.4	SER	335		2	32-46,51-305	32-46,51-305	SER	/mnt/c/Users/drpat/OneDrive - UGent/Desktop/PD/Phospho-fill/Validation-allPDB/pdb_cache/6pdn.cif	SER	SER	OG	CB	ok			-118.53050691946166					0.0	0.0	ASP:277	ASP	OD1	4.512936740399052	HOH:1005	O	6.887462466047994	0.0	18.0	none_obvious			intermediate	SEP:261	SEP	26.71743331843925	0.0	0.0		unmodified
P11309	6PDO	A	261	SER_only_multi_2	2	2	2.4	SER	336		2	35-46,51-305	35-46,51-305	SER,SER	/mnt/c/Users/drpat/OneDrive - UGent/Desktop/PD/Phospho-fill/Validation-allPDB/pdb_cache/6pdo.cif	SER	SER	OG	CB	ok			117.95372983313048	ARG:258	ARG	NH2	6.125213678920587	0.0	0.0	GLU:262	GLU	OE2	4.60716399412661	HOH:639	O	3.2392091433448846	1.0	12.0	water_mediated_like			intermediate				0.0	0.0		unmodified
P11309	6PDO	A	276	SER_only_multi_2	2	2	2.4	SER	336		2	35-46,51-305	35-46,51-305	SER,SER	/mnt/c/Users/drpat/OneDrive - UGent/Desktop/PD/Phospho-fill/Validation-allPDB/pdb_cache/6pdo.cif	SER	SER	OG	CB	ok			-117.22803411969466	ARG:274	ARG	NH2	3.699676158563825	1.0	1.0	ARG:274	ARG	NH2	3.699676158563825	HOH:638	O	3.0917291478836098	1.0	24.0	water_mediated_like			buried				0.0	0.0		unmodified
P11309	6PDP	A	261	SER_only_multi_2	2	2	2.5	SER	337		2	36-44,47-305	36-44,47-305	SER,SER	/mnt/c/Users/drpat/OneDrive - UGent/Desktop/PD/Phospho-fill/Validation-allPDB/pdb_cache/6pdp.cif	SER	SER	OG	CB	ok			122.14067761113675	ARG:258	ARG	NH2	5.41476935799224	0.0	1.0	GLU:262	GLU	OE2	5.045489727945887	HOH:604	O	7.977288511811582	0.0	11.0	none_obvious			intermediate				0.0	0.0		unmodified
P11309	6PDP	A	276	SER_only_multi_2	2	2	2.5	SER	337		2	36-44,47-305	36-44,47-305	SER,SER	/mnt/c/Users/drpat/OneDrive - UGent/Desktop/PD/Phospho-fill/Validation-allPDB/pdb_cache/6pdp.cif	SER	SER	OG	CB	ok			-95.41867131895519	ARG:274	ARG	NH1	5.544439431886244	0.0	1.0	ASP:277	ASP	OD1	3.8475977219501556				0.0	22.0	none_obvious			intermediate				0.0	0.0		unmodified
P42336	6PYS	A	158	SER_only_multi_2	2	2	2.19	SER	466		3	107-199,203-232,246-309,322-347,351-409,417-863,873-940,949-1051	107-199,203-232,246-309,322-347,351-409,417-863,873-940,949-1051	SER,SER	/mnt/c/Users/drpat/OneDrive - UGent/Desktop/PD/Phospho-fill/Validation-allPDB/pdb_cache/6pys.cif	SER	SER	OG	CB	ok			-0.24813303081192353	ARG:162	ARG	NH1	3.5311896842930137	1.0	1.0	ARG:162	ARG	NH1	3.5311896842930137				0.0	23.0	none_obvious			intermediate				0.0	0.0		unmodified
P42336	6PYS	A	790	SER_only_multi_2	2	2	2.19	SER	466		3	107-199,203-232,246-309,322-347,351-409,417-863,873-940,949-1051	107-199,203-232,246-309,322-347,351-409,417-863,873-940,949-1051	SER,SER	/mnt/c/Users/drpat/OneDrive - UGent/Desktop/PD/Phospho-fill/Validation-allPDB/pdb_cache/6pys.cif	SER	SER	OG	CB	ok			-123.21563553599582	LYS:204	LYS	NZ	6.736399796689444	0.0	0.0	GLU:791	GLU	OE1	3.9412467188537676	HOH:1213	O	2.7076511230901548	1.0	44.0	water_mediated_like			buried				0.0	0.0		unmodified
P62992	6Q01	A	65	SER_single	1	1	0.851	SER	548		1	1-76	1-76	SER	/mnt/c/Users/drpat/OneDrive - UGent/Desktop/PD/Phospho-fill/Validation-allPDB/pdb_cache/6q01.cif	SER	SER	OG	CB	ok			111.1909939181935					0.0	0.0	THR:66	THR	OG1	7.055073468608652	HOH:285	O	2.849575677160738	3.0	36.0	water_mediated_like			exposed				0.0	0.0		unmodified
P49759	6Q8K	A	341	SER_mixed_with_THR	1	2	2.29	SER	490		2	148-484	148-484	SER	/mnt/c/Users/drpat/OneDrive - UGent/Desktop/PD/Phospho-fill/Validation-allPDB/pdb_cache/6q8k.cif	SER	SER	OG	CB	ok			129.47224332717758	ARG:346	ARG	NE	5.1495161227136865	0.0	1.0	SER:364	SER	OG	4.214711170191683	HOH:679	O	2.911701672817622	1.0	44.0	water_mediated_like			buried				0.0	0.0		unmodified
A0A0K8P8E7	6QG9	G	225	SER_single	1	1	2.05	SER	1		1	39-55,59-603	39-55,59-603	SER	/mnt/c/Users/drpat/OneDrive - UGent/Desktop/PD/Phospho-fill/Validation-allPDB/pdb_cache/6qg9.cif	SER	SER	OG	CB	ok			9.905205749082164	HIS:528	HIS	NE2	2.697487948659548	1.0	1.0	HIS:528	HIS	NE2	2.697487948659548	HOH:895	O	2.675603994893351	1.0	31.0	salt_bridge_like			buried				0.0	0.0		unmodified
A0A0K8P8E7	6QGA	D	225	SER_single	1	1	2.1	SER	2		1	43-56,59-603	43-56,59-603	SER	/mnt/c/Users/drpat/OneDrive - UGent/Desktop/PD/Phospho-fill/Validation-allPDB/pdb_cache/6qga.cif	SER	SER	OG	CB	ok			21.333667563290014	HIS:528	HIS	NE2	2.6263975849976786	1.0	1.0	HIS:528	HIS	NE2	2.6263975849976786	HOH:801	O	5.653283954134401	0.0	43.0	salt_bridge_like			buried				0.0	0.0		unmodified
A0A0K8P8E7	6QGB	B	225	SER_single	1	1	2.2	SER	3		1	43-56,59-603	43-56,59-603	SER	/mnt/c/Users/drpat/OneDrive - UGent/Desktop/PD/Phospho-fill/Validation-allPDB/pdb_cache/6qgb.cif	SER	SER	OG	CB	ok			1.374166965852629	HIS:528	HIS	NE2	2.614066384746071	1.0	1.0	HIS:528	HIS	NE2	2.614066384746071	HOH:950	O	2.6201039335884224	1.0	35.0	salt_bridge_like			buried				0.0	0.0		unmodified
P49759	6QTY	A	341	SER_mixed_with_THR	1	2	1.65	SER	491		2	149-481	149-481	SER	/mnt/c/Users/drpat/OneDrive - UGent/Desktop/PD/Phospho-fill/Validation-allPDB/pdb_cache/6qty.cif	SER	SER	OG	CB	ok			137.10191263866832	ARG:346	ARG	NE	5.382126251882129	0.0	1.0	SER:364	SER	OG	4.148035489542137	HOH:712	O	2.8178134983234835	1.0	43.0	water_mediated_like			buried				0.0	0.0		unmodified
P68400	6QY7	A	2	SER_single	1	1	2.1	SER	600		1	2-335	2-335	SER	/mnt/c/Users/drpat/OneDrive - UGent/Desktop/PD/Phospho-fill/Validation-allPDB/pdb_cache/6qy7.cif	SER	SER	OG	CB	ok			-104.31373087176559					0.0	0.0	ASN:262	ASN	ND2	4.208710014217607				0.0	7.0	none_obvious			intermediate				0.0	0.0		unmodified
A0A0K8P8E7	6QZ1	A	225	SER_single	1	1	1.7	SER	4		1	40-55,61-603	40-55,61-603	SER	/mnt/c/Users/drpat/OneDrive - UGent/Desktop/PD/Phospho-fill/Validation-allPDB/pdb_cache/6qz1.cif	SER	SER	OG	CB	ok			16.655144096821157	HIS:528	HIS	NE2	2.6787220553226585	1.0	1.0	HIS:528	HIS	NE2	2.6787220553226585	HOH:1086	O	5.314004399983974	0.0	37.0	salt_bridge_like			buried				0.0	0.0		unmodified
A0A0K8P8E7	6QZ2	A	225	SER_single	1	1	1.9	SER	5		1	42-603	42-603	SER	/mnt/c/Users/drpat/OneDrive - UGent/Desktop/PD/Phospho-fill/Validation-allPDB/pdb_cache/6qz2.cif	SER	SER	OG	CB	ok			13.922725754551932	HIS:528	HIS	NE2	2.7011648051443147	1.0	1.0	HIS:528	HIS	NE2	2.7011648051443147	HOH:951	O	2.581419194811672	2.0	31.0	salt_bridge_like			exposed				0.0	0.0		unmodified
A0A0K8P8E7	6QZ3	A	225	SER_single	1	1	1.6	SER	6		1	40-55,62-603	40-55,62-603	SER	/mnt/c/Users/drpat/OneDrive - UGent/Desktop/PD/Phospho-fill/Validation-allPDB/pdb_cache/6qz3.cif	SER	SER	OG	CB	ok			10.830979625150658	HIS:528	HIS	NE2	2.612146300326912	1.0	1.0	HIS:528	HIS	NE2	2.612146300326912	HOH:1069	O	2.8143770216289012	1.0	36.0	salt_bridge_like			buried				0.0	0.0		unmodified
A0A0K8P8E7	6QZ4	A	225	SER_single	1	1	1.8	SER	7		1	36-603	36-603	SER	/mnt/c/Users/drpat/OneDrive - UGent/Desktop/PD/Phospho-fill/Validation-allPDB/pdb_cache/6qz4.cif	SER	SER	OG	CB	ok			15.303443982897182	HIS:528	HIS	NE2	2.874754482171388	1.0	1.0	HIS:528	HIS	NE2	2.874754482171388	HOH:915	O	4.105618665637177	0.0	36.0	salt_bridge_like			buried				0.0	0.0		unmodified
P49759	6R3D	A	341	SER_mixed_with_THR	1	2	1.85	SER	492		2	152-481	152-481	SER	/mnt/c/Users/drpat/OneDrive - UGent/Desktop/PD/Phospho-fill/Validation-allPDB/pdb_cache/6r3d.cif	SER	SER	OG	CB	ok			127.40379896443855	ARG:346	ARG	NE	5.551834919061523	0.0	1.0	SER:364	SER	OG	4.044239813979415	HOH:1034	O	2.7181159942673006	2.0	45.0	water_mediated_like			exposed				0.0	0.0		unmodified
P49759	6R6E	A	341	SER_mixed_with_THR	1	2	2.25	SER	493		2	153-308,311-481	153-308,311-481	SER	/mnt/c/Users/drpat/OneDrive - UGent/Desktop/PD/Phospho-fill/Validation-allPDB/pdb_cache/6r6e.cif	SER	SER	OG	CB	ok			132.88594551648924	ARG:346	ARG	NE	5.329118357991606	0.0	1.0	SER:364	SER	OG	4.009431821328496	HOH:1023	O	2.839890818496729	1.0	46.0	water_mediated_like			buried				0.0	0.0		unmodified
P49759	6R6X	A	341	SER_mixed_with_THR	1	2	2.05	SER	494		2	152-481	152-481	SER	/mnt/c/Users/drpat/OneDrive - UGent/Desktop/PD/Phospho-fill/Validation-allPDB/pdb_cache/6r6x.cif	SER	SER	OG	CB	ok			127.53172899416417	ARG:346	ARG	NE	5.320679338650545	0.0	1.0	SER:364	SER	OG	4.124568685001573	HOH:1052	O	2.815403523487506	2.0	47.0	water_mediated_like			exposed				0.0	0.0		unmodified
P49759	6R8J	A	341	SER_mixed_with_THR	1	2	1.75	SER	495		2	152-481	152-481	SER	/mnt/c/Users/drpat/OneDrive - UGent/Desktop/PD/Phospho-fill/Validation-allPDB/pdb_cache/6r8j.cif	SER	SER	OG	CB	ok			129.05119266867217	ARG:346	ARG	NE	5.454993195437405	0.0	1.0	SER:364	SER	OG	4.124561803814635	HOH:658	O	2.74151219500987	1.0	45.0	water_mediated_like			buried				0.0	0.0		unmodified
P49759	6RAA	A	341	SER_mixed_with_THR	1	2	2.1	SER	496		2	148-481	148-481	SER	/mnt/c/Users/drpat/OneDrive - UGent/Desktop/PD/Phospho-fill/Validation-allPDB/pdb_cache/6raa.cif	SER	SER	OG	CB	ok			142.32626179209922	ARG:346	ARG	NE	5.271019785942085	0.0	1.0	SER:364	SER	OG	4.331923105734362	HOH:729	O	2.930648223947155	1.0	43.0	water_mediated_like			buried				0.0	0.0		unmodified
P68400	6RB1	A	2	SER_single	1	1	1.5	SER	601		1	2-330	2-330	SER	/mnt/c/Users/drpat/OneDrive - UGent/Desktop/PD/Phospho-fill/Validation-allPDB/pdb_cache/6rb1.cif	SER	SER	OG	CB	ok			-117.72157494217991					0.0	0.0					HOH:720	O	5.732121000286388	0.0	4.0	none_obvious			intermediate				0.0	0.0		unmodified
Q9NWZ3	6RFI	A	284	SER_mixed_with_THR	1	2	2.31	SER	974		4	165-184,189-195,198-215,224-335,341-458	165-184,189-195,198-215,224-335,341-458	SER	/mnt/c/Users/drpat/OneDrive - UGent/Desktop/PD/Phospho-fill/Validation-allPDB/pdb_cache/6rfi.cif	SER	SER	OG	CB	ok			-112.92375507658603	HIS:286	HIS	CD2	4.795826498891165	0.0	1.0	ASP:420	ASP	OD2	3.58592005377279	HOH:618	O	2.763234286356354	2.0	28.0	water_mediated_like			exposed	TPO:345	TPO	40.46360830949988	0.0	0.0		unmodified
P61006	6RIR	B	111	SER_single	1	1	1.767	SER	515		2	2-176	2-176	SER	/mnt/c/Users/drpat/OneDrive - UGent/Desktop/PD/Phospho-fill/Validation-allPDB/pdb_cache/6rir.cif	SER	SER	OG	CB	ok			122.63432472397814	ARG:79	ARG	NH1	5.201989758602185	0.0	1.0	ASP:113	ASP	OD1	4.6698930961356595	HOH:1057	O	3.436949751850299	1.0	28.0	water_mediated_like			buried	TPO:72	TPO	20.191165762120754	0.0	0.0		unmodified
Q13627	6S11	A	301	SER_single	1	1	2.445	SER	830		2	134-408,412-480	134-408,412-480	SER	/mnt/c/Users/drpat/OneDrive - UGent/Desktop/PD/Phospho-fill/Validation-allPDB/pdb_cache/6s11.cif	SER	SER	OG	CB	ok			-115.1916271166982	LYS:264	LYS	CE	4.64278627018971	0.0	1.0	GLN:268	GLN	NE2	4.558095651350412	HOH:730	O	2.9635475428550837	2.0	19.0	water_mediated_like			exposed	PTR:321	PTR	37.26546171780054	0.0	0.0		unmodified
Q13627	6S14	A	301	SER_single	1	1	1.05	SER	831		2	135-407,415-481	135-407,415-481	SER	/mnt/c/Users/drpat/OneDrive - UGent/Desktop/PD/Phospho-fill/Validation-allPDB/pdb_cache/6s14.cif	SER	SER	OG	CB	ok			-112.37308217794484	LYS:264	LYS	NZ	4.645550778876153	0.0	1.0	GLN:268	GLN	NE2	4.518751055495814	HOH:621	O	2.5926988676483256	3.0	26.0	water_mediated_like			exposed	PTR:321	PTR	40.629252293475474	0.0	0.0		unmodified
Q13627	6S17	A	301	SER_single	1	1	1.1	SER	832		2	134-407,414-482	134-407,414-482	SER	/mnt/c/Users/drpat/OneDrive - UGent/Desktop/PD/Phospho-fill/Validation-allPDB/pdb_cache/6s17.cif	SER	SER	OG	CB	ok			-112.47980520553674	LYS:264	LYS	CE	4.568741777349763	0.0	1.0	GLN:268	GLN	NE2	4.4913010020586075	HOH:803	O	3.7439565641637773	1.0	26.0	none_obvious			buried	PTR:321	PTR	40.73948131738725	0.0	0.0		unmodified
Q13627	6S1B	A	301	SER_single	1	1	1.3	SER	833		2	135-397,400-407,415-481	135-397,400-407,415-481	SER	/mnt/c/Users/drpat/OneDrive - UGent/Desktop/PD/Phospho-fill/Validation-allPDB/pdb_cache/6s1b.cif	SER	SER	OG	CB	ok			-110.70439755259383	LYS:264	LYS	CE	4.635684914653018	0.0	1.0	GLN:268	GLN	NE2	4.510043474026354	HOH:638	O	2.6468587051474284	3.0	26.0	water_mediated_like			exposed	PTR:321	PTR	40.81178929374752	0.0	0.0		unmodified
Q13627	6S1H	A	301	SER_single	1	1	1.05	SER	834		2	135-407,414-480	135-407,414-480	SER	/mnt/c/Users/drpat/OneDrive - UGent/Desktop/PD/Phospho-fill/Validation-allPDB/pdb_cache/6s1h.cif	SER	SER	OG	CB	ok			-114.68675128234139	LYS:264	LYS	CE	4.57183042812413	0.0	2.0	GLN:268	GLN	NE2	4.473648756419715	HOH:644	O	2.6381970537564214	3.0	28.0	water_mediated_like			exposed	PTR:321	PTR	40.30273651270963	0.0	0.0		unmodified
Q13627	6S1I	A	301	SER_single	1	1	2.38	SER	835		2	135-481	135-481	SER	/mnt/c/Users/drpat/OneDrive - UGent/Desktop/PD/Phospho-fill/Validation-allPDB/pdb_cache/6s1i.cif	SER	SER	OG	CB	ok			-109.03539617010989	LYS:264	LYS	CE	5.065875659882648	0.0	1.0	GLN:268	GLN	NE2	4.617302232226416	HOH:782	O	3.266694099130993	1.0	20.0	water_mediated_like			intermediate	PTR:321	PTR	32.13438837084875	0.0	0.0		unmodified
Q13627	6S1J	A	301	SER_single	1	1	1.408	SER	836		2	134-407,414-480	134-407,414-480	SER	/mnt/c/Users/drpat/OneDrive - UGent/Desktop/PD/Phospho-fill/Validation-allPDB/pdb_cache/6s1j.cif	SER	SER	OG	CB	ok			-111.54789294076315	LYS:264	LYS	CE	4.563556438081453	0.0	2.0	GLN:268	GLN	NE2	4.414289106552046	HOH:607	O	2.412184768341129	3.0	28.0	water_mediated_like			exposed	PTR:321	PTR	40.22363217747835	0.0	0.0		unmodified
P68400	6SPX	A	2	SER_single	1	1	1.994	SER	602		1	2-330	2-330	SER	/mnt/c/Users/drpat/OneDrive - UGent/Desktop/PD/Phospho-fill/Validation-allPDB/pdb_cache/6spx.cif	SER	SER	OG	CB	ok			-3.929851565566928					0.0	0.0	ASN:262	ASN	ND2	7.859660885005726	HOH:588	O	6.528882026906828	0.0	4.0	none_obvious			intermediate				0.0	0.0		unmodified
P61006	6SQ2	A	111	SER_mixed_with_GLU	1	2	1.684	SER	516		2	2-177	2-177	SER	/mnt/c/Users/drpat/OneDrive - UGent/Desktop/PD/Phospho-fill/Validation-allPDB/pdb_cache/6sq2.cif	SER	SER	OG	CB	ok			111.66243474148284	ARG:79	ARG	NH1	4.199387265884827	0.0	1.0	ARG:79	ARG	NH1	4.199387265884827	HOH:1092	O	3.275363721225747	2.0	28.0	water_mediated_like			exposed				0.0	0.0		unmodified
P68400	6TEI	B	2	SER_single	1	1	1.756	SER	603		1	2-333	2-333	SER	/mnt/c/Users/drpat/OneDrive - UGent/Desktop/PD/Phospho-fill/Validation-allPDB/pdb_cache/6tei.cif	SER	SER	OG	CB	ok			3.3715884659872097					0.0	0.0	ASN:262	ASN	ND2	4.155032349322442				0.0	9.0	none_obvious			intermediate				0.0	0.0		unmodified
Q9NWZ3	6THW	B	284	SER_single	1	1	2.44	SER	976		4	164-216,220-336,348-458	164-216,220-336,348-458	SER	/mnt/c/Users/drpat/OneDrive - UGent/Desktop/PD/Phospho-fill/Validation-allPDB/pdb_cache/6thw.cif	SER	SER	OG	CB	ok			-112.17365848945651	HIS:286	HIS	CD2	4.7964397561553245	0.0	1.0	ASP:420	ASP	OD2	3.8796222048832587	HOH:659	O	4.153945502554785	0.0	27.0	none_obvious			buried				0.0	0.0		unmodified
Q9NWZ3	6THX	B	284	SER_mixed_with_THR	1	2	1.99	SER	977		4	164-215,223-336,342-458	164-215,223-336,342-458	SER	/mnt/c/Users/drpat/OneDrive - UGent/Desktop/PD/Phospho-fill/Validation-allPDB/pdb_cache/6thx.cif	SER	SER	OG	CB	ok			-105.12577202866376	HIS:286	HIS	CD2	4.89232530354934	0.0	1.0	ASP:420	ASP	OD2	3.6735630354088515	HOH:665	O	3.7147486794886886	1.0	27.0	none_obvious			buried	TPO:345	TPO	40.29489202724889	0.0	0.0		unmodified
Q9NWZ3	6THZ	B	284	SER_mixed_with_THR	1	2	2.38	SER	978		4	164-215,223-336,342-458	164-215,223-336,342-458	SER	/mnt/c/Users/drpat/OneDrive - UGent/Desktop/PD/Phospho-fill/Validation-allPDB/pdb_cache/6thz.cif	SER	SER	OG	CB	ok			-117.69307141147598	HIS:286	HIS	CD2	4.842914645968567	0.0	1.0	ASP:420	ASP	OD2	3.7969004748944912	HOH:641	O	3.5692491818352847	1.0	28.0	none_obvious			buried	TPO:345	TPO	40.598146005981	0.0	0.0		unmodified
Q9NWZ3	6TI8	C	284	SER_single	1	1	2.32	SER	979		4	164-216,221-335,343-459	164-216,221-335,343-459	SER	/mnt/c/Users/drpat/OneDrive - UGent/Desktop/PD/Phospho-fill/Validation-allPDB/pdb_cache/6ti8.cif	SER	SER	OG	CB	ok			-112.18271109422457	HIS:286	HIS	CD2	4.7782596527695524	0.0	1.0	ASP:420	ASP	OD2	3.7197512943717768	HOH:657	O	3.0986097897822975	1.0	28.0	water_mediated_like			buried	TPO:345	TPO	40.73574097981538	0.0	0.0		unmodified
P68400	6TLL	A	2	SER_single	1	1	1.88	SER	604		1	2-334	2-334	SER	/mnt/c/Users/drpat/OneDrive - UGent/Desktop/PD/Phospho-fill/Validation-allPDB/pdb_cache/6tll.cif	SER	SER	OG	CB	ok			-109.71167517680855					0.0	0.0	ASN:262	ASN	ND2	4.286040114243095	HOH:564	O	2.781378834829949	1.0	7.0	water_mediated_like			intermediate				0.0	0.0		unmodified
P68400	6TLO	A	2	SER_single	1	1	1.69	SER	605		1	2-334	2-334	SER	/mnt/c/Users/drpat/OneDrive - UGent/Desktop/PD/Phospho-fill/Validation-allPDB/pdb_cache/6tlo.cif	SER	SER	OG	CB	ok			104.78812256976161					0.0	0.0	ASN:262	ASN	ND2	5.457313117407314	HOH:632	O	3.686828049437259	1.0	4.0	none_obvious			intermediate				0.0	0.0		unmodified
P68400	6TLP	A	2	SER_single	1	1	1.93	SER	606		1	2-334	2-334	SER	/mnt/c/Users/drpat/OneDrive - UGent/Desktop/PD/Phospho-fill/Validation-allPDB/pdb_cache/6tlp.cif	SER	SER	OG	CB	ok			-4.179038688069641					0.0	0.0	ASN:262	ASN	ND2	4.7620690503615695	HOH:607	O	3.4499983300690467	1.0	7.0	water_mediated_like			intermediate				0.0	0.0		unmodified
P68400	6TLR	A	2	SER_single	1	1	1.64	SER	607		1	2-334	2-334	SER	/mnt/c/Users/drpat/OneDrive - UGent/Desktop/PD/Phospho-fill/Validation-allPDB/pdb_cache/6tlr.cif	SER	SER	OG	CB	ok			16.90317934001802					0.0	0.0	ASN:262	ASN	ND2	4.780456227630737	HOH:524	O	3.1965613367792374	2.0	6.0	water_mediated_like			exposed				0.0	0.0		unmodified
P68400	6TLS	A	2	SER_single	1	1	1.46	SER	608		1	2-334	2-334	SER	/mnt/c/Users/drpat/OneDrive - UGent/Desktop/PD/Phospho-fill/Validation-allPDB/pdb_cache/6tls.cif	SER	SER	OG	CB	ok			7.267563304446602					0.0	0.0	ASN:262	ASN	ND2	4.666918543296722	HOH:550	O	3.0746566875299757	1.0	7.0	water_mediated_like			intermediate				0.0	0.0		unmodified
P68400	6TLV	A	2	SER_single	1	1	1.67	SER	609		1	2-334	2-334	SER	/mnt/c/Users/drpat/OneDrive - UGent/Desktop/PD/Phospho-fill/Validation-allPDB/pdb_cache/6tlv.cif	SER	SER	OG	CB	ok			14.947685377879461					0.0	0.0	ASN:262	ASN	ND2	4.842869581178541	HOH:546	O	2.8890391368387585	2.0	6.0	water_mediated_like			exposed				0.0	0.0		unmodified
P68400	6TLW	A	2	SER_single	1	1	1.73	SER	610		1	2-334	2-334	SER	/mnt/c/Users/drpat/OneDrive - UGent/Desktop/PD/Phospho-fill/Validation-allPDB/pdb_cache/6tlw.cif	SER	SER	OG	CB	ok			-101.23284739272779					0.0	0.0	ASN:262	ASN	ND2	4.3457868581936285	HOH:564	O	2.669909453899149	1.0	7.0	water_mediated_like			intermediate				0.0	0.0		unmodified
P36871	6UIQ	A	117	SER_single	1	1	2.3	SER	454		1	1-562	1-562	SER	/mnt/c/Users/drpat/OneDrive - UGent/Desktop/PD/Phospho-fill/Validation-allPDB/pdb_cache/6uiq.cif	SER	SER	OG	CB	ok			-13.402131547805608	HIS:118	HIS	ND1	2.8291784882262516	1.0	2.0	HIS:118	HIS	ND1	2.8291784882262516	HOH:737	O	2.81521704349748	2.0	37.0	salt_bridge_like			exposed				0.0	0.0		unmodified
O75531	6UNT	A	4	SER_mixed_with_THR	1	2	1.75	SER	65		2	1-89	1-89	SER	/mnt/c/Users/drpat/OneDrive - UGent/Desktop/PD/Phospho-fill/Validation-allPDB/pdb_cache/6unt.cif	SER	SER	OG	CB	ok			-122.24327029728686	HIS:7	HIS	ND1	5.5046983967941125	0.0	1.0	HIS:7	HIS	ND1	5.5046983967941125	HOH:256	O	3.33035146639585	3.0	31.0	water_mediated_like			exposed				0.0	0.0		unmodified
P36871	6UO6	A	117	SER_single	1	1	2.15	SER	455		1	1-505,510-562	1-505,510-562	SER	/mnt/c/Users/drpat/OneDrive - UGent/Desktop/PD/Phospho-fill/Validation-allPDB/pdb_cache/6uo6.cif	SER	SER	OG	CB	ok			-20.932085522184117	HIS:118	HIS	ND1	3.0106152271115776	1.0	2.0	HIS:118	HIS	ND1	3.0106152271115776	HOH:986	O	3.1478074382834795	2.0	35.0	salt_bridge_like			exposed				0.0	0.0		unmodified
O75460	6URC	A	724	SER_only_multi_3	3	3	2.2	SER	58		3	560-886,891-963	560-886,891-963	SER,SER,SER	/mnt/c/Users/drpat/OneDrive - UGent/Desktop/PD/Phospho-fill/Validation-allPDB/pdb_cache/6urc.cif	SER	SER	OG	CB	ok			-107.81654373548216	ARG:722	ARG	NE	6.518132031585995	0.0	0.0	ASN:750	ASN	ND2	3.2351942083685814	HOH:1175	O	4.2265004670384485	0.0	26.0	hbond_like			buried				0.0	0.0		unmodified
O75460	6URC	A	726	SER_only_multi_3	3	3	2.2	SER	58		3	560-886,891-963	560-886,891-963	SER,SER,SER	/mnt/c/Users/drpat/OneDrive - UGent/Desktop/PD/Phospho-fill/Validation-allPDB/pdb_cache/6urc.cif	SER	SER	OG	CB	ok			-126.72004216181682	ARG:728	ARG	NE	5.854384091704367	0.0	1.0	ASN:750	ASN	OD1	4.81067748570757	HOH:1161	O	4.097582315091402	0.0	14.0	none_obvious			intermediate				0.0	0.0		unmodified
O75460	6URC	A	729	SER_only_multi_3	3	3	2.2	SER	58		3	560-886,891-963	560-886,891-963	SER,SER,SER	/mnt/c/Users/drpat/OneDrive - UGent/Desktop/PD/Phospho-fill/Validation-allPDB/pdb_cache/6urc.cif	SER	SER	OG	CB	ok			-123.19991161388599	ARG:728	ARG	NH1	6.901389567498364	0.0	0.0	ARG:728	ARG	NH1	6.901389567498364	HOH:1334	O	5.5718661605799396	0.0	7.0	none_obvious			intermediate				0.0	0.0		unmodified
O75531	6URE	A	4	SER_mixed_with_THR	1	2	1.653	SER	66		2	1-89	1-89	SER	/mnt/c/Users/drpat/OneDrive - UGent/Desktop/PD/Phospho-fill/Validation-allPDB/pdb_cache/6ure.cif	SER	SER	OG	CB	ok			-116.46497165371603	HIS:7	HIS	ND1	5.477066674221395	0.0	1.0	HIS:7	HIS	ND1	5.477066674221395	HOH:258	O	3.183729611912542	1.0	31.0	water_mediated_like			buried				0.0	0.0		unmodified
O75531	6URJ	A	4	SER_mixed_with_THR	1	2	1.653	SER	67		2	1-89	1-89	SER	/mnt/c/Users/drpat/OneDrive - UGent/Desktop/PD/Phospho-fill/Validation-allPDB/pdb_cache/6urj.cif	SER	SER	OG	CB	ok			-139.6728734122338	HIS:7	HIS	ND1	5.091337354516556	0.0	1.0	HIS:7	HIS	ND1	5.091337354516556	HOH:248	O	2.9039901676550346	3.0	32.0	water_mediated_like			exposed				0.0	0.0		unmodified
O75531	6URK	A	4	SER_mixed_with_THR	1	2	1.86	SER	68		2	1-89	1-89	SER	/mnt/c/Users/drpat/OneDrive - UGent/Desktop/PD/Phospho-fill/Validation-allPDB/pdb_cache/6urk.cif	SER	SER	OG	CB	ok			-106.72155669731191	HIS:7	HIS	ND1	5.691778592966661	0.0	1.0	HIS:7	HIS	ND1	5.691778592966661	HOH:251	O	3.270768919244715	2.0	27.0	water_mediated_like			exposed				0.0	0.0		unmodified
O75531	6URL	A	4	SER_mixed_with_THR	1	2	1.72	SER	69		2	1-89	1-89	SER	/mnt/c/Users/drpat/OneDrive - UGent/Desktop/PD/Phospho-fill/Validation-allPDB/pdb_cache/6url.cif	SER	SER	OG	CB	ok			-118.20572299988267	HIS:7	HIS	ND1	5.461405100200509	0.0	1.0	HIS:7	HIS	ND1	5.461405100200509	HOH:242	O	3.0532651169634826	2.0	31.0	water_mediated_like			exposed				0.0	0.0		unmodified
O75531	6URN	A	4	SER_mixed_with_THR	1	2	1.68	SER	70		2	1-89	1-89	SER	/mnt/c/Users/drpat/OneDrive - UGent/Desktop/PD/Phospho-fill/Validation-allPDB/pdb_cache/6urn.cif	SER	SER	OG	CB	ok			-113.5529722524026	HIS:7	HIS	ND1	5.484957738616605	0.0	1.0	HIS:7	HIS	ND1	5.484957738616605	HOH:251	O	3.072942251070677	2.0	29.0	water_mediated_like			exposed				0.0	0.0		unmodified
O75531	6URR	A	4	SER_mixed_with_THR	1	2	1.8	SER	71		2	1-89	1-89	SER	/mnt/c/Users/drpat/OneDrive - UGent/Desktop/PD/Phospho-fill/Validation-allPDB/pdb_cache/6urr.cif	SER	SER	OG	CB	ok			-112.83850025124067	HIS:7	HIS	ND1	5.588057588650541	0.0	1.0	HIS:7	HIS	ND1	5.588057588650541	HOH:238	O	3.0471340446835113	2.0	32.0	water_mediated_like			exposed				0.0	0.0		unmodified
O75531	6URZ	A	4	SER_mixed_with_THR	1	2	1.653	SER	72		2	1-89	1-89	SER	/mnt/c/Users/drpat/OneDrive - UGent/Desktop/PD/Phospho-fill/Validation-allPDB/pdb_cache/6urz.cif	SER	SER	OG	CB	ok			-113.96125986134274	HIS:7	HIS	ND1	5.6221239734919095	0.0	1.0	HIS:7	HIS	ND1	5.6221239734919095	HOH:211	O	2.627568197914081	3.0	27.0	water_mediated_like			exposed				0.0	0.0		unmodified
O75531	6US0	A	4	SER_mixed_with_THR	1	2	1.653	SER	73		2	1-89	1-89	SER	/mnt/c/Users/drpat/OneDrive - UGent/Desktop/PD/Phospho-fill/Validation-allPDB/pdb_cache/6us0.cif	SER	SER	OG	CB	ok			-115.82143896545202	HIS:7	HIS	ND1	5.520864837733534	0.0	1.0	HIS:7	HIS	ND1	5.520864837733534	HOH:262	O	3.1416686060660535	2.0	28.0	water_mediated_like			exposed				0.0	0.0		unmodified
O75531	6US1	A	4	SER_mixed_with_THR	1	2	1.653	SER	74		2	1-89	1-89	SER	/mnt/c/Users/drpat/OneDrive - UGent/Desktop/PD/Phospho-fill/Validation-allPDB/pdb_cache/6us1.cif	SER	SER	OG	CB	ok			-114.04426321889129	HIS:7	HIS	ND1	5.50903956218232	0.0	1.0	HIS:7	HIS	ND1	5.50903956218232	HOH:255	O	3.1571670113807806	3.0	28.0	water_mediated_like			exposed				0.0	0.0		unmodified
O75531	6US7	A	4	SER_mixed_with_THR	1	2	1.653	SER	75		2	1-89	1-89	SER	/mnt/c/Users/drpat/OneDrive - UGent/Desktop/PD/Phospho-fill/Validation-allPDB/pdb_cache/6us7.cif	SER	SER	OG	CB	ok			-120.63964678744415	HIS:7	HIS	ND1	5.53625627638463	0.0	1.0	HIS:7	HIS	ND1	5.53625627638463	HOH:262	O	3.321634763278165	2.0	30.0	water_mediated_like			exposed				0.0	0.0		unmodified
O75531	6USB	A	4	SER_mixed_with_THR	1	2	1.68	SER	76		2	1-89	1-89	SER	/mnt/c/Users/drpat/OneDrive - UGent/Desktop/PD/Phospho-fill/Validation-allPDB/pdb_cache/6usb.cif	SER	SER	OG	CB	ok			-122.53898706730781	HIS:7	HIS	ND1	5.279217673045435	0.0	1.0	HIS:7	HIS	ND1	5.279217673045435	HOH:257	O	3.103483536035162	2.0	32.0	water_mediated_like			exposed				0.0	0.0		unmodified
O75531	6USD	A	4	SER_mixed_with_THR	1	2	1.653	SER	77		2	1-89	1-89	SER	/mnt/c/Users/drpat/OneDrive - UGent/Desktop/PD/Phospho-fill/Validation-allPDB/pdb_cache/6usd.cif	SER	SER	OG	CB	ok			-118.1675301952091	HIS:7	HIS	ND1	5.465174968698193	0.0	1.0	HIS:7	HIS	ND1	5.465174968698193	HOH:248	O	3.3693262536488047	1.0	31.0	water_mediated_like			buried				0.0	0.0		unmodified
O75531	6USI	A	4	SER_mixed_with_THR	1	2	1.653	SER	78		2	1-89	1-89	SER	/mnt/c/Users/drpat/OneDrive - UGent/Desktop/PD/Phospho-fill/Validation-allPDB/pdb_cache/6usi.cif	SER	SER	OG	CB	ok			-110.42476644012034	HIS:7	HIS	ND1	5.643131818770036	0.0	1.0	HIS:7	HIS	ND1	5.643131818770036	HOH:216	O	2.6861123087674565	3.0	28.0	water_mediated_like			exposed				0.0	0.0		unmodified
Q9NWZ3	6UYA	D	284	SER_single	1	1	1.74	SER	980		4	162-335,342-458	162-335,342-458	SER	/mnt/c/Users/drpat/OneDrive - UGent/Desktop/PD/Phospho-fill/Validation-allPDB/pdb_cache/6uya.cif	SER	SER	OG	CB	ok			-115.09138456770603	HIS:286	HIS	CD2	4.825752095381014	0.0	1.0	ASP:420	ASP	OD2	3.961364142368462	HOH:672	O	2.7793041711908866	1.0	28.0	water_mediated_like			buried	TPO:342	TPO	37.82032398059656	0.0	0.0		unmodified
Q13526	6VAJ	A	72	SER_single	1	1	1.42	SER	745		1	6-39,48-163	6-39,48-163	SER	/mnt/c/Users/drpat/OneDrive - UGent/Desktop/PD/Phospho-fill/Validation-allPDB/pdb_cache/6vaj.cif	SER	SER	OG	CB	ok			-106.19312737841547	ARG:74	ARG	NE	5.1832627813558405	0.0	1.0	ASP:112	ASP	OD1	2.741359172535155	HOH:350	O	4.338913340998666	0.0	45.0	hbond_like			buried				0.0	0.0		unmodified
P08149	6VBM	B	465	SER_single	1	1	1.71	SER	179		1	237-283,298-574	237-283,298-574	SER	/mnt/c/Users/drpat/OneDrive - UGent/Desktop/PD/Phospho-fill/Validation-allPDB/pdb_cache/6vbm.cif	SER	SER	OG	CB	ok			-121.41636048456841	ARG:468	ARG	NH2	5.093425330081	0.0	2.0	THR:466	THR	OG1	4.334667018853698	HOH:748	O	5.338663437207549	0.0	27.0	none_obvious			buried				0.0	0.0		unmodified
P07949	6VHG	A	909	SER_mixed_with_TYR	1	3	2.303	SER	164		5	707-820,844-1012	707-820,844-1012	SER	/mnt/c/Users/drpat/OneDrive - UGent/Desktop/PD/Phospho-fill/Validation-allPDB/pdb_cache/6vhg.cif	SER	SER	OG	CB	ok			40.80322099176101	ARG:912	ARG	NH1	3.201189067857816	1.0	2.0	ARG:912	ARG	NH1	3.201189067857816	HOH:1238	O	3.8830296121091217	1.0	23.0	salt_bridge_like			intermediate	PTR:928	PTR	9.608641128676783	0.0	1.0	PTR:928@9.61	unmodified
P42336	6VO7	A	158	SER_single	1	1	2.31	SER	467		3	157-198,203-300	157-198,203-300	SER	/mnt/c/Users/drpat/OneDrive - UGent/Desktop/PD/Phospho-fill/Validation-allPDB/pdb_cache/6vo7.cif	SER	SER	OG	CB	ok			-104.44305282264034	HIS:160	HIS	ND1	4.9115095151638055	0.0	1.0	SER:161	SER	OG	3.0611880287168556	HOH:408	O	3.681303283028227	1.0	24.0	hbond_like			buried				0.0	0.0		unmodified
Q9NWZ3	6VQL	A	284	SER_single	1	1	2.069	SER	981		4	162-217,220-336,343-458	162-217,220-336,343-458	SER	/mnt/c/Users/drpat/OneDrive - UGent/Desktop/PD/Phospho-fill/Validation-allPDB/pdb_cache/6vql.cif	SER	SER	OG	CB	ok			-131.44839686451417	HIS:286	HIS	ND1	5.171610317578773	0.0	1.0	ASP:420	ASP	OD2	4.103773621980325	HOH:610	O	5.542869905013591	0.0	27.0	none_obvious			buried	TPO:345	TPO	40.15621923770102	0.0	0.0		unmodified
P11309	6VRU	A	261	SER_only_multi_2	2	2	2.07	SER	338		2	34-306	34-306	SER,SER	/mnt/c/Users/drpat/OneDrive - UGent/Desktop/PD/Phospho-fill/Validation-allPDB/pdb_cache/6vru.cif	SER	SER	OG	CB	ok			115.83039136591917	ARG:258	ARG	NH2	5.671107018246952	0.0	1.0	ARG:258	ARG	NH2	5.671107018246952	HOH:651	O	3.1498969217542157	1.0	12.0	water_mediated_like			intermediate				0.0	0.0		unmodified
P11309	6VRU	A	276	SER_only_multi_2	2	2	2.07	SER	338		2	34-306	34-306	SER,SER	/mnt/c/Users/drpat/OneDrive - UGent/Desktop/PD/Phospho-fill/Validation-allPDB/pdb_cache/6vru.cif	SER	SER	OG	CB	ok			-113.51006471260912	ARG:274	ARG	NH2	3.9506865510941562	1.0	1.0	ARG:274	ARG	NH2	3.9506865510941562	HOH:558	O	2.8997658884162245	2.0	24.0	water_mediated_like			exposed				0.0	0.0		unmodified
P11309	6VRV	A	261	SER_only_multi_2	2	2	1.74	SER	339		2	35-305	35-305	SER,SER	/mnt/c/Users/drpat/OneDrive - UGent/Desktop/PD/Phospho-fill/Validation-allPDB/pdb_cache/6vrv.cif	SER	SER	OG	CB	ok			118.59852997972446	ARG:258	ARG	NH2	5.840779728734834	0.0	1.0	GLN:264	GLN	NE2	5.826030085276988	HOH:633	O	3.1602663172383094	2.0	10.0	water_mediated_like			exposed				0.0	0.0		unmodified
P11309	6VRV	A	276	SER_only_multi_2	2	2	1.74	SER	339		2	35-305	35-305	SER,SER	/mnt/c/Users/drpat/OneDrive - UGent/Desktop/PD/Phospho-fill/Validation-allPDB/pdb_cache/6vrv.cif	SER	SER	OG	CB	ok			-118.11230136938745	ARG:274	ARG	NH1	3.727208223332894	1.0	1.0	ARG:274	ARG	NH1	3.727208223332894	HOH:509	O	2.473017885519182	3.0	23.0	water_mediated_like			exposed				0.0	0.0		unmodified
O75460	6W3K	A	724	SER_only_multi_2	2	2	2.08	SER	59		3	562-727,732-963	562-727,732-963	SER,SER	/mnt/c/Users/drpat/OneDrive - UGent/Desktop/PD/Phospho-fill/Validation-allPDB/pdb_cache/6w3k.cif	SER	SER	OG	CB	ok			116.72847080508595	HIS:723	HIS	ND1	6.666648076661354	0.0	0.0	THR:752	THR	OG1	4.717675258849988	HOH:1173	O	2.982552007313198	1.0	26.0	water_mediated_like			buried				0.0	0.0		unmodified
O75460	6W3K	A	726	SER_only_multi_2	2	2	2.08	SER	59		3	562-727,732-963	562-727,732-963	SER,SER	/mnt/c/Users/drpat/OneDrive - UGent/Desktop/PD/Phospho-fill/Validation-allPDB/pdb_cache/6w3k.cif	SER	SER	OG	CB	ok			126.57115185891354	ARG:722	ARG	NH1	5.771596825602842	0.0	1.0	ASN:750	ASN	OD1	5.160379914616495	HOH:1120	O	2.6013991596894637	1.0	10.0	water_mediated_like			intermediate				0.0	0.0		unmodified
P61006	6WHE	B	111	SER_mixed_with_GLU	1	2	1.73	SER	517		2	4-178	4-178	SER	/mnt/c/Users/drpat/OneDrive - UGent/Desktop/PD/Phospho-fill/Validation-allPDB/pdb_cache/6whe.cif	SER	SER	OG	CB	ok			131.0889993040767					0.0	0.0	ASP:113	ASP	OD1	4.401929850379302	HOH:380	O	2.820092979311929	3.0	24.0	water_mediated_like			exposed				0.0	0.0		unmodified
Q9HW02	6X9N	B	82	SER_single	1	1	2.25	SER	930		1	16-319	16-319	SER	/mnt/c/Users/drpat/OneDrive - UGent/Desktop/PD/Phospho-fill/Validation-allPDB/pdb_cache/6x9n.cif	SER	SER	OG	CB	ok			143.5217694660787	ARG:104	ARG	NE	7.56429476174252	0.0	0.0	SER:81	SER	OG	3.71283329900158	HOH:606	O	7.3062121230546255	0.0	10.0	none_obvious			intermediate				0.0	0.0		unmodified
O75460	6XDB	A	724	SER_only_multi_3	3	3	2.45	SER	60		3	561-964	561-964	SER,SER,SER	/mnt/c/Users/drpat/OneDrive - UGent/Desktop/PD/Phospho-fill/Validation-allPDB/pdb_cache/6xdb.cif	SER	SER	OG	CB	ok			-99.43403368716672	ARG:722	ARG	NH2	4.308164825050089	0.0	1.0	ASN:750	ASN	ND2	3.746245298013166	HOH:1114	O	4.196312087207168	0.0	31.0	none_obvious			buried				0.0	0.0		unmodified
O75460	6XDB	A	726	SER_only_multi_3	3	3	2.45	SER	60		3	561-964	561-964	SER,SER,SER	/mnt/c/Users/drpat/OneDrive - UGent/Desktop/PD/Phospho-fill/Validation-allPDB/pdb_cache/6xdb.cif	SER	SER	OG	CB	ok			0.008947971509732013	ARG:728	ARG	NH1	4.765465120046724	0.0	1.0	SER:729	SER	OG	4.757803234680126	HOH:1114	O	5.321823924012345	0.0	24.0	none_obvious			buried				0.0	0.0		unmodified
O75460	6XDB	A	729	SER_only_multi_3	3	3	2.45	SER	60		3	561-964	561-964	SER,SER,SER	/mnt/c/Users/drpat/OneDrive - UGent/Desktop/PD/Phospho-fill/Validation-allPDB/pdb_cache/6xdb.cif	SER	SER	OG	CB	ok			-120.69235939609187	LYS:716	LYS	NZ	3.1433733392985883	1.0	1.0	LYS:716	LYS	NZ	3.1433733392985883				0.0	23.0	salt_bridge_like			intermediate				0.0	0.0		unmodified
P08149	6XQV	A	465	SER_single	1	1	2.05	SER	180		1	237-282,298-574	237-282,298-574	SER	/mnt/c/Users/drpat/OneDrive - UGent/Desktop/PD/Phospho-fill/Validation-allPDB/pdb_cache/6xqv.cif	SER	SER	OG	CB	ok			-120.21187941797575	LYS:463	LYS	CE	3.9058683492969895	1.0	1.0	THR:466	THR	OG1	4.239895218546948	HOH:745	O	2.8046075952179774	1.0	21.0	water_mediated_like			intermediate				0.0	0.0		unmodified
P08149	6XQX	B	465	SER_single	1	1	2.15	SER	181		1	237-282,298-574	237-282,298-574	SER	/mnt/c/Users/drpat/OneDrive - UGent/Desktop/PD/Phospho-fill/Validation-allPDB/pdb_cache/6xqx.cif	SER	SER	OG	CB	ok			-120.46022437679251	ARG:468	ARG	NH2	4.709687837769105	0.0	2.0	THR:466	THR	OG1	4.24277727670356	HOH:704	O	5.525318721803995	0.0	22.0	none_obvious			intermediate				0.0	0.0		unmodified
P08149	6XQY	B	465	SER_single	1	1	1.9	SER	182		1	237-282,298-574	237-282,298-574	SER	/mnt/c/Users/drpat/OneDrive - UGent/Desktop/PD/Phospho-fill/Validation-allPDB/pdb_cache/6xqy.cif	SER	SER	OG	CB	ok			-119.56290903491923	ARG:468	ARG	NH1	5.013295827519197	0.0	2.0	THR:466	THR	OG1	4.356899768607462	HOH:731	O	3.137759949487075	1.0	24.0	water_mediated_like			buried				0.0	0.0		unmodified
P08149	6XQZ	A	465	SER_single	1	1	2.04	SER	183		1	237-282,298-504,509-574	237-282,298-504,509-574	SER	/mnt/c/Users/drpat/OneDrive - UGent/Desktop/PD/Phospho-fill/Validation-allPDB/pdb_cache/6xqz.cif	SER	SER	OG	CB	ok			-119.1285137333012	LYS:463	LYS	CE	4.500636505520122	0.0	1.0	THR:466	THR	OG1	4.307034700552118	HOH:763	O	3.2522472095902186	2.0	21.0	water_mediated_like			exposed				0.0	0.0		unmodified
Q9UBU7	6YA7	B	226	SER_single	1	1	1.67	SER	1022		1	210-256,292-348	210-256,292-348	SER	/mnt/c/Users/drpat/OneDrive - UGent/Desktop/PD/Phospho-fill/Validation-allPDB/pdb_cache/6ya7.cif	SER	SER	OG	CB	ok			-128.9795666809103					0.0	0.0	ASP:224	ASP	OD2	2.258419972931939	HOH:502	O	2.2055775291355006	2.0	29.0	hbond_like			exposed				0.0	0.0		unmodified
P11309	6YKD	A	276	SER_single	1	1	1.86	SER	340		2	33-305	33-305	SER	/mnt/c/Users/drpat/OneDrive - UGent/Desktop/PD/Phospho-fill/Validation-allPDB/pdb_cache/6ykd.cif	SER	SER	OG	CB	ok			-115.65857256036499	ARG:274	ARG	NH2	3.4722074799002214	1.0	1.0	ARG:274	ARG	NH2	3.4722074799002214	HOH:516	O	2.549065467924141	3.0	24.0	salt_bridge_like			exposed	SEP:261	SEP	26.605830132254184	0.0	0.0		unmodified
P04406	6YND	A	51	SER_only_multi_2	2	2	1.525	SER	115		2	2-335	2-335	SER,SER	/mnt/c/Users/drpat/OneDrive - UGent/Desktop/PD/Phospho-fill/Validation-allPDB/pdb_cache/6ynd.cif	SER	SER	OG	CB	ok			120.30210866692549	ARG:13	ARG	NH1	6.938415183175536	0.0	0.0	THR:52	THR	OG1	5.841659039727799	HOH:3183	O	6.450792553591711	0.0	7.0	none_obvious			intermediate				0.0	0.0		unmodified
P04406	6YND	A	151	SER_only_multi_2	2	2	1.525	SER	115		2	2-335	2-335	SER,SER	/mnt/c/Users/drpat/OneDrive - UGent/Desktop/PD/Phospho-fill/Validation-allPDB/pdb_cache/6ynd.cif	SER	SER	OG	CB	ok			-120.09192267533562	HIS:179	HIS	NE2	7.7729956855678815	0.0	0.0	THR:154	THR	OG1	3.127247644068697	HOH:3239	O	3.539264035377986	1.0	38.0	hbond_like			buried				0.0	0.0		unmodified
P04406	6YNE	A	51	SER_only_multi_2	2	2	1.853	SER	116		2	2-335	2-335	SER,SER	/mnt/c/Users/drpat/OneDrive - UGent/Desktop/PD/Phospho-fill/Validation-allPDB/pdb_cache/6yne.cif	SER	SER	OG	CB	ok			122.4399264888106	ARG:13	ARG	NH1	6.855295726908248	0.0	0.0	THR:52	THR	OG1	5.831843283059248	HOH:519	O	5.549313676191332	0.0	7.0	none_obvious			intermediate				0.0	0.0		unmodified
P04406	6YNE	A	151	SER_only_multi_2	2	2	1.853	SER	116		2	2-335	2-335	SER,SER	/mnt/c/Users/drpat/OneDrive - UGent/Desktop/PD/Phospho-fill/Validation-allPDB/pdb_cache/6yne.cif	SER	SER	OG	CB	ok			-118.92659152347008	HIS:179	HIS	NE2	7.726640486457468	0.0	0.0	THR:154	THR	OG1	3.1135071333427535	HOH:575	O	3.3354322603818516	2.0	35.0	hbond_like			exposed				0.0	0.0		unmodified
P04406	6YNF	A	51	SER_only_multi_2	2	2	2.394	SER	117		2	2-335	2-335	SER,SER	/mnt/c/Users/drpat/OneDrive - UGent/Desktop/PD/Phospho-fill/Validation-allPDB/pdb_cache/6ynf.cif	SER	SER	OG	CB	ok			119.90595856354497	ARG:13	ARG	NH1	6.630589488773141	0.0	0.0	THR:52	THR	OG1	5.866872497654785	HOH:3137	O	6.536124271302266	0.0	7.0	none_obvious			intermediate				0.0	0.0		unmodified
P04406	6YNF	A	151	SER_only_multi_2	2	2	2.394	SER	117		2	2-335	2-335	SER,SER	/mnt/c/Users/drpat/OneDrive - UGent/Desktop/PD/Phospho-fill/Validation-allPDB/pdb_cache/6ynf.cif	SER	SER	OG	CB	ok			-122.53772268056719	HIS:179	HIS	NE2	7.8710955546446915	0.0	0.0	THR:154	THR	OG1	3.143147025818133	HOH:3139	O	5.757507696869012	0.0	36.0	hbond_like			buried				0.0	0.0		unmodified
P68400	6YPH	B	2	SER_single	1	1	1.67	SER	611		1	2-328	2-328	SER	/mnt/c/Users/drpat/OneDrive - UGent/Desktop/PD/Phospho-fill/Validation-allPDB/pdb_cache/6yph.cif	SER	SER	OG	CB	ok			-117.5225196689738					0.0	0.0	ASN:262	ASN	OD1	6.1721897460346975	HOH:701	O	5.073351429286541	0.0	4.0	none_obvious			intermediate				0.0	0.0		unmodified
P49759	6YTA	A	341	SER_mixed_with_THR	1	2	2.3	SER	497		2	148-483	148-483	SER	/mnt/c/Users/drpat/OneDrive - UGent/Desktop/PD/Phospho-fill/Validation-allPDB/pdb_cache/6yta.cif	SER	SER	OG	CB	ok			137.1186710753878	HIS:286	HIS	ND1	7.695015145664797	0.0	0.0	SER:364	SER	OG	4.369630733930786	HOH:933	O	3.040889667348445	1.0	39.0	water_mediated_like			buried				0.0	0.0		unmodified
P49759	6YTD	A	341	SER_mixed_with_THR	1	2	2.0	SER	498		2	148-484	148-484	SER	/mnt/c/Users/drpat/OneDrive - UGent/Desktop/PD/Phospho-fill/Validation-allPDB/pdb_cache/6ytd.cif	SER	SER	OG	CB	ok			132.16219961597085	ARG:346	ARG	NE	5.418201903756568	0.0	1.0	SER:364	SER	OG	4.158103164238944	HOH:688	O	2.7336318943439935	1.0	44.0	water_mediated_like			buried				0.0	0.0		unmodified
P49759	6YTG	A	341	SER_mixed_with_THR	1	2	1.95	SER	499		2	148-305,313-483	148-305,313-483	SER	/mnt/c/Users/drpat/OneDrive - UGent/Desktop/PD/Phospho-fill/Validation-allPDB/pdb_cache/6ytg.cif	SER	SER	OG	CB	ok			114.86081592274782	ARG:346	ARG	NE	5.841751066802615	0.0	1.0	SER:364	SER	OG	3.9911463028844163	HOH:691	O	2.7383378273869496	2.0	45.0	water_mediated_like			exposed				0.0	0.0		unmodified
P49759	6YTI	A	341	SER_mixed_with_THR	1	2	2.4	SER	500		2	150-165,167-307,311-482	150-165,167-307,311-482	SER	/mnt/c/Users/drpat/OneDrive - UGent/Desktop/PD/Phospho-fill/Validation-allPDB/pdb_cache/6yti.cif	SER	SER	OG	CB	ok			140.6958773189562	ARG:346	ARG	NE	5.343380906974677	0.0	1.0	SER:364	SER	OG	4.226826948344418	HOH:734	O	2.921906916501611	1.0	43.0	water_mediated_like			buried				0.0	0.0		unmodified
P61006	6YX5	A	111	SER_mixed_with_THR	1	2	2.14	SER	518		2	6-175	6-175	SER	/mnt/c/Users/drpat/OneDrive - UGent/Desktop/PD/Phospho-fill/Validation-allPDB/pdb_cache/6yx5.cif	SER	SER	OG	CB	ok			-37.88438158342077					0.0	0.0	ASP:113	ASP	OD1	3.060404789163133				0.0	22.0	hbond_like			intermediate				0.0	0.0		unmodified
P49759	6Z4Z	B	341	SER_mixed_with_THR	1	2	2.07	SER	501		2	148-484	148-484	SER	/mnt/c/Users/drpat/OneDrive - UGent/Desktop/PD/Phospho-fill/Validation-allPDB/pdb_cache/6z4z.cif	SER	SER	OG	CB	ok			132.14658473535238	ARG:346	ARG	NE	5.530985214371578	0.0	1.0	SER:364	SER	OG	4.292826891181417	HOH:660	O	2.807533115740839	1.0	45.0	water_mediated_like			buried				0.0	0.0		unmodified
P49759	6Z50	A	341	SER_mixed_with_THR	1	2	1.6	SER	502		2	149-481	149-481	SER	/mnt/c/Users/drpat/OneDrive - UGent/Desktop/PD/Phospho-fill/Validation-allPDB/pdb_cache/6z50.cif	SER	SER	OG	CB	ok			131.54471395460627	ARG:346	ARG	NE	5.363639762186458	0.0	1.0	SER:364	SER	OG	4.253833331962813	HOH:798	O	2.8290819419413418	1.0	44.0	water_mediated_like			buried				0.0	0.0		unmodified
P49759	6ZLN	A	341	SER_mixed_with_THR	1	2	1.7	SER	503		2	148-484	148-484	SER	/mnt/c/Users/drpat/OneDrive - UGent/Desktop/PD/Phospho-fill/Validation-allPDB/pdb_cache/6zln.cif	SER	SER	OG	CB	ok			136.1483670401262	ARG:346	ARG	NE	5.398573826117174	0.0	1.0	SER:364	SER	OG	4.1947515703918965	HOH:848	O	2.9245918286096124	1.0	43.0	water_mediated_like			buried				0.0	0.0		unmodified
P61006	6ZSI	B	111	SER_mixed_with_THR	1	2	1.914	SER	519		2	3-175	3-175	SER	/mnt/c/Users/drpat/OneDrive - UGent/Desktop/PD/Phospho-fill/Validation-allPDB/pdb_cache/6zsi.cif	SER	SER	OG	CB	ok			136.93361626766924	ARG:79	ARG	NH1	2.5144343010774777	1.0	1.0	ARG:79	ARG	NH1	2.5144343010774777	HOH:304	O	3.035394654651709	1.0	30.0	salt_bridge_like			buried				0.0	0.0		unmodified
P61006	6ZSJ	B	111	SER_mixed_with_THR	1	2	2.0	SER	520		2	3-175	3-175	SER	/mnt/c/Users/drpat/OneDrive - UGent/Desktop/PD/Phospho-fill/Validation-allPDB/pdb_cache/6zsj.cif	SER	SER	OG	CB	ok			119.9649844963291	ARG:79	ARG	NE	7.865900495008487	0.0	0.0	ASP:113	ASP	OD1	4.365305368109992	HOH:317	O	3.3255740709409056	1.0	23.0	water_mediated_like			intermediate				0.0	0.0		unmodified
P68400	7A49	A	2	SER_single	1	1	2.03	SER	612		1	2-335	2-335	SER	/mnt/c/Users/drpat/OneDrive - UGent/Desktop/PD/Phospho-fill/Validation-allPDB/pdb_cache/7a49.cif	SER	SER	OG	CB	ok			-118.55443876155702					0.0	0.0	ASN:262	ASN	OD1	3.6139620105047507	HOH:518	O	7.901879734637333	0.0	10.0	none_obvious			intermediate				0.0	0.0		unmodified
P68400	7A4B	A	2	SER_single	1	1	2.06	SER	613		1	2-334	2-334	SER	/mnt/c/Users/drpat/OneDrive - UGent/Desktop/PD/Phospho-fill/Validation-allPDB/pdb_cache/7a4b.cif	SER	SER	OG	CB	ok			-123.96977155981628					0.0	0.0	ASN:262	ASN	ND2	3.524411192380068	HOH:658	O	3.5050397101371495	1.0	8.0	none_obvious			intermediate				0.0	0.0		unmodified
Q13627	7A4O	A	301	SER_single	1	1	1.9	SER	837		2	136-408,414-481	136-408,414-481	SER	/mnt/c/Users/drpat/OneDrive - UGent/Desktop/PD/Phospho-fill/Validation-allPDB/pdb_cache/7a4o.cif	SER	SER	OG	CB	ok			-118.80954102501777	LYS:264	LYS	CE	3.8392650107724777	1.0	1.0	GLN:268	GLN	NE2	4.542811162689614	HOH:654	O	6.542069820703538	0.0	21.0	none_obvious			intermediate	PTR:321	PTR	32.43961238652992	0.0	0.0		unmodified
Q13627	7A4R	A	301	SER_single	1	1	1.8	SER	838		2	148-410,414-479	148-410,414-479	SER	/mnt/c/Users/drpat/OneDrive - UGent/Desktop/PD/Phospho-fill/Validation-allPDB/pdb_cache/7a4r.cif	SER	SER	OG	CB	ok			-118.21406763957046	ARG:300	ARG	NH2	2.7285293924095573	1.0	2.0	ARG:300	ARG	NH2	2.7285293924095573	HOH:755	O	2.8097616529666443	3.0	26.0	salt_bridge_like			exposed	SEP:145	SEP	38.56498704998626	0.0	0.0		unmodified
Q13627	7A4Z	A	301	SER_single	1	1	1.9	SER	839		2	148-410,415-481	148-410,415-481	SER	/mnt/c/Users/drpat/OneDrive - UGent/Desktop/PD/Phospho-fill/Validation-allPDB/pdb_cache/7a4z.cif	SER	SER	OG	CB	ok			-123.41455537888682	LYS:264	LYS	CE	5.017449593725413	0.0	1.0	LYS:264	LYS	NZ	5.106869202078996	HOH:754	O	2.995679549667316	2.0	16.0	water_mediated_like			exposed	PTR:321	PTR	32.66836710898943	0.0	0.0		unmodified
Q13627	7A51	A	301	SER_single	1	1	1.9	SER	840		2	148-410,415-481	148-410,415-481	SER	/mnt/c/Users/drpat/OneDrive - UGent/Desktop/PD/Phospho-fill/Validation-allPDB/pdb_cache/7a51.cif	SER	SER	OG	CB	ok			-123.33063324864317	LYS:264	LYS	CE	4.83043347559668	0.0	1.0	LYS:264	LYS	NZ	5.232180613941735	HOH:749	O	3.2028598174771354	2.0	15.0	water_mediated_like			exposed	PTR:321	PTR	32.70873975910262	0.0	0.0		unmodified
Q13627	7A52	A	301	SER_single	1	1	2.1	SER	841		2	148-410,414-479	148-410,414-479	SER	/mnt/c/Users/drpat/OneDrive - UGent/Desktop/PD/Phospho-fill/Validation-allPDB/pdb_cache/7a52.cif	SER	SER	OG	CB	ok			-106.68160530362483	LYS:264	LYS	CE	4.589429187564686	0.0	1.0	GLN:268	GLN	NE2	4.356965706435616	HOH:624	O	2.4887986359302174	3.0	26.0	water_mediated_like			exposed	SEP:145	SEP	38.63824072746741	0.0	0.0		unmodified
Q13627	7A53	A	301	SER_single	1	1	2.2	SER	842		2	148-408,414-481	148-408,414-481	SER	/mnt/c/Users/drpat/OneDrive - UGent/Desktop/PD/Phospho-fill/Validation-allPDB/pdb_cache/7a53.cif	SER	SER	OG	CB	ok			-111.51990327241246	LYS:264	LYS	CE	4.603116379658309	0.0	2.0	GLN:268	GLN	NE2	4.6910158715581725	HOH:659	O	2.7751209375701067	2.0	21.0	water_mediated_like			exposed	PTR:321	PTR	31.79242285984163	0.0	0.0		unmodified
Q13627	7A55	B	301	SER_single	1	1	2.2	SER	843		2	134-406,414-481	134-406,414-481	SER	/mnt/c/Users/drpat/OneDrive - UGent/Desktop/PD/Phospho-fill/Validation-allPDB/pdb_cache/7a55.cif	SER	SER	OG	CB	ok			-127.15488846515532	LYS:264	LYS	NZ	4.358960852144447	0.0	1.0	LYS:264	LYS	NZ	4.358960852144447	HOH:714	O	6.1030925429795815	0.0	18.0	none_obvious			intermediate	PTR:321	PTR	40.288863238198495	0.0	0.0		unmodified
Q13627	7A5D	A	301	SER_single	1	1	1.8	SER	844		2	148-410,415-481	148-410,415-481	SER	/mnt/c/Users/drpat/OneDrive - UGent/Desktop/PD/Phospho-fill/Validation-allPDB/pdb_cache/7a5d.cif	SER	SER	OG	CB	ok			-125.15994069682614	LYS:264	LYS	NZ	4.776668784116254	0.0	1.0	LYS:264	LYS	NZ	4.776668784116254	HOH:618	O	2.4495627007049254	4.0	16.0	water_mediated_like			exposed	PTR:321	PTR	32.67032352369313	0.0	0.0		unmodified
Q13627	7A5L	A	301	SER_single	1	1	2.1	SER	845		2	148-410,415-481	148-410,415-481	SER	/mnt/c/Users/drpat/OneDrive - UGent/Desktop/PD/Phospho-fill/Validation-allPDB/pdb_cache/7a5l.cif	SER	SER	OG	CB	ok			-123.56412854609164	LYS:264	LYS	CE	4.671666208135333	0.0	1.0	LYS:264	LYS	NZ	4.795205241996032	HOH:749	O	3.210147949994776	1.0	16.0	water_mediated_like			intermediate	PTR:321	PTR	32.61044345290033	0.0	0.0		unmodified
Q13627	7A5N	A	301	SER_single	1	1	2.3	SER	846		2	148-410,414-481	148-410,414-481	SER	/mnt/c/Users/drpat/OneDrive - UGent/Desktop/PD/Phospho-fill/Validation-allPDB/pdb_cache/7a5n.cif	SER	SER	OG	CB	ok			-130.40319959498055	LYS:264	LYS	NZ	4.569058746887949	0.0	1.0	LYS:264	LYS	NZ	4.569058746887949	HOH:612	O	2.936004369234483	2.0	18.0	water_mediated_like			exposed	PTR:321	PTR	33.11002323424252	0.0	0.0		unmodified
Q13627	7AJ2	A	301	SER_single	1	1	2.1	SER	847		2	148-410,415-481	148-410,415-481	SER	/mnt/c/Users/drpat/OneDrive - UGent/Desktop/PD/Phospho-fill/Validation-allPDB/pdb_cache/7aj2.cif	SER	SER	OG	CB	ok			-118.97407016710456	LYS:264	LYS	NZ	4.6855819344168	0.0	1.0	LYS:264	LYS	NZ	4.6855819344168	HOH:702	O	2.789256444314115	1.0	17.0	water_mediated_like			intermediate	PTR:321	PTR	32.62203674555702	0.0	0.0		unmodified
Q13627	7AJ4	A	301	SER_single	1	1	2.0	SER	848		2	149-410,415-481	149-410,415-481	SER	/mnt/c/Users/drpat/OneDrive - UGent/Desktop/PD/Phospho-fill/Validation-allPDB/pdb_cache/7aj4.cif	SER	SER	OG	CB	ok			-125.36677282998762	LYS:264	LYS	NZ	4.800747550904548	0.0	1.0	LYS:264	LYS	NZ	4.800747550904548	HOH:818	O	3.3170813110710187	1.0	16.0	water_mediated_like			intermediate	PTR:321	PTR	32.67425539988235	0.0	0.0		unmodified
Q13627	7AJ5	A	301	SER_single	1	1	2.0	SER	849		2	149-411,415-481	149-411,415-481	SER	/mnt/c/Users/drpat/OneDrive - UGent/Desktop/PD/Phospho-fill/Validation-allPDB/pdb_cache/7aj5.cif	SER	SER	OG	CB	ok			-135.19440888886646	LYS:264	LYS	NZ	4.901951053085333	0.0	1.0	LYS:264	LYS	NZ	4.901951053085333	HOH:739	O	3.175403326433799	2.0	15.0	water_mediated_like			exposed	PTR:321	PTR	32.64115567984452	0.0	0.0		unmodified
Q13627	7AJ8	A	301	SER_single	1	1	2.0	SER	850		2	148-410,415-481	148-410,415-481	SER	/mnt/c/Users/drpat/OneDrive - UGent/Desktop/PD/Phospho-fill/Validation-allPDB/pdb_cache/7aj8.cif	SER	SER	OG	CB	ok			-120.50737487186466	LYS:264	LYS	NZ	4.762724908990443	0.0	1.0	LYS:264	LYS	NZ	4.762724908990443	HOH:762	O	3.3368788611464564	2.0	16.0	water_mediated_like			exposed	PTR:321	PTR	32.73408500750926	0.0	0.0		unmodified
Q13627	7AJA	A	301	SER_single	1	1	2.2	SER	851		2	148-410,415-481	148-410,415-481	SER	/mnt/c/Users/drpat/OneDrive - UGent/Desktop/PD/Phospho-fill/Validation-allPDB/pdb_cache/7aja.cif	SER	SER	OG	CB	ok			-115.30921807958836	LYS:264	LYS	NZ	4.810147988772229	0.0	1.0	LYS:264	LYS	NZ	4.810147988772229	HOH:799	O	3.545023321453835	1.0	17.0	none_obvious			intermediate	PTR:321	PTR	32.58613479130364	0.0	0.0		unmodified
Q13627	7AJM	A	301	SER_single	1	1	2.4	SER	852		2	148-410,414-479	148-410,414-479	SER	/mnt/c/Users/drpat/OneDrive - UGent/Desktop/PD/Phospho-fill/Validation-allPDB/pdb_cache/7ajm.cif	SER	SER	OG	CB	ok			-111.65448019532832	LYS:264	LYS	CE	4.591897621142084	0.0	1.0	GLN:268	GLN	NE2	4.5405213850767545	HOH:668	O	2.6562298256589725	4.0	20.0	water_mediated_like			exposed	SEP:145	SEP	38.01216981440927	0.0	0.0		unmodified
Q13627	7AJS	A	301	SER_single	1	1	2.15	SER	853		2	148-410,414-479	148-410,414-479	SER	/mnt/c/Users/drpat/OneDrive - UGent/Desktop/PD/Phospho-fill/Validation-allPDB/pdb_cache/7ajs.cif	SER	SER	OG	CB	ok			-115.61834359108342	ARG:300	ARG	NH2	2.745753493011674	1.0	2.0	ARG:300	ARG	NH2	2.745753493011674	HOH:650	O	2.5887549605005136	3.0	26.0	salt_bridge_like			exposed	SEP:145	SEP	38.25961783717977	0.0	0.0		unmodified
Q13627	7AJV	A	301	SER_single	1	1	2.1	SER	854		2	148-409,414-481	148-409,414-481	SER	/mnt/c/Users/drpat/OneDrive - UGent/Desktop/PD/Phospho-fill/Validation-allPDB/pdb_cache/7ajv.cif	SER	SER	OG	CB	ok			-109.26927381764213	LYS:264	LYS	CE	4.744648483340945	0.0	1.0	GLN:268	GLN	OE1	4.4227914860076964	HOH:735	O	3.448078873122232	1.0	19.0	water_mediated_like			intermediate	SEP:145	SEP	38.185229173383966	0.0	0.0		unmodified
Q13627	7AJY	A	301	SER_single	1	1	2.2	SER	855		2	148-409,414-481	148-409,414-481	SER	/mnt/c/Users/drpat/OneDrive - UGent/Desktop/PD/Phospho-fill/Validation-allPDB/pdb_cache/7ajy.cif	SER	SER	OG	CB	ok			-100.90875562990449	ARG:300	ARG	NH2	2.7846557149861333	1.0	2.0	ARG:300	ARG	NH2	2.7846557149861333	HOH:602	O	2.308214130947249	1.0	28.0	salt_bridge_like			buried	SEP:145	SEP	38.148672038681816	0.0	0.0		unmodified
Q13627	7AK2	A	301	SER_single	1	1	2.1	SER	856		2	148-410,414-481	148-410,414-481	SER	/mnt/c/Users/drpat/OneDrive - UGent/Desktop/PD/Phospho-fill/Validation-allPDB/pdb_cache/7ak2.cif	SER	SER	OG	CB	ok			-102.18954659962834	LYS:264	LYS	CE	4.628480183887638	0.0	1.0	GLN:268	GLN	OE1	4.145410757536779	HOH:689	O	6.112417107427531	0.0	27.0	none_obvious			buried	SEP:145	SEP	37.74935172094514	0.0	0.0		unmodified
P49759	7AK3	A	341	SER_mixed_with_THR	1	2	2.5	SER	504		2	148-483	148-483	SER	/mnt/c/Users/drpat/OneDrive - UGent/Desktop/PD/Phospho-fill/Validation-allPDB/pdb_cache/7ak3.cif	SER				missing_anchor_or_base																													
Q13627	7AKA	B	301	SER_single	1	1	1.9	SER	857		2	148-409,414-481	148-409,414-481	SER	/mnt/c/Users/drpat/OneDrive - UGent/Desktop/PD/Phospho-fill/Validation-allPDB/pdb_cache/7aka.cif	SER	SER	OG	CB	ok			-113.4303039794217	LYS:264	LYS	CE	4.698907096442874	0.0	1.0	GLN:268	GLN	NE2	4.4970432158657605	HOH:715	O	3.1996769514516723	1.0	19.0	water_mediated_like			intermediate	SEP:145	SEP	37.79467423796919	0.0	0.0		unmodified
Q13627	7AKE	B	301	SER_single	1	1	2.3	SER	858		2	148-408,414-481	148-408,414-481	SER	/mnt/c/Users/drpat/OneDrive - UGent/Desktop/PD/Phospho-fill/Validation-allPDB/pdb_cache/7ake.cif	SER	SER	OG	CB	ok			-124.78133991469845	LYS:264	LYS	CE	4.326621959246567	0.0	1.0	GLN:268	GLN	NE2	4.737978756024331	HOH:692	O	3.141515266875662	2.0	19.0	water_mediated_like			exposed	SEP:145	SEP	37.83767805648557	0.0	0.0		unmodified
Q13627	7AKL	A	301	SER_single	1	1	2.0	SER	859		2	148-410,415-481	148-410,415-481	SER	/mnt/c/Users/drpat/OneDrive - UGent/Desktop/PD/Phospho-fill/Validation-allPDB/pdb_cache/7akl.cif	SER	SER	OG	CB	ok			-124.65964323914692	LYS:264	LYS	NZ	4.663666874230848	0.0	1.0	LYS:264	LYS	NZ	4.663666874230848	HOH:710	O	3.1037153974913636	2.0	16.0	water_mediated_like			exposed	PTR:321	PTR	32.71752367576716	0.0	0.0		unmodified
P68400	7AT5	A	2	SER_single	1	1	1.77	SER	614		1	2-333	2-333	SER	/mnt/c/Users/drpat/OneDrive - UGent/Desktop/PD/Phospho-fill/Validation-allPDB/pdb_cache/7at5.cif	SER	SER	OG	CB	ok			6.502106723239286					0.0	0.0	ASN:262	ASN	ND2	3.89326608256351				0.0	9.0	none_obvious			intermediate				0.0	0.0		unmodified
P68400	7AY9	A	2	SER_single	1	1	2.25	SER	615		1	2-332	2-332	SER	/mnt/c/Users/drpat/OneDrive - UGent/Desktop/PD/Phospho-fill/Validation-allPDB/pdb_cache/7ay9.cif	SER	SER	OG	CB	ok			2.9049584675036226					0.0	0.0	ASN:262	ASN	ND2	4.782802306086828	HOH:598	O	3.608590272290066	1.0	7.0	none_obvious			intermediate				0.0	0.0		unmodified
P68400	7AYA	A	2	SER_single	1	1	2.45	SER	616		1	2-332	2-332	SER	/mnt/c/Users/drpat/OneDrive - UGent/Desktop/PD/Phospho-fill/Validation-allPDB/pdb_cache/7aya.cif	SER	SER	OG	CB	ok			-125.80213713036316					0.0	0.0	ASN:262	ASN	ND2	3.129150353484434				0.0	8.0	hbond_like			intermediate				0.0	0.0		unmodified
Q02750	7B3M	B	218	SER_single	1	1	2.3	SER	688		2	37-220,225-263,308-382	37-220,225-263,308-382	SER	/mnt/c/Users/drpat/OneDrive - UGent/Desktop/PD/Phospho-fill/Validation-allPDB/pdb_cache/7b3m.cif	SER	SER	OG	CB	ok			122.54227386532368					0.0	0.0	GLN:214	GLN	OE1	3.275123345103826				0.0	34.0	hbond_like			buried				0.0	0.0		unmodified
Q02750	7B7R	A	218	SER_single	1	1	1.7	SER	689		2	37-219,225-263,308-382	37-219,225-263,308-382	SER	/mnt/c/Users/drpat/OneDrive - UGent/Desktop/PD/Phospho-fill/Validation-allPDB/pdb_cache/7b7r.cif	SER	SER	OG	CB	ok			113.31256868884108					0.0	0.0	GLN:214	GLN	OE1	3.2183743825678595				0.0	32.0	hbond_like			buried				0.0	0.0		unmodified
P68400	7B8H	A	2	SER_single	1	1	1.34	SER	617		1	2-330	2-330	SER	/mnt/c/Users/drpat/OneDrive - UGent/Desktop/PD/Phospho-fill/Validation-allPDB/pdb_cache/7b8h.cif	SER	SER	OG	CB	ok			112.79455807880676					0.0	0.0					HOH:564	O	7.00357101561044	0.0	1.0	none_obvious			intermediate				0.0	0.0		unmodified
Q02750	7B94	A	218	SER_single	1	1	2.0	SER	690		2	37-219,225-263,308-382	37-219,225-263,308-382	SER	/mnt/c/Users/drpat/OneDrive - UGent/Desktop/PD/Phospho-fill/Validation-allPDB/pdb_cache/7b94.cif	SER	SER	OG	CB	ok			120.23929473239183					0.0	0.0	GLN:214	GLN	OE1	3.0125551216170012				0.0	31.0	hbond_like			buried				0.0	0.0		unmodified
Q02750	7B9L	A	218	SER_single	1	1	1.7	SER	691		2	37-219,227-263,308-382	37-219,227-263,308-382	SER	/mnt/c/Users/drpat/OneDrive - UGent/Desktop/PD/Phospho-fill/Validation-allPDB/pdb_cache/7b9l.cif	SER	SER	OG	CB	ok			118.79759257101173					0.0	0.0	GLN:214	GLN	OE1	3.416728188886545	HOH:704	O	7.90642269756717	0.0	33.0	hbond_like			buried				0.0	0.0		unmodified
O75460	7BMK	A	724	SER_only_multi_3	3	3	1.85	SER	61		3	561-966	561-966	SER,SER,SER	/mnt/c/Users/drpat/OneDrive - UGent/Desktop/PD/Phospho-fill/Validation-allPDB/pdb_cache/7bmk.cif	SER	SER	OG	CB	ok			-116.3873138319975	ARG:722	ARG	NH2	3.84407336418108	1.0	1.0	ARG:722	ARG	NH2	3.84407336418108	HOH:1226	O	2.733634918171491	2.0	26.0	water_mediated_like			exposed				0.0	0.0		unmodified
O75460	7BMK	A	726	SER_only_multi_3	3	3	1.85	SER	61		3	561-966	561-966	SER,SER,SER	/mnt/c/Users/drpat/OneDrive - UGent/Desktop/PD/Phospho-fill/Validation-allPDB/pdb_cache/7bmk.cif	SER	SER	OG	CB	ok			-15.214325884622642	ARG:728	ARG	NE	6.213937590237923	0.0	0.0	SER:729	SER	OG	3.792062727063479	HOH:1164	O	4.178845608722276	0.0	19.0	none_obvious			intermediate				0.0	0.0		unmodified
O75460	7BMK	A	729	SER_only_multi_3	3	3	1.85	SER	61		3	561-966	561-966	SER,SER,SER	/mnt/c/Users/drpat/OneDrive - UGent/Desktop/PD/Phospho-fill/Validation-allPDB/pdb_cache/7bmk.cif	SER	SER	OG	CB	ok			122.24341683241136	LYS:716	LYS	NZ	4.342817522911687	0.0	1.0	SER:726	SER	OG	3.792062727063479	HOH:1363	O	3.3735905308906613	2.0	21.0	water_mediated_like			exposed				0.0	0.0		unmodified
P68400	7BU4	A	2	SER_single	1	1	1.7022731752	SER	618		1	2-335	2-335	SER	/mnt/c/Users/drpat/OneDrive - UGent/Desktop/PD/Phospho-fill/Validation-allPDB/pdb_cache/7bu4.cif	SER	SER	OG	CB	ok			-4.938529165249591					0.0	0.0	ASN:262	ASN	ND2	3.212755083789439	HOH:503	O	5.955869938243711	0.0	8.0	hbond_like			intermediate				0.0	0.0		unmodified
P61006	7BWT	B	111	SER_mixed_with_THR	1	2	2.3	SER	521		2	3-180	3-180	SER	/mnt/c/Users/drpat/OneDrive - UGent/Desktop/PD/Phospho-fill/Validation-allPDB/pdb_cache/7bwt.cif	SER	SER	OG	CB	ok			-13.86268451174935					0.0	0.0	ASP:113	ASP	OD1	2.3288717088037805	HOH:325	O	4.456173952092773	0.0	19.0	hbond_like			intermediate				0.0	0.0		unmodified
Q9NWZ3	7C2V	A	284	SER_single	1	1	2.44	SER	982		4	163-216,221-337,342-459	163-216,221-337,342-459	SER	/mnt/c/Users/drpat/OneDrive - UGent/Desktop/PD/Phospho-fill/Validation-allPDB/pdb_cache/7c2v.cif	SER	SER	OG	CB	ok			-119.10563612760771	HIS:286	HIS	CD2	4.83658065911154	0.0	1.0	ASP:420	ASP	OD2	4.1073235321792065	HOH:2150	O	2.9225191559310755	1.0	28.0	water_mediated_like			buried	TPO:342	TPO	37.328547198275835	0.0	0.0		unmodified
P96356	7C46	A	78	SER_single	1	1	1.93	SER	647		1	4-291	4-291	SER	/mnt/c/Users/drpat/OneDrive - UGent/Desktop/PD/Phospho-fill/Validation-allPDB/pdb_cache/7c46.cif	SER	SER	OG	CB	ok			-1.3102329628458123	ARG:76	ARG	NH2	5.523964755867459	0.0	1.0	SER:64	SER	OG	3.4208673778131145	HOH:435	O	2.6379170765203805	1.0	40.0	hbond_like			buried				0.0	0.0		unmodified
Q92630	7DH3	A	232	SER_mixed_with_THR	2	3	2.33	SER	891		5	213-538	213-538	SER,SER	/mnt/c/Users/drpat/OneDrive - UGent/Desktop/PD/Phospho-fill/Validation-allPDB/pdb_cache/7dh3.cif	SER	SER	OG	CB	ok			-133.26457005358043	ARG:254	ARG	NH1	6.9850076192371855	0.0	0.0	ARG:254	ARG	NH1	6.9850076192371855				0.0	16.0	none_obvious			intermediate	PTR:382	PTR	13.173777822503286	0.0	0.0		unmodified
Q92630	7DH3	A	442	SER_mixed_with_THR	2	3	2.33	SER	891		5	213-538	213-538	SER,SER	/mnt/c/Users/drpat/OneDrive - UGent/Desktop/PD/Phospho-fill/Validation-allPDB/pdb_cache/7dh3.cif	SER	SER	OG	CB	ok			-102.82911941284182	LYS:444	LYS	CE	3.937268118819441	1.0	1.0	LYS:444	LYS	NZ	4.764298743714139	HOH:718	O	3.3100238369310624	1.0	27.0	water_mediated_like			buried	SEP:458	SEP	18.650932121942095	0.0	0.0		unmodified
Q92630	7DH9	A	232	SER_mixed_with_THR	2	3	2.194	SER	892		5	215-538	215-538	SER,SER	/mnt/c/Users/drpat/OneDrive - UGent/Desktop/PD/Phospho-fill/Validation-allPDB/pdb_cache/7dh9.cif	SER	SER	OG	CB	ok			-130.4948889506849	ARG:254	ARG	NH2	7.339184416074563	0.0	0.0	GLU:256	GLU	OE1	6.995335883505316	HOH:802	O	7.677538204492273	0.0	14.0	none_obvious			intermediate	PTR:382	PTR	14.063319005294654	0.0	0.0		unmodified
Q92630	7DH9	A	442	SER_mixed_with_THR	2	3	2.194	SER	892		5	215-538	215-538	SER,SER	/mnt/c/Users/drpat/OneDrive - UGent/Desktop/PD/Phospho-fill/Validation-allPDB/pdb_cache/7dh9.cif	SER	SER	OG	CB	ok			-111.43297244460086	LYS:444	LYS	CE	5.539272480645638	0.0	1.0	ASP:519	ASP	OD2	5.767508285483849	HOH:852	O	3.206125311057035	2.0	26.0	water_mediated_like			exposed	SEP:458	SEP	18.561892446763625	0.0	0.0		unmodified
Q92630	7DHH	A	232	SER_mixed_with_THR	2	3	2.486	SER	893		5	215-538	215-381,383-457,459-538	SER,SER	/mnt/c/Users/drpat/OneDrive - UGent/Desktop/PD/Phospho-fill/Validation-allPDB/pdb_cache/7dhh.cif	SER	SER	OG	CB	ok			-21.56453569793765	ARG:258	ARG	NH1	5.071184127500396	0.0	1.0	ARG:258	ARG	NH1	5.071184127500396				0.0	14.0	none_obvious			intermediate	PTR:382	PTR	14.88191847117475	0.0	0.0		unmodified
Q92630	7DHH	A	442	SER_mixed_with_THR	2	3	2.486	SER	893		5	215-538	215-381,383-457,459-538	SER,SER	/mnt/c/Users/drpat/OneDrive - UGent/Desktop/PD/Phospho-fill/Validation-allPDB/pdb_cache/7dhh.cif	SER	SER	OG	CB	ok			-93.07830440594049	LYS:444	LYS	CE	6.32999969521799	0.0	0.0	ASP:519	ASP	OD2	5.2303898579895804				0.0	29.0	none_obvious			buried	SEP:458	SEP	18.6654495942226	0.0	0.0		unmodified
Q92630	7DHK	A	232	SER_mixed_with_THR	2	3	2.341	SER	894		5	215-538	215-381,383-457,459-538	SER,SER	/mnt/c/Users/drpat/OneDrive - UGent/Desktop/PD/Phospho-fill/Validation-allPDB/pdb_cache/7dhk.cif	SER	SER	OG	CB	ok			103.60188108658089	ARG:258	ARG	NH2	6.593526920988721	0.0	0.0	ARG:258	ARG	NH2	6.593526920988721				0.0	8.0	none_obvious			intermediate	PTR:382	PTR	13.599596272861328	0.0	0.0		unmodified
Q92630	7DHK	A	442	SER_mixed_with_THR	2	3	2.341	SER	894		5	215-538	215-381,383-457,459-538	SER,SER	/mnt/c/Users/drpat/OneDrive - UGent/Desktop/PD/Phospho-fill/Validation-allPDB/pdb_cache/7dhk.cif	SER	SER	OG	CB	ok			-103.31274422185227	LYS:444	LYS	CE	5.279667476242014	0.0	1.0	ASP:519	ASP	OD2	5.316895460492092	HOH:722	O	3.709955550379676	1.0	28.0	none_obvious			buried	SEP:458	SEP	18.997849012095966	0.0	0.0		unmodified
Q92630	7DHN	A	232	SER_mixed_with_THR	2	3	2.38	SER	895		5	215-538	215-538	SER,SER	/mnt/c/Users/drpat/OneDrive - UGent/Desktop/PD/Phospho-fill/Validation-allPDB/pdb_cache/7dhn.cif	SER	SER	OG	CB	ok			-109.46298038002782	ARG:254	ARG	NH1	6.6023919995827685	0.0	0.0	ARG:254	ARG	NH1	6.6023919995827685				0.0	16.0	none_obvious			intermediate	PTR:382	PTR	14.202887216126921	0.0	0.0		unmodified
Q92630	7DHN	A	442	SER_mixed_with_THR	2	3	2.38	SER	895		5	215-538	215-538	SER,SER	/mnt/c/Users/drpat/OneDrive - UGent/Desktop/PD/Phospho-fill/Validation-allPDB/pdb_cache/7dhn.cif	SER	SER	OG	CB	ok			-123.2798751245054	LYS:444	LYS	CE	6.060300439614051	0.0	0.0	ASP:519	ASP	OD2	4.951036519025225				0.0	26.0	none_obvious			buried	SEP:458	SEP	19.000741853245735	0.0	0.0		unmodified
Q92630	7DJO	A	232	SER_mixed_with_THR	2	3	2.499	SER	896		5	215-538	215-381,383-457,459-538	SER,SER	/mnt/c/Users/drpat/OneDrive - UGent/Desktop/PD/Phospho-fill/Validation-allPDB/pdb_cache/7djo.cif	SER	SER	OG	CB	ok			-120.7395412617917	LYS:230	LYS	CE	7.563199126211394	0.0	0.0	LYS:251	LYS	NZ	7.94671038963662				0.0	16.0	none_obvious			intermediate	PTR:382	PTR	14.169073866479094	0.0	0.0		unmodified
Q92630	7DJO	A	442	SER_mixed_with_THR	2	3	2.499	SER	896		5	215-538	215-381,383-457,459-538	SER,SER	/mnt/c/Users/drpat/OneDrive - UGent/Desktop/PD/Phospho-fill/Validation-allPDB/pdb_cache/7djo.cif	SER	SER	OG	CB	ok			-93.69004719521106	LYS:444	LYS	CE	6.581563302278074	0.0	0.0	ASP:519	ASP	OD2	6.271100962697717	HOH:711	O	3.590334098521057	1.0	25.0	none_obvious			buried	SEP:458	SEP	18.54799348343439	0.0	0.0		unmodified
P07949	7DU9	A	909	SER_mixed_with_TYR	1	5	2.31	SER	165		5	714-828,842-1011	714-828,842-1011	SER	/mnt/c/Users/drpat/OneDrive - UGent/Desktop/PD/Phospho-fill/Validation-allPDB/pdb_cache/7du9.cif	SER	SER	OG	CB	ok			-123.1048591239059	LYS:907	LYS	NZ	3.4863355974470602	1.0	1.0	LYS:907	LYS	NZ	3.4863355974470602	HOH:1294	O	4.863504594245576	0.0	19.0	salt_bridge_like			intermediate				0.0	0.0		unmodified
P07949	7DUA	A	909	SER_mixed_with_TYR	1	5	1.64	SER	166		5	712-828,842-1011	712-828,842-1011	SER	/mnt/c/Users/drpat/OneDrive - UGent/Desktop/PD/Phospho-fill/Validation-allPDB/pdb_cache/7dua.cif	SER	SER	OG	CB	ok			-121.92953250281124	LYS:907	LYS	NZ	2.918208301976796	1.0	1.0	LYS:907	LYS	NZ	2.918208301976796	HOH:1322	O	2.861915661766837	1.0	19.0	salt_bridge_like			intermediate				0.0	0.0		unmodified
Q79PF4	7DYJ	B	320	SER_mixed_with_THR	2	4	2.4	SER	888		4	18-108,123-249,256-497	18-108,123-249,256-497	SER,SER	/mnt/c/Users/drpat/OneDrive - UGent/Desktop/PD/Phospho-fill/Validation-allPDB/pdb_cache/7dyj.cif	SER	SER	OG	CB	ok			6.281378587341447	ARG:321	ARG	NH2	7.588433117498159	0.0	0.0	CYS:348	CYS	SG	4.250937062853889				0.0	14.0	none_obvious			intermediate				0.0	0.0		unmodified
Q79PF4	7DYJ	B	431	SER_mixed_with_THR	2	4	2.4	SER	888		4	18-108,123-249,256-497	18-108,123-249,256-497	SER,SER	/mnt/c/Users/drpat/OneDrive - UGent/Desktop/PD/Phospho-fill/Validation-allPDB/pdb_cache/7dyj.cif	SER	SER	OG	CB	ok			-90.77122811722633	LYS:457	LYS	NZ	5.783973312486557	0.0	1.0	SER:428	SER	OG	4.939754508688629	HOH:713	O	7.770857389298797	0.0	39.0	none_obvious			buried				0.0	0.0		unmodified
Q13526	7EFJ	A	72	SER_single	1	1	1.992	SER	746		1	6-38,50-163	6-38,50-163	SER	/mnt/c/Users/drpat/OneDrive - UGent/Desktop/PD/Phospho-fill/Validation-allPDB/pdb_cache/7efj.cif	SER	SER	OG	CB	ok			-105.86571080656405	ARG:74	ARG	NE	5.888977689892194	0.0	1.0	ASP:112	ASP	OD1	2.700929709907921	HOH:337	O	5.740795405487325	0.0	44.0	hbond_like			buried				0.0	0.0		unmodified
Q13526	7EFX	A	72	SER_single	1	1	2.41	SER	747		1	6-38,50-163	6-38,50-163	SER	/mnt/c/Users/drpat/OneDrive - UGent/Desktop/PD/Phospho-fill/Validation-allPDB/pdb_cache/7efx.cif	SER	SER	OG	CB	ok			-99.04241460659327	ARG:74	ARG	NE	5.975472062554787	0.0	1.0	ASP:112	ASP	OD1	2.722274868459719	HOH:306	O	4.159767543306278	0.0	44.0	hbond_like			buried				0.0	0.0		unmodified
Q13526	7EKV	A	72	SER_single	1	1	1.95	SER	748		1	6-38,51-163	6-38,51-163	SER	/mnt/c/Users/drpat/OneDrive - UGent/Desktop/PD/Phospho-fill/Validation-allPDB/pdb_cache/7ekv.cif	SER	SER	OG	CB	ok			-100.69095657967421	ARG:74	ARG	NE	5.860777489851931	0.0	1.0	ASP:112	ASP	OD1	2.64063644397056	HOH:361	O	4.266272007990812	0.0	44.0	hbond_like			buried				0.0	0.0		unmodified
Q13526	7F0M	A	72	SER_single	1	1	1.9	SER	749		1	6-38,51-163	6-38,51-163	SER	/mnt/c/Users/drpat/OneDrive - UGent/Desktop/PD/Phospho-fill/Validation-allPDB/pdb_cache/7f0m.cif	SER	SER	OG	CB	ok			-100.61323498412234	ARG:74	ARG	NH1	5.356827272351884	0.0	2.0	ASP:112	ASP	OD1	2.705082094926661	HOH:302	O	4.355267628733041	0.0	49.0	hbond_like			buried				0.0	0.0		unmodified
P62992	7F0U	C	65	SER_single	1	1	2.2	SER	549		1	1-76	1-76	SER	/mnt/c/Users/drpat/OneDrive - UGent/Desktop/PD/Phospho-fill/Validation-allPDB/pdb_cache/7f0u.cif	SER	SER	OG	CB	ok			105.33341048938945					0.0	0.0	GLN:62	GLN	OE1	6.462985809484141				0.0	33.0	none_obvious			buried				0.0	0.0		unmodified
Q02750	7F2X	A	218	SER_only_multi_2	2	2	2.007	SER	692		2	45-263,281-286,308-382	45-263,281-286,308-382	SER,SER	/mnt/c/Users/drpat/OneDrive - UGent/Desktop/PD/Phospho-fill/Validation-allPDB/pdb_cache/7f2x.cif	SER	SER	OG	CB	ok			121.15700132408625	HIS:188	HIS	CE1	7.384908229806868	0.0	0.0	ASP:217	ASP	OD2	4.991885284380758	HOH:653	O	6.672800587668785	0.0	24.0	none_obvious			buried				0.0	0.0		unmodified
Q02750	7F2X	A	222	SER_only_multi_2	2	2	2.007	SER	692		2	45-263,281-286,308-382	45-263,281-286,308-382	SER,SER	/mnt/c/Users/drpat/OneDrive - UGent/Desktop/PD/Phospho-fill/Validation-allPDB/pdb_cache/7f2x.cif	SER	SER	OG	CB	ok			-112.09065652460401					0.0	0.0	THR:226	THR	OG1	4.664529658112594	HOH:612	O	4.903003163715901	0.0	28.0	none_obvious			buried				0.0	0.0		unmodified
Q13627	7FHS	A	301	SER_single	1	1	2.42	SER	860		2	134-408,414-481	134-408,414-481	SER	/mnt/c/Users/drpat/OneDrive - UGent/Desktop/PD/Phospho-fill/Validation-allPDB/pdb_cache/7fhs.cif	SER	SER	OG	CB	ok			-115.67625787417877	LYS:264	LYS	CE	4.589969174140786	0.0	1.0	GLN:268	GLN	NE2	4.6704829462457145	HOH:671	O	3.3897636172462446	1.0	19.0	water_mediated_like			intermediate	PTR:321	PTR	32.21837188985079	0.0	0.0		unmodified
P42336	7JIU	A	158	SER_only_multi_2	2	2	2.12	SER	468		3	107-198,203-232,246-310,322-347,350-409,417-863,866-867,869-942,949-1052	107-198,203-232,246-310,322-347,350-409,417-863,866-867,869-942,949-1052	SER,SER	/mnt/c/Users/drpat/OneDrive - UGent/Desktop/PD/Phospho-fill/Validation-allPDB/pdb_cache/7jiu.cif	SER	SER	OG	CB	ok			-1.7256930694489618	ARG:162	ARG	NH1	2.9421817496543285	1.0	1.0	ARG:162	ARG	NH1	2.9421817496543285	HOH:1441	O	6.56946809082748	0.0	27.0	salt_bridge_like			buried				0.0	0.0		unmodified
P42336	7JIU	A	790	SER_only_multi_2	2	2	2.12	SER	468		3	107-198,203-232,246-310,322-347,350-409,417-863,866-867,869-942,949-1052	107-198,203-232,246-310,322-347,350-409,417-863,866-867,869-942,949-1052	SER,SER	/mnt/c/Users/drpat/OneDrive - UGent/Desktop/PD/Phospho-fill/Validation-allPDB/pdb_cache/7jiu.cif	SER	SER	OG	CB	ok			-118.08706539992838	LYS:204	LYS	NZ	6.653458218634678	0.0	0.0	GLU:791	GLU	OE1	3.7893128830809926	HOH:1344	O	2.8999090305474238	1.0	44.0	water_mediated_like			buried				0.0	0.0		unmodified
P07949	7JU5	A	909	SER_mixed_with_TYR	1	4	1.9	SER	167		5	705-823,843-900,909-1013	705-823,843-900,909-1013	SER	/mnt/c/Users/drpat/OneDrive - UGent/Desktop/PD/Phospho-fill/Validation-allPDB/pdb_cache/7ju5.cif	SER	SER	OG	CB	ok			-107.62403741092818	HIS:926	HIS	CD2	6.08756755112796	0.0	0.0	ARG:873	ARG	NH2	6.519786052362608	HOH:1308	O	3.306701000364826	2.0	5.0	water_mediated_like			exposed				0.0	0.0		unmodified
P07949	7JU6	A	909	SER_mixed_with_TYR	1	5	2.06	SER	169		5	713-828,841-1012	713-828,841-1012	SER	/mnt/c/Users/drpat/OneDrive - UGent/Desktop/PD/Phospho-fill/Validation-allPDB/pdb_cache/7ju6.cif	SER	SER	OG	CB	ok			-121.4341623837469	LYS:907	LYS	NZ	3.8557145335595226	1.0	1.0	LYS:907	LYS	NZ	3.8557145335595226	HOH:1265	O	6.211468026991094	0.0	19.0	none_obvious			intermediate				0.0	0.0		unmodified
P42336	7K6M	A	158	SER_only_multi_2	2	2	2.413	SER	469		3	109-231,247-308,324-345,351-412,416-500,524-1047	109-231,247-308,324-345,351-412,416-500,524-1047	SER,SER	/mnt/c/Users/drpat/OneDrive - UGent/Desktop/PD/Phospho-fill/Validation-allPDB/pdb_cache/7k6m.cif	SER	SER	OG	CB	ok			-138.20296945280964	ARG:162	ARG	NH2	5.749061481263515	0.0	1.0	ASP:155	ASP	OD1	5.14588231836907	HOH:9271	O	6.629138816108715	0.0	25.0	none_obvious			buried				0.0	0.0		unmodified
P42336	7K6M	A	790	SER_only_multi_2	2	2	2.413	SER	469		3	109-231,247-308,324-345,351-412,416-500,524-1047	109-231,247-308,324-345,351-412,416-500,524-1047	SER,SER	/mnt/c/Users/drpat/OneDrive - UGent/Desktop/PD/Phospho-fill/Validation-allPDB/pdb_cache/7k6m.cif	SER	SER	OG	CB	ok			-148.8319046966644	LYS:204	LYS	NZ	6.479648385893222	0.0	0.0	GLN:795	GLN	NE2	3.6274999897197495	HOH:9162	O	2.701599692491429	1.0	45.0	water_mediated_like			buried				0.0	0.0		unmodified
Q92918	7KAC	B	171	SER_mixed_with_THR	1	2	1.85	SER	898		2	7-294	7-294	SER	/mnt/c/Users/drpat/OneDrive - UGent/Desktop/PD/Phospho-fill/Validation-allPDB/pdb_cache/7kac.cif	SER	SER	OG	CB	ok			14.952997799500515					0.0	0.0								0.0	20.0	none_obvious			intermediate				0.0	0.0		unmodified
P33981	7LQD	A	677	SER_mixed_with_THR	1	4	1.95	SER	436		4	519-678,680-698,710-795	519-678,680-698,710-795	SER	/mnt/c/Users/drpat/OneDrive - UGent/Desktop/PD/Phospho-fill/Validation-allPDB/pdb_cache/7lqd.cif	SER	SER	OG	CB	ok			-85.09883329233675					0.0	0.0	ASP:674	ASP	OD2	2.81902442191811	HOH:1048	O	7.091733877478883	0.0	19.0	hbond_like			intermediate				0.0	0.0		unmodified
P61006	7LWB	A	111	SER_single	1	1	1.9	SER	522		2	1-180	1-180	SER	/mnt/c/Users/drpat/OneDrive - UGent/Desktop/PD/Phospho-fill/Validation-allPDB/pdb_cache/7lwb.cif	SER	SER	OG	CB	ok			115.91917869565016	ARG:79	ARG	NE	6.437468310236835	0.0	0.0	ASP:113	ASP	OD1	4.6269526103347625	HOH:1019	O	3.2993699750744647	1.0	24.0	water_mediated_like			buried	TPO:72	TPO	20.893733721440995	0.0	0.0		unmodified
P62987	7M3Q	B	65	SER_single	1	1	2.5	SER	536		1	1-52,54-74	1-52,54-74	SER	/mnt/c/Users/drpat/OneDrive - UGent/Desktop/PD/Phospho-fill/Validation-allPDB/pdb_cache/7m3q.cif	SER	SER	OG	CB	ok			108.88821991247707					0.0	0.0	THR:66	THR	OG1	6.532578087896017				0.0	26.0	none_obvious			buried				0.0	0.0		unmodified
Q9NWF9	7M4M	A	719	SER_single	1	1	2.39	SER	936		1	600-772	600-772	SER	/mnt/c/Users/drpat/OneDrive - UGent/Desktop/PD/Phospho-fill/Validation-allPDB/pdb_cache/7m4m.cif	SER	SER	OG	CB	ok			114.43446152667475					0.0	0.0								0.0	10.0	none_obvious			intermediate				0.0	0.0		unmodified
O43318	7NTH	A	192	SER_single	1	1	1.97	SER	41		2	31-178,191-303	31-178,191-303	SER	/mnt/c/Users/drpat/OneDrive - UGent/Desktop/PD/Phospho-fill/Validation-allPDB/pdb_cache/7nth.cif	SER	SER	OG	CB	ok			114.4628791492244	LYS:158	LYS	NZ	2.609974088539486	1.0	1.0	ASP:156	ASP	OD1	2.542502811396976	HOH:1369	O	3.843368544289269	3.0	21.0	salt_bridge_like			exposed				0.0	0.0		unmodified
O43318	7NTI	A	192	SER_single	1	1	1.98	SER	42		2	31-179,191-303	31-179,191-303	SER	/mnt/c/Users/drpat/OneDrive - UGent/Desktop/PD/Phospho-fill/Validation-allPDB/pdb_cache/7nti.cif	SER	SER	OG	CB	ok			123.828880641373	LYS:158	LYS	NZ	3.1498042668062904	1.0	1.0	ASP:156	ASP	OD1	2.556253698400067	HOH:1150	O	5.560143171220886	0.0	22.0	salt_bridge_like			intermediate				0.0	0.0		unmodified
P07949	7NZN	A	909	SER_mixed_with_TYR	1	3	2.39	SER	171		5	705-711,714-820,844-1013	705-711,714-820,844-1013	SER	/mnt/c/Users/drpat/OneDrive - UGent/Desktop/PD/Phospho-fill/Validation-allPDB/pdb_cache/7nzn.cif	SER	SER	OG	CB	ok			-117.17107992585545	LYS:907	LYS	CE	3.464064067585412	1.0	1.0	LYS:907	LYS	NZ	3.494300865672338	HOH:1238	O	6.76835306222077	0.0	20.0	salt_bridge_like			intermediate	PTR:905	PTR	7.072875940676536	1.0	1.0	PTR:905@7.07	unmodified
Q13627	7O7K	A	301	SER_single	1	1	1.82	SER	861		2	134-410,413-480	134-410,413-480	SER	/mnt/c/Users/drpat/OneDrive - UGent/Desktop/PD/Phospho-fill/Validation-allPDB/pdb_cache/7o7k.cif	SER	SER	OG	CB	ok			-125.6257967787357	LYS:264	LYS	CE	7.717672475529473	0.0	0.0	CYS:296	CYS	SG	5.397984205465311	HOH:901	O	2.1250669747320985	1.0	30.0	water_mediated_like			buried	PTR:321	PTR	33.42299303662582	0.0	0.0		unmodified
P49759	7O9Y	A	341	SER_mixed_with_THR	1	2	1.66	SER	505		2	152-481	152-481	SER	/mnt/c/Users/drpat/OneDrive - UGent/Desktop/PD/Phospho-fill/Validation-allPDB/pdb_cache/7o9y.cif	SER	SER	OG	CB	ok			124.60783124362882	ARG:346	ARG	NE	5.539251598007012	0.0	1.0	SER:364	SER	OG	4.091023807817602	HOH:673	O	2.8007536531999206	1.0	46.0	water_mediated_like			buried				0.0	0.0		unmodified
P11309	7OOV	A	261	SER_only_multi_2	2	2	1.96	SER	341		2	33-305	33-305	SER,SER	/mnt/c/Users/drpat/OneDrive - UGent/Desktop/PD/Phospho-fill/Validation-allPDB/pdb_cache/7oov.cif	SER	SER	OG	CB	ok			117.46838932633169	ARG:258	ARG	NH2	5.534369213458256	0.0	1.0	ARG:258	ARG	NH2	5.534369213458256	HOH:501	O	3.4198615420618634	1.0	15.0	water_mediated_like			intermediate				0.0	0.0		unmodified
P11309	7OOV	A	276	SER_only_multi_2	2	2	1.96	SER	341		2	33-305	33-305	SER,SER	/mnt/c/Users/drpat/OneDrive - UGent/Desktop/PD/Phospho-fill/Validation-allPDB/pdb_cache/7oov.cif	SER	SER	OG	CB	ok			-117.15560781631315	ARG:274	ARG	NH1	6.305773829282346	0.0	0.0	ASP:277	ASP	OD1	4.421785686619888	HOH:624	O	3.5586196826204257	1.0	19.0	none_obvious			intermediate				0.0	0.0		unmodified
P11309	7OOW	A	261	SER_only_multi_2	2	2	1.95	SER	342		2	33-305	33-305	SER,SER	/mnt/c/Users/drpat/OneDrive - UGent/Desktop/PD/Phospho-fill/Validation-allPDB/pdb_cache/7oow.cif	SER	SER	OG	CB	ok			114.48464184408529	ARG:258	ARG	NH1	5.721177381991168	0.0	1.0	GLU:262	GLU	OE1	4.924445368942854	HOH:634	O	2.9340426679546594	2.0	16.0	water_mediated_like			exposed				0.0	0.0		unmodified
P11309	7OOW	A	276	SER_only_multi_2	2	2	1.95	SER	342		2	33-305	33-305	SER,SER	/mnt/c/Users/drpat/OneDrive - UGent/Desktop/PD/Phospho-fill/Validation-allPDB/pdb_cache/7oow.cif	SER	SER	OG	CB	ok			-118.29854991004983	ARG:274	ARG	NH1	3.582341930868633	1.0	1.0	ARG:274	ARG	NH1	3.582341930868633	HOH:665	O	3.1185204934984894	1.0	22.0	water_mediated_like			intermediate				0.0	0.0		unmodified
P11309	7OOX	A	261	SER_only_multi_2	2	2	1.97	SER	343		2	1-14,36-305	1-14,36-305	SER,SER	/mnt/c/Users/drpat/OneDrive - UGent/Desktop/PD/Phospho-fill/Validation-allPDB/pdb_cache/7oox.cif	SER	SER	OG	CB	ok			113.889666448788	ARG:258	ARG	NH2	5.6239961130992375	0.0	1.0	GLU:262	GLU	OE1	5.332167396244446	HOH:591	O	4.481211404393797	0.0	15.0	none_obvious			intermediate				0.0	0.0		unmodified
P11309	7OOX	A	276	SER_only_multi_2	2	2	1.97	SER	343		2	1-14,36-305	1-14,36-305	SER,SER	/mnt/c/Users/drpat/OneDrive - UGent/Desktop/PD/Phospho-fill/Validation-allPDB/pdb_cache/7oox.cif	SER	SER	OG	CB	ok			-128.72511723115312	ARG:274	ARG	NE	4.890675822486855	0.0	1.0	ASP:277	ASP	OD1	4.4105448713238	HOH:533	O	2.564808719878232	1.0	22.0	water_mediated_like			intermediate				0.0	0.0		unmodified
P49759	7OPG	B	341	SER_mixed_with_THR	1	2	1.93	SER	506		2	148-483	148-483	SER	/mnt/c/Users/drpat/OneDrive - UGent/Desktop/PD/Phospho-fill/Validation-allPDB/pdb_cache/7opg.cif	SER	SER	OG	CB	ok			133.50696202891297	ARG:346	ARG	NE	5.439675925839258	0.0	1.0	SER:364	SER	OG	4.247129794860104	HOH:714	O	2.844602052862594	1.0	46.0	water_mediated_like			buried				0.0	0.0		unmodified
P62987	7OWC	A	65	SER_single	1	1	1.85	SER	537		1	1-74	1-74	SER	/mnt/c/Users/drpat/OneDrive - UGent/Desktop/PD/Phospho-fill/Validation-allPDB/pdb_cache/7owc.cif	SER	SER	OG	CB	ok			106.28071167624768					0.0	0.0	GLN:62	GLN	OE1	6.885940246352518	HOH:117	O	2.73264171222733	1.0	34.0	water_mediated_like			buried				0.0	0.0		unmodified
P42336	7PG5	A	7	SER_only_multi_3	3	3	2.20029074868	SER	470		3	3-313,322-501,523-864,871-1065	3-313,322-501,523-864,871-1065	SER,SER,SER	/mnt/c/Users/drpat/OneDrive - UGent/Desktop/PD/Phospho-fill/Validation-allPDB/pdb_cache/7pg5.cif	SER	SER	OG	CB	ok			130.1332143313994	HIS:14	HIS	CE1	6.743406079911031	0.0	0.0	GLN:75	GLN	OE1	4.98731513958544	HOH:1252	O	5.558630248389948	0.0	9.0	none_obvious			intermediate				0.0	0.0		unmodified
P42336	7PG5	A	158	SER_only_multi_3	3	3	2.20029074868	SER	470		3	3-313,322-501,523-864,871-1065	3-313,322-501,523-864,871-1065	SER,SER,SER	/mnt/c/Users/drpat/OneDrive - UGent/Desktop/PD/Phospho-fill/Validation-allPDB/pdb_cache/7pg5.cif	SER	SER	OG	CB	ok			112.75006528714299	ARG:162	ARG	NH1	4.049750786076579	0.0	1.0	ASP:155	ASP	OD1	2.2097633682654907				0.0	40.0	hbond_like			buried				0.0	0.0		unmodified
P42336	7PG5	A	790	SER_only_multi_3	3	3	2.20029074868	SER	470		3	3-313,322-501,523-864,871-1065	3-313,322-501,523-864,871-1065	SER,SER,SER	/mnt/c/Users/drpat/OneDrive - UGent/Desktop/PD/Phospho-fill/Validation-allPDB/pdb_cache/7pg5.cif	SER	SER	OG	CB	ok			-118.78977666235069	LYS:204	LYS	NZ	6.866065551684643	0.0	0.0	GLN:795	GLN	OE1	3.04766732006645	HOH:1227	O	2.4998724172131634	1.0	44.0	hbond_like			buried				0.0	0.0		unmodified
P42336	7PG6	A	7	SER_only_multi_3	3	3	2.49943744477	SER	471		3	3-313,323-500,523-864,871-1065	3-313,323-500,523-864,871-1065	SER,SER,SER	/mnt/c/Users/drpat/OneDrive - UGent/Desktop/PD/Phospho-fill/Validation-allPDB/pdb_cache/7pg6.cif	SER	SER	OG	CB	ok			142.3113780277769	HIS:14	HIS	CE1	4.511086021080009	0.0	1.0	ASP:717	ASP	OD2	4.428598250272805				0.0	16.0	none_obvious			intermediate				0.0	0.0		unmodified
P42336	7PG6	A	158	SER_only_multi_3	3	3	2.49943744477	SER	471		3	3-313,323-500,523-864,871-1065	3-313,323-500,523-864,871-1065	SER,SER,SER	/mnt/c/Users/drpat/OneDrive - UGent/Desktop/PD/Phospho-fill/Validation-allPDB/pdb_cache/7pg6.cif	SER	SER	OG	CB	ok			114.07276273345477	ARG:162	ARG	NH1	3.7666565943575154	1.0	1.0	ASP:155	ASP	OD1	2.4837724751007264				0.0	39.0	hbond_like			buried				0.0	0.0		unmodified
P42336	7PG6	A	790	SER_only_multi_3	3	3	2.49943744477	SER	471		3	3-313,323-500,523-864,871-1065	3-313,323-500,523-864,871-1065	SER,SER,SER	/mnt/c/Users/drpat/OneDrive - UGent/Desktop/PD/Phospho-fill/Validation-allPDB/pdb_cache/7pg6.cif	SER	SER	OG	CB	ok			-100.16720448024971	ARG:765	ARG	NH2	6.538784397463948	0.0	0.0	GLN:795	GLN	OE1	2.2281231334749405	HOH:1205	O	4.30771943628812	0.0	45.0	hbond_like			buried				0.0	0.0		unmodified
Q02750	7PQV	A	218	SER_single	1	1	2.13	SER	693		2	39-220,224-275,307-382	39-220,224-275,307-382	SER	/mnt/c/Users/drpat/OneDrive - UGent/Desktop/PD/Phospho-fill/Validation-allPDB/pdb_cache/7pqv.cif	SER	SER	OG	CB	ok			121.07435087058077					0.0	0.0	GLN:214	GLN	NE2	2.8292680996574404				0.0	32.0	hbond_like			buried				0.0	0.0		unmodified
P04150	7PRX	A	617	SER_single	1	1	2.2	SER	110		2	529-776	529-776	SER	/mnt/c/Users/drpat/OneDrive - UGent/Desktop/PD/Phospho-fill/Validation-allPDB/pdb_cache/7prx.cif	SER	SER	OG	CB	ok			123.9171377792358	HIS:654	HIS	ND1	4.566047863386364	0.0	1.0	HIS:654	HIS	ND1	4.566047863386364				0.0	16.0	none_obvious			intermediate				0.0	0.0		unmodified
P68400	7PSU	A	2	SER_single	1	1	1.77	SER	619		1	2-333	2-333	SER	/mnt/c/Users/drpat/OneDrive - UGent/Desktop/PD/Phospho-fill/Validation-allPDB/pdb_cache/7psu.cif	SER	SER	OG	CB	ok			8.181021612186322					0.0	0.0	ASN:262	ASN	ND2	4.029301465306682	HOH:653	O	3.3599851405004704	1.0	8.0	water_mediated_like			intermediate				0.0	0.0		unmodified
P11309	7QFM	A	276	SER_single	1	1	1.95	SER	344		2	33-46,49-305	33-46,49-305	SER	/mnt/c/Users/drpat/OneDrive - UGent/Desktop/PD/Phospho-fill/Validation-allPDB/pdb_cache/7qfm.cif	SER	SER	OG	CB	ok			-118.96144699738595					0.0	0.0	ASP:277	ASP	OD1	4.2516236892717485	HOH:509	O	2.6362319207725733	2.0	18.0	water_mediated_like			exposed	SEP:261	SEP	26.47248251573995	0.0	0.0		unmodified
Q9NWZ3	7QG1	B	284	SER_single	1	1	2.07	SER	983		4	164-216,223-336,344-458	164-216,223-336,344-458	SER	/mnt/c/Users/drpat/OneDrive - UGent/Desktop/PD/Phospho-fill/Validation-allPDB/pdb_cache/7qg1.cif	SER	SER	OG	CB	ok			-108.57935545775422	HIS:286	HIS	CD2	5.038272903171779	0.0	1.0	ASP:420	ASP	OD2	3.7948319660299585	HOH:723	O	5.179843095863787	0.0	27.0	none_obvious			buried	TPO:345	TPO	40.36677514709584	0.0	0.0		unmodified
Q9NWZ3	7QG3	B	284	SER_single	1	1	2.11	SER	984		4	164-215,222-336,343-458	164-215,222-336,343-458	SER	/mnt/c/Users/drpat/OneDrive - UGent/Desktop/PD/Phospho-fill/Validation-allPDB/pdb_cache/7qg3.cif	SER	SER	OG	CB	ok			-106.32397702102824	HIS:286	HIS	CD2	4.838996941542574	0.0	1.0	ASP:420	ASP	OD2	3.598703198660047				0.0	28.0	none_obvious			buried	TPO:345	TPO	40.505578527752746	0.0	0.0		unmodified
Q9NWZ3	7QG5	B	284	SER_mixed_with_THR	1	2	2.3	SER	985		4	164-215,224-335,342-458	164-215,224-335,342-458	SER	/mnt/c/Users/drpat/OneDrive - UGent/Desktop/PD/Phospho-fill/Validation-allPDB/pdb_cache/7qg5.cif	SER	SER	OG	CB	ok			-108.40037121790341	HIS:286	HIS	CD2	4.9093189091179	0.0	1.0	ASP:420	ASP	OD2	3.8021704026977075	HOH:656	O	3.4190356264577666	1.0	27.0	water_mediated_like			buried	TPO:345	TPO	40.24411853149468	0.0	0.0		unmodified
P68400	7QGD	A	2	SER_single	1	1	2.3	SER	620		1	2-334	2-334	SER	/mnt/c/Users/drpat/OneDrive - UGent/Desktop/PD/Phospho-fill/Validation-allPDB/pdb_cache/7qgd.cif	SER	SER	OG	CB	ok			111.92748120659483					0.0	0.0	ASN:262	ASN	OD1	6.569741973701378	HOH:765	O	4.431035864191611	0.0	2.0	none_obvious			intermediate				0.0	0.0		unmodified
P68400	7QGE	A	2	SER_single	1	1	2.27	SER	621		1	2-334	2-334	SER	/mnt/c/Users/drpat/OneDrive - UGent/Desktop/PD/Phospho-fill/Validation-allPDB/pdb_cache/7qge.cif	SER	SER	OG	CB	ok			-101.31659560608622					0.0	0.0	ASN:262	ASN	ND2	4.707254685325199	HOH:628	O	3.4085188013369656	1.0	7.0	water_mediated_like			intermediate				0.0	0.0		unmodified
O94804	7QGP	A	191	SER_mixed_with_THR	1	3	1.9	SER	82		3	23-68,72-313	23-68,72-313	SER	/mnt/c/Users/drpat/OneDrive - UGent/Desktop/PD/Phospho-fill/Validation-allPDB/pdb_cache/7qgp.cif	SER				missing_anchor_or_base																													
Q9HCE5	7RX6	B	399	SER_single	1	1	1.8	SER	926		1	117-203,208-272,276-399	117-203,208-272,276-399	SER	/mnt/c/Users/drpat/OneDrive - UGent/Desktop/PD/Phospho-fill/Validation-allPDB/pdb_cache/7rx6.cif	SER	SER	OG	CB	ok			-129.77514630074					0.0	0.0	SER:299	SER	OG	4.189529288239933	HOH:568	O	6.3092937423714295	0.0	8.0	none_obvious			intermediate				0.0	0.0		unmodified
Q9HCE5	7RX7	B	399	SER_single	1	1	1.645	SER	927		1	116-399	116-399	SER	/mnt/c/Users/drpat/OneDrive - UGent/Desktop/PD/Phospho-fill/Validation-allPDB/pdb_cache/7rx7.cif	SER	SER	OG	CB	ok			114.01403164768847					0.0	0.0	ASN:308	ASN	OD1	6.079878886182323	HOH:511	O	2.4773732677704023	2.0	6.0	water_mediated_like			exposed				0.0	0.0		unmodified
Q9HCE5	7RX8	B	399	SER_single	1	1	1.85	SER	928		1	116-399	116-399	SER	/mnt/c/Users/drpat/OneDrive - UGent/Desktop/PD/Phospho-fill/Validation-allPDB/pdb_cache/7rx8.cif	SER	SER	OG	CB	ok			-135.06882138949558	HIS:298	HIS	NE2	4.958237539940295	0.0	1.0	SER:299	SER	OG	2.997388113385386	HOH:680	O	6.229009385303347	0.0	12.0	hbond_like			intermediate				0.0	0.0		unmodified
P36871	7S0W	A	117	SER_single	1	1	2.5	SER	456		1	1-505,511-562	1-505,511-562	SER	/mnt/c/Users/drpat/OneDrive - UGent/Desktop/PD/Phospho-fill/Validation-allPDB/pdb_cache/7s0w.cif	SER	SER	OG	CB	ok			14.994095497333278	HIS:118	HIS	ND1	3.1567972675174207	1.0	4.0	ASP:288	ASP	OD2	2.76946100422366	HOH:707	O	2.4312797585163337	2.0	45.0	salt_bridge_like			exposed				0.0	0.0		unmodified
Q92918	7SIU	A	171	SER_mixed_with_THR	1	2	1.786	SER	899		2	5-294	5-294	SER	/mnt/c/Users/drpat/OneDrive - UGent/Desktop/PD/Phospho-fill/Validation-allPDB/pdb_cache/7siu.cif	SER	SER	OG	CB	ok			112.04015937485795	ARG:168	ARG	NE	7.89530424485532	0.0	0.0	ARG:168	ARG	NE	7.89530424485532	HOH:1094	O	2.7682002801369743	2.0	18.0	water_mediated_like			exposed				0.0	0.0		unmodified
E0W1I1	7T4M	A	202	SER_mixed_with_THR	2	3	2.48	SER	8		3	116-137,147-180,188-267,281-517,540-574	116-137,147-180,188-267,281-517,540-574	SER,SER	/mnt/c/Users/drpat/OneDrive - UGent/Desktop/PD/Phospho-fill/Validation-allPDB/pdb_cache/7t4m.cif	SER	SER	OG	CB	ok			120.1383024655295					0.0	0.0	ASN:203	ASN	OD1	6.388161610546045				0.0	7.0	none_obvious			intermediate				0.0	0.0		unmodified
E0W1I1	7T4M	A	204	SER_mixed_with_THR	2	3	2.48	SER	8		3	116-137,147-180,188-267,281-517,540-574	116-137,147-180,188-267,281-517,540-574	SER,SER	/mnt/c/Users/drpat/OneDrive - UGent/Desktop/PD/Phospho-fill/Validation-allPDB/pdb_cache/7t4m.cif	SER	SER	OG	CB	ok			-129.90800692505107					0.0	0.0	THR:205	THR	OG1	4.255734001580527				0.0	36.0	none_obvious			buried				0.0	0.0		unmodified
E0W1I1	7T4N	A	202	SER_mixed_with_THR	2	3	2.35	SER	9		3	116-137,148-180,188-267,282-515,540-574	116-137,148-180,188-267,282-515,540-574	SER,SER	/mnt/c/Users/drpat/OneDrive - UGent/Desktop/PD/Phospho-fill/Validation-allPDB/pdb_cache/7t4n.cif	SER	SER	OG	CB	ok			129.4595820982259					0.0	0.0	ASN:203	ASN	OD1	6.358067025445255				0.0	8.0	none_obvious			intermediate				0.0	0.0		unmodified
E0W1I1	7T4N	A	204	SER_mixed_with_THR	2	3	2.35	SER	9		3	116-137,148-180,188-267,282-515,540-574	116-137,148-180,188-267,282-515,540-574	SER,SER	/mnt/c/Users/drpat/OneDrive - UGent/Desktop/PD/Phospho-fill/Validation-allPDB/pdb_cache/7t4n.cif	SER	SER	OG	CB	ok			-128.21610634728103					0.0	0.0	THR:205	THR	OG1	4.214652707784623				0.0	36.0	none_obvious			buried				0.0	0.0		unmodified
Q94KI8	7TBG	A	22	SER_mixed_with_THR	1	3	2.5	SER	901		3	20-173,183-359,381-407,428-454,464-513,527-686	20-173,183-359,381-407,428-454,464-513,527-686	SER	/mnt/c/Users/drpat/OneDrive - UGent/Desktop/PD/Phospho-fill/Validation-allPDB/pdb_cache/7tbg.cif	SER	SER	OG	CB	ok			124.89025279628137	ARG:69	ARG	NH2	5.2703103350064	0.0	1.0	ARG:69	ARG	NH2	5.2703103350064				0.0	20.0	none_obvious			intermediate				0.0	0.0		unmodified
P42336	7TZ7	A	7	SER_only_multi_3	3	3	2.41	SER	472		3	2-187,190-228,253-311,323-501,521-863,871-1052	2-187,190-228,253-311,323-501,521-863,871-1052	SER,SER,SER	/mnt/c/Users/drpat/OneDrive - UGent/Desktop/PD/Phospho-fill/Validation-allPDB/pdb_cache/7tz7.cif	SER	SER	OG	CB	ok			108.07555666515262	ARG:4	ARG	NH1	4.311871082812133	0.0	1.0	GLU:710	GLU	OE1	2.707992679811479				0.0	33.0	hbond_like			buried				0.0	0.0		unmodified
P42336	7TZ7	A	158	SER_only_multi_3	3	3	2.41	SER	472		3	2-187,190-228,253-311,323-501,521-863,871-1052	2-187,190-228,253-311,323-501,521-863,871-1052	SER,SER,SER	/mnt/c/Users/drpat/OneDrive - UGent/Desktop/PD/Phospho-fill/Validation-allPDB/pdb_cache/7tz7.cif	SER				missing_anchor_or_base																													
P42336	7TZ7	A	790	SER_only_multi_3	3	3	2.41	SER	472		3	2-187,190-228,253-311,323-501,521-863,871-1052	2-187,190-228,253-311,323-501,521-863,871-1052	SER,SER,SER	/mnt/c/Users/drpat/OneDrive - UGent/Desktop/PD/Phospho-fill/Validation-allPDB/pdb_cache/7tz7.cif	SER	SER	OG	CB	ok			-114.32510182502935					0.0	0.0	ASN:785	ASN	ND2	5.365098626606267				0.0	27.0	none_obvious			buried				0.0	0.0		unmodified
Q5ZSZ6	7VKB	A	54	SER_single	1	1	1.82	SER	884		1	52-312	52-312	SER	/mnt/c/Users/drpat/OneDrive - UGent/Desktop/PD/Phospho-fill/Validation-allPDB/pdb_cache/7vkb.cif	SER	SER	OG	CB	ok			-30.89229133105568	HIS:199	HIS	NE2	5.173259125062403	0.0	3.0	ASP:197	ASP	OD2	2.8682638536783163	HOH:516	O	4.651691931974124	0.0	27.0	hbond_like			buried				0.0	0.0		unmodified
P11309	7VSY	A	261	SER_only_multi_2	2	2	2.141	SER	345		2	33-305	33-305	SER,SER	/mnt/c/Users/drpat/OneDrive - UGent/Desktop/PD/Phospho-fill/Validation-allPDB/pdb_cache/7vsy.cif	SER	SER	OG	CB	ok			114.32049938480517	ARG:258	ARG	NH2	6.023685921826065	0.0	0.0	GLU:262	GLU	OE2	5.159373453225138	HOH:439	O	3.057533438143814	1.0	13.0	water_mediated_like			intermediate				0.0	0.0		unmodified
P11309	7VSY	A	276	SER_only_multi_2	2	2	2.141	SER	345		2	33-305	33-305	SER,SER	/mnt/c/Users/drpat/OneDrive - UGent/Desktop/PD/Phospho-fill/Validation-allPDB/pdb_cache/7vsy.cif	SER	SER	OG	CB	ok			-116.13236629920178					0.0	0.0	ASP:277	ASP	OD1	3.876155361046039	HOH:447	O	3.3008020872937465	1.0	18.0	water_mediated_like			intermediate				0.0	0.0		unmodified
O06291	7VYZ	A	280	SER_single	1	1	2.401	SER	11		1	226-363,365-405,414-449,451,454-528	226-363,365-405,414-449,451,454-528	SER	/mnt/c/Users/drpat/OneDrive - UGent/Desktop/PD/Phospho-fill/Validation-allPDB/pdb_cache/7vyz.cif	SER	SER	OG	CB	ok			-114.94669466664973					0.0	0.0	ASN:278	ASN	ND2	3.4177587650992387	HOH:617	O	4.713270146019808	0.0	22.0	hbond_like			intermediate				0.0	0.0		unmodified
O06291	7VZ0	A	280	SER_single	1	1	1.95	SER	12		1	226-404,415-528	226-404,415-528	SER	/mnt/c/Users/drpat/OneDrive - UGent/Desktop/PD/Phospho-fill/Validation-allPDB/pdb_cache/7vz0.cif	SER	SER	OG	CB	ok			132.50205104331027					0.0	0.0	ASN:278	ASN	OD1	4.7256085286614455	HOH:625	O	2.837493451388375	1.0	15.0	water_mediated_like			intermediate				0.0	0.0		unmodified
O06291	7W21	A	280	SER_single	1	1	2.0	SER	13		1	226-404,415-528	226-404,415-528	SER	/mnt/c/Users/drpat/OneDrive - UGent/Desktop/PD/Phospho-fill/Validation-allPDB/pdb_cache/7w21.cif	SER	SER	OG	CB	ok			-113.94026351029002					0.0	0.0	ASN:278	ASN	OD1	3.3276607462885175	HOH:631	O	2.626640218336055	1.0	22.0	hbond_like			intermediate				0.0	0.0		unmodified
O06291	7W22	A	280	SER_single	1	1	2.01	SER	14		1	225-405,415-452,455-528	225-405,415-452,455-528	SER	/mnt/c/Users/drpat/OneDrive - UGent/Desktop/PD/Phospho-fill/Validation-allPDB/pdb_cache/7w22.cif	SER	SER	OG	CB	ok			-116.00908613492794					0.0	0.0	ASN:278	ASN	OD1	3.4880060230565517	HOH:615	O	2.4728091188185712	1.0	22.0	hbond_like			intermediate				0.0	0.0		unmodified
O06291	7W23	A	280	SER_single	1	1	1.9	SER	15		1	226-363,365-405,415-451,454-528	226-363,365-405,415-451,454-528	SER	/mnt/c/Users/drpat/OneDrive - UGent/Desktop/PD/Phospho-fill/Validation-allPDB/pdb_cache/7w23.cif	SER	SER	OG	CB	ok			-101.65646435186008					0.0	0.0	ASN:278	ASN	OD1	3.319532915695482	HOH:615	O	7.420777452461718	0.0	21.0	hbond_like			intermediate				0.0	0.0		unmodified
O06291	7W4T	A	280	SER_single	1	1	2.2	SER	16		1	226-363,365-405,414-449,451,454-528	226-363,365-405,414-449,451,454-528	SER	/mnt/c/Users/drpat/OneDrive - UGent/Desktop/PD/Phospho-fill/Validation-allPDB/pdb_cache/7w4t.cif	SER	SER	OG	CB	ok			-118.22792793129197					0.0	0.0	ASN:278	ASN	OD1	3.6252844000103477	HOH:601	O	2.3575983412816934	1.0	21.0	water_mediated_like			intermediate				0.0	0.0		unmodified
O06291	7W4U	A	280	SER_single	1	1	2.3	SER	17		1	226-405,415-453,455-528	226-405,415-453,455-528	SER	/mnt/c/Users/drpat/OneDrive - UGent/Desktop/PD/Phospho-fill/Validation-allPDB/pdb_cache/7w4u.cif	SER	SER	OG	CB	ok			-127.68627183146224					0.0	0.0	ASN:278	ASN	OD1	3.2084757313620007				0.0	23.0	hbond_like			intermediate				0.0	0.0		unmodified
O06291	7W4W	A	280	SER_single	1	1	2.0	SER	18		1	225-405,415-452,455-528	225-405,415-452,455-528	SER	/mnt/c/Users/drpat/OneDrive - UGent/Desktop/PD/Phospho-fill/Validation-allPDB/pdb_cache/7w4w.cif	SER	SER	OG	CB	ok			-104.22366292875681					0.0	0.0	ASN:278	ASN	OD1	3.8653141804546447	HOH:605	O	2.6631858801868926	1.0	22.0	water_mediated_like			intermediate				0.0	0.0		unmodified
P68400	7X4H	A	2	SER_single	1	1	1.77	SER	622		1	2-335	2-335	SER	/mnt/c/Users/drpat/OneDrive - UGent/Desktop/PD/Phospho-fill/Validation-allPDB/pdb_cache/7x4h.cif	SER	SER	OG	CB	ok			9.492344396697538					0.0	0.0	ASN:262	ASN	ND2	3.2519353422588417	HOH:734	O	3.835112828362272	1.0	8.0	hbond_like			intermediate				0.0	0.0		unmodified
P04629	7XBI	A	677	SER_single	1	1	2.16	SER	147		2	497-795	497-795	SER	/mnt/c/Users/drpat/OneDrive - UGent/Desktop/PD/Phospho-fill/Validation-allPDB/pdb_cache/7xbi.cif	SER	SER	OG	CB	ok			-127.3865441438766	ARG:682	ARG	NH2	4.24750680060801	0.0	1.0	ARG:682	ARG	NH2	4.24750680060801	HOH:916	O	2.6104638768101505	1.0	26.0	water_mediated_like			buried				0.0	0.0		unmodified
Q02750	7XLP	A	218	SER_single	1	1	2.1	SER	694		2	37-220,225-276,307-382	37-220,225-276,307-382	SER	/mnt/c/Users/drpat/OneDrive - UGent/Desktop/PD/Phospho-fill/Validation-allPDB/pdb_cache/7xlp.cif	SER	SER	OG	CB	ok			117.74220392730602					0.0	0.0	GLN:110	GLN	OE1	7.1778993966006555				0.0	27.0	none_obvious			buried				0.0	0.0		unmodified
Q02750	7XNC	A	218	SER_single	1	1	2.1	SER	695		2	37-220,224-237,240-276,307-382	37-220,224-237,240-276,307-382	SER	/mnt/c/Users/drpat/OneDrive - UGent/Desktop/PD/Phospho-fill/Validation-allPDB/pdb_cache/7xnc.cif	SER	SER	OG	CB	ok			119.68663294142627					0.0	0.0	ASP:217	ASP	OD2	6.842532853482112				0.0	27.0	none_obvious			buried				0.0	0.0		unmodified
P24864	7XQK	B	103	SER_single	1	1	2.25	SER	403		1	101-376	101-376	SER	/mnt/c/Users/drpat/OneDrive - UGent/Desktop/PD/Phospho-fill/Validation-allPDB/pdb_cache/7xqk.cif	SER	SER	OG	CB	ok			8.138542545168628	ARG:113	ARG	NE	5.609326421958762	0.0	1.0	GLU:114	GLU	OE2	4.4176432379258985	HOH:528	O	7.55239454310141	0.0	46.0	none_obvious			buried				0.0	0.0		unmodified
O75531	7Z21	A	4	SER_mixed_with_THR	1	2	1.629	SER	79		2	2-89	2-89	SER	/mnt/c/Users/drpat/OneDrive - UGent/Desktop/PD/Phospho-fill/Validation-allPDB/pdb_cache/7z21.cif	SER	SER	OG	CB	ok			-120.89107307716115	HIS:7	HIS	ND1	5.554538095844859	0.0	1.0	HIS:7	HIS	ND1	5.554538095844859	HOH:213	O	3.3873722721767	1.0	33.0	water_mediated_like			buried				0.0	0.0		unmodified
P11309	7Z6U	A	276	SER_single	1	1	2.28	SER	346		2	33-46,48-80,84-98,100-305	33-46,48-80,84-98,100-305	SER	/mnt/c/Users/drpat/OneDrive - UGent/Desktop/PD/Phospho-fill/Validation-allPDB/pdb_cache/7z6u.cif	SER	SER	OG	CB	ok			-133.701538396679					0.0	0.0	ASP:277	ASP	OD1	4.684143360219808	HOH:504	O	2.571428905680017	1.0	18.0	water_mediated_like			intermediate	SEP:261	SEP	26.935427867806446	0.0	0.0		unmodified
Q13627	7ZH8	A	301	SER_single	1	1	2.3	SER	862		2	135-482	135-482	SER	/mnt/c/Users/drpat/OneDrive - UGent/Desktop/PD/Phospho-fill/Validation-allPDB/pdb_cache/7zh8.cif	SER	SER	OG	CB	ok			-103.08141325430815					0.0	0.0	GLN:268	GLN	NE2	4.61282880521535	HOH:672	O	6.0434128086736365	0.0	18.0	none_obvious			intermediate	PTR:321	PTR	31.89962423526317	0.0	0.0		unmodified
P11309	7ZUN	A	276	SER_single	1	1	2.5	SER	347		2	33-45,49-305	33-45,49-305	SER	/mnt/c/Users/drpat/OneDrive - UGent/Desktop/PD/Phospho-fill/Validation-allPDB/pdb_cache/7zun.cif	SER	SER	OG	CB	ok			-100.57242412095592	ARG:274	ARG	NH2	3.473011220258527	1.0	1.0	ARG:274	ARG	NH2	3.473011220258527	HOH:505	O	6.38640452217197	0.0	24.0	salt_bridge_like			buried	SEP:261	SEP	26.38032728313191	0.0	0.0		unmodified
P11309	8AFR	A	276	SER_single	1	1	2.15	SER	348		2	33-44,51-80,84-305	33-44,51-80,84-305	SER	/mnt/c/Users/drpat/OneDrive - UGent/Desktop/PD/Phospho-fill/Validation-allPDB/pdb_cache/8afr.cif	SER	SER	OG	CB	ok			-125.50879977027833					0.0	0.0	ASP:277	ASP	OD1	4.473102486493682	HOH:586	O	3.0506071774772607	1.0	18.0	water_mediated_like			intermediate	SEP:261	SEP	26.66218692942412	0.0	0.0		unmodified
P42336	8BFU	A	158	SER_only_multi_2	2	2	2.41	SER	473		3	107-231,248-310,324-409,419-862,873-939,952-1046	107-231,248-310,324-409,419-862,873-939,952-1046	SER,SER	/mnt/c/Users/drpat/OneDrive - UGent/Desktop/PD/Phospho-fill/Validation-allPDB/pdb_cache/8bfu.cif	SER	SER	OG	CB	ok			116.99354484375644	ARG:162	ARG	NH1	4.112602218063674	0.0	1.0	ASP:155	ASP	OD1	3.876353377869787				0.0	37.0	none_obvious			buried				0.0	0.0		unmodified
P42336	8BFU	A	790	SER_only_multi_2	2	2	2.41	SER	473		3	107-231,248-310,324-409,419-862,873-939,952-1046	107-231,248-310,324-409,419-862,873-939,952-1046	SER,SER	/mnt/c/Users/drpat/OneDrive - UGent/Desktop/PD/Phospho-fill/Validation-allPDB/pdb_cache/8bfu.cif	SER	SER	OG	CB	ok			-115.63229231987631	ARG:765	ARG	NH2	7.37004006165249	0.0	0.0	GLN:795	GLN	OE1	2.8410102827561405	HOH:1107	O	2.9517334956457524	1.0	44.0	hbond_like			buried				0.0	0.0		unmodified
P0A6F5	8BKZ	A	43	SER_single	1	1	2.3	SER	211		1	2-525	2-525	SER	/mnt/c/Users/drpat/OneDrive - UGent/Desktop/PD/Phospho-fill/Validation-allPDB/pdb_cache/8bkz.cif	SER	SER	OG	CB	ok			-141.3712803058781					0.0	0.0	ASP:41	ASP	OD1	7.814840936312869	HOH:887	O	5.194422404215391	0.0	10.0	none_obvious			intermediate				0.0	0.0		unmodified
P0A6F5	8BL2	A	43	SER_single	1	1	2.3	SER	212		1	2-525	2-525	SER	/mnt/c/Users/drpat/OneDrive - UGent/Desktop/PD/Phospho-fill/Validation-allPDB/pdb_cache/8bl2.cif	SER	SER	OG	CB	ok			-136.70654855265929	LYS:42	LYS	CE	7.98534099168907	0.0	0.0	ASP:41	ASP	OD1	7.380072279517518	HOH:757	O	5.2875295700792595	0.0	14.0	none_obvious			intermediate				0.0	0.0		unmodified
P0A6F5	8BMT	A	43	SER_single	1	1	2.5	SER	213		1	2-525	2-525	SER	/mnt/c/Users/drpat/OneDrive - UGent/Desktop/PD/Phospho-fill/Validation-allPDB/pdb_cache/8bmt.cif	SER	SER	OG	CB	ok			-119.62852094370704	LYS:42	LYS	CE	7.9630407750967604	0.0	0.0	GLU:59	GLU	OE1	7.7712854049284				0.0	14.0	none_obvious			intermediate				0.0	0.0		unmodified
Q13627	8C3G	A	301	SER_single	1	1	2.08	SER	863		2	134-409,413-480	134-409,413-480	SER	/mnt/c/Users/drpat/OneDrive - UGent/Desktop/PD/Phospho-fill/Validation-allPDB/pdb_cache/8c3g.cif	SER	SER	OG	CB	ok			136.52968165342062	LYS:264	LYS	NZ	4.25985205670317	0.0	1.0	LYS:264	LYS	NZ	4.25985205670317	HOH:722	O	2.8556337207537705	2.0	17.0	water_mediated_like			exposed	PTR:321	PTR	32.676903441245415	0.0	0.0		unmodified
Q13627	8C3Q	A	301	SER_single	1	1	2.32	SER	864		2	134-400,402-409,412-480	134-400,402-409,412-480	SER	/mnt/c/Users/drpat/OneDrive - UGent/Desktop/PD/Phospho-fill/Validation-allPDB/pdb_cache/8c3q.cif	SER	SER	OG	CB	ok			-104.30990577811708	LYS:264	LYS	CE	5.23834909614144	0.0	1.0	GLN:268	GLN	NE2	4.225808397303189	HOH:608	O	3.1082493741651307	1.0	20.0	water_mediated_like			intermediate	PTR:321	PTR	32.36223987884714	0.0	0.0		unmodified
Q13627	8C3R	A	301	SER_single	1	1	2.06	SER	865		2	135-480	135-480	SER	/mnt/c/Users/drpat/OneDrive - UGent/Desktop/PD/Phospho-fill/Validation-allPDB/pdb_cache/8c3r.cif	SER	SER	OG	CB	ok			-114.31125708031598	LYS:264	LYS	CE	4.488367423648561	0.0	1.0	GLN:268	GLN	NE2	4.413934936652411	HOH:631	O	2.585107034849812	1.0	20.0	water_mediated_like			intermediate	PTR:321	PTR	32.237015779124754	0.0	0.0		unmodified
P68400	8C5Q	B	2	SER_single	1	1	2.5	SER	623		1	2-332	2-332	SER	/mnt/c/Users/drpat/OneDrive - UGent/Desktop/PD/Phospho-fill/Validation-allPDB/pdb_cache/8c5q.cif	SER	SER	OG	CB	ok			-139.6324879200253					0.0	0.0	ASN:262	ASN	ND2	3.2063133989909107				0.0	8.0	hbond_like			intermediate				0.0	0.0		unmodified
P42336	8DCP	A	158	SER_only_multi_2	2	2	2.41	SER	474		3	20-238,242-310,324-503,514-518,522-1053	20-238,242-310,324-503,514-518,522-1053	SER,SER	/mnt/c/Users/drpat/OneDrive - UGent/Desktop/PD/Phospho-fill/Validation-allPDB/pdb_cache/8dcp.cif	SER	SER	OG	CB	ok			-29.926362351570468	ARG:162	ARG	NE	3.9697841498833175	1.0	1.0	ARG:162	ARG	NE	3.9697841498833175				0.0	22.0	none_obvious			intermediate				0.0	0.0		unmodified
P42336	8DCP	A	790	SER_only_multi_2	2	2	2.41	SER	474		3	20-238,242-310,324-503,514-518,522-1053	20-238,242-310,324-503,514-518,522-1053	SER,SER	/mnt/c/Users/drpat/OneDrive - UGent/Desktop/PD/Phospho-fill/Validation-allPDB/pdb_cache/8dcp.cif	SER	SER	OG	CB	ok			-141.76612455996784	LYS:204	LYS	NZ	7.6591477571462	0.0	0.0	GLN:795	GLN	OE1	4.174554515789703				0.0	42.0	none_obvious			buried				0.0	0.0		unmodified
Q9NWZ3	8DKS	A	284	SER_single	1	1	2.45	SER	986		4	165-216,222-336,343-344,346-459	165-216,222-336,343-344,346-459	SER	/mnt/c/Users/drpat/OneDrive - UGent/Desktop/PD/Phospho-fill/Validation-allPDB/pdb_cache/8dks.cif	SER	SER	OG	CB	ok			-115.91477229729867	HIS:286	HIS	CD2	5.252183144629553	0.0	1.0	ASP:420	ASP	OD2	3.906208837863299	HOH:608	O	4.856321609941023	0.0	29.0	none_obvious			buried	SEP:346	SEP	45.72526977100711	0.0	0.0		unmodified
Q9HW02	8EGM	A	82	SER_single	1	1	2.2	SER	931		1	16-83,86-319	16-83,86-319	SER	/mnt/c/Users/drpat/OneDrive - UGent/Desktop/PD/Phospho-fill/Validation-allPDB/pdb_cache/8egm.cif	SER	SER	OG	CB	ok			117.8628870421263	ARG:104	ARG	NE	2.77246831239517	1.0	1.0	ARG:104	ARG	NE	2.77246831239517	HOH:573	O	2.968561613256861	1.0	19.0	salt_bridge_like			intermediate				0.0	0.0		unmodified
Q9HW02	8EWA	B	82	SER_single	1	1	1.85	SER	932		1	16-194,202-322	16-194,202-322	SER	/mnt/c/Users/drpat/OneDrive - UGent/Desktop/PD/Phospho-fill/Validation-allPDB/pdb_cache/8ewa.cif	SER	SER	OG	CB	ok			-130.39993319022182	ARG:104	ARG	NH1	5.25676311051225	0.0	1.0	SER:81	SER	OG	4.465457923023229	HOH:618	O	2.8631246006899476	3.0	12.0	water_mediated_like			exposed				0.0	0.0		unmodified
P42336	8EXL	A	158	SER_only_multi_2	2	2	1.989	SER	475		3	107-199,203-232,248-310,322-348,351-409,417-863,872-941,949-1051	107-199,203-232,248-310,322-348,351-409,417-863,872-941,949-1051	SER,SER	/mnt/c/Users/drpat/OneDrive - UGent/Desktop/PD/Phospho-fill/Validation-allPDB/pdb_cache/8exl.cif	SER	SER	OG	CB	ok			-4.569048910990219	ARG:162	ARG	NE	3.2665070573633677	1.0	1.0	ARG:162	ARG	NE	3.2665070573633677	HOH:1432	O	6.422382311142659	0.0	30.0	salt_bridge_like			buried				0.0	0.0		unmodified
P42336	8EXL	A	790	SER_only_multi_2	2	2	1.989	SER	475		3	107-199,203-232,248-310,322-348,351-409,417-863,872-941,949-1051	107-199,203-232,248-310,322-348,351-409,417-863,872-941,949-1051	SER,SER	/mnt/c/Users/drpat/OneDrive - UGent/Desktop/PD/Phospho-fill/Validation-allPDB/pdb_cache/8exl.cif	SER	SER	OG	CB	ok			-125.21464992852033					0.0	0.0	GLU:791	GLU	OE1	3.8353120840856993	HOH:1311	O	7.99251639190236	0.0	44.0	none_obvious			buried				0.0	0.0		unmodified
P42336	8EXO	A	158	SER_only_multi_2	2	2	2.46	SER	476		3	107-232,246-310,322-348,351-409,417-863,872-944,949-1051	107-232,246-310,322-348,351-409,417-863,872-944,949-1051	SER,SER	/mnt/c/Users/drpat/OneDrive - UGent/Desktop/PD/Phospho-fill/Validation-allPDB/pdb_cache/8exo.cif	SER	SER	OG	CB	ok			-7.467897091133674	ARG:162	ARG	NH1	3.2098602443708995	1.0	1.0	ARG:162	ARG	NH1	3.2098602443708995				0.0	29.0	salt_bridge_like			buried				0.0	0.0		unmodified
P42336	8EXO	A	790	SER_only_multi_2	2	2	2.46	SER	476		3	107-232,246-310,322-348,351-409,417-863,872-944,949-1051	107-232,246-310,322-348,351-409,417-863,872-944,949-1051	SER,SER	/mnt/c/Users/drpat/OneDrive - UGent/Desktop/PD/Phospho-fill/Validation-allPDB/pdb_cache/8exo.cif	SER	SER	OG	CB	ok			-122.97731941951396	LYS:204	LYS	NZ	6.990994976224613	0.0	0.0	GLU:791	GLU	OE1	4.219410797237324	HOH:1209	O	7.789556709930504	0.0	44.0	none_obvious			buried				0.0	0.0		unmodified
P42336	8EXV	A	158	SER_only_multi_2	2	2	2.48	SER	477		3	107-199,203-232,246-310,322-348,351-409,417-863,872-942,949-1051	107-199,203-232,246-310,322-348,351-409,417-863,872-942,949-1051	SER,SER	/mnt/c/Users/drpat/OneDrive - UGent/Desktop/PD/Phospho-fill/Validation-allPDB/pdb_cache/8exv.cif	SER	SER	OG	CB	ok			31.361531925514193	ARG:162	ARG	NE	2.890008378792618	1.0	1.0	ARG:162	ARG	NE	2.890008378792618				0.0	34.0	salt_bridge_like			buried				0.0	0.0		unmodified
P42336	8EXV	A	790	SER_only_multi_2	2	2	2.48	SER	477		3	107-199,203-232,246-310,322-348,351-409,417-863,872-942,949-1051	107-199,203-232,246-310,322-348,351-409,417-863,872-942,949-1051	SER,SER	/mnt/c/Users/drpat/OneDrive - UGent/Desktop/PD/Phospho-fill/Validation-allPDB/pdb_cache/8exv.cif	SER	SER	OG	CB	ok			-133.84162376263777	LYS:204	LYS	NZ	6.863491202085935	0.0	0.0	GLU:791	GLU	OE1	4.031231265229813	HOH:1211	O	7.846845206302272	0.0	44.0	none_obvious			buried				0.0	0.0		unmodified
Q5ZSZ6	8EZR	B	54	SER_single	1	1	1.95	SER	885		1	1-9,50-312	1-9,50-312	SER	/mnt/c/Users/drpat/OneDrive - UGent/Desktop/PD/Phospho-fill/Validation-allPDB/pdb_cache/8ezr.cif	SER	SER	OG	CB	ok			17.246847164257744	LYS:157	LYS	CE	4.164855970343306	0.0	2.0	TYR:158	TYR	OH	3.0064166778904493				0.0	32.0	hbond_like			buried				0.0	0.0		unmodified
Q5ZSZ6	8EZS	B	54	SER_single	1	1	2.47	SER	886		1	3-9,53-312	3-9,53-312	SER	/mnt/c/Users/drpat/OneDrive - UGent/Desktop/PD/Phospho-fill/Validation-allPDB/pdb_cache/8ezs.cif	SER	SER	OG	CB	ok			-10.558314500246151	LYS:157	LYS	NZ	4.352699135182013	0.0	2.0	LYS:157	LYS	NZ	4.352699135182013	HOH:535	O	5.821652416619457	0.0	30.0	none_obvious			buried				0.0	0.0		unmodified
P04406	8G12	A	51	SER_only_multi_2	2	2	2.17	SER	118		2	2-335	2-335	SER,SER	/mnt/c/Users/drpat/OneDrive - UGent/Desktop/PD/Phospho-fill/Validation-allPDB/pdb_cache/8g12.cif	SER	SER	OG	CB	ok			109.50382549410801	ARG:13	ARG	NH2	7.515736581041669	0.0	0.0	ASP:50	ASP	OD1	5.998621079618794				0.0	7.0	none_obvious			intermediate				0.0	0.0		unmodified
P04406	8G12	A	151	SER_only_multi_2	2	2	2.17	SER	118		2	2-335	2-335	SER,SER	/mnt/c/Users/drpat/OneDrive - UGent/Desktop/PD/Phospho-fill/Validation-allPDB/pdb_cache/8g12.cif	SER	SER	OG	CB	ok			-114.74313874438279					0.0	0.0	THR:154	THR	OG1	2.8024600883654207				0.0	35.0	hbond_like			buried				0.0	0.0		unmodified
P04406	8G13	A	51	SER_only_multi_2	2	2	2.3	SER	119		2	2-335	2-335	SER,SER	/mnt/c/Users/drpat/OneDrive - UGent/Desktop/PD/Phospho-fill/Validation-allPDB/pdb_cache/8g13.cif	SER	SER	OG	CB	ok			109.42636771711854	ARG:13	ARG	NH2	6.723676001038493	0.0	0.0	ASP:50	ASP	OD1	5.9826619248112545				0.0	7.0	none_obvious			intermediate				0.0	0.0		unmodified
P04406	8G13	A	151	SER_only_multi_2	2	2	2.3	SER	119		2	2-335	2-335	SER,SER	/mnt/c/Users/drpat/OneDrive - UGent/Desktop/PD/Phospho-fill/Validation-allPDB/pdb_cache/8g13.cif	SER	SER	OG	CB	ok			-116.46881136750044	HIS:179	HIS	NE2	7.9060310142068495	0.0	0.0	THR:154	THR	OG1	3.500686149418055				0.0	32.0	none_obvious			buried				0.0	0.0		unmodified
P04406	8G14	A	51	SER_only_multi_2	2	2	2.3	SER	120		2	2-335	2-335	SER,SER	/mnt/c/Users/drpat/OneDrive - UGent/Desktop/PD/Phospho-fill/Validation-allPDB/pdb_cache/8g14.cif	SER	SER	OG	CB	ok			107.22971363833145	ARG:13	ARG	NH2	6.899353967932705	0.0	0.0	ASP:50	ASP	OD1	6.0180186307057255				0.0	6.0	none_obvious			intermediate				0.0	0.0		unmodified
P04406	8G14	A	151	SER_only_multi_2	2	2	2.3	SER	120		2	2-335	2-335	SER,SER	/mnt/c/Users/drpat/OneDrive - UGent/Desktop/PD/Phospho-fill/Validation-allPDB/pdb_cache/8g14.cif	SER	SER	OG	CB	ok			-116.34242423589167	HIS:179	HIS	NE2	7.737319759952504	0.0	0.0	THR:154	THR	OG1	3.4684130034261718				0.0	31.0	hbond_like			buried				0.0	0.0		unmodified
P04406	8G15	A	51	SER_only_multi_2	2	2	2.07	SER	121		2	2-335	2-335	SER,SER	/mnt/c/Users/drpat/OneDrive - UGent/Desktop/PD/Phospho-fill/Validation-allPDB/pdb_cache/8g15.cif	SER	SER	OG	CB	ok			112.65180048679615	ARG:13	ARG	NH2	6.882590398862771	0.0	0.0	ASP:50	ASP	OD1	5.981868663626874				0.0	7.0	none_obvious			intermediate				0.0	0.0		unmodified
P04406	8G15	A	151	SER_only_multi_2	2	2	2.07	SER	121		2	2-335	2-335	SER,SER	/mnt/c/Users/drpat/OneDrive - UGent/Desktop/PD/Phospho-fill/Validation-allPDB/pdb_cache/8g15.cif	SER	SER	OG	CB	ok			-102.25217577460191	HIS:179	HIS	NE2	7.730500508608694	0.0	0.0	THR:154	THR	OG1	3.5781847418109693				0.0	31.0	none_obvious			buried				0.0	0.0		unmodified
P04406	8G16	A	51	SER_only_multi_2	2	2	2.07	SER	122		2	2-335	2-335	SER,SER	/mnt/c/Users/drpat/OneDrive - UGent/Desktop/PD/Phospho-fill/Validation-allPDB/pdb_cache/8g16.cif	SER	SER	OG	CB	ok			113.46357040198751	ARG:13	ARG	NH2	6.7976285740305045	0.0	0.0	ASP:50	ASP	OD1	5.959689295695792				0.0	7.0	none_obvious			intermediate				0.0	0.0		unmodified
P04406	8G16	A	151	SER_only_multi_2	2	2	2.07	SER	122		2	2-335	2-335	SER,SER	/mnt/c/Users/drpat/OneDrive - UGent/Desktop/PD/Phospho-fill/Validation-allPDB/pdb_cache/8g16.cif	SER	SER	OG	CB	ok			-102.25107670227256	HIS:179	HIS	NE2	7.7311142314982915	0.0	0.0	THR:154	THR	OG1	3.578192245006256				0.0	31.0	none_obvious			buried				0.0	0.0		unmodified
P04406	8G17	A	51	SER_only_multi_2	2	2	1.98	SER	123		2	2-335	2-335	SER,SER	/mnt/c/Users/drpat/OneDrive - UGent/Desktop/PD/Phospho-fill/Validation-allPDB/pdb_cache/8g17.cif	SER	SER	OG	CB	ok			111.64860634153351	ARG:13	ARG	NH2	7.42792687313101	0.0	0.0	THR:52	THR	OG1	5.995797206918852				0.0	7.0	none_obvious			intermediate				0.0	0.0		unmodified
P04406	8G17	A	151	SER_only_multi_2	2	2	1.98	SER	123		2	2-335	2-335	SER,SER	/mnt/c/Users/drpat/OneDrive - UGent/Desktop/PD/Phospho-fill/Validation-allPDB/pdb_cache/8g17.cif	SER	SER	OG	CB	ok			-115.74961357727868					0.0	0.0	THR:154	THR	OG1	3.244449487110642				0.0	33.0	hbond_like			buried				0.0	0.0		unmodified
O43318	8GW3	A	192	SER_mixed_with_THR	1	2	2.05	SER	43		2	27-303	27-303	SER	/mnt/c/Users/drpat/OneDrive - UGent/Desktop/PD/Phospho-fill/Validation-allPDB/pdb_cache/8gw3.cif	SER	SER	OG	CB	ok			121.46038320161232	LYS:158	LYS	NZ	2.927966580953137	1.0	1.0	ASP:156	ASP	OD1	2.4171664563912225	HOH:690	O	4.690414357011469	0.0	26.0	salt_bridge_like			buried				0.0	0.0		unmodified
P24864	8H6P	B	103	SER_single	1	1	2.44	SER	404		1	103-373	103-373	SER	/mnt/c/Users/drpat/OneDrive - UGent/Desktop/PD/Phospho-fill/Validation-allPDB/pdb_cache/8h6p.cif	SER	SER	OG	CB	ok			139.91550085518762	ARG:113	ARG	NE	6.925106785258792	0.0	0.0	GLU:114	GLU	OE1	2.6684725740600057				0.0	22.0	hbond_like			intermediate				0.0	0.0		unmodified
P62508	8IFO	B	179	SER_single	1	1	2.2	SER	524		1	124-203	124-203	SER	/mnt/c/Users/drpat/OneDrive - UGent/Desktop/PD/Phospho-fill/Validation-allPDB/pdb_cache/8ifo.cif	SER	SER	OG	CB	ok			-106.05023577003591	ARG:176	ARG	NE	5.600491881806123	0.0	1.0	ARG:176	ARG	NE	5.600491881806123	HOH:411	O	6.121810376600748	0.0	25.0	none_obvious			buried				0.0	0.0		unmodified
P62987	8IPJ	B	65	SER_single	1	1	2.003	SER	538		1	1-8,10-72	1-8,10-72	SER	/mnt/c/Users/drpat/OneDrive - UGent/Desktop/PD/Phospho-fill/Validation-allPDB/pdb_cache/8ipj.cif	SER	SER	OG	CB	ok			111.26276245021796					0.0	0.0	GLN:62	GLN	NE2	6.927709166480319	HOH:124	O	7.027974323256273	0.0	32.0	none_obvious			buried				0.0	0.0		unmodified
P04629	8J5W	A	677	SER_single	1	1	2.28041464539	SER	148		2	485-489,499-548,551-607,610-795	485-489,499-548,551-607,610-795	SER	/mnt/c/Users/drpat/OneDrive - UGent/Desktop/PD/Phospho-fill/Validation-allPDB/pdb_cache/8j5w.cif	SER	SER	OG	CB	ok			123.16636590092298	ARG:682	ARG	NE	7.740394947720955	0.0	0.0	ASP:674	ASP	OD2	6.071437208440567				0.0	23.0	none_obvious			intermediate				0.0	0.0		unmodified
P04629	8J5X	A	677	SER_single	1	1	2.09192247704	SER	149		2	500-795	500-795	SER	/mnt/c/Users/drpat/OneDrive - UGent/Desktop/PD/Phospho-fill/Validation-allPDB/pdb_cache/8j5x.cif	SER	SER	OG	CB	ok			-112.2698216947904	ARG:682	ARG	NH2	7.543397614329965	0.0	0.0	ASP:674	ASP	OD1	5.89441338908598	HOH:918	O	2.567973962218538	5.0	22.0	water_mediated_like			exposed				0.0	0.0		unmodified
P68400	8P05	A	2	SER_single	1	1	2.45	SER	624		1	2-330	2-330	SER	/mnt/c/Users/drpat/OneDrive - UGent/Desktop/PD/Phospho-fill/Validation-allPDB/pdb_cache/8p05.cif	SER	SER	OG	CB	ok			-126.42884902761796					0.0	0.0	ASN:262	ASN	ND2	3.731735959590339				0.0	7.0	none_obvious			intermediate				0.0	0.0		unmodified
P68400	8P06	A	2	SER_single	1	1	2.4	SER	625		1	2-332	2-332	SER	/mnt/c/Users/drpat/OneDrive - UGent/Desktop/PD/Phospho-fill/Validation-allPDB/pdb_cache/8p06.cif	SER	SER	OG	CB	ok			-113.32862597359346					0.0	0.0	ASN:262	ASN	ND2	5.3051073991707325				0.0	5.0	none_obvious			intermediate				0.0	0.0		unmodified
P68400	8P07	A	2	SER_single	1	1	2.4	SER	626		1	2-332	2-332	SER	/mnt/c/Users/drpat/OneDrive - UGent/Desktop/PD/Phospho-fill/Validation-allPDB/pdb_cache/8p07.cif	SER	SER	OG	CB	ok			-97.47570465180978					0.0	0.0	ASN:262	ASN	ND2	5.623867967838899				0.0	5.0	none_obvious			intermediate				0.0	0.0		unmodified
P49759	8P08	A	341	SER_mixed_with_THR	1	2	2.4	SER	507		2	148-481	148-481	SER	/mnt/c/Users/drpat/OneDrive - UGent/Desktop/PD/Phospho-fill/Validation-allPDB/pdb_cache/8p08.cif	SER	SER	OG	CB	ok			149.04127577375195	ARG:198	ARG	NH1	7.001373443508701	0.0	0.0	ARG:198	ARG	NH1	7.001373443508701				0.0	6.0	none_obvious			intermediate				0.0	0.0		unmodified
P0A6F5	8P4M	A	43	SER_single	1	1	2.5	SER	214		1	2-525	2-525	SER	/mnt/c/Users/drpat/OneDrive - UGent/Desktop/PD/Phospho-fill/Validation-allPDB/pdb_cache/8p4m.cif	SER	SER	OG	CB	ok			-119.26076565029454					0.0	0.0	ASP:41	ASP	OD1	7.922114411634532				0.0	15.0	none_obvious			intermediate				0.0	0.0		unmodified
O75385	8P5G	B	87	SER_single	1	1	2.019	SER	49		2	8-148,154-279	8-148,154-279	SER	/mnt/c/Users/drpat/OneDrive - UGent/Desktop/PD/Phospho-fill/Validation-allPDB/pdb_cache/8p5g.cif	SER	SER	OG	CB	ok			-113.27417851065586					0.0	0.0	GLN:82	GLN	OE1	4.517163041187577	HOH:426	O	2.6882762277166194	1.0	32.0	water_mediated_like			buried	TPO:180	TPO	25.53682883490839	0.0	0.0		unmodified
O75385	8P5H	A	87	SER_single	1	1	1.941	SER	50		2	8-149,154-280	8-149,154-280	SER	/mnt/c/Users/drpat/OneDrive - UGent/Desktop/PD/Phospho-fill/Validation-allPDB/pdb_cache/8p5h.cif	SER	SER	OG	CB	ok			-117.22186252208496					0.0	0.0	GLN:82	GLN	OE1	4.689372992542154	HOH:447	O	2.7553224645230077	2.0	28.0	water_mediated_like			exposed	TPO:180	TPO	25.476843747617608	0.0	0.0		unmodified
O75385	8P5I	B	87	SER_single	1	1	1.829	SER	51		2	8-280	8-280	SER	/mnt/c/Users/drpat/OneDrive - UGent/Desktop/PD/Phospho-fill/Validation-allPDB/pdb_cache/8p5i.cif	SER	SER	OG	CB	ok			-111.81507307071978	ARG:18	ARG	NH2	7.872200412345177	0.0	0.0	TYR:89	TYR	OH	4.746894374158465	HOH:412	O	2.5764472496766246	2.0	32.0	water_mediated_like			exposed	TPO:180	TPO	25.577477237404192	0.0	0.0		unmodified
O75385	8P5J	A	87	SER_single	1	1	2.164	SER	52		2	8-149,153-279	8-149,153-279	SER	/mnt/c/Users/drpat/OneDrive - UGent/Desktop/PD/Phospho-fill/Validation-allPDB/pdb_cache/8p5j.cif	SER	SER	OG	CB	ok			-111.18155005980904					0.0	0.0	GLN:82	GLN	OE1	4.832654520854635	HOH:457	O	2.7523274571560266	3.0	30.0	water_mediated_like			exposed	TPO:180	TPO	25.413978993653902	0.0	0.0		unmodified
O75385	8P5K	B	87	SER_single	1	1	2.209	SER	53		2	8-280	8-280	SER	/mnt/c/Users/drpat/OneDrive - UGent/Desktop/PD/Phospho-fill/Validation-allPDB/pdb_cache/8p5k.cif	SER	SER	OG	CB	ok			-109.59085158091361					0.0	0.0	GLN:82	GLN	OE1	4.756842710710011	HOH:485	O	4.791113166674888	0.0	32.0	none_obvious			buried	TPO:180	TPO	25.721442779615405	0.0	0.0		unmodified
O75385	8P5L	A	87	SER_single	1	1	1.836	SER	54		2	8-149,154-280	8-149,154-280	SER	/mnt/c/Users/drpat/OneDrive - UGent/Desktop/PD/Phospho-fill/Validation-allPDB/pdb_cache/8p5l.cif	SER	SER	OG	CB	ok			-107.93159668443224					0.0	0.0	GLN:82	GLN	OE1	4.542233005558892	HOH:412	O	2.4831196918991534	3.0	31.0	water_mediated_like			exposed	TPO:180	TPO	25.672674577423184	0.0	0.0		unmodified
P19097	8PRW	A	1440	SER_single	1	1	1.9	SER	363		1	1-94,328-539,602-1825,1833-1886	1-94,328-539,602-1825,1833-1886	SER	/mnt/c/Users/drpat/OneDrive - UGent/Desktop/PD/Phospho-fill/Validation-allPDB/pdb_cache/8prw.cif	SER	SER	OG	CB	ok			-0.09422409589783408	ARG:1518	ARG	NH1	5.093746925149031	0.0	1.0	ASP:1516	ASP	OD2	3.8527807252086825	HOH:2766	O	4.481492896340704	0.0	32.0	none_obvious			buried				0.0	0.0		unmodified
P68400	8PVO	A	2	SER_single	1	1	2.25	SER	627		1	2-331	2-331	SER	/mnt/c/Users/drpat/OneDrive - UGent/Desktop/PD/Phospho-fill/Validation-allPDB/pdb_cache/8pvo.cif	SER	SER	OG	CB	ok			-120.916694285416					0.0	0.0	ASN:262	ASN	ND2	4.243744792430916				0.0	7.0	none_obvious			intermediate				0.0	0.0		unmodified
P68400	8QQB	A	2	SER_single	1	1	2.26	SER	628		1	2-331	2-331	SER	/mnt/c/Users/drpat/OneDrive - UGent/Desktop/PD/Phospho-fill/Validation-allPDB/pdb_cache/8qqb.cif	SER	SER	OG	CB	ok			114.7833444602307					0.0	0.0	ASN:262	ASN	OD1	5.3187261931591				0.0	6.0	none_obvious			intermediate				0.0	0.0		unmodified
P11309	8R0H	A	276	SER_single	1	1	1.88	SER	349		2	33-305	33-305	SER	/mnt/c/Users/drpat/OneDrive - UGent/Desktop/PD/Phospho-fill/Validation-allPDB/pdb_cache/8r0h.cif	SER	SER	OG	CB	ok			-122.99261223781764	ARG:274	ARG	CZ	3.1322816203160126	1.0	1.0	ARG:274	ARG	NE	3.235726724528681	HOH:566	O	6.178579509569893	0.0	23.0	salt_bridge_like			intermediate	SEP:261	SEP	26.748812886217287	0.0	0.0		unmodified
P11309	8R0Q	A	276	SER_single	1	1	1.7	SER	350		2	33-79,86-305	33-79,86-305	SER	/mnt/c/Users/drpat/OneDrive - UGent/Desktop/PD/Phospho-fill/Validation-allPDB/pdb_cache/8r0q.cif	SER	SER	OG	CB	ok			-116.15406420730208	ARG:274	ARG	NE	2.8728641940303077	1.0	1.0	ARG:274	ARG	NE	2.8728641940303077	HOH:526	O	3.894360371165411	1.0	23.0	salt_bridge_like			intermediate	SEP:261	SEP	26.657437379773526	0.0	0.0		unmodified
P11309	8R0W	A	276	SER_single	1	1	1.95	SER	351		2	33-305	33-305	SER	/mnt/c/Users/drpat/OneDrive - UGent/Desktop/PD/Phospho-fill/Validation-allPDB/pdb_cache/8r0w.cif	SER	SER	OG	CB	ok			114.85233232080027	HIS:219	HIS	ND1	7.864900889334911	0.0	0.0	ASP:277	ASP	OD1	6.267817112453361	HOH:540	O	4.162914611809846	0.0	10.0	none_obvious			intermediate	SEP:261	SEP	27.991848783163864	0.0	0.0		unmodified
P11309	8R0Y	A	276	SER_single	1	1	2.05	SER	352		2	33-47,50-305	33-47,50-305	SER	/mnt/c/Users/drpat/OneDrive - UGent/Desktop/PD/Phospho-fill/Validation-allPDB/pdb_cache/8r0y.cif	SER	SER	OG	CB	ok			-123.99483155715235					0.0	0.0	ASP:277	ASP	OD1	4.309976397913924	HOH:548	O	3.013979667788297	1.0	17.0	water_mediated_like			intermediate	SEP:261	SEP	26.764980968610395	0.0	0.0		unmodified
P11309	8R10	A	276	SER_single	1	1	2.2	SER	353		2	33-45,51-80,84-97,100-305	33-45,51-80,84-97,100-305	SER	/mnt/c/Users/drpat/OneDrive - UGent/Desktop/PD/Phospho-fill/Validation-allPDB/pdb_cache/8r10.cif	SER	SER	OG	CB	ok			-117.72534765859137					0.0	0.0	ASP:277	ASP	OD1	4.2700867688518125	HOH:566	O	3.072757962520163	1.0	17.0	water_mediated_like			intermediate	SEP:261	SEP	26.603254216798717	0.0	0.0		unmodified
P11309	8R18	A	276	SER_single	1	1	1.89	SER	354		2	33-305	33-305	SER	/mnt/c/Users/drpat/OneDrive - UGent/Desktop/PD/Phospho-fill/Validation-allPDB/pdb_cache/8r18.cif	SER	SER	OG	CB	ok			116.8138070295091	ARG:274	ARG	NE	6.784887392855051	0.0	0.0	ASP:277	ASP	OD1	6.344421787359827	HOH:526	O	4.170368847440805	0.0	11.0	none_obvious			intermediate	SEP:261	SEP	28.006516558675642	0.0	0.0		unmodified
P11309	8R1K	A	276	SER_single	1	1	1.95	SER	355		2	33-305	33-305	SER	/mnt/c/Users/drpat/OneDrive - UGent/Desktop/PD/Phospho-fill/Validation-allPDB/pdb_cache/8r1k.cif	SER	SER	OG	CB	ok			-119.10575601722034					0.0	0.0	ASP:277	ASP	OD1	4.417786175879672	HOH:526	O	6.223508055376588	0.0	17.0	none_obvious			intermediate	SEP:261	SEP	26.662325091221348	0.0	0.0		unmodified
P11309	8R1N	A	276	SER_single	1	1	2.21	SER	356		2	34-305	34-305	SER	/mnt/c/Users/drpat/OneDrive - UGent/Desktop/PD/Phospho-fill/Validation-allPDB/pdb_cache/8r1n.cif	SER	SER	OG	CB	ok			103.83223191885395	ARG:274	ARG	NE	7.260752937965759	0.0	0.0	ASP:277	ASP	OD1	6.272230494097165	HOH:570	O	5.641997712346454	0.0	9.0	none_obvious			intermediate	SEP:261	SEP	27.949188643600717	0.0	0.0		unmodified
P11309	8R1P	A	276	SER_single	1	1	2.45	SER	357		2	33-44,49-305	33-44,49-305	SER	/mnt/c/Users/drpat/OneDrive - UGent/Desktop/PD/Phospho-fill/Validation-allPDB/pdb_cache/8r1p.cif	SER	SER	OG	CB	ok			-110.82133881360758					0.0	0.0	ASP:277	ASP	OD1	4.219082964154256	HOH:544	O	3.242729205181395	1.0	18.0	water_mediated_like			intermediate	SEP:261	SEP	26.55242872527636	0.0	0.0		unmodified
P11309	8R1T	A	276	SER_single	1	1	2.0	SER	358		2	33-305	33-305	SER	/mnt/c/Users/drpat/OneDrive - UGent/Desktop/PD/Phospho-fill/Validation-allPDB/pdb_cache/8r1t.cif	SER	SER	OG	CB	ok			108.1036280080327	HIS:219	HIS	ND1	7.749779383374672	0.0	0.0	ASP:277	ASP	OD1	6.321122971310047	HOH:564	O	5.492080831915964	0.0	10.0	none_obvious			intermediate	SEP:261	SEP	27.960397704609598	0.0	0.0		unmodified
P11309	8R1W	A	276	SER_single	1	1	2.15	SER	359		2	33-45,49-305	33-45,49-305	SER	/mnt/c/Users/drpat/OneDrive - UGent/Desktop/PD/Phospho-fill/Validation-allPDB/pdb_cache/8r1w.cif	SER	SER	OG	CB	ok			-118.35585224768036					0.0	0.0	ASP:277	ASP	OD1	4.2413729468611585	HOH:572	O	3.0771390544790673	1.0	18.0	water_mediated_like			intermediate	SEP:261	SEP	26.51750222356421	0.0	0.0		unmodified
P11309	8R25	A	276	SER_single	1	1	2.1	SER	360		2	33-305	33-305	SER	/mnt/c/Users/drpat/OneDrive - UGent/Desktop/PD/Phospho-fill/Validation-allPDB/pdb_cache/8r25.cif	SER	SER	OG	CB	ok			-121.75710617385005					0.0	0.0	ASP:277	ASP	OD1	4.254549026046139	HOH:573	O	3.03524899823474	1.0	18.0	water_mediated_like			intermediate	SEP:261	SEP	26.51634652746662	0.0	0.0		unmodified
P11309	8R27	A	276	SER_single	1	1	1.95	SER	361		2	33-80,82-305	33-80,82-305	SER	/mnt/c/Users/drpat/OneDrive - UGent/Desktop/PD/Phospho-fill/Validation-allPDB/pdb_cache/8r27.cif	SER	SER	OG	CB	ok			113.77472708243062	HIS:219	HIS	ND1	7.777046038899134	0.0	0.0	ASP:277	ASP	OD1	6.285486082102529	HOH:549	O	5.597636111912134	0.0	10.0	none_obvious			intermediate	SEP:261	SEP	28.03696824018594	0.0	0.0		unmodified
Q13627	8R8E	A	301	SER_single	1	1	2.22	SER	866		2	135-481	135-481	SER	/mnt/c/Users/drpat/OneDrive - UGent/Desktop/PD/Phospho-fill/Validation-allPDB/pdb_cache/8r8e.cif	SER	SER	OG	CB	ok			-114.11904453460204					0.0	0.0	GLN:268	GLN	NE2	4.601876522193542	HOH:644	O	6.407403412805935	0.0	19.0	none_obvious			intermediate	PTR:321	PTR	32.06167939120435	0.0	0.0		unmodified
P96356	8RR6	A	78	SER_single	1	1	1.78	SER	648		1	4-291	4-291	SER	/mnt/c/Users/drpat/OneDrive - UGent/Desktop/PD/Phospho-fill/Validation-allPDB/pdb_cache/8rr6.cif	SER	SER	OG	CB	ok			-3.055899950134742	ARG:76	ARG	NH2	5.6849431690192676	0.0	1.0	SER:64	SER	OG	3.9927361323710087	HOH:358	O	3.6236847428874546	1.0	30.0	none_obvious			buried				0.0	0.0		unmodified
P42336	8SBC	A	7	SER_only_multi_3	3	3	2.3	SER	478		3	2-195,206-225,251-310,323-498,524-862,873-1053	2-195,206-225,251-310,323-498,524-862,873-1053	SER,SER,SER	/mnt/c/Users/drpat/OneDrive - UGent/Desktop/PD/Phospho-fill/Validation-allPDB/pdb_cache/8sbc.cif	SER	SER	OG	CB	ok			116.32226956955634	ARG:4	ARG	NH2	4.085899512211977	0.0	1.0	GLU:710	GLU	OE1	2.6024345559722497	HOH:1213	O	4.281897175524816	0.0	35.0	hbond_like			buried				0.0	0.0		unmodified
P42336	8SBC	A	158	SER_only_multi_3	3	3	2.3	SER	478		3	2-195,206-225,251-310,323-498,524-862,873-1053	2-195,206-225,251-310,323-498,524-862,873-1053	SER,SER,SER	/mnt/c/Users/drpat/OneDrive - UGent/Desktop/PD/Phospho-fill/Validation-allPDB/pdb_cache/8sbc.cif	SER				missing_anchor_or_base																													
P42336	8SBC	A	790	SER_only_multi_3	3	3	2.3	SER	478		3	2-195,206-225,251-310,323-498,524-862,873-1053	2-195,206-225,251-310,323-498,524-862,873-1053	SER,SER,SER	/mnt/c/Users/drpat/OneDrive - UGent/Desktop/PD/Phospho-fill/Validation-allPDB/pdb_cache/8sbc.cif	SER	SER	OG	CB	ok			-118.25178961314501	ARG:765	ARG	NH2	7.026342896962607	0.0	0.0	ASN:785	ASN	ND2	5.040569033803392				0.0	38.0	none_obvious			buried				0.0	0.0		unmodified
Q9NWZ3	8SCE	B	284	SER_single	1	1	1.89	SER	987		4	164-216,220-336,342-458	164-216,220-336,342-458	SER	/mnt/c/Users/drpat/OneDrive - UGent/Desktop/PD/Phospho-fill/Validation-allPDB/pdb_cache/8sce.cif	SER	SER	OG	CB	ok			-109.18248658684851	HIS:286	HIS	ND1	4.944838145078442	0.0	1.0	ASP:420	ASP	OD2	3.910906179273843	HOH:711	O	3.197454886462269	2.0	27.0	water_mediated_like			exposed	TPO:342	TPO	36.39025714536413	0.0	0.0		unmodified
Q13627	8T2H	B	301	SER_single	1	1	1.85	SER	868		2	135-408,414-481	135-408,414-481	SER	/mnt/c/Users/drpat/OneDrive - UGent/Desktop/PD/Phospho-fill/Validation-allPDB/pdb_cache/8t2h.cif	SER	SER	OG	CB	ok			-119.97935816391973	LYS:264	LYS	NZ	4.583474457142337	0.0	1.0	GLN:268	GLN	NE2	4.4822458354236	HOH:644	O	2.618534321136033	4.0	21.0	water_mediated_like			exposed	PTR:321	PTR	40.12566767506208	0.0	0.0		unmodified
Q96RR4	8TUC	A	345	SER_only_multi_2	2	2	1.5	SER	914		5	161-209,223-449	161-209,223-449	SER,SER	/mnt/c/Users/drpat/OneDrive - UGent/Desktop/PD/Phospho-fill/Validation-allPDB/pdb_cache/8tuc.cif	SER	SER	OG	CB	ok			115.33920363718454					0.0	0.0	ASN:346	ASN	ND2	5.6779040976164445	HOH:639	O	2.5964006860973496	3.0	12.0	water_mediated_like			exposed				0.0	0.0		unmodified
Q96RR4	8TUC	A	400	SER_only_multi_2	2	2	1.5	SER	914		5	161-209,223-449	161-209,223-449	SER,SER	/mnt/c/Users/drpat/OneDrive - UGent/Desktop/PD/Phospho-fill/Validation-allPDB/pdb_cache/8tuc.cif	SER	SER	OG	CB	ok			-5.516070497819739	LYS:403	LYS	CE	5.9208456579788455	0.0	1.0	SER:404	SER	OG	4.617322497119328	HOH:867	O	5.603312330599623	0.0	19.0	none_obvious			intermediate				0.0	0.0		unmodified
Q9NWZ3	8TVM	B	284	SER_single	1	1	2.1	SER	988		4	164-217,220-336,342-459	164-217,220-336,342-459	SER	/mnt/c/Users/drpat/OneDrive - UGent/Desktop/PD/Phospho-fill/Validation-allPDB/pdb_cache/8tvm.cif	SER	SER	OG	CB	ok			-101.3478711413136	HIS:286	HIS	CD2	5.56716556991481	0.0	1.0	ASP:420	ASP	OD2	3.6448503403906476	HOH:666	O	3.658608851471598	1.0	28.0	none_obvious			buried	TPO:342	TPO	37.30889271142233	0.0	0.0		unmodified
Q9NWZ3	8TVN	B	284	SER_single	1	1	1.95	SER	989		4	164-216,220-255,257-335,342-459	164-216,220-255,257-335,342-459	SER	/mnt/c/Users/drpat/OneDrive - UGent/Desktop/PD/Phospho-fill/Validation-allPDB/pdb_cache/8tvn.cif	SER	SER	OG	CB	ok			-106.18635376731535	HIS:286	HIS	CD2	4.831573205200644	0.0	1.0	ASP:420	ASP	OD2	4.0097676958852855	HOH:694	O	3.028392154365584	1.0	27.0	water_mediated_like			buried	TPO:342	TPO	37.228862473280415	0.0	0.0		unmodified
Q9NWZ3	8TX0	B	284	SER_single	1	1	2.0	SER	990		4	164-337,342-459	164-337,342-459	SER	/mnt/c/Users/drpat/OneDrive - UGent/Desktop/PD/Phospho-fill/Validation-allPDB/pdb_cache/8tx0.cif	SER	SER	OG	CB	ok			-111.03049638551379	HIS:286	HIS	CD2	4.975007188132791	0.0	1.0	ASP:420	ASP	OD2	3.9250291554889425	HOH:647	O	2.8184765966567737	2.0	29.0	water_mediated_like			exposed	TPO:342	TPO	37.415967982790825	0.0	0.0		unmodified
Q9NWZ3	8UCB	D	284	SER_single	1	1	1.85	SER	991		4	163-219,221-336,342-459	163-219,221-336,342-459	SER	/mnt/c/Users/drpat/OneDrive - UGent/Desktop/PD/Phospho-fill/Validation-allPDB/pdb_cache/8ucb.cif	SER	SER	OG	CB	ok			-112.87920702034525	HIS:286	HIS	CD2	4.922385238068367	0.0	1.0	ASP:420	ASP	OD2	3.787643996947172	HOH:624	O	2.6184693679489364	2.0	29.0	water_mediated_like			exposed	TPO:342	TPO	37.192342721109235	0.0	0.0		unmodified
Q9NWZ3	8UCC	A	284	SER_mixed_with_THR	1	2	1.8	SER	992		4	160-336,342-459	160-336,342-459	SER	/mnt/c/Users/drpat/OneDrive - UGent/Desktop/PD/Phospho-fill/Validation-allPDB/pdb_cache/8ucc.cif	SER	SER	OG	CB	ok			-112.49523726415545	HIS:286	HIS	CD2	4.940895506940912	0.0	1.0	ASP:420	ASP	OD2	3.8932094393293513	HOH:625	O	2.702312974577416	2.0	29.0	water_mediated_like			exposed	TPO:345	TPO	40.39886691112787	0.0	0.0		unmodified
Q9NWZ3	8UCC	B	346	SER_mixed_with_THR	2	3	1.8	SER	993		4	164-216,221-336,342-458	164-216,221-336,342-458	SER,SER	/mnt/c/Users/drpat/OneDrive - UGent/Desktop/PD/Phospho-fill/Validation-allPDB/pdb_cache/8ucc.cif	SER	SER	OG	CB	ok			-133.63420825954552	ARG:334	ARG	NH2	7.956720371123057	0.0	0.0	ARG:334	ARG	NH2	7.956720371123057	HOH:615	O	7.002973858368811	0.0	13.0	none_obvious			intermediate	TPO:345	TPO	4.53499034766049	1.0	1.0	TPO:345@4.53	unmodified
O75460	8UVL	A	724	SER_only_multi_3	3	3	2.43	SER	62		3	562-964	562-964	SER,SER,SER	/mnt/c/Users/drpat/OneDrive - UGent/Desktop/PD/Phospho-fill/Validation-allPDB/pdb_cache/8uvl.cif	SER	SER	OG	CB	ok			-90.07894450355376	HIS:723	HIS	CD2	5.605884785672777	0.0	1.0	ASN:750	ASN	ND2	3.8332156099069827	HOH:1165	O	7.083626660356452	0.0	30.0	none_obvious			buried				0.0	0.0		unmodified
O75460	8UVL	A	726	SER_only_multi_3	3	3	2.43	SER	62		3	562-964	562-964	SER,SER,SER	/mnt/c/Users/drpat/OneDrive - UGent/Desktop/PD/Phospho-fill/Validation-allPDB/pdb_cache/8uvl.cif	SER	SER	OG	CB	ok			-21.86750662435905	LYS:716	LYS	NZ	7.131001484617981	0.0	0.0	SER:729	SER	OG	4.90676768823455				0.0	19.0	none_obvious			intermediate				0.0	0.0		unmodified
O75460	8UVL	A	729	SER_only_multi_3	3	3	2.43	SER	62		3	562-964	562-964	SER,SER,SER	/mnt/c/Users/drpat/OneDrive - UGent/Desktop/PD/Phospho-fill/Validation-allPDB/pdb_cache/8uvl.cif	SER	SER	OG	CB	ok			33.14064503926522	LYS:716	LYS	NZ	3.200597746381962	1.0	1.0	LYS:716	LYS	NZ	3.200597746381962				0.0	15.0	salt_bridge_like			intermediate				0.0	0.0		unmodified
Q9NWZ3	8V2F	C	284	SER_single	1	1	2.09	SER	994		4	160-459	160-459	SER	/mnt/c/Users/drpat/OneDrive - UGent/Desktop/PD/Phospho-fill/Validation-allPDB/pdb_cache/8v2f.cif	SER	SER	OG	CB	ok			-110.25635144493913	HIS:286	HIS	CD2	4.818166290925318	0.0	1.0	ASP:420	ASP	OD2	3.9554080493719512	HOH:654	O	2.7332868398602153	2.0	27.0	water_mediated_like			exposed	TPO:342	TPO	37.28945540746932	0.0	0.0		unmodified
Q9NWZ3	8V2L	B	284	SER_single	1	1	2.43	SER	995		4	163-336,342-459	163-336,342-459	SER	/mnt/c/Users/drpat/OneDrive - UGent/Desktop/PD/Phospho-fill/Validation-allPDB/pdb_cache/8v2l.cif	SER	SER	OG	CB	ok			-99.49859111070684	HIS:286	HIS	CD2	4.7232816294218525	0.0	1.0	ASP:420	ASP	OD2	3.3973975639713383	HOH:647	O	3.5759375853077926	1.0	30.0	hbond_like			buried	TPO:342	TPO	35.106087154647746	0.0	0.0		unmodified
Q13526	8VJD	A	72	SER_single	1	1	1.57	SER	750		1	7-38,51-163	7-38,51-163	SER	/mnt/c/Users/drpat/OneDrive - UGent/Desktop/PD/Phospho-fill/Validation-allPDB/pdb_cache/8vjd.cif	SER	SER	OG	CB	ok			-102.31299835958866	ARG:74	ARG	NE	5.669786833675931	0.0	1.0	ASP:112	ASP	OD1	2.808724992176603	HOH:354	O	4.440548093517364	0.0	46.0	hbond_like			buried				0.0	0.0		unmodified
Q13526	8VJE	A	72	SER_single	1	1	1.7	SER	751		1	7-38,51-163	7-38,51-163	SER	/mnt/c/Users/drpat/OneDrive - UGent/Desktop/PD/Phospho-fill/Validation-allPDB/pdb_cache/8vje.cif	SER	SER	OG	CB	ok			-100.97424603589947	ARG:74	ARG	NE	5.813979598358755	0.0	1.0	ASP:112	ASP	OD1	2.6541656243777294	HOH:370	O	4.301711315911882	0.0	43.0	hbond_like			buried				0.0	0.0		unmodified
Q13526	8VJF	A	72	SER_single	1	1	1.7	SER	752		1	7-38,51-163	7-38,51-163	SER	/mnt/c/Users/drpat/OneDrive - UGent/Desktop/PD/Phospho-fill/Validation-allPDB/pdb_cache/8vjf.cif	SER	SER	OG	CB	ok			-99.30299357158741	ARG:74	ARG	NE	5.788021596042092	0.0	1.0	ASP:112	ASP	OD1	2.642125209945387	HOH:357	O	4.187861602602752	0.0	44.0	hbond_like			buried				0.0	0.0		unmodified
Q13526	8VJG	A	72	SER_single	1	1	1.58	SER	753		1	7-38,51-163	7-38,51-163	SER	/mnt/c/Users/drpat/OneDrive - UGent/Desktop/PD/Phospho-fill/Validation-allPDB/pdb_cache/8vjg.cif	SER	SER	OG	CB	ok			-101.67745625132531	ARG:74	ARG	NE	5.8704702574921335	0.0	1.0	ASP:112	ASP	OD1	2.6915004037929386	HOH:358	O	4.372249927149695	0.0	42.0	hbond_like			buried				0.0	0.0		unmodified
P04150	8VKZ	A	617	SER_single	1	1	2.133	SER	111		2	529-633,637-702,709-777	529-633,637-702,709-777	SER	/mnt/c/Users/drpat/OneDrive - UGent/Desktop/PD/Phospho-fill/Validation-allPDB/pdb_cache/8vkz.cif	SER	SER	OG	CB	ok			4.677988235530368					0.0	0.0	ASN:630	ASN	ND2	5.951770924228443	HOH:1043	O	4.193748321714799	0.0	15.0	none_obvious			intermediate				0.0	0.0		unmodified
Q13526	8VZ3	A	72	SER_single	1	1	1.65	SER	754		1	7-38,51-163	7-38,51-163	SER	/mnt/c/Users/drpat/OneDrive - UGent/Desktop/PD/Phospho-fill/Validation-allPDB/pdb_cache/8vz3.cif	SER	SER	OG	CB	ok			-108.13287946902733	ARG:74	ARG	NE	5.4274871995661	0.0	1.0	ASP:112	ASP	OD1	2.7913667919063085	HOH:1067	O	4.377382678445879	0.0	45.0	hbond_like			buried				0.0	0.0		unmodified
Q13526	8VZ5	A	72	SER_single	1	1	1.95	SER	755		1	7-38,51-163	7-38,51-163	SER	/mnt/c/Users/drpat/OneDrive - UGent/Desktop/PD/Phospho-fill/Validation-allPDB/pdb_cache/8vz5.cif	SER	SER	OG	CB	ok			-98.79795204313542	ARG:74	ARG	NE	5.792516301534847	0.0	1.0	ASP:112	ASP	OD1	2.6959211364386384	HOH:1031	O	4.281686527806727	0.0	44.0	hbond_like			buried				0.0	0.0		unmodified
Q13526	8W11	B	72	SER_single	1	1	2.2	SER	756		1	6-39,50-163	6-39,50-163	SER	/mnt/c/Users/drpat/OneDrive - UGent/Desktop/PD/Phospho-fill/Validation-allPDB/pdb_cache/8w11.cif	SER	SER	OG	CB	ok			-102.56405155924051	ARG:74	ARG	NE	5.737777417189616	0.0	1.0	ASP:112	ASP	OD1	2.744097234944066	HOH:631	O	4.386393728994632	0.0	42.0	hbond_like			buried				0.0	0.0		unmodified
Q9NWZ3	8W3W	A	284	SER_single	1	1	1.976	SER	996		4	162-460	162-460	SER	/mnt/c/Users/drpat/OneDrive - UGent/Desktop/PD/Phospho-fill/Validation-allPDB/pdb_cache/8w3w.cif	SER	SER	OG	CB	ok			-117.796717666332	HIS:286	HIS	CD2	4.7023742941863444	0.0	1.0	ASP:420	ASP	OD2	4.004453385493363	HOH:635	O	2.7161318474003098	2.0	28.0	water_mediated_like			exposed	TPO:342	TPO	37.57395410574807	0.0	0.0		unmodified
Q9NWZ3	8W3X	A	284	SER_single	1	1	1.765	SER	997		4	162-216,222-336,342-460	162-216,222-336,342-460	SER	/mnt/c/Users/drpat/OneDrive - UGent/Desktop/PD/Phospho-fill/Validation-allPDB/pdb_cache/8w3x.cif	SER	SER	OG	CB	ok			-115.9338274882348	HIS:286	HIS	CD2	4.76461517326734	0.0	1.0	ASP:420	ASP	OD2	4.0009657387540765	HOH:636	O	2.7033119594471193	1.0	28.0	water_mediated_like			buried	TPO:342	TPO	37.86990047780728	0.0	0.0		unmodified
Q9NWZ3	8WTF	A	284	SER_mixed_with_THR	2	4	2.0	SER	998		4	165-253,257-458	165-253,257-458	SER,SER	/mnt/c/Users/drpat/OneDrive - UGent/Desktop/PD/Phospho-fill/Validation-allPDB/pdb_cache/8wtf.cif	SER	SER	OG	CB	ok			-111.6183046120714	HIS:286	HIS	ND1	5.517863317021291	0.0	1.0	ASP:420	ASP	OD2	4.196505822981177	HOH:669	O	2.7786472513928437	2.0	26.0	water_mediated_like			exposed				0.0	0.0		unmodified
Q9NWZ3	8WTF	A	346	SER_mixed_with_THR	2	4	2.0	SER	998		4	165-253,257-458	165-253,257-458	SER,SER	/mnt/c/Users/drpat/OneDrive - UGent/Desktop/PD/Phospho-fill/Validation-allPDB/pdb_cache/8wtf.cif	SER	SER	OG	CB	ok			-112.81488429547116					0.0	0.0	THR:342	THR	OG1	6.799824205141337	HOH:663	O	2.759202404177043	2.0	18.0	water_mediated_like			exposed				0.0	0.0		unmodified
P96356	8XHR	A	78	SER_single	1	1	2.1	SER	649		1	4-291	4-291	SER	/mnt/c/Users/drpat/OneDrive - UGent/Desktop/PD/Phospho-fill/Validation-allPDB/pdb_cache/8xhr.cif	SER	SER	OG	CB	ok			-124.1427711945024	ARG:32	ARG	NH2	5.279508713494727	0.0	1.0	GLU:67	GLU	OE1	2.8309725095061675	HOH:571	O	3.2686430723013693	1.0	33.0	hbond_like			buried				0.0	0.0		unmodified
Q13627	8YEV	A	301	SER_single	1	1	2.25152331476	SER	869		2	135-480	135-480	SER	/mnt/c/Users/drpat/OneDrive - UGent/Desktop/PD/Phospho-fill/Validation-allPDB/pdb_cache/8yev.cif	SER	SER	OG	CB	ok			-117.76681635990244	LYS:264	LYS	CE	4.119974715198588	0.0	1.0	GLN:268	GLN	NE2	4.434398342430669	HOH:787	O	5.219894467357845	0.0	20.0	none_obvious			intermediate	PTR:321	PTR	32.350704242224516	0.0	0.0		unmodified
P42336	9B4U	A	158	SER_single	1	1	2.21	SER	479		3	157-298	157-298	SER	/mnt/c/Users/drpat/OneDrive - UGent/Desktop/PD/Phospho-fill/Validation-allPDB/pdb_cache/9b4u.cif	SER	SER	OG	CB	ok			-100.95262263552353	HIS:160	HIS	ND1	5.213236621338997	0.0	1.0	SER:161	SER	OG	3.375274521916933	HOH:1103	O	6.45042977774446	0.0	24.0	hbond_like			buried				0.0	0.0		unmodified
P24864	9BJC	B	103	SER_single	1	1	2.22	SER	405		1	101-377	101-377	SER	/mnt/c/Users/drpat/OneDrive - UGent/Desktop/PD/Phospho-fill/Validation-allPDB/pdb_cache/9bjc.cif	SER	SER	OG	CB	ok			24.07268712825399	ARG:113	ARG	NE	4.593162738109115	0.0	1.0	TRP:117	TRP	NE1	4.500015973920243				0.0	41.0	none_obvious			buried				0.0	0.0		unmodified
Q13627	9CY5	B	301	SER_single	1	1	2.49	SER	870		2	135-408,414-481	135-408,414-481	SER	/mnt/c/Users/drpat/OneDrive - UGent/Desktop/PD/Phospho-fill/Validation-allPDB/pdb_cache/9cy5.cif	SER	SER	OG	CB	ok			-111.32112405228054	LYS:264	LYS	NZ	4.5722006018078245	0.0	1.0	LYS:264	LYS	NZ	4.5722006018078245	HOH:606	O	6.185075887708367	0.0	20.0	none_obvious			intermediate	PTR:321	PTR	32.190477205918924	0.0	0.0		unmodified
P68400	9EPV	A	2	SER_single	1	1	2.3	SER	629		1	2-330	2-330	SER	/mnt/c/Users/drpat/OneDrive - UGent/Desktop/PD/Phospho-fill/Validation-allPDB/pdb_cache/9epv.cif	SER	SER	OG	CB	ok			-115.13385304869914					0.0	0.0	ASN:262	ASN	ND2	4.321245723441119				0.0	6.0	none_obvious			intermediate				0.0	0.0		unmodified
O75385	9F32	A	87	SER_single	1	1	2.1	SER	55		2	8-51,65-149,157-166,182-282	8-51,65-149,157-166,182-282	SER	/mnt/c/Users/drpat/OneDrive - UGent/Desktop/PD/Phospho-fill/Validation-allPDB/pdb_cache/9f32.cif	SER	SER	OG	CB	ok			-115.99720030315005	LYS:50	LYS	CE	5.930665565758531	0.0	1.0	TYR:89	TYR	OH	4.021608747985726	HOH:404	O	3.507510056793286	1.0	33.0	none_obvious			buried				0.0	0.0		unmodified
P68400	9FBL	B	2	SER_single	1	1	2.18	SER	630		1	1-331	1-331	SER	/mnt/c/Users/drpat/OneDrive - UGent/Desktop/PD/Phospho-fill/Validation-allPDB/pdb_cache/9fbl.cif	SER	SER	OG	CB	ok			124.0547222469333					0.0	0.0	ASN:262	ASN	ND2	4.405428527784648				0.0	10.0	none_obvious			intermediate				0.0	0.0		unmodified
P68400	9FBM	B	2	SER_single	1	1	2.054	SER	631		1	1-332	1-332	SER	/mnt/c/Users/drpat/OneDrive - UGent/Desktop/PD/Phospho-fill/Validation-allPDB/pdb_cache/9fbm.cif	SER	SER	OG	CB	ok			121.30684295590049					0.0	0.0	ASN:262	ASN	ND2	4.830075164017325	HOH:589	O	5.153484016319366	0.0	13.0	none_obvious			intermediate				0.0	0.0		unmodified
Q6TGC4	9FMN	B	10	SER_only_multi_2	2	2	2.44	SER	887		2	8-63,72-165,179-694	8-63,72-165,179-694	SER,SER	/mnt/c/Users/drpat/OneDrive - UGent/Desktop/PD/Phospho-fill/Validation-allPDB/pdb_cache/9fmn.cif	SER	SER	OG	CB	ok			140.38734559376044	LYS:205	LYS	NZ	5.67462362237526	0.0	1.0	TYR:206	TYR	OH	5.282408623468067				0.0	31.0	none_obvious			buried				0.0	0.0		unmodified
Q6TGC4	9FMN	B	446	SER_only_multi_2	2	2	2.44	SER	887		2	8-63,72-165,179-694	8-63,72-165,179-694	SER,SER	/mnt/c/Users/drpat/OneDrive - UGent/Desktop/PD/Phospho-fill/Validation-allPDB/pdb_cache/9fmn.cif	SER	SER	OG	CB	ok			125.96426739734393	ARG:607	ARG	NH1	4.963526111612589	0.0	1.0	ASP:474	ASP	OD2	3.3511489109447155				0.0	37.0	hbond_like			buried				0.0	0.0		unmodified
P68400	9GCW	A	2	SER_single	1	1	1.86	SER	632		1	2-331	2-331	SER	/mnt/c/Users/drpat/OneDrive - UGent/Desktop/PD/Phospho-fill/Validation-allPDB/pdb_cache/9gcw.cif	SER	SER	OG	CB	ok			120.85756809753674					0.0	0.0	ASN:262	ASN	ND2	5.595707295131077				0.0	4.0	none_obvious			intermediate				0.0	0.0		unmodified
P68400	9H97	A	2	SER_single	1	1	1.7	SER	633		1	2-334	2-334	SER	/mnt/c/Users/drpat/OneDrive - UGent/Desktop/PD/Phospho-fill/Validation-allPDB/pdb_cache/9h97.cif	SER	SER	OG	CB	ok			109.43047251705035					0.0	0.0	ASN:262	ASN	ND2	6.678504690000426				0.0	1.0	none_obvious			intermediate				0.0	0.0		unmodified
P68400	9H9D	A	2	SER_single	1	1	2.09	SER	634		1	2-329	2-329	SER	/mnt/c/Users/drpat/OneDrive - UGent/Desktop/PD/Phospho-fill/Validation-allPDB/pdb_cache/9h9d.cif	SER	SER	OG	CB	ok			131.71588889473878					0.0	0.0	ASN:262	ASN	ND2	4.376493339123038				0.0	6.0	none_obvious			intermediate				0.0	0.0		unmodified
P68400	9HKS	A	2	SER_single	1	1	2.4	SER	635		1	2-331	2-331	SER	/mnt/c/Users/drpat/OneDrive - UGent/Desktop/PD/Phospho-fill/Validation-allPDB/pdb_cache/9hks.cif	SER	SER	OG	CB	ok			-171.16520438859922					0.0	0.0	ASN:262	ASN	ND2	6.535530362783683				0.0	4.0	none_obvious			intermediate				0.0	0.0		unmodified
P68400	9HL7	B	2	SER_single	1	1	2.28	SER	636		1	2-332	2-332	SER	/mnt/c/Users/drpat/OneDrive - UGent/Desktop/PD/Phospho-fill/Validation-allPDB/pdb_cache/9hl7.cif	SER	SER	OG	CB	ok			-6.2227195543119125					0.0	0.0	ASN:262	ASN	OD1	4.783545865766666				0.0	6.0	none_obvious			intermediate				0.0	0.0		unmodified
P68400	9HPH	A	2	SER_single	1	1	2.16	SER	637		1	2-332	2-332	SER	/mnt/c/Users/drpat/OneDrive - UGent/Desktop/PD/Phospho-fill/Validation-allPDB/pdb_cache/9hph.cif	SER	SER	OG	CB	ok			3.2084338289631793					0.0	0.0	ASN:262	ASN	ND2	5.05158768876757				0.0	8.0	none_obvious			intermediate				0.0	0.0		unmodified
P68400	9HXU	A	2	SER_single	1	1	2.2	SER	638		1	2-332	2-332	SER	/mnt/c/Users/drpat/OneDrive - UGent/Desktop/PD/Phospho-fill/Validation-allPDB/pdb_cache/9hxu.cif	SER	SER	OG	CB	ok			113.63211291179624					0.0	0.0	ASN:262	ASN	ND2	5.336679805557794				0.0	2.0	none_obvious			intermediate				0.0	0.0		unmodified
P68400	9HYH	A	2	SER_single	1	1	1.96	SER	639		1	2-333	2-333	SER	/mnt/c/Users/drpat/OneDrive - UGent/Desktop/PD/Phospho-fill/Validation-allPDB/pdb_cache/9hyh.cif	SER	SER	OG	CB	ok			-128.26584173222355					0.0	0.0	ASN:262	ASN	ND2	3.5329421725538634				0.0	8.0	none_obvious			intermediate				0.0	0.0		unmodified
P68400	9HZH	A	2	SER_single	1	1	2.07	SER	640		1	2-332	2-332	SER	/mnt/c/Users/drpat/OneDrive - UGent/Desktop/PD/Phospho-fill/Validation-allPDB/pdb_cache/9hzh.cif	SER	SER	OG	CB	ok			116.34518649838135					0.0	0.0	ASN:262	ASN	OD1	4.284562779477683				0.0	6.0	none_obvious			intermediate				0.0	0.0		unmodified
P08200	9ICD	A	113	SER_single	1	1	2.5	SER	207		1	3-416	3-416	SER	/mnt/c/Users/drpat/OneDrive - UGent/Desktop/PD/Phospho-fill/Validation-allPDB/pdb_cache/9icd.cif	SER	SER	OG	CB	ok			-1.5263950817322045	ARG:119	ARG	NH1	5.822217513985852	0.0	1.0	THR:105	THR	OG1	4.5313962551600895	HOH:516	O	2.7224852339113816	1.0	26.0	water_mediated_like			buried				0.0	0.0		unmodified
P61006	9IKQ	A	111	SER_mixed_with_THR	1	2	1.93	SER	523		2	4-177	4-177	SER	/mnt/c/Users/drpat/OneDrive - UGent/Desktop/PD/Phospho-fill/Validation-allPDB/pdb_cache/9ikq.cif	SER	SER	OG	CB	ok			100.42166651575096	ARG:79	ARG	NH1	7.294481037498438	0.0	0.0	ASP:113	ASP	OD1	4.388214552555213	HOH:360	O	2.753843932903211	3.0	16.0	water_mediated_like			exposed				0.0	0.0		unmodified
Q13526	9INN	A	72	SER_single	1	1	2.08	SER	757		1	51-163	51-163	SER	/mnt/c/Users/drpat/OneDrive - UGent/Desktop/PD/Phospho-fill/Validation-allPDB/pdb_cache/9inn.cif	SER	SER	OG	CB	ok			-112.32880704955095	ARG:74	ARG	NE	5.623277951940025	0.0	2.0	ASP:112	ASP	OD1	2.7108496815157888	HOH:302	O	4.0430095643549055	0.0	48.0	hbond_like			buried				0.0	0.0		unmodified
Q13526	9INO	B	72	SER_single	1	1	2.13	SER	758		1	48-163	48-163	SER	/mnt/c/Users/drpat/OneDrive - UGent/Desktop/PD/Phospho-fill/Validation-allPDB/pdb_cache/9ino.cif	SER	SER	OG	CB	ok			-99.12901385413294	ARG:74	ARG	NE	5.634979688172984	0.0	2.0	ASP:112	ASP	OD1	2.776554297060987	HOH:329	O	4.416056070955551	0.0	45.0	hbond_like			buried				0.0	0.0		unmodified
Q13526	9INQ	A	72	SER_single	1	1	2.17	SER	759		1	51-163	51-163	SER	/mnt/c/Users/drpat/OneDrive - UGent/Desktop/PD/Phospho-fill/Validation-allPDB/pdb_cache/9inq.cif	SER	SER	OG	CB	ok			-110.78116760050776	ARG:74	ARG	NE	5.610699005397152	0.0	2.0	ASP:112	ASP	OD1	2.8385755139525015	HOH:306	O	4.2201740218165185	0.0	48.0	hbond_like			buried				0.0	0.0		unmodified
Q13526	9INR	A	72	SER_single	1	1	1.93	SER	760		1	7-38,51-163	7-38,51-163	SER	/mnt/c/Users/drpat/OneDrive - UGent/Desktop/PD/Phospho-fill/Validation-allPDB/pdb_cache/9inr.cif	SER	SER	OG	CB	ok			-106.60191816167891	LYS:63	LYS	CE	5.778111769810307	0.0	2.0	ASP:112	ASP	OD1	2.7308547519485002	HOH:323	O	4.120645284271856	0.0	45.0	hbond_like			buried				0.0	0.0		unmodified
Q13526	9IT1	A	72	SER_single	1	1	2.0	SER	761		1	7-38,51-163	7-38,51-163	SER	/mnt/c/Users/drpat/OneDrive - UGent/Desktop/PD/Phospho-fill/Validation-allPDB/pdb_cache/9it1.cif	SER	SER	OG	CB	ok			-99.65007547033747	ARG:74	ARG	NE	5.699131453397579	0.0	1.0	ASP:112	ASP	OD1	2.9033064144575835	HOH:310	O	5.305832993104847	0.0	43.0	hbond_like			buried				0.0	0.0		unmodified
Q9QZL0	9IWW	A	232	SER_mixed_with_THR	1	2	1.93	SER	1014		3	13-168,185-312	13-168,185-312	SER	/mnt/c/Users/drpat/OneDrive - UGent/Desktop/PD/Phospho-fill/Validation-allPDB/pdb_cache/9iww.cif	SER	SER	OG	CB	ok			-119.94896608353672					0.0	0.0	GLU:236	GLU	OE2	5.0172216884672345				0.0	18.0	none_obvious			intermediate				0.0	0.0		unmodified
Q9QZL0	9IWW	B	184	SER_single	1	1	1.93	SER	1015		3	13-168,183-227,241-313	13-168,183-227,241-313	SER	/mnt/c/Users/drpat/OneDrive - UGent/Desktop/PD/Phospho-fill/Validation-allPDB/pdb_cache/9iww.cif	SER	SER	OG	CB	ok			-116.88878122647844	LYS:145	LYS	NZ	6.215206147358518	0.0	0.0	ASP:143	ASP	OD2	5.16722426911832	HOH:529	O	5.321706108393829	0.0	28.0	none_obvious			buried				0.0	0.0		unmodified
Q9QZL0	9IWX	A	232	SER_mixed_with_THR	1	2	1.99	SER	1016		3	14-168,187-311	14-168,187-311	SER	/mnt/c/Users/drpat/OneDrive - UGent/Desktop/PD/Phospho-fill/Validation-allPDB/pdb_cache/9iwx.cif	SER	SER	OG	CB	ok			-116.87110436791674					0.0	0.0	THR:231	THR	OG1	7.020185900126632	HOH:574	O	3.0285566151863534	1.0	17.0	water_mediated_like			intermediate				0.0	0.0		unmodified
Q9QZL0	9IWZ	A	232	SER_mixed_with_THR	1	2	1.82	SER	1017		3	13-169,185-312	13-169,185-312	SER	/mnt/c/Users/drpat/OneDrive - UGent/Desktop/PD/Phospho-fill/Validation-allPDB/pdb_cache/9iwz.cif	SER	SER	OG	CB	ok			117.47866327359287					0.0	0.0	GLU:236	GLU	OE2	5.9059477047567395				0.0	11.0	none_obvious			intermediate				0.0	0.0		unmodified
Q13526	9JJS	B	72	SER_single	1	1	1.52	SER	762		1	48-163	48-163	SER	/mnt/c/Users/drpat/OneDrive - UGent/Desktop/PD/Phospho-fill/Validation-allPDB/pdb_cache/9jjs.cif	SER	SER	OG	CB	ok			-101.36644499654568	ARG:74	ARG	NE	5.808038703085442	0.0	1.0	ASP:112	ASP	OD1	2.760102868600049	HOH:324	O	4.340191285516778	0.0	45.0	hbond_like			buried				0.0	0.0		unmodified
Q13526	9JJZ	B	72	SER_single	1	1	1.61	SER	763		1	49-163	49-163	SER	/mnt/c/Users/drpat/OneDrive - UGent/Desktop/PD/Phospho-fill/Validation-allPDB/pdb_cache/9jjz.cif	SER	SER	OG	CB	ok			-96.90508609741502	ARG:74	ARG	NE	5.784375595376984	0.0	1.0	ASP:112	ASP	OD1	2.755230864792834	HOH:337	O	4.28800264818426	0.0	44.0	hbond_like			buried				0.0	0.0		unmodified
Q13526	9JYO	A	72	SER_single	1	1	1.6	SER	764		1	6-39,51-163	6-39,51-163	SER	/mnt/c/Users/drpat/OneDrive - UGent/Desktop/PD/Phospho-fill/Validation-allPDB/pdb_cache/9jyo.cif	SER	SER	OG	CB	ok			-107.26575115217277	ARG:74	ARG	NE	5.824567034305518	0.0	1.0	ASP:112	ASP	OD1	2.713207714280566	HOH:449	O	4.249867806369244	0.0	44.0	hbond_like			buried				0.0	0.0		unmodified
Q13526	9JYP	A	72	SER_single	1	1	1.6	SER	765		1	6-39,51-163	6-39,51-163	SER	/mnt/c/Users/drpat/OneDrive - UGent/Desktop/PD/Phospho-fill/Validation-allPDB/pdb_cache/9jyp.cif	SER	SER	OG	CB	ok			-96.77772056556054	ARG:74	ARG	NE	5.788260045856679	0.0	1.0	ASP:112	ASP	OD1	2.7874401593310543	HOH:460	O	4.298051389481028	0.0	44.0	hbond_like			buried				0.0	0.0		unmodified
Q13526	9JYR	A	72	SER_single	1	1	1.65	SER	766		1	6-39,51-163	6-39,51-163	SER	/mnt/c/Users/drpat/OneDrive - UGent/Desktop/PD/Phospho-fill/Validation-allPDB/pdb_cache/9jyr.cif	SER	SER	OG	CB	ok			-97.0905303195191	ARG:74	ARG	NE	5.863542742781898	0.0	1.0	ASP:112	ASP	OD1	2.654733524733139	HOH:420	O	4.105136058096314	0.0	44.0	hbond_like			buried				0.0	0.0		unmodified
Q13526	9JYS	A	72	SER_single	1	1	1.75	SER	767		1	6-39,51-163	6-39,51-163	SER	/mnt/c/Users/drpat/OneDrive - UGent/Desktop/PD/Phospho-fill/Validation-allPDB/pdb_cache/9jys.cif	SER	SER	OG	CB	ok			-96.79314243668045	ARG:74	ARG	NE	5.738026300186248	0.0	1.0	ASP:112	ASP	OD1	2.6552451918322237	HOH:456	O	4.2483436660979805	0.0	44.0	hbond_like			buried				0.0	0.0		unmodified
Q13526	9JYT	A	72	SER_single	1	1	1.85	SER	768		1	7-38,51-163	7-38,51-163	SER	/mnt/c/Users/drpat/OneDrive - UGent/Desktop/PD/Phospho-fill/Validation-allPDB/pdb_cache/9jyt.cif	SER	SER	OG	CB	ok			-96.24304384177742	ARG:74	ARG	NE	5.845398785481111	0.0	1.0	ASP:112	ASP	OD1	2.709415940820657	HOH:359	O	4.376462136602461	0.0	44.0	hbond_like			buried				0.0	0.0		unmodified
Q13526	9JYV	A	72	SER_single	1	1	1.8	SER	769		1	6-39,51-163	6-39,51-163	SER	/mnt/c/Users/drpat/OneDrive - UGent/Desktop/PD/Phospho-fill/Validation-allPDB/pdb_cache/9jyv.cif	SER	SER	OG	CB	ok			-98.09612462156056	ARG:74	ARG	NE	5.760835423417186	0.0	1.0	ASP:112	ASP	OD1	2.708317328858115	HOH:350	O	4.149769304062716	0.0	44.0	hbond_like			buried				0.0	0.0		unmodified
Q13526	9JZ2	A	72	SER_single	1	1	1.55	SER	770		1	6-39,51-163	6-39,51-163	SER	/mnt/c/Users/drpat/OneDrive - UGent/Desktop/PD/Phospho-fill/Validation-allPDB/pdb_cache/9jz2.cif	SER	SER	OG	CB	ok			-98.84174309471254	ARG:74	ARG	NE	5.828807911172334	0.0	1.0	ASP:112	ASP	OD1	2.758707040722219	HOH:440	O	4.233587541144837	0.0	44.0	hbond_like			buried				0.0	0.0		unmodified
Q13526	9JZ3	A	72	SER_single	1	1	1.98	SER	771		1	6-39,51-163	6-39,51-163	SER	/mnt/c/Users/drpat/OneDrive - UGent/Desktop/PD/Phospho-fill/Validation-allPDB/pdb_cache/9jz3.cif	SER	SER	OG	CB	ok			-96.41318331109765	ARG:74	ARG	NE	5.75920645266493	0.0	1.0	ASP:112	ASP	OD1	2.5902408531118684	HOH:447	O	4.18085705745229	0.0	43.0	hbond_like			buried				0.0	0.0		unmodified
Q13526	9JZ4	A	72	SER_single	1	1	1.82	SER	772		1	6-39,51-163	6-39,51-163	SER	/mnt/c/Users/drpat/OneDrive - UGent/Desktop/PD/Phospho-fill/Validation-allPDB/pdb_cache/9jz4.cif	SER	SER	OG	CB	ok			-95.94569938689364	ARG:74	ARG	NE	5.7598693968166526	0.0	1.0	ASP:112	ASP	OD1	2.8126350948407968	HOH:469	O	4.370367668527134	0.0	43.0	hbond_like			buried				0.0	0.0		unmodified
Q13526	9JZ6	A	72	SER_single	1	1	1.65	SER	773		1	6-39,51-163	6-39,51-163	SER	/mnt/c/Users/drpat/OneDrive - UGent/Desktop/PD/Phospho-fill/Validation-allPDB/pdb_cache/9jz6.cif	SER	SER	OG	CB	ok			-97.26983244120781	ARG:74	ARG	NE	5.803651878286564	0.0	1.0	ASP:112	ASP	OD1	2.680239942195218	HOH:458	O	4.380969339304935	0.0	46.0	hbond_like			buried				0.0	0.0		unmodified
Q13526	9JZG	A	72	SER_single	1	1	1.76	SER	774		1	6-39,51-163	6-39,51-163	SER	/mnt/c/Users/drpat/OneDrive - UGent/Desktop/PD/Phospho-fill/Validation-allPDB/pdb_cache/9jzg.cif	SER	SER	OG	CB	ok			-97.18473402713238	ARG:74	ARG	NE	5.768818693465152	0.0	1.0	ASP:112	ASP	OD1	2.710999674415656	HOH:451	O	4.470607476551637	0.0	44.0	hbond_like			buried				0.0	0.0		unmodified
Q13526	9JZS	A	72	SER_single	1	1	1.91	SER	775		1	6-39,51-163	6-39,51-163	SER	/mnt/c/Users/drpat/OneDrive - UGent/Desktop/PD/Phospho-fill/Validation-allPDB/pdb_cache/9jzs.cif	SER	SER	OG	CB	ok			-97.4977546934201	ARG:74	ARG	NE	5.791490914017131	0.0	1.0	ASP:112	ASP	OD1	2.62626613270163	HOH:438	O	4.208843232908834	0.0	44.0	hbond_like			buried				0.0	0.0		unmodified
Q13526	9JZU	A	72	SER_single	1	1	1.68	SER	776		1	6-39,51-163	6-39,51-163	SER	/mnt/c/Users/drpat/OneDrive - UGent/Desktop/PD/Phospho-fill/Validation-allPDB/pdb_cache/9jzu.cif	SER	SER	OG	CB	ok			-97.39546981981533	ARG:74	ARG	NE	5.9122939648495505	0.0	1.0	ASP:112	ASP	OD1	2.7704416826297225	HOH:426	O	4.184127309498061	0.0	44.0	hbond_like			buried				0.0	0.0		unmodified
Q13526	9JZV	A	72	SER_single	1	1	1.9	SER	777		1	6-39,51-163	6-39,51-163	SER	/mnt/c/Users/drpat/OneDrive - UGent/Desktop/PD/Phospho-fill/Validation-allPDB/pdb_cache/9jzv.cif	SER	SER	OG	CB	ok			-97.23028012268631	ARG:74	ARG	NE	5.958160038864449	0.0	1.0	ASP:112	ASP	OD2	2.731093777058352	HOH:343	O	4.529488354623653	0.0	41.0	hbond_like			buried				0.0	0.0		unmodified
Q13526	9KE5	A	72	SER_single	1	1	2.05	SER	778		1	6-39,51-163	6-39,51-163	SER	/mnt/c/Users/drpat/OneDrive - UGent/Desktop/PD/Phospho-fill/Validation-allPDB/pdb_cache/9ke5.cif	SER	SER	OG	CB	ok			-87.34598783516408	ARG:74	ARG	NE	5.612230839767812	0.0	2.0	ASP:112	ASP	OD1	2.8162481758531075	HOH:335	O	4.17371764409311	0.0	44.0	hbond_like			buried				0.0	0.0		unmodified
Q13526	9KE7	A	72	SER_single	1	1	1.68	SER	779		1	7-38,51-163	7-38,51-163	SER	/mnt/c/Users/drpat/OneDrive - UGent/Desktop/PD/Phospho-fill/Validation-allPDB/pdb_cache/9ke7.cif	SER	SER	OG	CB	ok			-93.02482356269199	ARG:74	ARG	NE	5.741341769327735	0.0	1.0	ASP:112	ASP	OD1	2.7346779716724683	HOH:447	O	4.201403402376644	0.0	44.0	hbond_like			buried				0.0	0.0		unmodified
Q13526	9KE9	A	72	SER_single	1	1	2.25	SER	780		1	6-39,51-163	6-39,51-163	SER	/mnt/c/Users/drpat/OneDrive - UGent/Desktop/PD/Phospho-fill/Validation-allPDB/pdb_cache/9ke9.cif	SER	SER	OG	CB	ok			-102.08487479428646	ARG:74	ARG	NE	5.817908604436893	0.0	1.0	ASP:112	ASP	OD1	2.5804354227376254	HOH:335	O	4.296026119615546	0.0	44.0	hbond_like			buried				0.0	0.0		unmodified
Q13526	9KEB	A	72	SER_single	1	1	1.65	SER	781		1	7-38,51-163	7-38,51-163	SER	/mnt/c/Users/drpat/OneDrive - UGent/Desktop/PD/Phospho-fill/Validation-allPDB/pdb_cache/9keb.cif	SER	SER	OG	CB	ok			-100.22197606806387	ARG:74	ARG	NE	5.8736171217224085	0.0	1.0	ASP:112	ASP	OD1	2.7233267407132726	HOH:463	O	4.322599654527522	0.0	44.0	hbond_like			buried				0.0	0.0		unmodified
Q13526	9KEC	A	72	SER_single	1	1	1.68	SER	782		1	7-38,51-163	7-38,51-163	SER	/mnt/c/Users/drpat/OneDrive - UGent/Desktop/PD/Phospho-fill/Validation-allPDB/pdb_cache/9kec.cif	SER	SER	OG	CB	ok			-93.01278715597321	ARG:74	ARG	NE	5.800508951242641	0.0	1.0	ASP:112	ASP	OD1	2.715996661354308	HOH:372	O	4.287565887893603	0.0	44.0	hbond_like			buried				0.0	0.0		unmodified
Q13526	9KEL	A	72	SER_single	1	1	1.96	SER	783		1	7-38,51-163	7-38,51-163	SER	/mnt/c/Users/drpat/OneDrive - UGent/Desktop/PD/Phospho-fill/Validation-allPDB/pdb_cache/9kel.cif	SER	SER	OG	CB	ok			-100.03560032560051	ARG:74	ARG	NE	5.86097224890421	0.0	1.0	ASP:112	ASP	OD1	2.7637951517035932	HOH:341	O	4.38771435033225	0.0	42.0	hbond_like			buried				0.0	0.0		unmodified
Q13526	9KEQ	A	72	SER_single	1	1	1.53	SER	784		1	6-39,51-163	6-39,51-163	SER	/mnt/c/Users/drpat/OneDrive - UGent/Desktop/PD/Phospho-fill/Validation-allPDB/pdb_cache/9keq.cif	SER	SER	OG	CB	ok			-97.2166605225838	ARG:74	ARG	NE	5.80637452906578	0.0	1.0	ASP:112	ASP	OD1	2.762228601634609	HOH:373	O	4.378579163046932	0.0	43.0	hbond_like			buried				0.0	0.0		unmodified
Q13526	9KES	A	72	SER_single	1	1	1.62	SER	785		1	6-39,51-163	6-39,51-163	SER	/mnt/c/Users/drpat/OneDrive - UGent/Desktop/PD/Phospho-fill/Validation-allPDB/pdb_cache/9kes.cif	SER	SER	OG	CB	ok			-88.18183518066978	ARG:74	ARG	NE	5.8018580680722005	0.0	1.0	ASP:112	ASP	OD1	2.7844650998161438	HOH:368	O	4.348373062065443	0.0	44.0	hbond_like			buried				0.0	0.0		unmodified
Q13526	9KEW	A	72	SER_single	1	1	1.6	SER	786		1	6-39,51-163	6-39,51-163	SER	/mnt/c/Users/drpat/OneDrive - UGent/Desktop/PD/Phospho-fill/Validation-allPDB/pdb_cache/9kew.cif	SER	SER	OG	CB	ok			-97.88931215783327	ARG:74	ARG	NE	5.860345088351599	0.0	1.0	ASP:112	ASP	OD1	2.7576120600467475	HOH:353	O	4.227762895935613	0.0	44.0	hbond_like			buried				0.0	0.0		unmodified
Q13526	9KEY	A	72	SER_single	1	1	2.49	SER	787		1	6-39,51-163	6-39,51-163	SER	/mnt/c/Users/drpat/OneDrive - UGent/Desktop/PD/Phospho-fill/Validation-allPDB/pdb_cache/9key.cif	SER	SER	OG	CB	ok			-97.771872243129	ARG:74	ARG	NE	5.859449802199675	0.0	1.0	ASP:112	ASP	OD1	2.6238697205801818	HOH:321	O	4.922850488240262	0.0	46.0	hbond_like			buried				0.0	0.0		unmodified
Q13526	9KEZ	A	72	SER_single	1	1	1.95	SER	788		1	6-39,51-163	6-39,51-163	SER	/mnt/c/Users/drpat/OneDrive - UGent/Desktop/PD/Phospho-fill/Validation-allPDB/pdb_cache/9kez.cif	SER	SER	OG	CB	ok			-97.81557922066023	ARG:74	ARG	NE	5.82316671639851	0.0	1.0	ASP:112	ASP	OD1	2.679937971344023	HOH:437	O	4.343132591799965	0.0	45.0	hbond_like			buried				0.0	0.0		unmodified
Q13526	9KF0	A	72	SER_single	1	1	1.82	SER	789		1	6-39,51-163	6-39,51-163	SER	/mnt/c/Users/drpat/OneDrive - UGent/Desktop/PD/Phospho-fill/Validation-allPDB/pdb_cache/9kf0.cif	SER	SER	OG	CB	ok			-98.0375593968785	ARG:74	ARG	NE	5.7229434128945655	0.0	1.0	ASP:112	ASP	OD1	2.6269762660641933	HOH:434	O	4.136719827240191	0.0	44.0	hbond_like			buried				0.0	0.0		unmodified
Q13526	9KFC	A	72	SER_single	1	1	1.56	SER	790		1	6-39,51-163	6-39,51-163	SER	/mnt/c/Users/drpat/OneDrive - UGent/Desktop/PD/Phospho-fill/Validation-allPDB/pdb_cache/9kfc.cif	SER	SER	OG	CB	ok			-97.588628609535	ARG:74	ARG	NE	5.903500083224954	0.0	1.0	ASP:112	ASP	OD1	2.679301270037676	HOH:470	O	4.261013618274207	0.0	46.0	hbond_like			buried				0.0	0.0		unmodified
Q13526	9KFH	A	72	SER_single	1	1	1.59	SER	791		1	6-39,51-163	6-39,51-163	SER	/mnt/c/Users/drpat/OneDrive - UGent/Desktop/PD/Phospho-fill/Validation-allPDB/pdb_cache/9kfh.cif	SER	SER	OG	CB	ok			-97.28958611982954	ARG:74	ARG	NE	5.783210335292991	0.0	1.0	ASP:112	ASP	OD1	2.6425226366302357	HOH:455	O	4.168810337285567	0.0	44.0	hbond_like			buried				0.0	0.0		unmodified
Q13526	9KFZ	A	72	SER_single	1	1	1.43	SER	792		1	6-39,51-163	6-39,51-163	SER	/mnt/c/Users/drpat/OneDrive - UGent/Desktop/PD/Phospho-fill/Validation-allPDB/pdb_cache/9kfz.cif	SER	SER	OG	CB	ok			-97.89050929762293	ARG:74	ARG	NE	5.788468258800839	0.0	1.0	ASP:112	ASP	OD1	2.705753811398993	HOH:451	O	4.291969093450845	0.0	44.0	hbond_like			buried				0.0	0.0		unmodified
Q13526	9KG9	A	72	SER_single	1	1	1.55	SER	793		1	6-39,51-163	6-39,51-163	SER	/mnt/c/Users/drpat/OneDrive - UGent/Desktop/PD/Phospho-fill/Validation-allPDB/pdb_cache/9kg9.cif	SER	SER	OG	CB	ok			-98.12451856536406	ARG:74	ARG	NE	5.776193827153509	0.0	1.0	ASP:112	ASP	OD1	2.7269247483623915	HOH:465	O	4.274310084996671	0.0	44.0	hbond_like			buried				0.0	0.0		unmodified
Q13526	9KGO	A	72	SER_single	1	1	1.62	SER	794		1	6-39,51-163	6-39,51-163	SER	/mnt/c/Users/drpat/OneDrive - UGent/Desktop/PD/Phospho-fill/Validation-allPDB/pdb_cache/9kgo.cif	SER	SER	OG	CB	ok			-96.20788575825675	ARG:74	ARG	NE	5.854420206784902	0.0	1.0	ASP:112	ASP	OD1	2.6888714643510463	HOH:387	O	4.291139930475923	0.0	44.0	hbond_like			buried				0.0	0.0		unmodified
Q13526	9KX1	A	72	SER_single	1	1	1.7	SER	795		1	6-39,51-163	6-39,51-163	SER	/mnt/c/Users/drpat/OneDrive - UGent/Desktop/PD/Phospho-fill/Validation-allPDB/pdb_cache/9kx1.cif	SER	SER	OG	CB	ok			-96.9989770705285	ARG:74	ARG	NE	5.855749125412156	0.0	1.0	ASP:112	ASP	OD1	2.658449994992654	HOH:457	O	4.319826699811154	0.0	41.0	hbond_like			buried				0.0	0.0		unmodified
Q13526	9KX7	A	72	SER_single	1	1	1.53	SER	796		1	6-39,51-163	6-39,51-163	SER	/mnt/c/Users/drpat/OneDrive - UGent/Desktop/PD/Phospho-fill/Validation-allPDB/pdb_cache/9kx7.cif	SER	SER	OG	CB	ok			-97.87466982352984	ARG:74	ARG	NE	5.872300773786096	0.0	1.0	ASP:112	ASP	OD1	2.7610174125391342	HOH:367	O	4.321832881886718	0.0	44.0	hbond_like			buried				0.0	0.0		unmodified
Q13526	9KX9	A	72	SER_single	1	1	1.62	SER	797		1	6-39,51-163	6-39,51-163	SER	/mnt/c/Users/drpat/OneDrive - UGent/Desktop/PD/Phospho-fill/Validation-allPDB/pdb_cache/9kx9.cif	SER	SER	OG	CB	ok			-97.9647583109119	ARG:74	ARG	NE	5.745345234197437	0.0	1.0	ASP:112	ASP	OD1	2.6746227433016028	HOH:440	O	4.166584538567245	0.0	44.0	hbond_like			buried				0.0	0.0		unmodified
Q13526	9KXC	A	72	SER_single	1	1	1.53	SER	798		1	6-39,51-163	6-39,51-163	SER	/mnt/c/Users/drpat/OneDrive - UGent/Desktop/PD/Phospho-fill/Validation-allPDB/pdb_cache/9kxc.cif	SER	SER	OG	CB	ok			-98.10523327659541	ARG:74	ARG	NE	5.802689181696723	0.0	1.0	ASP:112	ASP	OD1	2.777768671109069	HOH:339	O	4.195165437688864	0.0	44.0	hbond_like			buried				0.0	0.0		unmodified
Q13526	9KXD	A	72	SER_single	1	1	1.6	SER	799		1	6-39,51-163	6-39,51-163	SER	/mnt/c/Users/drpat/OneDrive - UGent/Desktop/PD/Phospho-fill/Validation-allPDB/pdb_cache/9kxd.cif	SER	SER	OG	CB	ok			-97.75073801042187	ARG:74	ARG	NE	5.766331468516066	0.0	1.0	ASP:112	ASP	OD1	2.7556703076492197	HOH:453	O	4.271213244589089	0.0	44.0	hbond_like			buried				0.0	0.0		unmodified
Q13526	9KXE	A	72	SER_single	1	1	1.61	SER	800		1	6-39,51-163	6-39,51-163	SER	/mnt/c/Users/drpat/OneDrive - UGent/Desktop/PD/Phospho-fill/Validation-allPDB/pdb_cache/9kxe.cif	SER	SER	OG	CB	ok			-97.85582413944483	ARG:74	ARG	NE	5.735488658123485	0.0	1.0	ASP:112	ASP	OD1	2.7032678820629807	HOH:352	O	4.234772776939248	0.0	44.0	hbond_like			buried				0.0	0.0		unmodified
Q13526	9KXF	A	72	SER_single	1	1	1.71	SER	801		1	6-39,51-163	6-39,51-163	SER	/mnt/c/Users/drpat/OneDrive - UGent/Desktop/PD/Phospho-fill/Validation-allPDB/pdb_cache/9kxf.cif	SER	SER	OG	CB	ok			-98.0155457248226	ARG:74	ARG	NE	5.738873576262605	0.0	1.0	ASP:112	ASP	OD1	2.6934849818044864	HOH:480	O	4.444391899693746	0.0	43.0	hbond_like			buried				0.0	0.0		unmodified
Q13526	9KXG	A	72	SER_single	1	1	1.58	SER	802		1	6-39,51-163	6-39,51-163	SER	/mnt/c/Users/drpat/OneDrive - UGent/Desktop/PD/Phospho-fill/Validation-allPDB/pdb_cache/9kxg.cif	SER	SER	OG	CB	ok			-99.26306767591448	ARG:74	ARG	NE	5.810859701936879	0.0	1.0	ASP:112	ASP	OD1	2.6448615978194816	HOH:467	O	4.3989888114032905	0.0	44.0	hbond_like			buried				0.0	0.0		unmodified
Q13526	9KXH	A	72	SER_single	1	1	1.68	SER	803		1	6-39,51-163	6-39,51-163	SER	/mnt/c/Users/drpat/OneDrive - UGent/Desktop/PD/Phospho-fill/Validation-allPDB/pdb_cache/9kxh.cif	SER	SER	OG	CB	ok			-97.62968354636186	ARG:74	ARG	NE	5.783385829128278	0.0	1.0	ASP:112	ASP	OD1	2.7371922378350457	HOH:446	O	4.705985348044504	0.0	44.0	hbond_like			buried				0.0	0.0		unmodified
Q13526	9KXI	A	72	SER_single	1	1	1.77	SER	804		1	6-39,51-163	6-39,51-163	SER	/mnt/c/Users/drpat/OneDrive - UGent/Desktop/PD/Phospho-fill/Validation-allPDB/pdb_cache/9kxi.cif	SER	SER	OG	CB	ok			-97.86863838860762	ARG:74	ARG	NE	5.807013572886049	0.0	1.0	ASP:112	ASP	OD1	2.6420066302418896	HOH:472	O	4.3617572826806725	0.0	44.0	hbond_like			buried				0.0	0.0		unmodified
Q13526	9KXJ	A	72	SER_single	1	1	1.57	SER	805		1	6-39,51-163	6-39,51-163	SER	/mnt/c/Users/drpat/OneDrive - UGent/Desktop/PD/Phospho-fill/Validation-allPDB/pdb_cache/9kxj.cif	SER	SER	OG	CB	ok			-98.18311272977176	ARG:74	ARG	NE	5.711883114286763	0.0	1.0	ASP:112	ASP	OD1	2.6798567851793194	HOH:485	O	4.311742904578643	0.0	44.0	hbond_like			buried				0.0	0.0		unmodified
Q13526	9KXK	A	72	SER_single	1	1	1.96	SER	806		1	6-39,51-163	6-39,51-163	SER	/mnt/c/Users/drpat/OneDrive - UGent/Desktop/PD/Phospho-fill/Validation-allPDB/pdb_cache/9kxk.cif	SER	SER	OG	CB	ok			-96.03067575039874	ARG:74	ARG	NE	5.69533901452654	0.0	1.0	ASP:112	ASP	OD1	2.646977779922456	HOH:406	O	7.280714212658811	0.0	43.0	hbond_like			buried				0.0	0.0		unmodified
Q13526	9KXL	A	72	SER_single	1	1	1.7	SER	807		1	6-39,51-163	6-39,51-163	SER	/mnt/c/Users/drpat/OneDrive - UGent/Desktop/PD/Phospho-fill/Validation-allPDB/pdb_cache/9kxl.cif	SER	SER	OG	CB	ok			-97.35796024281638	ARG:74	ARG	NE	5.681678975727632	0.0	1.0	ASP:112	ASP	OD1	2.7335551310271806	HOH:445	O	4.362264003685974	0.0	42.0	hbond_like			buried				0.0	0.0		unmodified
Q13526	9KXM	A	72	SER_single	1	1	1.64	SER	808		1	6-39,51-163	6-39,51-163	SER	/mnt/c/Users/drpat/OneDrive - UGent/Desktop/PD/Phospho-fill/Validation-allPDB/pdb_cache/9kxm.cif	SER	SER	OG	CB	ok			-97.37376266352466	ARG:74	ARG	NE	5.780984767915553	0.0	1.0	ASP:112	ASP	OD1	2.6752379705830944	HOH:434	O	4.232663468530533	0.0	44.0	hbond_like			buried				0.0	0.0		unmodified
Q13526	9KXN	A	72	SER_single	1	1	1.67	SER	809		1	7-38,51-163	7-38,51-163	SER	/mnt/c/Users/drpat/OneDrive - UGent/Desktop/PD/Phospho-fill/Validation-allPDB/pdb_cache/9kxn.cif	SER	SER	OG	CB	ok			-85.1478097782438	ARG:74	ARG	NE	5.899980902358759	0.0	1.0	ASP:112	ASP	OD1	2.8070471698924577	HOH:448	O	4.372340320593991	0.0	40.0	hbond_like			buried				0.0	0.0		unmodified
Q13526	9KXO	A	72	SER_single	1	1	1.75	SER	810		1	7-37,51-163	7-37,51-163	SER	/mnt/c/Users/drpat/OneDrive - UGent/Desktop/PD/Phospho-fill/Validation-allPDB/pdb_cache/9kxo.cif	SER	SER	OG	CB	ok			-96.86184721169843	ARG:74	ARG	NE	5.826446246640897	0.0	1.0	ASP:112	ASP	OD1	2.707146742897556	HOH:425	O	4.21993481653177	0.0	44.0	hbond_like			buried				0.0	0.0		unmodified
Q13526	9KXP	A	72	SER_single	1	1	1.81	SER	811		1	6-39,51-163	6-39,51-163	SER	/mnt/c/Users/drpat/OneDrive - UGent/Desktop/PD/Phospho-fill/Validation-allPDB/pdb_cache/9kxp.cif	SER	SER	OG	CB	ok			-97.92837245686391	ARG:74	ARG	NE	5.770967522339177	0.0	1.0	ASP:112	ASP	OD1	2.688350945497184	HOH:448	O	4.392600121386222	0.0	42.0	hbond_like			buried				0.0	0.0		unmodified
Q13526	9KXQ	A	72	SER_single	1	1	1.69	SER	812		1	6-39,51-163	6-39,51-163	SER	/mnt/c/Users/drpat/OneDrive - UGent/Desktop/PD/Phospho-fill/Validation-allPDB/pdb_cache/9kxq.cif	SER	SER	OG	CB	ok			-97.19505238956775	ARG:74	ARG	NE	5.748464068828355	0.0	1.0	ASP:112	ASP	OD2	2.729177766598296	HOH:420	O	4.333602739791933	0.0	43.0	hbond_like			buried				0.0	0.0		unmodified
Q9NWZ3	9NA2	A	284	SER_single	1	1	1.99	SER	999		4	164-337,340-458	164-337,340-458	SER	/mnt/c/Users/drpat/OneDrive - UGent/Desktop/PD/Phospho-fill/Validation-allPDB/pdb_cache/9na2.cif	SER	SER	OG	CB	ok			-111.97381333842745	HIS:286	HIS	ND1	5.112842439975185	0.0	1.0	ASP:420	ASP	OD2	3.928550732572358	HOH:616	O	2.595457629629441	2.0	28.0	water_mediated_like			exposed	TPO:342	TPO	37.09794816680297	0.0	0.0		unmodified
Q9NWZ3	9NA3	A	284	SER_single	1	1	2.1	SER	1000		4	164-217,221-254,258-336,342-458	164-217,221-254,258-336,342-458	SER	/mnt/c/Users/drpat/OneDrive - UGent/Desktop/PD/Phospho-fill/Validation-allPDB/pdb_cache/9na3.cif	SER	SER	OG	CB	ok			-111.95326556034675	HIS:286	HIS	CD2	5.460125206454099	0.0	1.0	ASP:420	ASP	OD2	3.729742984309632	HOH:606	O	5.292895955713665	0.0	29.0	none_obvious			buried	TPO:342	TPO	37.81352356250873	0.0	0.0		unmodified
Q9NWZ3	9NA4	C	284	SER_single	1	1	2.33	SER	1001		4	164-216,221-254,257-336,342-459	164-216,221-254,257-336,342-459	SER	/mnt/c/Users/drpat/OneDrive - UGent/Desktop/PD/Phospho-fill/Validation-allPDB/pdb_cache/9na4.cif	SER	SER	OG	CB	ok			-94.29167736729693	HIS:286	HIS	ND1	5.469916838916994	0.0	1.0	ASP:420	ASP	OD2	3.4663473330167793	HOH:610	O	5.009241910604312	0.0	28.0	hbond_like			buried	TPO:342	TPO	37.18477562675058	0.0	0.0		unmodified
Q9NWZ3	9NA5	A	284	SER_single	1	1	1.73	SER	1002		4	162-217,220-336,341-458	162-217,220-336,341-458	SER	/mnt/c/Users/drpat/OneDrive - UGent/Desktop/PD/Phospho-fill/Validation-allPDB/pdb_cache/9na5.cif	SER	SER	OG	CB	ok			-110.65881183210213	HIS:286	HIS	CD2	5.09242266766794	0.0	1.0	ASP:420	ASP	OD2	4.040937613295589	HOH:738	O	2.9488900100937117	2.0	26.0	water_mediated_like			exposed	TPO:345	TPO	40.38802020807467	0.0	0.0		unmodified
Q9NWZ3	9NA6	C	284	SER_single	1	1	2.14	SER	1003		4	165-216,220-336,342-458	165-216,220-336,342-458	SER	/mnt/c/Users/drpat/OneDrive - UGent/Desktop/PD/Phospho-fill/Validation-allPDB/pdb_cache/9na6.cif	SER	SER	OG	CB	ok			-112.52013711569225	HIS:286	HIS	CD2	5.247568323052706	0.0	1.0	ASP:420	ASP	OD2	3.823868041989041	HOH:601	O	5.089848758350146	0.0	29.0	none_obvious			buried	TPO:342	TPO	36.750960004131464	0.0	0.0		unmodified
P24864	9OB2	B	103	SER_single	1	1	2.12	SER	406		1	102-375	102-375	SER	/mnt/c/Users/drpat/OneDrive - UGent/Desktop/PD/Phospho-fill/Validation-allPDB/pdb_cache/9ob2.cif	SER	SER	OG	CB	ok			-0.7896130891133796	ARG:113	ARG	NH2	3.3655744653706923	1.0	1.0	ARG:113	ARG	NH2	3.3655744653706923				0.0	45.0	salt_bridge_like			buried				0.0	0.0		unmodified
P24864	9OB3	B	103	SER_single	1	1	1.98	SER	407		1	102-375	102-375	SER	/mnt/c/Users/drpat/OneDrive - UGent/Desktop/PD/Phospho-fill/Validation-allPDB/pdb_cache/9ob3.cif	SER	SER	OG	CB	ok			-3.8966814252979973	ARG:113	ARG	NH2	3.6536587637014493	1.0	1.0	ARG:113	ARG	NH2	3.6536587637014493				0.0	49.0	none_obvious			buried				0.0	0.0		unmodified
P24864	9OB4	B	103	SER_single	1	1	1.95	SER	408		1	102-375	102-375	SER	/mnt/c/Users/drpat/OneDrive - UGent/Desktop/PD/Phospho-fill/Validation-allPDB/pdb_cache/9ob4.cif	SER	SER	OG	CB	ok			-0.6135298417649937	ARG:113	ARG	NH2	3.3908010731235376	1.0	1.0	ARG:113	ARG	NH2	3.3908010731235376				0.0	47.0	salt_bridge_like			buried				0.0	0.0		unmodified
P24864	9OB5	B	103	SER_single	1	1	2.1	SER	409		1	102-375	102-375	SER	/mnt/c/Users/drpat/OneDrive - UGent/Desktop/PD/Phospho-fill/Validation-allPDB/pdb_cache/9ob5.cif	SER	SER	OG	CB	ok			-1.7100888016443667	ARG:113	ARG	NH2	3.8341529083920265	1.0	1.0	ARG:113	ARG	NH2	3.8341529083920265				0.0	47.0	none_obvious			buried				0.0	0.0		unmodified
P24864	9OB6	B	103	SER_single	1	1	2.0	SER	410		1	102-375	102-375	SER	/mnt/c/Users/drpat/OneDrive - UGent/Desktop/PD/Phospho-fill/Validation-allPDB/pdb_cache/9ob6.cif	SER	SER	OG	CB	ok			-1.2077618614904848	ARG:113	ARG	NH2	3.7609259505667674	1.0	1.0	ARG:113	ARG	NH2	3.7609259505667674				0.0	49.0	none_obvious			buried				0.0	0.0		unmodified
P03960	9OC4	B	162	SER_single	1	1	2.1	SER	87		1	2-682	2-682	SER	/mnt/c/Users/drpat/OneDrive - UGent/Desktop/PD/Phospho-fill/Validation-allPDB/pdb_cache/9oc4.cif	SER	SER	OG	CB	ok			-142.13621498708682					0.0	0.0	ASP:154	ASP	OD1	5.811710197059898				0.0	11.0	none_obvious			intermediate				0.0	0.0		unmodified
P19097	9P4V	B	1440	SER_single	1	1	2.08	SER	364		1	1-94,329-538,624-971,979-1474,1482-1744	1-94,329-538,624-971,979-1474,1482-1744	SER	/mnt/c/Users/drpat/OneDrive - UGent/Desktop/PD/Phospho-fill/Validation-allPDB/pdb_cache/9p4v.cif	SER	SER	OG	CB	ok			-99.2019795029934	ARG:1518	ARG	NH2	4.292646080591487	0.0	1.0	ARG:1518	ARG	NH2	4.292646080591487	HOH:2199	O	6.983579873474847	0.0	35.0	none_obvious			buried				0.0	0.0		unmodified
P19097	9P4W	B	1440	SER_single	1	1	2.29	SER	365		1	1-94,329-538,603-620,623-970,979-1067,1069-1435,1439-1470,1485-1725,1727-1744	1-94,329-538,603-620,623-970,979-1067,1069-1435,1439-1470,1485-1725,1727-1744	SER	/mnt/c/Users/drpat/OneDrive - UGent/Desktop/PD/Phospho-fill/Validation-allPDB/pdb_cache/9p4w.cif	SER	SER	OG	CB	ok			-128.79398607263408	ARG:1518	ARG	NH2	3.763731550715807	1.0	1.0	ASP:1516	ASP	OD2	3.7582693135209326	HOH:2230	O	6.5081992795930965	0.0	35.0	none_obvious			buried				0.0	0.0		unmodified
Q9NWZ3	9PSS	A	284	SER_single	1	1	1.93	SER	1004		4	164-215,222-336,342-458	164-215,222-336,342-458	SER	/mnt/c/Users/drpat/OneDrive - UGent/Desktop/PD/Phospho-fill/Validation-allPDB/pdb_cache/9pss.cif	SER	SER	OG	CB	ok			-112.01986238356565	HIS:286	HIS	CD2	4.952719840030249	0.0	1.0	ASP:420	ASP	OD2	3.9085176489193447	HOH:650	O	2.7906831834740347	2.0	29.0	water_mediated_like			exposed	TPO:342	TPO	36.48612663177973	0.0	0.0		unmodified
Q9NWZ3	9PST	A	284	SER_single	1	1	2.12	SER	1005		4	165-216,220-336,343-458	165-216,220-336,343-458	SER	/mnt/c/Users/drpat/OneDrive - UGent/Desktop/PD/Phospho-fill/Validation-allPDB/pdb_cache/9pst.cif	SER	SER	OG	CB	ok			-108.66862471155721	HIS:286	HIS	CD2	5.165383632732964	0.0	1.0	ASP:420	ASP	OD2	3.843614103703177	HOH:645	O	2.6445038065355346	2.0	26.0	water_mediated_like			exposed	TPO:345	TPO	40.348689744708224	0.0	0.0		unmodified
Q9NWZ3	9PSU	B	284	SER_mixed_with_THR	1	2	2.43	SER	1006		4	164-216,222-337,342-458	164-216,222-337,342-458	SER	/mnt/c/Users/drpat/OneDrive - UGent/Desktop/PD/Phospho-fill/Validation-allPDB/pdb_cache/9psu.cif	SER	SER	OG	CB	ok			-103.82439191535535	HIS:286	HIS	CD2	4.6249521771696065	0.0	1.0	ASP:420	ASP	OD2	3.347043206549591	HOH:634	O	2.8751938930451564	1.0	29.0	hbond_like			buried	TPO:345	TPO	40.1727506733748	0.0	0.0		unmodified
Q9NWZ3	9R9G	A	284	SER_mixed_with_THR	1	2	1.88	SER	1008		4	163-216,222-335,341-458	163-216,222-335,341-458	SER	/mnt/c/Users/drpat/OneDrive - UGent/Desktop/PD/Phospho-fill/Validation-allPDB/pdb_cache/9r9g.cif	SER	SER	OG	CB	ok			-112.77086533987156	HIS:286	HIS	CD2	4.8478847365701965	0.0	1.0	ASP:420	ASP	OD2	3.9298177611205394	HOH:648	O	2.739674617270081	2.0	27.0	water_mediated_like			exposed	TPO:345	TPO	40.26158573122818	0.0	0.0		unmodified
Q9NWZ3	9R9J	B	284	SER_mixed_with_THR	1	2	2.39	SER	1009		4	161-217,222-254,257-337,342-458	161-217,222-254,257-337,342-458	SER	/mnt/c/Users/drpat/OneDrive - UGent/Desktop/PD/Phospho-fill/Validation-allPDB/pdb_cache/9r9j.cif	SER	SER	OG	CB	ok			-117.1309268444269	HIS:286	HIS	CD2	4.954812955555252	0.0	1.0	ASP:420	ASP	OD2	3.9510283266354276	HOH:650	O	2.830030009891759	1.0	27.0	water_mediated_like			buried	TPO:345	TPO	40.27828797768727	0.0	0.0		unmodified
Q9NWZ3	9R9K	B	284	SER_single	1	1	1.87	SER	1011		4	158-216,223-335,343-460	158-216,223-335,343-460	SER	/mnt/c/Users/drpat/OneDrive - UGent/Desktop/PD/Phospho-fill/Validation-allPDB/pdb_cache/9r9k.cif	SER	SER	OG	CB	ok			-110.8435426996064	HIS:286	HIS	CD2	4.75333776724924	0.0	1.0	ASP:420	ASP	OD2	3.9398446458928893	HOH:682	O	2.9210470891087184	2.0	27.0	water_mediated_like			exposed	TPO:345	TPO	40.362711061977535	0.0	0.0		unmodified
Q9HW02	9S8I	A	82	SER_single	1	1	2.3	SER	933		1	15-196,202-473	15-196,202-473	SER	/mnt/c/Users/drpat/OneDrive - UGent/Desktop/PD/Phospho-fill/Validation-allPDB/pdb_cache/9s8i.cif	SER	SER	OG	CB	ok			131.7148301046204	ARG:104	ARG	NE	3.097271731104677	1.0	1.0	ARG:104	ARG	NE	3.097271731104677	HOH:733	O	3.0763684049605073	1.0	26.0	salt_bridge_like			buried				0.0	0.0		unmodified
Q13526	9V92	A	72	SER_single	1	1	1.97	SER	813		1	6-39,51-163	6-39,51-163	SER	/mnt/c/Users/drpat/OneDrive - UGent/Desktop/PD/Phospho-fill/Validation-allPDB/pdb_cache/9v92.cif	SER	SER	OG	CB	ok			-98.05383696113675	ARG:74	ARG	NE	5.883418176350303	0.0	1.0	ASP:112	ASP	OD1	2.745892076643207	HOH:431	O	4.3116829257434475	0.0	44.0	hbond_like			buried				0.0	0.0		unmodified
P11309	9YKI	A	276	SER_single	1	1	1.95	SER	362		2	33-306	33-306	SER	/mnt/c/Users/drpat/OneDrive - UGent/Desktop/PD/Phospho-fill/Validation-allPDB/pdb_cache/9yki.cif	SER	SER	OG	CB	ok			-112.12883871902582	ARG:274	ARG	NE	4.1769470371206205	0.0	1.0	ARG:274	ARG	NE	4.1769470371206205	HOH:552	O	6.10146198215083	0.0	23.0	none_obvious			intermediate	SEP:261	SEP	26.7412851189325	0.0	0.0		unmodified
Q582V7	9Z8K	B	71	SER_single	1	1	2.05	SER	883		1	54-208,232-347	54-208,232-347	SER	/mnt/c/Users/drpat/OneDrive - UGent/Desktop/PD/Phospho-fill/Validation-allPDB/pdb_cache/9z8k.cif	SER	SER	OG	CB	ok			-0.2162727829946536					0.0	0.0	SER:208	SER	OG	7.597811768055498				0.0	12.0	none_obvious			intermediate				0.0	0.0		unmodified
P03960	9ZWK	B	162	SER_single	1	1	2.34	SER	88		1	5-682	5-682	SER	/mnt/c/Users/drpat/OneDrive - UGent/Desktop/PD/Phospho-fill/Validation-allPDB/pdb_cache/9zwk.cif	SER	SER	OG	CB	ok			-135.58160728365607					0.0	0.0	ASP:154	ASP	OD1	5.833708896161662				0.0	12.0	none_obvious			intermediate				0.0	0.0		unmodified
P03960	9ZWL	B	162	SER_single	1	1	2.28	SER	89		1	2-682	2-682	SER	/mnt/c/Users/drpat/OneDrive - UGent/Desktop/PD/Phospho-fill/Validation-allPDB/pdb_cache/9zwl.cif	SER	SER	OG	CB	ok			-30.958020981830433					0.0	0.0	ASP:154	ASP	OD1	4.138856203427795				0.0	17.0	none_obvious			intermediate				0.0	0.0		unmodified
P03960	9ZWM	B	162	SER_single	1	1	2.25	SER	90		1	2-682	2-682	SER	/mnt/c/Users/drpat/OneDrive - UGent/Desktop/PD/Phospho-fill/Validation-allPDB/pdb_cache/9zwm.cif	SER	SER	OG	CB	ok			17.474644454516067					0.0	0.0	ASP:154	ASP	OD1	3.7533476829647436				0.0	15.0	none_obvious			intermediate				0.0	0.0		unmodified
