acc_id	pdb_id	chain_id	target_position	subset_class	n_target_sites	n_context_sites	input_resolution	expected_resname	source_row_index	master_phospho_sites	master_site_count	mapped_uniprot_range	observed_uniprot_range	target_site_residues	structure_file	actual_resname	residue_class	anchor_atom	base_atom	status	d_anchor_p	angle_base_anchor_p	torsion_N_CA_CB_OG1	nearest_basic_label	nearest_basic_resname	nearest_basic_atom	nearest_basic_dist	n_basic_within4	n_basic_within6	nearest_polar_label	nearest_polar_resname	nearest_polar_atom	nearest_polar_dist	nearest_water_label	nearest_water_atom	nearest_water_dist	n_water_within4	nonwater_heavy_within6	interaction_class	secondary_structure	rsa	exposure_class	nearest_other_ptm_label	nearest_other_ptm_resname	nearest_other_ptm_dist	n_other_ptm_within8	n_other_ptm_within12	other_ptm_neighbors	audit_mode	torsion_CD1_CE1_CZ_OH
Q16539	1A9U	A	180	THR_mixed_with_TYR	1	2	2.5	THR	995		2	4-354	5-171,177-354	THR	/mnt/c/Users/drpat/OneDrive - UGent/Desktop/PD/Phospho-fill/Validation-allPDB/pdb_cache/1a9u.cif	THR	THR	OG1	CB	ok			129.05551847306384	HIS:228	HIS	NE2	5.252337994621295	0.0	1.0	HIS:228	HIS	NE2	5.252337994621295	HOH:532	O	2.9538329422589316	1.0	15.0	water_mediated_like			intermediate				0.0	0.0		unmodified	
P24941	1B38	A	160	THR_mixed_with_TYR	1	3	2.0	THR	373		3	1-35,44-298	1-35,44-298	THR	/mnt/c/Users/drpat/OneDrive - UGent/Desktop/PD/Phospho-fill/Validation-allPDB/pdb_cache/1b38.cif	THR	THR	OG1	CB	ok			-140.84990610279294	HIS:161	HIS	CD2	6.359883747624852	0.0	0.0	THR:158	THR	OG1	2.807694039085532	HOH:588	O	5.3790063384360245	0.0	43.0	hbond_like			buried				0.0	0.0		unmodified	
P24941	1B39	A	160	THR_mixed_with_TYR	1	3	2.1	THR	374		3	1-35,44-298	1-35,44-298	THR	/mnt/c/Users/drpat/OneDrive - UGent/Desktop/PD/Phospho-fill/Validation-allPDB/pdb_cache/1b39.cif	THR	THR	OG1	CB	ok			-140.17990759327213	HIS:161	HIS	CD2	6.56484274330092	0.0	0.0	GLU:12	GLU	OE2	3.67440302991969	HOH:512	O	7.861332660953271	0.0	39.0	none_obvious			buried				0.0	0.0		unmodified	
Q16539	1BL6	A	180	THR_mixed_with_TYR	1	2	2.5	THR	996		2	4-354	5-171,177-354	THR	/mnt/c/Users/drpat/OneDrive - UGent/Desktop/PD/Phospho-fill/Validation-allPDB/pdb_cache/1bl6.cif	THR	THR	OG1	CB	ok			129.73805517180665	HIS:228	HIS	NE2	5.040659947654302	0.0	1.0	ASP:177	ASP	OD1	4.306305748648568	HOH:532	O	4.3635515337586925	0.0	19.0	none_obvious			intermediate				0.0	0.0		unmodified	
Q16539	1BL7	A	180	THR_mixed_with_TYR	1	2	2.5	THR	997		2	4-354	5-118,121-170,177-354	THR	/mnt/c/Users/drpat/OneDrive - UGent/Desktop/PD/Phospho-fill/Validation-allPDB/pdb_cache/1bl7.cif	THR	THR	OG1	CB	ok			122.71331471205538	HIS:228	HIS	NE2	4.986480825347849	0.0	1.0	HIS:228	HIS	NE2	4.986480825347849				0.0	20.0	none_obvious			intermediate				0.0	0.0		unmodified	
O75531	1CI4	A	3	THR_mixed_with_SER	1	2	1.9	THR	95		2	1-89	1-89	THR	/mnt/c/Users/drpat/OneDrive - UGent/Desktop/PD/Phospho-fill/Validation-allPDB/pdb_cache/1ci4.cif	THR	THR	OG1	CB	ok			-126.20340422360074	ARG:8	ARG	NE	3.100783519832208	2.0	2.0	ARG:8	ARG	NE	3.100783519832208	HOH:186	O	2.5627069271147946	1.0	34.0	salt_bridge_like			buried				0.0	0.0		unmodified	
Q29495	1CJW	A	31	THR_single	1	1	1.8	THR	1069		1	30-195	30-195	THR	/mnt/c/Users/drpat/OneDrive - UGent/Desktop/PD/Phospho-fill/Validation-allPDB/pdb_cache/1cjw.cif	THR	THR	OG1	CB	ok			118.41056591054738	HIS:30	HIS	ND1	4.126289018494849	0.0	1.0	HIS:30	HIS	ND1	4.126289018494849	HOH:1005	O	3.3239846843089786	2.0	14.0	water_mediated_like			exposed				0.0	0.0		unmodified	
P24941	1E1V	A	160	THR_mixed_with_TYR	1	3	1.95	THR	375		3	1-35,44-298	1-35,44-298	THR	/mnt/c/Users/drpat/OneDrive - UGent/Desktop/PD/Phospho-fill/Validation-allPDB/pdb_cache/1e1v.cif	THR	THR	OG1	CB	ok			-108.54804018487492	HIS:161	HIS	CD2	6.15495930308842	0.0	0.0	THR:158	THR	OG1	2.8860056816146176	HOH:2083	O	6.363379921070127	0.0	38.0	hbond_like			buried				0.0	0.0		unmodified	
P24941	1E1X	A	160	THR_mixed_with_TYR	1	3	1.85	THR	376		3	1-35,44-298	1-35,44-298	THR	/mnt/c/Users/drpat/OneDrive - UGent/Desktop/PD/Phospho-fill/Validation-allPDB/pdb_cache/1e1x.cif	THR	THR	OG1	CB	ok			-134.01058972051	HIS:161	HIS	CD2	6.520741700190464	0.0	0.0	GLU:12	GLU	OE1	2.564169571148413	HOH:2009	O	4.145923473879326	0.0	35.0	hbond_like			buried				0.0	0.0		unmodified	
Q13153	1F3M	B	423	THR_single	1	1	2.3	THR	978		1	249-415,423-542	249-415,423-542	THR	/mnt/c/Users/drpat/OneDrive - UGent/Desktop/PD/Phospho-fill/Validation-allPDB/pdb_cache/1f3m.cif					missing_residue																														
P24941	1F5Q	A	160	THR_mixed_with_TYR	1	3	2.5	THR	377		3	1-9,12-298	1-9,12-298	THR	/mnt/c/Users/drpat/OneDrive - UGent/Desktop/PD/Phospho-fill/Validation-allPDB/pdb_cache/1f5q.cif	THR	THR	OG1	CB	ok			-35.5606721485084	HIS:161	HIS	CD2	3.2223675083930745	1.0	1.0	HIS:161	HIS	NE2	3.6913421172939342	HOH:348	O	7.913073360689799	0.0	17.0	salt_bridge_like			intermediate				0.0	0.0		unmodified	
P24941	1FIN	A	160	THR_mixed_with_TYR	1	3	2.3	THR	378		3	1-298	1-298	THR	/mnt/c/Users/drpat/OneDrive - UGent/Desktop/PD/Phospho-fill/Validation-allPDB/pdb_cache/1fin.cif	THR	THR	OG1	CB	ok			-121.49414100782708	HIS:161	HIS	ND1	2.786225619585472	1.0	1.0	HIS:161	HIS	ND1	2.786225619585472	HOH:391	O	7.326163576122106	0.0	21.0	salt_bridge_like			intermediate				0.0	0.0		unmodified	
P24941	1GZ8	A	160	THR_mixed_with_TYR	1	3	1.3	THR	379		3	1-36,44-298	1-36,44-298	THR	/mnt/c/Users/drpat/OneDrive - UGent/Desktop/PD/Phospho-fill/Validation-allPDB/pdb_cache/1gz8.cif	THR	THR	OG1	CB	ok			-132.48283992816152	HIS:161	HIS	CD2	6.195652730328158	0.0	0.0	THR:158	THR	OG1	3.342876171423913	HOH:2184	O	3.0405291934995007	2.0	36.0	hbond_like			exposed				0.0	0.0		unmodified	
P24941	1H01	A	160	THR_mixed_with_TYR	1	3	1.79	THR	380		3	1-36,46-296	1-36,46-296	THR	/mnt/c/Users/drpat/OneDrive - UGent/Desktop/PD/Phospho-fill/Validation-allPDB/pdb_cache/1h01.cif	THR	THR	OG1	CB	ok			-118.47606892595788	HIS:161	HIS	CD2	6.263834448035909	0.0	0.0	THR:158	THR	OG1	2.9298274467486523	HOH:2119	O	2.610875765328537	2.0	38.0	hbond_like			exposed				0.0	0.0		unmodified	
P24941	1H07	A	160	THR_mixed_with_TYR	1	3	1.85	THR	381		3	1-36,44-150,155-296	1-36,44-150,155-296	THR	/mnt/c/Users/drpat/OneDrive - UGent/Desktop/PD/Phospho-fill/Validation-allPDB/pdb_cache/1h07.cif	THR	THR	OG1	CB	ok			-123.07286925073015	HIS:161	HIS	CD2	6.256476735270302	0.0	0.0	THR:158	THR	OG1	2.7086541118682126				0.0	38.0	hbond_like			buried				0.0	0.0		unmodified	
P24941	1HCK	A	160	THR_mixed_with_TYR	1	3	1.9	THR	382		3	1-36,41-298	1-36,41-298	THR	/mnt/c/Users/drpat/OneDrive - UGent/Desktop/PD/Phospho-fill/Validation-allPDB/pdb_cache/1hck.cif	THR	THR	OG1	CB	ok			-165.76546072666537	HIS:161	HIS	CD2	6.04854830786695	0.0	0.0	GLU:162	GLU	OE1	2.847455299330436				0.0	41.0	hbond_like			buried				0.0	0.0		unmodified	
P24941	1HCL	A	160	THR_mixed_with_TYR	1	3	1.8	THR	383		3	1-36,41-298	1-36,41-298	THR	/mnt/c/Users/drpat/OneDrive - UGent/Desktop/PD/Phospho-fill/Validation-allPDB/pdb_cache/1hcl.cif	THR	THR	OG1	CB	ok			-101.03581291227621	HIS:161	HIS	CD2	5.855095574501975	0.0	1.0	GLU:162	GLU	OE1	2.979472125311959	HOH:608	O	5.064835654692118	0.0	40.0	hbond_like			buried				0.0	0.0		unmodified	
P0DMV8	1HJO	A	66	THR_single	1	1	2.3	THR	153		1	3-382	3-382	THR	/mnt/c/Users/drpat/OneDrive - UGent/Desktop/PD/Phospho-fill/Validation-allPDB/pdb_cache/1hjo.cif	THR	THR	OG1	CB	ok			117.96237502700585					0.0	0.0	GLN:58	GLN	NE2	2.8964073637690464	HOH:417	O	4.580438986174277	0.0	45.0	hbond_like			buried				0.0	0.0		unmodified	
P49841	1J1B	A	277	THR_mixed_with_TYR	1	2	1.8	THR	836		3	35-388	35-388	THR	/mnt/c/Users/drpat/OneDrive - UGent/Desktop/PD/Phospho-fill/Validation-allPDB/pdb_cache/1j1b.cif	THR	THR	OG1	CB	ok			86.01174600221101					0.0	0.0	GLN:280	GLN	OE1	3.8884453470956317				0.0	16.0	none_obvious			intermediate				0.0	0.0		unmodified	
P49841	1J1C	A	277	THR_mixed_with_TYR	1	2	2.1	THR	837		3	35-388	35-388	THR	/mnt/c/Users/drpat/OneDrive - UGent/Desktop/PD/Phospho-fill/Validation-allPDB/pdb_cache/1j1c.cif	THR	THR	OG1	CB	ok			81.66598982200269					0.0	0.0	GLN:280	GLN	OE1	4.016199897134006				0.0	16.0	none_obvious			intermediate				0.0	0.0		unmodified	
P24941	1JSV	A	160	THR_mixed_with_TYR	1	3	1.96	THR	384		3	1-36,47-298	1-36,47-298	THR	/mnt/c/Users/drpat/OneDrive - UGent/Desktop/PD/Phospho-fill/Validation-allPDB/pdb_cache/1jsv.cif	THR	THR	OG1	CB	ok			-113.49497187964528	HIS:161	HIS	ND1	6.355310662653699	0.0	0.0	THR:158	THR	OG1	2.9265883257741963	HOH:609	O	2.5670498485250133	2.0	38.0	hbond_like			exposed				0.0	0.0		unmodified	
P15531	1JXV	A	94	THR_single	1	1	2.2	THR	367		1	4-152	4-152	THR	/mnt/c/Users/drpat/OneDrive - UGent/Desktop/PD/Phospho-fill/Validation-allPDB/pdb_cache/1jxv.cif	THR	THR	OG1	CB	ok			110.36855746656418	ARG:105	ARG	NH1	3.7785992279291554	1.0	1.0	ARG:105	ARG	NH1	3.7785992279291554	HOH:177	O	4.305535227157242	0.0	11.0	none_obvious			intermediate				0.0	0.0		unmodified	
Q29495	1KUV	A	31	THR_single	1	1	2.0	THR	1070		1	30-195	30-195	THR	/mnt/c/Users/drpat/OneDrive - UGent/Desktop/PD/Phospho-fill/Validation-allPDB/pdb_cache/1kuv.cif	THR	THR	OG1	CB	ok			-1.879385059369661	HIS:30	HIS	CD2	5.430495954385261	0.0	1.0	HIS:30	HIS	NE2	5.7638996280031325	HOH:1058	O	5.16578023581387	0.0	15.0	none_obvious			intermediate				0.0	0.0		unmodified	
Q29495	1KUX	A	31	THR_single	1	1	1.8	THR	1071		1	30-195	30-195	THR	/mnt/c/Users/drpat/OneDrive - UGent/Desktop/PD/Phospho-fill/Validation-allPDB/pdb_cache/1kux.cif	THR	THR	OG1	CB	ok			3.932264092646988	HIS:30	HIS	CD2	5.5398861550875	0.0	1.0	GLU:87	GLU	OE2	5.555043789911227	HOH:730	O	3.8425241127391563	1.0	14.0	none_obvious			intermediate				0.0	0.0		unmodified	
Q29495	1KUY	A	31	THR_single	1	1	2.4	THR	1072		1	30-195	30-195	THR	/mnt/c/Users/drpat/OneDrive - UGent/Desktop/PD/Phospho-fill/Validation-allPDB/pdb_cache/1kuy.cif	THR	THR	OG1	CB	ok			8.017760288173868	HIS:30	HIS	CD2	5.946280346500301	0.0	1.0	GLU:87	GLU	OE2	5.83788847676847	HOH:926	O	3.278330334221359	1.0	16.0	water_mediated_like			intermediate				0.0	0.0		unmodified	
Q29495	1L0C	A	31	THR_single	1	1	2.3	THR	1073		1	30-195	30-195	THR	/mnt/c/Users/drpat/OneDrive - UGent/Desktop/PD/Phospho-fill/Validation-allPDB/pdb_cache/1l0c.cif	THR	THR	OG1	CB	ok			1.0557442658776712	HIS:30	HIS	CD2	5.9473158969309505	0.0	1.0	GLU:87	GLU	OE2	5.918432336236183	HOH:964	O	5.052909693089666	0.0	14.0	none_obvious			intermediate				0.0	0.0		unmodified	
P04150	1M2Z	A	524	THR_mixed_with_SER	1	2	2.5	THR	146		2	523-777	523-777	THR	/mnt/c/Users/drpat/OneDrive - UGent/Desktop/PD/Phospho-fill/Validation-allPDB/pdb_cache/1m2z.cif	THR	THR	OG1	CB	ok			112.21668546249516					0.0	0.0					HOH:138	O	7.127674328127003	0.0	8.0	none_obvious			intermediate				0.0	0.0		unmodified	
Q16539	1M7Q	A	180	THR_mixed_with_TYR	1	2	2.4	THR	998		2	4-351	4-351	THR	/mnt/c/Users/drpat/OneDrive - UGent/Desktop/PD/Phospho-fill/Validation-allPDB/pdb_cache/1m7q.cif	THR	THR	OG1	CB	ok			116.07235480744325	HIS:228	HIS	NE2	4.96962356000937	0.0	1.0	ASP:177	ASP	OD1	4.902991608027235	HOH:601	O	4.477990705970404	0.0	23.0	none_obvious			intermediate				0.0	0.0		unmodified	
O14965	1MQ4	A	288	THR_single	1	1	1.9	THR	17		2	126-285,288-388	126-285,288-388	THR	/mnt/c/Users/drpat/OneDrive - UGent/Desktop/PD/Phospho-fill/Validation-allPDB/pdb_cache/1mq4.cif	THR	THR	OG1	CB	ok			125.56098563848234	HIS:176	HIS	NE2	2.9907670080566238	1.0	2.0	HIS:176	HIS	NE2	2.9907670080566238	HOH:3063	O	6.336647790890746	0.0	28.0	salt_bridge_like			buried				0.0	0.0		unmodified	
P49841	1O9U	A	277	THR_single	1	1	2.4	THR	838		3	35-384	35-384	THR	/mnt/c/Users/drpat/OneDrive - UGent/Desktop/PD/Phospho-fill/Validation-allPDB/pdb_cache/1o9u.cif	THR	THR	OG1	CB	ok			-118.71156551636707	ARG:278	ARG	NH1	7.791683714813756	0.0	0.0	GLN:280	GLN	OE1	3.2941434723172014	HOH:2096	O	5.1093578164832545	0.0	27.0	hbond_like			buried	PTR:216	PTR	26.77406856950289	0.0	0.0		unmodified	
P24941	1OIR	A	160	THR_mixed_with_TYR	1	3	1.91	THR	385		3	1-37,47-296	1-37,47-296	THR	/mnt/c/Users/drpat/OneDrive - UGent/Desktop/PD/Phospho-fill/Validation-allPDB/pdb_cache/1oir.cif	THR	THR	OG1	CB	ok			-122.19911637869276	HIS:161	HIS	CD2	6.19892185026171	0.0	0.0	THR:158	THR	OG1	3.089873029781639	HOH:2057	O	3.1932623203106574	1.0	38.0	hbond_like			buried				0.0	0.0		unmodified	
P24941	1OKV	A	160	THR_mixed_with_TYR	1	3	2.4	THR	386		3	1-296	1-296	THR	/mnt/c/Users/drpat/OneDrive - UGent/Desktop/PD/Phospho-fill/Validation-allPDB/pdb_cache/1okv.cif	THR	THR	OG1	CB	ok			121.06660663420715	HIS:161	HIS	CD2	5.267061022839464	0.0	1.0	HIS:161	HIS	NE2	5.33999564964464	HOH:2125	O	2.5212722031456596	4.0	12.0	water_mediated_like			exposed				0.0	0.0		unmodified	
P24941	1OKW	A	160	THR_mixed_with_TYR	1	3	2.5	THR	387		3	1-296	1-296	THR	/mnt/c/Users/drpat/OneDrive - UGent/Desktop/PD/Phospho-fill/Validation-allPDB/pdb_cache/1okw.cif	THR	THR	OG1	CB	ok			-147.70339075292102	HIS:161	HIS	CD2	4.139911051691493	0.0	1.0	HIS:161	HIS	NE2	4.219525711406309	HOH:2085	O	7.631882562524547	0.0	17.0	none_obvious			intermediate				0.0	0.0		unmodified	
Q16539	1OUK	A	180	THR_mixed_with_TYR	1	2	2.5	THR	999		2	4-351	4-351	THR	/mnt/c/Users/drpat/OneDrive - UGent/Desktop/PD/Phospho-fill/Validation-allPDB/pdb_cache/1ouk.cif	THR	THR	OG1	CB	ok			118.53725163926066	HIS:228	HIS	CE1	4.9237218383859975	0.0	1.0	ASP:177	ASP	OD1	5.005074248377364	HOH:613	O	4.044463352580341	0.0	25.0	none_obvious			buried				0.0	0.0		unmodified	
Q16539	1OUY	A	180	THR_mixed_with_TYR	1	2	2.5	THR	1000		2	4-353	4-353	THR	/mnt/c/Users/drpat/OneDrive - UGent/Desktop/PD/Phospho-fill/Validation-allPDB/pdb_cache/1ouy.cif	THR	THR	OG1	CB	ok			125.99679274097552	HIS:228	HIS	CE1	4.9603326968593064	0.0	1.0	ASP:177	ASP	OD1	4.912883752991652				0.0	24.0	none_obvious			buried				0.0	0.0		unmodified	
Q16539	1OVE	A	180	THR_mixed_with_TYR	1	2	2.1	THR	1001		2	4-352	4-352	THR	/mnt/c/Users/drpat/OneDrive - UGent/Desktop/PD/Phospho-fill/Validation-allPDB/pdb_cache/1ove.cif	THR	THR	OG1	CB	ok			119.62019242624484	HIS:228	HIS	CE1	5.095586278494405	0.0	1.0	ASP:177	ASP	OD1	5.054491631100981	HOH:1268	O	2.506154361347165	2.0	25.0	water_mediated_like			exposed				0.0	0.0		unmodified	
Q16539	1OZ1	A	180	THR_mixed_with_TYR	1	2	2.1	THR	1002		2	5-117,122-352	5-117,122-352	THR	/mnt/c/Users/drpat/OneDrive - UGent/Desktop/PD/Phospho-fill/Validation-allPDB/pdb_cache/1oz1.cif	THR	THR	OG1	CB	ok			114.86091315860203	HIS:228	HIS	CE1	5.158084175772589	0.0	1.0	ASP:177	ASP	OD2	5.103294517198225	HOH:608	O	2.7902913783693326	2.0	23.0	water_mediated_like			exposed				0.0	0.0		unmodified	
P28482	1PME	A	185	THR_mixed_with_TYR	1	2	2.0	THR	566		2	16-32,36-329,338-360	16-32,36-329,338-360	THR	/mnt/c/Users/drpat/OneDrive - UGent/Desktop/PD/Phospho-fill/Validation-allPDB/pdb_cache/1pme.cif	THR	THR	OG1	CB	ok			115.4327535477862	LYS:203	LYS	CE	7.4183247879717635	0.0	0.0	THR:181	THR	OG1	2.994568485834998	HOH:2056	O	3.647648569665837	1.0	24.0	hbond_like			buried				0.0	0.0		unmodified	
P24941	1PW2	A	160	THR_mixed_with_TYR	1	3	1.95	THR	388		3	1-36,41-298	1-36,41-298	THR	/mnt/c/Users/drpat/OneDrive - UGent/Desktop/PD/Phospho-fill/Validation-allPDB/pdb_cache/1pw2.cif	THR	THR	OG1	CB	ok			-123.24593414134479	HIS:161	HIS	CD2	6.3256363756095295	0.0	0.0	GLU:162	GLU	OE1	2.659548834515896	HOH:626	O	7.356010225161138	0.0	39.0	hbond_like			buried				0.0	0.0		unmodified	
P24941	1PXI	A	160	THR_mixed_with_TYR	1	3	1.95	THR	389		3	1-36,41-298	1-36,41-298	THR	/mnt/c/Users/drpat/OneDrive - UGent/Desktop/PD/Phospho-fill/Validation-allPDB/pdb_cache/1pxi.cif	THR	THR	OG1	CB	ok			-119.91628044732893	HIS:161	HIS	CD2	6.335084403722416	0.0	0.0	GLU:162	GLU	OE1	2.6755934196519164	HOH:694	O	6.87108248384518	0.0	40.0	hbond_like			buried				0.0	0.0		unmodified	
P24941	1PXJ	A	160	THR_mixed_with_TYR	1	3	2.3	THR	390		3	1-36,41-298	1-36,41-298	THR	/mnt/c/Users/drpat/OneDrive - UGent/Desktop/PD/Phospho-fill/Validation-allPDB/pdb_cache/1pxj.cif	THR	THR	OG1	CB	ok			-12.76597742101281	HIS:161	HIS	CD2	5.445944384523526	0.0	1.0	GLU:162	GLU	OE2	4.257516601422733				0.0	31.0	none_obvious			buried				0.0	0.0		unmodified	
P24941	1PXL	A	160	THR_mixed_with_TYR	1	3	2.5	THR	391		3	1-35,44-298	1-35,44-298	THR	/mnt/c/Users/drpat/OneDrive - UGent/Desktop/PD/Phospho-fill/Validation-allPDB/pdb_cache/1pxl.cif	THR	THR	OG1	CB	ok			-2.335596016053853	HIS:161	HIS	CD2	6.4019455781564565	0.0	0.0	GLU:162	GLU	OE1	3.2807949208846328				0.0	34.0	hbond_like			buried				0.0	0.0		unmodified	
P24941	1PXN	A	160	THR_mixed_with_TYR	1	3	2.5	THR	392		3	1-36,41-298	1-36,41-298	THR	/mnt/c/Users/drpat/OneDrive - UGent/Desktop/PD/Phospho-fill/Validation-allPDB/pdb_cache/1pxn.cif	THR	THR	OG1	CB	ok			5.2913041402527945	HIS:161	HIS	CD2	6.10719027498251	0.0	0.0	GLU:162	GLU	OE1	5.130326814053574				0.0	18.0	none_obvious			intermediate				0.0	0.0		unmodified	
P24941	1PXO	A	160	THR_mixed_with_TYR	1	3	1.96	THR	393		3	1-36,41-298	1-36,41-298	THR	/mnt/c/Users/drpat/OneDrive - UGent/Desktop/PD/Phospho-fill/Validation-allPDB/pdb_cache/1pxo.cif	THR	THR	OG1	CB	ok			127.35933032882294	LYS:9	LYS	NZ	5.5958495193471585	0.0	1.0	GLU:12	GLU	OE2	3.1783013921861034	HOH:572	O	5.844173418356521	0.0	37.0	hbond_like			buried				0.0	0.0		unmodified	
P24941	1PXP	A	160	THR_mixed_with_TYR	1	3	2.3	THR	394		3	1-36,41-298	1-36,41-298	THR	/mnt/c/Users/drpat/OneDrive - UGent/Desktop/PD/Phospho-fill/Validation-allPDB/pdb_cache/1pxp.cif	THR	THR	OG1	CB	ok			-5.365091296247444	HIS:161	HIS	CD2	5.772060017147604	0.0	1.0	GLU:12	GLU	OE1	3.093044864732642	HOH:547	O	6.737188810039383	0.0	24.0	hbond_like			buried				0.0	0.0		unmodified	
P49841	1PYX	A	277	THR_mixed_with_TYR	1	2	2.4	THR	839		3	35-119,125-286,291-386	35-119,125-286,291-386	THR	/mnt/c/Users/drpat/OneDrive - UGent/Desktop/PD/Phospho-fill/Validation-allPDB/pdb_cache/1pyx.cif	THR	THR	OG1	CB	ok			-111.4055171751309	ARG:282	ARG	NH1	7.39511317756065	0.0	0.0	GLN:280	GLN	OE1	3.477151658372873	HOH:640	O	3.6533502150469497	1.0	26.0	hbond_like			buried				0.0	0.0		unmodified	
P49841	1Q3D	A	277	THR_mixed_with_TYR	1	2	2.2	THR	840		3	35-119,126-286,293-385	35-119,126-286,293-385	THR	/mnt/c/Users/drpat/OneDrive - UGent/Desktop/PD/Phospho-fill/Validation-allPDB/pdb_cache/1q3d.cif	THR	THR	OG1	CB	ok			-111.54713932244677	ARG:278	ARG	NE	7.930090227648598	0.0	0.0	GLN:280	GLN	OE1	3.574914261224883	HOH:555	O	7.566711995361309	0.0	27.0	none_obvious			buried				0.0	0.0		unmodified	
P49841	1Q3W	A	277	THR_mixed_with_TYR	1	2	2.3	THR	841		3	35-120,125-287,292-386	35-120,125-287,292-386	THR	/mnt/c/Users/drpat/OneDrive - UGent/Desktop/PD/Phospho-fill/Validation-allPDB/pdb_cache/1q3w.cif	THR	THR	OG1	CB	ok			-112.71839297688072	ARG:278	ARG	NE	7.952869125741834	0.0	0.0	GLN:280	GLN	OE1	3.5523063471700347				0.0	27.0	none_obvious			buried				0.0	0.0		unmodified	
P49841	1Q41	B	277	THR_mixed_with_TYR	1	2	2.1	THR	842		3	35-119,126-383	35-119,126-383	THR	/mnt/c/Users/drpat/OneDrive - UGent/Desktop/PD/Phospho-fill/Validation-allPDB/pdb_cache/1q41.cif	THR	THR	OG1	CB	ok			-108.51970295342576	ARG:278	ARG	NE	7.917396199898978	0.0	0.0	GLN:280	GLN	OE1	3.4986290415377743	HOH:647	O	7.552462170622537	0.0	23.0	hbond_like			intermediate				0.0	0.0		unmodified	
P49841	1Q5K	A	277	THR_mixed_with_TYR	1	2	1.94	THR	843		3	35-119,122-286,290-384	35-119,122-286,290-384	THR	/mnt/c/Users/drpat/OneDrive - UGent/Desktop/PD/Phospho-fill/Validation-allPDB/pdb_cache/1q5k.cif	THR	THR	OG1	CB	ok			-114.77134383462557	ARG:278	ARG	NE	7.871575956249176	0.0	0.0	GLN:280	GLN	OE1	3.622807359831587	HOH:666	O	7.587440694801414	0.0	26.0	none_obvious			buried				0.0	0.0		unmodified	
P49841	1R0E	A	277	THR_mixed_with_TYR	1	2	2.25	THR	844		3	35-119,125-383	35-119,125-383	THR	/mnt/c/Users/drpat/OneDrive - UGent/Desktop/PD/Phospho-fill/Validation-allPDB/pdb_cache/1r0e.cif	THR	THR	OG1	CB	ok			-117.04431086601005					0.0	0.0	GLN:280	GLN	OE1	3.23531288220292	HOH:757	O	7.745474650559702	0.0	27.0	hbond_like			buried				0.0	0.0		unmodified	
Q16539	1R39	A	180	THR_mixed_with_TYR	1	2	2.3	THR	1003		2	4-171,175-351	4-171,175-351	THR	/mnt/c/Users/drpat/OneDrive - UGent/Desktop/PD/Phospho-fill/Validation-allPDB/pdb_cache/1r39.cif	THR	THR	OG1	CB	ok			-110.8039353534325	ARG:186	ARG	NH1	6.341014130114481	0.0	0.0	ASP:177	ASP	OD1	4.073841095320344				0.0	21.0	none_obvious			intermediate				0.0	0.0		unmodified	
Q16539	1R3C	A	180	THR_mixed_with_TYR	1	2	2.0	THR	1004		2	4-352	4-352	THR	/mnt/c/Users/drpat/OneDrive - UGent/Desktop/PD/Phospho-fill/Validation-allPDB/pdb_cache/1r3c.cif	THR	THR	OG1	CB	ok			120.89764083248232	HIS:228	HIS	CE1	4.924018263720566	0.0	1.0	ASP:177	ASP	OD2	5.365167795148013	HOH:1219	O	4.412758939209261	0.0	27.0	none_obvious			buried				0.0	0.0		unmodified	
P0DMV8	1S3X	A	66	THR_single	1	1	1.84	THR	154		1	3-382	3-382	THR	/mnt/c/Users/drpat/OneDrive - UGent/Desktop/PD/Phospho-fill/Validation-allPDB/pdb_cache/1s3x.cif	THR	THR	OG1	CB	ok			122.24473330003322					0.0	0.0	GLN:58	GLN	NE2	2.8643827847091474	HOH:405	O	4.491815617241002	0.0	45.0	hbond_like			buried				0.0	0.0		unmodified	
P28482	1TVO	A	185	THR_mixed_with_TYR	1	2	2.5	THR	567		2	8-357	8-357	THR	/mnt/c/Users/drpat/OneDrive - UGent/Desktop/PD/Phospho-fill/Validation-allPDB/pdb_cache/1tvo.cif	THR	THR	OG1	CB	ok			115.58372317432641	LYS:203	LYS	CE	7.741641561668495	0.0	0.0	THR:181	THR	OG1	2.898818597954697	HOH:1026	O	3.94674680670604	1.0	25.0	hbond_like			buried				0.0	0.0		unmodified	
P02699	1U19	A	335	THR_mixed_with_SER	4	7	2.2	THR	145		7	1-348	1-348	THR,THR,THR,THR	/mnt/c/Users/drpat/OneDrive - UGent/Desktop/PD/Phospho-fill/Validation-allPDB/pdb_cache/1u19.cif	THR	THR	OG1	CB	ok			-127.87493014635099	LYS:67	LYS	NZ	7.484825326977889	0.0	0.0	GLN:312	GLN	NE2	3.3781185389149697	HOH:2053	O	7.15149794724832	0.0	18.0	hbond_like			intermediate				0.0	0.0		unmodified	
P02699	1U19	A	336	THR_mixed_with_SER	4	7	2.2	THR	145		7	1-348	1-348	THR,THR,THR,THR	/mnt/c/Users/drpat/OneDrive - UGent/Desktop/PD/Phospho-fill/Validation-allPDB/pdb_cache/1u19.cif	THR	THR	OG1	CB	ok			-156.22017883188414	LYS:325	LYS	NZ	6.564553869771078	0.0	0.0	THR:342	THR	OG1	4.340896613949084	HOH:2007	O	3.8758226815184615	1.0	19.0	none_obvious			intermediate				0.0	0.0		unmodified	
P02699	1U19	A	340	THR_mixed_with_SER	4	7	2.2	THR	145		7	1-348	1-348	THR,THR,THR,THR	/mnt/c/Users/drpat/OneDrive - UGent/Desktop/PD/Phospho-fill/Validation-allPDB/pdb_cache/1u19.cif	THR	THR	OG1	CB	ok			-0.8735731325121274	LYS:339	LYS	CE	5.92005910869199	0.0	1.0	LYS:339	LYS	NZ	6.783462128695996				0.0	7.0	none_obvious			intermediate				0.0	0.0		unmodified	
P02699	1U19	A	342	THR_mixed_with_SER	4	7	2.2	THR	145		7	1-348	1-348	THR,THR,THR,THR	/mnt/c/Users/drpat/OneDrive - UGent/Desktop/PD/Phospho-fill/Validation-allPDB/pdb_cache/1u19.cif	THR	THR	OG1	CB	ok			13.24719990877529	LYS:325	LYS	NZ	5.990919854685292	0.0	1.0	GLN:344	GLN	OE1	2.4612722698240272	HOH:2007	O	4.916289304180541	0.0	20.0	hbond_like			intermediate				0.0	0.0		unmodified	
P15531	1UCN	A	94	THR_single	1	1	2.0	THR	368		1	2-152	2-152	THR	/mnt/c/Users/drpat/OneDrive - UGent/Desktop/PD/Phospho-fill/Validation-allPDB/pdb_cache/1ucn.cif	THR	THR	OG1	CB	ok			124.9608155562638	ARG:88	ARG	NH2	4.521906578060666	0.0	2.0	ARG:88	ARG	NH2	4.521906578060666	HOH:1173	O	6.139563043110162	0.0	27.0	none_obvious			buried				0.0	0.0		unmodified	
P24941	1VYW	A	160	THR_mixed_with_TYR	1	3	2.3	THR	395		3	1-298	1-298	THR	/mnt/c/Users/drpat/OneDrive - UGent/Desktop/PD/Phospho-fill/Validation-allPDB/pdb_cache/1vyw.cif	THR	THR	OG1	CB	ok			120.00054902285898	HIS:161	HIS	CD2	5.876326526119549	0.0	1.0	HIS:161	HIS	NE2	6.159027674614502	HOH:2083	O	2.5499356276011	1.0	11.0	water_mediated_like			intermediate				0.0	0.0		unmodified	
Q16539	1W7H	A	180	THR_mixed_with_TYR	1	2	2.214	THR	1005		2	4-355	4-355	THR	/mnt/c/Users/drpat/OneDrive - UGent/Desktop/PD/Phospho-fill/Validation-allPDB/pdb_cache/1w7h.cif	THR	THR	OG1	CB	ok			117.02765763887435	HIS:228	HIS	CE1	5.036582577918881	0.0	1.0	ASP:177	ASP	OD1	4.928806615562295	HOH:2260	O	3.481890339180213	1.0	23.0	water_mediated_like			intermediate				0.0	0.0		unmodified	
Q16539	1W82	A	180	THR_mixed_with_TYR	1	2	2.2	THR	1006		2	4-355	4-355	THR	/mnt/c/Users/drpat/OneDrive - UGent/Desktop/PD/Phospho-fill/Validation-allPDB/pdb_cache/1w82.cif	THR	THR	OG1	CB	ok			117.89497746959982	HIS:228	HIS	CE1	4.602504896193757	0.0	1.0	HIS:228	HIS	ND1	5.145932527764046	HOH:2318	O	4.992849559651039	0.0	26.0	none_obvious			buried				0.0	0.0		unmodified	
Q16539	1W83	A	180	THR_mixed_with_TYR	1	2	2.5	THR	1007		2	4-355	4-355	THR	/mnt/c/Users/drpat/OneDrive - UGent/Desktop/PD/Phospho-fill/Validation-allPDB/pdb_cache/1w83.cif	THR	THR	OG1	CB	ok			137.03566724268845	HIS:228	HIS	NE2	5.091894196294786	0.0	1.0	HIS:228	HIS	NE2	5.091894196294786	HOH:2215	O	2.8974871723514783	1.0	22.0	water_mediated_like			intermediate				0.0	0.0		unmodified	
Q16539	1W84	A	180	THR_mixed_with_TYR	1	2	2.2	THR	1008		2	4-355	4-355	THR	/mnt/c/Users/drpat/OneDrive - UGent/Desktop/PD/Phospho-fill/Validation-allPDB/pdb_cache/1w84.cif	THR	THR	OG1	CB	ok			122.83727431076309	HIS:228	HIS	NE2	5.197609865542656	0.0	1.0	ASP:177	ASP	OD1	4.914814519334458	HOH:2344	O	4.475223225528055	0.0	24.0	none_obvious			buried				0.0	0.0		unmodified	
P24941	1W8C	A	160	THR_mixed_with_TYR	1	3	2.05	THR	396		3	1-36,44-298	1-36,44-298	THR	/mnt/c/Users/drpat/OneDrive - UGent/Desktop/PD/Phospho-fill/Validation-allPDB/pdb_cache/1w8c.cif	THR	THR	OG1	CB	ok			-153.96381842133832	HIS:161	HIS	ND1	6.3951443010905615	0.0	0.0	THR:158	THR	OG1	2.7273781462733915	HOH:2070	O	5.598312140104454	0.0	39.0	hbond_like			buried				0.0	0.0		unmodified	
Q16539	1WBN	A	180	THR_mixed_with_TYR	1	2	2.4	THR	1009		2	4-355	4-355	THR	/mnt/c/Users/drpat/OneDrive - UGent/Desktop/PD/Phospho-fill/Validation-allPDB/pdb_cache/1wbn.cif	THR	THR	OG1	CB	ok			119.98091182213953	HIS:228	HIS	NE2	5.245181049872242	0.0	1.0	ASP:177	ASP	OD1	4.595265620915984	HOH:2321	O	2.7606545848535973	1.0	24.0	water_mediated_like			buried				0.0	0.0		unmodified	
Q16539	1WBO	A	180	THR_mixed_with_TYR	1	2	2.16	THR	1010		2	4-354	4-354	THR	/mnt/c/Users/drpat/OneDrive - UGent/Desktop/PD/Phospho-fill/Validation-allPDB/pdb_cache/1wbo.cif	THR	THR	OG1	CB	ok			115.48392004457493	HIS:228	HIS	NE2	4.731733962356253	0.0	1.0	HIS:228	HIS	NE2	4.731733962356253	HOH:2070	O	5.98496828423112	0.0	24.0	none_obvious			buried				0.0	0.0		unmodified	
Q16539	1WBS	A	180	THR_mixed_with_TYR	1	2	1.8	THR	1011		2	4-355	4-355	THR	/mnt/c/Users/drpat/OneDrive - UGent/Desktop/PD/Phospho-fill/Validation-allPDB/pdb_cache/1wbs.cif	THR	THR	OG1	CB	ok			117.26525623835641	HIS:228	HIS	CE1	4.872306361163635	0.0	1.0	ASP:177	ASP	OD1	5.451465370768075	HOH:2210	O	3.0511647525170242	1.0	25.0	water_mediated_like			buried				0.0	0.0		unmodified	
Q16539	1WBT	A	180	THR_mixed_with_TYR	1	2	2.0	THR	1012		2	4-355	4-355	THR	/mnt/c/Users/drpat/OneDrive - UGent/Desktop/PD/Phospho-fill/Validation-allPDB/pdb_cache/1wbt.cif	THR	THR	OG1	CB	ok			126.01233067073687	HIS:228	HIS	CE1	4.800971015250168	0.0	1.0	ASP:177	ASP	OD1	4.994121403303719	HOH:2131	O	7.29914915027835	0.0	26.0	none_obvious			buried				0.0	0.0		unmodified	
Q16539	1WBV	A	180	THR_mixed_with_TYR	1	2	2.0	THR	1013		2	4-355	4-355	THR	/mnt/c/Users/drpat/OneDrive - UGent/Desktop/PD/Phospho-fill/Validation-allPDB/pdb_cache/1wbv.cif	THR	THR	OG1	CB	ok			124.4260708503201	HIS:228	HIS	CE1	5.136297015964519	0.0	1.0	ASP:177	ASP	OD1	4.439809072545324	HOH:2337	O	2.547133696314178	2.0	23.0	water_mediated_like			exposed				0.0	0.0		unmodified	
Q16539	1WBW	A	180	THR_mixed_with_TYR	1	2	2.41	THR	1014		2	4-355	4-355	THR	/mnt/c/Users/drpat/OneDrive - UGent/Desktop/PD/Phospho-fill/Validation-allPDB/pdb_cache/1wbw.cif	THR	THR	OG1	CB	ok			115.6813638022267	HIS:228	HIS	CE1	5.0157351066154305	0.0	1.0	ASP:177	ASP	OD1	4.674146425195647	HOH:2125	O	7.737608951358999	0.0	25.0	none_obvious			buried				0.0	0.0		unmodified	
Q16539	1WFC	A	180	THR_mixed_with_TYR	1	2	2.3	THR	1015		2	5-13,16-169,175-351	5-13,16-169,175-351	THR	/mnt/c/Users/drpat/OneDrive - UGent/Desktop/PD/Phospho-fill/Validation-allPDB/pdb_cache/1wfc.cif	THR	THR	OG1	CB	ok			-140.76436310825719	HIS:228	HIS	NE2	6.285553338157146	0.0	0.0	ASP:177	ASP	OD1	3.9497134391616218	HOH:566	O	4.352603910769643	0.0	21.0	none_obvious			intermediate				0.0	0.0		unmodified	
P28482	1WZY	A	185	THR_mixed_with_TYR	1	2	2.5	THR	568		2	8-357	8-357	THR	/mnt/c/Users/drpat/OneDrive - UGent/Desktop/PD/Phospho-fill/Validation-allPDB/pdb_cache/1wzy.cif	THR	THR	OG1	CB	ok			-126.80163393390265	LYS:203	LYS	CE	7.08526075825059	0.0	0.0	THR:181	THR	OG1	3.379635134829933	HOH:1139	O	6.332004332895082	0.0	23.0	hbond_like			intermediate				0.0	0.0		unmodified	
P24941	1Y8Y	A	160	THR_mixed_with_TYR	1	3	1.996	THR	397		3	1-37,44-298	1-37,44-298	THR	/mnt/c/Users/drpat/OneDrive - UGent/Desktop/PD/Phospho-fill/Validation-allPDB/pdb_cache/1y8y.cif	THR	THR	OG1	CB	ok			-156.8778399380565	HIS:161	HIS	CD2	6.261183674279929	0.0	0.0	THR:158	THR	OG1	2.7897833622071193	HOH:590	O	6.956057380723282	0.0	36.0	hbond_like			buried				0.0	0.0		unmodified	
P24941	1Y91	A	160	THR_mixed_with_TYR	1	3	2.15	THR	398		3	1-37,45-153,159-298	1-37,45-153,159-298	THR	/mnt/c/Users/drpat/OneDrive - UGent/Desktop/PD/Phospho-fill/Validation-allPDB/pdb_cache/1y91.cif	THR				missing_anchor_or_base																														
Q13153	1YHW	A	423	THR_single	1	1	1.8	THR	979		1	249-541	249-541	THR	/mnt/c/Users/drpat/OneDrive - UGent/Desktop/PD/Phospho-fill/Validation-allPDB/pdb_cache/1yhw.cif	THR	THR	OG1	CB	ok			136.11295679160784	ARG:388	ARG	NH1	4.438511605309025	0.0	2.0	ARG:388	ARG	NH1	4.438511605309025	HOH:547	O	2.452312700541957	5.0	18.0	water_mediated_like			exposed				0.0	0.0		unmodified	
P24941	1YKR	A	160	THR_mixed_with_TYR	1	3	1.8	THR	399		3	1-298	1-298	THR	/mnt/c/Users/drpat/OneDrive - UGent/Desktop/PD/Phospho-fill/Validation-allPDB/pdb_cache/1ykr.cif	THR	THR	OG1	CB	ok			-174.61111176921347	HIS:161	HIS	CD2	6.433587515471414	0.0	0.0	GLU:162	GLU	OE2	2.9679567400410205				0.0	41.0	hbond_like			buried				0.0	0.0		unmodified	
Q16539	1YQJ	A	180	THR_mixed_with_TYR	1	2	2.0	THR	1016		2	2-352	2-352	THR	/mnt/c/Users/drpat/OneDrive - UGent/Desktop/PD/Phospho-fill/Validation-allPDB/pdb_cache/1yqj.cif	THR	THR	OG1	CB	ok			127.5037447601553	HIS:228	HIS	NE2	5.205086484046032	0.0	1.0	ASP:177	ASP	OD1	3.8697881804781855	HOH:458	O	4.706775125892906	0.0	25.0	none_obvious			buried				0.0	0.0		unmodified	
P49759	1Z57	A	342	THR_mixed_with_SER	1	2	1.7	THR	808		2	148-306,311-482	148-306,311-482	THR	/mnt/c/Users/drpat/OneDrive - UGent/Desktop/PD/Phospho-fill/Validation-allPDB/pdb_cache/1z57.cif	THR	THR	OG1	CB	ok			114.70152462586107	LYS:290	LYS	NZ	3.0535509885857746	1.0	1.0	ASP:288	ASP	OD1	2.816413178158117	HOH:504	O	3.814456297873778	1.0	21.0	salt_bridge_like			intermediate				0.0	0.0		unmodified	
Q16539	1ZZL	A	180	THR_mixed_with_TYR	1	2	2.0	THR	1017		2	4-354	4-354	THR	/mnt/c/Users/drpat/OneDrive - UGent/Desktop/PD/Phospho-fill/Validation-allPDB/pdb_cache/1zzl.cif	THR	THR	OG1	CB	ok			120.73116526956079	HIS:228	HIS	CE1	4.950074848139139	0.0	1.0	GLU:178	GLU	OE2	4.134622837236433	HOH:1099	O	6.296362477608148	0.0	17.0	none_obvious			intermediate				0.0	0.0		unmodified	
Q99640	23ES	B	260	THR_single	1	1	1.74	THR	1100		1	76-260,265-361	76-260,265-361	THR	/mnt/c/Users/drpat/OneDrive - UGent/Desktop/PD/Phospho-fill/Validation-allPDB/pdb_cache/23es.cif	THR	THR	OG1	CB	ok			-116.25901024456898					0.0	0.0					HOH:1050	O	4.774573192909222	0.0	4.0	none_obvious			intermediate				0.0	0.0		unmodified	
Q99640	23FW	B	260	THR_single	1	1	1.59	THR	1101		1	76-260,265-361	76-260,265-361	THR	/mnt/c/Users/drpat/OneDrive - UGent/Desktop/PD/Phospho-fill/Validation-allPDB/pdb_cache/23fw.cif	THR	THR	OG1	CB	ok			144.02960633321248					0.0	0.0					HOH:635	O	4.291074622139629	0.0	4.0	none_obvious			intermediate				0.0	0.0		unmodified	
P24941	2A4L	A	160	THR_mixed_with_TYR	1	3	2.4	THR	400		3	1-35,48-298	1-35,48-298	THR	/mnt/c/Users/drpat/OneDrive - UGent/Desktop/PD/Phospho-fill/Validation-allPDB/pdb_cache/2a4l.cif	THR	THR	OG1	CB	ok			-112.96059160595513	HIS:161	HIS	CD2	5.969070022733284	0.0	1.0	GLU:162	GLU	OE1	2.891331044331387	HOH:366	O	6.586492875818511	0.0	37.0	hbond_like			buried				0.0	0.0		unmodified	
P24941	2B53	A	160	THR_mixed_with_TYR	1	3	2.0	THR	401		3	1-36,41-298	1-36,41-298	THR	/mnt/c/Users/drpat/OneDrive - UGent/Desktop/PD/Phospho-fill/Validation-allPDB/pdb_cache/2b53.cif	THR	THR	OG1	CB	ok			120.85171742802618	HIS:161	HIS	ND1	6.154186994489135	0.0	0.0	GLU:12	GLU	OE2	3.0004105021288066	HOH:358	O	7.3173056027560675	0.0	30.0	hbond_like			buried				0.0	0.0		unmodified	
P24941	2B54	A	160	THR_mixed_with_TYR	1	3	1.85	THR	402		3	1-298	1-298	THR	/mnt/c/Users/drpat/OneDrive - UGent/Desktop/PD/Phospho-fill/Validation-allPDB/pdb_cache/2b54.cif	THR	THR	OG1	CB	ok			-173.2834539275895	HIS:161	HIS	ND1	5.401286115813416	0.0	1.0	HIS:161	HIS	ND1	5.401286115813416	HOH:348	O	4.717610782898627	0.0	15.0	none_obvious			intermediate				0.0	0.0		unmodified	
Q16539	2BAJ	A	180	THR_mixed_with_TYR	1	2	2.25	THR	1018		2	2-13,17-114,125-196,201-254,256-353	2-13,17-114,125-196,201-254,256-353	THR	/mnt/c/Users/drpat/OneDrive - UGent/Desktop/PD/Phospho-fill/Validation-allPDB/pdb_cache/2baj.cif	THR	THR	OG1	CB	ok			108.66102172741446	LYS:152	LYS	NZ	3.8303264567754094	1.0	1.0	GLU:178	GLU	OE2	3.795240357983047	HOH:473	O	4.776063029720306	0.0	16.0	none_obvious			intermediate				0.0	0.0		unmodified	
P24941	2BPM	A	160	THR_mixed_with_TYR	1	3	2.4	THR	403		3	1-298	1-298	THR	/mnt/c/Users/drpat/OneDrive - UGent/Desktop/PD/Phospho-fill/Validation-allPDB/pdb_cache/2bpm.cif	THR	THR	OG1	CB	ok			110.64446975601366	HIS:161	HIS	CD2	6.297981451531521	0.0	0.0	HIS:161	HIS	ND1	6.30781622093735	HOH:2071	O	2.938989587772894	1.0	8.0	water_mediated_like			intermediate				0.0	0.0		unmodified	
O96013	2BVA	B	562	THR_single	1	1	2.3	THR	121		2	301-330,334-354,362-465,468-587	301-330,334-354,362-465,468-587	THR	/mnt/c/Users/drpat/OneDrive - UGent/Desktop/PD/Phospho-fill/Validation-allPDB/pdb_cache/2bva.cif	THR	THR	OG1	CB	ok			-130.6785494733174	HIS:432	HIS	ND1	5.990825787655852	0.0	1.0	GLU:565	GLU	OE2	3.6431427570595964				0.0	25.0	none_obvious			buried	SEP:474	SEP	22.4419530554271	0.0	0.0		unmodified	
P24941	2C5N	C	160	THR_mixed_with_TYR	1	3	2.1	THR	404		3	1-297	1-297	THR	/mnt/c/Users/drpat/OneDrive - UGent/Desktop/PD/Phospho-fill/Validation-allPDB/pdb_cache/2c5n.cif	THR	THR	OG1	CB	ok			-112.93663637821284	HIS:161	HIS	CD2	4.597919186892162	0.0	1.0	HIS:161	HIS	NE2	5.227590959835677	HOH:2146	O	2.412704476163074	2.0	13.0	water_mediated_like			exposed				0.0	0.0		unmodified	
P24941	2C5O	C	160	THR_mixed_with_TYR	1	3	2.1	THR	405		3	1-297	1-297	THR	/mnt/c/Users/drpat/OneDrive - UGent/Desktop/PD/Phospho-fill/Validation-allPDB/pdb_cache/2c5o.cif	THR	THR	OG1	CB	ok			-156.4972141651109	HIS:161	HIS	CD2	4.198095665767917	0.0	1.0	HIS:161	HIS	NE2	4.582906325014461	HOH:2109	O	2.1192382063000625	2.0	16.0	water_mediated_like			exposed				0.0	0.0		unmodified	
P24941	2C5Y	A	160	THR_mixed_with_TYR	1	3	2.25	THR	406		3	1-35,43-297	1-35,43-297	THR	/mnt/c/Users/drpat/OneDrive - UGent/Desktop/PD/Phospho-fill/Validation-allPDB/pdb_cache/2c5y.cif	THR	THR	OG1	CB	ok			-112.66708079369754	HIS:161	HIS	CD2	5.331996950606052	0.0	1.0	GLU:162	GLU	OE1	2.6307949486652866	HOH:2129	O	5.31448174523722	0.0	41.0	hbond_like			buried				0.0	0.0		unmodified	
P24941	2C68	A	160	THR_mixed_with_TYR	1	3	1.95	THR	407		3	1-37,44-296	1-37,44-296	THR	/mnt/c/Users/drpat/OneDrive - UGent/Desktop/PD/Phospho-fill/Validation-allPDB/pdb_cache/2c68.cif	THR	THR	OG1	CB	ok			-132.21095408493116	HIS:161	HIS	CD2	5.9867823126389395	0.0	1.0	THR:158	THR	OG1	3.227783857142212	HOH:2137	O	3.065246749999466	2.0	36.0	hbond_like			exposed				0.0	0.0		unmodified	
P24941	2C69	A	160	THR_mixed_with_TYR	1	3	2.1	THR	408		3	1-37,44-298	1-37,44-298	THR	/mnt/c/Users/drpat/OneDrive - UGent/Desktop/PD/Phospho-fill/Validation-allPDB/pdb_cache/2c69.cif	THR	THR	OG1	CB	ok			-140.29302777549657	HIS:161	HIS	CD2	6.016905515955811	0.0	0.0	THR:158	THR	OG1	2.9477813874325256	HOH:2084	O	7.768889893249896	0.0	37.0	hbond_like			buried				0.0	0.0		unmodified	
P24941	2C6I	A	160	THR_mixed_with_TYR	1	3	1.8	THR	409		3	1-37,44-298	1-37,44-298	THR	/mnt/c/Users/drpat/OneDrive - UGent/Desktop/PD/Phospho-fill/Validation-allPDB/pdb_cache/2c6i.cif	THR	THR	OG1	CB	ok			-145.10272772145905	HIS:161	HIS	CD2	6.102382862489291	0.0	0.0	GLU:12	GLU	OE2	3.1069864503303384	HOH:2012	O	5.886911380650346	0.0	35.0	hbond_like			buried				0.0	0.0		unmodified	
P24941	2C6K	A	160	THR_mixed_with_TYR	1	3	1.9	THR	410		3	1-37,44-298	1-37,44-298	THR	/mnt/c/Users/drpat/OneDrive - UGent/Desktop/PD/Phospho-fill/Validation-allPDB/pdb_cache/2c6k.cif	THR	THR	OG1	CB	ok			-146.24518874101008	HIS:161	HIS	CD2	6.0561856366581095	0.0	0.0	GLU:162	GLU	OE1	2.0033907221320466	HOH:2170	O	4.525934988714301	0.0	34.0	hbond_like			buried				0.0	0.0		unmodified	
P24941	2C6L	A	160	THR_mixed_with_TYR	1	3	2.3	THR	411		3	1-36,44-298	1-36,44-298	THR	/mnt/c/Users/drpat/OneDrive - UGent/Desktop/PD/Phospho-fill/Validation-allPDB/pdb_cache/2c6l.cif	THR	THR	OG1	CB	ok			-137.56446132889576	HIS:161	HIS	CD2	5.954908553049686	0.0	1.0	THR:158	THR	OG1	2.8193814015299155	HOH:2127	O	3.731688089509511	1.0	38.0	hbond_like			buried				0.0	0.0		unmodified	
P24941	2C6M	A	160	THR_mixed_with_TYR	1	3	1.9	THR	412		3	1-37,44-296	1-37,44-296	THR	/mnt/c/Users/drpat/OneDrive - UGent/Desktop/PD/Phospho-fill/Validation-allPDB/pdb_cache/2c6m.cif	THR	THR	OG1	CB	ok			-154.08666515561865	HIS:161	HIS	CD2	6.139147161119126	0.0	0.0	THR:158	THR	OG1	3.0751511489913548	HOH:2126	O	2.450076493247089	2.0	36.0	hbond_like			exposed				0.0	0.0		unmodified	
P24941	2C6O	A	160	THR_mixed_with_TYR	1	3	2.1	THR	413		3	1-37,44-296	1-37,44-296	THR	/mnt/c/Users/drpat/OneDrive - UGent/Desktop/PD/Phospho-fill/Validation-allPDB/pdb_cache/2c6o.cif	THR	THR	OG1	CB	ok			-136.34450380660618	HIS:161	HIS	CD2	5.7420946087108655	0.0	1.0	THR:158	THR	OG1	2.993101565276756				0.0	39.0	hbond_like			buried				0.0	0.0		unmodified	
O96013	2CDZ	A	562	THR_single	1	1	2.3	THR	122		2	299-341,344-590	299-341,344-590	THR	/mnt/c/Users/drpat/OneDrive - UGent/Desktop/PD/Phospho-fill/Validation-allPDB/pdb_cache/2cdz.cif	THR	THR	OG1	CB	ok			-118.33895427825793	HIS:432	HIS	ND1	7.576412181121206	0.0	0.0	GLU:565	GLU	OE1	3.536866353966535	HOH:2102	O	2.54571167844894	1.0	23.0	water_mediated_like			intermediate	SEP:474	SEP	22.885063685313792	0.0	0.0		unmodified	
Q99683	2CLQ	A	838	THR_single	1	1	2.3	THR	1113		2	670-715,719-831,837-940	670-715,719-831,837-940	THR	/mnt/c/Users/drpat/OneDrive - UGent/Desktop/PD/Phospho-fill/Validation-allPDB/pdb_cache/2clq.cif	THR	THR	OG1	CB	ok			-112.90895099424397	ARG:802	ARG	NH1	7.20111974875253	0.0	0.0	GLU:837	GLU	OE2	4.773604600019557				0.0	11.0	none_obvious			intermediate				0.0	0.0		unmodified	
P24941	2CLX	A	160	THR_mixed_with_TYR	1	3	1.8	THR	414		3	1-37,43-298	1-37,43-298	THR	/mnt/c/Users/drpat/OneDrive - UGent/Desktop/PD/Phospho-fill/Validation-allPDB/pdb_cache/2clx.cif	THR	THR	OG1	CB	ok			-73.40473744121161	HIS:161	HIS	CD2	5.336942834953765	0.0	1.0	GLU:162	GLU	OE2	2.7637613007455295	HOH:2123	O	3.858826220591042	1.0	34.0	hbond_like			buried				0.0	0.0		unmodified	
P24941	2DS1	A	160	THR_mixed_with_TYR	1	3	2.0	THR	415		3	1-35,44-298	1-35,44-298	THR	/mnt/c/Users/drpat/OneDrive - UGent/Desktop/PD/Phospho-fill/Validation-allPDB/pdb_cache/2ds1.cif	THR	THR	OG1	CB	ok			-0.4360150986579976	HIS:161	HIS	CD2	5.451638832067923	0.0	1.0	GLU:12	GLU	OE1	3.76319195888011	HOH:731	O	7.18096443609768	0.0	25.0	none_obvious			buried				0.0	0.0		unmodified	
O14965	2DWB	A	288	THR_single	1	1	2.5	THR	18		2	126-285,288-389	126-285,288-389	THR	/mnt/c/Users/drpat/OneDrive - UGent/Desktop/PD/Phospho-fill/Validation-allPDB/pdb_cache/2dwb.cif	THR	THR	OG1	CB	ok			126.23704153095683	HIS:176	HIS	NE2	3.965549535549492	1.0	2.0	GLN:177	GLN	OE1	3.5620190964136125				0.0	25.0	none_obvious			buried				0.0	0.0		unmodified	
P0DMV8	2E88	A	66	THR_single	1	1	1.8	THR	155		1	3-383	3-383	THR	/mnt/c/Users/drpat/OneDrive - UGent/Desktop/PD/Phospho-fill/Validation-allPDB/pdb_cache/2e88.cif	THR	THR	OG1	CB	ok			118.55047221855493					0.0	0.0	GLN:58	GLN	NE2	2.8249637494980164	HOH:568	O	4.621450363932753	0.0	47.0	hbond_like			buried				0.0	0.0		unmodified	
P0DMV8	2E8A	A	66	THR_single	1	1	1.77	THR	156		1	3-382	3-382	THR	/mnt/c/Users/drpat/OneDrive - UGent/Desktop/PD/Phospho-fill/Validation-allPDB/pdb_cache/2e8a.cif	THR	THR	OG1	CB	ok			119.00776002748034					0.0	0.0	GLN:58	GLN	NE2	2.898674945231894	HOH:637	O	4.730117599045679	0.0	44.0	hbond_like			buried				0.0	0.0		unmodified	
P24941	2EXM	A	160	THR_mixed_with_TYR	1	3	1.8	THR	416		3	1-298	1-298	THR	/mnt/c/Users/drpat/OneDrive - UGent/Desktop/PD/Phospho-fill/Validation-allPDB/pdb_cache/2exm.cif	THR	THR	OG1	CB	ok			146.05014063571883	HIS:161	HIS	CD2	6.441342247920565	0.0	0.0	GLU:162	GLU	OE1	3.293064449399288				0.0	37.0	hbond_like			buried				0.0	0.0		unmodified	
P24941	2FVD	A	160	THR_mixed_with_TYR	1	3	1.85	THR	417		3	1-37,50-149,152-298	1-37,50-149,152-298	THR	/mnt/c/Users/drpat/OneDrive - UGent/Desktop/PD/Phospho-fill/Validation-allPDB/pdb_cache/2fvd.cif	THR	THR	OG1	CB	ok			121.65605952131396					0.0	0.0	GLU:12	GLU	OE1	5.811581442155981	HOH:473	O	2.5822989477785745	2.0	10.0	water_mediated_like			exposed				0.0	0.0		unmodified	
Q16539	2GFS	A	180	THR_mixed_with_TYR	1	2	1.752	THR	1019		2	5-169,174-352	5-169,174-352	THR	/mnt/c/Users/drpat/OneDrive - UGent/Desktop/PD/Phospho-fill/Validation-allPDB/pdb_cache/2gfs.cif	THR	THR	OG1	CB	ok			119.72015498885533	HIS:228	HIS	CE1	5.049665806197683	0.0	1.0	ASP:177	ASP	OD2	4.838845554445409	HOH:507	O	3.724148741500598	1.0	23.0	none_obvious			intermediate				0.0	0.0		unmodified	
P63086	2GPH	A	183	THR_mixed_with_TYR	1	2	1.9	THR	908		2	10-354	10-354	THR	/mnt/c/Users/drpat/OneDrive - UGent/Desktop/PD/Phospho-fill/Validation-allPDB/pdb_cache/2gph.cif	THR	THR	OG1	CB	ok			19.461213680586486	ARG:189	ARG	NH2	6.538299867520141	0.0	0.0	TYR:231	TYR	OH	5.238609836569151				0.0	10.0	none_obvious			intermediate				0.0	0.0		unmodified	
P15531	2HVD	A	94	THR_single	1	1	2.15	THR	369		1	2-152	2-152	THR	/mnt/c/Users/drpat/OneDrive - UGent/Desktop/PD/Phospho-fill/Validation-allPDB/pdb_cache/2hvd.cif	THR	THR	OG1	CB	ok			114.0902107513255	ARG:88	ARG	NH2	4.438522913456106	0.0	2.0	ARG:88	ARG	NH2	4.438522913456106	HOH:185	O	4.913909330028932	0.0	26.0	none_obvious			buried				0.0	0.0		unmodified	
P15531	2HVE	A	94	THR_single	1	1	2.402	THR	370		1	2-152	2-152	THR	/mnt/c/Users/drpat/OneDrive - UGent/Desktop/PD/Phospho-fill/Validation-allPDB/pdb_cache/2hve.cif	THR	THR	OG1	CB	ok			113.54496807288767	ARG:88	ARG	NH2	4.375089178379528	0.0	2.0	ARG:88	ARG	NH2	4.375089178379528	HOH:189	O	3.63835262024115	1.0	26.0	none_obvious			buried				0.0	0.0		unmodified	
Q16539	2I0H	A	180	THR_mixed_with_TYR	1	2	2.0	THR	1020		2	4-352	4-352	THR	/mnt/c/Users/drpat/OneDrive - UGent/Desktop/PD/Phospho-fill/Validation-allPDB/pdb_cache/2i0h.cif	THR	THR	OG1	CB	ok			123.3207030466101	HIS:228	HIS	CE1	5.106446547009333	0.0	1.0	ASP:177	ASP	OD1	4.725743906296339	HOH:735	O	2.622779311512688	2.0	23.0	water_mediated_like			exposed				0.0	0.0		unmodified	
O96013	2J0I	A	562	THR_single	1	1	1.6	THR	123		2	300-589	300-589	THR	/mnt/c/Users/drpat/OneDrive - UGent/Desktop/PD/Phospho-fill/Validation-allPDB/pdb_cache/2j0i.cif	THR	THR	OG1	CB	ok			-113.33193075274968	HIS:432	HIS	ND1	7.460911439355669	0.0	0.0	GLU:565	GLU	OE1	3.574825966628654	HOH:2185	O	3.5336619422292808	2.0	23.0	none_obvious			exposed	SEP:474	SEP	22.632873085652562	0.0	0.0		unmodified	
O14965	2J4Z	B	287	THR_only_multi_2	2	2	2.0	THR	19		2	126-395	126-395	THR,THR	/mnt/c/Users/drpat/OneDrive - UGent/Desktop/PD/Phospho-fill/Validation-allPDB/pdb_cache/2j4z.cif	THR	THR	OG1	CB	ok			109.97098041797065	LYS:258	LYS	CE	6.41217129285216	0.0	0.0	THR:292	THR	OG1	5.065570564595995	HOH:2035	O	4.156348723523524	0.0	21.0	none_obvious			intermediate				0.0	0.0		unmodified	
O14965	2J4Z	B	288	THR_only_multi_2	2	2	2.0	THR	19		2	126-395	126-395	THR,THR	/mnt/c/Users/drpat/OneDrive - UGent/Desktop/PD/Phospho-fill/Validation-allPDB/pdb_cache/2j4z.cif	THR	THR	OG1	CB	ok			-107.86191207500154					0.0	0.0	TYR:338	TYR	OH	4.402121957016837	HOH:2036	O	3.967974565985914	1.0	36.0	none_obvious			buried				0.0	0.0		unmodified	
Q9H2G2	2J51	A	183	THR_mixed_with_SER	1	2	2.1	THR	1117		2	21-308	21-308	THR	/mnt/c/Users/drpat/OneDrive - UGent/Desktop/PD/Phospho-fill/Validation-allPDB/pdb_cache/2j51.cif	THR	THR	OG1	CB	ok			146.10653308352784	ARG:182	ARG	NE	7.823125912526587	0.0	0.0	ASN:180	ASN	OD1	3.972619926888716	HOH:2074	O	2.660140703125794	1.0	23.0	water_mediated_like			intermediate				0.0	0.0		unmodified	
O94804	2J7T	A	185	THR_only_multi_2	2	2	2.0	THR	112		3	25-68,73-188,193-317	25-68,73-188,193-317	THR,THR	/mnt/c/Users/drpat/OneDrive - UGent/Desktop/PD/Phospho-fill/Validation-allPDB/pdb_cache/2j7t.cif	THR	THR	OG1	CB	ok			128.31476438626856					0.0	0.0	ASN:182	ASN	ND2	5.739298867201215				0.0	22.0	none_obvious			intermediate				0.0	0.0		unmodified	
O94804	2J7T	A	208	THR_only_multi_2	2	2	2.0	THR	112		3	25-68,73-188,193-317	25-68,73-188,193-317	THR,THR	/mnt/c/Users/drpat/OneDrive - UGent/Desktop/PD/Phospho-fill/Validation-allPDB/pdb_cache/2j7t.cif	THR	THR	OG1	CB	ok			123.17343024353683					0.0	0.0	TYR:214	TYR	OH	7.3074441318247985				0.0	21.0	none_obvious			intermediate				0.0	0.0		unmodified	
P49841	2JLD	A	277	THR_mixed_with_TYR	1	2	2.35	THR	845		3	35-119,121-289,291-385	35-119,121-289,291-385	THR	/mnt/c/Users/drpat/OneDrive - UGent/Desktop/PD/Phospho-fill/Validation-allPDB/pdb_cache/2jld.cif	THR	THR	OG1	CB	ok			-108.49818017728653					0.0	0.0	GLN:280	GLN	OE1	3.3791253083716883				0.0	23.0	hbond_like			intermediate				0.0	0.0		unmodified	
Q9NWZ3	2NRU	B	342	THR_mixed_with_SER	1	2	2.0	THR	1123		4	163-458	163-458	THR	/mnt/c/Users/drpat/OneDrive - UGent/Desktop/PD/Phospho-fill/Validation-allPDB/pdb_cache/2nru.cif	THR	THR	OG1	CB	ok			118.52418767349448	LYS:441	LYS	NZ	5.098538080980656	0.0	1.0	GLU:363	GLU	OE1	4.566294785232567	HOH:700	O	4.696725530923533	0.0	16.0	none_obvious			intermediate	TPO:345	TPO	14.479472357993014	0.0	0.0		unmodified	
Q9NWZ3	2NRY	A	342	THR_mixed_with_SER	1	3	2.15	THR	1124		4	164-217,221-336,342-458	164-217,221-336,342-458	THR	/mnt/c/Users/drpat/OneDrive - UGent/Desktop/PD/Phospho-fill/Validation-allPDB/pdb_cache/2nry.cif	THR	THR	OG1	CB	ok			-127.38687945860211	LYS:441	LYS	NZ	5.126890708622879	0.0	1.0	LYS:441	LYS	NZ	5.126890708622879				0.0	10.0	none_obvious			intermediate	TPO:345	TPO	13.50344180105186	0.0	0.0		unmodified	
P28482	2OJG	A	185	THR_single	1	2	2.0	THR	569		2	19-331,334-357	19-331,334-357	THR	/mnt/c/Users/drpat/OneDrive - UGent/Desktop/PD/Phospho-fill/Validation-allPDB/pdb_cache/2ojg.cif	TYR	TYR	OH	CZ	ok				ARG:146	ARG	CZ	3.792216772168911	1.0	1.0	ARG:146	ARG	NH2	3.7940406968507516	HOH:465	O	2.651023313623454	2.0	29.0	water_mediated_like			exposed				0.0	0.0		unmodified	0.20556893963556488
P28482	2OJJ	A	185	THR_single	1	2	2.4	THR	570		2	15-358	15-358	THR	/mnt/c/Users/drpat/OneDrive - UGent/Desktop/PD/Phospho-fill/Validation-allPDB/pdb_cache/2ojj.cif	TYR	TYR	OH	CZ	ok				ARG:146	ARG	NH2	3.463663567446645	1.0	1.0	ARG:146	ARG	NH2	3.463663567446645	HOH:385	O	6.002734996841118	0.0	30.0	salt_bridge_like			buried				0.0	0.0		unmodified	0.5639038766454915
O96013	2Q0N	A	562	THR_single	1	1	1.75	THR	124		2	298-591	298-591	THR	/mnt/c/Users/drpat/OneDrive - UGent/Desktop/PD/Phospho-fill/Validation-allPDB/pdb_cache/2q0n.cif	THR	THR	OG1	CB	ok			-116.52211522113488	ARG:551	ARG	NH2	7.376545205186868	0.0	0.0	GLU:565	GLU	OE1	3.3523682963377532	HOH:212	O	2.8228015942851767	3.0	24.0	hbond_like			exposed	SEP:474	SEP	23.093603156794106	0.0	0.0		unmodified	
P24941	2R3F	A	160	THR_mixed_with_TYR	1	3	1.5	THR	418		3	1-36,44-298	1-36,44-298	THR	/mnt/c/Users/drpat/OneDrive - UGent/Desktop/PD/Phospho-fill/Validation-allPDB/pdb_cache/2r3f.cif	THR	THR	OG1	CB	ok			-131.4525922019667	HIS:161	HIS	CD2	5.847091431971791	0.0	1.0	THR:158	THR	OG1	3.180206947240987	HOH:1222	O	3.0317234875348973	1.0	37.0	hbond_like			buried				0.0	0.0		unmodified	
P24941	2R3G	A	160	THR_mixed_with_TYR	1	3	1.55	THR	419		3	1-36,46-298	1-36,46-298	THR	/mnt/c/Users/drpat/OneDrive - UGent/Desktop/PD/Phospho-fill/Validation-allPDB/pdb_cache/2r3g.cif	THR	THR	OG1	CB	ok			-105.67741202667803	HIS:161	HIS	CD2	5.659274779108367	0.0	1.0	GLU:12	GLU	OE2	2.5908831015468072	HOH:1222	O	2.723946718329232	1.0	43.0	hbond_like			buried				0.0	0.0		unmodified	
P24941	2R3H	A	160	THR_mixed_with_TYR	1	3	1.5	THR	420		3	1-36,44-298	1-36,44-298	THR	/mnt/c/Users/drpat/OneDrive - UGent/Desktop/PD/Phospho-fill/Validation-allPDB/pdb_cache/2r3h.cif	THR	THR	OG1	CB	ok			-78.96789857255031	HIS:161	HIS	CD2	5.5318649581203285	0.0	1.0	GLU:12	GLU	OE2	2.40052508140103				0.0	33.0	hbond_like			buried				0.0	0.0		unmodified	
P24941	2R3I	A	160	THR_mixed_with_TYR	1	3	1.28	THR	421		3	1-36,44-298	1-36,44-298	THR	/mnt/c/Users/drpat/OneDrive - UGent/Desktop/PD/Phospho-fill/Validation-allPDB/pdb_cache/2r3i.cif	THR	THR	OG1	CB	ok			-113.94836929929055	HIS:161	HIS	CD2	6.166583580180685	0.0	0.0	THR:158	THR	OG1	2.8828167229710666	HOH:1210	O	3.301617230518145	1.0	40.0	hbond_like			buried				0.0	0.0		unmodified	
P24941	2R3O	A	160	THR_mixed_with_TYR	1	3	1.8	THR	422		3	1-36,44-298	1-36,44-298	THR	/mnt/c/Users/drpat/OneDrive - UGent/Desktop/PD/Phospho-fill/Validation-allPDB/pdb_cache/2r3o.cif	THR	THR	OG1	CB	ok			-121.81971326912425	HIS:161	HIS	CD2	5.966667876366189	0.0	1.0	THR:158	THR	OG1	2.6833019764596147	HOH:1067	O	7.474284829288731	0.0	41.0	hbond_like			buried				0.0	0.0		unmodified	
P24941	2R3P	A	160	THR_mixed_with_TYR	1	3	1.66	THR	423		3	1-36,44-298	1-36,44-298	THR	/mnt/c/Users/drpat/OneDrive - UGent/Desktop/PD/Phospho-fill/Validation-allPDB/pdb_cache/2r3p.cif	THR	THR	OG1	CB	ok			-118.91606388891482	HIS:161	HIS	CD2	6.0560168470302145	0.0	0.0	THR:158	THR	OG1	2.818598063995056	HOH:1187	O	7.349108826302485	0.0	41.0	hbond_like			buried				0.0	0.0		unmodified	
P24941	2R3Q	A	160	THR_mixed_with_TYR	1	3	1.35	THR	424		3	1-36,46-298	1-36,46-298	THR	/mnt/c/Users/drpat/OneDrive - UGent/Desktop/PD/Phospho-fill/Validation-allPDB/pdb_cache/2r3q.cif	THR	THR	OG1	CB	ok			-115.15548576319851	HIS:161	HIS	CD2	6.00490600014137	0.0	0.0	THR:158	THR	OG1	2.8842821548204913	HOH:1205	O	2.9929002396144364	1.0	43.0	hbond_like			buried				0.0	0.0		unmodified	
P24941	2R3R	A	160	THR_mixed_with_TYR	1	3	1.47	THR	425		3	1-36,44-298	1-36,44-298	THR	/mnt/c/Users/drpat/OneDrive - UGent/Desktop/PD/Phospho-fill/Validation-allPDB/pdb_cache/2r3r.cif	THR	THR	OG1	CB	ok			-75.66548270735754	HIS:161	HIS	CD2	5.818435346211581	0.0	1.0	THR:158	THR	OG1	3.155725924580393	HOH:1154	O	4.097613797537669	0.0	37.0	hbond_like			buried				0.0	0.0		unmodified	
P24941	2UUE	C	160	THR_mixed_with_TYR	1	3	2.06	THR	426		3	1-297	1-297	THR	/mnt/c/Users/drpat/OneDrive - UGent/Desktop/PD/Phospho-fill/Validation-allPDB/pdb_cache/2uue.cif	THR	THR	OG1	CB	ok			-137.27025878834468	HIS:161	HIS	ND1	4.295949287243948	0.0	1.0	HIS:161	HIS	ND1	4.295949287243948	HOH:2035	O	2.6635081239209852	1.0	17.0	water_mediated_like			intermediate				0.0	0.0		unmodified	
P24941	2UZO	A	160	THR_mixed_with_TYR	1	3	2.3	THR	427		3	1-37,44-296	1-37,44-296	THR	/mnt/c/Users/drpat/OneDrive - UGent/Desktop/PD/Phospho-fill/Validation-allPDB/pdb_cache/2uzo.cif	THR	THR	OG1	CB	ok			-162.44475044192583	HIS:161	HIS	CD2	6.544526189750737	0.0	0.0	THR:158	THR	OG1	2.8438717517371543				0.0	38.0	hbond_like			buried				0.0	0.0		unmodified	
P24941	2V0D	A	160	THR_mixed_with_TYR	1	3	2.2	THR	428		3	1-37,44-298	1-37,44-298	THR	/mnt/c/Users/drpat/OneDrive - UGent/Desktop/PD/Phospho-fill/Validation-allPDB/pdb_cache/2v0d.cif	THR	THR	OG1	CB	ok			-140.36736895632282	HIS:161	HIS	CD2	6.23677549019834	0.0	0.0	THR:158	THR	OG1	2.745549373988058	HOH:2119	O	7.1015571019037305	0.0	38.0	hbond_like			buried				0.0	0.0		unmodified	
P24941	2VTL	A	160	THR_mixed_with_TYR	1	3	2.0	THR	429		3	1-35,44-298	1-35,44-298	THR	/mnt/c/Users/drpat/OneDrive - UGent/Desktop/PD/Phospho-fill/Validation-allPDB/pdb_cache/2vtl.cif	THR	THR	OG1	CB	ok			-142.33134264908705	HIS:161	HIS	CD2	6.396417335042517	0.0	0.0	THR:158	THR	OG1	2.5709832613453485	HOH:2112	O	2.6562786823137667	1.0	40.0	hbond_like			buried				0.0	0.0		unmodified	
P24941	2VTM	A	160	THR_mixed_with_TYR	1	3	2.25	THR	430		3	1-35,44-298	1-35,44-298	THR	/mnt/c/Users/drpat/OneDrive - UGent/Desktop/PD/Phospho-fill/Validation-allPDB/pdb_cache/2vtm.cif	THR	THR	OG1	CB	ok			-131.35761010220068	HIS:161	HIS	CD2	5.8418650550028035	0.0	1.0	THR:158	THR	OG1	2.580150350078843	HOH:2088	O	7.723365364263091	0.0	42.0	hbond_like			buried				0.0	0.0		unmodified	
P24941	2VTR	A	160	THR_mixed_with_TYR	1	3	1.89	THR	431		3	1-36,45-298	1-36,45-298	THR	/mnt/c/Users/drpat/OneDrive - UGent/Desktop/PD/Phospho-fill/Validation-allPDB/pdb_cache/2vtr.cif	THR	THR	OG1	CB	ok			-131.36371358046867	HIS:161	HIS	CD2	6.168796782687425	0.0	0.0	GLU:162	GLU	OE1	2.62303217485303	HOH:2081	O	7.374951610958367	0.0	40.0	hbond_like			buried				0.0	0.0		unmodified	
P24941	2VU3	A	160	THR_mixed_with_TYR	1	3	1.85	THR	432		3	1-37,47-147,152-298	1-37,47-147,152-298	THR	/mnt/c/Users/drpat/OneDrive - UGent/Desktop/PD/Phospho-fill/Validation-allPDB/pdb_cache/2vu3.cif	THR	THR	OG1	CB	ok			118.24666903800198					0.0	0.0	GLU:12	GLU	OE1	5.562923134039442	HOH:2117	O	2.7085128921292356	1.0	11.0	water_mediated_like			intermediate				0.0	0.0		unmodified	
P24941	2WEV	C	160	THR_mixed_with_TYR	1	3	2.3	THR	433		3	1-297	1-297	THR	/mnt/c/Users/drpat/OneDrive - UGent/Desktop/PD/Phospho-fill/Validation-allPDB/pdb_cache/2wev.cif	THR	THR	OG1	CB	ok			-114.6430313170426	HIS:161	HIS	CD2	3.5279602885051786	1.0	1.0	HIS:161	HIS	NE2	4.364087968593991	HOH:2066	O	2.8324946368897908	1.0	14.0	water_mediated_like			intermediate				0.0	0.0		unmodified	
P24941	2WIH	A	160	THR_mixed_with_TYR	1	3	2.5	THR	434		3	1-298	1-298	THR	/mnt/c/Users/drpat/OneDrive - UGent/Desktop/PD/Phospho-fill/Validation-allPDB/pdb_cache/2wih.cif	THR	THR	OG1	CB	ok			127.15655496014688	HIS:161	HIS	CD2	5.303771043870222	0.0	1.0	HIS:161	HIS	NE2	5.833634651268718				0.0	14.0	none_obvious			intermediate				0.0	0.0		unmodified	
O96013	2X4Z	A	562	THR_single	1	1	2.1	THR	125		2	299-590	299-590	THR	/mnt/c/Users/drpat/OneDrive - UGent/Desktop/PD/Phospho-fill/Validation-allPDB/pdb_cache/2x4z.cif	THR	THR	OG1	CB	ok			-114.06020387775614	HIS:432	HIS	ND1	7.388921115568587	0.0	0.0	GLU:565	GLU	OE1	3.4537173065792155	HOH:2130	O	3.9262821109755652	1.0	24.0	hbond_like			buried	SEP:474	SEP	22.667777668784147	0.0	0.0		unmodified	
P24941	2XMY	A	160	THR_mixed_with_TYR	1	3	1.9	THR	435		3	1-39,43-298	1-39,43-298	THR	/mnt/c/Users/drpat/OneDrive - UGent/Desktop/PD/Phospho-fill/Validation-allPDB/pdb_cache/2xmy.cif	THR	THR	OG1	CB	ok			-33.00033394701358	HIS:161	HIS	CD2	5.92902303465574	0.0	1.0	GLU:162	GLU	OE1	4.061825079659964	HOH:2131	O	6.060556701505952	0.0	36.0	none_obvious			buried				0.0	0.0		unmodified	
P24941	2XNB	A	160	THR_mixed_with_TYR	1	3	1.85	THR	436		3	1-40,43-298	1-40,43-298	THR	/mnt/c/Users/drpat/OneDrive - UGent/Desktop/PD/Phospho-fill/Validation-allPDB/pdb_cache/2xnb.cif	THR	THR	OG1	CB	ok			125.85861102599061	LYS:9	LYS	NZ	3.9733610392093444	1.0	2.0	GLU:162	GLU	OE1	3.280851943521983	HOH:2014	O	3.414240081685686	1.0	30.0	hbond_like			buried				0.0	0.0		unmodified	
P28482	2Y9Q	A	185	THR_mixed_with_TYR	1	2	1.55	THR	571		2	9-358	9-358	THR	/mnt/c/Users/drpat/OneDrive - UGent/Desktop/PD/Phospho-fill/Validation-allPDB/pdb_cache/2y9q.cif	THR	THR	OG1	CB	ok			-124.18113988276261	ARG:191	ARG	NH2	6.5791334420819645	0.0	0.0	GLU:186	GLU	OE1	6.226312566935833	HOH:2315	O	2.5846902651548183	1.0	16.0	water_mediated_like			intermediate				0.0	0.0		unmodified	
Q16539	2YIX	A	180	THR_mixed_with_TYR	1	2	2.3	THR	1021		2	4-354	4-354	THR	/mnt/c/Users/drpat/OneDrive - UGent/Desktop/PD/Phospho-fill/Validation-allPDB/pdb_cache/2yix.cif	THR	THR	OG1	CB	ok			137.5547517197035	HIS:228	HIS	CE1	5.083853371193612	0.0	1.0	GLU:178	GLU	OE2	2.8466418517587746	HOH:2164	O	3.207258199840905	2.0	16.0	hbond_like			exposed				0.0	0.0		unmodified	
Q16539	2ZAZ	A	180	THR_mixed_with_TYR	1	2	1.8	THR	1022		2	4-31,36-352	4-31,36-352	THR	/mnt/c/Users/drpat/OneDrive - UGent/Desktop/PD/Phospho-fill/Validation-allPDB/pdb_cache/2zaz.cif	THR	THR	OG1	CB	ok			122.7984245300165	HIS:228	HIS	CE1	5.0389151346554275	0.0	1.0	ASP:177	ASP	OD1	4.7473097827011586	HOH:597	O	6.4500508399261225	0.0	23.0	none_obvious			intermediate				0.0	0.0		unmodified	
Q16539	2ZB0	A	180	THR_mixed_with_TYR	1	2	2.1	THR	1023		2	4-352	4-352	THR	/mnt/c/Users/drpat/OneDrive - UGent/Desktop/PD/Phospho-fill/Validation-allPDB/pdb_cache/2zb0.cif	THR	THR	OG1	CB	ok			127.91520988471416	HIS:228	HIS	CE1	4.993950098195003	0.0	1.0	ASP:177	ASP	OD1	4.7106125884117995	HOH:371	O	4.642172738773125	0.0	25.0	none_obvious			buried				0.0	0.0		unmodified	
Q16539	2ZB1	A	180	THR_mixed_with_TYR	1	2	2.5	THR	1024		2	4-30,33-171,174-352	4-30,33-171,174-352	THR	/mnt/c/Users/drpat/OneDrive - UGent/Desktop/PD/Phospho-fill/Validation-allPDB/pdb_cache/2zb1.cif	THR	THR	OG1	CB	ok			119.03428294993059	HIS:228	HIS	CE1	4.8887265103686195	0.0	1.0	ASP:177	ASP	OD1	4.681990885798009	HOH:373	O	4.598889154312122	0.0	24.0	none_obvious			buried				0.0	0.0		unmodified	
Q5S007	2ZEJ	B	1343	THR_single	1	1	2.0	THR	1076		1	1335-1357,1365-1378,1388-1512	1335-1357,1365-1378,1388-1512	THR	/mnt/c/Users/drpat/OneDrive - UGent/Desktop/PD/Phospho-fill/Validation-allPDB/pdb_cache/2zej.cif	THR	THR	OG1	CB	ok			128.8405919674114	LYS:1347	LYS	NZ	5.0221393501339895	0.0	1.0	LYS:1347	LYS	NZ	5.0221393501339895	HOH:1528	O	3.4877261870036484	1.0	23.0	water_mediated_like			intermediate				0.0	0.0		unmodified	
P27361	2ZOQ	A	202	THR_mixed_with_SER	1	2	2.39	THR	563		3	24-375	24-375	THR	/mnt/c/Users/drpat/OneDrive - UGent/Desktop/PD/Phospho-fill/Validation-allPDB/pdb_cache/2zoq.cif	THR	THR	OG1	CB	ok			-91.2062142977609	LYS:220	LYS	CE	6.912769705852347	0.0	0.0	THR:198	THR	OG1	3.051417128401887	HOH:474	O	2.9983291399812746	2.0	29.0	hbond_like			exposed	PTR:204	PTR	9.981426772931906	0.0	1.0	PTR:204@9.98	unmodified	
P0DMV8	3A8Y	A	66	THR_single	1	1	2.3	THR	157		1	1-383	1-383	THR	/mnt/c/Users/drpat/OneDrive - UGent/Desktop/PD/Phospho-fill/Validation-allPDB/pdb_cache/3a8y.cif	THR	THR	OG1	CB	ok			117.755708532084					0.0	0.0	GLN:58	GLN	NE2	2.8634269521677047				0.0	46.0	hbond_like			buried				0.0	0.0		unmodified	
P0DMV8	3ATU	A	66	THR_single	1	1	1.65	THR	158		1	4-382	4-382	THR	/mnt/c/Users/drpat/OneDrive - UGent/Desktop/PD/Phospho-fill/Validation-allPDB/pdb_cache/3atu.cif	THR	THR	OG1	CB	ok			121.39933157824242					0.0	0.0	GLN:58	GLN	NE2	2.887698562966119	HOH:459	O	4.543405349191029	0.0	47.0	hbond_like			buried				0.0	0.0		unmodified	
P0DMV8	3ATV	A	66	THR_single	1	1	1.58	THR	159		1	3-382	3-382	THR	/mnt/c/Users/drpat/OneDrive - UGent/Desktop/PD/Phospho-fill/Validation-allPDB/pdb_cache/3atv.cif	THR	THR	OG1	CB	ok			120.08748054647903					0.0	0.0	GLN:58	GLN	NE2	2.9076698271757735	HOH:496	O	4.628158455158197	0.0	46.0	hbond_like			buried				0.0	0.0		unmodified	
P0DMV8	3AY9	A	66	THR_single	1	1	1.75	THR	160		1	4-382	4-382	THR	/mnt/c/Users/drpat/OneDrive - UGent/Desktop/PD/Phospho-fill/Validation-allPDB/pdb_cache/3ay9.cif	THR	THR	OG1	CB	ok			124.0850934489412					0.0	0.0	GLN:58	GLN	NE2	2.9703792961788187	HOH:559	O	4.776089912442384	0.0	45.0	hbond_like			buried				0.0	0.0		unmodified	
O43293	3BHY	A	265	THR_mixed_with_SER	1	2	1.24	THR	83		2	9-169,178-283	9-169,178-283	THR	/mnt/c/Users/drpat/OneDrive - UGent/Desktop/PD/Phospho-fill/Validation-allPDB/pdb_cache/3bhy.cif	THR	THR	OG1	CB	ok			-115.79325544126452	HIS:131	HIS	ND1	7.703018369666652	0.0	0.0	GLN:268	GLN	OE1	3.4074302765204143	HOH:675	O	2.755265601621828	2.0	25.0	hbond_like			exposed				0.0	0.0		unmodified	
O43293	3BQR	A	265	THR_mixed_with_SER	1	2	1.75	THR	84		2	9-172,176-284	9-172,176-284	THR	/mnt/c/Users/drpat/OneDrive - UGent/Desktop/PD/Phospho-fill/Validation-allPDB/pdb_cache/3bqr.cif	THR	THR	OG1	CB	ok			-117.22718222670655	HIS:131	HIS	ND1	7.96775807045775	0.0	0.0	GLN:268	GLN	OE1	3.3269052238529593	HOH:597	O	2.6428110217900107	2.0	25.0	hbond_like			exposed				0.0	0.0		unmodified	
P33981	3CEK	A	686	THR_single	1	1	2.3	THR	678		4	519-670,685-698,709-794	519-670,685-698,709-794	THR	/mnt/c/Users/drpat/OneDrive - UGent/Desktop/PD/Phospho-fill/Validation-allPDB/pdb_cache/3cek.cif	THR				missing_anchor_or_base																														
P0DMV8	3D2E	B	66	THR_single	1	1	2.35	THR	161		1	4-382	4-382	THR	/mnt/c/Users/drpat/OneDrive - UGent/Desktop/PD/Phospho-fill/Validation-allPDB/pdb_cache/3d2e.cif	THR	THR	OG1	CB	ok			126.4145260651421					0.0	0.0	GLN:58	GLN	NE2	2.9955051503448202	HOH:402	O	4.550993500880414	0.0	48.0	hbond_like			buried				0.0	0.0		unmodified	
P0DMV8	3D2F	B	66	THR_single	1	1	2.3	THR	162		1	4-382	4-382	THR	/mnt/c/Users/drpat/OneDrive - UGent/Desktop/PD/Phospho-fill/Validation-allPDB/pdb_cache/3d2f.cif	THR	THR	OG1	CB	ok			129.72973129000246					0.0	0.0	GLN:58	GLN	NE2	2.9456545470546347	HOH:2022	O	4.575170818099679	0.0	46.0	hbond_like			buried				0.0	0.0		unmodified	
Q16539	3D7Z	A	180	THR_mixed_with_TYR	1	2	2.1	THR	1025		2	4-352	4-352	THR	/mnt/c/Users/drpat/OneDrive - UGent/Desktop/PD/Phospho-fill/Validation-allPDB/pdb_cache/3d7z.cif	THR	THR	OG1	CB	ok			125.07696862077331	HIS:228	HIS	CE1	5.2919897864547325	0.0	1.0	ASP:177	ASP	OD1	4.584045733180498	HOH:626	O	2.8882543240160388	2.0	25.0	water_mediated_like			exposed				0.0	0.0		unmodified	
Q16539	3D83	A	180	THR_mixed_with_TYR	1	2	1.9	THR	1026		2	4-352	4-352	THR	/mnt/c/Users/drpat/OneDrive - UGent/Desktop/PD/Phospho-fill/Validation-allPDB/pdb_cache/3d83.cif	THR	THR	OG1	CB	ok			124.39659767451735	HIS:228	HIS	CE1	5.198739000762826	0.0	1.0	ASP:177	ASP	OD1	4.695119292972748	HOH:593	O	3.4211354341884435	1.0	25.0	water_mediated_like			buried				0.0	0.0		unmodified	
P49841	3DU8	B	277	THR_mixed_with_TYR	1	2	2.2	THR	846		3	35-119,126-286,293-385	35-119,126-286,293-385	THR	/mnt/c/Users/drpat/OneDrive - UGent/Desktop/PD/Phospho-fill/Validation-allPDB/pdb_cache/3du8.cif	THR	THR	OG1	CB	ok			-115.55302191603985					0.0	0.0	GLN:280	GLN	OE1	3.3739622325336147	HOH:610	O	7.475674692816199	0.0	26.0	hbond_like			buried				0.0	0.0		unmodified	
O14965	3E5A	A	287	THR_single	1	1	2.3	THR	20		2	125-389	125-389	THR	/mnt/c/Users/drpat/OneDrive - UGent/Desktop/PD/Phospho-fill/Validation-allPDB/pdb_cache/3e5a.cif	THR	THR	OG1	CB	ok			-118.3401639202404	ARG:286	ARG	NE	6.440180405796472	0.0	0.0	ARG:286	ARG	NE	6.440180405796472	HOH:44	O	3.8727828113043263	1.0	12.0	none_obvious			intermediate	TPO:288	TPO	5.228344474450744	1.0	1.0	TPO:288@5.23	unmodified	
Q16539	3E92	A	180	THR_mixed_with_TYR	1	2	2.0	THR	1027		2	3-172,174-352	3-172,174-352	THR	/mnt/c/Users/drpat/OneDrive - UGent/Desktop/PD/Phospho-fill/Validation-allPDB/pdb_cache/3e92.cif	THR	THR	OG1	CB	ok			124.0428521032064	HIS:228	HIS	CE1	5.225861151309538	0.0	1.0	ASP:177	ASP	OD1	4.865473202141699	HOH:375	O	4.641188539982162	0.0	25.0	none_obvious			buried				0.0	0.0		unmodified	
Q16539	3E93	A	180	THR_mixed_with_TYR	1	2	2.0	THR	1028		2	4-171,175-353	4-171,175-353	THR	/mnt/c/Users/drpat/OneDrive - UGent/Desktop/PD/Phospho-fill/Validation-allPDB/pdb_cache/3e93.cif	THR	THR	OG1	CB	ok			123.53456814006616	HIS:228	HIS	CE1	5.13649577214491	0.0	1.0	ASP:177	ASP	OD1	4.4399501093561895	HOH:729	O	2.731482865933721	2.0	25.0	water_mediated_like			exposed				0.0	0.0		unmodified	
P63086	3ERK	A	183	THR_mixed_with_TYR	1	2	2.1	THR	909		2	6-355	6-355	THR	/mnt/c/Users/drpat/OneDrive - UGent/Desktop/PD/Phospho-fill/Validation-allPDB/pdb_cache/3erk.cif	THR	THR	OG1	CB	ok			123.80976715307392	LYS:201	LYS	NZ	7.550574354614667	0.0	0.0	THR:179	THR	OG1	3.284259910666151	HOH:531	O	5.680242789567958	0.0	25.0	hbond_like			buried				0.0	0.0		unmodified	
P24941	3F5X	C	160	THR_mixed_with_TYR	1	3	2.4	THR	437		3	1-298	1-298	THR	/mnt/c/Users/drpat/OneDrive - UGent/Desktop/PD/Phospho-fill/Validation-allPDB/pdb_cache/3f5x.cif	THR	THR	OG1	CB	ok			-28.49282536387631	HIS:161	HIS	CD2	7.356566408100196	0.0	0.0	GLU:208	GLU	OE2	6.352293233072212				0.0	6.0	none_obvious			intermediate				0.0	0.0		unmodified	
P49841	3F7Z	A	277	THR_single	1	1	2.4	THR	847		3	35-121,125-287,295-383	35-121,125-287,295-383	THR	/mnt/c/Users/drpat/OneDrive - UGent/Desktop/PD/Phospho-fill/Validation-allPDB/pdb_cache/3f7z.cif	THR	THR	OG1	CB	ok			-119.53240783454632	ARG:278	ARG	NH1	6.794086706031057	0.0	0.0	GLN:280	GLN	OE1	3.4307324110754864	HOH:535	O	4.739475530772949	0.0	25.0	hbond_like			buried	PTR:216	PTR	26.079206126344403	0.0	0.0		unmodified	
Q16539	3FI4	A	180	THR_mixed_with_TYR	1	2	2.2	THR	1029		2	4-116,124-171,175-352	4-116,124-171,175-352	THR	/mnt/c/Users/drpat/OneDrive - UGent/Desktop/PD/Phospho-fill/Validation-allPDB/pdb_cache/3fi4.cif	THR	THR	OG1	CB	ok			120.2934777439505	HIS:228	HIS	CE1	4.758544071348966	0.0	1.0	ASP:177	ASP	OD2	4.82413996411215				0.0	25.0	none_obvious			buried				0.0	0.0		unmodified	
Q16539	3FKL	A	180	THR_mixed_with_TYR	1	2	2.0	THR	1030		2	4-172,178-352	4-172,178-352	THR	/mnt/c/Users/drpat/OneDrive - UGent/Desktop/PD/Phospho-fill/Validation-allPDB/pdb_cache/3fkl.cif	THR	THR	OG1	CB	ok			131.8914268291198	HIS:228	HIS	NE2	5.255247699443669	0.0	1.0	HIS:228	HIS	NE2	5.255247699443669	HOH:1117	O	5.841706876338962	0.0	13.0	none_obvious			intermediate				0.0	0.0		unmodified	
Q16539	3FKN	A	180	THR_mixed_with_TYR	1	2	2.0	THR	1031		2	4-170,174-352	4-170,174-352	THR	/mnt/c/Users/drpat/OneDrive - UGent/Desktop/PD/Phospho-fill/Validation-allPDB/pdb_cache/3fkn.cif	THR	THR	OG1	CB	ok			122.10588808399586	HIS:228	HIS	NE2	5.266688197687077	0.0	1.0	ASP:177	ASP	OD2	4.7828593603118685	HOH:2188	O	2.6780755667934035	2.0	23.0	water_mediated_like			exposed				0.0	0.0		unmodified	
Q16539	3FKO	A	180	THR_mixed_with_TYR	1	2	2.0	THR	1032		2	5-117,120-171,175-352	5-117,120-171,175-352	THR	/mnt/c/Users/drpat/OneDrive - UGent/Desktop/PD/Phospho-fill/Validation-allPDB/pdb_cache/3fko.cif	THR	THR	OG1	CB	ok			124.41146273518366	HIS:228	HIS	CE1	4.9373092953940825	0.0	1.0	ASP:177	ASP	OD1	4.879576109083978	HOH:2096	O	5.084830345945519	0.0	24.0	none_obvious			buried				0.0	0.0		unmodified	
Q16539	3FL4	A	180	THR_mixed_with_TYR	1	2	1.8	THR	1033		2	4-55,58-117,122-170,175-352	4-55,58-117,122-170,175-352	THR	/mnt/c/Users/drpat/OneDrive - UGent/Desktop/PD/Phospho-fill/Validation-allPDB/pdb_cache/3fl4.cif	THR	THR	OG1	CB	ok			126.7881643881271	HIS:228	HIS	CE1	5.158607833971135	0.0	1.0	ASP:177	ASP	OD2	4.834037299811711	HOH:465	O	2.70621719880608	2.0	24.0	water_mediated_like			exposed				0.0	0.0		unmodified	
Q16539	3FLQ	A	180	THR_mixed_with_TYR	1	2	1.9	THR	1034		2	4-31,36-352	4-31,36-352	THR	/mnt/c/Users/drpat/OneDrive - UGent/Desktop/PD/Phospho-fill/Validation-allPDB/pdb_cache/3flq.cif	THR	THR	OG1	CB	ok			132.45158943299475	HIS:228	HIS	NE2	5.295408583856772	0.0	1.0	ASP:177	ASP	OD2	4.896576352278749				0.0	24.0	none_obvious			buried				0.0	0.0		unmodified	
Q16539	3FLS	A	180	THR_mixed_with_TYR	1	2	2.3	THR	1035		2	4-32,37-171,174-352	4-32,37-171,174-352	THR	/mnt/c/Users/drpat/OneDrive - UGent/Desktop/PD/Phospho-fill/Validation-allPDB/pdb_cache/3fls.cif	THR	THR	OG1	CB	ok			132.63150326574595	HIS:228	HIS	NE2	4.791135791874717	0.0	1.0	ASP:177	ASP	OD2	4.0587319202648064				0.0	26.0	none_obvious			buried				0.0	0.0		unmodified	
Q16539	3FLW	A	180	THR_mixed_with_TYR	1	2	2.1	THR	1036		2	4-14,16-170,174-352	4-14,16-170,174-352	THR	/mnt/c/Users/drpat/OneDrive - UGent/Desktop/PD/Phospho-fill/Validation-allPDB/pdb_cache/3flw.cif	THR	THR	OG1	CB	ok			125.21867964448245	HIS:228	HIS	NE2	5.3078568790809495	0.0	1.0	ASP:177	ASP	OD2	4.867281613619304	HOH:2068	O	4.336488365778165	0.0	23.0	none_obvious			intermediate				0.0	0.0		unmodified	
Q16539	3FLY	A	180	THR_mixed_with_TYR	1	2	1.8	THR	1037		2	4-171,174-352	4-171,174-352	THR	/mnt/c/Users/drpat/OneDrive - UGent/Desktop/PD/Phospho-fill/Validation-allPDB/pdb_cache/3fly.cif	THR	THR	OG1	CB	ok			123.12399234318023	HIS:228	HIS	NE2	5.13245419375827	0.0	1.0	HIS:228	HIS	NE2	5.13245419375827	HOH:2192	O	2.7236849220434167	1.0	23.0	water_mediated_like			intermediate				0.0	0.0		unmodified	
Q16539	3FLZ	A	180	THR_mixed_with_TYR	1	2	2.23	THR	1038		2	4-171,174-352	4-171,174-352	THR	/mnt/c/Users/drpat/OneDrive - UGent/Desktop/PD/Phospho-fill/Validation-allPDB/pdb_cache/3flz.cif	THR	THR	OG1	CB	ok			120.23069602097075	HIS:228	HIS	NE2	5.073356759501127	0.0	1.0	HIS:228	HIS	NE2	5.073356759501127	HOH:2154	O	6.924061610366555	0.0	23.0	none_obvious			intermediate				0.0	0.0		unmodified	
Q16539	3FMH	A	180	THR_mixed_with_TYR	1	2	1.9	THR	1039		2	4-171,174-352	4-171,174-352	THR	/mnt/c/Users/drpat/OneDrive - UGent/Desktop/PD/Phospho-fill/Validation-allPDB/pdb_cache/3fmh.cif	THR	THR	OG1	CB	ok			124.36778974921835	HIS:228	HIS	NE2	5.304537234533782	0.0	1.0	ASP:177	ASP	OD2	4.896464558683453	HOH:2081	O	4.532192024318279	0.0	23.0	none_obvious			intermediate				0.0	0.0		unmodified	
Q16539	3FMJ	A	180	THR_mixed_with_TYR	1	2	2.0	THR	1040		2	4-31,35-170,173-352	4-31,35-170,173-352	THR	/mnt/c/Users/drpat/OneDrive - UGent/Desktop/PD/Phospho-fill/Validation-allPDB/pdb_cache/3fmj.cif	THR	THR	OG1	CB	ok			121.17246262268768	HIS:228	HIS	NE2	5.342501692213269	0.0	1.0	ASP:177	ASP	OD2	4.930064095872585	HOH:1068	O	3.4801262692493604	1.0	24.0	water_mediated_like			buried				0.0	0.0		unmodified	
Q16539	3FMK	A	180	THR_mixed_with_TYR	1	2	1.7	THR	1041		2	4-171,175-352	4-171,175-352	THR	/mnt/c/Users/drpat/OneDrive - UGent/Desktop/PD/Phospho-fill/Validation-allPDB/pdb_cache/3fmk.cif	THR	THR	OG1	CB	ok			124.20963387316809	HIS:228	HIS	NE2	5.303736702383673	0.0	1.0	ASP:177	ASP	OD2	4.833470525621883	HOH:2070	O	5.102591443547292	0.0	23.0	none_obvious			intermediate				0.0	0.0		unmodified	
Q16539	3FML	A	180	THR_mixed_with_TYR	1	2	2.1	THR	1042		2	4-30,37-169,171-352	4-30,37-169,171-352	THR	/mnt/c/Users/drpat/OneDrive - UGent/Desktop/PD/Phospho-fill/Validation-allPDB/pdb_cache/3fml.cif	THR	THR	OG1	CB	ok			122.35663480741522	HIS:228	HIS	NE2	5.0765577969135425	0.0	1.0	HIS:228	HIS	NE2	5.0765577969135425	HOH:2134	O	4.509271766180601	0.0	24.0	none_obvious			buried				0.0	0.0		unmodified	
Q16539	3FMM	A	180	THR_mixed_with_TYR	1	2	2.0	THR	1043		2	4-171,175-352	4-171,175-352	THR	/mnt/c/Users/drpat/OneDrive - UGent/Desktop/PD/Phospho-fill/Validation-allPDB/pdb_cache/3fmm.cif	THR	THR	OG1	CB	ok			117.99449614865911	HIS:228	HIS	NE2	5.237214992533984	0.0	1.0	ASP:177	ASP	OD2	4.970826754301373	HOH:2064	O	6.629383965824955	0.0	23.0	none_obvious			intermediate				0.0	0.0		unmodified	
Q16539	3FMN	A	180	THR_mixed_with_TYR	1	2	1.9	THR	1044		2	4-31,36-170,175-352	4-31,36-170,175-352	THR	/mnt/c/Users/drpat/OneDrive - UGent/Desktop/PD/Phospho-fill/Validation-allPDB/pdb_cache/3fmn.cif	THR	THR	OG1	CB	ok			121.14900178363906	HIS:228	HIS	NE2	5.1917901093511265	0.0	1.0	ASP:177	ASP	OD2	4.96349193459591	HOH:3013	O	2.703229013835221	2.0	23.0	water_mediated_like			exposed				0.0	0.0		unmodified	
Q16539	3FSF	A	180	THR_mixed_with_TYR	1	2	2.1	THR	1045		2	5-31,37-170,174-352	5-31,37-170,176-352	THR	/mnt/c/Users/drpat/OneDrive - UGent/Desktop/PD/Phospho-fill/Validation-allPDB/pdb_cache/3fsf.cif	THR	THR	OG1	CB	ok			119.50765662887386	HIS:228	HIS	CE1	5.088620024018451	0.0	1.0	ASP:177	ASP	OD2	5.13960055535984	HOH:635	O	6.428821541167042	0.0	23.0	none_obvious			intermediate				0.0	0.0		unmodified	
Q16539	3FSK	A	180	THR_mixed_with_TYR	1	2	2.0	THR	1046		2	5-169,176-352	5-169,176-352	THR	/mnt/c/Users/drpat/OneDrive - UGent/Desktop/PD/Phospho-fill/Validation-allPDB/pdb_cache/3fsk.cif	THR	THR	OG1	CB	ok			121.19658018817314	HIS:228	HIS	CE1	5.164091055052458	0.0	1.0	ASP:177	ASP	OD2	5.313356499927479	HOH:657	O	6.648870408513169	0.0	23.0	none_obvious			intermediate				0.0	0.0		unmodified	
P49841	3GB2	A	277	THR_single	1	1	2.4	THR	848		3	35-119,125-286,290-383	35-119,125-286,290-383	THR	/mnt/c/Users/drpat/OneDrive - UGent/Desktop/PD/Phospho-fill/Validation-allPDB/pdb_cache/3gb2.cif	THR	THR	OG1	CB	ok			-116.97599610216972					0.0	0.0	GLN:280	GLN	OE1	3.62898765182306				0.0	26.0	none_obvious			buried	PTR:216	PTR	25.70137461170528	0.0	0.0		unmodified	
Q16539	3GC7	A	180	THR_mixed_with_TYR	1	2	1.8	THR	1047		2	4-352	4-352	THR	/mnt/c/Users/drpat/OneDrive - UGent/Desktop/PD/Phospho-fill/Validation-allPDB/pdb_cache/3gc7.cif	THR	THR	OG1	CB	ok			122.65259886601388	HIS:228	HIS	CE1	5.10548560729128	0.0	1.0	ASP:177	ASP	OD1	4.7921017282611835	HOH:565	O	2.877633039475652	2.0	23.0	water_mediated_like			exposed				0.0	0.0		unmodified	
Q16539	3GFE	A	180	THR_mixed_with_TYR	1	2	2.1	THR	1048		2	1-352	1-352	THR	/mnt/c/Users/drpat/OneDrive - UGent/Desktop/PD/Phospho-fill/Validation-allPDB/pdb_cache/3gfe.cif	THR	THR	OG1	CB	ok			126.98748467160172	HIS:228	HIS	CE1	4.916330705879506	0.0	1.0	ASP:177	ASP	OD2	4.8266201790454035				0.0	24.0	none_obvious			buried				0.0	0.0		unmodified	
Q16539	3HA8	A	180	THR_mixed_with_TYR	1	2	2.48	THR	1049		2	4-169,177-352	4-169,177-352	THR	/mnt/c/Users/drpat/OneDrive - UGent/Desktop/PD/Phospho-fill/Validation-allPDB/pdb_cache/3ha8.cif	THR	THR	OG1	CB	ok			139.45952793881307	HIS:228	HIS	CE1	5.362049302719921	0.0	1.0	HIS:228	HIS	ND1	5.9705080073385925				0.0	17.0	none_obvious			intermediate				0.0	0.0		unmodified	
P33981	3HMO	A	686	THR_single	1	1	2.4	THR	679		4	514-671,684-698,711-794	514-671,684-698,711-794	THR	/mnt/c/Users/drpat/OneDrive - UGent/Desktop/PD/Phospho-fill/Validation-allPDB/pdb_cache/3hmo.cif	THR	THR	OG1	CB	ok			-125.80608219873575	LYS:649	LYS	CE	6.634932796891426	0.0	0.0	ASN:688	ASN	ND2	4.660327417191134	HOH:8	O	4.036158878576826	0.0	25.0	none_obvious			buried				0.0	0.0		unmodified	
P33981	3HMP	A	686	THR_single	1	1	2.3	THR	680		4	516-671,682-698,710-794	516-671,682-698,710-794	THR	/mnt/c/Users/drpat/OneDrive - UGent/Desktop/PD/Phospho-fill/Validation-allPDB/pdb_cache/3hmp.cif	THR	THR	OG1	CB	ok			5.329754896963854	LYS:743	LYS	NZ	4.742375101369767	0.0	1.0	ASN:688	ASN	ND2	3.222645576365836	HOH:80	O	6.446122669091774	0.0	24.0	hbond_like			buried				0.0	0.0		unmodified	
Q16539	3HRB	A	180	THR_mixed_with_TYR	1	2	2.2	THR	1050		2	4-30,36-352	4-30,36-352	THR	/mnt/c/Users/drpat/OneDrive - UGent/Desktop/PD/Phospho-fill/Validation-allPDB/pdb_cache/3hrb.cif	THR	THR	OG1	CB	ok			121.00648894506598	HIS:228	HIS	CE1	4.755195796852826	0.0	1.0	ASP:177	ASP	OD1	5.126094968494631	HOH:425	O	4.454080205095085	0.0	24.0	none_obvious			buried				0.0	0.0		unmodified	
P49841	3I4B	A	277	THR_mixed_with_TYR	1	2	2.3	THR	849		3	25-30,33-385	25-30,33-385	THR	/mnt/c/Users/drpat/OneDrive - UGent/Desktop/PD/Phospho-fill/Validation-allPDB/pdb_cache/3i4b.cif	THR	THR	OG1	CB	ok			-110.60245917203844	ARG:282	ARG	NH2	7.189295943451943	0.0	0.0	GLN:280	GLN	OE1	3.3465502928187925	HOH:656	O	3.6898417276161553	1.0	24.0	hbond_like			buried				0.0	0.0		unmodified	
P24941	3IGG	A	160	THR_mixed_with_TYR	1	3	1.8	THR	438		3	1-35,44-298	1-35,44-298	THR	/mnt/c/Users/drpat/OneDrive - UGent/Desktop/PD/Phospho-fill/Validation-allPDB/pdb_cache/3igg.cif	THR	THR	OG1	CB	ok			-94.95935489096581	HIS:161	HIS	CD2	6.193536045114028	0.0	0.0	THR:158	THR	OG1	3.0097499992548533				0.0	33.0	hbond_like			buried				0.0	0.0		unmodified	
Q16539	3IPH	A	180	THR_mixed_with_TYR	1	2	2.1	THR	1051		2	4-171,174-352	4-171,174-352	THR	/mnt/c/Users/drpat/OneDrive - UGent/Desktop/PD/Phospho-fill/Validation-allPDB/pdb_cache/3iph.cif	THR	THR	OG1	CB	ok			117.42465496447184	HIS:228	HIS	CE1	5.170772587568707	0.0	1.0	ASP:177	ASP	OD1	4.480326036936257	HOH:657	O	2.753517767518391	2.0	23.0	water_mediated_like			exposed				0.0	0.0		unmodified	
Q16539	3ITZ	A	180	THR_mixed_with_TYR	1	2	2.25	THR	1052		2	1-353	1-353	THR	/mnt/c/Users/drpat/OneDrive - UGent/Desktop/PD/Phospho-fill/Validation-allPDB/pdb_cache/3itz.cif	THR	THR	OG1	CB	ok			125.89621797018577	HIS:228	HIS	CE1	5.020885120999189	0.0	1.0	ASP:177	ASP	OD2	4.778174236214517	HOH:451	O	4.31049435196762	0.0	24.0	none_obvious			buried				0.0	0.0		unmodified	
P0DMV8	3JXU	A	66	THR_single	1	1	2.14	THR	163		1	4-381	4-381	THR	/mnt/c/Users/drpat/OneDrive - UGent/Desktop/PD/Phospho-fill/Validation-allPDB/pdb_cache/3jxu.cif	THR	THR	OG1	CB	ok			124.53957017750314					0.0	0.0	GLN:58	GLN	NE2	2.8114879594653037	HOH:408	O	4.5273209749262895	0.0	46.0	hbond_like			buried				0.0	0.0		unmodified	
Q16539	3KQ7	A	180	THR_mixed_with_TYR	1	2	1.8	THR	1053		2	5-352	5-352	THR	/mnt/c/Users/drpat/OneDrive - UGent/Desktop/PD/Phospho-fill/Validation-allPDB/pdb_cache/3kq7.cif	THR	THR	OG1	CB	ok			119.32163903785269	HIS:228	HIS	CE1	5.127548043233686	0.0	1.0	ASP:177	ASP	OD1	5.197086933186856	HOH:694	O	2.7306785361394725	2.0	24.0	water_mediated_like			exposed				0.0	0.0		unmodified	
P15531	3L7U	A	94	THR_single	1	1	2.1	THR	371		1	1-152	1-152	THR	/mnt/c/Users/drpat/OneDrive - UGent/Desktop/PD/Phospho-fill/Validation-allPDB/pdb_cache/3l7u.cif	THR	THR	OG1	CB	ok			131.41291656598187	ARG:88	ARG	NH2	3.971619982741095	1.0	2.0	ARG:88	ARG	NH2	3.971619982741095	HOH:185	O	2.964965626082216	2.0	17.0	water_mediated_like			exposed				0.0	0.0		unmodified	
P24941	3LE6	A	160	THR_mixed_with_TYR	1	3	2.0	THR	439		3	1-35,45-72,75-294	1-35,45-72,75-294	THR	/mnt/c/Users/drpat/OneDrive - UGent/Desktop/PD/Phospho-fill/Validation-allPDB/pdb_cache/3le6.cif	THR	THR	OG1	CB	ok			-117.48497363908143	HIS:161	HIS	CD2	5.9322800480336895	0.0	1.0	THR:158	THR	OG1	2.830590660003468	HOH:374	O	2.9221173564785787	1.0	40.0	hbond_like			buried				0.0	0.0		unmodified	
P24941	3LFQ	A	160	THR_mixed_with_TYR	1	3	2.03	THR	440		3	1-36,46-298	1-36,46-298	THR	/mnt/c/Users/drpat/OneDrive - UGent/Desktop/PD/Phospho-fill/Validation-allPDB/pdb_cache/3lfq.cif	THR	THR	OG1	CB	ok			-120.66583716026699	HIS:161	HIS	CD2	6.23746261476502	0.0	0.0	THR:158	THR	OG1	2.7976165003885414	HOH:684	O	3.0577794676609074	1.0	39.0	hbond_like			buried				0.0	0.0		unmodified	
P24941	3LFS	A	160	THR_mixed_with_TYR	1	3	2.4	THR	441		3	1-36,45-298	1-36,45-298	THR	/mnt/c/Users/drpat/OneDrive - UGent/Desktop/PD/Phospho-fill/Validation-allPDB/pdb_cache/3lfs.cif	THR	THR	OG1	CB	ok			-123.77286463765031	HIS:161	HIS	CD2	6.391669572733161	0.0	0.0	THR:158	THR	OG1	2.731306995414285	HOH:708	O	2.698475049591465	2.0	37.0	hbond_like			exposed				0.0	0.0		unmodified	
P42527	3LLA	A	612	THR_single	1	1	2.11	THR	700		1	552-613,615-649,652-809	552-613,615-649,652-809	THR	/mnt/c/Users/drpat/OneDrive - UGent/Desktop/PD/Phospho-fill/Validation-allPDB/pdb_cache/3lla.cif	THR	THR	OG1	CB	ok			-7.178684566845281	LYS:615	LYS	CE	6.161470498474209	0.0	0.0	THR:613	THR	OG1	5.268045842293638	HOH:273	O	4.731123394228675	0.0	26.0	none_obvious			buried				0.0	0.0		unmodified	
P42527	3LMI	D	612	THR_single	1	1	2.2	THR	701		1	552-650,656-809	552-650,656-809	THR	/mnt/c/Users/drpat/OneDrive - UGent/Desktop/PD/Phospho-fill/Validation-allPDB/pdb_cache/3lmi.cif	THR	THR	OG1	CB	ok			129.38328848112172	LYS:615	LYS	NZ	4.703339988870139	0.0	1.0	LYS:615	LYS	NZ	4.703339988870139	HOH:498	O	2.6754907388601787	1.0	11.0	water_mediated_like			intermediate				0.0	0.0		unmodified	
Q8DTU0	3M7V	A	92	THR_single	1	1	2.0	THR	1083		1	3-403	3-403	THR	/mnt/c/Users/drpat/OneDrive - UGent/Desktop/PD/Phospho-fill/Validation-allPDB/pdb_cache/3m7v.cif	THR	THR	OG1	CB	ok			-5.571072544710865	HIS:96	HIS	ND1	3.6522399368854517	1.0	4.0	HIS:96	HIS	ND1	3.6522399368854517	HOH:459	O	4.958859945246913	0.0	35.0	none_obvious			buried				0.0	0.0		unmodified	
Q16539	3MPT	A	180	THR_mixed_with_TYR	1	2	1.89	THR	1054		2	4-171,174-352	4-171,174-352	THR	/mnt/c/Users/drpat/OneDrive - UGent/Desktop/PD/Phospho-fill/Validation-allPDB/pdb_cache/3mpt.cif	THR	THR	OG1	CB	ok			124.54042147536374	HIS:228	HIS	CE1	4.972258074697114	0.0	1.0	ASP:177	ASP	OD1	4.607388846254904	HOH:574	O	6.3821916827828415	0.0	25.0	none_obvious			buried				0.0	0.0		unmodified	
Q16539	3NNU	A	180	THR_mixed_with_TYR	1	2	2.4	THR	1055		2	5-352	5-352	THR	/mnt/c/Users/drpat/OneDrive - UGent/Desktop/PD/Phospho-fill/Validation-allPDB/pdb_cache/3nnu.cif	THR	THR	OG1	CB	ok			107.24070063193827	HIS:228	HIS	NE2	4.461107576716447	0.0	2.0	HIS:228	HIS	NE2	4.461107576716447	HOH:413	O	5.65552736778286	0.0	23.0	none_obvious			intermediate				0.0	0.0		unmodified	
Q16539	3NNV	A	180	THR_mixed_with_TYR	1	2	2.1	THR	1056		2	5-352	5-352	THR	/mnt/c/Users/drpat/OneDrive - UGent/Desktop/PD/Phospho-fill/Validation-allPDB/pdb_cache/3nnv.cif	THR	THR	OG1	CB	ok			114.1332691304234	HIS:228	HIS	NE2	4.929926635639137	0.0	1.0	HIS:228	HIS	NE2	4.929926635639137	HOH:475	O	6.06966749952944	0.0	26.0	none_obvious			buried				0.0	0.0		unmodified	
Q16539	3NNW	A	180	THR_mixed_with_TYR	1	2	1.89	THR	1057		2	4-352	4-352	THR	/mnt/c/Users/drpat/OneDrive - UGent/Desktop/PD/Phospho-fill/Validation-allPDB/pdb_cache/3nnw.cif	THR	THR	OG1	CB	ok			122.38163050126343	HIS:228	HIS	NE2	4.838923435347463	0.0	1.0	HIS:228	HIS	NE2	4.838923435347463	HOH:542	O	4.852421579118192	0.0	26.0	none_obvious			buried				0.0	0.0		unmodified	
P24941	3NS9	A	160	THR_mixed_with_TYR	1	3	1.78	THR	442		3	3-35,43-298	3-35,43-298	THR	/mnt/c/Users/drpat/OneDrive - UGent/Desktop/PD/Phospho-fill/Validation-allPDB/pdb_cache/3ns9.cif	THR	THR	OG1	CB	ok			-127.20141429968211	HIS:161	HIS	CD2	5.875600909143582	0.0	1.0	THR:158	THR	OG1	2.967240213782054	HOH:436	O	2.704186790657899	1.0	38.0	hbond_like			buried				0.0	0.0		unmodified	
O14965	3O50	B	287	THR_only_multi_2	2	2	2.0	THR	21		2	126-275,287-302,307-389	126-275,287-302,307-389	THR,THR	/mnt/c/Users/drpat/OneDrive - UGent/Desktop/PD/Phospho-fill/Validation-allPDB/pdb_cache/3o50.cif	THR				missing_anchor_or_base																														
O14965	3O50	B	288	THR_only_multi_2	2	2	2.0	THR	21		2	126-275,287-302,307-389	126-275,287-302,307-389	THR,THR	/mnt/c/Users/drpat/OneDrive - UGent/Desktop/PD/Phospho-fill/Validation-allPDB/pdb_cache/3o50.cif	THR	THR	OG1	CB	ok			-120.99274501911505	HIS:176	HIS	NE2	5.365944612192696	0.0	2.0	GLN:177	GLN	OE1	4.822796688775543	HOH:402	O	6.115404228914726	0.0	13.0	none_obvious			intermediate				0.0	0.0		unmodified	
P63086	3O71	A	183	THR_mixed_with_TYR	1	2	1.95	THR	910		2	9-174,180-200,202-354	9-174,180-200,202-354	THR	/mnt/c/Users/drpat/OneDrive - UGent/Desktop/PD/Phospho-fill/Validation-allPDB/pdb_cache/3o71.cif	THR	THR	OG1	CB	ok			-124.72595080816467	ARG:192	ARG	NH2	6.00358887883119	0.0	0.0	ASN:199	ASN	OD1	4.730353846774911	HOH:400	O	4.735019019412757	0.0	21.0	none_obvious			intermediate				0.0	0.0		unmodified	
P9WI81	3ORO	A	173	THR_single	1	1	1.9	THR	976		2	9-164,173-288	9-164,173-288	THR	/mnt/c/Users/drpat/OneDrive - UGent/Desktop/PD/Phospho-fill/Validation-allPDB/pdb_cache/3oro.cif	THR	THR	OG1	CB	ok			-107.36725937704021					0.0	0.0	SER:51	SER	OG	4.412783456258392	HOH:438	O	2.3313045807534047	2.0	8.0	water_mediated_like			exposed				0.0	0.0		unmodified	
P42527	3PDT	A	612	THR_single	1	1	1.8	THR	702		1	556-613,615-649,652-809	556-613,615-649,652-809	THR	/mnt/c/Users/drpat/OneDrive - UGent/Desktop/PD/Phospho-fill/Validation-allPDB/pdb_cache/3pdt.cif	THR	THR	OG1	CB	ok			14.757352758297133	LYS:615	LYS	CE	7.136443491788895	0.0	0.0	THR:613	THR	OG1	3.3735303972593256	HOH:177	O	3.764811306836852	1.0	23.0	hbond_like			intermediate				0.0	0.0		unmodified	
P24941	3PXF	A	160	THR_mixed_with_TYR	1	3	1.8	THR	443		3	1-298	1-298	THR	/mnt/c/Users/drpat/OneDrive - UGent/Desktop/PD/Phospho-fill/Validation-allPDB/pdb_cache/3pxf.cif	THR	THR	OG1	CB	ok			-3.715592396123868	HIS:161	HIS	ND1	5.506406107441854	0.0	1.0	GLU:12	GLU	OE1	4.2608104833699425	HOH:497	O	4.086194340030639	0.0	19.0	none_obvious			intermediate				0.0	0.0		unmodified	
P24941	3PXQ	A	160	THR_mixed_with_TYR	1	3	1.9	THR	444		3	1-36,41-298	1-36,41-298	THR	/mnt/c/Users/drpat/OneDrive - UGent/Desktop/PD/Phospho-fill/Validation-allPDB/pdb_cache/3pxq.cif	THR	THR	OG1	CB	ok			-129.2488658623372	ARG:157	ARG	NE	5.1237845275232035	0.0	1.0	ARG:157	ARG	NE	5.1237845275232035	HOH:339	O	7.802452078901707	0.0	28.0	none_obvious			buried				0.0	0.0		unmodified	
P24941	3PXR	A	160	THR_mixed_with_TYR	1	3	2.0	THR	445		3	1-36,41-298	1-36,41-298	THR	/mnt/c/Users/drpat/OneDrive - UGent/Desktop/PD/Phospho-fill/Validation-allPDB/pdb_cache/3pxr.cif	THR	THR	OG1	CB	ok			-126.84188604386557	HIS:161	HIS	ND1	6.215253631430319	0.0	0.0	GLU:12	GLU	OE2	2.4422838408220393				0.0	38.0	hbond_like			buried				0.0	0.0		unmodified	
P24941	3PXY	A	160	THR_mixed_with_TYR	1	3	1.8	THR	446		3	1-36,41-298	1-36,41-298	THR	/mnt/c/Users/drpat/OneDrive - UGent/Desktop/PD/Phospho-fill/Validation-allPDB/pdb_cache/3pxy.cif	THR	THR	OG1	CB	ok			-121.68559611935973	HIS:161	HIS	ND1	4.843124491470166	0.0	1.0	GLU:162	GLU	OE1	3.245620065058049				0.0	33.0	hbond_like			buried				0.0	0.0		unmodified	
P24941	3PXZ	A	160	THR_mixed_with_TYR	1	3	1.7	THR	447		3	1-298	1-298	THR	/mnt/c/Users/drpat/OneDrive - UGent/Desktop/PD/Phospho-fill/Validation-allPDB/pdb_cache/3pxz.cif	THR	THR	OG1	CB	ok			-11.57806153586769	HIS:161	HIS	ND1	4.70593797935441	0.0	1.0	GLU:12	GLU	OE1	2.7834632421288235				0.0	26.0	hbond_like			buried				0.0	0.0		unmodified	
P24941	3PY0	A	160	THR_mixed_with_TYR	1	3	1.75	THR	448		3	1-36,41-298	1-36,41-298	THR	/mnt/c/Users/drpat/OneDrive - UGent/Desktop/PD/Phospho-fill/Validation-allPDB/pdb_cache/3py0.cif	THR	THR	OG1	CB	ok			-128.44280662889793	HIS:161	HIS	CD2	6.570951039957995	0.0	0.0	GLU:12	GLU	OE2	2.936999069348744				0.0	36.0	hbond_like			buried				0.0	0.0		unmodified	
P24941	3PY1	A	160	THR_mixed_with_TYR	1	3	2.05	THR	449		3	1-298	1-298	THR	/mnt/c/Users/drpat/OneDrive - UGent/Desktop/PD/Phospho-fill/Validation-allPDB/pdb_cache/3py1.cif	THR	THR	OG1	CB	ok			-117.25293040640247	LYS:129	LYS	CE	5.762771007338972	0.0	1.0	THR:158	THR	OG1	2.916106629348512	HOH:366	O	4.857911861467729	0.0	38.0	hbond_like			buried				0.0	0.0		unmodified	
A1YYW7	3Q3Q	A	89	THR_single	1	1	1.953	THR	2		1	31-556	31-556	THR	/mnt/c/Users/drpat/OneDrive - UGent/Desktop/PD/Phospho-fill/Validation-allPDB/pdb_cache/3q3q.cif	THR	THR	OG1	CB	ok			119.67610872583926	LYS:171	LYS	NZ	3.364728840804686	2.0	5.0	ASP:345	ASP	OD2	3.2720949403925665	HOH:792	O	5.9252272587905415	0.0	48.0	salt_bridge_like			buried				0.0	0.0		unmodified	
Q13153	3Q4Z	A	423	THR_single	1	1	1.887	THR	980		1	251-267,273-289,294-303,309-545	251-267,273-289,294-303,309-545	THR	/mnt/c/Users/drpat/OneDrive - UGent/Desktop/PD/Phospho-fill/Validation-allPDB/pdb_cache/3q4z.cif	THR	THR	OG1	CB	ok			-129.83689189788402	ARG:388	ARG	NH1	3.534876625816399	1.0	2.0	ARG:388	ARG	NH1	3.534876625816399	HOH:554	O	3.3553092935319215	1.0	29.0	water_mediated_like			buried				0.0	0.0		unmodified	
P61006	3QBT	A	72	THR_mixed_with_SER	1	2	2.0	THR	898		2	7-176	7-176	THR	/mnt/c/Users/drpat/OneDrive - UGent/Desktop/PD/Phospho-fill/Validation-allPDB/pdb_cache/3qbt.cif	THR	THR	OG1	CB	ok			129.9345286751072	HIS:109	HIS	CE1	7.904553214814303	0.0	0.0	THR:75	THR	OG1	6.379973043497912	HOH:189	O	3.1960517624757423	1.0	10.0	water_mediated_like			intermediate				0.0	0.0		unmodified	
P24941	3QL8	A	160	THR_mixed_with_TYR	1	3	1.9	THR	450		3	1-36,41-298	1-36,41-298	THR	/mnt/c/Users/drpat/OneDrive - UGent/Desktop/PD/Phospho-fill/Validation-allPDB/pdb_cache/3ql8.cif	THR	THR	OG1	CB	ok			-129.93994599753705	LYS:9	LYS	NZ	5.454630591410674	0.0	2.0	GLU:12	GLU	OE2	3.1210408820226982	HOH:398	O	6.921193808487113	0.0	29.0	hbond_like			buried				0.0	0.0		unmodified	
P24941	3QQF	A	160	THR_mixed_with_TYR	1	3	1.75	THR	451		3	1-36,41-298	1-36,41-298	THR	/mnt/c/Users/drpat/OneDrive - UGent/Desktop/PD/Phospho-fill/Validation-allPDB/pdb_cache/3qqf.cif	THR	THR	OG1	CB	ok			-130.1943029672907	HIS:161	HIS	CE1	4.417153753892766	0.0	1.0	GLU:162	GLU	OE2	3.322106400395843				0.0	32.0	hbond_like			buried				0.0	0.0		unmodified	
P24941	3QQG	A	160	THR_mixed_with_TYR	1	3	1.9	THR	452		3	1-36,41-298	1-36,41-298	THR	/mnt/c/Users/drpat/OneDrive - UGent/Desktop/PD/Phospho-fill/Validation-allPDB/pdb_cache/3qqg.cif	THR	THR	OG1	CB	ok			-126.67372364327903	HIS:161	HIS	CE1	4.205259998228465	0.0	1.0	TYR:159	TYR	OH	3.505745012960234	HOH:402	O	7.24137711493143	0.0	27.0	none_obvious			buried				0.0	0.0		unmodified	
P24941	3QQH	A	160	THR_mixed_with_TYR	1	3	1.87	THR	453		3	1-36,41-298	1-36,41-298	THR	/mnt/c/Users/drpat/OneDrive - UGent/Desktop/PD/Phospho-fill/Validation-allPDB/pdb_cache/3qqh.cif	THR	THR	OG1	CB	ok			-133.1169950659801	HIS:161	HIS	ND1	5.8208497575448845	0.0	1.0	GLU:162	GLU	OE2	2.5911952796530566	HOH:440	O	5.4199595708545685	0.0	36.0	hbond_like			buried				0.0	0.0		unmodified	
P24941	3QQJ	A	160	THR_mixed_with_TYR	1	3	1.7	THR	454		3	1-36,41-298	1-36,41-298	THR	/mnt/c/Users/drpat/OneDrive - UGent/Desktop/PD/Phospho-fill/Validation-allPDB/pdb_cache/3qqj.cif	THR	THR	OG1	CB	ok			-132.77236818341066	ARG:36	ARG	NH1	4.381182494899356	0.0	2.0	GLU:162	GLU	OE2	2.5767346361667967	HOH:401	O	7.2358682873811855	0.0	39.0	hbond_like			buried				0.0	0.0		unmodified	
P24941	3QQK	A	160	THR_mixed_with_TYR	1	3	1.86	THR	455		3	1-36,41-298	1-36,41-298	THR	/mnt/c/Users/drpat/OneDrive - UGent/Desktop/PD/Phospho-fill/Validation-allPDB/pdb_cache/3qqk.cif	THR	THR	OG1	CB	ok			-130.67047396544072	HIS:161	HIS	ND1	3.984982977514908	1.0	1.0	GLU:162	GLU	OE2	2.943578423799143	HOH:416	O	7.017081195666902	0.0	30.0	hbond_like			buried				0.0	0.0		unmodified	
P24941	3QQL	A	160	THR_mixed_with_TYR	1	3	1.85	THR	456		3	1-36,41-298	1-36,41-298	THR	/mnt/c/Users/drpat/OneDrive - UGent/Desktop/PD/Phospho-fill/Validation-allPDB/pdb_cache/3qql.cif	THR	THR	OG1	CB	ok			-119.41556834794844	HIS:161	HIS	ND1	6.057758164927622	0.0	0.0	THR:158	THR	OG1	2.9427490242880414	HOH:332	O	3.048728694538161	1.0	38.0	hbond_like			buried				0.0	0.0		unmodified	
P24941	3QRT	A	160	THR_mixed_with_TYR	1	3	1.75	THR	457		3	1-36,41-298	1-36,41-298	THR	/mnt/c/Users/drpat/OneDrive - UGent/Desktop/PD/Phospho-fill/Validation-allPDB/pdb_cache/3qrt.cif	THR	THR	OG1	CB	ok			-130.27701059934353	HIS:161	HIS	CE1	4.95204484491615	0.0	1.0	GLU:162	GLU	OE2	3.4255530801340006	HOH:448	O	6.42947723407982	0.0	34.0	hbond_like			buried				0.0	0.0		unmodified	
P24941	3QRU	A	160	THR_mixed_with_TYR	1	3	1.95	THR	458		3	1-37,41-298	1-37,41-298	THR	/mnt/c/Users/drpat/OneDrive - UGent/Desktop/PD/Phospho-fill/Validation-allPDB/pdb_cache/3qru.cif	THR	THR	OG1	CB	ok			-141.36611481777453	HIS:161	HIS	ND1	6.048467039408987	0.0	0.0	THR:158	THR	OG1	2.956457139800863	HOH:480	O	6.94621933422343	0.0	43.0	hbond_like			buried				0.0	0.0		unmodified	
P24941	3QTQ	A	160	THR_mixed_with_TYR	1	3	1.8	THR	459		3	1-36,41-298	1-36,41-298	THR	/mnt/c/Users/drpat/OneDrive - UGent/Desktop/PD/Phospho-fill/Validation-allPDB/pdb_cache/3qtq.cif	THR	THR	OG1	CB	ok			-139.62530158110687	HIS:161	HIS	CE1	4.069452172607102	0.0	1.0	GLU:162	GLU	OE2	4.231939591250797				0.0	26.0	none_obvious			buried				0.0	0.0		unmodified	
P24941	3QTU	A	160	THR_mixed_with_TYR	1	3	1.82	THR	460		3	1-36,41-298	1-36,41-298	THR	/mnt/c/Users/drpat/OneDrive - UGent/Desktop/PD/Phospho-fill/Validation-allPDB/pdb_cache/3qtu.cif	THR	THR	OG1	CB	ok			-135.73049775178526	HIS:161	HIS	ND1	4.715787191565361	0.0	1.0	TYR:159	TYR	OH	3.5662246492083853	HOH:414	O	6.616710357236849	0.0	24.0	none_obvious			buried				0.0	0.0		unmodified	
P24941	3QTW	A	160	THR_mixed_with_TYR	1	3	1.85	THR	461		3	1-36,41-298	1-36,41-298	THR	/mnt/c/Users/drpat/OneDrive - UGent/Desktop/PD/Phospho-fill/Validation-allPDB/pdb_cache/3qtw.cif	THR	THR	OG1	CB	ok			-128.38507355423567	HIS:161	HIS	ND1	3.358159776995486	1.0	1.0	HIS:161	HIS	ND1	3.358159776995486				0.0	29.0	salt_bridge_like			buried				0.0	0.0		unmodified	
P24941	3QTX	A	160	THR_mixed_with_TYR	1	3	1.95	THR	462		3	1-36,41-298	1-36,41-298	THR	/mnt/c/Users/drpat/OneDrive - UGent/Desktop/PD/Phospho-fill/Validation-allPDB/pdb_cache/3qtx.cif	THR	THR	OG1	CB	ok			-125.62428848221016	HIS:161	HIS	CE1	4.407127195472674	0.0	1.0	GLU:162	GLU	OE2	3.1049293769374793	HOH:472	O	7.282207234176567	0.0	29.0	hbond_like			buried				0.0	0.0		unmodified	
P24941	3QTZ	A	160	THR_mixed_with_TYR	1	3	2.0	THR	463		3	1-36,41-298	1-36,41-298	THR	/mnt/c/Users/drpat/OneDrive - UGent/Desktop/PD/Phospho-fill/Validation-allPDB/pdb_cache/3qtz.cif	THR	THR	OG1	CB	ok			-128.30280695306183	HIS:161	HIS	CE1	4.62672536963327	0.0	1.0	TYR:159	TYR	OH	3.4754548212314154	HOH:405	O	5.7724087882575414	0.0	29.0	hbond_like			buried				0.0	0.0		unmodified	
P24941	3QU0	A	160	THR_mixed_with_TYR	1	3	1.95	THR	464		3	1-36,41-298	1-36,41-298	THR	/mnt/c/Users/drpat/OneDrive - UGent/Desktop/PD/Phospho-fill/Validation-allPDB/pdb_cache/3qu0.cif	THR	THR	OG1	CB	ok			-131.8732515607545	HIS:161	HIS	ND1	5.809528410534094	0.0	1.0	GLU:162	GLU	OE2	2.712829843566122	HOH:387	O	7.12921996635119	0.0	30.0	hbond_like			buried				0.0	0.0		unmodified	
P24941	3QWJ	A	160	THR_mixed_with_TYR	1	3	1.75	THR	465		3	1-36,41-298	1-36,41-298	THR	/mnt/c/Users/drpat/OneDrive - UGent/Desktop/PD/Phospho-fill/Validation-allPDB/pdb_cache/3qwj.cif	THR	THR	OG1	CB	ok			-128.61783150348452	HIS:161	HIS	ND1	6.182474538817641	0.0	0.0	GLU:162	GLU	OE2	2.7309798611855407	HOH:418	O	6.509197765179056	0.0	39.0	hbond_like			buried				0.0	0.0		unmodified	
P24941	3QWK	A	160	THR_mixed_with_TYR	1	3	1.85	THR	466		3	1-36,41-298	1-36,41-298	THR	/mnt/c/Users/drpat/OneDrive - UGent/Desktop/PD/Phospho-fill/Validation-allPDB/pdb_cache/3qwk.cif	THR	THR	OG1	CB	ok			-124.8421540738941	HIS:161	HIS	ND1	4.653562218768398	0.0	1.0	GLU:12	GLU	OE2	3.801579458213227				0.0	29.0	none_obvious			buried				0.0	0.0		unmodified	
P24941	3QX2	A	160	THR_mixed_with_TYR	1	3	1.75	THR	467		3	1-36,41-298	1-36,41-298	THR	/mnt/c/Users/drpat/OneDrive - UGent/Desktop/PD/Phospho-fill/Validation-allPDB/pdb_cache/3qx2.cif	THR	THR	OG1	CB	ok			-126.78089612806863	HIS:161	HIS	CD2	6.328176951904546	0.0	0.0	GLU:162	GLU	OE1	2.6844230226421053	HOH:410	O	7.2683294816830015	0.0	40.0	hbond_like			buried				0.0	0.0		unmodified	
P24941	3QX4	A	160	THR_mixed_with_TYR	1	3	1.92	THR	468		3	1-36,41-298	1-36,41-298	THR	/mnt/c/Users/drpat/OneDrive - UGent/Desktop/PD/Phospho-fill/Validation-allPDB/pdb_cache/3qx4.cif	THR	THR	OG1	CB	ok			-123.92131047716622	HIS:161	HIS	ND1	6.172754622904178	0.0	0.0	GLU:162	GLU	OE2	2.741419063407436	HOH:360	O	6.106466949106194	0.0	31.0	hbond_like			buried				0.0	0.0		unmodified	
P24941	3QXO	A	160	THR_mixed_with_TYR	1	3	1.75	THR	469		3	1-36,41-298	1-36,41-298	THR	/mnt/c/Users/drpat/OneDrive - UGent/Desktop/PD/Phospho-fill/Validation-allPDB/pdb_cache/3qxo.cif	THR	THR	OG1	CB	ok			-127.09499697062981	HIS:161	HIS	CE1	4.608651681277799	0.0	1.0	GLU:162	GLU	OE2	3.5885894074743234				0.0	31.0	none_obvious			buried				0.0	0.0		unmodified	
P24941	3QXP	A	160	THR_mixed_with_TYR	1	3	1.75	THR	470		3	1-36,41-298	1-36,41-298	THR	/mnt/c/Users/drpat/OneDrive - UGent/Desktop/PD/Phospho-fill/Validation-allPDB/pdb_cache/3qxp.cif	THR	THR	OG1	CB	ok			-112.73721815636158	HIS:161	HIS	ND1	6.865463483508317	0.0	0.0	THR:158	THR	OG1	4.103438014947535				0.0	27.0	none_obvious			buried				0.0	0.0		unmodified	
P63086	3QYW	A	183	THR_mixed_with_TYR	1	2	1.5	THR	911		2	9-329,335-354	9-329,335-354	THR	/mnt/c/Users/drpat/OneDrive - UGent/Desktop/PD/Phospho-fill/Validation-allPDB/pdb_cache/3qyw.cif	THR	THR	OG1	CB	ok			-124.00983316204221	LYS:201	LYS	CE	7.594435148179014	0.0	0.0	THR:179	THR	OG1	3.9828721979683883	HOH:745	O	3.1017849892108926	2.0	26.0	water_mediated_like			exposed				0.0	0.0		unmodified	
P63086	3QYZ	A	183	THR_mixed_with_TYR	1	2	1.46	THR	912		2	8-13,15-330,336-354	8-13,15-330,336-354	THR	/mnt/c/Users/drpat/OneDrive - UGent/Desktop/PD/Phospho-fill/Validation-allPDB/pdb_cache/3qyz.cif	THR	THR	OG1	CB	ok			-121.27089371407627	LYS:201	LYS	CE	7.766083306320564	0.0	0.0	THR:179	THR	OG1	3.8822598809972493	HOH:698	O	2.485371182901893	3.0	26.0	water_mediated_like			exposed				0.0	0.0		unmodified	
P24941	3QZF	A	160	THR_mixed_with_TYR	1	3	2.0	THR	471		3	1-36,41-298	1-36,41-298	THR	/mnt/c/Users/drpat/OneDrive - UGent/Desktop/PD/Phospho-fill/Validation-allPDB/pdb_cache/3qzf.cif	THR	THR	OG1	CB	ok			-119.17142597905776	HIS:161	HIS	ND1	4.378662847104966	0.0	1.0	TYR:159	TYR	OH	3.734101209870795				0.0	32.0	none_obvious			buried				0.0	0.0		unmodified	
P24941	3QZG	A	160	THR_mixed_with_TYR	1	3	1.75	THR	472		3	1-36,41-298	1-36,41-298	THR	/mnt/c/Users/drpat/OneDrive - UGent/Desktop/PD/Phospho-fill/Validation-allPDB/pdb_cache/3qzg.cif	THR	THR	OG1	CB	ok			-129.28490367389892	HIS:161	HIS	CE1	4.869396150424584	0.0	1.0	GLU:162	GLU	OE2	3.3906892773950217				0.0	31.0	hbond_like			buried				0.0	0.0		unmodified	
P24941	3QZH	A	160	THR_mixed_with_TYR	1	3	1.95	THR	473		3	1-36,41-298	1-36,41-298	THR	/mnt/c/Users/drpat/OneDrive - UGent/Desktop/PD/Phospho-fill/Validation-allPDB/pdb_cache/3qzh.cif	THR	THR	OG1	CB	ok			-126.72663169369699	HIS:161	HIS	ND1	5.3094405994194185	0.0	1.0	GLU:162	GLU	OE2	3.0701181994524878				0.0	40.0	hbond_like			buried				0.0	0.0		unmodified	
P24941	3QZI	A	160	THR_mixed_with_TYR	1	3	1.75	THR	474		3	1-36,41-298	1-36,41-298	THR	/mnt/c/Users/drpat/OneDrive - UGent/Desktop/PD/Phospho-fill/Validation-allPDB/pdb_cache/3qzi.cif	THR	THR	OG1	CB	ok			-130.26596488023802	HIS:161	HIS	ND1	5.43489173303861	0.0	1.0	GLU:162	GLU	OE2	2.914502896094339	HOH:385	O	7.666723359243413	0.0	40.0	hbond_like			buried				0.0	0.0		unmodified	
P24941	3R1Q	A	160	THR_mixed_with_TYR	1	3	1.85	THR	475		3	1-36,41-298	1-36,41-298	THR	/mnt/c/Users/drpat/OneDrive - UGent/Desktop/PD/Phospho-fill/Validation-allPDB/pdb_cache/3r1q.cif	THR	THR	OG1	CB	ok			-128.05485648443235	HIS:161	HIS	CE1	4.4545292653800175	0.0	1.0	GLU:162	GLU	OE2	4.003357261093616				0.0	31.0	none_obvious			buried				0.0	0.0		unmodified	
P24941	3R1S	A	160	THR_mixed_with_TYR	1	3	1.8	THR	476		3	1-36,41-298	1-36,41-298	THR	/mnt/c/Users/drpat/OneDrive - UGent/Desktop/PD/Phospho-fill/Validation-allPDB/pdb_cache/3r1s.cif	THR	THR	OG1	CB	ok			-127.07482733258486	HIS:161	HIS	ND1	5.0148906634931905	0.0	1.0	GLU:162	GLU	OE2	3.1928155248558014	HOH:460	O	7.516363444740488	0.0	36.0	hbond_like			buried				0.0	0.0		unmodified	
P24941	3R1Y	A	160	THR_mixed_with_TYR	1	3	1.8	THR	477		3	1-36,41-298	1-36,41-298	THR	/mnt/c/Users/drpat/OneDrive - UGent/Desktop/PD/Phospho-fill/Validation-allPDB/pdb_cache/3r1y.cif	THR	THR	OG1	CB	ok			-124.64382441498199	HIS:161	HIS	ND1	6.09269709122472	0.0	0.0	GLU:162	GLU	OE2	2.7477652905197645	HOH:418	O	7.260595461469222	0.0	40.0	hbond_like			buried				0.0	0.0		unmodified	
P24941	3R28	A	160	THR_mixed_with_TYR	1	3	1.75	THR	478		3	1-36,41-298	1-36,41-298	THR	/mnt/c/Users/drpat/OneDrive - UGent/Desktop/PD/Phospho-fill/Validation-allPDB/pdb_cache/3r28.cif	THR	THR	OG1	CB	ok			-126.66536310627657	HIS:161	HIS	CE1	4.907162153039052	0.0	1.0	GLU:162	GLU	OE2	3.602392462037854	HOH:558	O	6.474025443746908	0.0	29.0	none_obvious			buried				0.0	0.0		unmodified	
P63086	3R63	A	183	THR_mixed_with_TYR	1	2	1.7	THR	913		2	4-9,15-329,333-358	4-9,15-329,333-358	THR	/mnt/c/Users/drpat/OneDrive - UGent/Desktop/PD/Phospho-fill/Validation-allPDB/pdb_cache/3r63.cif	THR	THR	OG1	CB	ok			123.88214552197554	LYS:201	LYS	CE	6.756408474694954	0.0	0.0	THR:179	THR	OG1	2.9727512112149856	HOH:389	O	3.5915168922024923	1.0	24.0	hbond_like			buried				0.0	0.0		unmodified	
P24941	3R6X	A	160	THR_mixed_with_TYR	1	3	1.75	THR	479		3	1-36,41-298	1-36,41-298	THR	/mnt/c/Users/drpat/OneDrive - UGent/Desktop/PD/Phospho-fill/Validation-allPDB/pdb_cache/3r6x.cif	THR	THR	OG1	CB	ok			-125.22625284203744	HIS:161	HIS	CD2	6.527447785375659	0.0	0.0	GLU:162	GLU	OE2	2.715378440865972	HOH:473	O	7.213121177865876	0.0	36.0	hbond_like			buried				0.0	0.0		unmodified	
P24941	3R71	A	160	THR_mixed_with_TYR	1	3	1.75	THR	480		3	1-36,41-298	1-36,41-298	THR	/mnt/c/Users/drpat/OneDrive - UGent/Desktop/PD/Phospho-fill/Validation-allPDB/pdb_cache/3r71.cif	THR	THR	OG1	CB	ok			-132.19670200611972	HIS:161	HIS	CD2	6.191253987461967	0.0	0.0	GLU:162	GLU	OE2	2.7276045887762774	HOH:626	O	6.4059688267331065	0.0	39.0	hbond_like			buried				0.0	0.0		unmodified	
P24941	3R73	A	160	THR_mixed_with_TYR	1	3	1.7	THR	481		3	1-36,41-298	1-36,41-298	THR	/mnt/c/Users/drpat/OneDrive - UGent/Desktop/PD/Phospho-fill/Validation-allPDB/pdb_cache/3r73.cif	THR	THR	OG1	CB	ok			-120.60044105030153	HIS:161	HIS	ND1	5.292095647334689	0.0	1.0	GLU:162	GLU	OE2	2.6441425764768187	HOH:390	O	7.636509195545081	0.0	39.0	hbond_like			buried				0.0	0.0		unmodified	
P24941	3R7E	A	160	THR_mixed_with_TYR	1	3	1.9	THR	482		3	1-36,41-298	1-36,41-298	THR	/mnt/c/Users/drpat/OneDrive - UGent/Desktop/PD/Phospho-fill/Validation-allPDB/pdb_cache/3r7e.cif	THR	THR	OG1	CB	ok			-125.03085283177133	HIS:161	HIS	CE1	4.3944964977622964	0.0	1.0	GLU:162	GLU	OE2	3.1637374398144873				0.0	32.0	hbond_like			buried				0.0	0.0		unmodified	
P24941	3R7V	A	160	THR_mixed_with_TYR	1	3	1.95	THR	483		3	1-36,41-298	1-36,41-298	THR	/mnt/c/Users/drpat/OneDrive - UGent/Desktop/PD/Phospho-fill/Validation-allPDB/pdb_cache/3r7v.cif	THR	THR	OG1	CB	ok			-126.88226530460882	HIS:161	HIS	CE1	4.557497275081076	0.0	1.0	GLU:12	GLU	OE2	3.685892004558237				0.0	32.0	none_obvious			buried				0.0	0.0		unmodified	
P24941	3R7Y	A	160	THR_mixed_with_TYR	1	3	1.9	THR	484		3	1-36,41-298	1-36,41-298	THR	/mnt/c/Users/drpat/OneDrive - UGent/Desktop/PD/Phospho-fill/Validation-allPDB/pdb_cache/3r7y.cif	THR	THR	OG1	CB	ok			-128.03259910411822	HIS:161	HIS	CD2	6.3018616276818955	0.0	0.0	GLU:162	GLU	OE1	2.545641390070107	HOH:409	O	7.399720637056414	0.0	40.0	hbond_like			buried				0.0	0.0		unmodified	
P24941	3R83	A	160	THR_mixed_with_TYR	1	3	1.75	THR	485		3	1-36,41-298	1-36,41-298	THR	/mnt/c/Users/drpat/OneDrive - UGent/Desktop/PD/Phospho-fill/Validation-allPDB/pdb_cache/3r83.cif	THR	THR	OG1	CB	ok			-120.94337681941842	HIS:161	HIS	CD2	6.243471584752939	0.0	0.0	GLU:162	GLU	OE2	2.7130924306882984	HOH:333	O	3.1220788958046635	1.0	39.0	hbond_like			buried				0.0	0.0		unmodified	
P24941	3R8L	A	160	THR_mixed_with_TYR	1	3	1.9	THR	486		3	1-36,41-298	1-36,41-298	THR	/mnt/c/Users/drpat/OneDrive - UGent/Desktop/PD/Phospho-fill/Validation-allPDB/pdb_cache/3r8l.cif	THR	THR	OG1	CB	ok			133.60446260250828	HIS:161	HIS	CD2	6.445485042918528	0.0	0.0	GLU:12	GLU	OE1	2.879271642943425				0.0	26.0	hbond_like			buried				0.0	0.0		unmodified	
P24941	3R8P	A	160	THR_mixed_with_TYR	1	3	1.8	THR	487		3	1-36,41-298	1-36,41-298	THR	/mnt/c/Users/drpat/OneDrive - UGent/Desktop/PD/Phospho-fill/Validation-allPDB/pdb_cache/3r8p.cif	THR	THR	OG1	CB	ok			-117.82556307003567	HIS:161	HIS	ND1	5.7228072637404015	0.0	1.0	THR:158	THR	OG1	2.8138693059563415	HOH:402	O	2.5322922727713895	3.0	40.0	hbond_like			exposed				0.0	0.0		unmodified	
P24941	3R8U	A	160	THR_mixed_with_TYR	1	3	2.0	THR	488		3	1-36,41-298	1-36,41-298	THR	/mnt/c/Users/drpat/OneDrive - UGent/Desktop/PD/Phospho-fill/Validation-allPDB/pdb_cache/3r8u.cif	THR	THR	OG1	CB	ok			-128.8997753046256	HIS:161	HIS	CD2	6.6099819824536485	0.0	0.0	GLU:162	GLU	OE2	3.010883328302303				0.0	30.0	hbond_like			buried				0.0	0.0		unmodified	
P24941	3R8V	A	160	THR_mixed_with_TYR	1	3	1.9	THR	489		3	1-36,41-298	1-36,41-298	THR	/mnt/c/Users/drpat/OneDrive - UGent/Desktop/PD/Phospho-fill/Validation-allPDB/pdb_cache/3r8v.cif	THR	THR	OG1	CB	ok			-117.601129935913	HIS:161	HIS	CD2	6.21192300310595	0.0	0.0	THR:158	THR	OG1	2.4979298594638544				0.0	34.0	hbond_like			buried				0.0	0.0		unmodified	
P24941	3R8Z	A	160	THR_mixed_with_TYR	1	2	1.85	THR	490		3	1-36,41-155,160-298	1-36,41-155,160-298	THR	/mnt/c/Users/drpat/OneDrive - UGent/Desktop/PD/Phospho-fill/Validation-allPDB/pdb_cache/3r8z.cif	THR	THR	OG1	CB	ok			-120.20352989567706	HIS:161	HIS	ND1	2.6489675935954806	1.0	1.0	HIS:161	HIS	ND1	2.6489675935954806				0.0	10.0	salt_bridge_like			intermediate				0.0	0.0		unmodified	
P24941	3R9D	A	160	THR_mixed_with_TYR	1	3	1.95	THR	491		3	1-36,41-298	1-36,41-298	THR	/mnt/c/Users/drpat/OneDrive - UGent/Desktop/PD/Phospho-fill/Validation-allPDB/pdb_cache/3r9d.cif	THR	THR	OG1	CB	ok			-126.22928123638002	HIS:161	HIS	CE1	4.6796421384222135	0.0	1.0	GLU:162	GLU	OE2	2.613041775428169	HOH:367	O	7.8389828896911276	0.0	31.0	hbond_like			buried				0.0	0.0		unmodified	
P24941	3R9H	A	160	THR_mixed_with_TYR	1	3	2.1	THR	492		3	1-36,41-298	1-36,41-298	THR	/mnt/c/Users/drpat/OneDrive - UGent/Desktop/PD/Phospho-fill/Validation-allPDB/pdb_cache/3r9h.cif	THR	THR	OG1	CB	ok			-133.39046258411392	HIS:161	HIS	ND1	5.274084695923935	0.0	1.0	GLU:162	GLU	OE2	2.7582575481559672				0.0	29.0	hbond_like			buried				0.0	0.0		unmodified	
P24941	3RAI	A	160	THR_mixed_with_TYR	1	3	1.7	THR	493		3	1-36,41-298	1-36,41-298	THR	/mnt/c/Users/drpat/OneDrive - UGent/Desktop/PD/Phospho-fill/Validation-allPDB/pdb_cache/3rai.cif	THR	THR	OG1	CB	ok			-123.96237808920017	HIS:161	HIS	ND1	5.3271720570302685	0.0	1.0	GLU:162	GLU	OE2	2.708592613445429				0.0	40.0	hbond_like			buried				0.0	0.0		unmodified	
Q16539	3RIN	A	180	THR_mixed_with_TYR	1	2	2.2	THR	1058		2	4-352	4-352	THR	/mnt/c/Users/drpat/OneDrive - UGent/Desktop/PD/Phospho-fill/Validation-allPDB/pdb_cache/3rin.cif	THR	THR	OG1	CB	ok			113.20432850350225	HIS:228	HIS	CE1	4.757698253730929	0.0	1.0	ASP:177	ASP	OD1	4.706146571477873	HOH:564	O	4.919237556580222	0.0	26.0	none_obvious			buried				0.0	0.0		unmodified	
P24941	3RJC	A	160	THR_mixed_with_TYR	1	3	1.85	THR	494		3	1-36,41-298	1-36,41-298	THR	/mnt/c/Users/drpat/OneDrive - UGent/Desktop/PD/Phospho-fill/Validation-allPDB/pdb_cache/3rjc.cif	THR	THR	OG1	CB	ok			-132.05823119565383	HIS:161	HIS	CE1	4.642764672919953	0.0	1.0	GLU:12	GLU	OE2	3.4728305172658174				0.0	28.0	hbond_like			buried				0.0	0.0		unmodified	
P24941	3RK5	A	160	THR_mixed_with_TYR	1	3	2.0	THR	495		3	1-36,41-298	1-36,41-298	THR	/mnt/c/Users/drpat/OneDrive - UGent/Desktop/PD/Phospho-fill/Validation-allPDB/pdb_cache/3rk5.cif	THR	THR	OG1	CB	ok			-130.97592891200168	HIS:161	HIS	ND1	4.562055359688318	0.0	1.0	GLU:162	GLU	OE2	3.9510354807485006				0.0	29.0	none_obvious			buried				0.0	0.0		unmodified	
P24941	3RK7	A	160	THR_mixed_with_TYR	1	3	1.8	THR	496		3	1-36,41-298	1-36,41-298	THR	/mnt/c/Users/drpat/OneDrive - UGent/Desktop/PD/Phospho-fill/Validation-allPDB/pdb_cache/3rk7.cif	THR	THR	OG1	CB	ok			-134.18487824152578	HIS:161	HIS	CE1	4.708878816124788	0.0	1.0	GLU:162	GLU	OE2	3.7266894710766203				0.0	29.0	none_obvious			buried				0.0	0.0		unmodified	
P24941	3RK9	A	160	THR_mixed_with_TYR	1	3	1.85	THR	497		3	1-36,41-298	1-36,41-298	THR	/mnt/c/Users/drpat/OneDrive - UGent/Desktop/PD/Phospho-fill/Validation-allPDB/pdb_cache/3rk9.cif	THR	THR	OG1	CB	ok			-125.28980215763939	HIS:161	HIS	CE1	4.3651375351128685	0.0	1.0	GLU:162	GLU	OE2	3.625520360046935				0.0	28.0	none_obvious			buried				0.0	0.0		unmodified	
P24941	3RKB	A	160	THR_mixed_with_TYR	1	3	2.0	THR	498		3	1-36,41-298	1-36,41-298	THR	/mnt/c/Users/drpat/OneDrive - UGent/Desktop/PD/Phospho-fill/Validation-allPDB/pdb_cache/3rkb.cif	THR	THR	OG1	CB	ok			-109.79962081862713	HIS:161	HIS	ND1	5.87458683550017	0.0	1.0	GLU:162	GLU	OE2	5.377007702429192	HOH:406	O	5.455078289534653	0.0	22.0	none_obvious			intermediate				0.0	0.0		unmodified	
P24941	3RM6	A	160	THR_mixed_with_TYR	1	2	1.6	THR	499		3	1-14,16-36,41-298	1-14,16-36,41-298	THR	/mnt/c/Users/drpat/OneDrive - UGent/Desktop/PD/Phospho-fill/Validation-allPDB/pdb_cache/3rm6.cif	THR	THR	OG1	CB	ok			-121.92255238407235	HIS:161	HIS	ND1	5.726007959436602	0.0	1.0	GLU:12	GLU	OE1	3.3249941448261877	HOH:367	O	7.194284211689103	0.0	36.0	hbond_like			buried				0.0	0.0		unmodified	
P24941	3RM7	A	160	THR_mixed_with_TYR	1	3	1.85	THR	500		3	1-36,41-298	1-36,41-298	THR	/mnt/c/Users/drpat/OneDrive - UGent/Desktop/PD/Phospho-fill/Validation-allPDB/pdb_cache/3rm7.cif	THR	THR	OG1	CB	ok			-124.50221855854808	HIS:161	HIS	CE1	4.47398916948362	0.0	1.0	GLU:162	GLU	OE2	3.096286175282447	HOH:628	O	6.052836079718339	0.0	30.0	hbond_like			buried				0.0	0.0		unmodified	
P24941	3RNI	A	160	THR_mixed_with_TYR	1	3	1.95	THR	501		3	1-36,41-298	1-36,41-298	THR	/mnt/c/Users/drpat/OneDrive - UGent/Desktop/PD/Phospho-fill/Validation-allPDB/pdb_cache/3rni.cif	THR	THR	OG1	CB	ok			-125.59186128498078	HIS:161	HIS	ND1	6.001185728348275	0.0	0.0	GLU:12	GLU	OE1	2.7483360617004227				0.0	37.0	hbond_like			buried				0.0	0.0		unmodified	
P24941	3ROY	A	160	THR_mixed_with_TYR	1	3	1.75	THR	502		3	1-36,41-298	1-36,41-298	THR	/mnt/c/Users/drpat/OneDrive - UGent/Desktop/PD/Phospho-fill/Validation-allPDB/pdb_cache/3roy.cif	THR	THR	OG1	CB	ok			-123.27913025071413	HIS:161	HIS	ND1	5.577087893402037	0.0	1.0	GLU:162	GLU	OE2	3.083543885236977	HOH:404	O	7.907238586913953	0.0	39.0	hbond_like			buried				0.0	0.0		unmodified	
P24941	3RPO	A	160	THR_mixed_with_TYR	1	3	1.75	THR	503		3	1-36,41-298	1-36,41-298	THR	/mnt/c/Users/drpat/OneDrive - UGent/Desktop/PD/Phospho-fill/Validation-allPDB/pdb_cache/3rpo.cif	THR	THR	OG1	CB	ok			-129.31029104202437	HIS:161	HIS	CD2	6.142993297230035	0.0	0.0	GLU:162	GLU	OE1	2.559617735290448	HOH:602	O	5.068490693064972	0.0	38.0	hbond_like			buried				0.0	0.0		unmodified	
P24941	3RPV	A	160	THR_mixed_with_TYR	1	3	1.8	THR	504		3	1-36,41-298	1-36,41-298	THR	/mnt/c/Users/drpat/OneDrive - UGent/Desktop/PD/Phospho-fill/Validation-allPDB/pdb_cache/3rpv.cif	THR	THR	OG1	CB	ok			-144.87114173880641	HIS:161	HIS	CE1	4.912116670004687	0.0	1.0	GLU:162	GLU	OE2	3.4117829351616074				0.0	25.0	hbond_like			buried				0.0	0.0		unmodified	
P24941	3S00	A	160	THR_mixed_with_TYR	1	3	1.8	THR	505		3	1-36,41-298	1-36,41-298	THR	/mnt/c/Users/drpat/OneDrive - UGent/Desktop/PD/Phospho-fill/Validation-allPDB/pdb_cache/3s00.cif	THR	THR	OG1	CB	ok			-121.220783945364	HIS:161	HIS	CD2	6.401012595066651	0.0	0.0	THR:158	THR	OG1	2.60305287450459				0.0	39.0	hbond_like			buried				0.0	0.0		unmodified	
P24941	3S0O	A	160	THR_mixed_with_TYR	1	3	2.0	THR	506		3	1-37,41-146,149-298	1-37,41-146,149-298	THR	/mnt/c/Users/drpat/OneDrive - UGent/Desktop/PD/Phospho-fill/Validation-allPDB/pdb_cache/3s0o.cif	THR	THR	OG1	CB	ok			-129.76499476301598	HIS:161	HIS	CE1	5.161293233551149	0.0	1.0	GLU:12	GLU	OE2	2.9833899409384634				0.0	36.0	hbond_like			buried				0.0	0.0		unmodified	
Q16539	3S3I	A	180	THR_mixed_with_TYR	1	2	1.8	THR	1059		2	4-352	4-352	THR	/mnt/c/Users/drpat/OneDrive - UGent/Desktop/PD/Phospho-fill/Validation-allPDB/pdb_cache/3s3i.cif	THR	THR	OG1	CB	ok			119.60084702323925	HIS:228	HIS	CE1	4.739417445990245	0.0	1.0	ASP:177	ASP	OD1	4.785051267985115	HOH:510	O	6.190803139533921	0.0	27.0	none_obvious			buried				0.0	0.0		unmodified	
P53667	3S95	A	508	THR_single	1	1	1.65	THR	894		1	330-486,507-637	330-486,507-637	THR	/mnt/c/Users/drpat/OneDrive - UGent/Desktop/PD/Phospho-fill/Validation-allPDB/pdb_cache/3s95.cif	THR	THR	OG1	CB	ok			-126.06065275887768	ARG:459	ARG	NH1	3.0942802515525787	1.0	2.0	ARG:459	ARG	NH1	3.0942802515525787	HOH:693	O	2.869888798820747	1.0	22.0	salt_bridge_like			intermediate				0.0	0.0		unmodified	
P28482	3SA0	A	185	THR_mixed_with_TYR	1	2	1.5947	THR	572		2	4-360	4-360	THR	/mnt/c/Users/drpat/OneDrive - UGent/Desktop/PD/Phospho-fill/Validation-allPDB/pdb_cache/3sa0.cif	THR	THR	OG1	CB	ok			116.06234351334491	LYS:203	LYS	CE	7.105847124085302	0.0	0.0	THR:181	THR	OG1	2.859614764330115	HOH:374	O	3.5082219869968596	2.0	24.0	hbond_like			exposed				0.0	0.0		unmodified	
P49841	3SAY	A	277	THR_single	1	1	2.231	THR	850		3	35-288,291-384	35-288,291-384	THR	/mnt/c/Users/drpat/OneDrive - UGent/Desktop/PD/Phospho-fill/Validation-allPDB/pdb_cache/3say.cif	THR	THR	OG1	CB	ok			-116.41205368404191					0.0	0.0	GLN:280	GLN	OE1	3.3549740506212893	HOH:506	O	7.07964434104763	0.0	23.0	hbond_like			intermediate	PTR:216	PTR	25.882512796537036	0.0	0.0		unmodified	
Q9NZQ7	3SBW	C	127	THR_single	1	1	2.28	THR	1144		1	19-184,189-229	19-184,189-229	THR	/mnt/c/Users/drpat/OneDrive - UGent/Desktop/PD/Phospho-fill/Validation-allPDB/pdb_cache/3sbw.cif	THR	THR	OG1	CB	ok			111.3158719420001	LYS:129	LYS	NZ	5.80893235183125	0.0	1.0	LYS:129	LYS	NZ	5.80893235183125	HOH:265	O	3.391031714311124	1.0	24.0	water_mediated_like			buried				0.0	0.0		unmodified	
P24941	3SQQ	A	160	THR_mixed_with_TYR	1	3	1.85	THR	507		3	1-36,41-150,157-298	1-36,41-150,157-298	THR	/mnt/c/Users/drpat/OneDrive - UGent/Desktop/PD/Phospho-fill/Validation-allPDB/pdb_cache/3sqq.cif	THR	THR	OG1	CB	ok			-127.12555041704111	HIS:161	HIS	ND1	2.751551168221331	1.0	1.0	HIS:161	HIS	ND1	2.751551168221331				0.0	21.0	salt_bridge_like			intermediate				0.0	0.0		unmodified	
P24941	3TI1	A	160	THR_mixed_with_TYR	1	3	1.99	THR	508		3	1-36,41-298	1-36,41-298	THR	/mnt/c/Users/drpat/OneDrive - UGent/Desktop/PD/Phospho-fill/Validation-allPDB/pdb_cache/3ti1.cif	THR	THR	OG1	CB	ok			-125.00329146368698	HIS:161	HIS	NE2	3.7965154281836373	1.0	1.0	HIS:161	HIS	NE2	3.7965154281836373				0.0	28.0	none_obvious			buried				0.0	0.0		unmodified	
P24941	3TIY	A	160	THR_mixed_with_TYR	1	3	1.84	THR	509		3	2-36,41-298	2-36,41-298	THR	/mnt/c/Users/drpat/OneDrive - UGent/Desktop/PD/Phospho-fill/Validation-allPDB/pdb_cache/3tiy.cif	THR	THR	OG1	CB	ok			142.82882277199337	ARG:36	ARG	NH2	4.286661848757036	0.0	2.0	ARG:36	ARG	NH2	4.286661848757036				0.0	19.0	none_obvious			intermediate				0.0	0.0		unmodified	
P24941	3TIZ	A	160	THR_mixed_with_TYR	1	3	2.02	THR	510		3	2-36,41-298	2-36,41-298	THR	/mnt/c/Users/drpat/OneDrive - UGent/Desktop/PD/Phospho-fill/Validation-allPDB/pdb_cache/3tiz.cif	THR	THR	OG1	CB	ok			-132.38511042356342	HIS:161	HIS	NE2	4.194618053273832	0.0	2.0	HIS:161	HIS	NE2	4.194618053273832				0.0	19.0	none_obvious			intermediate				0.0	0.0		unmodified	
Q94F62	3TL8	A	312	THR_mixed_with_SER	2	3	2.5	THR	1098		7	273-576	273-576	THR,THR	/mnt/c/Users/drpat/OneDrive - UGent/Desktop/PD/Phospho-fill/Validation-allPDB/pdb_cache/3tl8.cif	THR	THR	OG1	CB	ok			113.88281640737517	ARG:350	ARG	NE	5.705918359053142	0.0	1.0	ASP:310	ASP	OD1	2.479493514332432				0.0	20.0	hbond_like			intermediate	TPO:324	TPO	31.449549789590066	0.0	0.0		unmodified	
Q94F62	3TL8	A	455	THR_mixed_with_SER	2	3	2.5	THR	1098		7	273-576	273-576	THR,THR	/mnt/c/Users/drpat/OneDrive - UGent/Desktop/PD/Phospho-fill/Validation-allPDB/pdb_cache/3tl8.cif	THR	THR	OG1	CB	ok			110.7849718429737	LYS:418	LYS	NZ	2.7978833302764947	1.0	2.0	LYS:418	LYS	NZ	2.7978833302764947	HOH:119	O	6.6050431943025725	0.0	22.0	salt_bridge_like			intermediate	TPO:324	TPO	14.639013227702929	0.0	0.0		unmodified	
P61006	3TNF	A	72	THR_mixed_with_SER	1	2	2.5	THR	899		2	6-175	6-175	THR	/mnt/c/Users/drpat/OneDrive - UGent/Desktop/PD/Phospho-fill/Validation-allPDB/pdb_cache/3tnf.cif	THR	THR	OG1	CB	ok			129.1249778274372					0.0	0.0	THR:74	THR	OG1	7.809385281642051	HOH:182	O	2.462521020353201	1.0	15.0	water_mediated_like			intermediate				0.0	0.0		unmodified	
Q818Z9	3TX0	A	85	THR_single	1	1	2.26	THR	1082		1	2-392	2-392	THR	/mnt/c/Users/drpat/OneDrive - UGent/Desktop/PD/Phospho-fill/Validation-allPDB/pdb_cache/3tx0.cif	THR	THR	OG1	CB	ok			112.99061788116181	HIS:328	HIS	NE2	3.2798441643586864	2.0	3.0	ASP:156	ASP	OD1	2.424354661188534				0.0	38.0	salt_bridge_like			buried				0.0	0.0		unmodified	
Q16539	3U8W	A	180	THR_mixed_with_TYR	1	2	2.15	THR	1060		2	4-352	4-352	THR	/mnt/c/Users/drpat/OneDrive - UGent/Desktop/PD/Phospho-fill/Validation-allPDB/pdb_cache/3u8w.cif	THR	THR	OG1	CB	ok			123.2782884138803	HIS:228	HIS	CE1	5.183006447086172	0.0	1.0	ASP:177	ASP	OD2	4.468526396615544				0.0	25.0	none_obvious			buried				0.0	0.0		unmodified	
P24941	3UNJ	A	160	THR_mixed_with_TYR	1	3	1.9001	THR	511		3	1-36,41-298	1-36,41-298	THR	/mnt/c/Users/drpat/OneDrive - UGent/Desktop/PD/Phospho-fill/Validation-allPDB/pdb_cache/3unj.cif	THR	THR	OG1	CB	ok			-113.99807503430728	ARG:36	ARG	NH1	3.529875118309311	1.0	2.0	ARG:36	ARG	NH1	3.529875118309311	HOH:471	O	4.241225287530697	0.0	25.0	none_obvious			buried				0.0	0.0		unmodified	
P24941	3UNK	A	160	THR_mixed_with_TYR	1	3	2.1	THR	512		3	1-36,40-298	1-36,40-298	THR	/mnt/c/Users/drpat/OneDrive - UGent/Desktop/PD/Phospho-fill/Validation-allPDB/pdb_cache/3unk.cif	THR	THR	OG1	CB	ok			-128.43656438032735	HIS:161	HIS	CD2	5.621397969426518	0.0	1.0	TYR:159	TYR	OH	4.816760402954738				0.0	19.0	none_obvious			intermediate				0.0	0.0		unmodified	
O14965	3UO4	A	288	THR_mixed_with_ASP	1	2	2.45	THR	22		2	124-389	124-389	THR	/mnt/c/Users/drpat/OneDrive - UGent/Desktop/PD/Phospho-fill/Validation-allPDB/pdb_cache/3uo4.cif	THR	THR	OG1	CB	ok			119.00609030363785	ARG:286	ARG	NE	7.98442992949905	0.0	0.0	ASP:287	ASP	OD2	7.462275044534321				0.0	8.0	none_obvious			intermediate				0.0	0.0		unmodified	
O14965	3UOL	A	288	THR_mixed_with_ASP	1	2	2.4	THR	23		2	127-389	127-389	THR	/mnt/c/Users/drpat/OneDrive - UGent/Desktop/PD/Phospho-fill/Validation-allPDB/pdb_cache/3uol.cif	THR	THR	OG1	CB	ok			-121.00648574605991	ARG:285	ARG	NH1	3.6659653895822952	1.0	1.0	ARG:285	ARG	NH1	3.6659653895822952	HOH:73	O	7.152757553560226	0.0	26.0	none_obvious			buried				0.0	0.0		unmodified	
O14965	3UP2	A	288	THR_mixed_with_ASP	1	2	2.3001	THR	24		2	124-389	124-389	THR	/mnt/c/Users/drpat/OneDrive - UGent/Desktop/PD/Phospho-fill/Validation-allPDB/pdb_cache/3up2.cif	THR	THR	OG1	CB	ok			-178.9154156148514	ARG:286	ARG	NE	7.355015300761921	0.0	0.0	ASP:287	ASP	OD1	5.9562865431744				0.0	9.0	none_obvious			intermediate				0.0	0.0		unmodified	
P48730	3UYS	C	220	THR_single	1	1	2.3	THR	771		2	4-18,20-159,164-294	4-18,20-159,164-294	THR	/mnt/c/Users/drpat/OneDrive - UGent/Desktop/PD/Phospho-fill/Validation-allPDB/pdb_cache/3uys.cif	THR	THR	OG1	CB	ok			-123.53062928106952					0.0	0.0					HOH:809	O	4.62608600855192	0.0	22.0	none_obvious			intermediate				0.0	0.0		unmodified	
P48730	3UYT	A	220	THR_single	1	1	2.0	THR	772		2	5-43,47-294	5-43,47-294	THR	/mnt/c/Users/drpat/OneDrive - UGent/Desktop/PD/Phospho-fill/Validation-allPDB/pdb_cache/3uyt.cif	THR	THR	OG1	CB	ok			144.99422125612304					0.0	0.0	GLN:223	GLN	NE2	2.423325589618475				0.0	22.0	hbond_like			intermediate				0.0	0.0		unmodified	
P48730	3UZP	A	220	THR_single	1	1	1.94	THR	773		2	3-294	3-294	THR	/mnt/c/Users/drpat/OneDrive - UGent/Desktop/PD/Phospho-fill/Validation-allPDB/pdb_cache/3uzp.cif	THR	THR	OG1	CB	ok			-118.6966496252406					0.0	0.0								0.0	23.0	none_obvious			intermediate				0.0	0.0		unmodified	
P33981	3VQU	A	686	THR_single	1	1	2.4	THR	681		4	516-558,560-674,685-699,711-795	516-558,560-674,685-699,711-795	THR	/mnt/c/Users/drpat/OneDrive - UGent/Desktop/PD/Phospho-fill/Validation-allPDB/pdb_cache/3vqu.cif	THR	THR	OG1	CB	ok			9.579051482030795	LYS:743	LYS	NZ	4.826792110181984	0.0	1.0	ASN:688	ASN	ND2	3.5432192332922514	HOH:1108	O	6.253294386237961	0.0	24.0	none_obvious			buried				0.0	0.0		unmodified	
Q99683	3VW6	A	838	THR_single	1	1	2.4	THR	1114		2	671-713,720-829,838-939	671-713,720-829,838-939	THR	/mnt/c/Users/drpat/OneDrive - UGent/Desktop/PD/Phospho-fill/Validation-allPDB/pdb_cache/3vw6.cif	THR				missing_anchor_or_base																														
D3KVM3	3WXK	A	12	THR_only_multi_2	2	2	2.37	THR	4		2	1-511	1-511	THR,THR	/mnt/c/Users/drpat/OneDrive - UGent/Desktop/PD/Phospho-fill/Validation-allPDB/pdb_cache/3wxk.cif	THR	THR	OG1	CB	ok			-112.20527124218131	HIS:33	HIS	CE1	6.518061477837885	0.0	0.0	SER:13	SER	OG	4.492324040956226	HOH:718	O	6.910081242929096	0.0	14.0	none_obvious			intermediate				0.0	0.0		unmodified	
D3KVM3	3WXK	A	276	THR_only_multi_2	2	2	2.37	THR	4		2	1-511	1-511	THR,THR	/mnt/c/Users/drpat/OneDrive - UGent/Desktop/PD/Phospho-fill/Validation-allPDB/pdb_cache/3wxk.cif	THR	THR	OG1	CB	ok			-167.58530917053915					0.0	0.0					HOH:751	O	5.864190072166028	0.0	17.0	none_obvious			intermediate				0.0	0.0		unmodified	
D3KVM3	3WXL	A	12	THR_only_multi_2	2	2	1.9	THR	5		2	1-511	1-511	THR,THR	/mnt/c/Users/drpat/OneDrive - UGent/Desktop/PD/Phospho-fill/Validation-allPDB/pdb_cache/3wxl.cif	THR	THR	OG1	CB	ok			-112.86923662610096	HIS:33	HIS	CE1	6.108276942408823	0.0	0.0	SER:13	SER	OG	4.21744600113189	HOH:864	O	4.9186786728189755	0.0	23.0	none_obvious			intermediate				0.0	0.0		unmodified	
D3KVM3	3WXL	A	276	THR_only_multi_2	2	2	1.9	THR	5		2	1-511	1-511	THR,THR	/mnt/c/Users/drpat/OneDrive - UGent/Desktop/PD/Phospho-fill/Validation-allPDB/pdb_cache/3wxl.cif	THR	THR	OG1	CB	ok			120.40437533996202					0.0	0.0					HOH:758	O	5.237306388934209	0.0	22.0	none_obvious			intermediate				0.0	0.0		unmodified	
P33981	3WZK	A	686	THR_single	1	1	2.3	THR	682		4	516-674,685-699,711-794	516-674,685-699,711-794	THR	/mnt/c/Users/drpat/OneDrive - UGent/Desktop/PD/Phospho-fill/Validation-allPDB/pdb_cache/3wzk.cif	THR	THR	OG1	CB	ok			-10.343945282116751	LYS:649	LYS	CE	6.740997443634853	0.0	0.0	ASN:688	ASN	ND2	3.542068666569125	HOH:1009	O	7.0359279899226	0.0	25.0	none_obvious			buried				0.0	0.0		unmodified	
P49841	3ZRK	B	277	THR_single	1	1	2.37	THR	851		3	36-384	36-384	THR	/mnt/c/Users/drpat/OneDrive - UGent/Desktop/PD/Phospho-fill/Validation-allPDB/pdb_cache/3zrk.cif	THR	THR	OG1	CB	ok			-117.50664374672643					0.0	0.0	GLN:280	GLN	OE1	3.360688890090785	HOH:2073	O	3.9945818161239006	1.0	24.0	hbond_like			buried	PTR:216	PTR	25.7963508892516	0.0	0.0		unmodified	
P49841	3ZRL	B	277	THR_single	1	1	2.48	THR	852		3	36-384	36-384	THR	/mnt/c/Users/drpat/OneDrive - UGent/Desktop/PD/Phospho-fill/Validation-allPDB/pdb_cache/3zrl.cif	THR	THR	OG1	CB	ok			-117.88055404726462					0.0	0.0	GLN:280	GLN	OE1	3.1492638443781464	HOH:2066	O	4.974227327746228	0.0	24.0	hbond_like			buried	PTR:216	PTR	25.88934504665508	0.0	0.0		unmodified	
P49841	3ZRM	B	277	THR_single	1	1	2.49	THR	853		3	36-384	36-384	THR	/mnt/c/Users/drpat/OneDrive - UGent/Desktop/PD/Phospho-fill/Validation-allPDB/pdb_cache/3zrm.cif	THR	THR	OG1	CB	ok			-113.12499971534132					0.0	0.0	GLN:280	GLN	OE1	3.451433030175331	HOH:2063	O	5.031996313467143	0.0	24.0	hbond_like			buried	PTR:216	PTR	25.785891589766244	0.0	0.0		unmodified	
P63086	3ZU7	A	183	THR_mixed_with_TYR	1	2	1.97	THR	914		2	10-353	10-353	THR	/mnt/c/Users/drpat/OneDrive - UGent/Desktop/PD/Phospho-fill/Validation-allPDB/pdb_cache/3zu7.cif	THR	THR	OG1	CB	ok			-121.00924243230854	ARG:146	ARG	NH2	6.6910139041377805	0.0	0.0	THR:61	THR	OG1	4.033235228044548	HOH:2104	O	6.778924675488246	0.0	19.0	none_obvious			intermediate				0.0	0.0		unmodified	
Q16539	4AA4	A	180	THR_mixed_with_TYR	1	2	2.3	THR	1061		2	5-117,122-355	5-117,122-355	THR	/mnt/c/Users/drpat/OneDrive - UGent/Desktop/PD/Phospho-fill/Validation-allPDB/pdb_cache/4aa4.cif	THR	THR	OG1	CB	ok			-113.17919369552116	ARG:70	ARG	NH1	4.845269203368653	0.0	1.0	TYR:35	TYR	OH	3.585851549886406	HOH:2002	O	3.620815436426392	1.0	38.0	none_obvious			buried				0.0	0.0		unmodified	
Q16539	4AA5	A	180	THR_mixed_with_TYR	1	2	2.38	THR	1062		2	5-117,122-175,179-352	5-117,122-175,179-352	THR	/mnt/c/Users/drpat/OneDrive - UGent/Desktop/PD/Phospho-fill/Validation-allPDB/pdb_cache/4aa5.cif	THR	THR	OG1	CB	ok			-121.93357376241377	ARG:70	ARG	NH1	4.7561755896119315	0.0	2.0	TYR:35	TYR	OH	3.6341688884863523	HOH:2004	O	3.767169071740597	1.0	38.0	none_obvious			buried				0.0	0.0		unmodified	
Q16539	4AAC	A	180	THR_mixed_with_TYR	1	2	2.5	THR	1063		2	5-116,122-359	5-116,122-359	THR	/mnt/c/Users/drpat/OneDrive - UGent/Desktop/PD/Phospho-fill/Validation-allPDB/pdb_cache/4aac.cif	THR	THR	OG1	CB	ok			-109.01715330180001	ARG:70	ARG	NH1	5.04506970030404	0.0	1.0	TYR:35	TYR	OH	3.444691798347421	HOH:2016	O	3.6810884069124183	1.0	36.0	hbond_like			buried				0.0	0.0		unmodified	
P49841	4ACC	A	277	THR_mixed_with_TYR	1	2	2.21	THR	854		3	35-385	35-385	THR	/mnt/c/Users/drpat/OneDrive - UGent/Desktop/PD/Phospho-fill/Validation-allPDB/pdb_cache/4acc.cif	THR	THR	OG1	CB	ok			-107.88260720946207	ARG:278	ARG	NE	7.977248720046895	0.0	0.0	GLN:280	GLN	OE1	3.4492291090854414	HOH:2200	O	3.488846214225738	1.0	25.0	hbond_like			buried				0.0	0.0		unmodified	
P49841	4AFJ	B	277	THR_single	1	1	1.98	THR	855		3	34-89,94-384	34-89,94-384	THR	/mnt/c/Users/drpat/OneDrive - UGent/Desktop/PD/Phospho-fill/Validation-allPDB/pdb_cache/4afj.cif	THR	THR	OG1	CB	ok			-119.38768371146762					0.0	0.0	GLN:280	GLN	OE1	3.479194594001562	HOH:2110	O	2.647019106741468	2.0	24.0	hbond_like			exposed	PTR:216	PTR	25.81236250736579	0.0	0.0		unmodified	
O96013	4APP	A	562	THR_single	1	1	2.2	THR	126		2	300-591	300-591	THR	/mnt/c/Users/drpat/OneDrive - UGent/Desktop/PD/Phospho-fill/Validation-allPDB/pdb_cache/4app.cif	THR	THR	OG1	CB	ok			-116.89443243225158	HIS:432	HIS	ND1	7.384740634030759	0.0	0.0	GLU:565	GLU	OE1	3.400846051571447	HOH:2161	O	3.2084931255675975	2.0	24.0	hbond_like			exposed	SEP:474	SEP	22.324932601056776	0.0	0.0		unmodified	
O94804	4BC6	A	185	THR_only_multi_2	2	2	2.2	THR	113		3	24-187,196-316	24-187,196-316	THR,THR	/mnt/c/Users/drpat/OneDrive - UGent/Desktop/PD/Phospho-fill/Validation-allPDB/pdb_cache/4bc6.cif	THR				missing_anchor_or_base																														
O94804	4BC6	A	208	THR_only_multi_2	2	2	2.2	THR	113		3	24-187,196-316	24-187,196-316	THR,THR	/mnt/c/Users/drpat/OneDrive - UGent/Desktop/PD/Phospho-fill/Validation-allPDB/pdb_cache/4bc6.cif	THR				missing_anchor_or_base																														
P33981	4C4J	A	675	THR_single	1	1	2.5	THR	683		4	519-675,684-699,709-794	519-675,684-699,709-794	THR	/mnt/c/Users/drpat/OneDrive - UGent/Desktop/PD/Phospho-fill/Validation-allPDB/pdb_cache/4c4j.cif	THR	THR	OG1	CB	ok			127.08383051927416					0.0	0.0	ASP:674	ASP	OD1	7.383383268335538				0.0	7.0	none_obvious			intermediate	TPO:686	TPO	15.646024272297833	0.0	0.0		unmodified	
O14965	4CEG	A	287	THR_single	1	1	2.1	THR	25		2	127-391	127-391	THR	/mnt/c/Users/drpat/OneDrive - UGent/Desktop/PD/Phospho-fill/Validation-allPDB/pdb_cache/4ceg.cif	THR	THR	OG1	CB	ok			130.11933217487996	HIS:176	HIS	CE1	3.2516731604196925	1.0	2.0	HIS:176	HIS	NE2	3.423787280828145	HOH:2011	O	7.768080611724668	0.0	30.0	salt_bridge_like			buried	TPO:288	TPO	6.74582002063228	1.0	1.0	TPO:288@6.75	unmodified	
P33981	4D2S	A	686	THR_single	1	1	2.5	THR	684		4	513-616,619-668,686-698,712-793	513-616,619-668,686-698,712-793	THR	/mnt/c/Users/drpat/OneDrive - UGent/Desktop/PD/Phospho-fill/Validation-allPDB/pdb_cache/4d2s.cif	THR	THR	OG1	CB	ok			7.007484365607171	LYS:743	LYS	NZ	5.823006352708916	0.0	1.0	ASN:688	ASN	ND2	2.9603900354454007				0.0	18.0	hbond_like			intermediate				0.0	0.0		unmodified	
O14965	4DEA	A	288	THR_mixed_with_ASP	1	2	2.45	THR	26		2	124-389	124-389	THR	/mnt/c/Users/drpat/OneDrive - UGent/Desktop/PD/Phospho-fill/Validation-allPDB/pdb_cache/4dea.cif	THR	THR	OG1	CB	ok			-121.1166988244547	ARG:286	ARG	NH1	6.650993341872757	0.0	0.0	CYS:290	CYS	SG	3.9423358052151647	HOH:664	O	6.861189753050276	0.0	11.0	none_obvious			intermediate				0.0	0.0		unmodified	
O14965	4DEE	A	288	THR_mixed_with_ASP	1	2	2.3	THR	27		2	124-394	124-394	THR	/mnt/c/Users/drpat/OneDrive - UGent/Desktop/PD/Phospho-fill/Validation-allPDB/pdb_cache/4dee.cif	THR	THR	OG1	CB	ok			-122.23587970498676	ARG:285	ARG	NH2	6.696747240085298	0.0	0.0	CYS:290	CYS	SG	4.559087449942018	HOH:687	O	6.136326992392428	0.0	10.0	none_obvious			intermediate				0.0	0.0		unmodified	
P31749	4EJN	A	308	THR_single	1	1	2.19	THR	670		3	4-42,50-109,144-187,201-301,307-438	4-42,50-109,144-187,201-301,307-438	THR	/mnt/c/Users/drpat/OneDrive - UGent/Desktop/PD/Phospho-fill/Validation-allPDB/pdb_cache/4ejn.cif	THR	THR	OG1	CB	ok			30.97369316914187					0.0	0.0					HOH:688	O	5.2225551117191165	0.0	18.0	none_obvious			intermediate				0.0	0.0		unmodified	
P24941	4EK3	A	160	THR_mixed_with_TYR	1	3	1.34	THR	513		3	1-36,45-296	1-36,45-296	THR	/mnt/c/Users/drpat/OneDrive - UGent/Desktop/PD/Phospho-fill/Validation-allPDB/pdb_cache/4ek3.cif	THR	THR	OG1	CB	ok			-117.21825435420222	HIS:161	HIS	CD2	6.184894438895322	0.0	0.0	THR:158	THR	OG1	2.8315462948528363	HOH:366	O	3.0492392202795213	1.0	37.0	hbond_like			buried				0.0	0.0		unmodified	
P24941	4EK4	A	160	THR_mixed_with_TYR	1	3	1.26	THR	514		3	1-35,45-296	1-35,45-296	THR	/mnt/c/Users/drpat/OneDrive - UGent/Desktop/PD/Phospho-fill/Validation-allPDB/pdb_cache/4ek4.cif	THR	THR	OG1	CB	ok			-118.9539898331134	HIS:161	HIS	CD2	6.052008124612853	0.0	0.0	THR:158	THR	OG1	2.931522916313549	HOH:427	O	2.5314562220564616	2.0	39.0	hbond_like			exposed				0.0	0.0		unmodified	
P24941	4EK5	A	160	THR_mixed_with_TYR	1	3	1.6	THR	515		3	1-35,45-298	1-35,45-298	THR	/mnt/c/Users/drpat/OneDrive - UGent/Desktop/PD/Phospho-fill/Validation-allPDB/pdb_cache/4ek5.cif	THR	THR	OG1	CB	ok			-129.77398218251744	HIS:161	HIS	CD2	6.2498977497226935	0.0	0.0	THR:158	THR	OG1	2.816887943410423	HOH:635	O	2.7036311628818437	1.0	40.0	hbond_like			buried				0.0	0.0		unmodified	
O94804	4EQU	B	208	THR_single	1	1	2.0	THR	114		3	24-68,73-183,192-317	24-68,73-183,192-317	THR	/mnt/c/Users/drpat/OneDrive - UGent/Desktop/PD/Phospho-fill/Validation-allPDB/pdb_cache/4equ.cif	THR	THR	OG1	CB	ok			126.1321258142768					0.0	0.0	ASP:211	ASP	OD1	5.646028479757012				0.0	22.0	none_obvious			intermediate				0.0	0.0		unmodified	
P63086	4ERK	A	183	THR_mixed_with_TYR	1	2	2.2	THR	915		2	6-355	6-355	THR	/mnt/c/Users/drpat/OneDrive - UGent/Desktop/PD/Phospho-fill/Validation-allPDB/pdb_cache/4erk.cif	THR	THR	OG1	CB	ok			108.47680377468456	LYS:201	LYS	CE	7.484312450358076	0.0	0.0	THR:179	THR	OG1	2.9351590062706774	HOH:521	O	5.466588812152444	0.0	25.0	hbond_like			buried				0.0	0.0		unmodified	
P24941	4ERW	A	160	THR_mixed_with_TYR	1	3	2.0	THR	516		3	1-37,43-298	1-37,43-298	THR	/mnt/c/Users/drpat/OneDrive - UGent/Desktop/PD/Phospho-fill/Validation-allPDB/pdb_cache/4erw.cif	THR	THR	OG1	CB	ok			5.339975711723362	HIS:161	HIS	CD2	3.6664031263512924	1.0	1.0	HIS:161	HIS	NE2	4.0424141197977255	HOH:446	O	5.9136658479788515	0.0	21.0	none_obvious			intermediate				0.0	0.0		unmodified	
P24941	4EZ3	A	160	THR_mixed_with_TYR	1	3	2.0	THR	517		3	1-36,41-298	1-36,41-298	THR	/mnt/c/Users/drpat/OneDrive - UGent/Desktop/PD/Phospho-fill/Validation-allPDB/pdb_cache/4ez3.cif	THR	THR	OG1	CB	ok			130.23827579229854	HIS:161	HIS	CD2	4.618109948971979	0.0	2.0	TYR:159	TYR	OH	5.5584661590996305				0.0	23.0	none_obvious			intermediate				0.0	0.0		unmodified	
P24941	4EZ7	A	160	THR_mixed_with_TYR	1	3	2.49	THR	518		3	1-298	1-298	THR	/mnt/c/Users/drpat/OneDrive - UGent/Desktop/PD/Phospho-fill/Validation-allPDB/pdb_cache/4ez7.cif	THR	THR	OG1	CB	ok			-113.46666155697258	HIS:161	HIS	ND1	5.984557329682191	0.0	1.0	THR:158	THR	OG1	3.6049694166393857				0.0	20.0	none_obvious			intermediate				0.0	0.0		unmodified	
P24941	4FKG	A	160	THR_mixed_with_TYR	1	3	1.51	THR	519		3	1-35,45-153,157-298	1-35,45-153,157-298	THR	/mnt/c/Users/drpat/OneDrive - UGent/Desktop/PD/Phospho-fill/Validation-allPDB/pdb_cache/4fkg.cif	THR	THR	OG1	CB	ok			-126.13682534415355	HIS:161	HIS	CD2	6.168562442517726	0.0	0.0	THR:158	THR	OG1	2.832013354540728	HOH:425	O	7.12240130887446	0.0	38.0	hbond_like			buried				0.0	0.0		unmodified	
P24941	4FKI	A	160	THR_mixed_with_TYR	1	3	1.6	THR	520		3	1-36,45-153,157-298	1-36,45-153,157-298	THR	/mnt/c/Users/drpat/OneDrive - UGent/Desktop/PD/Phospho-fill/Validation-allPDB/pdb_cache/4fki.cif	THR				missing_anchor_or_base																														
P24941	4FKL	A	160	THR_mixed_with_TYR	1	3	1.26	THR	521		3	1-36,44-298	1-36,44-298	THR	/mnt/c/Users/drpat/OneDrive - UGent/Desktop/PD/Phospho-fill/Validation-allPDB/pdb_cache/4fkl.cif	THR	THR	OG1	CB	ok			-118.39533539325036	HIS:161	HIS	CD2	6.188190038543365	0.0	0.0	THR:158	THR	OG1	2.8943995001702376	HOH:496	O	3.065167378200013	1.0	38.0	hbond_like			buried				0.0	0.0		unmodified	
P24941	4FKO	A	160	THR_mixed_with_TYR	1	3	1.55	THR	522		3	1-37,45-298	1-37,45-298	THR	/mnt/c/Users/drpat/OneDrive - UGent/Desktop/PD/Phospho-fill/Validation-allPDB/pdb_cache/4fko.cif	THR	THR	OG1	CB	ok			-114.11498040557623	HIS:161	HIS	ND1	5.835226564158049	0.0	1.0	GLU:12	GLU	OE2	4.434712213551689	HOH:515	O	6.540192708049108	0.0	43.0	none_obvious			buried				0.0	0.0		unmodified	
P24941	4FKU	A	160	THR_mixed_with_TYR	1	3	1.47	THR	523		3	1-37,43-298	1-37,43-298	THR	/mnt/c/Users/drpat/OneDrive - UGent/Desktop/PD/Phospho-fill/Validation-allPDB/pdb_cache/4fku.cif	THR	THR	OG1	CB	ok			132.47525477168398	HIS:161	HIS	NE2	5.679968388548288	0.0	1.0	HIS:161	HIS	NE2	5.679968388548288	HOH:402	O	3.083612796834292	1.0	11.0	water_mediated_like			intermediate				0.0	0.0		unmodified	
P28482	4FMQ	A	185	THR_mixed_with_TYR	1	2	2.098	THR	573		2	9-358	9-358	THR	/mnt/c/Users/drpat/OneDrive - UGent/Desktop/PD/Phospho-fill/Validation-allPDB/pdb_cache/4fmq.cif	THR	THR	OG1	CB	ok			-122.66518393830484	ARG:191	ARG	NH2	6.858723021963816	0.0	0.0	GLU:186	GLU	OE1	6.829117877878641	HOH:666	O	3.058299706122122	1.0	17.0	water_mediated_like			intermediate				0.0	0.0		unmodified	
P28482	4FUX	A	185	THR_single	1	2	2.2	THR	574		2	11-331,336-357	11-331,336-357	THR	/mnt/c/Users/drpat/OneDrive - UGent/Desktop/PD/Phospho-fill/Validation-allPDB/pdb_cache/4fux.cif	TYR	TYR	OH	CZ	ok				ARG:146	ARG	NH2	3.3919930185699663	1.0	1.0	ARG:146	ARG	NH2	3.3919930185699663	HOH:595	O	4.118705660425225	0.0	29.0	salt_bridge_like			buried				0.0	0.0		unmodified	0.5251825312209375
P28482	4FUY	A	185	THR_single	1	2	2.0	THR	575		2	11-14,18-57,64-331,339-358	11-14,18-57,64-331,339-358	THR	/mnt/c/Users/drpat/OneDrive - UGent/Desktop/PD/Phospho-fill/Validation-allPDB/pdb_cache/4fuy.cif	TYR	TYR	OH	CZ	ok				ARG:146	ARG	NH2	3.275903649476523	1.0	1.0	ARG:146	ARG	NH2	3.275903649476523	HOH:612	O	4.075854347480411	0.0	30.0	salt_bridge_like			buried				0.0	0.0		unmodified	1.3193789866086305
P28482	4FV0	A	185	THR_single	1	2	2.1	THR	576		2	11-331,336-358	11-331,336-358	THR	/mnt/c/Users/drpat/OneDrive - UGent/Desktop/PD/Phospho-fill/Validation-allPDB/pdb_cache/4fv0.cif	TYR	TYR	OH	CZ	ok				ARG:146	ARG	NE	3.5252350044887195	1.0	1.0	ARG:146	ARG	NE	3.5252350044887195	HOH:504	O	5.903054957975558	0.0	28.0	none_obvious			buried				0.0	0.0		unmodified	0.9904786306400934
P28482	4FV1	A	185	THR_single	1	2	1.99	THR	577		2	11-330,334-356	11-330,334-356	THR	/mnt/c/Users/drpat/OneDrive - UGent/Desktop/PD/Phospho-fill/Validation-allPDB/pdb_cache/4fv1.cif	TYR	TYR	OH	CZ	ok				ARG:146	ARG	NH2	3.4401934639206657	1.0	1.0	ARG:146	ARG	NH2	3.4401934639206657	HOH:586	O	3.7893384029704413	2.0	28.0	salt_bridge_like			exposed				0.0	0.0		unmodified	0.8661098933973934
P28482	4FV2	A	185	THR_single	1	2	2.0	THR	578		2	11-331,334-357	11-331,334-357	THR	/mnt/c/Users/drpat/OneDrive - UGent/Desktop/PD/Phospho-fill/Validation-allPDB/pdb_cache/4fv2.cif	TYR	TYR	OH	CZ	ok				ARG:146	ARG	NH2	3.459995538193809	1.0	1.0	ARG:146	ARG	NH2	3.459995538193809	HOH:642	O	2.525091929648079	1.0	29.0	salt_bridge_like			buried				0.0	0.0		unmodified	0.8299465195028088
P28482	4FV3	A	185	THR_single	1	2	2.2	THR	579		2	11-357	11-357	THR	/mnt/c/Users/drpat/OneDrive - UGent/Desktop/PD/Phospho-fill/Validation-allPDB/pdb_cache/4fv3.cif	TYR	TYR	OH	CZ	ok				ARG:146	ARG	NH2	3.394326009950256	1.0	1.0	ARG:146	ARG	NH2	3.394326009950256	HOH:505	O	5.9322168286179195	0.0	29.0	salt_bridge_like			buried				0.0	0.0		unmodified	1.0071512124763358
P28482	4FV7	A	185	THR_single	1	2	1.9	THR	580		2	11-331,336-358	11-331,336-358	THR	/mnt/c/Users/drpat/OneDrive - UGent/Desktop/PD/Phospho-fill/Validation-allPDB/pdb_cache/4fv7.cif	TYR	TYR	OH	CZ	ok				ARG:146	ARG	NH2	3.2995841033921187	1.0	1.0	ARG:146	ARG	NH2	3.2995841033921187	HOH:704	O	2.4372955179600075	1.0	30.0	salt_bridge_like			buried				0.0	0.0		unmodified	2.3617783800207115
P28482	4G6N	A	185	THR_single	1	2	2.0	THR	581		2	11-329,336-358	11-329,336-358	THR	/mnt/c/Users/drpat/OneDrive - UGent/Desktop/PD/Phospho-fill/Validation-allPDB/pdb_cache/4g6n.cif	TYR	TYR	OH	CZ	ok				ARG:146	ARG	NH2	3.4063604783800807	1.0	1.0	ARG:146	ARG	NH2	3.4063604783800807	HOH:617	O	2.5393190371048457	1.0	29.0	salt_bridge_like			buried				0.0	0.0		unmodified	2.110879147868414
P28482	4G6O	A	185	THR_single	1	2	2.2	THR	582		2	11-33,36-329,334-357	11-33,36-329,334-357	THR	/mnt/c/Users/drpat/OneDrive - UGent/Desktop/PD/Phospho-fill/Validation-allPDB/pdb_cache/4g6o.cif	TYR	TYR	OH	CZ	ok				ARG:146	ARG	NH2	3.4370874280953716	1.0	1.0	ARG:146	ARG	NH2	3.4370874280953716	HOH:538	O	2.560592461736996	1.0	29.0	salt_bridge_like			buried				0.0	0.0		unmodified	1.3850698372300063
P24941	4GCJ	A	160	THR_mixed_with_TYR	1	3	1.42	THR	524		3	1-298	1-298	THR	/mnt/c/Users/drpat/OneDrive - UGent/Desktop/PD/Phospho-fill/Validation-allPDB/pdb_cache/4gcj.cif	THR	THR	OG1	CB	ok			-119.36077364133135	HIS:161	HIS	ND1	3.5224018823481233	1.0	1.0	HIS:161	HIS	ND1	3.5224018823481233	HOH:461	O	2.8314634971647896	2.0	14.0	water_mediated_like			exposed				0.0	0.0		unmodified	
P63086	4GSB	A	183	THR_mixed_with_TYR	1	2	1.8	THR	916		2	9-31,35-356	9-31,35-356	THR	/mnt/c/Users/drpat/OneDrive - UGent/Desktop/PD/Phospho-fill/Validation-allPDB/pdb_cache/4gsb.cif	THR	THR	OG1	CB	ok			115.12265251364644	LYS:201	LYS	CE	7.283349733120586	0.0	0.0	THR:179	THR	OG1	2.9479906695569276	HOH:610	O	3.5692059373299863	2.0	24.0	hbond_like			exposed				0.0	0.0		unmodified	
P63086	4GT3	A	183	THR_mixed_with_TYR	1	2	1.68	THR	917		2	9-356	9-356	THR	/mnt/c/Users/drpat/OneDrive - UGent/Desktop/PD/Phospho-fill/Validation-allPDB/pdb_cache/4gt3.cif	THR	THR	OG1	CB	ok			-163.90087188503094					0.0	0.0	THR:179	THR	OG1	3.207901305918581	HOH:590	O	3.049375725133709	1.0	25.0	hbond_like			buried				0.0	0.0		unmodified	
P63086	4GVA	A	183	THR_mixed_with_TYR	1	2	1.83	THR	918		2	11-356	11-356	THR	/mnt/c/Users/drpat/OneDrive - UGent/Desktop/PD/Phospho-fill/Validation-allPDB/pdb_cache/4gva.cif	THR	THR	OG1	CB	ok			117.80622572828062	LYS:201	LYS	CE	7.070159127296768	0.0	0.0	THR:179	THR	OG1	3.1825791870385114	HOH:670	O	3.5118151733407963	2.0	22.0	hbond_like			exposed				0.0	0.0		unmodified	
P28482	4H3Q	A	185	THR_mixed_with_TYR	1	2	2.2	THR	583		2	9-360	9-360	THR	/mnt/c/Users/drpat/OneDrive - UGent/Desktop/PD/Phospho-fill/Validation-allPDB/pdb_cache/4h3q.cif	THR	THR	OG1	CB	ok			98.13510118243232					0.0	0.0	TYR:233	TYR	OH	7.025629893673724				0.0	9.0	none_obvious			intermediate				0.0	0.0		unmodified	
P48730	4HGT	A	220	THR_single	1	1	1.8	THR	774		2	9-42,46-294	9-42,46-294	THR	/mnt/c/Users/drpat/OneDrive - UGent/Desktop/PD/Phospho-fill/Validation-allPDB/pdb_cache/4hgt.cif	THR	THR	OG1	CB	ok			-108.13999083240083					0.0	0.0					HOH:663	O	5.592908060077848	0.0	23.0	none_obvious			intermediate				0.0	0.0		unmodified	
P48730	4HNF	B	220	THR_single	1	1	2.07	THR	775		2	5-294	5-294	THR	/mnt/c/Users/drpat/OneDrive - UGent/Desktop/PD/Phospho-fill/Validation-allPDB/pdb_cache/4hnf.cif	THR	THR	OG1	CB	ok			-84.1478629093957					0.0	0.0	GLN:223	GLN	NE2	3.929160261956932	HOH:517	O	7.697647955125499	0.0	25.0	none_obvious			buried				0.0	0.0		unmodified	
P63086	4I5H	A	183	THR_mixed_with_TYR	1	2	1.9	THR	919		2	9-174,182-328,335-356	9-174,182-328,335-356	THR	/mnt/c/Users/drpat/OneDrive - UGent/Desktop/PD/Phospho-fill/Validation-allPDB/pdb_cache/4i5h.cif	THR	THR	OG1	CB	ok			-95.1815291547496	ARG:170	ARG	NH1	5.6982315387244284	0.0	1.0	ARG:170	ARG	NH1	5.6982315387244284	HOH:611	O	6.856251545346855	0.0	19.0	none_obvious			intermediate				0.0	0.0		unmodified	
P49841	4J71	A	277	THR_single	1	1	2.31	THR	856		3	36-383	36-383	THR	/mnt/c/Users/drpat/OneDrive - UGent/Desktop/PD/Phospho-fill/Validation-allPDB/pdb_cache/4j71.cif	THR	THR	OG1	CB	ok			-97.51751979714982	ARG:278	ARG	NE	7.969323463076895	0.0	0.0	GLN:280	GLN	OE1	3.712845680410056	HOH:698	O	2.5231342117533573	2.0	26.0	water_mediated_like			exposed	PTR:216	PTR	25.776993472956466	0.0	0.0		unmodified	
O14965	4J8M	A	288	THR_mixed_with_ASP	1	2	1.853	THR	28		2	125-390	125-390	THR	/mnt/c/Users/drpat/OneDrive - UGent/Desktop/PD/Phospho-fill/Validation-allPDB/pdb_cache/4j8m.cif	THR	THR	OG1	CB	ok			-102.56771403789769	ARG:285	ARG	NH1	6.0235048073235	0.0	0.0	ASP:294	ASP	OD2	5.612320129033272	HOH:739	O	4.66978819029474	0.0	26.0	none_obvious			buried				0.0	0.0		unmodified	
O14965	4JBO	A	287	THR_mixed_with_ASP	1	2	2.493	THR	29		2	126-391	126-391	THR	/mnt/c/Users/drpat/OneDrive - UGent/Desktop/PD/Phospho-fill/Validation-allPDB/pdb_cache/4jbo.cif	THR	THR	OG1	CB	ok			17.068163118492958	ARG:255	ARG	NH2	4.507358011055104	0.0	1.0	ARG:255	ARG	NH2	4.507358011055104	HOH:604	O	6.95307960546333	0.0	39.0	none_obvious			buried				0.0	0.0		unmodified	
O96013	4JDH	A	562	THR_single	1	1	2.0	THR	127		2	300-589	300-589	THR	/mnt/c/Users/drpat/OneDrive - UGent/Desktop/PD/Phospho-fill/Validation-allPDB/pdb_cache/4jdh.cif	THR	THR	OG1	CB	ok			-109.16868783986838	HIS:432	HIS	ND1	7.363591636160658	0.0	0.0	GLU:565	GLU	OE1	3.6455417340665104	HOH:651	O	2.6520180529841015	2.0	23.0	water_mediated_like			exposed	SEP:474	SEP	22.393820892573718	0.0	0.0		unmodified	
O96013	4JDI	A	562	THR_single	1	1	1.85	THR	128		2	300-589	300-589	THR	/mnt/c/Users/drpat/OneDrive - UGent/Desktop/PD/Phospho-fill/Validation-allPDB/pdb_cache/4jdi.cif	THR	THR	OG1	CB	ok			-114.65397784416865	LYS:568	LYS	NZ	7.2423105516526505	0.0	0.0	GLU:565	GLU	OE1	3.440684089146833	HOH:1214	O	3.41239804991416	2.0	23.0	hbond_like			exposed	SEP:474	SEP	22.46831883853727	0.0	0.0		unmodified	
P33981	4JT3	A	686	THR_single	1	1	2.2	THR	685		4	515-671,685-698,712-794	515-671,685-698,712-794	THR	/mnt/c/Users/drpat/OneDrive - UGent/Desktop/PD/Phospho-fill/Validation-allPDB/pdb_cache/4jt3.cif	THR	THR	OG1	CB	ok			-131.45659253937998	LYS:743	LYS	CE	5.058818557881148	0.0	1.0	ASN:688	ASN	ND2	3.460041821544629				0.0	21.0	hbond_like			intermediate				0.0	0.0		unmodified	
P48730	4KB8	B	220	THR_single	1	1	1.95	THR	776		2	3-41,48-293	3-41,48-293	THR	/mnt/c/Users/drpat/OneDrive - UGent/Desktop/PD/Phospho-fill/Validation-allPDB/pdb_cache/4kb8.cif	THR	THR	OG1	CB	ok			133.19631587165077					0.0	0.0	GLN:223	GLN	NE2	4.656923899801674				0.0	15.0	none_obvious			intermediate				0.0	0.0		unmodified	
P48730	4KBA	B	220	THR_single	1	1	1.98	THR	777		2	3-41,48-293	3-41,48-293	THR	/mnt/c/Users/drpat/OneDrive - UGent/Desktop/PD/Phospho-fill/Validation-allPDB/pdb_cache/4kba.cif	THR	THR	OG1	CB	ok			153.08763370680438					0.0	0.0	GLN:223	GLN	NE2	4.817925354735475				0.0	15.0	none_obvious			intermediate				0.0	0.0		unmodified	
P48730	4KBC	A	220	THR_single	1	1	1.98	THR	778		2	2-17,22-293	2-17,22-293	THR	/mnt/c/Users/drpat/OneDrive - UGent/Desktop/PD/Phospho-fill/Validation-allPDB/pdb_cache/4kbc.cif	THR	THR	OG1	CB	ok			-114.24098636176858	ARG:222	ARG	NE	6.037629854000888	0.0	0.0	GLN:223	GLN	NE2	4.263368539954242	HOH:533	O	3.8525843133171125	1.0	27.0	none_obvious			buried				0.0	0.0		unmodified	
P48730	4KBK	B	220	THR_single	1	1	2.1	THR	779		2	3-168,171-293	3-168,171-293	THR	/mnt/c/Users/drpat/OneDrive - UGent/Desktop/PD/Phospho-fill/Validation-allPDB/pdb_cache/4kbk.cif	THR	THR	OG1	CB	ok			-120.14694264793592	ARG:222	ARG	NE	7.243173759912685	0.0	0.0	GLN:223	GLN	NE2	2.9316482201705707				0.0	28.0	hbond_like			buried				0.0	0.0		unmodified	
P24941	4KD1	A	160	THR_mixed_with_TYR	1	3	1.7	THR	525		3	1-298	1-298	THR	/mnt/c/Users/drpat/OneDrive - UGent/Desktop/PD/Phospho-fill/Validation-allPDB/pdb_cache/4kd1.cif	THR	THR	OG1	CB	ok			-117.30035396109673	HIS:161	HIS	CD2	5.9774411296538865	0.0	1.0	GLU:12	GLU	OE1	2.5538341460840366	HOH:559	O	7.998729113511733	0.0	29.0	hbond_like			buried				0.0	0.0		unmodified	
Q13188	4LG4	A	174	THR_mixed_with_ALAVAL	2	4	2.42	THR	993		5	18-35,38-308	18-35,38-308	THR,THR	/mnt/c/Users/drpat/OneDrive - UGent/Desktop/PD/Phospho-fill/Validation-allPDB/pdb_cache/4lg4.cif	THR	THR	OG1	CB	ok			-121.29382434220982	LYS:177	LYS	CE	4.746032025936682	0.0	1.0	ASP:173	ASP	OD2	3.72501000849947	HOH:538	O	5.167645768441438	0.0	25.0	none_obvious			buried				0.0	0.0		unmodified	
Q13188	4LG4	A	180	THR_mixed_with_ALAVAL	2	4	2.42	THR	993		5	18-35,38-308	18-35,38-308	THR,THR	/mnt/c/Users/drpat/OneDrive - UGent/Desktop/PD/Phospho-fill/Validation-allPDB/pdb_cache/4lg4.cif	THR	THR	OG1	CB	ok			119.11612396363137	LYS:177	LYS	CE	7.9122709186987885	0.0	0.0	TYR:38	TYR	OH	4.929294788303601				0.0	21.0	none_obvious			intermediate				0.0	0.0		unmodified	
P61006	4LHW	A	72	THR_mixed_with_SER	1	2	1.55	THR	900		2	6-176	6-176	THR	/mnt/c/Users/drpat/OneDrive - UGent/Desktop/PD/Phospho-fill/Validation-allPDB/pdb_cache/4lhw.cif	THR	THR	OG1	CB	ok			122.47652683935367	ARG:71	ARG	NE	7.594682073823501	0.0	0.0	THR:75	THR	OG1	6.835560404495828	HOH:466	O	3.217866894605017	1.0	11.0	water_mediated_like			intermediate				0.0	0.0		unmodified	
P47811	4LOO	A	180	THR_mixed_with_TYR	1	2	1.95	THR	707		2	5-353	5-353	THR	/mnt/c/Users/drpat/OneDrive - UGent/Desktop/PD/Phospho-fill/Validation-allPDB/pdb_cache/4loo.cif	THR	THR	OG1	CB	ok			125.51465499655097					0.0	0.0	GLU:178	GLU	OE1	7.5311982499137855	HOH:512	O	3.6500291297107217	1.0	6.0	none_obvious			intermediate				0.0	0.0		unmodified	
P47811	4LOP	A	180	THR_mixed_with_TYR	1	2	2.049	THR	708		2	3-353	3-353	THR	/mnt/c/Users/drpat/OneDrive - UGent/Desktop/PD/Phospho-fill/Validation-allPDB/pdb_cache/4lop.cif	THR	THR	OG1	CB	ok			-129.47945079925003	LYS:152	LYS	NZ	7.233154829723771	0.0	0.0	TYR:35	TYR	OH	6.373579283303417	HOH:548	O	3.4246190318361154	1.0	10.0	water_mediated_like			intermediate				0.0	0.0		unmodified	
P47811	4LOQ	A	180	THR_mixed_with_TYR	1	2	2.319	THR	709		2	3-354	3-354	THR	/mnt/c/Users/drpat/OneDrive - UGent/Desktop/PD/Phospho-fill/Validation-allPDB/pdb_cache/4loq.cif	THR	THR	OG1	CB	ok			-125.24685329011294	LYS:152	LYS	NZ	7.5012351303269185	0.0	0.0	THR:175	THR	OG1	4.404138836017556	HOH:562	O	3.857360639113523	1.0	36.0	none_obvious			buried				0.0	0.0		unmodified	
P28482	4N0S	A	185	THR_mixed_with_TYR	1	2	1.7992	THR	584		2	6-357	6-357	THR	/mnt/c/Users/drpat/OneDrive - UGent/Desktop/PD/Phospho-fill/Validation-allPDB/pdb_cache/4n0s.cif	THR	THR	OG1	CB	ok			115.61720316984274	LYS:203	LYS	CE	7.079663688064335	0.0	0.0	THR:181	THR	OG1	2.9945595195680323	HOH:790	O	2.611405871897327	3.0	24.0	hbond_like			exposed				0.0	0.0		unmodified	
P63086	4N4S	A	183	THR_mixed_with_TYR	1	2	2.2	THR	920		2	8-175,183-356	8-175,183-356	THR	/mnt/c/Users/drpat/OneDrive - UGent/Desktop/PD/Phospho-fill/Validation-allPDB/pdb_cache/4n4s.cif	THR	THR	OG1	CB	ok			164.50117779668074	ARG:189	ARG	NH2	3.7334219401010564	1.0	3.0	ARG:189	ARG	NH2	3.7334219401010564				0.0	16.0	none_obvious			intermediate				0.0	0.0		unmodified	
P28482	4NIF	B	185	THR_mixed_with_TYR	1	2	2.15	THR	585		2	9-178,182-360	9-178,182-360	THR	/mnt/c/Users/drpat/OneDrive - UGent/Desktop/PD/Phospho-fill/Validation-allPDB/pdb_cache/4nif.cif	THR				missing_anchor_or_base																														
O96013	4NJD	A	562	THR_single	1	1	2.5	THR	129		2	300-589	300-589	THR	/mnt/c/Users/drpat/OneDrive - UGent/Desktop/PD/Phospho-fill/Validation-allPDB/pdb_cache/4njd.cif	THR	THR	OG1	CB	ok			-113.52598656968982	HIS:432	HIS	ND1	7.2859937507389105	0.0	0.0	GLU:565	GLU	OE1	3.9005501445714184				0.0	25.0	none_obvious			buried	SEP:474	SEP	22.46338463065118	0.0	0.0		unmodified	
P49841	4NM0	A	277	THR_mixed_with_TYR	1	2	2.5	THR	857		3	26-31,35-383	26-31,35-383	THR	/mnt/c/Users/drpat/OneDrive - UGent/Desktop/PD/Phospho-fill/Validation-allPDB/pdb_cache/4nm0.cif	THR	THR	OG1	CB	ok			-115.90986579519408					0.0	0.0	GLN:280	GLN	OE1	3.336906111447787	HOH:561	O	2.6175685964071698	1.0	24.0	hbond_like			buried				0.0	0.0		unmodified	
P49841	4NM3	A	277	THR_mixed_with_TYR	1	2	2.1	THR	858		3	6-10,26-30,35-119,122-383	6-10,26-30,35-119,122-383	THR	/mnt/c/Users/drpat/OneDrive - UGent/Desktop/PD/Phospho-fill/Validation-allPDB/pdb_cache/4nm3.cif	THR	THR	OG1	CB	ok			-115.05111672374024					0.0	0.0	GLN:280	GLN	OE1	3.4458369564301674	HOH:555	O	2.8193422360988696	3.0	24.0	hbond_like			exposed	SEP:9	SEP	28.314474266312576	0.0	0.0		unmodified	
P49841	4NM5	A	277	THR_mixed_with_TYR	1	2	2.3	THR	859		3	24-383	24-383	THR	/mnt/c/Users/drpat/OneDrive - UGent/Desktop/PD/Phospho-fill/Validation-allPDB/pdb_cache/4nm5.cif	THR	THR	OG1	CB	ok			-116.92877498740869					0.0	0.0	GLN:280	GLN	OE1	3.445776955086409	HOH:540	O	2.8194158331051566	3.0	24.0	hbond_like			exposed				0.0	0.0		unmodified	
P49841	4NM7	A	277	THR_mixed_with_TYR	1	2	2.3	THR	860		3	25-31,35-119,122-383	25-31,35-119,122-383	THR	/mnt/c/Users/drpat/OneDrive - UGent/Desktop/PD/Phospho-fill/Validation-allPDB/pdb_cache/4nm7.cif	THR	THR	OG1	CB	ok			-118.15773053970337	ARG:278	ARG	NH1	7.9075002696817265	0.0	0.0	GLN:280	GLN	OE1	3.4299009557695666	HOH:586	O	2.8179774033503797	2.0	24.0	hbond_like			exposed				0.0	0.0		unmodified	
O14965	4O0S	A	288	THR_single	1	1	2.5	THR	30		2	126-286,288-391	126-286,288-391	THR	/mnt/c/Users/drpat/OneDrive - UGent/Desktop/PD/Phospho-fill/Validation-allPDB/pdb_cache/4o0s.cif	THR	THR	OG1	CB	ok			-128.11655722560792					0.0	0.0	TYR:334	TYR	OH	5.121626981795442				0.0	20.0	none_obvious			intermediate				0.0	0.0		unmodified	
O96013	4O0X	A	562	THR_single	1	1	2.483	THR	130		2	300-589	300-589	THR	/mnt/c/Users/drpat/OneDrive - UGent/Desktop/PD/Phospho-fill/Validation-allPDB/pdb_cache/4o0x.cif	THR	THR	OG1	CB	ok			-101.74217058503736	ARG:551	ARG	NH2	7.381277455329239	0.0	0.0	GLU:565	GLU	OE2	4.0018953750441	HOH:739	O	3.5838704043933483	1.0	23.0	none_obvious			intermediate	SEP:474	SEP	22.900335676860394	0.0	0.0		unmodified	
O96013	4O0Y	A	562	THR_single	1	1	2.2	THR	131		2	300-589	300-589	THR	/mnt/c/Users/drpat/OneDrive - UGent/Desktop/PD/Phospho-fill/Validation-allPDB/pdb_cache/4o0y.cif	THR	THR	OG1	CB	ok			-113.6491694239559	LYS:568	LYS	CE	7.286000398921085	0.0	0.0	GLU:565	GLU	OE1	3.486107026637171	HOH:757	O	3.811973161449677	1.0	24.0	hbond_like			buried	SEP:474	SEP	22.756762896281483	0.0	0.0		unmodified	
P33981	4O6L	A	686	THR_single	1	1	2.38	THR	686		4	515-677,686-699,711-793	515-677,686-699,711-793	THR	/mnt/c/Users/drpat/OneDrive - UGent/Desktop/PD/Phospho-fill/Validation-allPDB/pdb_cache/4o6l.cif	THR	THR	OG1	CB	ok			1.9113484333263449	LYS:743	LYS	NZ	5.3840045629117705	0.0	1.0	ASN:688	ASN	ND2	3.0000186468099166	HOH:1102	O	4.750943064078408	0.0	20.0	hbond_like			intermediate	TPO:675	TPO	20.23340881574624	0.0	0.0		unmodified	
P9WI83	4OW8	A	21	THR_mixed_with_SER	3	4	2.03	THR	977		4	3-83,89-283	3-83,89-283	THR,THR,THR	/mnt/c/Users/drpat/OneDrive - UGent/Desktop/PD/Phospho-fill/Validation-allPDB/pdb_cache/4ow8.cif	THR	THR	OG1	CB	ok			36.64357509140201	LYS:45	LYS	CE	6.671176999671332	0.0	0.0	GLN:26	GLN	NE2	5.04445102425782	HOH:484	O	4.2022759548150965	0.0	20.0	none_obvious			intermediate				0.0	0.0		unmodified	
P9WI83	4OW8	A	152	THR_mixed_with_SER	3	4	2.03	THR	977		4	3-83,89-283	3-83,89-283	THR,THR,THR	/mnt/c/Users/drpat/OneDrive - UGent/Desktop/PD/Phospho-fill/Validation-allPDB/pdb_cache/4ow8.cif	THR	THR	OG1	CB	ok			-126.68917628072025					0.0	0.0	THR:150	THR	OG1	3.2048791136323707	HOH:418	O	3.061955511168632	1.0	23.0	hbond_like			intermediate				0.0	0.0		unmodified	
P9WI83	4OW8	A	224	THR_mixed_with_SER	3	4	2.03	THR	977		4	3-83,89-283	3-83,89-283	THR,THR,THR	/mnt/c/Users/drpat/OneDrive - UGent/Desktop/PD/Phospho-fill/Validation-allPDB/pdb_cache/4ow8.cif	THR	THR	OG1	CB	ok			129.64549008857574	LYS:228	LYS	CE	6.421009384832608	0.0	0.0	ASP:220	ASP	OD1	5.936520716371537				0.0	26.0	none_obvious			buried				0.0	0.0		unmodified	
P04150	4P6X	C	524	THR_mixed_with_SER	1	2	2.5	THR	147		2	523-777	523-777	THR	/mnt/c/Users/drpat/OneDrive - UGent/Desktop/PD/Phospho-fill/Validation-allPDB/pdb_cache/4p6x.cif	THR	THR	OG1	CB	ok			-24.23184295427814					0.0	0.0								0.0	12.0	none_obvious			intermediate				0.0	0.0		unmodified	
P49841	4PTE	B	277	THR_mixed_with_TYR	1	2	2.033	THR	861		3	36-121,125-385	36-121,125-385	THR	/mnt/c/Users/drpat/OneDrive - UGent/Desktop/PD/Phospho-fill/Validation-allPDB/pdb_cache/4pte.cif	THR	THR	OG1	CB	ok			-104.57176797868011					0.0	0.0	GLN:280	GLN	OE1	3.7005371713616633	HOH:686	O	7.530092894414132	0.0	23.0	none_obvious			intermediate				0.0	0.0		unmodified	
P49841	4PTG	A	277	THR_mixed_with_TYR	1	2	2.361	THR	862		3	36-118,125-284,293-382	36-118,125-284,293-382	THR	/mnt/c/Users/drpat/OneDrive - UGent/Desktop/PD/Phospho-fill/Validation-allPDB/pdb_cache/4ptg.cif	THR	THR	OG1	CB	ok			-108.65299202595817					0.0	0.0	GLN:280	GLN	OE1	3.7785436281678355				0.0	23.0	none_obvious			intermediate				0.0	0.0		unmodified	
P27361	4QTB	A	202	THR_mixed_with_SERTYR	1	3	1.4	THR	564		3	24-374	24-374	THR	/mnt/c/Users/drpat/OneDrive - UGent/Desktop/PD/Phospho-fill/Validation-allPDB/pdb_cache/4qtb.cif	THR	THR	OG1	CB	ok			117.27982183119711	LYS:220	LYS	CE	7.134029738227075	0.0	0.0	THR:198	THR	OG1	2.827864056794759	HOH:930	O	3.6440854287694386	1.0	24.0	hbond_like			buried				0.0	0.0		unmodified	
P28482	4QTE	A	185	THR_mixed_with_TYR	1	2	1.5	THR	586		2	11-358	11-358	THR	/mnt/c/Users/drpat/OneDrive - UGent/Desktop/PD/Phospho-fill/Validation-allPDB/pdb_cache/4qte.cif	THR	THR	OG1	CB	ok			114.9696106989126	LYS:203	LYS	CE	7.2100732337857805	0.0	0.0	THR:181	THR	OG1	2.8657644946098935	HOH:646	O	3.3077351146514773	3.0	24.0	hbond_like			exposed				0.0	0.0		unmodified	
P63086	4QYY	A	183	THR_mixed_with_TYR	1	2	1.65	THR	921		2	13-328,333-353	13-328,333-353	THR	/mnt/c/Users/drpat/OneDrive - UGent/Desktop/PD/Phospho-fill/Validation-allPDB/pdb_cache/4qyy.cif	THR	THR	OG1	CB	ok			116.25062478371093	LYS:201	LYS	CE	6.904705441047784	0.0	0.0	THR:179	THR	OG1	3.1437296474257694	HOH:631	O	3.7450524631311977	1.0	25.0	hbond_like			buried				0.0	0.0		unmodified	
P24941	4RJ3	A	160	THR_mixed_with_TYR	1	3	1.63	THR	526		3	1-37,45-295	1-37,45-295	THR	/mnt/c/Users/drpat/OneDrive - UGent/Desktop/PD/Phospho-fill/Validation-allPDB/pdb_cache/4rj3.cif	THR	THR	OG1	CB	ok			-111.04304174073575	HIS:161	HIS	CD2	6.04525398618366	0.0	0.0	THR:158	THR	OG1	2.9635310152400156	HOH:496	O	2.984233074917237	1.0	38.0	hbond_like			buried				0.0	0.0		unmodified	
P63086	4S2Z	A	183	THR_mixed_with_TYR	1	2	1.48	THR	922		2	4-9,15-354	4-9,15-354	THR	/mnt/c/Users/drpat/OneDrive - UGent/Desktop/PD/Phospho-fill/Validation-allPDB/pdb_cache/4s2z.cif	THR	THR	OG1	CB	ok			115.31673605256347	LYS:201	LYS	CE	6.706909957856729	0.0	0.0	THR:179	THR	OG1	2.8528585649453726	HOH:439	O	3.656355929727686	2.0	24.0	hbond_like			exposed				0.0	0.0		unmodified	
P63086	4S30	A	183	THR_mixed_with_TYR	1	2	2.0	THR	923		2	4-8,15-33,35-332,336-355	4-8,15-33,35-332,336-355	THR	/mnt/c/Users/drpat/OneDrive - UGent/Desktop/PD/Phospho-fill/Validation-allPDB/pdb_cache/4s30.cif	THR	THR	OG1	CB	ok			118.95861825244526	LYS:201	LYS	CE	7.215156492123163	0.0	0.0	THR:179	THR	OG1	2.9316915061375535	HOH:456	O	3.315634160235701	1.0	23.0	hbond_like			intermediate				0.0	0.0		unmodified	
P63086	4S31	A	183	THR_mixed_with_TYR	1	2	1.45	THR	924		2	4-9,15-355	4-9,15-355	THR	/mnt/c/Users/drpat/OneDrive - UGent/Desktop/PD/Phospho-fill/Validation-allPDB/pdb_cache/4s31.cif	THR	THR	OG1	CB	ok			117.92699106583257	LYS:201	LYS	CE	6.82814421283914	0.0	0.0	THR:179	THR	OG1	2.8584570128455224	HOH:589	O	2.7777667935816712	2.0	23.0	hbond_like			exposed				0.0	0.0		unmodified	
P63086	4S32	A	183	THR_mixed_with_TYR	1	2	1.34	THR	925		2	4-9,15-354	4-9,15-354	THR	/mnt/c/Users/drpat/OneDrive - UGent/Desktop/PD/Phospho-fill/Validation-allPDB/pdb_cache/4s32.cif	THR	THR	OG1	CB	ok			123.28698673391641	LYS:201	LYS	CE	7.034296969163337	0.0	0.0	THR:179	THR	OG1	2.886622023838838	HOH:518	O	3.6024458532625974	1.0	24.0	hbond_like			buried				0.0	0.0		unmodified	
P63086	4S33	A	183	THR_mixed_with_TYR	1	2	1.48	THR	926		2	4-9,15-355	4-9,15-355	THR	/mnt/c/Users/drpat/OneDrive - UGent/Desktop/PD/Phospho-fill/Validation-allPDB/pdb_cache/4s33.cif	THR	THR	OG1	CB	ok			118.93390158599566	LYS:201	LYS	CE	7.2217916274284	0.0	0.0	THR:179	THR	OG1	2.7880782943990052	HOH:567	O	3.532858257814198	1.0	24.0	hbond_like			buried				0.0	0.0		unmodified	
P63086	4S34	A	183	THR_mixed_with_TYR	1	2	2.5	THR	927		2	4-9,15-329,333-354	4-9,15-329,333-354	THR	/mnt/c/Users/drpat/OneDrive - UGent/Desktop/PD/Phospho-fill/Validation-allPDB/pdb_cache/4s34.cif	THR	THR	OG1	CB	ok			120.71249155856908	LYS:201	LYS	CE	7.537635307416718	0.0	0.0	THR:179	THR	OG1	3.0422300872946453				0.0	21.0	hbond_like			intermediate				0.0	0.0		unmodified	
P48730	4TN6	A	220	THR_single	1	1	2.41	THR	780		2	2-293	2-293	THR	/mnt/c/Users/drpat/OneDrive - UGent/Desktop/PD/Phospho-fill/Validation-allPDB/pdb_cache/4tn6.cif	THR	THR	OG1	CB	ok			-50.75923646874738	LYS:221	LYS	CE	4.299757559465974	0.0	2.0	LYS:221	LYS	NZ	4.409625585380936	HOH:533	O	7.571742668743938	0.0	33.0	none_obvious			buried				0.0	0.0		unmodified	
P48730	4TWC	A	220	THR_single	1	1	1.7	THR	781		2	2-218,220-295	2-218,220-295	THR	/mnt/c/Users/drpat/OneDrive - UGent/Desktop/PD/Phospho-fill/Validation-allPDB/pdb_cache/4twc.cif	THR	THR	OG1	CB	ok			-16.586063886028693	LYS:221	LYS	CE	3.383170864965744	1.0	1.0	LYS:221	LYS	NZ	4.129741723180566	HOH:1168	O	3.359983927291287	1.0	13.0	salt_bridge_like			intermediate				0.0	0.0		unmodified	
O96013	4XBU	A	562	THR_single	1	1	2.06	THR	132		2	297-589	297-589	THR	/mnt/c/Users/drpat/OneDrive - UGent/Desktop/PD/Phospho-fill/Validation-allPDB/pdb_cache/4xbu.cif	THR	THR	OG1	CB	ok			-115.11310244045082	LYS:568	LYS	NZ	7.234352172558241	0.0	0.0	GLU:565	GLU	OE1	3.379104040782027	HOH:699	O	3.9488023347860555	1.0	24.0	hbond_like			buried	SEP:474	SEP	22.608505733139108	0.0	0.0		unmodified	
P63086	4XNE	A	183	THR_mixed_with_TYR	1	2	1.8	THR	928		2	9-354	9-354	THR	/mnt/c/Users/drpat/OneDrive - UGent/Desktop/PD/Phospho-fill/Validation-allPDB/pdb_cache/4xne.cif	THR	THR	OG1	CB	ok			121.61640794426471	LYS:201	LYS	CE	6.4701908409590105	0.0	0.0	THR:179	THR	OG1	2.9990471660243423	HOH:581	O	3.394783564973714	1.0	25.0	hbond_like			buried				0.0	0.0		unmodified	
P63086	4XOY	A	183	THR_single	1	1	2.1	THR	929		2	9-55,61-183,187-327,335-353	9-55,61-183,187-327,335-353	THR	/mnt/c/Users/drpat/OneDrive - UGent/Desktop/PD/Phospho-fill/Validation-allPDB/pdb_cache/4xoy.cif	THR	THR	OG1	CB	ok			-131.2438986742003	LYS:201	LYS	CE	6.660009542033497	0.0	0.0	THR:179	THR	OG1	3.913674179508096	HOH:502	O	2.066338004407951	2.0	38.0	water_mediated_like			exposed				0.0	0.0		unmodified	
P63086	4XOZ	A	183	THR_mixed_with_TYR	1	2	1.95	THR	930		2	8-329,335-354	8-329,335-354	THR	/mnt/c/Users/drpat/OneDrive - UGent/Desktop/PD/Phospho-fill/Validation-allPDB/pdb_cache/4xoz.cif	THR	THR	OG1	CB	ok			111.80117342772523	LYS:201	LYS	CE	7.04425620207208	0.0	0.0	THR:179	THR	OG1	2.979611146992477	HOH:517	O	3.666130609734911	1.0	24.0	hbond_like			buried				0.0	0.0		unmodified	
P63086	4XP0	A	183	THR_mixed_with_TYR	1	2	1.46	THR	931		2	8-327,335-354	8-327,335-354	THR	/mnt/c/Users/drpat/OneDrive - UGent/Desktop/PD/Phospho-fill/Validation-allPDB/pdb_cache/4xp0.cif	THR	THR	OG1	CB	ok			115.35367762270214	LYS:201	LYS	CE	7.058485098578102	0.0	0.0	THR:179	THR	OG1	2.990166772566975	HOH:741	O	3.2410729609925983	2.0	25.0	hbond_like			exposed				0.0	0.0		unmodified	
P63086	4XP2	A	183	THR_mixed_with_TYR	1	2	1.748	THR	932		2	8-329,337-353	8-329,337-353	THR	/mnt/c/Users/drpat/OneDrive - UGent/Desktop/PD/Phospho-fill/Validation-allPDB/pdb_cache/4xp2.cif	THR	THR	OG1	CB	ok			112.49301581684384	LYS:201	LYS	CE	7.219597758518159	0.0	0.0	THR:179	THR	OG1	3.1770748014984185	HOH:601	O	2.94972774503777	2.0	24.0	hbond_like			exposed				0.0	0.0		unmodified	
P63086	4XP3	A	183	THR_mixed_with_TYR	1	2	1.782	THR	933		2	8-329,336-354	8-329,336-354	THR	/mnt/c/Users/drpat/OneDrive - UGent/Desktop/PD/Phospho-fill/Validation-allPDB/pdb_cache/4xp3.cif	THR	THR	OG1	CB	ok			-127.69694730345333	LYS:201	LYS	CE	7.1973751475873655	0.0	0.0	THR:179	THR	OG1	3.841303053403662	HOH:517	O	2.5227665560116797	4.0	26.0	water_mediated_like			exposed				0.0	0.0		unmodified	
P63086	4XRJ	A	183	THR_mixed_with_TYR	1	2	1.69	THR	934		2	9-354	9-354	THR	/mnt/c/Users/drpat/OneDrive - UGent/Desktop/PD/Phospho-fill/Validation-allPDB/pdb_cache/4xrj.cif	THR	THR	OG1	CB	ok			117.90162384956132	LYS:201	LYS	CE	6.969721950892675	0.0	0.0	THR:179	THR	OG1	3.0706165699864316	HOH:594	O	3.396550952477021	1.0	24.0	hbond_like			buried				0.0	0.0		unmodified	
P06493	4Y72	A	161	THR_single	1	1	2.3	THR	148		1	1-289	1-289	THR	/mnt/c/Users/drpat/OneDrive - UGent/Desktop/PD/Phospho-fill/Validation-allPDB/pdb_cache/4y72.cif	THR	THR	OG1	CB	ok			-117.99487022245772	HIS:162	HIS	CD2	7.140341041055298	0.0	0.0	GLU:163	GLU	OE2	2.6513610986699834	HOH:518	O	6.865422279628179	0.0	26.0	hbond_like			buried				0.0	0.0		unmodified	
Q9NZQ7	4Z18	A	127	THR_single	1	1	1.952	THR	1145		1	19-230	19-230	THR	/mnt/c/Users/drpat/OneDrive - UGent/Desktop/PD/Phospho-fill/Validation-allPDB/pdb_cache/4z18.cif	THR	THR	OG1	CB	ok			117.90201050355827	LYS:129	LYS	NZ	5.41894490595603	0.0	2.0	ASP:26	ASP	OD1	5.192669859704308				0.0	26.0	none_obvious			buried				0.0	0.0		unmodified	
P33981	4ZEG	A	686	THR_single	1	1	2.33	THR	687		4	516-674,686-699,709-795	516-674,686-699,709-795	THR	/mnt/c/Users/drpat/OneDrive - UGent/Desktop/PD/Phospho-fill/Validation-allPDB/pdb_cache/4zeg.cif	THR	THR	OG1	CB	ok			13.462016911735526	LYS:649	LYS	CE	4.393781442453679	0.0	1.0	GLN:672	GLN	NE2	4.808028282869622				0.0	10.0	none_obvious			intermediate				0.0	0.0		unmodified	
Q13153	4ZJI	C	423	THR_single	1	1	1.99	THR	981		1	250-289,291-302,308-413,419-541	250-289,291-302,308-413,419-541	THR	/mnt/c/Users/drpat/OneDrive - UGent/Desktop/PD/Phospho-fill/Validation-allPDB/pdb_cache/4zji.cif	THR	THR	OG1	CB	ok			120.7968106644408					0.0	0.0	SER:422	SER	OG	6.490085988753824	HOH:718	O	2.678057109825212	2.0	7.0	water_mediated_like			exposed				0.0	0.0		unmodified	
Q13153	4ZJJ	A	423	THR_single	1	1	2.2	THR	982		1	249-304,309-415,423-539	249-304,309-415,423-539	THR	/mnt/c/Users/drpat/OneDrive - UGent/Desktop/PD/Phospho-fill/Validation-allPDB/pdb_cache/4zjj.cif	THR				missing_anchor_or_base																														
P42527	4ZME	A	612	THR_single	1	1	1.98	THR	703		1	552-649,653-815	552-649,653-815	THR	/mnt/c/Users/drpat/OneDrive - UGent/Desktop/PD/Phospho-fill/Validation-allPDB/pdb_cache/4zme.cif	THR	THR	OG1	CB	ok			-107.2662798483542					0.0	0.0	THR:614	THR	OG1	4.1940660280189155	HOH:1208	O	2.8049566038966294	1.0	14.0	water_mediated_like			intermediate				0.0	0.0		unmodified	
P42527	4ZMF	B	612	THR_single	1	1	2.39	THR	704		1	552-651,655-701,704-808	552-651,655-701,704-808	THR	/mnt/c/Users/drpat/OneDrive - UGent/Desktop/PD/Phospho-fill/Validation-allPDB/pdb_cache/4zmf.cif	THR	THR	OG1	CB	ok			-109.9586825508301					0.0	0.0	THR:614	THR	OG1	3.291760558433651	HOH:1020	O	7.847038253806257	0.0	14.0	hbond_like			intermediate				0.0	0.0		unmodified	
Q9NZQ7	4ZQK	A	127	THR_single	1	1	2.45	THR	1146		1	18-132	18-132	THR	/mnt/c/Users/drpat/OneDrive - UGent/Desktop/PD/Phospho-fill/Validation-allPDB/pdb_cache/4zqk.cif	THR	THR	OG1	CB	ok			125.47736125582273					0.0	0.0	ASP:26	ASP	OD2	7.380846382726663	HOH:303	O	3.0284747494830992	1.0	25.0	water_mediated_like			buried				0.0	0.0		unmodified	
P42527	4ZS4	B	612	THR_single	1	1	2.4	THR	705		1	552-650,653-810	552-650,653-810	THR	/mnt/c/Users/drpat/OneDrive - UGent/Desktop/PD/Phospho-fill/Validation-allPDB/pdb_cache/4zs4.cif	THR	THR	OG1	CB	ok			-3.1320910462373788					0.0	0.0	THR:613	THR	OG1	5.767405974720754	HOH:1018	O	5.494344749750643	0.0	8.0	none_obvious			intermediate				0.0	0.0		unmodified	
Q13164	4ZSG	A	219	THR_mixed_with_TYR	1	2	1.79	THR	986		2	47-393	47-393	THR	/mnt/c/Users/drpat/OneDrive - UGent/Desktop/PD/Phospho-fill/Validation-allPDB/pdb_cache/4zsg.cif	THR	THR	OG1	CB	ok			-117.32668560739295	HIS:237	HIS	NE2	7.151629103450071	0.0	0.0	SER:235	SER	OG	2.6414864852797977	HOH:515	O	4.13821266375854	0.0	46.0	hbond_like			buried				0.0	0.0		unmodified	
Q13164	4ZSJ	A	219	THR_mixed_with_TYR	1	2	2.48	THR	987		2	50-393	50-393	THR	/mnt/c/Users/drpat/OneDrive - UGent/Desktop/PD/Phospho-fill/Validation-allPDB/pdb_cache/4zsj.cif	THR	THR	OG1	CB	ok			-116.48987616665987	HIS:237	HIS	NE2	7.441759072709434	0.0	0.0	SER:235	SER	OG	2.7098853772181406	HOH:584	O	4.317017716167107	0.0	45.0	hbond_like			buried				0.0	0.0		unmodified	
Q13164	4ZSL	A	219	THR_mixed_with_TYR	1	2	2.25	THR	988		2	53-393	53-393	THR	/mnt/c/Users/drpat/OneDrive - UGent/Desktop/PD/Phospho-fill/Validation-allPDB/pdb_cache/4zsl.cif	THR	THR	OG1	CB	ok			-115.97935003832967	HIS:237	HIS	CE1	7.42520744171281	0.0	0.0	SER:235	SER	OG	2.722541882618851	HOH:521	O	4.251755778832942	0.0	44.0	hbond_like			buried				0.0	0.0		unmodified	
P28482	4ZXT	A	185	THR_mixed_with_TYR	1	2	2.0	THR	587		2	7-357	7-357	THR	/mnt/c/Users/drpat/OneDrive - UGent/Desktop/PD/Phospho-fill/Validation-allPDB/pdb_cache/4zxt.cif	THR	THR	OG1	CB	ok			115.62585289369494	LYS:203	LYS	CE	7.025741410594895	0.0	0.0	THR:181	THR	OG1	2.788950514396487	HOH:598	O	3.176685220918086	3.0	24.0	hbond_like			exposed				0.0	0.0		unmodified	
Q13153	4ZY5	B	423	THR_single	1	1	2.35	THR	983		1	255-304,306-542	255-304,306-542	THR	/mnt/c/Users/drpat/OneDrive - UGent/Desktop/PD/Phospho-fill/Validation-allPDB/pdb_cache/4zy5.cif	THR	THR	OG1	CB	ok			134.00444092217455					0.0	0.0	SER:422	SER	OG	6.839367480542804				0.0	9.0	none_obvious			intermediate				0.0	0.0		unmodified	
Q13153	4ZY6	A	423	THR_single	1	1	2.15	THR	984		1	251-300,307-336,339-542	251-300,307-336,339-542	THR	/mnt/c/Users/drpat/OneDrive - UGent/Desktop/PD/Phospho-fill/Validation-allPDB/pdb_cache/4zy6.cif	THR	THR	OG1	CB	ok			-129.10363677913307	ARG:388	ARG	NH1	3.285996340390027	1.0	2.0	ARG:388	ARG	NH1	3.285996340390027	HOH:782	O	5.921906888467572	0.0	33.0	salt_bridge_like			buried				0.0	0.0		unmodified	
P28482	4ZZM	A	185	THR_mixed_with_TYR	1	2	1.89	THR	588		2	11-355	11-355	THR	/mnt/c/Users/drpat/OneDrive - UGent/Desktop/PD/Phospho-fill/Validation-allPDB/pdb_cache/4zzm.cif	THR	THR	OG1	CB	ok			-127.41727877326494	LYS:259	LYS	NZ	7.679759176918396	0.0	0.0	THR:181	THR	OG1	3.6229891156688465	HOH:2059	O	3.129949265131859	1.0	24.0	water_mediated_like			buried				0.0	0.0		unmodified	
P28482	4ZZN	A	185	THR_single	1	2	1.33	THR	589		2	11-329,336-355	11-329,336-355	THR	/mnt/c/Users/drpat/OneDrive - UGent/Desktop/PD/Phospho-fill/Validation-allPDB/pdb_cache/4zzn.cif	TYR	TYR	OH	CZ	ok				ARG:146	ARG	NH1	3.679828832819036	1.0	1.0	ARG:146	ARG	NH1	3.679828832819036	HOH:2187	O	2.5906027793118676	2.0	28.0	water_mediated_like			exposed				0.0	0.0		unmodified	1.4205740759904473
P28482	4ZZO	A	185	THR_mixed_with_TYR	1	2	1.63	THR	590		2	11-330,336-355	11-330,336-355	THR	/mnt/c/Users/drpat/OneDrive - UGent/Desktop/PD/Phospho-fill/Validation-allPDB/pdb_cache/4zzo.cif	THR	THR	OG1	CB	ok			-3.559407830426101	LYS:203	LYS	CE	7.561498579173958	0.0	0.0	THR:181	THR	OG1	4.6855789508854535	HOH:2126	O	5.4051870715690535	0.0	13.0	none_obvious			intermediate				0.0	0.0		unmodified	
O43293	5A6N	A	265	THR_mixed_with_SER	1	2	1.7	THR	85		2	9-278	9-278	THR	/mnt/c/Users/drpat/OneDrive - UGent/Desktop/PD/Phospho-fill/Validation-allPDB/pdb_cache/5a6n.cif	THR	THR	OG1	CB	ok			-117.66403633590404	HIS:131	HIS	ND1	7.719544930769465	0.0	0.0	GLN:268	GLN	OE1	3.4821302068038156	HOH:2175	O	2.6772581112853207	3.0	25.0	hbond_like			exposed				0.0	0.0		unmodified	
O43293	5A6O	A	265	THR_mixed_with_SER	1	2	1.6	THR	86		2	9-169,175-278	9-169,175-278	THR	/mnt/c/Users/drpat/OneDrive - UGent/Desktop/PD/Phospho-fill/Validation-allPDB/pdb_cache/5a6o.cif	THR	THR	OG1	CB	ok			-118.59211919201407	HIS:131	HIS	ND1	7.773430290418006	0.0	0.0	GLN:268	GLN	OE1	3.387453584898377	HOH:2175	O	2.5890560935189577	3.0	25.0	hbond_like			exposed				0.0	0.0		unmodified	
O94804	5AJQ	A	185	THR_only_multi_2	2	2	2.2	THR	115		3	24-68,72-185,192-312	24-68,72-185,192-312	THR,THR	/mnt/c/Users/drpat/OneDrive - UGent/Desktop/PD/Phospho-fill/Validation-allPDB/pdb_cache/5ajq.cif	THR	THR	OG1	CB	ok			-95.00783459000658					0.0	0.0	ASN:182	ASN	OD1	4.355111521043174				0.0	17.0	none_obvious			intermediate				0.0	0.0		unmodified	
O94804	5AJQ	A	208	THR_only_multi_2	2	2	2.2	THR	115		3	24-68,72-185,192-312	24-68,72-185,192-312	THR,THR	/mnt/c/Users/drpat/OneDrive - UGent/Desktop/PD/Phospho-fill/Validation-allPDB/pdb_cache/5ajq.cif	THR	THR	OG1	CB	ok			107.62753757006331					0.0	0.0	GLU:207	GLU	OE2	6.822199413269078	HOH:2019	O	4.721227061731068	0.0	9.0	none_obvious			intermediate				0.0	0.0		unmodified	
P24941	5ANE	A	160	THR_mixed_with_TYR	1	3	1.7	THR	527		3	1-36,41-298	1-36,41-298	THR	/mnt/c/Users/drpat/OneDrive - UGent/Desktop/PD/Phospho-fill/Validation-allPDB/pdb_cache/5ane.cif	THR	THR	OG1	CB	ok			-119.20383724680774	HIS:161	HIS	CD2	6.952948775496817	0.0	0.0	THR:158	THR	OG1	2.931515043642687	HOH:2006	O	3.1851266494416204	1.0	39.0	hbond_like			buried				0.0	0.0		unmodified	
P33981	5AP6	A	686	THR_single	1	1	2.1	THR	688		4	519-674,681-698,710-794	519-674,681-698,710-794	THR	/mnt/c/Users/drpat/OneDrive - UGent/Desktop/PD/Phospho-fill/Validation-allPDB/pdb_cache/5ap6.cif	THR	THR	OG1	CB	ok			10.420664357650985	LYS:649	LYS	CE	6.1676337192667745	0.0	0.0	ASN:688	ASN	ND2	3.6762059290392983	HOH:2041	O	4.6411280578687215	0.0	21.0	none_obvious			intermediate				0.0	0.0		unmodified	
P33981	5AP7	A	686	THR_single	1	1	2.45	THR	689		4	519-673,684-697,711-794	519-673,684-697,711-794	THR	/mnt/c/Users/drpat/OneDrive - UGent/Desktop/PD/Phospho-fill/Validation-allPDB/pdb_cache/5ap7.cif	THR	THR	OG1	CB	ok			13.39469606011383	LYS:743	LYS	CE	6.36122770836497	0.0	0.0	ASN:688	ASN	ND2	2.9704377499440544	HOH:2032	O	4.705199857052867	0.0	20.0	hbond_like			intermediate				0.0	0.0		unmodified	
P0DMV8	5AQW	A	66	THR_single	1	1	1.53	THR	164		1	3-188,192-380	3-188,192-380	THR	/mnt/c/Users/drpat/OneDrive - UGent/Desktop/PD/Phospho-fill/Validation-allPDB/pdb_cache/5aqw.cif	THR	THR	OG1	CB	ok			121.67684119209092					0.0	0.0	GLN:58	GLN	NE2	2.886685147030847	HOH:2108	O	4.535410104341694	0.0	44.0	hbond_like			buried				0.0	0.0		unmodified	
P0DMV8	5AQX	A	66	THR_single	1	1	2.12	THR	165		1	3-380	3-380	THR	/mnt/c/Users/drpat/OneDrive - UGent/Desktop/PD/Phospho-fill/Validation-allPDB/pdb_cache/5aqx.cif	THR	THR	OG1	CB	ok			128.35211620861304					0.0	0.0	GLN:58	GLN	NE2	2.702855810734425	HOH:2022	O	7.109265804591872	0.0	46.0	hbond_like			buried				0.0	0.0		unmodified	
P0DMV8	5AQY	A	66	THR_single	1	1	1.56	THR	166		1	2-380	2-380	THR	/mnt/c/Users/drpat/OneDrive - UGent/Desktop/PD/Phospho-fill/Validation-allPDB/pdb_cache/5aqy.cif	THR	THR	OG1	CB	ok			127.88274518778381					0.0	0.0	GLN:58	GLN	NE2	2.898682999399227	HOH:2092	O	4.860719235415624	0.0	45.0	hbond_like			buried				0.0	0.0		unmodified	
P0DMV8	5AQZ	A	66	THR_single	1	1	1.65	THR	167		1	1-380	1-380	THR	/mnt/c/Users/drpat/OneDrive - UGent/Desktop/PD/Phospho-fill/Validation-allPDB/pdb_cache/5aqz.cif	THR	THR	OG1	CB	ok			128.29686164698964					0.0	0.0	GLN:58	GLN	NE2	2.920989116067427	HOH:2115	O	4.986072944266702	0.0	43.0	hbond_like			buried				0.0	0.0		unmodified	
P0DMV8	5AR0	A	66	THR_single	1	1	1.9	THR	168		1	3-22,25-380	3-22,25-380	THR	/mnt/c/Users/drpat/OneDrive - UGent/Desktop/PD/Phospho-fill/Validation-allPDB/pdb_cache/5ar0.cif	THR	THR	OG1	CB	ok			125.12665093369324					0.0	0.0	GLN:58	GLN	NE2	2.8413798571258853	HOH:2044	O	4.554967825292948	0.0	47.0	hbond_like			buried				0.0	0.0		unmodified	
O43353	5AR2	B	111	THR_single	1	1	2.44	THR	90		2	4-26,30-50,57-172,184-204,207-310	4-26,30-50,57-172,184-204,207-310	THR	/mnt/c/Users/drpat/OneDrive - UGent/Desktop/PD/Phospho-fill/Validation-allPDB/pdb_cache/5ar2.cif	THR	THR	OG1	CB	ok			119.46840632859593					0.0	0.0					HOH:2073	O	3.7762799700387504	2.0	8.0	none_obvious			exposed				0.0	0.0		unmodified	
D3KVM3	5AZI	A	12	THR_only_multi_2	2	2	2.45	THR	6		2	1-511	1-511	THR,THR	/mnt/c/Users/drpat/OneDrive - UGent/Desktop/PD/Phospho-fill/Validation-allPDB/pdb_cache/5azi.cif	THR	THR	OG1	CB	ok			-106.84227219051326	HIS:33	HIS	CE1	6.085397194843649	0.0	0.0	SER:13	SER	OG	4.006715255865943	HOH:712	O	7.827463374709484	0.0	19.0	none_obvious			intermediate				0.0	0.0		unmodified	
D3KVM3	5AZI	A	276	THR_only_multi_2	2	2	2.45	THR	6		2	1-511	1-511	THR,THR	/mnt/c/Users/drpat/OneDrive - UGent/Desktop/PD/Phospho-fill/Validation-allPDB/pdb_cache/5azi.cif	THR	THR	OG1	CB	ok			134.21159991713108					0.0	0.0					HOH:730	O	3.2114788025683922	1.0	17.0	water_mediated_like			intermediate				0.0	0.0		unmodified	
P0DMV8	5BN8	A	66	THR_single	1	1	1.34	THR	169		1	4-382	4-382	THR	/mnt/c/Users/drpat/OneDrive - UGent/Desktop/PD/Phospho-fill/Validation-allPDB/pdb_cache/5bn8.cif	THR	THR	OG1	CB	ok			119.00353064730403					0.0	0.0	GLN:58	GLN	NE2	2.7564771205652323	HOH:605	O	4.699015519192246	0.0	46.0	hbond_like			buried				0.0	0.0		unmodified	
P0DMV8	5BN9	A	66	THR_single	1	1	1.689	THR	170		1	4-382	4-382	THR	/mnt/c/Users/drpat/OneDrive - UGent/Desktop/PD/Phospho-fill/Validation-allPDB/pdb_cache/5bn9.cif	THR	THR	OG1	CB	ok			122.7373110640707					0.0	0.0	GLN:58	GLN	NE2	2.8629440084760645	HOH:582	O	4.73443824850597	0.0	45.0	hbond_like			buried				0.0	0.0		unmodified	
P0DMV8	5BPL	A	66	THR_single	1	1	1.93	THR	171		1	3-382	3-382	THR	/mnt/c/Users/drpat/OneDrive - UGent/Desktop/PD/Phospho-fill/Validation-allPDB/pdb_cache/5bpl.cif	THR	THR	OG1	CB	ok			120.11525854998287					0.0	0.0	GLN:58	GLN	NE2	2.823349836683258	HOH:666	O	4.78878441475743	0.0	44.0	hbond_like			buried				0.0	0.0		unmodified	
P0DMV8	5BPM	A	66	THR_single	1	1	1.83	THR	172		1	4-381	4-381	THR	/mnt/c/Users/drpat/OneDrive - UGent/Desktop/PD/Phospho-fill/Validation-allPDB/pdb_cache/5bpm.cif	THR	THR	OG1	CB	ok			121.471253816368					0.0	0.0	GLN:58	GLN	NE2	3.0119678613454	HOH:592	O	4.684042514487197	0.0	41.0	hbond_like			buried				0.0	0.0		unmodified	
P0DMV8	5BPN	A	66	THR_single	1	1	2.1	THR	173		1	6-59,61-97,100-188,190-381	6-59,61-97,100-188,190-381	THR	/mnt/c/Users/drpat/OneDrive - UGent/Desktop/PD/Phospho-fill/Validation-allPDB/pdb_cache/5bpn.cif	THR	THR	OG1	CB	ok			121.32307887131974					0.0	0.0	GLN:58	GLN	NE2	2.549729791415339				0.0	46.0	hbond_like			buried				0.0	0.0		unmodified	
Q13164	5BYZ	A	219	THR_mixed_with_TYR	1	2	1.65	THR	989		2	48-395	48-395	THR	/mnt/c/Users/drpat/OneDrive - UGent/Desktop/PD/Phospho-fill/Validation-allPDB/pdb_cache/5byz.cif	THR	THR	OG1	CB	ok			-118.7005357165623	HIS:237	HIS	CE1	7.243027961541141	0.0	0.0	SER:235	SER	OG	2.700134678029306	HOH:568	O	4.184026132804815	0.0	47.0	hbond_like			buried				0.0	0.0		unmodified	
Q9NZQ7	5C3T	A	127	THR_single	1	1	1.8	THR	1147		1	18-134	18-134	THR	/mnt/c/Users/drpat/OneDrive - UGent/Desktop/PD/Phospho-fill/Validation-allPDB/pdb_cache/5c3t.cif	THR	THR	OG1	CB	ok			119.38226382258436	ARG:125	ARG	NH1	5.247329571639276	0.0	2.0	ARG:125	ARG	NH1	5.247329571639276	HOH:242	O	2.872337612346226	2.0	24.0	water_mediated_like			exposed				0.0	0.0		unmodified	
O14965	5DN3	A	287	THR_single	1	1	2.05	THR	31		2	125-389	125-389	THR	/mnt/c/Users/drpat/OneDrive - UGent/Desktop/PD/Phospho-fill/Validation-allPDB/pdb_cache/5dn3.cif	THR	THR	OG1	CB	ok			-119.05057400391769	ARG:286	ARG	NH1	5.454840847997559	0.0	1.0	TRP:277	TRP	NE1	5.154069133160983	HOH:567	O	2.7716088371233982	1.0	29.0	water_mediated_like			buried	TPO:288	TPO	6.854893514939018	1.0	1.0	TPO:288@6.85	unmodified	
O14965	5DNR	A	287	THR_single	1	1	1.95	THR	32		2	126-390	126-390	THR	/mnt/c/Users/drpat/OneDrive - UGent/Desktop/PD/Phospho-fill/Validation-allPDB/pdb_cache/5dnr.cif	THR	THR	OG1	CB	ok			108.68484863411913	ARG:255	ARG	CZ	4.005233577738793	0.0	2.0	ARG:255	ARG	NH2	4.15659505475342	HOH:595	O	6.847013210599409	0.0	40.0	none_obvious			buried	TPO:288	TPO	8.681065663887084	0.0	1.0	TPO:288@8.68	unmodified	
O14965	5DR2	A	288	THR_mixed_with_ALA	1	2	2.46	THR	33		2	128-390	128-390	THR	/mnt/c/Users/drpat/OneDrive - UGent/Desktop/PD/Phospho-fill/Validation-allPDB/pdb_cache/5dr2.cif	THR	THR	OG1	CB	ok			-85.61601696893665	ARG:285	ARG	NH1	5.914701684353341	0.0	1.0	CYS:290	CYS	SG	4.498410050947407				0.0	12.0	none_obvious			intermediate				0.0	0.0		unmodified	
O14965	5DT3	A	288	THR_single	1	1	2.33	THR	34		2	127-390	127-390	THR	/mnt/c/Users/drpat/OneDrive - UGent/Desktop/PD/Phospho-fill/Validation-allPDB/pdb_cache/5dt3.cif	THR	THR	OG1	CB	ok			7.91957961710126	ARG:285	ARG	NH2	4.398744539325691	0.0	2.0	ARG:285	ARG	NH2	4.398744539325691	HOH:578	O	5.265180719565825	0.0	18.0	none_obvious			intermediate	TPO:287	TPO	9.612909337475218	0.0	1.0	TPO:287@9.61	unmodified	
P42527	5E9E	B	612	THR_single	1	1	2.4	THR	706		1	552-612,614-813	552-612,614-813	THR	/mnt/c/Users/drpat/OneDrive - UGent/Desktop/PD/Phospho-fill/Validation-allPDB/pdb_cache/5e9e.cif	THR	THR	OG1	CB	ok			14.193758119988871					0.0	0.0	THR:614	THR	OG1	3.733859235647414				0.0	7.0	none_obvious			intermediate				0.0	0.0		unmodified	
P33981	5EH0	A	686	THR_single	1	1	2.18	THR	690		4	516-674,685-698,710-794	516-674,685-698,710-794	THR	/mnt/c/Users/drpat/OneDrive - UGent/Desktop/PD/Phospho-fill/Validation-allPDB/pdb_cache/5eh0.cif	THR	THR	OG1	CB	ok			8.66921530935741	LYS:743	LYS	CE	5.569772674858363	0.0	1.0	ASN:688	ASN	ND2	3.084502533677171	HOH:904	O	5.0884589666149065	0.0	22.0	hbond_like			intermediate				0.0	0.0		unmodified	
P33981	5EHO	A	686	THR_single	1	1	2.18	THR	691		4	519-674,684-698,711-794	519-674,684-698,711-794	THR	/mnt/c/Users/drpat/OneDrive - UGent/Desktop/PD/Phospho-fill/Validation-allPDB/pdb_cache/5eho.cif	THR	THR	OG1	CB	ok			-5.313148708025626	LYS:743	LYS	CE	5.804465864486982	0.0	1.0	ASN:688	ASN	ND2	3.0757442694079162	HOH:1003	O	4.910456852641218	0.0	24.0	hbond_like			buried				0.0	0.0		unmodified	
P33981	5EHY	A	686	THR_single	1	1	2.26	THR	692		4	519-670,684-698,711-794	519-670,684-698,711-794	THR	/mnt/c/Users/drpat/OneDrive - UGent/Desktop/PD/Phospho-fill/Validation-allPDB/pdb_cache/5ehy.cif	THR	THR	OG1	CB	ok			-0.15769910419023989	LYS:743	LYS	NZ	5.488407534326854	0.0	1.0	ASN:688	ASN	ND2	2.994090086347888	HOH:1028	O	6.634138057253961	0.0	23.0	hbond_like			intermediate				0.0	0.0		unmodified	
P33981	5EI6	A	686	THR_single	1	1	2.01	THR	693		4	519-674,680-698,709-794	519-674,680-698,709-794	THR	/mnt/c/Users/drpat/OneDrive - UGent/Desktop/PD/Phospho-fill/Validation-allPDB/pdb_cache/5ei6.cif	THR	THR	OG1	CB	ok			9.015420933069283	LYS:743	LYS	CE	6.560424459366349	0.0	0.0	ASN:688	ASN	ND2	3.364605584739252	HOH:1002	O	4.669851067100467	0.0	22.0	hbond_like			intermediate				0.0	0.0		unmodified	
P33981	5EI8	A	686	THR_single	1	1	2.17	THR	694		4	519-674,684-698,709-753	519-674,684-698,709-753	THR	/mnt/c/Users/drpat/OneDrive - UGent/Desktop/PD/Phospho-fill/Validation-allPDB/pdb_cache/5ei8.cif	THR	THR	OG1	CB	ok			15.716769979857878	LYS:743	LYS	CE	6.323438803187786	0.0	0.0	ASN:688	ASN	ND2	3.387116728913351	HOH:1012	O	4.91327794274451	0.0	19.0	hbond_like			intermediate				0.0	0.0		unmodified	
Q16539	5ETC	A	180	THR_mixed_with_TYR	1	2	2.422	THR	1064		2	1-352	1-352	THR	/mnt/c/Users/drpat/OneDrive - UGent/Desktop/PD/Phospho-fill/Validation-allPDB/pdb_cache/5etc.cif	THR	THR	OG1	CB	ok			116.17993787084025	HIS:228	HIS	CE1	5.195123815577848	0.0	1.0	ASP:177	ASP	OD1	4.781989189943467	HOH:567	O	2.8007191248179297	1.0	23.0	water_mediated_like			intermediate				0.0	0.0		unmodified	
O14965	5G15	A	287	THR_only_multi_2	2	2	2.06	THR	35		2	126-390	126-390	THR,THR	/mnt/c/Users/drpat/OneDrive - UGent/Desktop/PD/Phospho-fill/Validation-allPDB/pdb_cache/5g15.cif	THR	THR	OG1	CB	ok			-121.19644177716548	ARG:285	ARG	NE	4.8071387122635265	0.0	1.0	THR:288	THR	OG1	4.2382744280139	HOH:2091	O	6.326543776063616	0.0	18.0	none_obvious			intermediate				0.0	0.0		unmodified	
O14965	5G15	A	288	THR_only_multi_2	2	2	2.06	THR	35		2	126-390	126-390	THR,THR	/mnt/c/Users/drpat/OneDrive - UGent/Desktop/PD/Phospho-fill/Validation-allPDB/pdb_cache/5g15.cif	THR	THR	OG1	CB	ok			137.7025914490159	ARG:285	ARG	NE	6.169839256857594	0.0	0.0	THR:287	THR	OG1	4.2382744280139	HOH:2091	O	6.974110246284168	0.0	15.0	none_obvious			intermediate				0.0	0.0		unmodified	
O14965	5G1X	A	287	THR_single	1	1	1.72	THR	36		2	126-389	126-389	THR	/mnt/c/Users/drpat/OneDrive - UGent/Desktop/PD/Phospho-fill/Validation-allPDB/pdb_cache/5g1x.cif	THR	THR	OG1	CB	ok			-122.41792061792921	HIS:306	HIS	CE1	6.43170239973329	0.0	0.0	HIS:306	HIS	ND1	6.670935151227201	HOH:2123	O	3.5547297449938267	1.0	11.0	none_obvious			intermediate	TPO:288	TPO	6.006157239438056	1.0	1.0	TPO:288@6.01	unmodified	
D3KVM3	5GN6	A	12	THR_only_multi_2	2	2	2.5	THR	8		2	1-511	1-511	THR,THR	/mnt/c/Users/drpat/OneDrive - UGent/Desktop/PD/Phospho-fill/Validation-allPDB/pdb_cache/5gn6.cif	THR	THR	OG1	CB	ok			-119.6707349575255	HIS:33	HIS	CE1	6.3483136499017645	0.0	0.0	SER:13	SER	OG	4.774309704035089	HOH:709	O	4.875095193156162	0.0	14.0	none_obvious			intermediate				0.0	0.0		unmodified	
D3KVM3	5GN6	A	276	THR_only_multi_2	2	2	2.5	THR	8		2	1-511	1-511	THR,THR	/mnt/c/Users/drpat/OneDrive - UGent/Desktop/PD/Phospho-fill/Validation-allPDB/pdb_cache/5gn6.cif	THR	THR	OG1	CB	ok			122.77996021342531					0.0	0.0					HOH:740	O	4.425162121110506	0.0	10.0	none_obvious			intermediate				0.0	0.0		unmodified	
A0A0R6L508	5GRR	A	285	THR_single	1	1	1.45	THR	0		1	219-541	219-541	THR	/mnt/c/Users/drpat/OneDrive - UGent/Desktop/PD/Phospho-fill/Validation-allPDB/pdb_cache/5grr.cif	THR	THR	OG1	CB	ok			139.4734068723249	HIS:466	HIS	NE2	3.5358023280060107	1.0	5.0	ASP:465	ASP	OD2	3.0224011020708867	HOH:703	O	2.281903876117797	3.0	37.0	hbond_like			exposed				0.0	0.0		unmodified	
P63086	5HD4	A	183	THR_mixed_with_TYR	1	2	1.45	THR	935		2	9-355	9-355	THR	/mnt/c/Users/drpat/OneDrive - UGent/Desktop/PD/Phospho-fill/Validation-allPDB/pdb_cache/5hd4.cif	THR	THR	OG1	CB	ok			112.94074501275607	LYS:201	LYS	CE	7.210384530658332	0.0	0.0	THR:179	THR	OG1	3.047855639832279	HOH:698	O	3.409916678369142	2.0	25.0	hbond_like			exposed				0.0	0.0		unmodified	
P63086	5HD7	A	183	THR_mixed_with_TYR	1	2	1.69	THR	936		2	9-355	9-355	THR	/mnt/c/Users/drpat/OneDrive - UGent/Desktop/PD/Phospho-fill/Validation-allPDB/pdb_cache/5hd7.cif	THR	THR	OG1	CB	ok			116.16833129592564	LYS:201	LYS	CE	7.047452463861084	0.0	0.0	THR:179	THR	OG1	3.1400725912851364	HOH:682	O	3.4685838938718914	2.0	25.0	hbond_like			exposed				0.0	0.0		unmodified	
P06493	5HQ0	A	161	THR_single	1	1	2.3	THR	149		1	1-289	1-289	THR	/mnt/c/Users/drpat/OneDrive - UGent/Desktop/PD/Phospho-fill/Validation-allPDB/pdb_cache/5hq0.cif	THR	THR	OG1	CB	ok			-117.99487022245772	HIS:162	HIS	CD2	7.140341041055298	0.0	0.0	GLU:163	GLU	OE2	2.6513610986699834	HOH:505	O	6.865422279628179	0.0	26.0	hbond_like			buried				0.0	0.0		unmodified	
P53667	5HVJ	A	508	THR_single	1	1	2.2	THR	895		1	329-485,508-633	329-485,508-633	THR	/mnt/c/Users/drpat/OneDrive - UGent/Desktop/PD/Phospho-fill/Validation-allPDB/pdb_cache/5hvj.cif	THR	THR	OG1	CB	ok			33.789113219322					0.0	0.0								0.0	4.0	none_obvious			intermediate				0.0	0.0		unmodified	
P0CE47	5I4Q	C	383	THR_single	1	1	2.35	THR	152		1	209-394	209-394	THR	/mnt/c/Users/drpat/OneDrive - UGent/Desktop/PD/Phospho-fill/Validation-allPDB/pdb_cache/5i4q.cif	THR	THR	OG1	CB	ok			106.78646041530813	ARG:378	ARG	NH2	4.615595702165963	0.0	1.0	ARG:378	ARG	NH2	4.615595702165963				0.0	23.0	none_obvious			intermediate				0.0	0.0		unmodified	
P49759	5J1W	A	342	THR_mixed_with_SER	1	2	2.42	THR	809		2	148-483	148-483	THR	/mnt/c/Users/drpat/OneDrive - UGent/Desktop/PD/Phospho-fill/Validation-allPDB/pdb_cache/5j1w.cif	THR	THR	OG1	CB	ok			115.83755490489442	LYS:290	LYS	NZ	2.6914005706395954	1.0	1.0	LYS:290	LYS	NZ	2.6914005706395954	HOH:613	O	4.583343785442153	0.0	20.0	salt_bridge_like			intermediate				0.0	0.0		unmodified	
Q9NZQ7	5J89	A	127	THR_single	1	1	2.2	THR	1148		1	18-134	18-134	THR	/mnt/c/Users/drpat/OneDrive - UGent/Desktop/PD/Phospho-fill/Validation-allPDB/pdb_cache/5j89.cif	THR	THR	OG1	CB	ok			118.04395580840497	LYS:129	LYS	CE	6.1094202263843504	0.0	0.0	ARG:125	ARG	NH1	6.3146105897182	HOH:309	O	2.619472130518174	2.0	21.0	water_mediated_like			exposed				0.0	0.0		unmodified	
Q9NZQ7	5J8O	A	127	THR_single	1	1	2.3	THR	1149		1	18-134	18-134	THR	/mnt/c/Users/drpat/OneDrive - UGent/Desktop/PD/Phospho-fill/Validation-allPDB/pdb_cache/5j8o.cif	THR	THR	OG1	CB	ok			120.38794401603091	ARG:125	ARG	NE	7.32912971994827	0.0	0.0	ASP:26	ASP	OD2	6.694333835163541	HOH:309	O	5.937971240465192	0.0	24.0	none_obvious			buried				0.0	0.0		unmodified	
P24941	5JQ5	A	160	THR_mixed_with_TYR	1	3	1.94	THR	528		3	3-36,46-298	3-36,46-298	THR	/mnt/c/Users/drpat/OneDrive - UGent/Desktop/PD/Phospho-fill/Validation-allPDB/pdb_cache/5jq5.cif	THR	THR	OG1	CB	ok			-122.80255957140442	HIS:161	HIS	CD2	6.080752536613355	0.0	0.0	THR:158	THR	OG1	2.8033214767027594	HOH:415	O	3.0027598444347814	1.0	38.0	hbond_like			buried				0.0	0.0		unmodified	
O15075	5JZJ	A	484	THR_single	1	1	1.71	THR	77		1	374-590,595-648	374-590,595-648	THR	/mnt/c/Users/drpat/OneDrive - UGent/Desktop/PD/Phospho-fill/Validation-allPDB/pdb_cache/5jzj.cif	THR	THR	OG1	CB	ok			-113.40770620252475	ARG:486	ARG	NE	5.703869280635741	0.0	1.0	ASP:487	ASP	OD2	3.7114562649758507	HOH:821	O	2.613246424821531	3.0	24.0	water_mediated_like			exposed				0.0	0.0		unmodified	
P49841	5K5N	B	277	THR_single	1	1	2.2	THR	863		3	36-45,49-89,95-287,294-384	36-45,49-89,95-287,294-384	THR	/mnt/c/Users/drpat/OneDrive - UGent/Desktop/PD/Phospho-fill/Validation-allPDB/pdb_cache/5k5n.cif	THR	THR	OG1	CB	ok			-118.76659980898177					0.0	0.0	GLN:280	GLN	OE1	3.1691856640753313				0.0	27.0	hbond_like			buried	PTR:216	PTR	25.72462234754035	0.0	0.0		unmodified	
Q9NWZ3	5K75	D	342	THR_mixed_with_SER	1	2	2.03	THR	1125		4	164-194,197-215,222-336,342-458	164-194,197-215,222-336,342-458	THR	/mnt/c/Users/drpat/OneDrive - UGent/Desktop/PD/Phospho-fill/Validation-allPDB/pdb_cache/5k75.cif	THR	THR	OG1	CB	ok			130.19207741745683	LYS:441	LYS	NZ	4.0798182730660075	0.0	1.0	LYS:441	LYS	NZ	4.0798182730660075				0.0	9.0	none_obvious			intermediate	TPO:345	TPO	14.338942270285004	0.0	0.0		unmodified	
P63086	5KE0	A	183	THR_mixed_with_TYR	1	2	1.68	THR	937		2	16-355	16-355	THR	/mnt/c/Users/drpat/OneDrive - UGent/Desktop/PD/Phospho-fill/Validation-allPDB/pdb_cache/5ke0.cif	THR	THR	OG1	CB	ok			115.41379402596891	LYS:201	LYS	CE	6.890710385332809	0.0	0.0	THR:179	THR	OG1	3.176289492743868	HOH:524	O	2.9947859470615805	3.0	25.0	hbond_like			exposed				0.0	0.0		unmodified	
P49841	5KPK	A	277	THR_single	1	1	2.4	THR	864		3	35-119,123-384	35-119,123-384	THR	/mnt/c/Users/drpat/OneDrive - UGent/Desktop/PD/Phospho-fill/Validation-allPDB/pdb_cache/5kpk.cif	THR	THR	OG1	CB	ok			-110.42729740076965	ARG:278	ARG	NE	7.755323102924693	0.0	0.0	GLN:280	GLN	OE1	3.7479309534372263	HOH:651	O	2.7424913209875226	2.0	29.0	water_mediated_like			exposed	PTR:216	PTR	25.29667719993714	0.0	0.0		unmodified	
O14965	5L8K	A	287	THR_single	1	1	1.79	THR	37		2	126-392	126-392	THR	/mnt/c/Users/drpat/OneDrive - UGent/Desktop/PD/Phospho-fill/Validation-allPDB/pdb_cache/5l8k.cif	THR	THR	OG1	CB	ok			145.85942867322038	HIS:306	HIS	CE1	5.137229674183481	0.0	1.0	HIS:306	HIS	NE2	5.421560742757194	HOH:622	O	5.159088649629265	0.0	26.0	none_obvious			buried	TPO:288	TPO	7.288513810472279	1.0	1.0	TPO:288@7.29	unmodified	
O14965	5L8L	A	287	THR_single	1	1	1.67	THR	38		2	126-389	126-389	THR	/mnt/c/Users/drpat/OneDrive - UGent/Desktop/PD/Phospho-fill/Validation-allPDB/pdb_cache/5l8l.cif	THR	THR	OG1	CB	ok			153.4264951170035	ARG:285	ARG	NE	3.7311503642263544	1.0	2.0	ARG:285	ARG	NE	3.7311503642263544	HOH:759	O	7.613324373994502	0.0	31.0	none_obvious			buried	TPO:288	TPO	5.679694696283922	1.0	1.0	TPO:288@5.68	unmodified	
P47811	5LAR	A	180	THR_mixed_with_TYR	1	2	1.5	THR	710		2	4-353	4-353	THR	/mnt/c/Users/drpat/OneDrive - UGent/Desktop/PD/Phospho-fill/Validation-allPDB/pdb_cache/5lar.cif	THR	THR	OG1	CB	ok			-125.67342886195661	ARG:189	ARG	NH2	7.701120616535757	0.0	0.0	ASN:196	ASN	OD1	5.713269001830719	HOH:797	O	3.0508876133356355	2.0	16.0	water_mediated_like			exposed				0.0	0.0		unmodified	
P28482	5LCJ	A	185	THR_mixed_with_TYR	1	2	1.78	THR	591		2	11-332,334-357	11-332,334-357	THR	/mnt/c/Users/drpat/OneDrive - UGent/Desktop/PD/Phospho-fill/Validation-allPDB/pdb_cache/5lcj.cif	THR	THR	OG1	CB	ok			118.92448636000036	LYS:203	LYS	CE	7.231496745127656	0.0	0.0	THR:181	THR	OG1	3.189386585466437	HOH:693	O	3.267728367336349	3.0	23.0	hbond_like			exposed				0.0	0.0		unmodified	
P28482	5LCK	A	185	THR_mixed_with_TYR	1	2	1.89	THR	592		2	11-357	11-357	THR	/mnt/c/Users/drpat/OneDrive - UGent/Desktop/PD/Phospho-fill/Validation-allPDB/pdb_cache/5lck.cif	THR	THR	OG1	CB	ok			118.67166570923483	LYS:203	LYS	CE	7.221988901485375	0.0	0.0	THR:181	THR	OG1	3.166074793165743	HOH:607	O	3.4942497568463575	4.0	23.0	hbond_like			exposed				0.0	0.0		unmodified	
A0A0R6L508	5LRM	A	285	THR_single	1	1	1.75	THR	1		1	219-413,425-541	219-413,425-541	THR	/mnt/c/Users/drpat/OneDrive - UGent/Desktop/PD/Phospho-fill/Validation-allPDB/pdb_cache/5lrm.cif	THR	THR	OG1	CB	ok			140.40995892737476	HIS:466	HIS	NE2	3.667733092492828	1.0	5.0	GLU:246	GLU	OE1	3.2182245023739235	HOH:744	O	2.9951510467703293	2.0	38.0	hbond_like			exposed				0.0	0.0		unmodified	
O14965	5LXM	A	287	THR_single	1	1	2.08	THR	39		2	126-392	126-392	THR	/mnt/c/Users/drpat/OneDrive - UGent/Desktop/PD/Phospho-fill/Validation-allPDB/pdb_cache/5lxm.cif	THR	THR	OG1	CB	ok			-120.97798294566383	ARG:286	ARG	NE	6.196705610570833	0.0	0.0	ARG:286	ARG	NE	6.196705610570833	HOH:616	O	2.6139380071020946	1.0	14.0	water_mediated_like			intermediate	TPO:288	TPO	5.185875226398487	1.0	1.0	TPO:288@5.19	unmodified	
P24941	5MHQ	A	160	THR_mixed_with_TYR	1	3	1.3	THR	529		3	1-37,47-298	1-37,47-298	THR	/mnt/c/Users/drpat/OneDrive - UGent/Desktop/PD/Phospho-fill/Validation-allPDB/pdb_cache/5mhq.cif	THR	THR	OG1	CB	ok			-119.1189097546538	HIS:161	HIS	CD2	6.015038634208039	0.0	0.0	THR:158	THR	OG1	3.208832429677929	HOH:476	O	2.9629585707624533	2.0	37.0	hbond_like			exposed				0.0	0.0		unmodified	
P0DMV8	5MKR	A	66	THR_single	1	1	1.87	THR	174		1	1-189,191-380	1-189,191-380	THR	/mnt/c/Users/drpat/OneDrive - UGent/Desktop/PD/Phospho-fill/Validation-allPDB/pdb_cache/5mkr.cif	THR	THR	OG1	CB	ok			127.48131195524505					0.0	0.0	GLN:58	GLN	NE2	2.8599075893586847	HOH:536	O	4.682564586724868	0.0	46.0	hbond_like			buried				0.0	0.0		unmodified	
P0DMV8	5MKS	A	66	THR_single	1	1	1.99	THR	175		1	3-380	3-380	THR	/mnt/c/Users/drpat/OneDrive - UGent/Desktop/PD/Phospho-fill/Validation-allPDB/pdb_cache/5mks.cif	THR	THR	OG1	CB	ok			129.32601417952588					0.0	0.0	GLN:58	GLN	NE2	2.8136977466196873	HOH:527	O	4.9450426495058055	0.0	46.0	hbond_like			buried				0.0	0.0		unmodified	
P48730	5MQV	C	220	THR_single	1	1	2.154	THR	782		2	6-293	6-293	THR	/mnt/c/Users/drpat/OneDrive - UGent/Desktop/PD/Phospho-fill/Validation-allPDB/pdb_cache/5mqv.cif	THR	THR	OG1	CB	ok			136.77906353662175					0.0	0.0								0.0	12.0	none_obvious			intermediate				0.0	0.0		unmodified	
P33981	5MRB	A	675	THR_mixed_with_SER	3	4	2.2	THR	695		4	519-677,683-697,711-795	519-677,683-697,711-795	THR,THR,THR	/mnt/c/Users/drpat/OneDrive - UGent/Desktop/PD/Phospho-fill/Validation-allPDB/pdb_cache/5mrb.cif	THR	THR	OG1	CB	ok			13.419746570859207	LYS:538	LYS	NZ	7.741204711656546	0.0	0.0	THR:676	THR	OG1	4.571673048257014				0.0	14.0	none_obvious			intermediate				0.0	0.0		unmodified	
P33981	5MRB	A	676	THR_mixed_with_SER	3	4	2.2	THR	695		4	519-677,683-697,711-795	519-677,683-697,711-795	THR,THR,THR	/mnt/c/Users/drpat/OneDrive - UGent/Desktop/PD/Phospho-fill/Validation-allPDB/pdb_cache/5mrb.cif	THR	THR	OG1	CB	ok			115.0584132095722					0.0	0.0	THR:675	THR	OG1	4.571673048257014				0.0	8.0	none_obvious			intermediate				0.0	0.0		unmodified	
P33981	5MRB	A	686	THR_mixed_with_SER	3	4	2.2	THR	695		4	519-677,683-697,711-795	519-677,683-697,711-795	THR,THR,THR	/mnt/c/Users/drpat/OneDrive - UGent/Desktop/PD/Phospho-fill/Validation-allPDB/pdb_cache/5mrb.cif	THR	THR	OG1	CB	ok			9.990291571845855	LYS:743	LYS	NZ	5.813202076810797	0.0	1.0	ASN:688	ASN	ND2	3.2758025909053297	HOH:1007	O	4.76464611512302	0.0	25.0	hbond_like			buried				0.0	0.0		unmodified	
Q16539	5MZ3	A	180	THR_mixed_with_TYR	1	2	2.15	THR	1065		2	4-353	4-353	THR	/mnt/c/Users/drpat/OneDrive - UGent/Desktop/PD/Phospho-fill/Validation-allPDB/pdb_cache/5mz3.cif	THR	THR	OG1	CB	ok			123.31598079438335	HIS:228	HIS	CE1	4.992180194454614	0.0	1.0	HIS:228	HIS	ND1	5.551402456330152	HOH:541	O	5.230087867456774	0.0	25.0	none_obvious			buried				0.0	0.0		unmodified	
Q9NZQ7	5N2D	A	127	THR_single	1	1	2.35	THR	1150		1	18-134	18-134	THR	/mnt/c/Users/drpat/OneDrive - UGent/Desktop/PD/Phospho-fill/Validation-allPDB/pdb_cache/5n2d.cif	THR	THR	OG1	CB	ok			119.51191649759744	ARG:125	ARG	NE	6.832371755591921	0.0	0.0	ASP:26	ASP	OD2	6.321821602855335	HOH:235	O	3.120613526303562	1.0	24.0	water_mediated_like			buried				0.0	0.0		unmodified	
Q9NZQ7	5N2F	A	127	THR_single	1	1	1.7	THR	1151		1	18-134	18-134	THR	/mnt/c/Users/drpat/OneDrive - UGent/Desktop/PD/Phospho-fill/Validation-allPDB/pdb_cache/5n2f.cif	THR	THR	OG1	CB	ok			116.02456380734588	ARG:125	ARG	NH2	5.747448923464375	0.0	1.0	ARG:125	ARG	NH2	5.747448923464375	HOH:230	O	2.7222833777562534	2.0	21.0	water_mediated_like			exposed				0.0	0.0		unmodified	
P33981	5N84	A	686	THR_single	1	1	2.3	THR	696		4	519-670,683-698,710-794	519-670,683-698,710-794	THR	/mnt/c/Users/drpat/OneDrive - UGent/Desktop/PD/Phospho-fill/Validation-allPDB/pdb_cache/5n84.cif	THR	THR	OG1	CB	ok			8.709676450664945	LYS:743	LYS	NZ	5.49494555941171	0.0	1.0	ASN:688	ASN	ND2	2.6636434012475076	HOH:1035	O	5.008478020294544	0.0	20.0	hbond_like			intermediate				0.0	0.0		unmodified	
O43353	5NG0	B	111	THR_single	1	1	2.0	THR	91		2	5-172,183-201,205-299	5-172,183-201,205-299	THR	/mnt/c/Users/drpat/OneDrive - UGent/Desktop/PD/Phospho-fill/Validation-allPDB/pdb_cache/5ng0.cif	THR	THR	OG1	CB	ok			124.11145492148376					0.0	0.0					HOH:660	O	3.9714623562432148	1.0	8.0	none_obvious			intermediate				0.0	0.0		unmodified	
P28482	5NHF	A	185	THR_mixed_with_TYR	1	2	2.14	THR	593		2	12-332,337-355	12-332,337-355	THR	/mnt/c/Users/drpat/OneDrive - UGent/Desktop/PD/Phospho-fill/Validation-allPDB/pdb_cache/5nhf.cif	THR	THR	OG1	CB	ok			132.1697178858041	LYS:203	LYS	CE	7.0763740208780055	0.0	0.0	THR:181	THR	OG1	3.0533702867194092	HOH:510	O	3.4000862541254455	1.0	26.0	hbond_like			buried				0.0	0.0		unmodified	
P28482	5NHH	A	185	THR_mixed_with_TYR	1	2	1.94	THR	594		2	11-358	11-358	THR	/mnt/c/Users/drpat/OneDrive - UGent/Desktop/PD/Phospho-fill/Validation-allPDB/pdb_cache/5nhh.cif	THR	THR	OG1	CB	ok			-125.39628277943413	LYS:203	LYS	CE	7.007813094484095	0.0	0.0	THR:181	THR	OG1	3.287615497567101	HOH:516	O	2.7205602419187964	2.0	28.0	hbond_like			exposed				0.0	0.0		unmodified	
P28482	5NHJ	A	185	THR_mixed_with_TYR	1	2	2.12	THR	595		2	11-355	11-355	THR	/mnt/c/Users/drpat/OneDrive - UGent/Desktop/PD/Phospho-fill/Validation-allPDB/pdb_cache/5nhj.cif	THR	THR	OG1	CB	ok			117.91422432058762	LYS:203	LYS	CE	7.565322823019781	0.0	0.0	THR:181	THR	OG1	3.436970863647522	HOH:538	O	3.8214939178974365	1.0	20.0	hbond_like			intermediate				0.0	0.0		unmodified	
P28482	5NHL	A	185	THR_mixed_with_TYR	1	2	2.07	THR	596		2	11-355	11-355	THR	/mnt/c/Users/drpat/OneDrive - UGent/Desktop/PD/Phospho-fill/Validation-allPDB/pdb_cache/5nhl.cif	THR	THR	OG1	CB	ok			112.75522435649127	LYS:203	LYS	CE	6.805657733055979	0.0	0.0	THR:181	THR	OG1	3.1814349714244567	HOH:514	O	3.8717908501157634	1.0	22.0	hbond_like			intermediate				0.0	0.0		unmodified	
P28482	5NHO	A	185	THR_mixed_with_TYR	1	2	2.24	THR	597		2	11-331,334-355	11-331,334-355	THR	/mnt/c/Users/drpat/OneDrive - UGent/Desktop/PD/Phospho-fill/Validation-allPDB/pdb_cache/5nho.cif	THR	THR	OG1	CB	ok			116.94343410763825	LYS:203	LYS	CE	7.226806302812104	0.0	0.0	THR:181	THR	OG1	3.340488844829203	HOH:516	O	2.6961261194121864	2.0	20.0	hbond_like			exposed				0.0	0.0		unmodified	
P28482	5NHP	A	185	THR_mixed_with_TYR	1	2	1.99	THR	598		2	11-330,338-355	11-330,338-355	THR	/mnt/c/Users/drpat/OneDrive - UGent/Desktop/PD/Phospho-fill/Validation-allPDB/pdb_cache/5nhp.cif	THR	THR	OG1	CB	ok			122.4627145295932	LYS:203	LYS	CE	6.90225737131596	0.0	0.0	THR:181	THR	OG1	2.9824517678007263	HOH:505	O	3.5592541366827013	1.0	22.0	hbond_like			intermediate				0.0	0.0		unmodified	
P28482	5NHV	A	185	THR_mixed_with_TYR	1	2	2.0	THR	599		2	11-355	11-355	THR	/mnt/c/Users/drpat/OneDrive - UGent/Desktop/PD/Phospho-fill/Validation-allPDB/pdb_cache/5nhv.cif	THR	THR	OG1	CB	ok			145.92208766836092	LYS:259	LYS	NZ	6.351164140983091	0.0	0.0	THR:181	THR	OG1	3.591824866674879	HOH:579	O	2.8323826791719577	2.0	22.0	water_mediated_like			exposed				0.0	0.0		unmodified	
Q9NZQ7	5NIU	A	127	THR_single	1	1	2.01	THR	1152		1	18-134	18-134	THR	/mnt/c/Users/drpat/OneDrive - UGent/Desktop/PD/Phospho-fill/Validation-allPDB/pdb_cache/5niu.cif	THR	THR	OG1	CB	ok			115.97792134564308					0.0	0.0	ASP:26	ASP	OD1	6.5674073939680575	HOH:326	O	2.63476289773542	2.0	21.0	water_mediated_like			exposed				0.0	0.0		unmodified	
Q9NZQ7	5O45	A	127	THR_single	1	1	0.99	THR	1153		1	17-134	17-134	THR	/mnt/c/Users/drpat/OneDrive - UGent/Desktop/PD/Phospho-fill/Validation-allPDB/pdb_cache/5o45.cif	THR	THR	OG1	CB	ok			119.59597526195952	ARG:125	ARG	NE	7.292333164611596	0.0	0.0	ASP:26	ASP	OD1	6.453760508047416	HOH:332	O	2.589593867500108	4.0	20.0	water_mediated_like			exposed				0.0	0.0		unmodified	
Q9NZQ7	5O4Y	B	127	THR_single	1	1	2.3	THR	1154		1	18-132	18-132	THR	/mnt/c/Users/drpat/OneDrive - UGent/Desktop/PD/Phospho-fill/Validation-allPDB/pdb_cache/5o4y.cif	THR	THR	OG1	CB	ok			108.55902749632837					0.0	0.0	ASP:26	ASP	OD1	7.138584021944683				0.0	23.0	none_obvious			intermediate				0.0	0.0		unmodified	
Q13164	5O7I	A	219	THR_mixed_with_TYR	1	2	2.38	THR	990		2	54-393	54-393	THR	/mnt/c/Users/drpat/OneDrive - UGent/Desktop/PD/Phospho-fill/Validation-allPDB/pdb_cache/5o7i.cif	THR	THR	OG1	CB	ok			-119.37406100396385	HIS:237	HIS	NE2	7.420052726501718	0.0	0.0	SER:235	SER	OG	2.80034889985019	HOH:616	O	4.219320213976382	0.0	45.0	hbond_like			buried				0.0	0.0		unmodified	
P48730	5OKT	C	220	THR_single	1	1	2.13	THR	783		2	4-16,18-41,47-294	4-16,18-41,47-294	THR	/mnt/c/Users/drpat/OneDrive - UGent/Desktop/PD/Phospho-fill/Validation-allPDB/pdb_cache/5okt.cif	THR	THR	OG1	CB	ok			-9.886218142637262					0.0	0.0								0.0	12.0	none_obvious			intermediate				0.0	0.0		unmodified	
P24941	5OO0	A	160	THR_mixed_with_TYR	1	3	1.6	THR	530		3	2-36,44-296	2-36,44-296	THR	/mnt/c/Users/drpat/OneDrive - UGent/Desktop/PD/Phospho-fill/Validation-allPDB/pdb_cache/5oo0.cif	THR	THR	OG1	CB	ok			-132.11449571596418	HIS:161	HIS	CD2	6.006545236693926	0.0	0.0	GLU:162	GLU	OE1	3.144459259536028	HOH:431	O	3.182682768712948	1.0	36.0	hbond_like			buried				0.0	0.0		unmodified	
P24941	5OO3	A	160	THR_mixed_with_TYR	1	3	1.73	THR	531		3	2-37,45-294	2-37,45-294	THR	/mnt/c/Users/drpat/OneDrive - UGent/Desktop/PD/Phospho-fill/Validation-allPDB/pdb_cache/5oo3.cif	THR	THR	OG1	CB	ok			-114.51919101229403	HIS:161	HIS	CD2	6.11665861720183	0.0	0.0	THR:158	THR	OG1	3.0050136525383278	HOH:432	O	3.0643120381201268	1.0	38.0	hbond_like			buried				0.0	0.0		unmodified	
O14965	5ORL	A	287	THR_single	1	1	1.69	THR	40		2	127-391	127-391	THR	/mnt/c/Users/drpat/OneDrive - UGent/Desktop/PD/Phospho-fill/Validation-allPDB/pdb_cache/5orl.cif	THR	THR	OG1	CB	ok			130.89661788422404	HIS:176	HIS	NE2	3.291287511193996	1.0	2.0	HIS:176	HIS	NE2	3.291287511193996	HOH:665	O	3.4975128619991174	1.0	25.0	salt_bridge_like			buried	TPO:288	TPO	6.902497924523683	1.0	1.0	TPO:288@6.90	unmodified	
O14965	5ORN	A	287	THR_single	1	1	2.19	THR	41		2	127-391	127-391	THR	/mnt/c/Users/drpat/OneDrive - UGent/Desktop/PD/Phospho-fill/Validation-allPDB/pdb_cache/5orn.cif	THR	THR	OG1	CB	ok			-10.690209197456923	HIS:176	HIS	NE2	5.473251503749949	0.0	1.0	GLN:177	GLN	OE1	4.388344498752413				0.0	25.0	none_obvious			buried	TPO:288	TPO	4.99567331844599	1.0	1.0	TPO:288@5.00	unmodified	
O14965	5ORO	A	287	THR_single	1	1	2.12	THR	42		2	127-391	127-391	THR	/mnt/c/Users/drpat/OneDrive - UGent/Desktop/PD/Phospho-fill/Validation-allPDB/pdb_cache/5oro.cif	THR	THR	OG1	CB	ok			-13.378099165510216	HIS:176	HIS	NE2	5.096594320104573	0.0	1.0	GLN:177	GLN	OE1	4.411562500082566	HOH:537	O	7.4166120243876295	0.0	26.0	none_obvious			buried	TPO:288	TPO	5.271598234147001	1.0	1.0	TPO:288@5.27	unmodified	
O14965	5ORP	A	287	THR_single	1	1	2.19	THR	43		2	127-391	127-391	THR	/mnt/c/Users/drpat/OneDrive - UGent/Desktop/PD/Phospho-fill/Validation-allPDB/pdb_cache/5orp.cif	THR	THR	OG1	CB	ok			143.74551736075315	HIS:176	HIS	CE1	3.6445740741055204	1.0	3.0	GLN:177	GLN	NE2	3.9782464380660674	HOH:512	O	5.838824758195599	0.0	29.0	none_obvious			buried	TPO:288	TPO	7.086143997573457	1.0	1.0	TPO:288@7.09	unmodified	
O14965	5ORR	A	287	THR_single	1	1	2.09	THR	44		2	127-391	127-391	THR	/mnt/c/Users/drpat/OneDrive - UGent/Desktop/PD/Phospho-fill/Validation-allPDB/pdb_cache/5orr.cif	THR	THR	OG1	CB	ok			137.16965703655939	HIS:176	HIS	CE1	3.4362444279254443	1.0	1.0	HIS:176	HIS	NE2	3.696332788727581	HOH:560	O	4.595935990806657	0.0	25.0	salt_bridge_like			buried	TPO:288	TPO	6.911845320393949	1.0	1.0	TPO:288@6.91	unmodified	
O14965	5ORS	A	287	THR_single	1	1	1.98	THR	45		2	127-391	127-391	THR	/mnt/c/Users/drpat/OneDrive - UGent/Desktop/PD/Phospho-fill/Validation-allPDB/pdb_cache/5ors.cif	THR	THR	OG1	CB	ok			135.20334270703069	HIS:176	HIS	CE1	3.313584613448297	1.0	2.0	HIS:176	HIS	NE2	3.50572691215663	HOH:507	O	6.079678860640842	0.0	28.0	salt_bridge_like			buried	TPO:288	TPO	6.8071792532659	1.0	1.0	TPO:288@6.81	unmodified	
O14965	5ORV	A	287	THR_single	1	1	1.88	THR	46		2	127-391	127-391	THR	/mnt/c/Users/drpat/OneDrive - UGent/Desktop/PD/Phospho-fill/Validation-allPDB/pdb_cache/5orv.cif	THR	THR	OG1	CB	ok			139.26965805462117	HIS:176	HIS	NE2	3.3428249430193784	1.0	1.0	HIS:176	HIS	NE2	3.3428249430193784	HOH:573	O	6.215530093397911	0.0	27.0	salt_bridge_like			buried	TPO:288	TPO	6.864794773967307	1.0	1.0	TPO:288@6.86	unmodified	
O14965	5ORW	A	287	THR_single	1	1	2.0	THR	47		2	127-391	127-391	THR	/mnt/c/Users/drpat/OneDrive - UGent/Desktop/PD/Phospho-fill/Validation-allPDB/pdb_cache/5orw.cif	THR	THR	OG1	CB	ok			142.31770218425555	HIS:176	HIS	NE2	3.405903176952555	1.0	1.0	HIS:176	HIS	NE2	3.405903176952555	HOH:549	O	7.700150194685936	0.0	26.0	salt_bridge_like			buried	TPO:288	TPO	6.918487868720568	1.0	1.0	TPO:288@6.92	unmodified	
O14965	5ORX	A	287	THR_single	1	1	1.88	THR	48		2	127-391	127-391	THR	/mnt/c/Users/drpat/OneDrive - UGent/Desktop/PD/Phospho-fill/Validation-allPDB/pdb_cache/5orx.cif	THR	THR	OG1	CB	ok			133.80167943105974	HIS:176	HIS	CE1	3.388236425327269	1.0	2.0	HIS:176	HIS	NE2	3.446415602620139	HOH:531	O	6.615354181638394	0.0	29.0	salt_bridge_like			buried	TPO:288	TPO	6.761397143124937	1.0	1.0	TPO:288@6.76	unmodified	
O14965	5ORY	A	287	THR_single	1	1	1.99	THR	49		2	127-391	127-391	THR	/mnt/c/Users/drpat/OneDrive - UGent/Desktop/PD/Phospho-fill/Validation-allPDB/pdb_cache/5ory.cif	THR	THR	OG1	CB	ok			141.11544840823277	HIS:176	HIS	NE2	3.5475754057276414	1.0	2.0	HIS:176	HIS	NE2	3.5475754057276414	HOH:506	O	7.490844384090329	0.0	29.0	none_obvious			buried	TPO:288	TPO	6.96102033561573	1.0	1.0	TPO:288@6.96	unmodified	
O14965	5ORZ	A	287	THR_single	1	1	1.92	THR	50		2	127-391	127-391	THR	/mnt/c/Users/drpat/OneDrive - UGent/Desktop/PD/Phospho-fill/Validation-allPDB/pdb_cache/5orz.cif	THR	THR	OG1	CB	ok			143.45817259315444	HIS:176	HIS	NE2	3.6094329247246666	1.0	2.0	HIS:176	HIS	NE2	3.6094329247246666	HOH:575	O	6.180173484849967	0.0	28.0	none_obvious			buried	TPO:288	TPO	7.161949026259038	1.0	1.0	TPO:288@7.16	unmodified	
O14965	5OS0	A	287	THR_single	1	1	1.74	THR	51		2	127-391	127-391	THR	/mnt/c/Users/drpat/OneDrive - UGent/Desktop/PD/Phospho-fill/Validation-allPDB/pdb_cache/5os0.cif	THR	THR	OG1	CB	ok			136.34919285108163	HIS:176	HIS	CE1	3.1157531989277594	1.0	2.0	HIS:176	HIS	NE2	3.2711841743935075	HOH:503	O	6.497166678530161	0.0	29.0	salt_bridge_like			buried	TPO:288	TPO	6.937756496711155	1.0	1.0	TPO:288@6.94	unmodified	
O14965	5OS1	A	287	THR_single	1	1	1.9	THR	52		2	127-391	127-391	THR	/mnt/c/Users/drpat/OneDrive - UGent/Desktop/PD/Phospho-fill/Validation-allPDB/pdb_cache/5os1.cif	THR	THR	OG1	CB	ok			134.02170022037558	HIS:176	HIS	CE1	3.3168297008493455	1.0	1.0	HIS:176	HIS	NE2	3.5478514390784794	HOH:529	O	6.391922384322062	0.0	26.0	salt_bridge_like			buried	TPO:288	TPO	6.967712971233448	1.0	1.0	TPO:288@6.97	unmodified	
O14965	5OS3	A	287	THR_single	1	1	1.81	THR	53		2	127-391	127-391	THR	/mnt/c/Users/drpat/OneDrive - UGent/Desktop/PD/Phospho-fill/Validation-allPDB/pdb_cache/5os3.cif	THR	THR	OG1	CB	ok			132.1872729765759	HIS:176	HIS	NE2	3.263172264064815	1.0	2.0	HIS:176	HIS	NE2	3.263172264064815	HOH:562	O	6.247212984633974	0.0	28.0	salt_bridge_like			buried	TPO:288	TPO	6.710090822523355	1.0	1.0	TPO:288@6.71	unmodified	
O14965	5OS4	A	287	THR_single	1	1	1.88	THR	54		2	127-391	127-391	THR	/mnt/c/Users/drpat/OneDrive - UGent/Desktop/PD/Phospho-fill/Validation-allPDB/pdb_cache/5os4.cif	THR	THR	OG1	CB	ok			-14.052853542476425	HIS:176	HIS	NE2	5.079418182995531	0.0	1.0	GLN:177	GLN	NE2	4.40418743359215	HOH:614	O	7.008081390224011	0.0	26.0	none_obvious			buried	TPO:288	TPO	5.035843456255537	1.0	1.0	TPO:288@5.04	unmodified	
O14965	5OS5	A	287	THR_single	1	1	1.74	THR	55		2	125-392	125-392	THR	/mnt/c/Users/drpat/OneDrive - UGent/Desktop/PD/Phospho-fill/Validation-allPDB/pdb_cache/5os5.cif	THR	THR	OG1	CB	ok			128.173023517657	HIS:176	HIS	CE1	3.3336891894510274	1.0	1.0	HIS:176	HIS	NE2	3.5535545539455566	HOH:559	O	6.817871264043828	0.0	26.0	salt_bridge_like			buried	TPO:288	TPO	6.901709535343112	1.0	1.0	TPO:288@6.90	unmodified	
O14965	5OS6	A	287	THR_single	1	1	2.2	THR	56		2	127-391	127-391	THR	/mnt/c/Users/drpat/OneDrive - UGent/Desktop/PD/Phospho-fill/Validation-allPDB/pdb_cache/5os6.cif	THR	THR	OG1	CB	ok			141.63935100720053	HIS:176	HIS	CE1	3.3946141855835976	1.0	2.0	HIS:176	HIS	NE2	3.688226822934513				0.0	27.0	salt_bridge_like			buried	TPO:288	TPO	6.714537453521684	1.0	1.0	TPO:288@6.71	unmodified	
O14965	5OSD	A	287	THR_single	1	1	1.99	THR	57		2	125-391	125-391	THR	/mnt/c/Users/drpat/OneDrive - UGent/Desktop/PD/Phospho-fill/Validation-allPDB/pdb_cache/5osd.cif	THR	THR	OG1	CB	ok			140.65073614532298	HIS:176	HIS	CE1	3.571708052794963	1.0	1.0	HIS:176	HIS	NE2	3.9327491550078593	HOH:557	O	6.271660041490347	0.0	28.0	none_obvious			buried	TPO:288	TPO	6.990323426716043	1.0	1.0	TPO:288@6.99	unmodified	
O14965	5OSE	A	287	THR_single	1	1	1.9	THR	58		2	127-391	127-391	THR	/mnt/c/Users/drpat/OneDrive - UGent/Desktop/PD/Phospho-fill/Validation-allPDB/pdb_cache/5ose.cif	THR	THR	OG1	CB	ok			-16.360544366390158	HIS:176	HIS	CE1	5.18711127217107	0.0	1.0	GLN:177	GLN	NE2	4.033264461254359	HOH:518	O	6.888258727141387	0.0	29.0	none_obvious			buried	TPO:288	TPO	5.116800803875169	1.0	1.0	TPO:288@5.12	unmodified	
O14965	5OSF	A	287	THR_single	1	1	1.89	THR	59		2	127-391	127-391	THR	/mnt/c/Users/drpat/OneDrive - UGent/Desktop/PD/Phospho-fill/Validation-allPDB/pdb_cache/5osf.cif	THR	THR	OG1	CB	ok			146.02474392974827	HIS:176	HIS	NE2	3.4838828767827703	1.0	2.0	HIS:176	HIS	NE2	3.4838828767827703	HOH:535	O	6.249640090493188	0.0	26.0	salt_bridge_like			buried	TPO:288	TPO	6.983341502295077	1.0	1.0	TPO:288@6.98	unmodified	
P24941	5OSJ	A	160	THR_mixed_with_TYR	1	3	1.83	THR	532		3	2-38,42-296	2-38,42-296	THR	/mnt/c/Users/drpat/OneDrive - UGent/Desktop/PD/Phospho-fill/Validation-allPDB/pdb_cache/5osj.cif	THR	THR	OG1	CB	ok			-130.5070938510463	HIS:161	HIS	ND1	6.179330580874878	0.0	0.0	THR:158	THR	OG1	3.3057923253300694	HOH:425	O	2.993179096470488	1.0	33.0	hbond_like			buried				0.0	0.0		unmodified	
P24941	5OSM	A	160	THR_mixed_with_TYR	1	3	1.77	THR	533		3	1-36,45-296	1-36,45-296	THR	/mnt/c/Users/drpat/OneDrive - UGent/Desktop/PD/Phospho-fill/Validation-allPDB/pdb_cache/5osm.cif	THR	THR	OG1	CB	ok			-119.65224664845756	HIS:161	HIS	CD2	6.086734523713893	0.0	0.0	THR:158	THR	OG1	3.073368432728645	HOH:554	O	3.0704931080388054	3.0	37.0	hbond_like			exposed				0.0	0.0		unmodified	
O94804	5OWR	A	185	THR_only_multi_2	2	2	2.3	THR	117		3	23-43,48-70,73-188,196-317	23-43,48-70,73-188,196-317	THR,THR	/mnt/c/Users/drpat/OneDrive - UGent/Desktop/PD/Phospho-fill/Validation-allPDB/pdb_cache/5owr.cif	THR	THR	OG1	CB	ok			116.96246906550593					0.0	0.0	ASN:182	ASN	ND2	6.127343434887008				0.0	18.0	none_obvious			intermediate				0.0	0.0		unmodified	
O94804	5OWR	A	208	THR_only_multi_2	2	2	2.3	THR	117		3	23-43,48-70,73-188,196-317	23-43,48-70,73-188,196-317	THR,THR	/mnt/c/Users/drpat/OneDrive - UGent/Desktop/PD/Phospho-fill/Validation-allPDB/pdb_cache/5owr.cif	THR	THR	OG1	CB	ok			112.9663143687266					0.0	0.0	TYR:214	TYR	OH	6.518010573905902				0.0	21.0	none_obvious			intermediate				0.0	0.0		unmodified	
P47811	5R8U	A	180	THR_mixed_with_TYR	1	2	1.48	THR	711		2	5-117,120-352	5-117,120-352	THR	/mnt/c/Users/drpat/OneDrive - UGent/Desktop/PD/Phospho-fill/Validation-allPDB/pdb_cache/5r8u.cif	THR	THR	OG1	CB	ok			116.59288705490223	HIS:228	HIS	CE1	5.137572418000303	0.0	1.0	ASP:177	ASP	OD1	4.752389915312837	HOH:525	O	5.196743233388985	0.0	23.0	none_obvious			intermediate				0.0	0.0		unmodified	
P47811	5R8V	A	180	THR_mixed_with_TYR	1	2	1.479	THR	712		2	5-172,174-352	5-172,174-352	THR	/mnt/c/Users/drpat/OneDrive - UGent/Desktop/PD/Phospho-fill/Validation-allPDB/pdb_cache/5r8v.cif	THR	THR	OG1	CB	ok			121.48341961285026	HIS:228	HIS	CE1	5.051596948074338	0.0	1.0	ASP:177	ASP	OD1	4.763518633516454	HOH:505	O	4.864200558358565	0.0	23.0	none_obvious			intermediate				0.0	0.0		unmodified	
P47811	5R8W	A	180	THR_mixed_with_TYR	1	2	1.5	THR	713		2	5-352	5-352	THR	/mnt/c/Users/drpat/OneDrive - UGent/Desktop/PD/Phospho-fill/Validation-allPDB/pdb_cache/5r8w.cif	THR	THR	OG1	CB	ok			118.54943837621659	HIS:228	HIS	CE1	5.063057573381673	0.0	1.0	HIS:228	HIS	ND1	5.717956505630512	HOH:616	O	6.722209332450539	0.0	21.0	none_obvious			intermediate				0.0	0.0		unmodified	
P47811	5R8X	A	180	THR_mixed_with_TYR	1	2	1.73	THR	714		2	5-352	5-352	THR	/mnt/c/Users/drpat/OneDrive - UGent/Desktop/PD/Phospho-fill/Validation-allPDB/pdb_cache/5r8x.cif	THR	THR	OG1	CB	ok			119.40118127093625	HIS:228	HIS	CE1	5.117361675527387	0.0	1.0	HIS:228	HIS	ND1	5.768886035930279	HOH:630	O	5.224099765350906	0.0	21.0	none_obvious			intermediate				0.0	0.0		unmodified	
P47811	5R8Y	A	180	THR_mixed_with_TYR	1	2	1.679	THR	715		2	4-30,32-117,120-352	4-30,32-117,120-352	THR	/mnt/c/Users/drpat/OneDrive - UGent/Desktop/PD/Phospho-fill/Validation-allPDB/pdb_cache/5r8y.cif	THR	THR	OG1	CB	ok			117.66436013525077	HIS:228	HIS	CE1	5.114179332831482	0.0	1.0	ASP:177	ASP	OD2	4.6207504749639785	HOH:514	O	5.042181428183493	0.0	23.0	none_obvious			intermediate				0.0	0.0		unmodified	
P47811	5R8Z	A	180	THR_mixed_with_TYR	1	2	1.65	THR	716		2	5-352	5-352	THR	/mnt/c/Users/drpat/OneDrive - UGent/Desktop/PD/Phospho-fill/Validation-allPDB/pdb_cache/5r8z.cif	THR	THR	OG1	CB	ok			116.04902344758823	HIS:228	HIS	CE1	4.981485526328667	0.0	1.0	ASP:177	ASP	OD1	4.776098797414903	HOH:522	O	5.202872478470213	0.0	24.0	none_obvious			buried				0.0	0.0		unmodified	
P47811	5R90	A	180	THR_mixed_with_TYR	1	2	1.619	THR	717		2	4-32,34-117,122-171,174-352	4-32,34-117,122-171,174-352	THR	/mnt/c/Users/drpat/OneDrive - UGent/Desktop/PD/Phospho-fill/Validation-allPDB/pdb_cache/5r90.cif	THR	THR	OG1	CB	ok			116.45368161206949	HIS:228	HIS	CE1	5.093782577158461	0.0	1.0	ASP:177	ASP	OD1	4.785007323652912	HOH:505	O	5.053634748768551	0.0	23.0	none_obvious			intermediate				0.0	0.0		unmodified	
P47811	5R91	A	180	THR_mixed_with_TYR	1	2	1.731	THR	718		2	5-31,34-352	5-31,34-352	THR	/mnt/c/Users/drpat/OneDrive - UGent/Desktop/PD/Phospho-fill/Validation-allPDB/pdb_cache/5r91.cif	THR	THR	OG1	CB	ok			117.86584340058666	HIS:228	HIS	CE1	5.142766101744621	0.0	1.0	ASP:177	ASP	OD2	4.88422641563445	HOH:504	O	4.924639746637537	0.0	23.0	none_obvious			intermediate				0.0	0.0		unmodified	
P47811	5R92	A	180	THR_mixed_with_TYR	1	2	1.66	THR	719		2	4-32,35-171,174-352	4-32,35-171,174-352	THR	/mnt/c/Users/drpat/OneDrive - UGent/Desktop/PD/Phospho-fill/Validation-allPDB/pdb_cache/5r92.cif	THR	THR	OG1	CB	ok			120.80322297344365	HIS:228	HIS	CE1	5.221554332246645	0.0	1.0	ASP:177	ASP	OD1	4.892551732205139	HOH:762	O	6.7445552918586715	0.0	24.0	none_obvious			buried				0.0	0.0		unmodified	
P47811	5R93	A	180	THR_mixed_with_TYR	1	2	1.489	THR	720		2	4-172,174-352	4-172,174-352	THR	/mnt/c/Users/drpat/OneDrive - UGent/Desktop/PD/Phospho-fill/Validation-allPDB/pdb_cache/5r93.cif	THR	THR	OG1	CB	ok			119.74165325188406	HIS:228	HIS	CE1	4.967271951534694	0.0	1.0	ASP:177	ASP	OD1	4.482076624037475	HOH:717	O	6.6159460437982895	0.0	24.0	none_obvious			buried				0.0	0.0		unmodified	
P47811	5R94	A	180	THR_mixed_with_TYR	1	2	1.45	THR	721		2	4-31,34-172,174-352	4-31,34-172,174-352	THR	/mnt/c/Users/drpat/OneDrive - UGent/Desktop/PD/Phospho-fill/Validation-allPDB/pdb_cache/5r94.cif	THR	THR	OG1	CB	ok			119.22996439003244	HIS:228	HIS	CE1	5.1965455848669775	0.0	1.0	ASP:177	ASP	OD1	4.74985029327999	HOH:759	O	6.787304069617852	0.0	23.0	none_obvious			intermediate				0.0	0.0		unmodified	
P47811	5R95	A	180	THR_mixed_with_TYR	1	2	1.59	THR	722		2	4-32,35-172,174-352	4-32,35-172,174-352	THR	/mnt/c/Users/drpat/OneDrive - UGent/Desktop/PD/Phospho-fill/Validation-allPDB/pdb_cache/5r95.cif	THR	THR	OG1	CB	ok			118.73017619466731	HIS:228	HIS	CE1	5.119887314784821	0.0	1.0	HIS:228	HIS	ND1	5.750457311834481	HOH:504	O	4.799929048144039	0.0	21.0	none_obvious			intermediate				0.0	0.0		unmodified	
P47811	5R96	A	180	THR_mixed_with_TYR	1	2	1.767	THR	723		2	5-172,174-352	5-172,174-352	THR	/mnt/c/Users/drpat/OneDrive - UGent/Desktop/PD/Phospho-fill/Validation-allPDB/pdb_cache/5r96.cif	THR	THR	OG1	CB	ok			120.83995913385012	HIS:228	HIS	CE1	5.039367928740931	0.0	1.0	ASP:177	ASP	OD2	4.627318770010177	HOH:636	O	6.782165048044482	0.0	23.0	none_obvious			intermediate				0.0	0.0		unmodified	
P47811	5R97	A	180	THR_mixed_with_TYR	1	2	1.438	THR	724		2	5-352	5-352	THR	/mnt/c/Users/drpat/OneDrive - UGent/Desktop/PD/Phospho-fill/Validation-allPDB/pdb_cache/5r97.cif	THR	THR	OG1	CB	ok			118.09930822615509	HIS:228	HIS	CE1	5.0598502841944475	0.0	1.0	ASP:177	ASP	OD2	5.071880822826291	HOH:551	O	2.7152877861559146	2.0	23.0	water_mediated_like			exposed				0.0	0.0		unmodified	
P47811	5R98	A	180	THR_mixed_with_TYR	1	2	1.68	THR	725		2	5-352	5-352	THR	/mnt/c/Users/drpat/OneDrive - UGent/Desktop/PD/Phospho-fill/Validation-allPDB/pdb_cache/5r98.cif	THR	THR	OG1	CB	ok			121.20119498444218	HIS:228	HIS	CE1	5.036442891827599	0.0	1.0	ASP:177	ASP	OD2	4.686485759629334	HOH:503	O	5.011496614235188	0.0	23.0	none_obvious			intermediate				0.0	0.0		unmodified	
P47811	5R99	A	180	THR_mixed_with_TYR	1	2	1.89	THR	726		2	5-31,35-117,119-352	5-31,35-117,119-352	THR	/mnt/c/Users/drpat/OneDrive - UGent/Desktop/PD/Phospho-fill/Validation-allPDB/pdb_cache/5r99.cif	THR	THR	OG1	CB	ok			121.83101175116799	HIS:228	HIS	CE1	5.213659832299511	0.0	1.0	ASP:177	ASP	OD1	4.818359573328668	HOH:503	O	4.789062631997122	0.0	23.0	none_obvious			intermediate				0.0	0.0		unmodified	
P47811	5R9A	A	180	THR_mixed_with_TYR	1	2	1.53	THR	727		2	5-352	5-352	THR	/mnt/c/Users/drpat/OneDrive - UGent/Desktop/PD/Phospho-fill/Validation-allPDB/pdb_cache/5r9a.cif	THR	THR	OG1	CB	ok			114.53408562068611	HIS:228	HIS	CE1	4.8100969065026185	0.0	1.0	HIS:228	HIS	ND1	5.494193012154262	HOH:502	O	5.012141918350562	0.0	23.0	none_obvious			intermediate				0.0	0.0		unmodified	
P47811	5R9B	A	180	THR_mixed_with_TYR	1	2	1.657	THR	728		2	5-31,35-171,174-352	5-31,35-171,174-352	THR	/mnt/c/Users/drpat/OneDrive - UGent/Desktop/PD/Phospho-fill/Validation-allPDB/pdb_cache/5r9b.cif	THR	THR	OG1	CB	ok			119.73037597343297	HIS:228	HIS	CE1	5.079710714616104	0.0	1.0	HIS:228	HIS	ND1	5.711571391464547	HOH:511	O	4.858093791460571	0.0	21.0	none_obvious			intermediate				0.0	0.0		unmodified	
P47811	5R9C	A	180	THR_mixed_with_TYR	1	2	1.74	THR	729		2	5-32,34-352	5-32,34-352	THR	/mnt/c/Users/drpat/OneDrive - UGent/Desktop/PD/Phospho-fill/Validation-allPDB/pdb_cache/5r9c.cif	THR	THR	OG1	CB	ok			118.85804450212709	HIS:228	HIS	CE1	5.219265405857058	0.0	1.0	HIS:228	HIS	ND1	5.837243332739347	HOH:504	O	4.739237603940341	0.0	22.0	none_obvious			intermediate				0.0	0.0		unmodified	
P47811	5R9D	A	180	THR_mixed_with_TYR	1	2	1.69	THR	730		2	5-32,36-109,111-352	5-32,36-109,111-352	THR	/mnt/c/Users/drpat/OneDrive - UGent/Desktop/PD/Phospho-fill/Validation-allPDB/pdb_cache/5r9d.cif	THR	THR	OG1	CB	ok			119.3929808886896	HIS:228	HIS	CE1	4.778707749819842	0.0	1.0	ASP:177	ASP	OD2	5.212817703096779	HOH:511	O	5.0459462666352275	0.0	25.0	none_obvious			buried				0.0	0.0		unmodified	
P47811	5R9E	A	180	THR_mixed_with_TYR	1	2	1.775	THR	731		2	5-32,35-172,174-352	5-32,35-172,174-352	THR	/mnt/c/Users/drpat/OneDrive - UGent/Desktop/PD/Phospho-fill/Validation-allPDB/pdb_cache/5r9e.cif	THR	THR	OG1	CB	ok			118.22395481634237	HIS:228	HIS	CE1	5.204733597891292	0.0	1.0	HIS:228	HIS	ND1	5.883010201977417	HOH:501	O	4.745222432558152	0.0	21.0	none_obvious			intermediate				0.0	0.0		unmodified	
P47811	5R9F	A	180	THR_mixed_with_TYR	1	2	1.986	THR	732		2	5-32,35-172,174-352	5-32,35-172,174-352	THR	/mnt/c/Users/drpat/OneDrive - UGent/Desktop/PD/Phospho-fill/Validation-allPDB/pdb_cache/5r9f.cif	THR	THR	OG1	CB	ok			119.31813287077165	HIS:228	HIS	CE1	5.040058630770257	0.0	1.0	HIS:228	HIS	ND1	5.722865341663362	HOH:505	O	5.074687072505408	0.0	21.0	none_obvious			intermediate				0.0	0.0		unmodified	
P47811	5R9G	A	180	THR_mixed_with_TYR	1	2	1.73	THR	733		2	5-352	5-352	THR	/mnt/c/Users/drpat/OneDrive - UGent/Desktop/PD/Phospho-fill/Validation-allPDB/pdb_cache/5r9g.cif	THR	THR	OG1	CB	ok			119.66870713645706	HIS:228	HIS	CE1	5.126168535419673	0.0	1.0	HIS:228	HIS	ND1	5.7473285750864225	HOH:509	O	4.985531645015636	0.0	21.0	none_obvious			intermediate				0.0	0.0		unmodified	
P47811	5R9H	A	180	THR_mixed_with_TYR	1	2	1.49	THR	734		2	5-31,35-172,174-352	5-31,35-172,174-352	THR	/mnt/c/Users/drpat/OneDrive - UGent/Desktop/PD/Phospho-fill/Validation-allPDB/pdb_cache/5r9h.cif	THR	THR	OG1	CB	ok			116.27001457367996	HIS:228	HIS	CE1	5.144681793019657	0.0	1.0	HIS:228	HIS	ND1	5.796417128297471	HOH:504	O	5.072959847713824	0.0	21.0	none_obvious			intermediate				0.0	0.0		unmodified	
P47811	5R9I	A	180	THR_mixed_with_TYR	1	2	1.813	THR	735		2	5-30,37-117,121-171,174-352	5-30,37-117,121-171,174-352	THR	/mnt/c/Users/drpat/OneDrive - UGent/Desktop/PD/Phospho-fill/Validation-allPDB/pdb_cache/5r9i.cif	THR	THR	OG1	CB	ok			118.14515406059273	HIS:228	HIS	CE1	5.0302931665933075	0.0	1.0	HIS:228	HIS	ND1	5.6494574428840165	HOH:502	O	4.860012750129427	0.0	21.0	none_obvious			intermediate				0.0	0.0		unmodified	
P47811	5R9J	A	180	THR_mixed_with_TYR	1	2	1.52	THR	736		2	4-32,35-117,120-172,174-352	4-32,35-117,120-172,174-352	THR	/mnt/c/Users/drpat/OneDrive - UGent/Desktop/PD/Phospho-fill/Validation-allPDB/pdb_cache/5r9j.cif	THR	THR	OG1	CB	ok			117.59239419448299	HIS:228	HIS	CE1	5.123838236242646	0.0	1.0	HIS:228	HIS	ND1	5.774561317054978	HOH:709	O	6.730715304742672	0.0	21.0	none_obvious			intermediate				0.0	0.0		unmodified	
P47811	5R9K	A	180	THR_mixed_with_TYR	1	2	1.498	THR	737		2	4-115,122-352	4-115,122-352	THR	/mnt/c/Users/drpat/OneDrive - UGent/Desktop/PD/Phospho-fill/Validation-allPDB/pdb_cache/5r9k.cif	THR	THR	OG1	CB	ok			115.4206947355657	HIS:228	HIS	CE1	4.969367346795306	0.0	1.0	ASP:177	ASP	OD1	4.8750511558508025	HOH:512	O	5.098072927073985	0.0	24.0	none_obvious			buried				0.0	0.0		unmodified	
P47811	5R9L	A	180	THR_mixed_with_TYR	1	2	1.47	THR	738		2	4-31,35-117,120-171,174-352	4-31,35-117,120-171,174-352	THR	/mnt/c/Users/drpat/OneDrive - UGent/Desktop/PD/Phospho-fill/Validation-allPDB/pdb_cache/5r9l.cif	THR	THR	OG1	CB	ok			115.46892645710138	HIS:228	HIS	CE1	5.034359764611731	0.0	1.0	ASP:177	ASP	OD1	4.999482319392914	HOH:506	O	5.139582761557295	0.0	23.0	none_obvious			intermediate				0.0	0.0		unmodified	
P47811	5R9M	A	180	THR_mixed_with_TYR	1	2	1.809	THR	739		2	5-31,35-117,120-171,174-352	5-31,35-117,120-171,174-352	THR	/mnt/c/Users/drpat/OneDrive - UGent/Desktop/PD/Phospho-fill/Validation-allPDB/pdb_cache/5r9m.cif	THR	THR	OG1	CB	ok			118.76769072299805	HIS:228	HIS	CE1	5.095015642178481	0.0	1.0	HIS:228	HIS	ND1	5.744728708083276	HOH:502	O	4.940918573538086	0.0	21.0	none_obvious			intermediate				0.0	0.0		unmodified	
P47811	5R9N	A	180	THR_mixed_with_TYR	1	2	1.688	THR	740		2	4-30,36-117,120-352	4-30,36-117,120-352	THR	/mnt/c/Users/drpat/OneDrive - UGent/Desktop/PD/Phospho-fill/Validation-allPDB/pdb_cache/5r9n.cif	THR	THR	OG1	CB	ok			114.5957619432731	HIS:228	HIS	CE1	4.9618246216298605	0.0	1.0	HIS:228	HIS	ND1	5.657227585861203	HOH:684	O	6.707528175811076	0.0	22.0	none_obvious			intermediate				0.0	0.0		unmodified	
P47811	5R9O	A	180	THR_mixed_with_TYR	1	2	1.6	THR	741		2	5-352	5-352	THR	/mnt/c/Users/drpat/OneDrive - UGent/Desktop/PD/Phospho-fill/Validation-allPDB/pdb_cache/5r9o.cif	THR	THR	OG1	CB	ok			118.85891281283818	HIS:228	HIS	CE1	5.119318277816597	0.0	1.0	HIS:228	HIS	ND1	5.764484307797712	HOH:648	O	6.505685484633812	0.0	21.0	none_obvious			intermediate				0.0	0.0		unmodified	
P47811	5R9P	A	180	THR_mixed_with_TYR	1	2	1.72	THR	742		2	5-352	5-352	THR	/mnt/c/Users/drpat/OneDrive - UGent/Desktop/PD/Phospho-fill/Validation-allPDB/pdb_cache/5r9p.cif	THR	THR	OG1	CB	ok			121.50816723488806	HIS:228	HIS	CE1	5.079581827845709	0.0	1.0	HIS:228	HIS	ND1	5.744141826580163	HOH:703	O	6.743981993519837	0.0	21.0	none_obvious			intermediate				0.0	0.0		unmodified	
P47811	5R9Q	A	180	THR_mixed_with_TYR	1	2	1.645	THR	743		2	5-117,120-352	5-117,120-352	THR	/mnt/c/Users/drpat/OneDrive - UGent/Desktop/PD/Phospho-fill/Validation-allPDB/pdb_cache/5r9q.cif	THR	THR	OG1	CB	ok			120.059888278493	HIS:228	HIS	CE1	5.134434112201257	0.0	1.0	ASP:177	ASP	OD1	4.8397189475247915	HOH:686	O	6.619794915121086	0.0	23.0	none_obvious			intermediate				0.0	0.0		unmodified	
P47811	5R9R	A	180	THR_mixed_with_TYR	1	2	1.76	THR	744		2	5-352	5-352	THR	/mnt/c/Users/drpat/OneDrive - UGent/Desktop/PD/Phospho-fill/Validation-allPDB/pdb_cache/5r9r.cif	THR	THR	OG1	CB	ok			119.60131975298184	HIS:228	HIS	CE1	5.060706621188494	0.0	1.0	HIS:228	HIS	ND1	5.706625287709382	HOH:665	O	6.499048819485258	0.0	21.0	none_obvious			intermediate				0.0	0.0		unmodified	
P47811	5R9S	A	180	THR_mixed_with_TYR	1	2	1.7	THR	745		2	5-352	5-352	THR	/mnt/c/Users/drpat/OneDrive - UGent/Desktop/PD/Phospho-fill/Validation-allPDB/pdb_cache/5r9s.cif	THR	THR	OG1	CB	ok			120.7158056427027	HIS:228	HIS	CE1	5.06015691150081	0.0	1.0	HIS:228	HIS	ND1	5.7060868786484225	HOH:669	O	6.64711155138613	0.0	21.0	none_obvious			intermediate				0.0	0.0		unmodified	
P47811	5R9T	A	180	THR_mixed_with_TYR	1	2	1.8	THR	746		2	5-31,34-352	5-31,34-352	THR	/mnt/c/Users/drpat/OneDrive - UGent/Desktop/PD/Phospho-fill/Validation-allPDB/pdb_cache/5r9t.cif	THR	THR	OG1	CB	ok			117.77961106031027	HIS:228	HIS	CE1	4.895445145894563	0.0	1.0	HIS:228	HIS	ND1	5.614704363553246	HOH:502	O	5.160301295352702	0.0	22.0	none_obvious			intermediate				0.0	0.0		unmodified	
P47811	5R9U	A	180	THR_mixed_with_TYR	1	2	1.67	THR	747		2	5-169,173-352	5-169,173-352	THR	/mnt/c/Users/drpat/OneDrive - UGent/Desktop/PD/Phospho-fill/Validation-allPDB/pdb_cache/5r9u.cif	THR	THR	OG1	CB	ok			120.14002075776021	HIS:228	HIS	CE1	5.139008237020479	0.0	1.0	HIS:228	HIS	ND1	5.7526082900174345	HOH:628	O	6.405190940041919	0.0	21.0	none_obvious			intermediate				0.0	0.0		unmodified	
P47811	5R9V	A	180	THR_mixed_with_TYR	1	2	1.45	THR	748		2	5-352	5-352	THR	/mnt/c/Users/drpat/OneDrive - UGent/Desktop/PD/Phospho-fill/Validation-allPDB/pdb_cache/5r9v.cif	THR	THR	OG1	CB	ok			120.84195235524508	HIS:228	HIS	CE1	5.124746805021156	0.0	1.0	HIS:228	HIS	ND1	5.742156531071712	HOH:679	O	6.574659562617923	0.0	21.0	none_obvious			intermediate				0.0	0.0		unmodified	
P47811	5R9W	A	180	THR_mixed_with_TYR	1	2	1.89	THR	749		2	5-352	5-352	THR	/mnt/c/Users/drpat/OneDrive - UGent/Desktop/PD/Phospho-fill/Validation-allPDB/pdb_cache/5r9w.cif	THR	THR	OG1	CB	ok			121.14160175203408	HIS:228	HIS	CE1	4.973920182290823	0.0	1.0	HIS:228	HIS	ND1	5.630013026467448	HOH:584	O	6.8032491181763985	0.0	21.0	none_obvious			intermediate				0.0	0.0		unmodified	
P47811	5R9X	A	180	THR_mixed_with_TYR	1	2	1.72	THR	750		2	5-32,35-352	5-32,35-352	THR	/mnt/c/Users/drpat/OneDrive - UGent/Desktop/PD/Phospho-fill/Validation-allPDB/pdb_cache/5r9x.cif	THR	THR	OG1	CB	ok			120.0797421683716	HIS:228	HIS	CE1	5.1068580804044075	0.0	1.0	HIS:228	HIS	ND1	5.78064010494575	HOH:649	O	6.608898321680357	0.0	21.0	none_obvious			intermediate				0.0	0.0		unmodified	
P47811	5R9Y	A	180	THR_mixed_with_TYR	1	2	1.57	THR	751		2	5-118,122-171,174-352	5-118,122-171,174-352	THR	/mnt/c/Users/drpat/OneDrive - UGent/Desktop/PD/Phospho-fill/Validation-allPDB/pdb_cache/5r9y.cif	THR	THR	OG1	CB	ok			118.33991688805767	HIS:228	HIS	CE1	4.986929188992331	0.0	1.0	HIS:228	HIS	ND1	5.592093849700204	HOH:654	O	6.571645305603532	0.0	21.0	none_obvious			intermediate				0.0	0.0		unmodified	
P47811	5R9Z	A	180	THR_mixed_with_TYR	1	2	1.66	THR	752		2	5-352	5-352	THR	/mnt/c/Users/drpat/OneDrive - UGent/Desktop/PD/Phospho-fill/Validation-allPDB/pdb_cache/5r9z.cif	THR	THR	OG1	CB	ok			119.43163944477365	HIS:228	HIS	CE1	4.965993598409372	0.0	1.0	HIS:228	HIS	ND1	5.614635074677548	HOH:507	O	4.973844190849994	0.0	21.0	none_obvious			intermediate				0.0	0.0		unmodified	
P47811	5RA0	A	180	THR_mixed_with_TYR	1	2	1.91	THR	753		2	5-117,121-352	5-117,121-352	THR	/mnt/c/Users/drpat/OneDrive - UGent/Desktop/PD/Phospho-fill/Validation-allPDB/pdb_cache/5ra0.cif	THR	THR	OG1	CB	ok			125.46124997228921	HIS:228	HIS	CE1	4.79440724590694	0.0	1.0	HIS:228	HIS	ND1	5.574567932237962	HOH:659	O	6.487071955901097	0.0	22.0	none_obvious			intermediate				0.0	0.0		unmodified	
P47811	5RA1	A	180	THR_mixed_with_TYR	1	2	1.61	THR	754		2	5-352	5-352	THR	/mnt/c/Users/drpat/OneDrive - UGent/Desktop/PD/Phospho-fill/Validation-allPDB/pdb_cache/5ra1.cif	THR	THR	OG1	CB	ok			118.73884207748125	HIS:228	HIS	CE1	5.080576249904943	0.0	1.0	HIS:228	HIS	ND1	5.692213173090565	HOH:676	O	6.643916646987857	0.0	21.0	none_obvious			intermediate				0.0	0.0		unmodified	
P47811	5RA2	A	180	THR_mixed_with_TYR	1	2	1.57	THR	755		2	5-352	5-352	THR	/mnt/c/Users/drpat/OneDrive - UGent/Desktop/PD/Phospho-fill/Validation-allPDB/pdb_cache/5ra2.cif	THR	THR	OG1	CB	ok			119.87531335216795	HIS:228	HIS	CE1	5.179607174500589	0.0	1.0	HIS:228	HIS	ND1	5.820095371275226	HOH:675	O	6.588235460702977	0.0	21.0	none_obvious			intermediate				0.0	0.0		unmodified	
P47811	5RA3	A	180	THR_mixed_with_TYR	1	2	1.57	THR	756		2	5-118,122-352	5-118,122-352	THR	/mnt/c/Users/drpat/OneDrive - UGent/Desktop/PD/Phospho-fill/Validation-allPDB/pdb_cache/5ra3.cif	THR	THR	OG1	CB	ok			120.17428176403634	HIS:228	HIS	CE1	5.145762296018225	0.0	1.0	HIS:228	HIS	ND1	5.769169764255637	HOH:699	O	6.713581361239443	0.0	21.0	none_obvious			intermediate				0.0	0.0		unmodified	
P47811	5RA4	A	180	THR_mixed_with_TYR	1	2	1.59	THR	757		2	5-352	5-352	THR	/mnt/c/Users/drpat/OneDrive - UGent/Desktop/PD/Phospho-fill/Validation-allPDB/pdb_cache/5ra4.cif	THR	THR	OG1	CB	ok			122.86539479496778	HIS:228	HIS	CE1	5.20181564648874	0.0	1.0	HIS:228	HIS	ND1	5.839005021821017	HOH:654	O	6.482142833262941	0.0	21.0	none_obvious			intermediate				0.0	0.0		unmodified	
P47811	5RA5	A	180	THR_mixed_with_TYR	1	2	1.54	THR	758		2	5-352	5-352	THR	/mnt/c/Users/drpat/OneDrive - UGent/Desktop/PD/Phospho-fill/Validation-allPDB/pdb_cache/5ra5.cif	THR	THR	OG1	CB	ok			121.61809006930456	HIS:228	HIS	CE1	5.166070368839946	0.0	1.0	HIS:228	HIS	ND1	5.769707345775475	HOH:655	O	6.4752871808682695	0.0	21.0	none_obvious			intermediate				0.0	0.0		unmodified	
P47811	5RA6	A	180	THR_mixed_with_TYR	1	2	1.86	THR	759		2	5-352	5-352	THR	/mnt/c/Users/drpat/OneDrive - UGent/Desktop/PD/Phospho-fill/Validation-allPDB/pdb_cache/5ra6.cif	THR	THR	OG1	CB	ok			122.9955200247851	HIS:228	HIS	CE1	5.1101562473573985	0.0	1.0	HIS:228	HIS	ND1	5.752004458732377	HOH:665	O	6.469025925949427	0.0	21.0	none_obvious			intermediate				0.0	0.0		unmodified	
P47811	5RA7	A	180	THR_mixed_with_TYR	1	2	1.92	THR	760		2	5-352	5-352	THR	/mnt/c/Users/drpat/OneDrive - UGent/Desktop/PD/Phospho-fill/Validation-allPDB/pdb_cache/5ra7.cif	THR	THR	OG1	CB	ok			118.48216072639622	HIS:228	HIS	CE1	5.189229000888506	0.0	1.0	HIS:228	HIS	ND1	5.867893221643007	HOH:503	O	5.0794929159698015	0.0	21.0	none_obvious			intermediate				0.0	0.0		unmodified	
P47811	5RA8	A	180	THR_mixed_with_TYR	1	2	1.78	THR	761		2	5-116,121-352	5-116,121-352	THR	/mnt/c/Users/drpat/OneDrive - UGent/Desktop/PD/Phospho-fill/Validation-allPDB/pdb_cache/5ra8.cif	THR	THR	OG1	CB	ok			117.48054632599101	HIS:228	HIS	CE1	5.020072614301588	0.0	1.0	HIS:228	HIS	ND1	5.62190090476232	HOH:502	O	4.946423714079565	0.0	21.0	none_obvious			intermediate				0.0	0.0		unmodified	
P47811	5RA9	A	180	THR_mixed_with_TYR	1	2	1.68	THR	762		2	5-352	5-352	THR	/mnt/c/Users/drpat/OneDrive - UGent/Desktop/PD/Phospho-fill/Validation-allPDB/pdb_cache/5ra9.cif	THR	THR	OG1	CB	ok			119.43697404693472	HIS:228	HIS	CE1	5.069156622334932	0.0	1.0	HIS:228	HIS	ND1	5.693263853701706	HOH:504	O	4.797050657070668	0.0	21.0	none_obvious			intermediate				0.0	0.0		unmodified	
Q9H8S9	5TWG	A	35	THR_single	1	1	2.3	THR	1118		2	15-18,23-211	15-18,23-211	THR	/mnt/c/Users/drpat/OneDrive - UGent/Desktop/PD/Phospho-fill/Validation-allPDB/pdb_cache/5twg.cif	THR	THR	OG1	CB	ok			-126.44090210825341	HIS:31	HIS	CD2	5.217250592300314	0.0	1.0	HIS:31	HIS	NE2	5.971990625365861	HOH:416	O	3.5299396687575855	1.0	35.0	none_obvious			buried				0.0	0.0		unmodified	
Q9H8S9	5TWH	A	35	THR_single	1	1	2.5	THR	1119		2	15-18,22-211	15-18,22-211	THR	/mnt/c/Users/drpat/OneDrive - UGent/Desktop/PD/Phospho-fill/Validation-allPDB/pdb_cache/5twh.cif	THR	THR	OG1	CB	ok			-129.4420021769255	HIS:31	HIS	CD2	4.785492290634311	0.0	1.0	HIS:31	HIS	NE2	5.54379695604537	HOH:405	O	3.1031051766340143	1.0	36.0	water_mediated_like			buried				0.0	0.0		unmodified	
P63086	5U6I	A	183	THR_mixed_with_TYR	1	2	1.69	THR	938		2	16-33,35-355	16-33,35-355	THR	/mnt/c/Users/drpat/OneDrive - UGent/Desktop/PD/Phospho-fill/Validation-allPDB/pdb_cache/5u6i.cif	THR	THR	OG1	CB	ok			112.78904308303682	LYS:201	LYS	CE	6.886399426755952	0.0	0.0	THR:179	THR	OG1	3.0097198676777723	HOH:638	O	3.5508744467556537	2.0	25.0	hbond_like			exposed				0.0	0.0		unmodified	
Q9NWZ3	5UIT	A	342	THR_mixed_with_SER	1	2	1.84	THR	1126		4	162-215,222-336,342-458	162-215,222-336,342-458	THR	/mnt/c/Users/drpat/OneDrive - UGent/Desktop/PD/Phospho-fill/Validation-allPDB/pdb_cache/5uit.cif	THR	THR	OG1	CB	ok			-41.141981691173626	LYS:441	LYS	CE	5.2651253201778045	0.0	1.0	GLU:363	GLU	OE2	3.9807226032316	HOH:650	O	6.91856560779082	0.0	27.0	none_obvious			buried	TPO:345	TPO	11.718102672941715	0.0	1.0	TPO:345@11.72	unmodified	
P63086	5UMO	A	183	THR_mixed_with_TYR	1	2	2.26	THR	939		2	4-10,15-354	4-10,15-354	THR	/mnt/c/Users/drpat/OneDrive - UGent/Desktop/PD/Phospho-fill/Validation-allPDB/pdb_cache/5umo.cif	THR	THR	OG1	CB	ok			127.84645419543787	LYS:201	LYS	CE	7.3061625966155805	0.0	0.0	THR:179	THR	OG1	3.1594205368454276	HOH:540	O	3.346643370758941	2.0	22.0	hbond_like			exposed				0.0	0.0		unmodified	
P47811	5UOJ	A	180	THR_mixed_with_TYR	1	2	2.1	THR	763		2	5-172,179-353	5-172,179-353	THR	/mnt/c/Users/drpat/OneDrive - UGent/Desktop/PD/Phospho-fill/Validation-allPDB/pdb_cache/5uoj.cif	THR	THR	OG1	CB	ok			108.31922398130808	HIS:228	HIS	CE1	5.2387281921825455	0.0	1.0	HIS:228	HIS	ND1	5.851368191808298	HOH:726	O	4.211724273479113	0.0	9.0	none_obvious			intermediate				0.0	0.0		unmodified	
Q99683	5UOX	A	838	THR_single	1	1	2.5	THR	1115		2	670-829,838-940	670-829,838-940	THR	/mnt/c/Users/drpat/OneDrive - UGent/Desktop/PD/Phospho-fill/Validation-allPDB/pdb_cache/5uox.cif	THR	THR	OG1	CB	ok			11.377819230667754	ARG:802	ARG	NH1	7.495777046749995	0.0	0.0	ARG:802	ARG	NH1	7.495777046749995				0.0	7.0	none_obvious			intermediate				0.0	0.0		unmodified	
Q99683	5V24	B	838	THR_single	1	1	2.5	THR	1116		2	670-829,838-940	670-829,838-940	THR	/mnt/c/Users/drpat/OneDrive - UGent/Desktop/PD/Phospho-fill/Validation-allPDB/pdb_cache/5v24.cif	THR	THR	OG1	CB	ok			-1.911578984926847	ARG:802	ARG	NH1	7.6641025831683	0.0	0.0	TYR:691	TYR	OH	7.074793361690428				0.0	4.0	none_obvious			intermediate				0.0	0.0		unmodified	
Q99640	5VCW	A	260	THR_single	1	1	2.25	THR	1102		1	77-361	77-361	THR	/mnt/c/Users/drpat/OneDrive - UGent/Desktop/PD/Phospho-fill/Validation-allPDB/pdb_cache/5vcw.cif	THR	THR	OG1	CB	ok			127.4688649827346	LYS:163	LYS	NZ	6.5604089884452845	0.0	0.0	GLU:257	GLU	OE2	4.810413404131988				0.0	18.0	none_obvious			intermediate				0.0	0.0		unmodified	
Q99640	5VCY	A	260	THR_single	1	1	1.56	THR	1103		1	77-362	77-362	THR	/mnt/c/Users/drpat/OneDrive - UGent/Desktop/PD/Phospho-fill/Validation-allPDB/pdb_cache/5vcy.cif	THR	THR	OG1	CB	ok			-121.94679980493102	LYS:163	LYS	NZ	5.326337570863636	0.0	1.0	GLU:257	GLU	OE1	4.608599370893864	HOH:555	O	6.292175287238088	0.0	26.0	none_obvious			buried				0.0	0.0		unmodified	
Q99640	5VCZ	A	260	THR_single	1	1	1.5	THR	1104		1	78-361	78-361	THR	/mnt/c/Users/drpat/OneDrive - UGent/Desktop/PD/Phospho-fill/Validation-allPDB/pdb_cache/5vcz.cif	THR	THR	OG1	CB	ok			28.77778364289818	LYS:163	LYS	CE	7.29241667390147	0.0	0.0	GLU:257	GLU	OE1	6.09858763720422	HOH:523	O	2.591993771863654	1.0	28.0	water_mediated_like			buried				0.0	0.0		unmodified	
Q99640	5VD0	A	260	THR_single	1	1	2.13	THR	1105		1	77-361	77-361	THR	/mnt/c/Users/drpat/OneDrive - UGent/Desktop/PD/Phospho-fill/Validation-allPDB/pdb_cache/5vd0.cif	THR	THR	OG1	CB	ok			98.37567540967848	LYS:163	LYS	NZ	6.4100235843837865	0.0	0.0	GLU:257	GLU	OE1	2.9665447596967174				0.0	17.0	hbond_like			intermediate				0.0	0.0		unmodified	
Q99640	5VD1	A	260	THR_single	1	1	1.7	THR	1106		1	77-361	77-361	THR	/mnt/c/Users/drpat/OneDrive - UGent/Desktop/PD/Phospho-fill/Validation-allPDB/pdb_cache/5vd1.cif	THR	THR	OG1	CB	ok			-107.04230833294767	LYS:163	LYS	NZ	5.8568732234420215	0.0	1.0	GLU:257	GLU	OE1	4.793754007855192	HOH:514	O	2.5799276910119566	1.0	28.0	water_mediated_like			buried				0.0	0.0		unmodified	
Q99640	5VD3	A	260	THR_single	1	1	1.8	THR	1107		1	78-360	78-360	THR	/mnt/c/Users/drpat/OneDrive - UGent/Desktop/PD/Phospho-fill/Validation-allPDB/pdb_cache/5vd3.cif	THR	THR	OG1	CB	ok			113.90734656508434	LYS:163	LYS	NZ	5.654023028773807	0.0	1.0	GLU:257	GLU	OE1	3.29964280729733	HOH:572	O	5.913359598391372	0.0	18.0	hbond_like			intermediate				0.0	0.0		unmodified	
O96013	5VED	A	562	THR_single	1	1	2.301	THR	133		2	300-589	300-589	THR	/mnt/c/Users/drpat/OneDrive - UGent/Desktop/PD/Phospho-fill/Validation-allPDB/pdb_cache/5ved.cif	THR	THR	OG1	CB	ok			-109.43878640970104	HIS:432	HIS	ND1	7.332464191044734	0.0	0.0	GLU:565	GLU	OE2	3.7167623262183693	HOH:706	O	4.472966101602234	0.0	23.0	none_obvious			intermediate	SEP:474	SEP	22.39386008925927	0.0	0.0		unmodified	
O96013	5VEE	A	562	THR_single	1	1	2.5	THR	134		2	300-589	300-589	THR	/mnt/c/Users/drpat/OneDrive - UGent/Desktop/PD/Phospho-fill/Validation-allPDB/pdb_cache/5vee.cif	THR	THR	OG1	CB	ok			133.48997754270732	ARG:551	ARG	NH2	6.769181491980481	0.0	0.0	GLU:565	GLU	OE2	3.7107459696911285				0.0	20.0	none_obvious			intermediate	SEP:474	SEP	21.48583289919818	0.0	0.0		unmodified	
O96013	5VEF	A	562	THR_single	1	1	1.752	THR	135		2	300-589	300-589	THR	/mnt/c/Users/drpat/OneDrive - UGent/Desktop/PD/Phospho-fill/Validation-allPDB/pdb_cache/5vef.cif	THR	THR	OG1	CB	ok			-114.32158501622479	HIS:432	HIS	ND1	7.476306235995621	0.0	0.0	GLU:565	GLU	OE1	3.583377060625286	HOH:823	O	3.6955852885613587	2.0	23.0	none_obvious			exposed	SEP:474	SEP	22.533716534332175	0.0	0.0		unmodified	
O43293	5VJA	A	265	THR_single	1	1	2.46	THR	87		2	9-48,54-277	9-48,54-277	THR	/mnt/c/Users/drpat/OneDrive - UGent/Desktop/PD/Phospho-fill/Validation-allPDB/pdb_cache/5vja.cif	THR	THR	OG1	CB	ok			-105.27655830948119	HIS:131	HIS	ND1	7.234172039155852	0.0	0.0	GLN:268	GLN	OE1	3.571197725854294	HOH:1101	O	2.2137207216040897	2.0	25.0	water_mediated_like			exposed				0.0	0.0		unmodified	
P48730	5W4W	A	220	THR_single	1	1	1.99	THR	784		2	3-293	3-293	THR	/mnt/c/Users/drpat/OneDrive - UGent/Desktop/PD/Phospho-fill/Validation-allPDB/pdb_cache/5w4w.cif	THR	THR	OG1	CB	ok			-95.92357467118246	ARG:222	ARG	NE	6.944404692216478	0.0	0.0	GLN:223	GLN	NE2	4.366001564826132	HOH:4126	O	6.523302688738595	0.0	25.0	none_obvious			buried				0.0	0.0		unmodified	
P28482	5WP1	A	185	THR_mixed_with_TYR	1	2	1.4	THR	600		2	15-357	15-357	THR	/mnt/c/Users/drpat/OneDrive - UGent/Desktop/PD/Phospho-fill/Validation-allPDB/pdb_cache/5wp1.cif	THR	THR	OG1	CB	ok			118.40252645870731	LYS:203	LYS	CE	6.868669256125599	0.0	0.0	THR:181	THR	OG1	2.8073747775032842	HOH:561	O	3.335536717463127	3.0	24.0	hbond_like			exposed				0.0	0.0		unmodified	
Q9NYL2	5X5O	A	161	THR_single	1	1	1.868	THR	1140		1	8-163,165-299	8-163,165-299	THR	/mnt/c/Users/drpat/OneDrive - UGent/Desktop/PD/Phospho-fill/Validation-allPDB/pdb_cache/5x5o.cif	THR	THR	OG1	CB	ok			-115.12221292266011	HIS:158	HIS	ND1	2.8452610916306638	1.0	3.0	HIS:158	HIS	ND1	2.8452610916306638	HOH:548	O	4.583188526993061	0.0	43.0	salt_bridge_like			buried				0.0	0.0		unmodified	
P49759	5X8I	B	342	THR_mixed_with_SER	1	2	1.902	THR	810		2	154-481	155-481	THR	/mnt/c/Users/drpat/OneDrive - UGent/Desktop/PD/Phospho-fill/Validation-allPDB/pdb_cache/5x8i.cif	THR	THR	OG1	CB	ok			121.32779124969105	LYS:290	LYS	NZ	3.1400986482375233	1.0	1.0	ASP:288	ASP	OD1	2.873717556214526	HOH:700	O	3.656479795790748	1.0	21.0	salt_bridge_like			intermediate				0.0	0.0		unmodified	
Q9NZQ7	5XJ4	A	127	THR_single	1	1	2.3	THR	1155		1	19-184,187-214,218-228	19-184,187-214,218-228	THR	/mnt/c/Users/drpat/OneDrive - UGent/Desktop/PD/Phospho-fill/Validation-allPDB/pdb_cache/5xj4.cif	THR	THR	OG1	CB	ok			121.80545554008305	LYS:129	LYS	NZ	6.850261286159831	0.0	0.0	LYS:129	LYS	NZ	6.850261286159831	HOH:321	O	2.588719089431609	1.0	21.0	water_mediated_like			intermediate				0.0	0.0		unmodified	
Q9H8S9	5XQZ	A	35	THR_single	1	1	2.1	THR	1120		2	33-99,102-212	33-99,102-212	THR	/mnt/c/Users/drpat/OneDrive - UGent/Desktop/PD/Phospho-fill/Validation-allPDB/pdb_cache/5xqz.cif	THR	THR	OG1	CB	ok			-124.94920617823094	LYS:184	LYS	NZ	4.8868554517376275	0.0	1.0	THR:181	THR	OG1	4.655763335615276	HOH:1115	O	3.3125577082256505	1.0	24.0	water_mediated_like			buried				0.0	0.0		unmodified	
O96013	5XVA	A	562	THR_single	1	1	1.847	THR	136		2	300-591	300-591	THR	/mnt/c/Users/drpat/OneDrive - UGent/Desktop/PD/Phospho-fill/Validation-allPDB/pdb_cache/5xva.cif	THR	THR	OG1	CB	ok			-112.86700773382157	LYS:568	LYS	CE	7.058994703870506	0.0	0.0	GLU:565	GLU	OE1	3.506199738152641	HOH:768	O	2.793421754887453	2.0	24.0	water_mediated_like			exposed	SEP:474	SEP	22.46825035141762	0.0	0.0		unmodified	
O96013	5XVG	A	562	THR_single	1	1	2.1	THR	137		2	300-591	300-591	THR	/mnt/c/Users/drpat/OneDrive - UGent/Desktop/PD/Phospho-fill/Validation-allPDB/pdb_cache/5xvg.cif	THR	THR	OG1	CB	ok			-110.1812522878553	HIS:432	HIS	ND1	7.389072980158216	0.0	0.0	GLU:565	GLU	OE1	3.754568630851748	HOH:778	O	3.886823300431167	1.0	24.0	none_obvious			buried	SEP:474	SEP	22.366113359720906	0.0	0.0		unmodified	
A1YYW7	5XWK	A	89	THR_single	1	1	1.901	THR	3		1	31-559	31-559	THR	/mnt/c/Users/drpat/OneDrive - UGent/Desktop/PD/Phospho-fill/Validation-allPDB/pdb_cache/5xwk.cif	THR	THR	OG1	CB	ok			113.56356212826195	HIS:346	HIS	NE2	3.4053966211118	2.0	6.0	ASP:345	ASP	OD2	3.1293804933508063	HOH:824	O	5.9320485540438606	0.0	48.0	salt_bridge_like			buried				0.0	0.0		unmodified	
Q16539	5XYY	A	180	THR_mixed_with_TYR	1	2	1.7	THR	1066		2	4-30,37-352	4-30,37-352	THR	/mnt/c/Users/drpat/OneDrive - UGent/Desktop/PD/Phospho-fill/Validation-allPDB/pdb_cache/5xyy.cif	THR	THR	OG1	CB	ok			118.77910017030847	HIS:228	HIS	CE1	5.110828366070723	0.0	1.0	ASP:177	ASP	OD1	4.807615503410854	HOH:600	O	3.5063925778113343	1.0	23.0	none_obvious			intermediate				0.0	0.0		unmodified	
O96013	5ZJW	A	562	THR_single	1	1	1.798	THR	138		2	300-591	300-591	THR	/mnt/c/Users/drpat/OneDrive - UGent/Desktop/PD/Phospho-fill/Validation-allPDB/pdb_cache/5zjw.cif	THR	THR	OG1	CB	ok			-108.72804781199535	HIS:432	HIS	ND1	7.37557824915596	0.0	0.0	GLU:565	GLU	OE1	3.6845972593779766	HOH:781	O	2.7382049738619116	3.0	23.0	water_mediated_like			exposed	SEP:474	SEP	22.49641346862238	0.0	0.0		unmodified	
Q13153	6B16	A	423	THR_single	1	1	2.285	THR	985		1	251-300,306-335,338-542	251-300,306-335,338-542	THR	/mnt/c/Users/drpat/OneDrive - UGent/Desktop/PD/Phospho-fill/Validation-allPDB/pdb_cache/6b16.cif	THR	THR	OG1	CB	ok			-139.81776437889553	ARG:388	ARG	NH1	3.6668027686763827	1.0	2.0	TYR:441	TYR	OH	3.4021300361779323				0.0	35.0	hbond_like			buried				0.0	0.0		unmodified	
O14965	6C2T	A	288	THR_single	1	1	1.73	THR	60		2	128-279,288-388	128-279,288-388	THR	/mnt/c/Users/drpat/OneDrive - UGent/Desktop/PD/Phospho-fill/Validation-allPDB/pdb_cache/6c2t.cif	THR				missing_anchor_or_base																														
P63086	6CPW	A	183	THR_mixed_with_TYR	1	2	1.85	THR	940		2	16-19,22-42,48-327,333-355	16-19,22-42,48-327,333-355	THR	/mnt/c/Users/drpat/OneDrive - UGent/Desktop/PD/Phospho-fill/Validation-allPDB/pdb_cache/6cpw.cif	THR	THR	OG1	CB	ok			112.28664316360918	LYS:201	LYS	CE	6.787946776179909	0.0	0.0	THR:179	THR	OG1	3.075525512371408	HOH:507	O	3.0825943369550046	3.0	25.0	hbond_like			exposed				0.0	0.0		unmodified	
Q92918	6CQE	A	165	THR_mixed_with_ALA	1	2	1.886	THR	1091		2	4-24,29-293	4-24,29-293	THR	/mnt/c/Users/drpat/OneDrive - UGent/Desktop/PD/Phospho-fill/Validation-allPDB/pdb_cache/6cqe.cif	THR	THR	OG1	CB	ok			107.08086338185178	ARG:168	ARG	NH1	3.8000924578031996	1.0	1.0	ARG:168	ARG	NH1	3.8000924578031996	HOH:371	O	2.7627087143281033	3.0	24.0	water_mediated_like			exposed				0.0	0.0		unmodified	
P63086	6DCG	A	183	THR_mixed_with_TYR	1	2	1.45	THR	941		2	16-42,48-327,336-354	16-42,48-327,336-354	THR	/mnt/c/Users/drpat/OneDrive - UGent/Desktop/PD/Phospho-fill/Validation-allPDB/pdb_cache/6dcg.cif	THR	THR	OG1	CB	ok			114.83907176678899	LYS:201	LYS	CE	6.997998208847508	0.0	0.0	THR:179	THR	OG1	3.0771265758612474	HOH:556	O	3.2921355677488937	3.0	25.0	hbond_like			exposed				0.0	0.0		unmodified	
P28482	6DMG	A	185	THR_single	1	2	2.2	THR	601		2	11-357	11-357	THR	/mnt/c/Users/drpat/OneDrive - UGent/Desktop/PD/Phospho-fill/Validation-allPDB/pdb_cache/6dmg.cif	TYR	TYR	OH	CZ	ok				ARG:146	ARG	NH2	3.3184253247601485	1.0	1.0	ARG:146	ARG	NH2	3.3184253247601485	HOH:602	O	5.906233345909259	0.0	29.0	salt_bridge_like			buried				0.0	0.0		unmodified	0.11185894101648863
O94804	6EIM	B	185	THR_mixed_with_SER	2	3	1.43	THR	118		3	23-317	23-317	THR,THR	/mnt/c/Users/drpat/OneDrive - UGent/Desktop/PD/Phospho-fill/Validation-allPDB/pdb_cache/6eim.cif	THR	THR	OG1	CB	ok			121.68466675027753	LYS:210	LYS	NZ	7.170501051173139	0.0	0.0	ASN:182	ASN	OD1	4.99996512218443	HOH:538	O	2.6477325949044657	2.0	21.0	water_mediated_like			exposed				0.0	0.0		unmodified	
O94804	6EIM	B	208	THR_mixed_with_SER	2	3	1.43	THR	118		3	23-317	23-317	THR,THR	/mnt/c/Users/drpat/OneDrive - UGent/Desktop/PD/Phospho-fill/Validation-allPDB/pdb_cache/6eim.cif	THR	THR	OG1	CB	ok			-118.60513310387235					0.0	0.0					HOH:694	O	2.959440975071738	1.0	27.0	water_mediated_like			buried				0.0	0.0		unmodified	
P48730	6F1W	B	220	THR_single	1	1	1.864	THR	785		2	1-16,22-42,49-291	1-16,22-42,49-291	THR	/mnt/c/Users/drpat/OneDrive - UGent/Desktop/PD/Phospho-fill/Validation-allPDB/pdb_cache/6f1w.cif	THR	THR	OG1	CB	ok			-118.94357383792413					0.0	0.0	GLN:223	GLN	NE2	4.789395735558052				0.0	23.0	none_obvious			intermediate				0.0	0.0		unmodified	
P48730	6F26	B	220	THR_single	1	1	1.83	THR	786		2	3-16,22-42,48-293	3-16,22-42,48-293	THR	/mnt/c/Users/drpat/OneDrive - UGent/Desktop/PD/Phospho-fill/Validation-allPDB/pdb_cache/6f26.cif	THR	THR	OG1	CB	ok			-119.26451629655658					0.0	0.0					HOH:427	O	6.6190329220847355	0.0	20.0	none_obvious			intermediate				0.0	0.0		unmodified	
P63086	6FI3	A	183	THR_mixed_with_TYR	1	2	1.52	THR	942		2	8-328,336-353	8-328,336-353	THR	/mnt/c/Users/drpat/OneDrive - UGent/Desktop/PD/Phospho-fill/Validation-allPDB/pdb_cache/6fi3.cif	THR	THR	OG1	CB	ok			-128.38390442821998	LYS:201	LYS	CE	7.672089937466957	0.0	0.0	THR:179	THR	OG1	3.6219889252282322	HOH:606	O	3.339969697739465	1.0	27.0	water_mediated_like			buried				0.0	0.0		unmodified	
P63086	6FI6	A	183	THR_mixed_with_TYR	1	2	1.65	THR	943		2	8-327,336-354	8-327,336-354	THR	/mnt/c/Users/drpat/OneDrive - UGent/Desktop/PD/Phospho-fill/Validation-allPDB/pdb_cache/6fi6.cif	THR	THR	OG1	CB	ok			116.56156513181779	LYS:201	LYS	CE	7.217612157585575	0.0	0.0	THR:179	THR	OG1	3.0867837996440746	HOH:560	O	3.531716167427626	2.0	23.0	hbond_like			exposed				0.0	0.0		unmodified	
P63086	6FJ0	A	183	THR_mixed_with_TYR	1	2	1.659	THR	944		2	9-329,335-353	9-329,335-353	THR	/mnt/c/Users/drpat/OneDrive - UGent/Desktop/PD/Phospho-fill/Validation-allPDB/pdb_cache/6fj0.cif	THR	THR	OG1	CB	ok			-129.24775696829755	LYS:201	LYS	CE	7.323378695683197	0.0	0.0	THR:179	THR	OG1	3.575239418790476	HOH:676	O	3.3283246905643913	2.0	27.0	water_mediated_like			exposed				0.0	0.0		unmodified	
P63086	6FJB	A	183	THR_mixed_with_TYR	1	2	1.85	THR	945		2	8-13,15-327,336-354	8-13,15-327,336-354	THR	/mnt/c/Users/drpat/OneDrive - UGent/Desktop/PD/Phospho-fill/Validation-allPDB/pdb_cache/6fjb.cif	THR	THR	OG1	CB	ok			114.45943310565966	LYS:201	LYS	CE	7.2321357762053	0.0	0.0	THR:179	THR	OG1	2.8794486662364696	HOH:539	O	3.6645879745871808	2.0	24.0	hbond_like			exposed				0.0	0.0		unmodified	
P63086	6FJZ	A	183	THR_mixed_with_TYR	1	2	1.864	THR	946		2	9-354	9-354	THR	/mnt/c/Users/drpat/OneDrive - UGent/Desktop/PD/Phospho-fill/Validation-allPDB/pdb_cache/6fjz.cif	THR	THR	OG1	CB	ok			112.04134874729536	LYS:201	LYS	CE	6.988945020237154	0.0	0.0	THR:179	THR	OG1	2.6574644887751506	HOH:551	O	3.6140992339402525	2.0	25.0	hbond_like			exposed				0.0	0.0		unmodified	
P63086	6FLE	A	183	THR_mixed_with_TYR	1	2	1.48	THR	947		2	8-327,333-353	8-327,333-353	THR	/mnt/c/Users/drpat/OneDrive - UGent/Desktop/PD/Phospho-fill/Validation-allPDB/pdb_cache/6fle.cif	THR	THR	OG1	CB	ok			117.92110673681711	LYS:201	LYS	CE	6.947096399506338	0.0	0.0	THR:179	THR	OG1	2.991398459342402	HOH:654	O	3.2856018084004255	2.0	24.0	hbond_like			exposed				0.0	0.0		unmodified	
P63086	6FLV	A	183	THR_mixed_with_TYR	1	2	1.91	THR	948		2	9-331,333-354	9-331,333-354	THR	/mnt/c/Users/drpat/OneDrive - UGent/Desktop/PD/Phospho-fill/Validation-allPDB/pdb_cache/6flv.cif	THR	THR	OG1	CB	ok			-122.14462779368606	LYS:201	LYS	CE	7.798942427918652	0.0	0.0	GLU:184	GLU	OE1	2.8588759060989575	HOH:549	O	3.376854365987407	1.0	26.0	hbond_like			buried				0.0	0.0		unmodified	
P63086	6FMA	A	183	THR_mixed_with_TYR	1	2	1.667	THR	949		2	9-329,335-354	9-329,335-354	THR	/mnt/c/Users/drpat/OneDrive - UGent/Desktop/PD/Phospho-fill/Validation-allPDB/pdb_cache/6fma.cif	THR	THR	OG1	CB	ok			-33.92831338764006	LYS:201	LYS	CE	6.927119393121869	0.0	0.0	GLU:184	GLU	OE2	3.029912705477261	HOH:531	O	3.306427971764069	1.0	18.0	hbond_like			intermediate				0.0	0.0		unmodified	
P63086	6FN5	A	183	THR_mixed_with_TYR	1	2	1.932	THR	950		2	9-31,34-327,336-354	9-31,34-327,336-354	THR	/mnt/c/Users/drpat/OneDrive - UGent/Desktop/PD/Phospho-fill/Validation-allPDB/pdb_cache/6fn5.cif	THR	THR	OG1	CB	ok			-136.13774579586936	LYS:201	LYS	CE	7.05943265397903	0.0	0.0	THR:179	THR	OG1	3.8292617106056994	HOH:531	O	2.626898463809362	2.0	42.0	water_mediated_like			exposed				0.0	0.0		unmodified	
P63086	6FQ7	A	183	THR_mixed_with_TYR	1	2	1.6	THR	951		2	9-328,333-354	9-328,333-354	THR	/mnt/c/Users/drpat/OneDrive - UGent/Desktop/PD/Phospho-fill/Validation-allPDB/pdb_cache/6fq7.cif	THR	THR	OG1	CB	ok			-127.28674808892188	LYS:201	LYS	CE	7.686032517708518	0.0	0.0	THR:179	THR	OG1	3.80690288698895	HOH:717	O	3.5476800143875273	2.0	27.0	none_obvious			exposed				0.0	0.0		unmodified	
P63086	6FR1	A	183	THR_mixed_with_TYR	1	2	1.561	THR	952		2	9-328,333-354	9-328,333-354	THR	/mnt/c/Users/drpat/OneDrive - UGent/Desktop/PD/Phospho-fill/Validation-allPDB/pdb_cache/6fr1.cif	THR	THR	OG1	CB	ok			-125.78178021060738					0.0	0.0	GLU:184	GLU	OE2	2.843091440905457	HOH:679	O	3.246706406511555	2.0	27.0	hbond_like			exposed				0.0	0.0		unmodified	
P63086	6FRP	A	183	THR_mixed_with_TYR	1	2	1.53	THR	953		2	9-327,334-354	9-327,334-354	THR	/mnt/c/Users/drpat/OneDrive - UGent/Desktop/PD/Phospho-fill/Validation-allPDB/pdb_cache/6frp.cif	THR	THR	OG1	CB	ok			109.65008718447378	LYS:201	LYS	CE	7.095990390922151	0.0	0.0	THR:179	THR	OG1	3.0158652724635835	HOH:679	O	3.0666463470172345	2.0	23.0	hbond_like			exposed				0.0	0.0		unmodified	
P49759	6FT8	A	342	THR_mixed_with_SER	1	2	1.45	THR	811		2	148-483	148-483	THR	/mnt/c/Users/drpat/OneDrive - UGent/Desktop/PD/Phospho-fill/Validation-allPDB/pdb_cache/6ft8.cif	THR	THR	OG1	CB	ok			113.05393568363323	LYS:290	LYS	NZ	3.011276864728529	1.0	1.0	ASP:288	ASP	OD1	2.8088259563043305	HOH:800	O	3.534539348027768	1.0	20.0	salt_bridge_like			intermediate				0.0	0.0		unmodified	
P49759	6FT9	A	342	THR_mixed_with_SER	1	2	1.87	THR	812		2	148-482	148-482	THR	/mnt/c/Users/drpat/OneDrive - UGent/Desktop/PD/Phospho-fill/Validation-allPDB/pdb_cache/6ft9.cif	THR	THR	OG1	CB	ok			116.52057798170677	LYS:290	LYS	NZ	2.99235088714369	1.0	1.0	ASP:288	ASP	OD1	2.897814771884714	HOH:676	O	3.6212609277839216	1.0	20.0	salt_bridge_like			intermediate				0.0	0.0		unmodified	
P63086	6FXV	A	183	THR_mixed_with_TYR	1	2	1.53	THR	954		2	9-13,16-32,34-327,334-354	9-13,16-32,34-327,334-354	THR	/mnt/c/Users/drpat/OneDrive - UGent/Desktop/PD/Phospho-fill/Validation-allPDB/pdb_cache/6fxv.cif	THR	THR	OG1	CB	ok			120.42672851767456	LYS:201	LYS	CE	7.591531940599606	0.0	0.0	THR:179	THR	OG1	3.0600700346919263	HOH:534	O	3.5679077753509585	2.0	24.0	hbond_like			exposed				0.0	0.0		unmodified	
P49759	6FYO	A	342	THR_mixed_with_SER	1	2	2.32	THR	813		2	148-306,310-481	148-306,310-481	THR	/mnt/c/Users/drpat/OneDrive - UGent/Desktop/PD/Phospho-fill/Validation-allPDB/pdb_cache/6fyo.cif	THR	THR	OG1	CB	ok			140.2849836501726	LYS:290	LYS	NZ	3.071302314292344	1.0	1.0	LYS:290	LYS	NZ	3.071302314292344	HOH:634	O	4.842365434735883	0.0	21.0	salt_bridge_like			intermediate				0.0	0.0		unmodified	
P49759	6G33	B	342	THR_mixed_with_SER	1	2	2.05	THR	814		2	148-482	148-482	THR	/mnt/c/Users/drpat/OneDrive - UGent/Desktop/PD/Phospho-fill/Validation-allPDB/pdb_cache/6g33.cif	THR	THR	OG1	CB	ok			122.44151062302215	ARG:346	ARG	NH1	4.241300530443397	0.0	2.0	ARG:346	ARG	NH1	4.241300530443397	HOH:689	O	6.647546421732461	0.0	21.0	none_obvious			intermediate				0.0	0.0		unmodified	
P0DMV8	6G3R	A	66	THR_single	1	1	1.4	THR	176		1	3-382	3-382	THR	/mnt/c/Users/drpat/OneDrive - UGent/Desktop/PD/Phospho-fill/Validation-allPDB/pdb_cache/6g3r.cif	THR	THR	OG1	CB	ok			117.65056410974715					0.0	0.0	GLN:58	GLN	NE2	2.938034269766936	HOH:583	O	4.704618812286044	0.0	36.0	hbond_like			buried				0.0	0.0		unmodified	
P0DMV8	6G3S	A	66	THR_single	1	1	2.3	THR	177		1	4-382	4-382	THR	/mnt/c/Users/drpat/OneDrive - UGent/Desktop/PD/Phospho-fill/Validation-allPDB/pdb_cache/6g3s.cif	THR	THR	OG1	CB	ok			122.20397785300261					0.0	0.0	GLN:58	GLN	NE2	2.6980131692667597	HOH:502	O	4.644699417143541	0.0	45.0	hbond_like			buried				0.0	0.0		unmodified	
P28482	6G54	A	185	THR_mixed_with_TYR	1	2	2.05	THR	602		2	10-356	10-356	THR	/mnt/c/Users/drpat/OneDrive - UGent/Desktop/PD/Phospho-fill/Validation-allPDB/pdb_cache/6g54.cif	THR	THR	OG1	CB	ok			128.8410668531979	LYS:203	LYS	CE	6.073056755570633	0.0	0.0	THR:181	THR	OG1	3.3230378952325936	HOH:611	O	3.2238724726109074	1.0	29.0	hbond_like			buried				0.0	0.0		unmodified	
P28482	6G8X	A	185	THR_mixed_with_TYR	1	2	1.76	THR	603		2	11-329,338-357	11-329,338-357	THR	/mnt/c/Users/drpat/OneDrive - UGent/Desktop/PD/Phospho-fill/Validation-allPDB/pdb_cache/6g8x.cif	THR	THR	OG1	CB	ok			-131.9765821219499					0.0	0.0	GLU:186	GLU	OE2	2.9011700688887414	HOH:547	O	3.1958954487531317	1.0	27.0	hbond_like			buried				0.0	0.0		unmodified	
P28482	6G91	A	185	THR_mixed_with_TYR	1	2	1.8	THR	604		2	8-329,335-357	8-329,335-357	THR	/mnt/c/Users/drpat/OneDrive - UGent/Desktop/PD/Phospho-fill/Validation-allPDB/pdb_cache/6g91.cif	THR	THR	OG1	CB	ok			113.58763033490612	LYS:203	LYS	CE	7.144320443778272	0.0	0.0	THR:181	THR	OG1	3.245867560693726	HOH:575	O	3.4786754276361216	3.0	23.0	hbond_like			exposed				0.0	0.0		unmodified	
P28482	6G92	A	185	THR_mixed_with_TYR	1	2	1.99	THR	605		2	8-329,336-357	8-329,336-357	THR	/mnt/c/Users/drpat/OneDrive - UGent/Desktop/PD/Phospho-fill/Validation-allPDB/pdb_cache/6g92.cif	THR	THR	OG1	CB	ok			112.50864729517973	LYS:203	LYS	CE	7.2128486290632505	0.0	0.0	THR:181	THR	OG1	2.9955282736750175	HOH:621	O	3.3125715150744757	3.0	25.0	hbond_like			exposed				0.0	0.0		unmodified	
P28482	6G93	A	185	THR_mixed_with_TYR	1	2	1.67	THR	606		2	11-331,335-357	11-331,335-357	THR	/mnt/c/Users/drpat/OneDrive - UGent/Desktop/PD/Phospho-fill/Validation-allPDB/pdb_cache/6g93.cif	THR	THR	OG1	CB	ok			110.21709241079427	LYS:203	LYS	CE	7.1014139969932435	0.0	0.0	THR:181	THR	OG1	3.157910026423684	HOH:743	O	3.7391582977768474	3.0	23.0	hbond_like			exposed				0.0	0.0		unmodified	
P28482	6G97	A	185	THR_mixed_with_TYR	1	2	1.9	THR	607		2	11-331,334-357	11-331,334-357	THR	/mnt/c/Users/drpat/OneDrive - UGent/Desktop/PD/Phospho-fill/Validation-allPDB/pdb_cache/6g97.cif	THR	THR	OG1	CB	ok			115.63244900000727	LYS:203	LYS	CE	7.16228594010571	0.0	0.0	THR:181	THR	OG1	2.965700391399424	HOH:534	O	3.5428081922662473	2.0	24.0	hbond_like			exposed				0.0	0.0		unmodified	
P28482	6G9A	A	185	THR_mixed_with_TYR	1	2	1.91	THR	608		2	8-329,338-357	8-329,338-357	THR	/mnt/c/Users/drpat/OneDrive - UGent/Desktop/PD/Phospho-fill/Validation-allPDB/pdb_cache/6g9a.cif	THR	THR	OG1	CB	ok			107.79570015104794	LYS:203	LYS	CE	6.924047525869253	0.0	0.0	THR:181	THR	OG1	2.9096680898013414	HOH:833	O	3.5636481563579148	4.0	24.0	hbond_like			exposed				0.0	0.0		unmodified	
P28482	6G9D	A	185	THR_mixed_with_TYR	1	2	1.8	THR	609		2	8-329,334-357	8-329,334-357	THR	/mnt/c/Users/drpat/OneDrive - UGent/Desktop/PD/Phospho-fill/Validation-allPDB/pdb_cache/6g9d.cif	THR	THR	OG1	CB	ok			113.60307362079577	LYS:203	LYS	CE	7.233298411978964	0.0	0.0	THR:181	THR	OG1	3.2188404689174996	HOH:725	O	3.2307927753583456	4.0	23.0	hbond_like			exposed				0.0	0.0		unmodified	
P28482	6G9H	A	185	THR_mixed_with_TYR	1	2	1.73	THR	610		2	11-331,335-357	11-331,335-357	THR	/mnt/c/Users/drpat/OneDrive - UGent/Desktop/PD/Phospho-fill/Validation-allPDB/pdb_cache/6g9h.cif	THR	THR	OG1	CB	ok			109.57761261130204	LYS:203	LYS	CE	6.844658926468331	0.0	0.0	THR:181	THR	OG1	3.0342299050977757	HOH:567	O	3.5512290165519036	3.0	24.0	hbond_like			exposed				0.0	0.0		unmodified	
P28482	6G9J	A	185	THR_mixed_with_TYR	1	2	1.98	THR	611		2	8-357	8-357	THR	/mnt/c/Users/drpat/OneDrive - UGent/Desktop/PD/Phospho-fill/Validation-allPDB/pdb_cache/6g9j.cif	THR	THR	OG1	CB	ok			115.67886984874184	LYS:203	LYS	CE	6.901696002619037	0.0	0.0	THR:181	THR	OG1	2.94720939170393	HOH:593	O	3.434272826850731	3.0	24.0	hbond_like			exposed				0.0	0.0		unmodified	
P28482	6G9K	A	185	THR_mixed_with_TYR	1	2	1.94	THR	612		2	11-331,334-357	11-331,334-357	THR	/mnt/c/Users/drpat/OneDrive - UGent/Desktop/PD/Phospho-fill/Validation-allPDB/pdb_cache/6g9k.cif	THR	THR	OG1	CB	ok			105.80135003691203	LYS:203	LYS	CE	7.247633777005679	0.0	0.0	THR:181	THR	OG1	3.4275316604489787	HOH:721	O	3.2002740064911555	2.0	20.0	hbond_like			exposed				0.0	0.0		unmodified	
P28482	6G9M	A	185	THR_mixed_with_TYR	1	2	1.86	THR	613		2	11-329,334-356	11-329,334-356	THR	/mnt/c/Users/drpat/OneDrive - UGent/Desktop/PD/Phospho-fill/Validation-allPDB/pdb_cache/6g9m.cif	THR	THR	OG1	CB	ok			115.76902537926249	LYS:203	LYS	CE	7.096492291221834	0.0	0.0	THR:181	THR	OG1	3.1621151076326988	HOH:581	O	2.703122814029084	3.0	24.0	hbond_like			exposed				0.0	0.0		unmodified	
P28482	6G9N	A	185	THR_mixed_with_TYR	1	2	1.76	THR	614		2	11-330,333-357	11-330,333-357	THR	/mnt/c/Users/drpat/OneDrive - UGent/Desktop/PD/Phospho-fill/Validation-allPDB/pdb_cache/6g9n.cif	THR	THR	OG1	CB	ok			17.099967243639732					0.0	0.0	GLU:186	GLU	OE2	5.222737505597806	HOH:868	O	3.405284297359862	1.0	14.0	water_mediated_like			intermediate				0.0	0.0		unmodified	
P28482	6GDM	A	185	THR_mixed_with_TYR	1	2	1.91	THR	615		2	8-331,336-356	8-331,336-356	THR	/mnt/c/Users/drpat/OneDrive - UGent/Desktop/PD/Phospho-fill/Validation-allPDB/pdb_cache/6gdm.cif	THR	THR	OG1	CB	ok			114.28749526148319	LYS:203	LYS	CE	7.280478659472944	0.0	0.0	THR:181	THR	OG1	3.1247295367217958	HOH:706	O	2.928722407697297	3.0	23.0	hbond_like			exposed				0.0	0.0		unmodified	
P28482	6GDQ	A	185	THR_mixed_with_TYR	1	2	1.86	THR	616		2	10-330,339-357	10-330,339-357	THR	/mnt/c/Users/drpat/OneDrive - UGent/Desktop/PD/Phospho-fill/Validation-allPDB/pdb_cache/6gdq.cif	THR	THR	OG1	CB	ok			117.49545898738735	LYS:203	LYS	CE	7.106476832528057	0.0	0.0	THR:181	THR	OG1	3.1222839989361235	HOH:581	O	3.6393970220722536	1.0	24.0	hbond_like			buried				0.0	0.0		unmodified	
P28482	6GE0	A	185	THR_mixed_with_TYR	1	2	1.82	THR	617		2	11-332,335-357	11-332,335-357	THR	/mnt/c/Users/drpat/OneDrive - UGent/Desktop/PD/Phospho-fill/Validation-allPDB/pdb_cache/6ge0.cif	THR	THR	OG1	CB	ok			115.15871468331957	LYS:203	LYS	CE	6.95830816729589	0.0	0.0	THR:181	THR	OG1	3.1239142119469023	HOH:733	O	3.0011366646705255	4.0	24.0	hbond_like			exposed				0.0	0.0		unmodified	
P27361	6GES	A	202	THR_mixed_with_SERTYR	1	3	2.07	THR	565		3	25-374	25-374	THR	/mnt/c/Users/drpat/OneDrive - UGent/Desktop/PD/Phospho-fill/Validation-allPDB/pdb_cache/6ges.cif	THR	THR	OG1	CB	ok			119.3822694035556	LYS:220	LYS	CE	7.2514323465130675	0.0	0.0	THR:198	THR	OG1	3.0221740210541754	HOH:547	O	3.6865939184967917	1.0	24.0	hbond_like			buried				0.0	0.0		unmodified	
O75531	6GHD	E	3	THR_mixed_with_SER	1	2	2.1	THR	96		2	2-89	2-89	THR	/mnt/c/Users/drpat/OneDrive - UGent/Desktop/PD/Phospho-fill/Validation-allPDB/pdb_cache/6ghd.cif	THR	THR	OG1	CB	ok			6.871228918918346	HIS:7	HIS	ND1	2.8313410510246113	1.0	2.0	HIS:7	HIS	ND1	2.8313410510246113	HOH:222	O	5.3039613641487104	0.0	28.0	salt_bridge_like			buried				0.0	0.0		unmodified	
P28482	6GJB	A	185	THR_mixed_with_TYR	1	2	1.82	THR	618		2	8-331,334-357	8-331,334-357	THR	/mnt/c/Users/drpat/OneDrive - UGent/Desktop/PD/Phospho-fill/Validation-allPDB/pdb_cache/6gjb.cif	THR	THR	OG1	CB	ok			109.81376911570723	LYS:203	LYS	CE	7.047452606713114	0.0	0.0	THR:181	THR	OG1	3.122904326582513	HOH:787	O	3.3850714864668676	4.0	24.0	hbond_like			exposed				0.0	0.0		unmodified	
P28482	6GJD	A	185	THR_mixed_with_TYR	1	2	1.58	THR	619		2	10-329,336-357	10-329,336-357	THR	/mnt/c/Users/drpat/OneDrive - UGent/Desktop/PD/Phospho-fill/Validation-allPDB/pdb_cache/6gjd.cif	THR	THR	OG1	CB	ok			115.82534536498797	LYS:203	LYS	CE	7.542571672951253	0.0	0.0	THR:181	THR	OG1	3.2703360725175474	HOH:530	O	3.6528077870450177	1.0	22.0	hbond_like			intermediate				0.0	0.0		unmodified	
O94804	6GTT	A	208	THR_single	1	1	2.25	THR	119		3	18-177,195-208,211-316	18-177,195-208,211-316	THR	/mnt/c/Users/drpat/OneDrive - UGent/Desktop/PD/Phospho-fill/Validation-allPDB/pdb_cache/6gtt.cif	THR	THR	OG1	CB	ok			-124.20914518126827					0.0	0.0	CYS:206	CYS	SG	4.172259278972462	HOH:613	O	3.985315218783699	1.0	9.0	none_obvious			intermediate				0.0	0.0		unmodified	
P06493	6GU2	A	161	THR_single	1	1	2.0	THR	150		1	1-161,165-294	1-161,165-294	THR	/mnt/c/Users/drpat/OneDrive - UGent/Desktop/PD/Phospho-fill/Validation-allPDB/pdb_cache/6gu2.cif	THR	THR	OG1	CB	ok			-100.08053096259827					0.0	0.0								0.0	6.0	none_obvious			intermediate				0.0	0.0		unmodified	
P06493	6GU6	A	161	THR_single	1	1	2.33	THR	151		1	1-157,161-291	1-157,161-291	THR	/mnt/c/Users/drpat/OneDrive - UGent/Desktop/PD/Phospho-fill/Validation-allPDB/pdb_cache/6gu6.cif	THR	THR	OG1	CB	ok			-116.69299693170905	HIS:162	HIS	ND1	4.151664056545825	0.0	1.0	HIS:162	HIS	ND1	4.151664056545825				0.0	12.0	none_obvious			intermediate				0.0	0.0		unmodified	
P24941	6GUH	A	160	THR_mixed_with_TYR	1	3	1.5	THR	534		3	1-37,46-148,157-298	1-37,46-148,157-298	THR	/mnt/c/Users/drpat/OneDrive - UGent/Desktop/PD/Phospho-fill/Validation-allPDB/pdb_cache/6guh.cif	THR	THR	OG1	CB	ok			-108.79646265737752	HIS:161	HIS	CD2	5.629673015586456	0.0	1.0	THR:158	THR	OG1	2.7803955942826737	HOH:406	O	6.85108685839563	0.0	41.0	hbond_like			buried				0.0	0.0		unmodified	
P33981	6GVJ	A	675	THR_mixed_with_SER	3	4	2.41	THR	697		4	515-699,709-795	515-699,709-795	THR,THR,THR	/mnt/c/Users/drpat/OneDrive - UGent/Desktop/PD/Phospho-fill/Validation-allPDB/pdb_cache/6gvj.cif	THR	THR	OG1	CB	ok			-150.63581650221704					0.0	0.0	ASP:674	ASP	OD1	3.5837365881348378				0.0	20.0	none_obvious			intermediate				0.0	0.0		unmodified	
P33981	6GVJ	A	676	THR_mixed_with_SER	3	4	2.41	THR	697		4	515-699,709-795	515-699,709-795	THR,THR,THR	/mnt/c/Users/drpat/OneDrive - UGent/Desktop/PD/Phospho-fill/Validation-allPDB/pdb_cache/6gvj.cif	THR	THR	OG1	CB	ok			126.38130552497533	LYS:680	LYS	NZ	7.601585008858879	0.0	0.0	SER:533	SER	OG	5.471359147636385				0.0	9.0	none_obvious			intermediate				0.0	0.0		unmodified	
P33981	6GVJ	A	686	THR_mixed_with_SER	3	4	2.41	THR	697		4	515-699,709-795	515-699,709-795	THR,THR,THR	/mnt/c/Users/drpat/OneDrive - UGent/Desktop/PD/Phospho-fill/Validation-allPDB/pdb_cache/6gvj.cif	THR	THR	OG1	CB	ok			11.904713484748303	LYS:743	LYS	CE	5.175833739536717	0.0	1.0	ASN:688	ASN	ND2	2.9952535360527692	HOH:1003	O	4.651526969835679	0.0	25.0	hbond_like			buried				0.0	0.0		unmodified	
P48730	6GZM	B	220	THR_single	1	1	1.59	THR	787		2	1-295	1-295	THR	/mnt/c/Users/drpat/OneDrive - UGent/Desktop/PD/Phospho-fill/Validation-allPDB/pdb_cache/6gzm.cif	THR	THR	OG1	CB	ok			-99.90165510391256	ARG:222	ARG	NE	6.877306043479747	0.0	0.0	GLN:223	GLN	OE1	3.5426216329476383	HOH:1370	O	3.025412578444479	2.0	27.0	water_mediated_like			exposed				0.0	0.0		unmodified	
P49841	6H0U	A	277	THR_mixed_with_TYR	1	2	2.3	THR	865		3	36-383	36-383	THR	/mnt/c/Users/drpat/OneDrive - UGent/Desktop/PD/Phospho-fill/Validation-allPDB/pdb_cache/6h0u.cif	THR	THR	OG1	CB	ok			-110.75994365025085					0.0	0.0	GLN:280	GLN	OE1	3.3170808240353478	HOH:692	O	4.910621673122813	0.0	27.0	hbond_like			buried				0.0	0.0		unmodified	
P33981	6H3K	A	686	THR_single	1	1	2.48	THR	698		4	519-673,686-698,709-794	519-673,686-698,709-794	THR	/mnt/c/Users/drpat/OneDrive - UGent/Desktop/PD/Phospho-fill/Validation-allPDB/pdb_cache/6h3k.cif	THR	THR	OG1	CB	ok			1.1977079372473	LYS:743	LYS	CE	6.065114654389665	0.0	0.0	ASN:688	ASN	ND2	2.9752639141881243	HOH:914	O	4.735360933259879	0.0	18.0	hbond_like			intermediate				0.0	0.0		unmodified	
P31749	6HHG	A	308	THR_single	1	1	2.3	THR	671		3	3-44,49-112,144-186,205-301,305-444	3-44,49-112,144-186,205-301,305-444	THR	/mnt/c/Users/drpat/OneDrive - UGent/Desktop/PD/Phospho-fill/Validation-allPDB/pdb_cache/6hhg.cif	THR	THR	OG1	CB	ok			121.51576490798006	LYS:301	LYS	CE	4.503327186780994	0.0	2.0	LYS:20	LYS	NZ	5.642680919026905	HOH:632	O	2.7943451811021345	1.0	28.0	water_mediated_like			buried				0.0	0.0		unmodified	
P31749	6HHJ	A	308	THR_single	1	1	2.3	THR	672		3	3-44,47-113,144-444	3-44,47-113,144-444	THR	/mnt/c/Users/drpat/OneDrive - UGent/Desktop/PD/Phospho-fill/Validation-allPDB/pdb_cache/6hhj.cif	THR	THR	OG1	CB	ok			128.21530766858893	LYS:301	LYS	CE	3.9031349219593414	1.0	1.0	LYS:301	LYS	NZ	5.23171352921536				0.0	28.0	none_obvious			buried				0.0	0.0		unmodified	
P49841	6HK3	A	277	THR_single	1	1	2.35	THR	866		3	35-384	35-384	THR	/mnt/c/Users/drpat/OneDrive - UGent/Desktop/PD/Phospho-fill/Validation-allPDB/pdb_cache/6hk3.cif	THR	THR	OG1	CB	ok			-99.92968520900325					0.0	0.0	GLN:280	GLN	OE1	3.5533819036200547	HOH:539	O	5.356266657556721	0.0	23.0	none_obvious			intermediate	PTR:216	PTR	25.6251770081092	0.0	0.0		unmodified	
P49841	6HK4	A	277	THR_single	1	1	2.5	THR	867		3	35-384	35-384	THR	/mnt/c/Users/drpat/OneDrive - UGent/Desktop/PD/Phospho-fill/Validation-allPDB/pdb_cache/6hk4.cif	THR	THR	OG1	CB	ok			-95.41944367586969					0.0	0.0	GLN:280	GLN	OE1	3.558136020312097	HOH:502	O	7.879868259794558	0.0	26.0	none_obvious			buried	PTR:216	PTR	25.683307934764837	0.0	0.0		unmodified	
Q13164	6HKM	A	219	THR_mixed_with_TYR	1	2	2.47	THR	991		2	54-63,68-72,79-123,125-210,213-302,305-395	54-63,68-72,79-123,125-210,213-302,305-395	THR	/mnt/c/Users/drpat/OneDrive - UGent/Desktop/PD/Phospho-fill/Validation-allPDB/pdb_cache/6hkm.cif	THR	THR	OG1	CB	ok			-129.35909349518724	HIS:237	HIS	CE1	7.306032344745481	0.0	0.0	SER:235	SER	OG	2.9743724464134544				0.0	45.0	hbond_like			buried				0.0	0.0		unmodified	
Q13164	6HKN	A	219	THR_mixed_with_TYR	1	2	2.33	THR	992		2	54-61,65-74,79-393	54-61,65-74,79-393	THR	/mnt/c/Users/drpat/OneDrive - UGent/Desktop/PD/Phospho-fill/Validation-allPDB/pdb_cache/6hkn.cif	THR	THR	OG1	CB	ok			-122.5911756750026	HIS:237	HIS	CE1	7.3867244212634935	0.0	0.0	SER:235	SER	OG	2.6850828111748153	HOH:1150	O	4.618161117100728	0.0	46.0	hbond_like			buried				0.0	0.0		unmodified	
P48730	6HMP	A	220	THR_single	1	1	2.039	THR	788		2	8-31,33-294	8-31,33-294	THR	/mnt/c/Users/drpat/OneDrive - UGent/Desktop/PD/Phospho-fill/Validation-allPDB/pdb_cache/6hmp.cif	THR	THR	OG1	CB	ok			-6.105913845418108					0.0	0.0	GLN:223	GLN	OE1	5.53171445618191				0.0	15.0	none_obvious			intermediate				0.0	0.0		unmodified	
P48730	6HMR	A	220	THR_single	1	1	1.782	THR	789		2	7-31,33-294	7-31,33-294	THR	/mnt/c/Users/drpat/OneDrive - UGent/Desktop/PD/Phospho-fill/Validation-allPDB/pdb_cache/6hmr.cif	THR	THR	OG1	CB	ok			12.344918039682362					0.0	0.0					HOH:623	O	4.972802059477368	0.0	12.0	none_obvious			intermediate				0.0	0.0		unmodified	
P49759	6I5H	A	342	THR_mixed_with_SER	1	2	1.49	THR	815		2	148-302,314-481	148-302,314-481	THR	/mnt/c/Users/drpat/OneDrive - UGent/Desktop/PD/Phospho-fill/Validation-allPDB/pdb_cache/6i5h.cif	THR	THR	OG1	CB	ok			118.8494741811265	LYS:290	LYS	NZ	2.997014465699379	1.0	1.0	ASP:288	ASP	OD1	2.8877531759908366	HOH:737	O	3.640576014786735	1.0	21.0	salt_bridge_like			intermediate				0.0	0.0		unmodified	
P49759	6I5I	A	342	THR_mixed_with_SER	1	2	1.6	THR	816		2	148-412,416-483	148-412,416-483	THR	/mnt/c/Users/drpat/OneDrive - UGent/Desktop/PD/Phospho-fill/Validation-allPDB/pdb_cache/6i5i.cif	THR	THR	OG1	CB	ok			112.4117366574432	LYS:290	LYS	NZ	3.040967617659896	1.0	1.0	ASP:288	ASP	OD1	2.8445694099295875	HOH:775	O	3.640504328110095	1.0	21.0	salt_bridge_like			intermediate				0.0	0.0		unmodified	
P49759	6I5K	C	342	THR_mixed_with_SER	1	2	2.3	THR	817		2	148-483	148-483	THR	/mnt/c/Users/drpat/OneDrive - UGent/Desktop/PD/Phospho-fill/Validation-allPDB/pdb_cache/6i5k.cif	THR	THR	OG1	CB	ok			123.5017656599995	LYS:290	LYS	NZ	3.03364134020713	1.0	1.0	LYS:290	LYS	NZ	3.03364134020713	HOH:622	O	4.81326818380351	0.0	20.0	salt_bridge_like			intermediate				0.0	0.0		unmodified	
D3KVM3	6J9V	A	12	THR_only_multi_2	2	2	2.4	THR	9		2	1-511	1-511	THR,THR	/mnt/c/Users/drpat/OneDrive - UGent/Desktop/PD/Phospho-fill/Validation-allPDB/pdb_cache/6j9v.cif	THR	THR	OG1	CB	ok			-106.45489861956244	ARG:15	ARG	NH1	6.155517726010148	0.0	0.0	SER:13	SER	OG	4.041994800754101				0.0	13.0	none_obvious			intermediate				0.0	0.0		unmodified	
D3KVM3	6J9V	A	276	THR_only_multi_2	2	2	2.4	THR	9		2	1-511	1-511	THR,THR	/mnt/c/Users/drpat/OneDrive - UGent/Desktop/PD/Phospho-fill/Validation-allPDB/pdb_cache/6j9v.cif	THR	THR	OG1	CB	ok			129.53502705585362					0.0	0.0								0.0	21.0	none_obvious			intermediate				0.0	0.0		unmodified	
D3KVM3	6JAE	A	12	THR_only_multi_2	2	2	2.3	THR	10		2	1-511	1-511	THR,THR	/mnt/c/Users/drpat/OneDrive - UGent/Desktop/PD/Phospho-fill/Validation-allPDB/pdb_cache/6jae.cif	THR	THR	OG1	CB	ok			-119.09456254049326	HIS:33	HIS	CE1	6.0959098637532145	0.0	0.0	SER:13	SER	OG	4.295446587860996				0.0	20.0	none_obvious			intermediate				0.0	0.0		unmodified	
D3KVM3	6JAE	A	276	THR_only_multi_2	2	2	2.3	THR	10		2	1-511	1-511	THR,THR	/mnt/c/Users/drpat/OneDrive - UGent/Desktop/PD/Phospho-fill/Validation-allPDB/pdb_cache/6jae.cif	THR	THR	OG1	CB	ok			109.30291110280673					0.0	0.0	THR:12	THR	OG1	7.595586407346136	HOH:711	O	6.5235854704639795	0.0	10.0	none_obvious			intermediate				0.0	0.0		unmodified	
Q9NYL2	6JUT	A	161	THR_single	1	1	2.1	THR	1141		1	8-304	8-304	THR	/mnt/c/Users/drpat/OneDrive - UGent/Desktop/PD/Phospho-fill/Validation-allPDB/pdb_cache/6jut.cif	THR	THR	OG1	CB	ok			-1.752489658249454	HIS:158	HIS	CE1	6.190395347438495	0.0	0.0	SER:165	SER	OG	3.0815769109085585	HOH:609	O	4.089335672603293	0.0	25.0	hbond_like			buried				0.0	0.0		unmodified	
Q9NYL2	6JUU	A	161	THR_single	1	1	1.903	THR	1142		1	8-299	8-299	THR	/mnt/c/Users/drpat/OneDrive - UGent/Desktop/PD/Phospho-fill/Validation-allPDB/pdb_cache/6juu.cif	THR	THR	OG1	CB	ok			-110.4944997772748	HIS:158	HIS	ND1	2.780871995663755	1.0	3.0	HIS:158	HIS	ND1	2.780871995663755	HOH:503	O	2.55328876530715	1.0	46.0	salt_bridge_like			buried				0.0	0.0		unmodified	
Q92630	6K0J	A	381	THR_mixed_with_SER	1	3	2.352	THR	1084		5	212-536	212-536	THR	/mnt/c/Users/drpat/OneDrive - UGent/Desktop/PD/Phospho-fill/Validation-allPDB/pdb_cache/6k0j.cif	THR	THR	OG1	CB	ok			-125.41708727628948	ARG:451	ARG	NE	7.6509976109371785	0.0	0.0	TYR:399	TYR	OH	7.299467510575576	HOH:744	O	4.821730564392649	0.0	9.0	none_obvious			intermediate	PTR:382	PTR	11.58855079297856	0.0	1.0	PTR:382@11.59	unmodified	
Q9I6W2	6KKP	A	68	THR_single	1	1	2.5	THR	1122		1	1-101,104-123	1-101,104-123	THR	/mnt/c/Users/drpat/OneDrive - UGent/Desktop/PD/Phospho-fill/Validation-allPDB/pdb_cache/6kkp.cif	THR	THR	OG1	CB	ok			116.12820339421869	LYS:72	LYS	CE	6.684422696204184	0.0	0.0	TYR:65	TYR	OH	6.3434856629330465	HOH:207	O	4.551593900650429	0.0	7.0	none_obvious			intermediate				0.0	0.0		unmodified	
O15075	6KYQ	A	484	THR_single	1	1	2.141	THR	78		1	380-589,594-701	380-589,594-701	THR	/mnt/c/Users/drpat/OneDrive - UGent/Desktop/PD/Phospho-fill/Validation-allPDB/pdb_cache/6kyq.cif	THR	THR	OG1	CB	ok			-117.61251563634845	ARG:486	ARG	NE	5.836626811731661	0.0	1.0	ASN:655	ASN	OD1	2.797709702133786	HOH:905	O	4.596967178118164	0.0	38.0	hbond_like			buried				0.0	0.0		unmodified	
O15075	6KYR	A	484	THR_single	1	1	2.206	THR	79		1	380-589,593-669,678-701	380-589,593-669,678-701	THR	/mnt/c/Users/drpat/OneDrive - UGent/Desktop/PD/Phospho-fill/Validation-allPDB/pdb_cache/6kyr.cif	THR	THR	OG1	CB	ok			-118.63868685419584	ARG:486	ARG	NE	5.917881656229475	0.0	1.0	ASP:487	ASP	OD2	2.9957661389346995	HOH:1016	O	3.323607083187563	1.0	38.0	hbond_like			buried				0.0	0.0		unmodified	
Q9NWZ3	6LXY	B	342	THR_mixed_with_SER	1	2	2.19	THR	1127		4	163-459	163-459	THR	/mnt/c/Users/drpat/OneDrive - UGent/Desktop/PD/Phospho-fill/Validation-allPDB/pdb_cache/6lxy.cif	THR				missing_anchor_or_base																														
P0DTC2	6LZG	B	345	THR_single	1	1	2.5	THR	211		1	333-527	333-527	THR	/mnt/c/Users/drpat/OneDrive - UGent/Desktop/PD/Phospho-fill/Validation-allPDB/pdb_cache/6lzg.cif	THR	THR	OG1	CB	ok			117.33723820084106	ARG:509	ARG	NH1	7.155716810360108	0.0	0.0	ARG:509	ARG	NH1	7.155716810360108	HOH:755	O	3.780676469877661	1.0	7.0	none_obvious			intermediate				0.0	0.0		unmodified	
Q564N5	6M4E	A	56	THR_only_multi_3	3	3	2.1	THR	1074		3	55-594	55-594	THR,THR,THR	/mnt/c/Users/drpat/OneDrive - UGent/Desktop/PD/Phospho-fill/Validation-allPDB/pdb_cache/6m4e.cif	THR	THR	OG1	CB	ok			135.5555068248187					0.0	0.0	TYR:198	TYR	OH	3.5310385410208123	HOH:838	O	5.176685799538719	0.0	19.0	none_obvious			intermediate				0.0	0.0		unmodified	
Q564N5	6M4E	A	74	THR_only_multi_3	3	3	2.1	THR	1074		3	55-594	55-594	THR,THR,THR	/mnt/c/Users/drpat/OneDrive - UGent/Desktop/PD/Phospho-fill/Validation-allPDB/pdb_cache/6m4e.cif	THR	THR	OG1	CB	ok			104.88439313657048	LYS:131	LYS	CE	7.793991323779	0.0	0.0	GLU:67	GLU	OE2	7.514887324285356	HOH:932	O	4.385470445619881	0.0	30.0	none_obvious			buried				0.0	0.0		unmodified	
Q564N5	6M4E	A	79	THR_only_multi_3	3	3	2.1	THR	1074		3	55-594	55-594	THR,THR,THR	/mnt/c/Users/drpat/OneDrive - UGent/Desktop/PD/Phospho-fill/Validation-allPDB/pdb_cache/6m4e.cif	THR	THR	OG1	CB	ok			-105.33863146141793					0.0	0.0	THR:78	THR	OG1	6.017303052815207				0.0	28.0	none_obvious			buried				0.0	0.0		unmodified	
Q564N5	6M4F	A	56	THR_only_multi_3	3	3	2.2	THR	1075		3	55-594	55-594	THR,THR,THR	/mnt/c/Users/drpat/OneDrive - UGent/Desktop/PD/Phospho-fill/Validation-allPDB/pdb_cache/6m4f.cif	THR	THR	OG1	CB	ok			144.23213741562768					0.0	0.0	TYR:198	TYR	OH	4.754287755208865	HOH:1052	O	7.048098221130191	0.0	24.0	none_obvious			buried				0.0	0.0		unmodified	
Q564N5	6M4F	A	74	THR_only_multi_3	3	3	2.2	THR	1075		3	55-594	55-594	THR,THR,THR	/mnt/c/Users/drpat/OneDrive - UGent/Desktop/PD/Phospho-fill/Validation-allPDB/pdb_cache/6m4f.cif	THR	THR	OG1	CB	ok			115.43269541883107					0.0	0.0	GLN:73	GLN	OE1	7.022273006305128	HOH:928	O	4.4134868383526555	0.0	12.0	none_obvious			intermediate				0.0	0.0		unmodified	
Q564N5	6M4F	A	79	THR_only_multi_3	3	3	2.2	THR	1075		3	55-594	55-594	THR,THR,THR	/mnt/c/Users/drpat/OneDrive - UGent/Desktop/PD/Phospho-fill/Validation-allPDB/pdb_cache/6m4f.cif	THR	THR	OG1	CB	ok			-115.04109127420669					0.0	0.0	THR:78	THR	OG1	5.993973289891291	HOH:988	O	5.789621201488489	0.0	17.0	none_obvious			intermediate				0.0	0.0		unmodified	
Q9H8S9	6MCP	B	35	THR_single	1	1	2.5	THR	1121		2	33-213	33-213	THR	/mnt/c/Users/drpat/OneDrive - UGent/Desktop/PD/Phospho-fill/Validation-allPDB/pdb_cache/6mcp.cif	THR	THR	OG1	CB	ok			-130.4626979344567	LYS:184	LYS	NZ	5.102869288844611	0.0	1.0	LYS:184	LYS	NZ	5.102869288844611	HOH:406	O	2.6472736098098144	1.0	16.0	water_mediated_like			intermediate				0.0	0.0		unmodified	
O75385	6MNH	A	180	THR_single	1	1	1.73	THR	94		2	8-148,158-172,180-290	8-148,158-172,180-290	THR	/mnt/c/Users/drpat/OneDrive - UGent/Desktop/PD/Phospho-fill/Validation-allPDB/pdb_cache/6mnh.cif	THR	THR	OG1	CB	ok			144.02765298409423	LYS:55	LYS	NZ	4.286895987585228	0.0	1.0	LYS:55	LYS	NZ	4.286895987585228	HOH:512	O	5.431146288292875	0.0	3.0	none_obvious			intermediate	SEP:87	SEP	23.935782959787094	0.0	0.0		unmodified	
P28482	6NBS	A	185	THR_single	1	2	1.9	THR	620		2	10-329,335-356	10-329,335-356	THR	/mnt/c/Users/drpat/OneDrive - UGent/Desktop/PD/Phospho-fill/Validation-allPDB/pdb_cache/6nbs.cif	TYR	TYR	OH	CZ	ok				ARG:146	ARG	NH1	3.685619868626182	1.0	1.0	ARG:146	ARG	NH1	3.685619868626182	HOH:529	O	5.502320721108029	0.0	30.0	none_obvious			buried				0.0	0.0		unmodified	0.3171370943218003
Q92918	6NFY	B	165	THR_mixed_with_SER	1	2	2.17	THR	1092		2	10-292	10-292	THR	/mnt/c/Users/drpat/OneDrive - UGent/Desktop/PD/Phospho-fill/Validation-allPDB/pdb_cache/6nfy.cif	THR	THR	OG1	CB	ok			-126.44147147389478					0.0	0.0					HOH:9115	O	7.008479409050682	0.0	15.0	none_obvious			intermediate				0.0	0.0		unmodified	
Q9NZQ7	6NM7	A	127	THR_single	1	1	2.426	THR	1156		1	19-134	19-134	THR	/mnt/c/Users/drpat/OneDrive - UGent/Desktop/PD/Phospho-fill/Validation-allPDB/pdb_cache/6nm7.cif	THR	THR	OG1	CB	ok			115.16751108530659	LYS:129	LYS	NZ	5.716453128315324	0.0	1.0	LYS:129	LYS	NZ	5.716453128315324				0.0	22.0	none_obvious			intermediate				0.0	0.0		unmodified	
Q9NZQ7	6NNV	A	127	THR_single	1	1	1.92	THR	1157		1	18-134	18-134	THR	/mnt/c/Users/drpat/OneDrive - UGent/Desktop/PD/Phospho-fill/Validation-allPDB/pdb_cache/6nnv.cif	THR	THR	OG1	CB	ok			119.35653059503603	LYS:129	LYS	NZ	6.586731861691186	0.0	0.0	LYS:129	LYS	NZ	6.586731861691186	HOH:241	O	3.0398701808260786	1.0	20.0	water_mediated_like			intermediate				0.0	0.0		unmodified	
Q9NZQ7	6NOJ	A	127	THR_single	1	1	2.33	THR	1158		1	18-134	18-134	THR	/mnt/c/Users/drpat/OneDrive - UGent/Desktop/PD/Phospho-fill/Validation-allPDB/pdb_cache/6noj.cif	THR	THR	OG1	CB	ok			121.2150668609515	LYS:129	LYS	CE	6.15378203322106	0.0	0.0	ARG:125	ARG	NH1	6.335163736818475	HOH:518	O	6.1149016306154325	0.0	19.0	none_obvious			intermediate				0.0	0.0		unmodified	
Q9NZQ7	6NP9	A	127	THR_single	1	1	1.27	THR	1159		1	18-44,47-134	18-44,47-134	THR	/mnt/c/Users/drpat/OneDrive - UGent/Desktop/PD/Phospho-fill/Validation-allPDB/pdb_cache/6np9.cif	THR	THR	OG1	CB	ok			120.00466328613388	ARG:125	ARG	NH2	5.020242801492377	0.0	1.0	ARG:125	ARG	NH2	5.020242801492377	HOH:353	O	2.83698990832895	2.0	23.0	water_mediated_like			exposed				0.0	0.0		unmodified	
Q9NWZ3	6O8U	C	342	THR_mixed_with_SER	1	2	1.8	THR	1128		4	163-336,341-458	163-336,341-458	THR	/mnt/c/Users/drpat/OneDrive - UGent/Desktop/PD/Phospho-fill/Validation-allPDB/pdb_cache/6o8u.cif	THR	THR	OG1	CB	ok			126.4495134285253	LYS:441	LYS	NZ	4.648843267518566	0.0	2.0	THR:365	THR	OG1	4.410156471504633	HOH:629	O	7.994170591102088	0.0	21.0	none_obvious			intermediate	TPO:345	TPO	13.94990385465718	0.0	0.0		unmodified	
Q5S007	6OJE	B	1343	THR_single	1	1	1.95	THR	1077		1	1333-1519	1333-1519	THR	/mnt/c/Users/drpat/OneDrive - UGent/Desktop/PD/Phospho-fill/Validation-allPDB/pdb_cache/6oje.cif	THR	THR	OG1	CB	ok			139.77178947116857	LYS:1347	LYS	NZ	5.500448061319675	0.0	1.0	LYS:1347	LYS	NZ	5.500448061319675	HOH:1728	O	2.6342056664837434	1.0	9.0	water_mediated_like			intermediate				0.0	0.0		unmodified	
Q5S007	6OJF	A	1343	THR_single	1	1	1.6	THR	1078		1	1332-1519	1332-1519	THR	/mnt/c/Users/drpat/OneDrive - UGent/Desktop/PD/Phospho-fill/Validation-allPDB/pdb_cache/6ojf.cif	THR	THR	OG1	CB	ok			136.00861175388627	LYS:1347	LYS	NZ	5.389855631801257	0.0	1.0	LYS:1347	LYS	NZ	5.389855631801257	HOH:1763	O	3.9099895634021005	1.0	11.0	none_obvious			intermediate				0.0	0.0		unmodified	
P24941	6OQI	A	160	THR_mixed_with_TYR	1	3	2.0	THR	535		3	1-37,47-298	1-37,47-298	THR	/mnt/c/Users/drpat/OneDrive - UGent/Desktop/PD/Phospho-fill/Validation-allPDB/pdb_cache/6oqi.cif	THR	THR	OG1	CB	ok			-133.3104250934293	HIS:161	HIS	CD2	6.0308511242661735	0.0	0.0	GLU:12	GLU	OE1	2.8983544802749712	HOH:413	O	7.675196361562415	0.0	37.0	hbond_like			buried				0.0	0.0		unmodified	
P63086	6OT6	A	183	THR_mixed_with_TYR	1	2	1.65	THR	955		2	9-329,332-356	9-329,332-356	THR	/mnt/c/Users/drpat/OneDrive - UGent/Desktop/PD/Phospho-fill/Validation-allPDB/pdb_cache/6ot6.cif	THR	THR	OG1	CB	ok			116.42588825851735	LYS:201	LYS	CE	7.217688542699587	0.0	0.0	THR:179	THR	OG1	3.1330772680215806	HOH:625	O	3.648446196281483	1.0	24.0	hbond_like			buried				0.0	0.0		unmodified	
P63086	6OTS	A	183	THR_mixed_with_TYR	1	2	2.1	THR	956		2	7-116,119-172,183-198,203-252,255-317,326-356	7-116,119-172,183-198,203-252,255-317,326-356	THR	/mnt/c/Users/drpat/OneDrive - UGent/Desktop/PD/Phospho-fill/Validation-allPDB/pdb_cache/6ots.cif	THR	THR	OG1	CB	ok			-108.00220089416506	ARG:146	ARG	NH2	7.793320277386694	0.0	0.0	GLU:184	GLU	OE1	5.667027426324645				0.0	4.0	none_obvious			intermediate				0.0	0.0		unmodified	
Q9NZQ7	6PV9	A	127	THR_single	1	1	2.0	THR	1160		1	19-183,190-229	19-183,190-229	THR	/mnt/c/Users/drpat/OneDrive - UGent/Desktop/PD/Phospho-fill/Validation-allPDB/pdb_cache/6pv9.cif	THR	THR	OG1	CB	ok			120.5614344022501	LYS:129	LYS	CE	6.502170275014807	0.0	0.0	ASP:26	ASP	OD2	5.898379142246564	HOH:501	O	2.9394473897329405	1.0	21.0	water_mediated_like			intermediate				0.0	0.0		unmodified	
P48730	6PXN	A	220	THR_single	1	1	1.551	THR	790		2	2-291	2-291	THR	/mnt/c/Users/drpat/OneDrive - UGent/Desktop/PD/Phospho-fill/Validation-allPDB/pdb_cache/6pxn.cif	THR	THR	OG1	CB	ok			-94.99537218548234	ARG:222	ARG	NH1	4.927758576543033	0.0	1.0	GLN:223	GLN	OE1	4.300775481625949				0.0	29.0	none_obvious			buried				0.0	0.0		unmodified	
P48730	6PXO	B	220	THR_single	1	1	2.0	THR	791		2	1-292	1-292	THR	/mnt/c/Users/drpat/OneDrive - UGent/Desktop/PD/Phospho-fill/Validation-allPDB/pdb_cache/6pxo.cif	THR				missing_anchor_or_base																														
P48730	6PXP	B	220	THR_single	1	1	2.35	THR	792		2	2-294	2-294	THR	/mnt/c/Users/drpat/OneDrive - UGent/Desktop/PD/Phospho-fill/Validation-allPDB/pdb_cache/6pxp.cif	THR	THR	OG1	CB	ok			122.29032939328292	LYS:221	LYS	NZ	5.405367033089449	0.0	1.0	GLN:223	GLN	NE2	3.5109955369948254				0.0	23.0	none_obvious			intermediate				0.0	0.0		unmodified	
P24941	6Q3C	A	160	THR_mixed_with_TYR	1	3	1.29	THR	536		3	2-36,45-298	2-36,45-298	THR	/mnt/c/Users/drpat/OneDrive - UGent/Desktop/PD/Phospho-fill/Validation-allPDB/pdb_cache/6q3c.cif	THR	THR	OG1	CB	ok			-120.21317101379368	HIS:161	HIS	CD2	6.125847393485254	0.0	0.0	THR:158	THR	OG1	3.101959099690286	HOH:451	O	3.2096552338922795	1.0	40.0	hbond_like			buried				0.0	0.0		unmodified	
P24941	6Q3F	A	160	THR_mixed_with_TYR	1	3	1.18	THR	537		3	1-35,45-298	1-35,45-298	THR	/mnt/c/Users/drpat/OneDrive - UGent/Desktop/PD/Phospho-fill/Validation-allPDB/pdb_cache/6q3f.cif	THR	THR	OG1	CB	ok			-112.97908175866917	HIS:161	HIS	CD2	6.109645275259307	0.0	0.0	THR:158	THR	OG1	2.905022720108915	HOH:497	O	3.2838693668716132	1.0	38.0	hbond_like			buried				0.0	0.0		unmodified	
P24941	6Q4A	A	160	THR_mixed_with_TYR	1	3	1.13	THR	538		3	1-38,45-298	1-38,45-298	THR	/mnt/c/Users/drpat/OneDrive - UGent/Desktop/PD/Phospho-fill/Validation-allPDB/pdb_cache/6q4a.cif	THR	THR	OG1	CB	ok			-116.14247813827696	HIS:161	HIS	CD2	5.8588273902688055	0.0	1.0	THR:158	THR	OG1	3.2384165342129227	HOH:422	O	2.984678542073182	2.0	41.0	hbond_like			exposed				0.0	0.0		unmodified	
P24941	6Q4B	A	160	THR_mixed_with_TYR	1	3	1.12	THR	539		3	1-37,45-298	1-37,45-298	THR	/mnt/c/Users/drpat/OneDrive - UGent/Desktop/PD/Phospho-fill/Validation-allPDB/pdb_cache/6q4b.cif	THR	THR	OG1	CB	ok			-114.9256100815501	HIS:161	HIS	CD2	5.93154035635388	0.0	1.0	GLU:12	GLU	OE1	3.236347215500745	HOH:442	O	3.1513117701783915	1.0	39.0	hbond_like			buried				0.0	0.0		unmodified	
P24941	6Q4C	A	160	THR_mixed_with_TYR	1	3	1.73	THR	540		3	1-37,45-298	1-37,45-298	THR	/mnt/c/Users/drpat/OneDrive - UGent/Desktop/PD/Phospho-fill/Validation-allPDB/pdb_cache/6q4c.cif	THR	THR	OG1	CB	ok			-129.69116622072892	HIS:161	HIS	CD2	6.125239941118629	0.0	0.0	GLU:162	GLU	OE1	2.6645595338400394	HOH:424	O	2.7715072761895554	1.0	40.0	hbond_like			buried				0.0	0.0		unmodified	
P24941	6Q4D	A	160	THR_mixed_with_TYR	1	3	1.07	THR	541		3	1-37,45-296	1-37,45-296	THR	/mnt/c/Users/drpat/OneDrive - UGent/Desktop/PD/Phospho-fill/Validation-allPDB/pdb_cache/6q4d.cif	THR	THR	OG1	CB	ok			4.3346323296007805	ARG:36	ARG	NH2	5.0910185860885475	0.0	1.0	GLU:12	GLU	OE2	3.2126181634235933	HOH:471	O	5.209476595147427	0.0	40.0	hbond_like			buried				0.0	0.0		unmodified	
P24941	6Q4F	A	160	THR_mixed_with_TYR	1	3	1.21	THR	542		3	1-37,45-298	1-37,45-298	THR	/mnt/c/Users/drpat/OneDrive - UGent/Desktop/PD/Phospho-fill/Validation-allPDB/pdb_cache/6q4f.cif	THR	THR	OG1	CB	ok			-119.21647087217414	HIS:161	HIS	CD2	6.105946477501507	0.0	0.0	GLU:162	GLU	OE2	2.3980544714165193	HOH:477	O	3.230867648196819	1.0	40.0	hbond_like			buried				0.0	0.0		unmodified	
P24941	6Q4H	A	160	THR_mixed_with_TYR	1	3	1.0	THR	543		3	1-38,45-153,156-298	1-38,45-153,156-298	THR	/mnt/c/Users/drpat/OneDrive - UGent/Desktop/PD/Phospho-fill/Validation-allPDB/pdb_cache/6q4h.cif	THR	THR	OG1	CB	ok			7.588415313561458	ARG:36	ARG	NH1	4.9558563906350415	0.0	1.0	ARG:36	ARG	NH1	4.9558563906350415	HOH:461	O	3.0722285094149338	2.0	35.0	water_mediated_like			exposed				0.0	0.0		unmodified	
P24941	6Q4I	A	160	THR_mixed_with_TYR	1	3	1.11	THR	544		3	1-37,45-153,157-298	1-37,45-153,157-298	THR	/mnt/c/Users/drpat/OneDrive - UGent/Desktop/PD/Phospho-fill/Validation-allPDB/pdb_cache/6q4i.cif	THR	THR	OG1	CB	ok			-1.0290122987261072	ARG:36	ARG	NH2	3.8597407680708073	1.0	2.0	ARG:36	ARG	NH2	3.8597407680708073	HOH:410	O	3.3873048573456797	1.0	33.0	water_mediated_like			buried				0.0	0.0		unmodified	
P24941	6Q4J	A	160	THR_mixed_with_TYR	1	3	1.05	THR	545		3	1-37,46-154,157-298	1-37,46-154,157-298	THR	/mnt/c/Users/drpat/OneDrive - UGent/Desktop/PD/Phospho-fill/Validation-allPDB/pdb_cache/6q4j.cif	THR	THR	OG1	CB	ok			3.221679999023493	HIS:161	HIS	ND1	5.538742816277353	0.0	1.0	HIS:161	HIS	ND1	5.538742816277353	HOH:548	O	3.8008716539344394	1.0	30.0	none_obvious			buried				0.0	0.0		unmodified	
P24941	6Q4K	A	160	THR_mixed_with_TYR	1	3	1.06	THR	546		3	1-37,45-298	1-37,45-298	THR	/mnt/c/Users/drpat/OneDrive - UGent/Desktop/PD/Phospho-fill/Validation-allPDB/pdb_cache/6q4k.cif	THR	THR	OG1	CB	ok			-112.9848192499988	HIS:161	HIS	CD2	5.932563361738224	0.0	1.0	THR:158	THR	OG1	2.8495272800381883	HOH:487	O	3.106548146387924	1.0	39.0	hbond_like			buried				0.0	0.0		unmodified	
P28482	6Q7K	A	185	THR_mixed_with_TYR	1	2	1.84	THR	621		2	8-333,338-357	8-333,338-357	THR	/mnt/c/Users/drpat/OneDrive - UGent/Desktop/PD/Phospho-fill/Validation-allPDB/pdb_cache/6q7k.cif	THR	THR	OG1	CB	ok			113.43711523434601	LYS:203	LYS	CE	7.252162069367568	0.0	0.0	THR:181	THR	OG1	3.113883976613129	HOH:570	O	3.449200567278953	2.0	23.0	hbond_like			exposed				0.0	0.0		unmodified	
P28482	6Q7S	A	185	THR_mixed_with_TYR	1	2	1.73	THR	622		2	11-329,334-356	11-329,334-356	THR	/mnt/c/Users/drpat/OneDrive - UGent/Desktop/PD/Phospho-fill/Validation-allPDB/pdb_cache/6q7s.cif	THR	THR	OG1	CB	ok			113.62734517334796	LYS:203	LYS	CE	7.469993251393126	0.0	0.0	THR:181	THR	OG1	3.144644974811843	HOH:687	O	3.4795865732633846	2.0	22.0	hbond_like			exposed				0.0	0.0		unmodified	
P28482	6Q7T	A	185	THR_mixed_with_TYR	1	2	1.6	THR	623		2	11-329,336-356	11-329,336-356	THR	/mnt/c/Users/drpat/OneDrive - UGent/Desktop/PD/Phospho-fill/Validation-allPDB/pdb_cache/6q7t.cif	THR	THR	OG1	CB	ok			118.0517815132894	LYS:203	LYS	CE	7.627164081890811	0.0	0.0	THR:181	THR	OG1	3.179764913293052	HOH:561	O	3.3890093269078148	2.0	23.0	hbond_like			exposed				0.0	0.0		unmodified	
P49759	6Q8K	A	342	THR_mixed_with_SER	1	2	2.29	THR	818		2	148-484	148-484	THR	/mnt/c/Users/drpat/OneDrive - UGent/Desktop/PD/Phospho-fill/Validation-allPDB/pdb_cache/6q8k.cif	THR	THR	OG1	CB	ok			118.7655912272148	LYS:290	LYS	NZ	3.291294890372238	1.0	1.0	ASP:288	ASP	OD1	3.054735254452571	HOH:676	O	4.05860361977262	0.0	19.0	salt_bridge_like			intermediate				0.0	0.0		unmodified	
P28482	6QA1	A	185	THR_mixed_with_TYR	1	2	1.58	THR	624		2	11-330,337-358	11-330,337-358	THR	/mnt/c/Users/drpat/OneDrive - UGent/Desktop/PD/Phospho-fill/Validation-allPDB/pdb_cache/6qa1.cif	THR	THR	OG1	CB	ok			115.2437942367522	LYS:203	LYS	CE	7.828256289324077	0.0	0.0	THR:181	THR	OG1	3.042118990954537	HOH:601	O	3.4804775212310775	2.0	24.0	hbond_like			exposed				0.0	0.0		unmodified	
P28482	6QA3	A	185	THR_mixed_with_TYR	1	2	1.57	THR	625		2	8-329,338-357	8-329,338-357	THR	/mnt/c/Users/drpat/OneDrive - UGent/Desktop/PD/Phospho-fill/Validation-allPDB/pdb_cache/6qa3.cif	THR	THR	OG1	CB	ok			115.9384546495859					0.0	0.0	THR:181	THR	OG1	3.0347466912115078	HOH:630	O	3.5007589960990964	2.0	24.0	hbond_like			exposed				0.0	0.0		unmodified	
P28482	6QA4	A	185	THR_mixed_with_TYR	1	2	1.6	THR	626		2	11-34,37-330,339-357	11-34,37-330,339-357	THR	/mnt/c/Users/drpat/OneDrive - UGent/Desktop/PD/Phospho-fill/Validation-allPDB/pdb_cache/6qa4.cif	THR	THR	OG1	CB	ok			-118.25898652062693	LYS:203	LYS	CE	7.235989926451776	0.0	0.0	THR:181	THR	OG1	3.8379144392274234	HOH:615	O	3.370840038869796	1.0	27.0	water_mediated_like			buried				0.0	0.0		unmodified	
P28482	6QAG	A	185	THR_mixed_with_TYR	1	2	2.07	THR	627		2	11-330,338-357	11-330,338-357	THR	/mnt/c/Users/drpat/OneDrive - UGent/Desktop/PD/Phospho-fill/Validation-allPDB/pdb_cache/6qag.cif	THR	THR	OG1	CB	ok			114.8391424339802	LYS:203	LYS	CE	7.720923367120512	0.0	0.0	THR:181	THR	OG1	2.8751916419839443	HOH:565	O	3.4798142251512565	2.0	25.0	hbond_like			exposed				0.0	0.0		unmodified	
P28482	6QAH	A	185	THR_mixed_with_TYR	1	2	1.58	THR	628		2	11-35,37-331,338-357	11-35,37-331,338-357	THR	/mnt/c/Users/drpat/OneDrive - UGent/Desktop/PD/Phospho-fill/Validation-allPDB/pdb_cache/6qah.cif	THR	THR	OG1	CB	ok			117.30111343775005	LYS:203	LYS	CE	6.856188207523542	0.0	0.0	THR:181	THR	OG1	2.9057197814357045	HOH:617	O	3.5764986488944803	2.0	23.0	hbond_like			exposed				0.0	0.0		unmodified	
P28482	6QAL	A	185	THR_mixed_with_TYR	1	2	1.57	THR	629		2	11-33,37-330,339-357	11-33,37-330,339-357	THR	/mnt/c/Users/drpat/OneDrive - UGent/Desktop/PD/Phospho-fill/Validation-allPDB/pdb_cache/6qal.cif	THR	THR	OG1	CB	ok			-123.42149738773982	LYS:203	LYS	CE	7.399648227146866	0.0	0.0	GLU:186	GLU	OE2	3.6123131247188893	HOH:521	O	3.1291943963476108	1.0	28.0	water_mediated_like			buried				0.0	0.0		unmodified	
P28482	6QAQ	A	185	THR_mixed_with_TYR	1	2	1.58	THR	630		2	11-330,334-357	11-330,334-357	THR	/mnt/c/Users/drpat/OneDrive - UGent/Desktop/PD/Phospho-fill/Validation-allPDB/pdb_cache/6qaq.cif	THR	THR	OG1	CB	ok			119.10981079778658	LYS:203	LYS	CE	6.907983290894669	0.0	0.0	THR:181	THR	OG1	3.0450991064923048	HOH:568	O	3.37806285136619	2.0	25.0	hbond_like			exposed				0.0	0.0		unmodified	
P28482	6QAW	A	185	THR_mixed_with_TYR	1	2	1.84	THR	631		2	11-329,339-357	11-329,339-357	THR	/mnt/c/Users/drpat/OneDrive - UGent/Desktop/PD/Phospho-fill/Validation-allPDB/pdb_cache/6qaw.cif	THR	THR	OG1	CB	ok			113.07181065658531					0.0	0.0	THR:181	THR	OG1	3.245500263636909	HOH:584	O	3.5931959431534977	2.0	23.0	hbond_like			exposed				0.0	0.0		unmodified	
P49759	6QTY	A	342	THR_mixed_with_SER	1	2	1.65	THR	819		2	149-481	149-481	THR	/mnt/c/Users/drpat/OneDrive - UGent/Desktop/PD/Phospho-fill/Validation-allPDB/pdb_cache/6qty.cif	THR	THR	OG1	CB	ok			113.42178795399587	LYS:290	LYS	NZ	3.027692780283061	1.0	1.0	ASP:288	ASP	OD1	2.8436712661718584	HOH:602	O	3.734531664380363	2.0	20.0	salt_bridge_like			exposed				0.0	0.0		unmodified	
P49759	6R3D	A	342	THR_mixed_with_SER	1	2	1.85	THR	820		2	152-481	152-481	THR	/mnt/c/Users/drpat/OneDrive - UGent/Desktop/PD/Phospho-fill/Validation-allPDB/pdb_cache/6r3d.cif	THR	THR	OG1	CB	ok			122.09597972071948	LYS:290	LYS	NZ	3.0000793576977633	1.0	1.0	ASP:288	ASP	OD1	2.707750477760252	HOH:1037	O	3.724708372819969	1.0	21.0	salt_bridge_like			intermediate				0.0	0.0		unmodified	
Q9NZQ7	6R3K	A	127	THR_single	1	1	2.2	THR	1161		1	18-134	18-134	THR	/mnt/c/Users/drpat/OneDrive - UGent/Desktop/PD/Phospho-fill/Validation-allPDB/pdb_cache/6r3k.cif	THR	THR	OG1	CB	ok			113.75272838581957	ARG:125	ARG	NH1	4.714069353995941	0.0	1.0	ARG:125	ARG	NH1	4.714069353995941	HOH:311	O	2.5748300991029627	2.0	23.0	water_mediated_like			exposed				0.0	0.0		unmodified	
O14965	6R4A	A	287	THR_single	1	1	1.937	THR	61		2	127-391	127-391	THR	/mnt/c/Users/drpat/OneDrive - UGent/Desktop/PD/Phospho-fill/Validation-allPDB/pdb_cache/6r4a.cif	THR	THR	OG1	CB	ok			128.35993852278077	HIS:176	HIS	CE1	3.2722203633993647	1.0	2.0	HIS:176	HIS	NE2	3.5206862266381838	HOH:655	O	3.1452605584532005	1.0	29.0	salt_bridge_like			buried	TPO:288	TPO	6.845538344096273	1.0	1.0	TPO:288@6.85	unmodified	
O14965	6R4B	A	287	THR_single	1	1	2.15	THR	62		2	127-391	127-391	THR	/mnt/c/Users/drpat/OneDrive - UGent/Desktop/PD/Phospho-fill/Validation-allPDB/pdb_cache/6r4b.cif	THR	THR	OG1	CB	ok			135.76878298135117	HIS:176	HIS	NE2	3.3165267547857913	1.0	1.0	HIS:176	HIS	NE2	3.3165267547857913				0.0	27.0	salt_bridge_like			buried	TPO:288	TPO	6.916669407339883	1.0	1.0	TPO:288@6.92	unmodified	
O14965	6R4C	A	287	THR_single	1	1	2.04	THR	63		2	127-391	127-391	THR	/mnt/c/Users/drpat/OneDrive - UGent/Desktop/PD/Phospho-fill/Validation-allPDB/pdb_cache/6r4c.cif	THR	THR	OG1	CB	ok			128.96552818966654	HIS:176	HIS	NE2	3.2649554011362483	1.0	2.0	HIS:176	HIS	NE2	3.2649554011362483	HOH:644	O	6.277342358808498	0.0	27.0	salt_bridge_like			buried	TPO:288	TPO	6.896348034119412	1.0	1.0	TPO:288@6.90	unmodified	
O14965	6R4D	A	287	THR_single	1	1	2.009	THR	64		2	127-391	127-391	THR	/mnt/c/Users/drpat/OneDrive - UGent/Desktop/PD/Phospho-fill/Validation-allPDB/pdb_cache/6r4d.cif	THR	THR	OG1	CB	ok			136.1296543209588	ARG:180	ARG	NH1	5.985134191277409	0.0	1.0	GLN:177	GLN	NE2	3.3265362671643204	HOH:688	O	3.0774617235298014	2.0	22.0	hbond_like			exposed	TPO:288	TPO	7.200469954781454	1.0	1.0	TPO:288@7.20	unmodified	
P49759	6R6E	A	342	THR_mixed_with_SER	1	2	2.25	THR	821		2	153-308,311-481	153-308,311-481	THR	/mnt/c/Users/drpat/OneDrive - UGent/Desktop/PD/Phospho-fill/Validation-allPDB/pdb_cache/6r6e.cif	THR	THR	OG1	CB	ok			121.46658387546147	LYS:290	LYS	NZ	2.9796140033481024	1.0	1.0	ASP:288	ASP	OD1	2.86556867016073	HOH:1012	O	3.5563544414270916	1.0	22.0	salt_bridge_like			intermediate				0.0	0.0		unmodified	
P49759	6R6X	A	342	THR_mixed_with_SER	1	2	2.05	THR	822		2	152-481	152-481	THR	/mnt/c/Users/drpat/OneDrive - UGent/Desktop/PD/Phospho-fill/Validation-allPDB/pdb_cache/6r6x.cif	THR	THR	OG1	CB	ok			124.54075172340251	LYS:290	LYS	NZ	3.260732586859524	1.0	1.0	ASP:288	ASP	OD1	2.66374524728506	HOH:1031	O	3.638277436233263	1.0	21.0	salt_bridge_like			intermediate				0.0	0.0		unmodified	
P49759	6R8J	A	342	THR_mixed_with_SER	1	2	1.75	THR	823		2	152-481	152-481	THR	/mnt/c/Users/drpat/OneDrive - UGent/Desktop/PD/Phospho-fill/Validation-allPDB/pdb_cache/6r8j.cif	THR	THR	OG1	CB	ok			124.05244368896174	LYS:290	LYS	NZ	3.0137108721862518	1.0	1.0	ASP:288	ASP	OD1	2.7687114799107366	HOH:634	O	3.7010216207178432	1.0	21.0	salt_bridge_like			intermediate				0.0	0.0		unmodified	
P49759	6RAA	A	342	THR_mixed_with_SER	1	2	2.1	THR	824		2	148-481	148-481	THR	/mnt/c/Users/drpat/OneDrive - UGent/Desktop/PD/Phospho-fill/Validation-allPDB/pdb_cache/6raa.cif	THR	THR	OG1	CB	ok			-108.14618259406464	LYS:290	LYS	NZ	4.552373203263609	0.0	1.0	ASP:288	ASP	OD1	4.405797948064998	HOH:723	O	3.505861896142906	1.0	32.0	none_obvious			buried				0.0	0.0		unmodified	
P48730	6RCG	A	220	THR_single	1	1	1.4	THR	793		2	1-293	1-293	THR	/mnt/c/Users/drpat/OneDrive - UGent/Desktop/PD/Phospho-fill/Validation-allPDB/pdb_cache/6rcg.cif	THR	THR	OG1	CB	ok			-120.22478919054795	ARG:222	ARG	NE	5.495724415363042	0.0	1.0	GLN:223	GLN	OE1	3.3176711889030956	HOH:462	O	2.6840646889368607	3.0	26.0	hbond_like			exposed				0.0	0.0		unmodified	
P48730	6RCH	A	220	THR_single	1	1	1.45	THR	794		2	2-294	2-294	THR	/mnt/c/Users/drpat/OneDrive - UGent/Desktop/PD/Phospho-fill/Validation-allPDB/pdb_cache/6rch.cif	THR	THR	OG1	CB	ok			-108.42299777353605	ARG:222	ARG	NE	6.938864367305985	0.0	0.0	GLN:223	GLN	NE2	4.08251461718101	HOH:571	O	2.808442062862379	2.0	28.0	water_mediated_like			exposed				0.0	0.0		unmodified	
Q9NWZ3	6RFI	A	342	THR_mixed_with_SER	1	2	2.31	THR	1129		4	165-184,189-195,198-215,224-335,341-458	165-184,189-195,198-215,224-335,341-458	THR	/mnt/c/Users/drpat/OneDrive - UGent/Desktop/PD/Phospho-fill/Validation-allPDB/pdb_cache/6rfi.cif	THR	THR	OG1	CB	ok			-112.40087287264815					0.0	0.0	GLN:341	GLN	OE1	5.669605242969034				0.0	12.0	none_obvious			intermediate	TPO:345	TPO	13.720457807605731	0.0	0.0		unmodified	
P63086	6RFP	A	183	THR_mixed_with_TYR	1	2	1.74	THR	957		2	3-7,15-19,21-31,35-57,59-333,336-353	3-6,15-19,21-31,35-57,59-333,336-353	THR	/mnt/c/Users/drpat/OneDrive - UGent/Desktop/PD/Phospho-fill/Validation-allPDB/pdb_cache/6rfp.cif	THR	THR	OG1	CB	ok			121.23227147628634	LYS:201	LYS	CE	6.950589915807731	0.0	0.0	THR:179	THR	OG1	3.1179267422185855	HOH:435	O	3.4522677150925394	2.0	21.0	hbond_like			exposed				0.0	0.0		unmodified	
P28482	6RQ4	A	185	THR_mixed_with_TYR	1	2	1.96	THR	632		2	19-331,339-357	19-331,339-357	THR	/mnt/c/Users/drpat/OneDrive - UGent/Desktop/PD/Phospho-fill/Validation-allPDB/pdb_cache/6rq4.cif	THR	THR	OG1	CB	ok			116.3895057765341	LYS:203	LYS	CE	6.989076284505638	0.0	0.0	THR:181	THR	OG1	2.9047590370854506	HOH:526	O	2.656931449170313	3.0	24.0	hbond_like			exposed				0.0	0.0		unmodified	
P48730	6RU6	A	220	THR_single	1	1	2.05	THR	795		2	3-17,22-294	3-17,22-294	THR	/mnt/c/Users/drpat/OneDrive - UGent/Desktop/PD/Phospho-fill/Validation-allPDB/pdb_cache/6ru6.cif	THR	THR	OG1	CB	ok			-98.681349334622	ARG:222	ARG	NE	6.076908409675384	0.0	0.0	GLN:223	GLN	OE1	4.628608935939124				0.0	30.0	none_obvious			buried				0.0	0.0		unmodified	
P48730	6RU7	A	220	THR_single	1	1	2.08	THR	796		2	3-294	3-294	THR	/mnt/c/Users/drpat/OneDrive - UGent/Desktop/PD/Phospho-fill/Validation-allPDB/pdb_cache/6ru7.cif	THR	THR	OG1	CB	ok			131.8667060872336					0.0	0.0	GLN:223	GLN	NE2	5.413613227510968	HOH:489	O	4.856317847809482	0.0	17.0	none_obvious			intermediate				0.0	0.0		unmodified	
P48730	6RU8	A	220	THR_single	1	1	1.92	THR	797		2	2-294	2-294	THR	/mnt/c/Users/drpat/OneDrive - UGent/Desktop/PD/Phospho-fill/Validation-allPDB/pdb_cache/6ru8.cif	THR	THR	OG1	CB	ok			-109.9156511878594	ARG:222	ARG	NE	7.317357453742911	0.0	0.0	GLN:223	GLN	OE1	4.4985927521553				0.0	26.0	none_obvious			buried				0.0	0.0		unmodified	
P31749	6S9W	A	308	THR_single	1	1	2.3	THR	673		3	3-112,142-301,304-444	3-112,142-301,304-444	THR	/mnt/c/Users/drpat/OneDrive - UGent/Desktop/PD/Phospho-fill/Validation-allPDB/pdb_cache/6s9w.cif	THR	THR	OG1	CB	ok			127.09248218220013	LYS:301	LYS	CE	3.710972373671469	1.0	2.0	LYS:301	LYS	NZ	4.9177599015627615				0.0	29.0	none_obvious			buried				0.0	0.0		unmodified	
P28482	6SLG	A	185	THR_mixed_with_TYR	1	2	1.33	THR	633		2	18-330,338-356	18-330,338-356	THR	/mnt/c/Users/drpat/OneDrive - UGent/Desktop/PD/Phospho-fill/Validation-allPDB/pdb_cache/6slg.cif	THR	THR	OG1	CB	ok			116.43440683782464	LYS:203	LYS	CE	6.9091344205442375	0.0	0.0	THR:181	THR	OG1	2.8300083952205783	HOH:554	O	3.640644321968307	1.0	24.0	hbond_like			buried				0.0	0.0		unmodified	
P47811	6SO1	A	180	THR_mixed_with_TYR	1	2	1.66	THR	764		2	5-31,35-171,174-352	5-31,35-171,174-352	THR	/mnt/c/Users/drpat/OneDrive - UGent/Desktop/PD/Phospho-fill/Validation-allPDB/pdb_cache/6so1.cif	THR	THR	OG1	CB	ok			118.36245894527259	HIS:228	HIS	CE1	5.155562387866438	0.0	1.0	ASP:177	ASP	OD2	4.647212599315806	HOH:701	O	6.64443447079679	0.0	23.0	none_obvious			intermediate				0.0	0.0		unmodified	
P47811	6SO2	A	180	THR_mixed_with_TYR	1	2	1.6	THR	765		2	4-31,34-171,174-352	4-31,34-171,174-352	THR	/mnt/c/Users/drpat/OneDrive - UGent/Desktop/PD/Phospho-fill/Validation-allPDB/pdb_cache/6so2.cif	THR	THR	OG1	CB	ok			120.80152955269395	HIS:228	HIS	CE1	5.135763157375186	0.0	1.0	HIS:228	HIS	ND1	5.779411454080822	HOH:501	O	5.082750558242162	0.0	22.0	none_obvious			intermediate				0.0	0.0		unmodified	
P47811	6SO4	A	180	THR_mixed_with_TYR	1	2	1.51	THR	766		2	5-32,34-117,120-171,174-352	5-32,34-117,120-171,174-352	THR	/mnt/c/Users/drpat/OneDrive - UGent/Desktop/PD/Phospho-fill/Validation-allPDB/pdb_cache/6so4.cif	THR	THR	OG1	CB	ok			116.9107475107862	HIS:228	HIS	CE1	5.119547810005512	0.0	1.0	HIS:228	HIS	ND1	5.756552720101314	HOH:707	O	6.728448892477739	0.0	21.0	none_obvious			intermediate				0.0	0.0		unmodified	
P47811	6SOD	A	180	THR_mixed_with_TYR	1	2	1.87	THR	767		2	5-32,34-171,174-352	5-32,34-171,174-352	THR	/mnt/c/Users/drpat/OneDrive - UGent/Desktop/PD/Phospho-fill/Validation-allPDB/pdb_cache/6sod.cif	THR	THR	OG1	CB	ok			119.38101959567281	HIS:228	HIS	CE1	5.029679751273383	0.0	1.0	HIS:228	HIS	ND1	5.703997242236413	HOH:510	O	4.988258415771007	0.0	21.0	none_obvious			intermediate				0.0	0.0		unmodified	
P47811	6SOI	A	180	THR_mixed_with_TYR	1	2	1.55	THR	768		2	4-32,35-172,174-352	4-32,35-172,174-352	THR	/mnt/c/Users/drpat/OneDrive - UGent/Desktop/PD/Phospho-fill/Validation-allPDB/pdb_cache/6soi.cif	THR	THR	OG1	CB	ok			117.32655742210933	HIS:228	HIS	CE1	5.079298672083619	0.0	1.0	HIS:228	HIS	ND1	5.730260141239248	HOH:501	O	4.895818403313753	0.0	21.0	none_obvious			intermediate				0.0	0.0		unmodified	
P47811	6SOT	A	180	THR_mixed_with_TYR	1	2	1.54	THR	769		2	5-32,35-117,120-171,174-352	5-32,35-117,120-171,174-352	THR	/mnt/c/Users/drpat/OneDrive - UGent/Desktop/PD/Phospho-fill/Validation-allPDB/pdb_cache/6sot.cif	THR	THR	OG1	CB	ok			117.6013576658005	HIS:228	HIS	CE1	5.086311505580641	0.0	1.0	ASP:177	ASP	OD1	5.101469560735497	HOH:507	O	5.013240341581802	0.0	23.0	none_obvious			intermediate				0.0	0.0		unmodified	
P47811	6SOU	A	180	THR_mixed_with_TYR	1	2	1.5	THR	770		2	5-117,121-169,173-352	5-117,121-169,173-352	THR	/mnt/c/Users/drpat/OneDrive - UGent/Desktop/PD/Phospho-fill/Validation-allPDB/pdb_cache/6sou.cif	THR	THR	OG1	CB	ok			119.34994347996538	HIS:228	HIS	CE1	5.071725591618643	0.0	1.0	HIS:228	HIS	ND1	5.746627089447732	HOH:684	O	6.451666840761347	0.0	22.0	none_obvious			intermediate				0.0	0.0		unmodified	
P61006	6STF	A	72	THR_single	1	1	2.4	THR	901		2	6-176	6-176	THR	/mnt/c/Users/drpat/OneDrive - UGent/Desktop/PD/Phospho-fill/Validation-allPDB/pdb_cache/6stf.cif	THR	THR	OG1	CB	ok			130.62544549915125	ARG:71	ARG	NH1	5.037638732475712	0.0	1.0	ARG:71	ARG	NH1	5.037638732475712				0.0	11.0	none_obvious			intermediate	SEP:111	SEP	18.919714659201862	0.0	0.0		unmodified	
P61006	6STG	A	72	THR_single	1	1	2.5	THR	902		2	6-176	6-176	THR	/mnt/c/Users/drpat/OneDrive - UGent/Desktop/PD/Phospho-fill/Validation-allPDB/pdb_cache/6stg.cif	THR	THR	OG1	CB	ok			89.65792391717628					0.0	0.0	THR:75	THR	OG1	6.212832169856652				0.0	7.0	none_obvious			intermediate	SEP:111	SEP	19.203074818781747	0.0	0.0		unmodified	
P49841	6TCU	A	277	THR_single	1	1	2.14	THR	868		3	35-384	35-384	THR	/mnt/c/Users/drpat/OneDrive - UGent/Desktop/PD/Phospho-fill/Validation-allPDB/pdb_cache/6tcu.cif	THR	THR	OG1	CB	ok			-117.04486863233377	ARG:278	ARG	NE	7.888636864435307	0.0	0.0	GLN:280	GLN	OE1	3.4031903205705096	HOH:508	O	2.6647776910497725	1.0	24.0	hbond_like			buried	PTR:216	PTR	25.61218234383462	0.0	0.0		unmodified	
Q9NWZ3	6THX	B	342	THR_mixed_with_SER	1	2	1.99	THR	1130		4	164-215,223-336,342-458	164-215,223-336,342-458	THR	/mnt/c/Users/drpat/OneDrive - UGent/Desktop/PD/Phospho-fill/Validation-allPDB/pdb_cache/6thx.cif	THR	THR	OG1	CB	ok			143.6963733011839	LYS:367	LYS	NZ	4.534542921289856	0.0	2.0	LYS:367	LYS	NZ	4.534542921289856	HOH:625	O	2.718993871577878	1.0	14.0	water_mediated_like			intermediate	TPO:345	TPO	13.893643808836972	0.0	0.0		unmodified	
Q9NWZ3	6THZ	B	342	THR_mixed_with_SER	1	2	2.38	THR	1131		4	164-215,223-336,342-458	164-215,223-336,342-458	THR	/mnt/c/Users/drpat/OneDrive - UGent/Desktop/PD/Phospho-fill/Validation-allPDB/pdb_cache/6thz.cif	THR	THR	OG1	CB	ok			142.5743239345351	LYS:441	LYS	NZ	4.98648524059742	0.0	2.0	THR:365	THR	OG1	4.955966635684382	HOH:642	O	4.614648283926162	0.0	14.0	none_obvious			intermediate	TPO:345	TPO	13.855696588279935	0.0	0.0		unmodified	
O75531	6UNT	A	3	THR_mixed_with_SER	1	2	1.75	THR	97		2	1-89	1-89	THR	/mnt/c/Users/drpat/OneDrive - UGent/Desktop/PD/Phospho-fill/Validation-allPDB/pdb_cache/6unt.cif	THR	THR	OG1	CB	ok			-121.38093669392104	ARG:8	ARG	NE	3.3815269679092026	2.0	2.0	ARG:8	ARG	NE	3.3815269679092026	HOH:263	O	4.511054751840152	0.0	35.0	salt_bridge_like			buried				0.0	0.0		unmodified	
O75531	6URE	A	3	THR_mixed_with_SER	1	2	1.653	THR	98		2	1-89	1-89	THR	/mnt/c/Users/drpat/OneDrive - UGent/Desktop/PD/Phospho-fill/Validation-allPDB/pdb_cache/6ure.cif	THR	THR	OG1	CB	ok			-113.33037506294517	ARG:8	ARG	NE	3.0932707487758178	2.0	2.0	ARG:8	ARG	NE	3.0932707487758178	HOH:268	O	4.631250221996156	0.0	36.0	salt_bridge_like			buried				0.0	0.0		unmodified	
O75531	6URJ	A	3	THR_mixed_with_SER	1	2	1.653	THR	99		2	1-89	1-89	THR	/mnt/c/Users/drpat/OneDrive - UGent/Desktop/PD/Phospho-fill/Validation-allPDB/pdb_cache/6urj.cif	THR	THR	OG1	CB	ok			-120.54788004679222	ARG:8	ARG	NE	3.2089150143572445	2.0	2.0	ARG:8	ARG	NE	3.2089150143572445	HOH:244	O	3.8489945808723984	1.0	36.0	salt_bridge_like			buried				0.0	0.0		unmodified	
O75531	6URK	A	3	THR_mixed_with_SER	1	2	1.86	THR	100		2	1-89	1-89	THR	/mnt/c/Users/drpat/OneDrive - UGent/Desktop/PD/Phospho-fill/Validation-allPDB/pdb_cache/6urk.cif	THR	THR	OG1	CB	ok			-122.4147966609128	ARG:8	ARG	NE	3.415749813692733	2.0	2.0	ARG:8	ARG	NE	3.415749813692733	HOH:227	O	3.6678801504500798	1.0	37.0	salt_bridge_like			buried				0.0	0.0		unmodified	
O75531	6URL	A	3	THR_mixed_with_SER	1	2	1.72	THR	101		2	1-89	1-89	THR	/mnt/c/Users/drpat/OneDrive - UGent/Desktop/PD/Phospho-fill/Validation-allPDB/pdb_cache/6url.cif	THR	THR	OG1	CB	ok			-117.97113550161569	ARG:8	ARG	NE	3.2736068324062257	2.0	2.0	ARG:8	ARG	NE	3.2736068324062257	HOH:254	O	4.689798554774447	0.0	37.0	salt_bridge_like			buried				0.0	0.0		unmodified	
O75531	6URN	A	3	THR_mixed_with_SER	1	2	1.68	THR	102		2	1-89	1-89	THR	/mnt/c/Users/drpat/OneDrive - UGent/Desktop/PD/Phospho-fill/Validation-allPDB/pdb_cache/6urn.cif	THR	THR	OG1	CB	ok			-116.59483546930747	ARG:8	ARG	NE	3.3178120781730684	2.0	2.0	ARG:8	ARG	NE	3.3178120781730684	HOH:259	O	4.813386150818424	0.0	37.0	salt_bridge_like			buried				0.0	0.0		unmodified	
O75531	6URR	A	3	THR_mixed_with_SER	1	2	1.8	THR	103		2	1-89	1-89	THR	/mnt/c/Users/drpat/OneDrive - UGent/Desktop/PD/Phospho-fill/Validation-allPDB/pdb_cache/6urr.cif	THR	THR	OG1	CB	ok			-126.77237126863592	ARG:8	ARG	NE	3.195414520444319	2.0	2.0	ARG:8	ARG	NE	3.195414520444319	HOH:257	O	4.661477533715305	0.0	35.0	salt_bridge_like			buried				0.0	0.0		unmodified	
O75531	6URZ	A	3	THR_mixed_with_SER	1	2	1.653	THR	104		2	1-89	1-89	THR	/mnt/c/Users/drpat/OneDrive - UGent/Desktop/PD/Phospho-fill/Validation-allPDB/pdb_cache/6urz.cif	THR	THR	OG1	CB	ok			-127.30972505766536	ARG:8	ARG	NE	3.365747901941544	2.0	2.0	ARG:8	ARG	NE	3.365747901941544	HOH:267	O	4.714784084268845	0.0	37.0	salt_bridge_like			buried				0.0	0.0		unmodified	
O75531	6US0	A	3	THR_mixed_with_SER	1	2	1.653	THR	105		2	1-89	1-89	THR	/mnt/c/Users/drpat/OneDrive - UGent/Desktop/PD/Phospho-fill/Validation-allPDB/pdb_cache/6us0.cif	THR	THR	OG1	CB	ok			-113.99738856485736	ARG:8	ARG	NE	3.197086301651813	2.0	2.0	ARG:8	ARG	NE	3.197086301651813	HOH:270	O	4.645679960694875	0.0	37.0	salt_bridge_like			buried				0.0	0.0		unmodified	
O75531	6US1	A	3	THR_mixed_with_SER	1	2	1.653	THR	106		2	1-89	1-89	THR	/mnt/c/Users/drpat/OneDrive - UGent/Desktop/PD/Phospho-fill/Validation-allPDB/pdb_cache/6us1.cif	THR	THR	OG1	CB	ok			-126.10019922962312	ARG:8	ARG	NE	3.4951422879727483	2.0	2.0	ARG:8	ARG	NE	3.4951422879727483	HOH:241	O	2.92898566057404	1.0	37.0	salt_bridge_like			buried				0.0	0.0		unmodified	
O75531	6US7	A	3	THR_mixed_with_SER	1	2	1.653	THR	107		2	1-89	1-89	THR	/mnt/c/Users/drpat/OneDrive - UGent/Desktop/PD/Phospho-fill/Validation-allPDB/pdb_cache/6us7.cif	THR	THR	OG1	CB	ok			-121.39687408588003	ARG:8	ARG	NE	3.201532100898757	2.0	2.0	ARG:8	ARG	NE	3.201532100898757	HOH:271	O	4.639360874214946	0.0	36.0	salt_bridge_like			buried				0.0	0.0		unmodified	
O75531	6USB	A	3	THR_mixed_with_SER	1	2	1.68	THR	108		2	1-89	1-89	THR	/mnt/c/Users/drpat/OneDrive - UGent/Desktop/PD/Phospho-fill/Validation-allPDB/pdb_cache/6usb.cif	THR	THR	OG1	CB	ok			-122.0120058897893	ARG:8	ARG	NE	3.2393825742035682	2.0	2.0	ARG:8	ARG	NE	3.2393825742035682	HOH:264	O	3.351180850072236	1.0	37.0	salt_bridge_like			buried				0.0	0.0		unmodified	
O75531	6USD	A	3	THR_mixed_with_SER	1	2	1.653	THR	109		2	1-89	1-89	THR	/mnt/c/Users/drpat/OneDrive - UGent/Desktop/PD/Phospho-fill/Validation-allPDB/pdb_cache/6usd.cif	THR	THR	OG1	CB	ok			-127.15714801629638	ARG:8	ARG	NH1	3.4170782372580706	2.0	2.0	ARG:8	ARG	NH1	3.4170782372580706	HOH:248	O	5.421918490072667	0.0	37.0	salt_bridge_like			buried				0.0	0.0		unmodified	
O75531	6USI	A	3	THR_mixed_with_SER	1	2	1.653	THR	110		2	1-89	1-89	THR	/mnt/c/Users/drpat/OneDrive - UGent/Desktop/PD/Phospho-fill/Validation-allPDB/pdb_cache/6usi.cif	THR	THR	OG1	CB	ok			-110.45707917152596	ARG:8	ARG	NE	3.2803269726579454	2.0	2.0	ARG:8	ARG	NE	3.2803269726579454	HOH:254	O	4.58771483374291	0.0	36.0	salt_bridge_like			buried				0.0	0.0		unmodified	
P49841	6V6L	A	277	THR_single	1	1	2.19	THR	869		3	37-91,96-384	37-91,96-384	THR	/mnt/c/Users/drpat/OneDrive - UGent/Desktop/PD/Phospho-fill/Validation-allPDB/pdb_cache/6v6l.cif	THR	THR	OG1	CB	ok			-116.52347016893711					0.0	0.0	GLN:280	GLN	OE1	3.3296028530530433	HOH:673	O	2.730871107090298	2.0	23.0	hbond_like			exposed	PTR:216	PTR	25.544685443039143	0.0	0.0		unmodified	
O14965	6VPI	A	287	THR_only_multi_2	2	2	2.0	THR	65		2	126-389	126-389	THR,THR	/mnt/c/Users/drpat/OneDrive - UGent/Desktop/PD/Phospho-fill/Validation-allPDB/pdb_cache/6vpi.cif	THR	THR	OG1	CB	ok			-133.6447816230553	ARG:255	ARG	NH2	5.6490656073744665	0.0	2.0	THR:288	THR	OG1	4.150689707198181	HOH:781	O	2.713940630222601	3.0	24.0	water_mediated_like			exposed				0.0	0.0		unmodified	
O14965	6VPI	A	288	THR_only_multi_2	2	2	2.0	THR	65		2	126-389	126-389	THR,THR	/mnt/c/Users/drpat/OneDrive - UGent/Desktop/PD/Phospho-fill/Validation-allPDB/pdb_cache/6vpi.cif	THR	THR	OG1	CB	ok			129.57452154088276	LYS:143	LYS	NZ	7.174232544711069	0.0	0.0	THR:287	THR	OG1	4.150689707198181	HOH:751	O	2.6295847466510507	1.0	15.0	water_mediated_like			intermediate				0.0	0.0		unmodified	
O14965	6VPJ	A	287	THR_only_multi_2	2	2	2.1	THR	66		2	124-283,287-389	124-283,287-389	THR,THR	/mnt/c/Users/drpat/OneDrive - UGent/Desktop/PD/Phospho-fill/Validation-allPDB/pdb_cache/6vpj.cif	THR	THR	OG1	CB	ok			125.84974053863684					0.0	0.0	SER:283	SER	OG	6.610678517608136				0.0	3.0	none_obvious			intermediate				0.0	0.0		unmodified	
O14965	6VPJ	A	288	THR_only_multi_2	2	2	2.1	THR	66		2	124-283,287-389	124-283,287-389	THR,THR	/mnt/c/Users/drpat/OneDrive - UGent/Desktop/PD/Phospho-fill/Validation-allPDB/pdb_cache/6vpj.cif	THR	THR	OG1	CB	ok			126.92840418180279	HIS:280	HIS	CD2	7.88302726131865	0.0	0.0	SER:283	SER	OG	3.4473444500438504	HOH:529	O	7.03964883887173	0.0	37.0	hbond_like			buried				0.0	0.0		unmodified	
O14965	6VPL	A	287	THR_single	1	1	1.86	THR	67		2	104,125-282,287-389	104,125-282,287-389	THR	/mnt/c/Users/drpat/OneDrive - UGent/Desktop/PD/Phospho-fill/Validation-allPDB/pdb_cache/6vpl.cif	THR	THR	OG1	CB	ok			-141.81123776165597					0.0	0.0	CYS:290	CYS	SG	4.25324425042206	HOH:714	O	3.7243045003032043	1.0	14.0	none_obvious			intermediate	TPO:288	TPO	8.281319601707484	0.0	1.0	TPO:288@8.28	unmodified	
O14965	6VPM	A	287	THR_single	1	1	1.58	THR	68		2	125-282,287-389	125-282,287-389	THR	/mnt/c/Users/drpat/OneDrive - UGent/Desktop/PD/Phospho-fill/Validation-allPDB/pdb_cache/6vpm.cif	THR	THR	OG1	CB	ok			94.82095112340708					0.0	0.0	CYS:290	CYS	SG	6.019065311970632	HOH:899	O	4.486223116087809	0.0	5.0	none_obvious			intermediate	TPO:288	TPO	8.028311244508743	0.0	1.0	TPO:288@8.03	unmodified	
Q9NZQ7	6VQN	A	127	THR_single	1	1	2.49	THR	1162		1	18-134	18-134	THR	/mnt/c/Users/drpat/OneDrive - UGent/Desktop/PD/Phospho-fill/Validation-allPDB/pdb_cache/6vqn.cif	THR	THR	OG1	CB	ok			109.80013413157674	LYS:129	LYS	NZ	6.057298065207771	0.0	0.0	LYS:129	LYS	NZ	6.057298065207771	HOH:215	O	6.929035619244869	0.0	21.0	none_obvious			intermediate				0.0	0.0		unmodified	
Q5S007	6XAF	B	1343	THR_single	1	1	1.968	THR	1079		1	1334-1356,1365-1515	1334-1356,1365-1515	THR	/mnt/c/Users/drpat/OneDrive - UGent/Desktop/PD/Phospho-fill/Validation-allPDB/pdb_cache/6xaf.cif	THR	THR	OG1	CB	ok			124.20532610619905	LYS:1347	LYS	NZ	5.222340147633208	0.0	1.0	LYS:1347	LYS	NZ	5.222340147633208	HOH:1740	O	2.9829901203678655	1.0	10.0	water_mediated_like			intermediate				0.0	0.0		unmodified	
P0DTC2	6XC4	A	345	THR_single	1	1	2.341	THR	212		1	334-532	334-532	THR	/mnt/c/Users/drpat/OneDrive - UGent/Desktop/PD/Phospho-fill/Validation-allPDB/pdb_cache/6xc4.cif	THR	THR	OG1	CB	ok			106.95873929615254	ARG:509	ARG	NH1	7.072818326563081	0.0	0.0	ARG:509	ARG	NH1	7.072818326563081	HOH:756	O	6.362947173155301	0.0	7.0	none_obvious			intermediate				0.0	0.0		unmodified	
P0DTC2	6XLU	B	345	THR_single	1	1	2.4	THR	213		1	27-69,80-143,154-172,186-251,265-444,447-676,689-1147	27-69,80-143,154-172,186-251,265-444,447-676,689-1147	THR	/mnt/c/Users/drpat/OneDrive - UGent/Desktop/PD/Phospho-fill/Validation-allPDB/pdb_cache/6xlu.cif	THR	THR	OG1	CB	ok			-99.32021771089128	ARG:346	ARG	NE	5.78714198341639	0.0	1.0	ARG:346	ARG	NE	5.78714198341639				0.0	12.0	none_obvious			intermediate				0.0	0.0		unmodified	
P49841	6Y9R	A	277	THR_single	1	1	2.08	THR	870		3	35-384	35-384	THR	/mnt/c/Users/drpat/OneDrive - UGent/Desktop/PD/Phospho-fill/Validation-allPDB/pdb_cache/6y9r.cif	THR	THR	OG1	CB	ok			-116.00798866433135					0.0	0.0	GLN:280	GLN	OE1	3.3797681664691437	HOH:559	O	7.073435697914183	0.0	24.0	hbond_like			buried	PTR:216	PTR	25.54352570979144	0.0	0.0		unmodified	
P49841	6Y9S	A	277	THR_single	1	1	2.03	THR	871		3	35-287,293-383	35-287,293-383	THR	/mnt/c/Users/drpat/OneDrive - UGent/Desktop/PD/Phospho-fill/Validation-allPDB/pdb_cache/6y9s.cif	THR	THR	OG1	CB	ok			-123.53048336226826					0.0	0.0	GLN:280	GLN	OE1	3.124275313089247	HOH:614	O	4.108593141219368	0.0	24.0	hbond_like			buried	PTR:216	PTR	25.78867531203221	0.0	0.0		unmodified	
Q9NZQ7	6YCR	A	127	THR_single	1	1	1.54	THR	1163		1	18-134	18-134	THR	/mnt/c/Users/drpat/OneDrive - UGent/Desktop/PD/Phospho-fill/Validation-allPDB/pdb_cache/6ycr.cif	THR	THR	OG1	CB	ok			113.98832612302667	ARG:125	ARG	NH2	4.550898984128998	0.0	1.0	ARG:125	ARG	NH2	4.550898984128998	HOH:226	O	2.925940925214995	1.0	23.0	water_mediated_like			intermediate				0.0	0.0		unmodified	
P24941	6YL6	A	160	THR_mixed_with_TYR	1	3	1.7	THR	547		3	1-298	1-298	THR	/mnt/c/Users/drpat/OneDrive - UGent/Desktop/PD/Phospho-fill/Validation-allPDB/pdb_cache/6yl6.cif	THR	THR	OG1	CB	ok			-117.8466894741552	HIS:161	HIS	CD2	6.167629603106874	0.0	0.0	GLU:162	GLU	OE1	3.004881066214314	HOH:375	O	3.013582763330584	1.0	39.0	hbond_like			buried				0.0	0.0		unmodified	
P0DTC2	6YLA	A	345	THR_single	1	1	2.42	THR	214		1	330-529	332-445,448-529	THR	/mnt/c/Users/drpat/OneDrive - UGent/Desktop/PD/Phospho-fill/Validation-allPDB/pdb_cache/6yla.cif	THR	THR	OG1	CB	ok			-129.8969979420759	ARG:346	ARG	NE	6.593822149647903	0.0	0.0	TYR:449	TYR	OH	5.593334930839941	HOH:1001	O	7.524632034272107	0.0	13.0	none_obvious			intermediate				0.0	0.0		unmodified	
P24941	6YLK	A	160	THR_mixed_with_TYR	1	3	1.65	THR	548		3	1-37,46-298	1-37,46-298	THR	/mnt/c/Users/drpat/OneDrive - UGent/Desktop/PD/Phospho-fill/Validation-allPDB/pdb_cache/6ylk.cif	THR	THR	OG1	CB	ok			145.11074988280805	HIS:161	HIS	ND1	6.9498711397677555	0.0	0.0	GLU:12	GLU	OE2	6.196591926659835	HOH:408	O	5.691390225438599	0.0	10.0	none_obvious			intermediate				0.0	0.0		unmodified	
P49759	6YTA	A	342	THR_mixed_with_SER	1	2	2.3	THR	825		2	148-483	148-483	THR	/mnt/c/Users/drpat/OneDrive - UGent/Desktop/PD/Phospho-fill/Validation-allPDB/pdb_cache/6yta.cif	THR	THR	OG1	CB	ok			112.89935662690792	LYS:290	LYS	NZ	3.666057660847681	1.0	1.0	ASP:288	ASP	OD1	3.2371019292804495	HOH:934	O	4.646427930685392	0.0	19.0	hbond_like			intermediate				0.0	0.0		unmodified	
P49759	6YTD	A	342	THR_mixed_with_SER	1	2	2.0	THR	826		2	148-484	148-484	THR	/mnt/c/Users/drpat/OneDrive - UGent/Desktop/PD/Phospho-fill/Validation-allPDB/pdb_cache/6ytd.cif	THR	THR	OG1	CB	ok			117.75264330332308	LYS:290	LYS	NZ	3.205540853004232	1.0	1.0	ASP:288	ASP	OD1	2.765011390721967	HOH:669	O	3.594159963154775	1.0	20.0	salt_bridge_like			intermediate				0.0	0.0		unmodified	
P49759	6YTG	A	342	THR_mixed_with_SER	1	2	1.95	THR	827		2	148-305,313-483	148-305,313-483	THR	/mnt/c/Users/drpat/OneDrive - UGent/Desktop/PD/Phospho-fill/Validation-allPDB/pdb_cache/6ytg.cif	THR	THR	OG1	CB	ok			120.42837899533028	LYS:290	LYS	NZ	3.0587851044892123	1.0	1.0	ASP:288	ASP	OD1	3.027871470912166	HOH:677	O	3.9321781747019156	1.0	20.0	salt_bridge_like			intermediate				0.0	0.0		unmodified	
P49759	6YTI	A	342	THR_mixed_with_SER	1	2	2.4	THR	828		2	150-165,167-307,311-482	150-165,167-307,311-482	THR	/mnt/c/Users/drpat/OneDrive - UGent/Desktop/PD/Phospho-fill/Validation-allPDB/pdb_cache/6yti.cif	THR	THR	OG1	CB	ok			121.90570978051146	LYS:290	LYS	NZ	2.81614343432866	1.0	1.0	LYS:290	LYS	NZ	2.81614343432866	HOH:746	O	3.502439941401071	1.0	20.0	salt_bridge_like			intermediate				0.0	0.0		unmodified	
P61006	6YX5	A	72	THR_mixed_with_SER	1	2	2.14	THR	903		2	6-175	6-175	THR	/mnt/c/Users/drpat/OneDrive - UGent/Desktop/PD/Phospho-fill/Validation-allPDB/pdb_cache/6yx5.cif	THR	THR	OG1	CB	ok			134.4243463906021					0.0	0.0	THR:75	THR	OG1	6.351530288006649				0.0	10.0	none_obvious			intermediate				0.0	0.0		unmodified	
P49759	6Z4Z	B	342	THR_mixed_with_SER	1	2	2.07	THR	829		2	148-484	148-484	THR	/mnt/c/Users/drpat/OneDrive - UGent/Desktop/PD/Phospho-fill/Validation-allPDB/pdb_cache/6z4z.cif	THR	THR	OG1	CB	ok			114.46890567917524	LYS:290	LYS	NZ	2.8792056290055927	1.0	1.0	ASP:288	ASP	OD1	2.8413622102987457	HOH:715	O	3.1811497202343824	2.0	21.0	salt_bridge_like			exposed				0.0	0.0		unmodified	
P49759	6Z50	A	342	THR_mixed_with_SER	1	2	1.6	THR	830		2	149-481	149-481	THR	/mnt/c/Users/drpat/OneDrive - UGent/Desktop/PD/Phospho-fill/Validation-allPDB/pdb_cache/6z50.cif	THR	THR	OG1	CB	ok			114.10171957936048	LYS:290	LYS	NZ	2.8340152302337804	1.0	1.0	ASP:288	ASP	OD1	2.709614284855897	HOH:733	O	3.6671722440231904	3.0	25.0	salt_bridge_like			exposed				0.0	0.0		unmodified	
P49759	6ZLN	A	342	THR_mixed_with_SER	1	2	1.7	THR	831		2	148-484	148-484	THR	/mnt/c/Users/drpat/OneDrive - UGent/Desktop/PD/Phospho-fill/Validation-allPDB/pdb_cache/6zln.cif	THR	THR	OG1	CB	ok			111.95556876365606	LYS:290	LYS	NZ	3.337942905264625	1.0	1.0	ASP:288	ASP	OD1	2.8402678474031955	HOH:652	O	3.351399194234045	1.0	21.0	salt_bridge_like			intermediate				0.0	0.0		unmodified	
P61006	6ZSI	B	72	THR_mixed_with_SER	1	2	1.914	THR	904		2	3-175	3-175	THR	/mnt/c/Users/drpat/OneDrive - UGent/Desktop/PD/Phospho-fill/Validation-allPDB/pdb_cache/6zsi.cif	THR	THR	OG1	CB	ok			-120.15354165939449					0.0	0.0	THR:75	THR	OG1	6.254740479330072				0.0	16.0	none_obvious			intermediate				0.0	0.0		unmodified	
P61006	6ZSJ	B	72	THR_mixed_with_SER	1	2	2.0	THR	905		2	3-175	3-175	THR	/mnt/c/Users/drpat/OneDrive - UGent/Desktop/PD/Phospho-fill/Validation-allPDB/pdb_cache/6zsj.cif	THR	THR	OG1	CB	ok			-139.5589880862834					0.0	0.0	THR:75	THR	OG1	6.342609599592151	HOH:303	O	2.375523327315812	1.0	18.0	water_mediated_like			intermediate				0.0	0.0		unmodified	
P0DMV8	6ZYI	A	66	THR_single	1	1	1.52	THR	178		1	4-188,192-381	4-188,192-381	THR	/mnt/c/Users/drpat/OneDrive - UGent/Desktop/PD/Phospho-fill/Validation-allPDB/pdb_cache/6zyi.cif	THR	THR	OG1	CB	ok			123.53915081791398					0.0	0.0	GLN:58	GLN	NE2	2.8550919882609773	HOH:511	O	4.634838044633664	0.0	46.0	hbond_like			buried				0.0	0.0		unmodified	
P49759	7AK3	A	342	THR_mixed_with_SER	1	2	2.5	THR	832		2	148-483	148-483	THR	/mnt/c/Users/drpat/OneDrive - UGent/Desktop/PD/Phospho-fill/Validation-allPDB/pdb_cache/7ak3.cif	THR	THR	OG1	CB	ok			121.95474085333686	LYS:290	LYS	NZ	3.0495368688644833	1.0	1.0	LYS:290	LYS	NZ	3.0495368688644833	HOH:612	O	3.664691259703328	1.0	20.0	salt_bridge_like			intermediate				0.0	0.0		unmodified	
P28482	7AUV	A	185	THR_mixed_with_TYR	1	2	1.76	THR	634		2	11-357	11-357	THR	/mnt/c/Users/drpat/OneDrive - UGent/Desktop/PD/Phospho-fill/Validation-allPDB/pdb_cache/7auv.cif	THR	THR	OG1	CB	ok			108.51550355287986	LYS:203	LYS	CE	7.123752494557552	0.0	0.0	THR:181	THR	OG1	3.3171287563339296	HOH:764	O	3.547970597737954	2.0	20.0	hbond_like			exposed				0.0	0.0		unmodified	
P49841	7B6F	A	277	THR_single	1	1	2.05	THR	872		3	36-382	36-382	THR	/mnt/c/Users/drpat/OneDrive - UGent/Desktop/PD/Phospho-fill/Validation-allPDB/pdb_cache/7b6f.cif	THR	THR	OG1	CB	ok			-112.20375733557593					0.0	0.0	GLN:280	GLN	OE1	3.4324966210063823	HOH:548	O	2.695978177224269	2.0	26.0	hbond_like			exposed	PTR:216	PTR	25.475075033714706	0.0	0.0		unmodified	
Q9NZQ7	7BEA	A	127	THR_single	1	1	2.45	THR	1164		1	18-134	18-134	THR	/mnt/c/Users/drpat/OneDrive - UGent/Desktop/PD/Phospho-fill/Validation-allPDB/pdb_cache/7bea.cif	THR	THR	OG1	CB	ok			116.43020675523549	ARG:125	ARG	NE	7.659728619914114	0.0	0.0	ASP:26	ASP	OD2	6.924740428491691	HOH:303	O	7.619044255907831	0.0	21.0	none_obvious			intermediate				0.0	0.0		unmodified	
P0DTC2	7BNV	A	345	THR_single	1	1	2.35	THR	215		1	334-527	334-527	THR	/mnt/c/Users/drpat/OneDrive - UGent/Desktop/PD/Phospho-fill/Validation-allPDB/pdb_cache/7bnv.cif	THR	THR	OG1	CB	ok			112.03092065452567	ARG:509	ARG	NH1	6.7423732077736185	0.0	0.0	ARG:509	ARG	NH1	6.7423732077736185				0.0	9.0	none_obvious			intermediate				0.0	0.0		unmodified	
P61006	7BWT	B	72	THR_mixed_with_SER	1	2	2.3	THR	906		2	3-180	3-180	THR	/mnt/c/Users/drpat/OneDrive - UGent/Desktop/PD/Phospho-fill/Validation-allPDB/pdb_cache/7bwt.cif	THR	THR	OG1	CB	ok			-93.35609613874685	ARG:69	ARG	NE	5.814019152663352	0.0	1.0	GLU:68	GLU	OE1	5.4877240457708485	HOH:329	O	6.064081730753534	0.0	30.0	none_obvious			buried				0.0	0.0		unmodified	
P0DTC2	7BZ5	A	345	THR_single	1	1	1.84	THR	216		1	334-518,520-528	334-518,520-528	THR	/mnt/c/Users/drpat/OneDrive - UGent/Desktop/PD/Phospho-fill/Validation-allPDB/pdb_cache/7bz5.cif	THR	THR	OG1	CB	ok			111.24941566439757	ARG:509	ARG	NH1	6.848923250418472	0.0	0.0	ARG:509	ARG	NH1	6.848923250418472	HOH:784	O	3.746246300059007	1.0	8.0	none_obvious			intermediate				0.0	0.0		unmodified	
Q9NZQ7	7C88	C	127	THR_single	1	1	1.997	THR	1165		1	19-134	19-134	THR	/mnt/c/Users/drpat/OneDrive - UGent/Desktop/PD/Phospho-fill/Validation-allPDB/pdb_cache/7c88.cif	THR	THR	OG1	CB	ok			127.95663001431795					0.0	0.0	ASP:26	ASP	OD1	6.035820492835512	HOH:216	O	6.741351161645968	0.0	22.0	none_obvious			intermediate				0.0	0.0		unmodified	
P0DTC2	7C8V	B	345	THR_single	1	1	2.15	THR	217		1	334-527	334-527	THR	/mnt/c/Users/drpat/OneDrive - UGent/Desktop/PD/Phospho-fill/Validation-allPDB/pdb_cache/7c8v.cif	THR	THR	OG1	CB	ok			117.3777286368235	ARG:509	ARG	NH1	7.02010895370288	0.0	0.0	ARG:509	ARG	NH1	7.02010895370288	HOH:725	O	4.283618571029629	0.0	8.0	none_obvious			intermediate				0.0	0.0		unmodified	
P0DTC2	7CJF	C	345	THR_single	1	1	2.108	THR	218		1	334-527	334-527	THR	/mnt/c/Users/drpat/OneDrive - UGent/Desktop/PD/Phospho-fill/Validation-allPDB/pdb_cache/7cjf.cif	THR	THR	OG1	CB	ok			-133.6287350504007	ARG:346	ARG	NH1	3.3321648744619226	1.0	1.0	ARG:346	ARG	NH1	3.3321648744619226	HOH:783	O	5.0344699533324535	0.0	16.0	salt_bridge_like			intermediate				0.0	0.0		unmodified	
O96013	7CP4	A	562	THR_single	1	1	2.5	THR	139		2	300-591	300-591	THR	/mnt/c/Users/drpat/OneDrive - UGent/Desktop/PD/Phospho-fill/Validation-allPDB/pdb_cache/7cp4.cif	THR	THR	OG1	CB	ok			-111.60555737680782	HIS:432	HIS	ND1	7.367886606866647	0.0	0.0	GLU:565	GLU	OE2	3.8450750167340053	HOH:734	O	3.008781980852008	3.0	24.0	water_mediated_like			exposed	SEP:474	SEP	22.717587056028652	0.0	0.0		unmodified	
Q9NZQ7	7CZD	B	127	THR_single	1	1	1.64	THR	1166		1	19-134	19-134	THR	/mnt/c/Users/drpat/OneDrive - UGent/Desktop/PD/Phospho-fill/Validation-allPDB/pdb_cache/7czd.cif	THR	THR	OG1	CB	ok			114.09697905855371	LYS:129	LYS	NZ	5.52532125241465	0.0	1.0	LYS:129	LYS	NZ	5.52532125241465	HOH:356	O	2.7141118399698527	1.0	22.0	water_mediated_like			intermediate				0.0	0.0		unmodified	
P0DTC2	7D2Z	B	345	THR_single	1	1	1.97	THR	219		1	330-531	330-531	THR	/mnt/c/Users/drpat/OneDrive - UGent/Desktop/PD/Phospho-fill/Validation-allPDB/pdb_cache/7d2z.cif	THR	THR	OG1	CB	ok			125.77676972712311	ARG:346	ARG	NH1	4.724901687913182	0.0	1.0	ARG:346	ARG	NH1	4.724901687913182				0.0	11.0	none_obvious			intermediate				0.0	0.0		unmodified	
P0DTC2	7D30	B	345	THR_single	1	1	2.1	THR	220		1	334-526	334-526	THR	/mnt/c/Users/drpat/OneDrive - UGent/Desktop/PD/Phospho-fill/Validation-allPDB/pdb_cache/7d30.cif	THR	THR	OG1	CB	ok			114.88128782289405	ARG:509	ARG	NH1	6.9852870982529	0.0	0.0	ARG:509	ARG	NH1	6.9852870982529	HOH:2259	O	3.361568663309592	1.0	8.0	water_mediated_like			intermediate				0.0	0.0		unmodified	
P0DTC2	7DEO	B	345	THR_single	1	1	2.5	THR	221		1	334-530	334-530	THR	/mnt/c/Users/drpat/OneDrive - UGent/Desktop/PD/Phospho-fill/Validation-allPDB/pdb_cache/7deo.cif	THR	THR	OG1	CB	ok			-13.103043549353607	ARG:346	ARG	CZ	4.597341511961424	0.0	1.0	ARG:346	ARG	NH1	4.650856976231421	HOH:1119	O	7.279919581923542	0.0	12.0	none_obvious			intermediate				0.0	0.0		unmodified	
P0DTC2	7DET	C	345	THR_single	1	1	2.2	THR	222		1	334-527	334-527	THR	/mnt/c/Users/drpat/OneDrive - UGent/Desktop/PD/Phospho-fill/Validation-allPDB/pdb_cache/7det.cif	THR	THR	OG1	CB	ok			131.79776034095417	ARG:346	ARG	NH1	5.120612432874154	0.0	1.0	ARG:346	ARG	NH1	5.120612432874154	HOH:730	O	4.754974721876413	0.0	10.0	none_obvious			intermediate				0.0	0.0		unmodified	
P0DTC2	7DEU	A	345	THR_single	1	1	2.1	THR	223		1	334-527	334-527	THR	/mnt/c/Users/drpat/OneDrive - UGent/Desktop/PD/Phospho-fill/Validation-allPDB/pdb_cache/7deu.cif	THR	THR	OG1	CB	ok			145.76158263404267	ARG:346	ARG	NH1	4.44432299119959	0.0	1.0	ARG:346	ARG	NH1	4.44432299119959	HOH:753	O	7.188195571961155	0.0	13.0	none_obvious			intermediate				0.0	0.0		unmodified	
Q92630	7DH3	A	381	THR_mixed_with_SER	1	3	2.33	THR	1085		5	213-538	213-538	THR	/mnt/c/Users/drpat/OneDrive - UGent/Desktop/PD/Phospho-fill/Validation-allPDB/pdb_cache/7dh3.cif	THR	THR	OG1	CB	ok			-122.49087879482538	ARG:451	ARG	NE	7.392845866934511	0.0	0.0	TYR:399	TYR	OH	7.166078161046424	HOH:709	O	4.320448085867388	0.0	8.0	none_obvious			intermediate	PTR:382	PTR	11.433165056054778	0.0	1.0	PTR:382@11.43	unmodified	
Q92630	7DH9	A	381	THR_mixed_with_SER	1	3	2.194	THR	1086		5	215-538	215-538	THR	/mnt/c/Users/drpat/OneDrive - UGent/Desktop/PD/Phospho-fill/Validation-allPDB/pdb_cache/7dh9.cif	THR	THR	OG1	CB	ok			-125.91047061652743	ARG:451	ARG	NE	7.52024079352337	0.0	0.0	TYR:399	TYR	OH	7.328598439826353	HOH:868	O	3.676090074879822	1.0	8.0	none_obvious			intermediate	PTR:382	PTR	11.491254031466879	0.0	1.0	PTR:382@11.49	unmodified	
Q92630	7DHH	A	381	THR_mixed_with_SER	1	3	2.486	THR	1087		5	215-538	215-381,383-457,459-538	THR	/mnt/c/Users/drpat/OneDrive - UGent/Desktop/PD/Phospho-fill/Validation-allPDB/pdb_cache/7dhh.cif	THR	THR	OG1	CB	ok			-120.38579775096017	ARG:451	ARG	NH1	7.232105338499582	0.0	0.0	ARG:451	ARG	NH1	7.232105338499582				0.0	10.0	none_obvious			intermediate	PTR:382	PTR	10.98723107619539	0.0	1.0	PTR:382@10.99	unmodified	
Q92630	7DHK	A	381	THR_mixed_with_SER	1	3	2.341	THR	1088		5	215-538	215-381,383-457,459-538	THR	/mnt/c/Users/drpat/OneDrive - UGent/Desktop/PD/Phospho-fill/Validation-allPDB/pdb_cache/7dhk.cif	THR	THR	OG1	CB	ok			-121.30608252502773	ARG:451	ARG	NH1	7.5978324220089135	0.0	0.0	TYR:399	TYR	OH	7.21423706869558	HOH:760	O	3.918953591415197	1.0	9.0	none_obvious			intermediate	PTR:382	PTR	11.090738087158112	0.0	1.0	PTR:382@11.09	unmodified	
Q92630	7DHN	A	381	THR_mixed_with_SER	1	3	2.38	THR	1089		5	215-538	215-538	THR	/mnt/c/Users/drpat/OneDrive - UGent/Desktop/PD/Phospho-fill/Validation-allPDB/pdb_cache/7dhn.cif	THR	THR	OG1	CB	ok			-130.055555601435	ARG:451	ARG	NE	7.718828089919088	0.0	0.0	TYR:399	TYR	OH	7.501430407857466				0.0	9.0	none_obvious			intermediate	PTR:382	PTR	11.395004405001602	0.0	1.0	PTR:382@11.40	unmodified	
P0DTC2	7DHX	B	345	THR_single	1	1	2.3	THR	224		1	333-527	333-527	THR	/mnt/c/Users/drpat/OneDrive - UGent/Desktop/PD/Phospho-fill/Validation-allPDB/pdb_cache/7dhx.cif	THR	THR	OG1	CB	ok			144.65775948056043	ARG:509	ARG	NH1	7.228439772447043	0.0	0.0	ARG:509	ARG	NH1	7.228439772447043				0.0	9.0	none_obvious			intermediate				0.0	0.0		unmodified	
Q92630	7DJO	A	381	THR_mixed_with_SER	1	3	2.499	THR	1090		5	215-538	215-381,383-457,459-538	THR	/mnt/c/Users/drpat/OneDrive - UGent/Desktop/PD/Phospho-fill/Validation-allPDB/pdb_cache/7djo.cif	THR	THR	OG1	CB	ok			-116.02324482375232	ARG:451	ARG	NH1	7.211847151950669	0.0	0.0	ARG:451	ARG	NH1	7.211847151950669	HOH:772	O	4.787249924517853	0.0	8.0	none_obvious			intermediate	PTR:382	PTR	11.239740254440697	0.0	1.0	PTR:382@11.24	unmodified	
P0DTC2	7DJZ	C	345	THR_single	1	1	2.397	THR	225		1	334-530	334-530	THR	/mnt/c/Users/drpat/OneDrive - UGent/Desktop/PD/Phospho-fill/Validation-allPDB/pdb_cache/7djz.cif	THR	THR	OG1	CB	ok			119.30811421578423	ARG:346	ARG	NH1	6.733930594403353	0.0	0.0	ARG:346	ARG	NH1	6.733930594403353				0.0	9.0	none_obvious			intermediate				0.0	0.0		unmodified	
Q79V60	7DY1	A	432	THR_single	1	1	2.2	THR	1081		2	18-111,125-151,158-246,254-497	18-111,125-151,158-246,254-497	THR	/mnt/c/Users/drpat/OneDrive - UGent/Desktop/PD/Phospho-fill/Validation-allPDB/pdb_cache/7dy1.cif	THR	THR	OG1	CB	ok			-114.09055367718528	ARG:459	ARG	NH2	5.540961684054259	0.0	1.0	ARG:459	ARG	NH2	5.540961684054259	HOH:825	O	3.521346016646624	1.0	18.0	none_obvious			intermediate	SEP:431	SEP	6.9743422363503385	1.0	1.0	SEP:431@6.97	unmodified	
Q9NZQ7	7DY7	A	127	THR_single	1	1	2.42	THR	1167		1	18-134	18-134	THR	/mnt/c/Users/drpat/OneDrive - UGent/Desktop/PD/Phospho-fill/Validation-allPDB/pdb_cache/7dy7.cif	THR	THR	OG1	CB	ok			119.24206572699799	LYS:129	LYS	CE	6.010013542379095	0.0	0.0	ASP:26	ASP	OD2	6.155234823114567	HOH:202	O	5.970877885681045	0.0	23.0	none_obvious			intermediate				0.0	0.0		unmodified	
Q79PF4	7DYJ	B	426	THR_mixed_with_SER	2	4	2.4	THR	1080		4	18-108,123-249,256-497	18-108,123-249,256-497	THR,THR	/mnt/c/Users/drpat/OneDrive - UGent/Desktop/PD/Phospho-fill/Validation-allPDB/pdb_cache/7dyj.cif	THR	THR	OG1	CB	ok			-126.93003725814383	HIS:423	HIS	CD2	5.565860262253837	0.0	1.0	HIS:423	HIS	ND1	6.053887261905635	HOH:713	O	7.193476391679111	0.0	25.0	none_obvious			buried				0.0	0.0		unmodified	
Q79PF4	7DYJ	B	432	THR_mixed_with_SER	2	4	2.4	THR	1080		4	18-108,123-249,256-497	18-108,123-249,256-497	THR,THR	/mnt/c/Users/drpat/OneDrive - UGent/Desktop/PD/Phospho-fill/Validation-allPDB/pdb_cache/7dyj.cif	THR	THR	OG1	CB	ok			8.883710291804862	LYS:457	LYS	NZ	4.636660886933803	0.0	2.0	LYS:457	LYS	NZ	4.636660886933803				0.0	10.0	none_obvious			intermediate				0.0	0.0		unmodified	
P28482	7E73	A	185	THR_mixed_with_TYR	1	2	2.28	THR	635		2	11-357	11-357	THR	/mnt/c/Users/drpat/OneDrive - UGent/Desktop/PD/Phospho-fill/Validation-allPDB/pdb_cache/7e73.cif	THR	THR	OG1	CB	ok			-106.6383419024244	LYS:203	LYS	CE	7.041054429363061	0.0	0.0	THR:181	THR	OG1	3.727556082402056	HOH:523	O	2.7801952506545553	2.0	32.0	water_mediated_like			exposed				0.0	0.0		unmodified	
P28482	7E75	A	185	THR_mixed_with_TYR	1	2	2.481	THR	636		2	10-358	10-358	THR	/mnt/c/Users/drpat/OneDrive - UGent/Desktop/PD/Phospho-fill/Validation-allPDB/pdb_cache/7e75.cif	THR	THR	OG1	CB	ok			121.26714961263843	LYS:203	LYS	NZ	6.309658918406629	0.0	0.0	THR:181	THR	OG1	3.195889547241908	HOH:414	O	3.6843226948832495	1.0	20.0	hbond_like			intermediate				0.0	0.0		unmodified	
P0DTC2	7EAM	A	345	THR_single	1	1	1.4	THR	226		1	324-527	324-527	THR	/mnt/c/Users/drpat/OneDrive - UGent/Desktop/PD/Phospho-fill/Validation-allPDB/pdb_cache/7eam.cif	THR	THR	OG1	CB	ok			121.63241653262823	ARG:509	ARG	NH1	6.638109742682574	0.0	0.0	ARG:509	ARG	NH1	6.638109742682574	HOH:803	O	3.561235915611765	1.0	10.0	none_obvious			intermediate				0.0	0.0		unmodified	
P0DTC2	7EAN	A	345	THR_single	1	1	1.91	THR	227		1	333-527	333-527	THR	/mnt/c/Users/drpat/OneDrive - UGent/Desktop/PD/Phospho-fill/Validation-allPDB/pdb_cache/7ean.cif	THR	THR	OG1	CB	ok			143.59591993119253	ARG:346	ARG	NE	6.678056765031596	0.0	0.0	ARG:346	ARG	NE	6.678056765031596	HOH:728	O	7.901354346424036	0.0	10.0	none_obvious			intermediate				0.0	0.0		unmodified	
P0DTC2	7EFR	B	345	THR_single	1	1	2.494	THR	228		1	334-527	334-527	THR	/mnt/c/Users/drpat/OneDrive - UGent/Desktop/PD/Phospho-fill/Validation-allPDB/pdb_cache/7efr.cif	THR	THR	OG1	CB	ok			120.72319733990113	ARG:346	ARG	NE	6.322843474196314	0.0	0.0	ARG:346	ARG	NE	6.322843474196314	HOH:730	O	6.155367479866919	0.0	10.0	none_obvious			intermediate				0.0	0.0		unmodified	
P0DTC2	7EKH	B	345	THR_single	1	1	2.4	THR	229		1	333-527	333-527	THR	/mnt/c/Users/drpat/OneDrive - UGent/Desktop/PD/Phospho-fill/Validation-allPDB/pdb_cache/7ekh.cif	THR	THR	OG1	CB	ok			115.23065109436567	ARG:509	ARG	NH1	7.143437560741186	0.0	0.0	ARG:509	ARG	NH1	7.143437560741186	HOH:728	O	3.6763136468815283	1.0	8.0	none_obvious			intermediate				0.0	0.0		unmodified	
O15075	7F3G	A	484	THR_single	1	1	2.1	THR	80		1	376-648	376-648	THR	/mnt/c/Users/drpat/OneDrive - UGent/Desktop/PD/Phospho-fill/Validation-allPDB/pdb_cache/7f3g.cif	THR	THR	OG1	CB	ok			-119.0587109867545	ARG:486	ARG	NE	4.87884830439978	0.0	1.0	ASP:487	ASP	OD1	3.3760941912091416	HOH:801	O	2.9208659475351597	1.0	27.0	hbond_like			buried				0.0	0.0		unmodified	
P0DTC2	7F5G	C	345	THR_single	1	1	1.75	THR	230		1	330-529	330-529	THR	/mnt/c/Users/drpat/OneDrive - UGent/Desktop/PD/Phospho-fill/Validation-allPDB/pdb_cache/7f5g.cif	THR	THR	OG1	CB	ok			-137.35377691670965	ARG:346	ARG	NH1	5.1309182458903315	0.0	1.0	ARG:346	ARG	NH1	5.1309182458903315	HOH:824	O	3.1507497109938623	2.0	15.0	water_mediated_like			exposed				0.0	0.0		unmodified	
P0DTC2	7FAT	A	345	THR_single	1	1	1.99	THR	231		1	333-515	333-515	THR	/mnt/c/Users/drpat/OneDrive - UGent/Desktop/PD/Phospho-fill/Validation-allPDB/pdb_cache/7fat.cif	THR	THR	OG1	CB	ok			120.94351598644849	ARG:346	ARG	NH1	6.465410539775528	0.0	0.0	ARG:346	ARG	NH1	6.465410539775528	HOH:626	O	4.2634521917689545	0.0	9.0	none_obvious			intermediate				0.0	0.0		unmodified	
P0DTC2	7FAU	C	345	THR_single	1	1	2.08	THR	232		1	333-516	333-516	THR	/mnt/c/Users/drpat/OneDrive - UGent/Desktop/PD/Phospho-fill/Validation-allPDB/pdb_cache/7fau.cif	THR	THR	OG1	CB	ok			107.64115919676443	ARG:346	ARG	NH2	5.458490102753449	0.0	1.0	ARG:346	ARG	NH2	5.458490102753449	HOH:629	O	3.423551190284742	1.0	9.0	water_mediated_like			intermediate				0.0	0.0		unmodified	
P0DTC2	7FBK	A	345	THR_single	1	1	1.9	THR	233		1	334-527	334-527	THR	/mnt/c/Users/drpat/OneDrive - UGent/Desktop/PD/Phospho-fill/Validation-allPDB/pdb_cache/7fbk.cif	THR	THR	OG1	CB	ok			119.75829677161627	ARG:346	ARG	NH2	6.263655225642475	0.0	0.0	ARG:346	ARG	NH2	6.263655225642475	HOH:639	O	4.404202263519399	0.0	9.0	none_obvious			intermediate				0.0	0.0		unmodified	
P0DTC2	7FCP	A	345	THR_single	1	1	2.4	THR	234		1	334-518	334-518	THR	/mnt/c/Users/drpat/OneDrive - UGent/Desktop/PD/Phospho-fill/Validation-allPDB/pdb_cache/7fcp.cif	THR	THR	OG1	CB	ok			139.97278672381745	ARG:346	ARG	NH2	5.700582646755339	0.0	1.0	ARG:346	ARG	NH2	5.700582646755339				0.0	10.0	none_obvious			intermediate				0.0	0.0		unmodified	
P0DTC2	7FCQ	A	345	THR_single	1	1	1.89	THR	235		1	333-528	333-528	THR	/mnt/c/Users/drpat/OneDrive - UGent/Desktop/PD/Phospho-fill/Validation-allPDB/pdb_cache/7fcq.cif	THR	THR	OG1	CB	ok			123.00691514742776	ARG:346	ARG	NH1	6.613564748235855	0.0	0.0	ARG:346	ARG	NH1	6.613564748235855	HOH:756	O	3.305520953762121	1.0	9.0	water_mediated_like			intermediate				0.0	0.0		unmodified	
P0DMV8	7FGM	A	66	THR_single	1	1	2.2	THR	179		1	2-217,219-381	2-217,219-381	THR	/mnt/c/Users/drpat/OneDrive - UGent/Desktop/PD/Phospho-fill/Validation-allPDB/pdb_cache/7fgm.cif	THR	THR	OG1	CB	ok			120.02555224827192					0.0	0.0	GLN:58	GLN	NE2	2.9977463030071654	HOH:594	O	6.235952757488195	0.0	49.0	hbond_like			buried				0.0	0.0		unmodified	
P0DMV8	7GY4	A	66	THR_single	1	1	1.92	THR	180		1	1-380	1-380	THR	/mnt/c/Users/drpat/OneDrive - UGent/Desktop/PD/Phospho-fill/Validation-allPDB/pdb_cache/7gy4.cif	THR	THR	OG1	CB	ok			125.34618227141216					0.0	0.0	GLN:58	GLN	NE2	2.8455340377616762	HOH:616	O	4.714265149901415	0.0	44.0	hbond_like			buried				0.0	0.0		unmodified	
P0DMV8	7GY5	A	66	THR_single	1	1	1.92	THR	181		1	1-380	1-380	THR	/mnt/c/Users/drpat/OneDrive - UGent/Desktop/PD/Phospho-fill/Validation-allPDB/pdb_cache/7gy5.cif	THR	THR	OG1	CB	ok			124.99437536398551					0.0	0.0	GLN:58	GLN	NE2	2.841614971471032	HOH:608	O	4.719023960879414	0.0	45.0	hbond_like			buried				0.0	0.0		unmodified	
P0DMV8	7GY6	A	66	THR_single	1	1	1.92	THR	182		1	1-380	1-380	THR	/mnt/c/Users/drpat/OneDrive - UGent/Desktop/PD/Phospho-fill/Validation-allPDB/pdb_cache/7gy6.cif	THR	THR	OG1	CB	ok			126.09082067267205					0.0	0.0	GLN:58	GLN	NE2	2.8581770403268054	HOH:585	O	4.724053181515263	0.0	45.0	hbond_like			buried				0.0	0.0		unmodified	
P0DMV8	7GY7	A	66	THR_single	1	1	1.92	THR	183		1	1-380	1-380	THR	/mnt/c/Users/drpat/OneDrive - UGent/Desktop/PD/Phospho-fill/Validation-allPDB/pdb_cache/7gy7.cif	THR	THR	OG1	CB	ok			124.69075283012378					0.0	0.0	GLN:58	GLN	NE2	2.834862643642044	HOH:609	O	4.739925037505981	0.0	46.0	hbond_like			buried				0.0	0.0		unmodified	
P0DMV8	7GY8	A	66	THR_single	1	1	1.92	THR	184		1	1-380	1-380	THR	/mnt/c/Users/drpat/OneDrive - UGent/Desktop/PD/Phospho-fill/Validation-allPDB/pdb_cache/7gy8.cif	THR	THR	OG1	CB	ok			126.6480222294143					0.0	0.0	GLN:58	GLN	NE2	2.847116894483575	HOH:582	O	4.707914329918572	0.0	45.0	hbond_like			buried				0.0	0.0		unmodified	
P0DMV8	7GY9	A	66	THR_single	1	1	1.92	THR	185		1	1-380	1-380	THR	/mnt/c/Users/drpat/OneDrive - UGent/Desktop/PD/Phospho-fill/Validation-allPDB/pdb_cache/7gy9.cif	THR	THR	OG1	CB	ok			124.18404725055593					0.0	0.0	GLN:58	GLN	NE2	2.847148846469303	HOH:550	O	4.702569652197758	0.0	45.0	hbond_like			buried				0.0	0.0		unmodified	
P0DMV8	7GYA	A	66	THR_single	1	1	1.92	THR	186		1	1-380	1-380	THR	/mnt/c/Users/drpat/OneDrive - UGent/Desktop/PD/Phospho-fill/Validation-allPDB/pdb_cache/7gya.cif	THR	THR	OG1	CB	ok			125.55156444136122					0.0	0.0	GLN:58	GLN	NE2	2.89476647143071	HOH:578	O	4.713994883117404	0.0	44.0	hbond_like			buried				0.0	0.0		unmodified	
P0DMV8	7GYB	A	66	THR_single	1	1	1.92	THR	187		1	1-380	1-380	THR	/mnt/c/Users/drpat/OneDrive - UGent/Desktop/PD/Phospho-fill/Validation-allPDB/pdb_cache/7gyb.cif	THR	THR	OG1	CB	ok			125.20755513390132					0.0	0.0	GLN:58	GLN	NE2	2.836511641380782	HOH:564	O	4.712649986142195	0.0	45.0	hbond_like			buried				0.0	0.0		unmodified	
P0DMV8	7GYC	A	66	THR_single	1	1	1.92	THR	188		1	1-380	1-380	THR	/mnt/c/Users/drpat/OneDrive - UGent/Desktop/PD/Phospho-fill/Validation-allPDB/pdb_cache/7gyc.cif	THR	THR	OG1	CB	ok			128.2854294302272					0.0	0.0	GLN:58	GLN	NE2	2.943089419028997	HOH:573	O	4.644338733834787	0.0	43.0	hbond_like			buried				0.0	0.0		unmodified	
P0DMV8	7GYD	A	66	THR_single	1	1	1.92	THR	189		1	1-380	1-380	THR	/mnt/c/Users/drpat/OneDrive - UGent/Desktop/PD/Phospho-fill/Validation-allPDB/pdb_cache/7gyd.cif	THR	THR	OG1	CB	ok			124.54632655013233					0.0	0.0	GLN:58	GLN	NE2	2.8951396099648807	HOH:645	O	4.664430822079348	0.0	44.0	hbond_like			buried				0.0	0.0		unmodified	
P0DMV8	7GYE	A	66	THR_single	1	1	1.92	THR	190		1	1-380	1-380	THR	/mnt/c/Users/drpat/OneDrive - UGent/Desktop/PD/Phospho-fill/Validation-allPDB/pdb_cache/7gye.cif	THR	THR	OG1	CB	ok			126.34633924363553					0.0	0.0	GLN:58	GLN	NE2	2.9258400178408204	HOH:591	O	4.702699846092521	0.0	44.0	hbond_like			buried				0.0	0.0		unmodified	
P0DMV8	7GYF	A	66	THR_single	1	1	1.92	THR	191		1	1-380	1-380	THR	/mnt/c/Users/drpat/OneDrive - UGent/Desktop/PD/Phospho-fill/Validation-allPDB/pdb_cache/7gyf.cif	THR	THR	OG1	CB	ok			125.1481770902807					0.0	0.0	GLN:58	GLN	NE2	2.8634982851724238	HOH:624	O	4.744625455162763	0.0	44.0	hbond_like			buried				0.0	0.0		unmodified	
P0DMV8	7GYG	A	66	THR_single	1	1	1.92	THR	192		1	1-380	1-380	THR	/mnt/c/Users/drpat/OneDrive - UGent/Desktop/PD/Phospho-fill/Validation-allPDB/pdb_cache/7gyg.cif	THR	THR	OG1	CB	ok			124.89451242548668					0.0	0.0	GLN:58	GLN	NE2	2.910562745219453	HOH:632	O	4.689275003631895	0.0	43.0	hbond_like			buried				0.0	0.0		unmodified	
P0DMV8	7GYH	A	66	THR_single	1	1	1.92	THR	193		1	1-380	1-380	THR	/mnt/c/Users/drpat/OneDrive - UGent/Desktop/PD/Phospho-fill/Validation-allPDB/pdb_cache/7gyh.cif	THR	THR	OG1	CB	ok			123.9444780851523					0.0	0.0	GLN:58	GLN	NE2	2.877348922892412	HOH:565	O	4.684643547272081	0.0	42.0	hbond_like			buried				0.0	0.0		unmodified	
P0DMV8	7GYI	A	66	THR_single	1	1	1.92	THR	194		1	1-380	1-380	THR	/mnt/c/Users/drpat/OneDrive - UGent/Desktop/PD/Phospho-fill/Validation-allPDB/pdb_cache/7gyi.cif	THR	THR	OG1	CB	ok			123.70402581404794					0.0	0.0	GLN:58	GLN	NE2	2.9575439044188796	HOH:565	O	4.693370903940295	0.0	44.0	hbond_like			buried				0.0	0.0		unmodified	
P0DMV8	7GYJ	A	66	THR_single	1	1	2.15	THR	195		1	1-380	1-380	THR	/mnt/c/Users/drpat/OneDrive - UGent/Desktop/PD/Phospho-fill/Validation-allPDB/pdb_cache/7gyj.cif	THR	THR	OG1	CB	ok			125.45399492455832					0.0	0.0	GLN:58	GLN	NE2	2.931184493490948	HOH:513	O	4.554707758398967	0.0	46.0	hbond_like			buried				0.0	0.0		unmodified	
P0DMV8	7GYK	A	66	THR_single	1	1	2.15	THR	196		1	1-380	1-380	THR	/mnt/c/Users/drpat/OneDrive - UGent/Desktop/PD/Phospho-fill/Validation-allPDB/pdb_cache/7gyk.cif	THR	THR	OG1	CB	ok			125.27846066579298					0.0	0.0	GLN:58	GLN	NE2	2.955561323349873	HOH:524	O	4.5692479793293925	0.0	45.0	hbond_like			buried				0.0	0.0		unmodified	
P0DMV8	7GYL	A	66	THR_single	1	1	2.15	THR	197		1	1-380	1-380	THR	/mnt/c/Users/drpat/OneDrive - UGent/Desktop/PD/Phospho-fill/Validation-allPDB/pdb_cache/7gyl.cif	THR	THR	OG1	CB	ok			125.31692159430762					0.0	0.0	GLN:58	GLN	NE2	2.94175258486216	HOH:523	O	4.485358198882644	0.0	47.0	hbond_like			buried				0.0	0.0		unmodified	
P0DMV8	7GYM	A	66	THR_single	1	1	2.15	THR	198		1	1-380	1-380	THR	/mnt/c/Users/drpat/OneDrive - UGent/Desktop/PD/Phospho-fill/Validation-allPDB/pdb_cache/7gym.cif	THR	THR	OG1	CB	ok			124.63789746845096					0.0	0.0	GLN:58	GLN	NE2	2.965590130528192	HOH:527	O	4.514940951422433	0.0	46.0	hbond_like			buried				0.0	0.0		unmodified	
P0DMV8	7GYN	A	66	THR_single	1	1	2.15	THR	199		1	1-380	1-380	THR	/mnt/c/Users/drpat/OneDrive - UGent/Desktop/PD/Phospho-fill/Validation-allPDB/pdb_cache/7gyn.cif	THR	THR	OG1	CB	ok			124.80317858436898					0.0	0.0	GLN:58	GLN	NE2	2.9373825181741986	HOH:521	O	4.551712800646502	0.0	47.0	hbond_like			buried				0.0	0.0		unmodified	
P0DMV8	7GYO	A	66	THR_single	1	1	2.15	THR	200		1	1-380	1-380	THR	/mnt/c/Users/drpat/OneDrive - UGent/Desktop/PD/Phospho-fill/Validation-allPDB/pdb_cache/7gyo.cif	THR	THR	OG1	CB	ok			124.61557337004132					0.0	0.0	GLN:58	GLN	NE2	2.999324732480814	HOH:532	O	4.523268787843062	0.0	46.0	hbond_like			buried				0.0	0.0		unmodified	
P0DMV8	7GYP	A	66	THR_single	1	1	2.15	THR	201		1	1-380	1-380	THR	/mnt/c/Users/drpat/OneDrive - UGent/Desktop/PD/Phospho-fill/Validation-allPDB/pdb_cache/7gyp.cif	THR	THR	OG1	CB	ok			123.93988777475255					0.0	0.0	GLN:58	GLN	NE2	2.9259417156660064	HOH:530	O	4.651398441174264	0.0	46.0	hbond_like			buried				0.0	0.0		unmodified	
P0DMV8	7GYQ	A	66	THR_single	1	1	2.15	THR	202		1	1-380	1-380	THR	/mnt/c/Users/drpat/OneDrive - UGent/Desktop/PD/Phospho-fill/Validation-allPDB/pdb_cache/7gyq.cif	THR	THR	OG1	CB	ok			123.9930935229543					0.0	0.0	GLN:58	GLN	NE2	2.930750250390367	HOH:526	O	4.638186130113553	0.0	44.0	hbond_like			buried				0.0	0.0		unmodified	
P0DMV8	7GYR	A	66	THR_single	1	1	2.15	THR	203		1	1-380	1-380	THR	/mnt/c/Users/drpat/OneDrive - UGent/Desktop/PD/Phospho-fill/Validation-allPDB/pdb_cache/7gyr.cif	THR	THR	OG1	CB	ok			125.20863799122651					0.0	0.0	GLN:58	GLN	NE2	2.950024102004896	HOH:525	O	4.5621041034421	0.0	44.0	hbond_like			buried				0.0	0.0		unmodified	
P0DMV8	7GYS	A	66	THR_single	1	1	2.15	THR	204		1	1-380	1-380	THR	/mnt/c/Users/drpat/OneDrive - UGent/Desktop/PD/Phospho-fill/Validation-allPDB/pdb_cache/7gys.cif	THR	THR	OG1	CB	ok			125.10171193869456					0.0	0.0	GLN:58	GLN	NE2	2.9646623752290675	HOH:535	O	4.5618320416797795	0.0	44.0	hbond_like			buried				0.0	0.0		unmodified	
P0DMV8	7GYT	A	66	THR_single	1	1	2.15	THR	205		1	1-380	1-380	THR	/mnt/c/Users/drpat/OneDrive - UGent/Desktop/PD/Phospho-fill/Validation-allPDB/pdb_cache/7gyt.cif	THR	THR	OG1	CB	ok			124.71266839297758					0.0	0.0	GLN:58	GLN	NE2	2.9377484096128095	HOH:553	O	4.584646612361729	0.0	43.0	hbond_like			buried				0.0	0.0		unmodified	
P0DMV8	7GYU	A	66	THR_single	1	1	2.15	THR	206		1	1-380	1-380	THR	/mnt/c/Users/drpat/OneDrive - UGent/Desktop/PD/Phospho-fill/Validation-allPDB/pdb_cache/7gyu.cif	THR	THR	OG1	CB	ok			126.13980381431442					0.0	0.0	GLN:58	GLN	NE2	2.945023299756374	HOH:539	O	4.590402355415202	0.0	44.0	hbond_like			buried				0.0	0.0		unmodified	
P0DMV8	7GYV	A	66	THR_single	1	1	2.15	THR	207		1	1-380	1-380	THR	/mnt/c/Users/drpat/OneDrive - UGent/Desktop/PD/Phospho-fill/Validation-allPDB/pdb_cache/7gyv.cif	THR	THR	OG1	CB	ok			125.46302039595805					0.0	0.0	GLN:58	GLN	NE2	2.9378156167434115	HOH:543	O	4.603582613714496	0.0	44.0	hbond_like			buried				0.0	0.0		unmodified	
P0DMV8	7GYW	A	66	THR_single	1	1	2.15	THR	208		1	1-380	1-380	THR	/mnt/c/Users/drpat/OneDrive - UGent/Desktop/PD/Phospho-fill/Validation-allPDB/pdb_cache/7gyw.cif	THR	THR	OG1	CB	ok			123.08306472374552					0.0	0.0	GLN:58	GLN	NE2	2.9172292881502915	HOH:571	O	4.575954850661256	0.0	44.0	hbond_like			buried				0.0	0.0		unmodified	
P0DMV8	7GYX	A	66	THR_single	1	1	2.15	THR	209		1	1-380	1-380	THR	/mnt/c/Users/drpat/OneDrive - UGent/Desktop/PD/Phospho-fill/Validation-allPDB/pdb_cache/7gyx.cif	THR	THR	OG1	CB	ok			125.17017482317542					0.0	0.0	GLN:58	GLN	NE2	2.883995454049759	HOH:525	O	4.632923475328889	0.0	43.0	hbond_like			buried				0.0	0.0		unmodified	
P0DTC2	7JMO	A	345	THR_single	1	1	2.359	THR	236		1	334-526	334-526	THR	/mnt/c/Users/drpat/OneDrive - UGent/Desktop/PD/Phospho-fill/Validation-allPDB/pdb_cache/7jmo.cif	THR	THR	OG1	CB	ok			-5.0071804963249384	ARG:509	ARG	NH2	6.232646460123006	0.0	0.0	ARG:509	ARG	NH2	6.232646460123006				0.0	7.0	none_obvious			intermediate				0.0	0.0		unmodified	
P0DTC2	7JMP	A	345	THR_single	1	1	1.712	THR	237		1	338-359,366-369,371-384,392-516	338-359,366-369,371-384,392-516	THR	/mnt/c/Users/drpat/OneDrive - UGent/Desktop/PD/Phospho-fill/Validation-allPDB/pdb_cache/7jmp.cif	THR	THR	OG1	CB	ok			134.10546279697834	ARG:509	ARG	NH1	6.751913091892356	0.0	0.0	ARG:509	ARG	NH1	6.751913091892356				0.0	9.0	none_obvious			intermediate				0.0	0.0		unmodified	
P0DTC2	7JWY	B	345	THR_single	1	1	2.5	THR	238		1	27-69,80-143,154-172,186-251,265-444,447-676,689-1147	27-69,80-143,154-172,186-251,265-444,447-676,689-1147	THR	/mnt/c/Users/drpat/OneDrive - UGent/Desktop/PD/Phospho-fill/Validation-allPDB/pdb_cache/7jwy.cif	THR	THR	OG1	CB	ok			128.5100832285348	ARG:509	ARG	NH1	7.391307376074738	0.0	0.0	ARG:509	ARG	NH1	7.391307376074738				0.0	9.0	none_obvious			intermediate				0.0	0.0		unmodified	
Q92918	7KAC	B	165	THR_mixed_with_SER	1	2	1.85	THR	1093		2	7-294	7-294	THR	/mnt/c/Users/drpat/OneDrive - UGent/Desktop/PD/Phospho-fill/Validation-allPDB/pdb_cache/7kac.cif	THR	THR	OG1	CB	ok			121.48761294161791					0.0	0.0	GLN:161	GLN	NE2	7.2316856397439935				0.0	18.0	none_obvious			intermediate				0.0	0.0		unmodified	
P0DTC2	7KFV	A	345	THR_single	1	1	2.102	THR	239		1	334-528	334-528	THR	/mnt/c/Users/drpat/OneDrive - UGent/Desktop/PD/Phospho-fill/Validation-allPDB/pdb_cache/7kfv.cif	THR	THR	OG1	CB	ok			117.77997841371013	ARG:346	ARG	NH1	4.979652303646668	0.0	1.0	ARG:346	ARG	NH1	4.979652303646668	HOH:792	O	4.7176799588985165	0.0	12.0	none_obvious			intermediate				0.0	0.0		unmodified	
P0DTC2	7KFX	A	345	THR_single	1	1	2.226	THR	240		1	334-528	334-528	THR	/mnt/c/Users/drpat/OneDrive - UGent/Desktop/PD/Phospho-fill/Validation-allPDB/pdb_cache/7kfx.cif	THR	THR	OG1	CB	ok			-99.96539596917586	ARG:346	ARG	NE	5.795475581530262	0.0	1.0	ARG:346	ARG	NE	5.795475581530262				0.0	11.0	none_obvious			intermediate				0.0	0.0		unmodified	
P0DTC2	7KFY	A	345	THR_single	1	1	2.157	THR	241		1	334-528	334-528	THR	/mnt/c/Users/drpat/OneDrive - UGent/Desktop/PD/Phospho-fill/Validation-allPDB/pdb_cache/7kfy.cif	THR	THR	OG1	CB	ok			97.99617409097485	ARG:346	ARG	NE	6.609355361855743	0.0	0.0	ARG:346	ARG	NE	6.609355361855743	HOH:714	O	7.46637468788697	0.0	7.0	none_obvious			intermediate				0.0	0.0		unmodified	
P0DTC2	7KGJ	A	345	THR_single	1	1	2.3	THR	242		1	333-528	333-528	THR	/mnt/c/Users/drpat/OneDrive - UGent/Desktop/PD/Phospho-fill/Validation-allPDB/pdb_cache/7kgj.cif	THR	THR	OG1	CB	ok			-125.02566403868421	ARG:509	ARG	NH2	7.089729391259796	0.0	0.0	ARG:509	ARG	NH2	7.089729391259796	HOH:666	O	3.205029879943038	1.0	11.0	water_mediated_like			intermediate				0.0	0.0		unmodified	
P0DTC2	7KMG	C	345	THR_single	1	1	2.16	THR	243		1	334-526	334-526	THR	/mnt/c/Users/drpat/OneDrive - UGent/Desktop/PD/Phospho-fill/Validation-allPDB/pdb_cache/7kmg.cif	THR	THR	OG1	CB	ok			-130.59179040419667	ARG:509	ARG	NH1	6.933423860854993	0.0	0.0	ARG:509	ARG	NH1	6.933423860854993				0.0	10.0	none_obvious			intermediate				0.0	0.0		unmodified	
P0DTC2	7KMH	C	345	THR_single	1	1	1.72	THR	244		1	334-527	334-527	THR	/mnt/c/Users/drpat/OneDrive - UGent/Desktop/PD/Phospho-fill/Validation-allPDB/pdb_cache/7kmh.cif	THR	THR	OG1	CB	ok			126.32387609257141	ARG:346	ARG	NE	6.698488853099069	0.0	0.0	ARG:346	ARG	NE	6.698488853099069	HOH:719	O	2.6613083475449217	1.0	8.0	water_mediated_like			intermediate				0.0	0.0		unmodified	
P0DTC2	7KMI	C	345	THR_single	1	1	1.73	THR	245		1	334-527	334-527	THR	/mnt/c/Users/drpat/OneDrive - UGent/Desktop/PD/Phospho-fill/Validation-allPDB/pdb_cache/7kmi.cif	THR	THR	OG1	CB	ok			132.78347978307025	ARG:346	ARG	NH1	5.850047017727301	0.0	1.0	ARG:346	ARG	NH1	5.850047017727301	HOH:739	O	4.125795102037819	0.0	11.0	none_obvious			intermediate				0.0	0.0		unmodified	
P0DTC2	7KN3	B	345	THR_single	1	1	2.251	THR	246		1	333-528	333-528	THR	/mnt/c/Users/drpat/OneDrive - UGent/Desktop/PD/Phospho-fill/Validation-allPDB/pdb_cache/7kn3.cif	THR	THR	OG1	CB	ok			117.80254301418051	ARG:346	ARG	NH1	5.283365947420488	0.0	1.0	ARG:346	ARG	NH1	5.283365947420488				0.0	12.0	none_obvious			intermediate				0.0	0.0		unmodified	
P0DTC2	7KN5	A	345	THR_single	1	1	1.87	THR	247		1	334-528	334-528	THR	/mnt/c/Users/drpat/OneDrive - UGent/Desktop/PD/Phospho-fill/Validation-allPDB/pdb_cache/7kn5.cif	THR	THR	OG1	CB	ok			124.87509027603993	ARG:346	ARG	NE	6.654770254617838	0.0	0.0	ARG:346	ARG	NE	6.654770254617838	HOH:722	O	3.968179463419404	1.0	10.0	none_obvious			intermediate				0.0	0.0		unmodified	
P0DTC2	7KQB	A	345	THR_single	1	1	2.42	THR	248		1	14-70,76-624,633-676,689-827,853-940,944-1146	14-70,76-624,633-676,689-827,853-940,944-1146	THR	/mnt/c/Users/drpat/OneDrive - UGent/Desktop/PD/Phospho-fill/Validation-allPDB/pdb_cache/7kqb.cif	THR	THR	OG1	CB	ok			-126.46710893748964	ARG:509	ARG	NH2	6.965310437395951	0.0	0.0	ARG:509	ARG	NH2	6.965310437395951				0.0	12.0	none_obvious			intermediate				0.0	0.0		unmodified	
O15075	7KX6	A	484	THR_single	1	1	2.5	THR	81		1	381-398,401-425,431-590,594-648	381-398,401-425,431-590,594-648	THR	/mnt/c/Users/drpat/OneDrive - UGent/Desktop/PD/Phospho-fill/Validation-allPDB/pdb_cache/7kx6.cif	THR	THR	OG1	CB	ok			-109.57727514135455					0.0	0.0	ASP:487	ASP	OD2	3.860911643817353	HOH:837	O	3.5683585439155903	1.0	22.0	none_obvious			intermediate				0.0	0.0		unmodified	
Q92918	7L25	A	165	THR_mixed_with_ALA	1	2	1.85	THR	1094		2	7-294	7-294	THR	/mnt/c/Users/drpat/OneDrive - UGent/Desktop/PD/Phospho-fill/Validation-allPDB/pdb_cache/7l25.cif	THR	THR	OG1	CB	ok			136.50520668409493	ARG:168	ARG	NH2	4.189833160205545	0.0	1.0	ARG:168	ARG	NH2	4.189833160205545	HOH:500	O	3.2133355444010467	1.0	32.0	water_mediated_like			buried				0.0	0.0		unmodified	
Q92918	7L26	A	165	THR_mixed_with_ALA	1	2	2.3	THR	1095		2	8-25,30-156,160-294	8-25,30-156,160-294	THR	/mnt/c/Users/drpat/OneDrive - UGent/Desktop/PD/Phospho-fill/Validation-allPDB/pdb_cache/7l26.cif	THR	THR	OG1	CB	ok			-128.51233056233414	ARG:169	ARG	NE	6.681190973530968	0.0	0.0	ARG:169	ARG	NE	6.681190973530968				0.0	28.0	none_obvious			buried				0.0	0.0		unmodified	
P0DTC2	7LDJ	A	345	THR_single	1	1	2.36	THR	249		1	331-518,520-527	334-516,520-527	THR	/mnt/c/Users/drpat/OneDrive - UGent/Desktop/PD/Phospho-fill/Validation-allPDB/pdb_cache/7ldj.cif	THR	THR	OG1	CB	ok			-121.11569710829687	ARG:346	ARG	NE	5.763307935854293	0.0	1.0	ARG:346	ARG	NE	5.763307935854293				0.0	12.0	none_obvious			intermediate				0.0	0.0		unmodified	
P0DTC2	7LM8	A	345	THR_single	1	1	1.936	THR	250		1	334-529	334-529	THR	/mnt/c/Users/drpat/OneDrive - UGent/Desktop/PD/Phospho-fill/Validation-allPDB/pdb_cache/7lm8.cif	THR	THR	OG1	CB	ok			116.56323037329435	ARG:509	ARG	NH1	6.879915130926276	0.0	0.0	ARG:509	ARG	NH1	6.879915130926276	HOH:727	O	2.6563425525765867	4.0	8.0	water_mediated_like			exposed				0.0	0.0		unmodified	
P0DTC2	7LO4	B	345	THR_single	1	1	2.465	THR	251		1	333-530	333-530	THR	/mnt/c/Users/drpat/OneDrive - UGent/Desktop/PD/Phospho-fill/Validation-allPDB/pdb_cache/7lo4.cif	THR	THR	OG1	CB	ok			113.48395496102795	ARG:509	ARG	NH1	6.831526644936095	0.0	0.0	ARG:509	ARG	NH1	6.831526644936095	HOH:707	O	7.982591170968965	0.0	8.0	none_obvious			intermediate				0.0	0.0		unmodified	
P33981	7LQD	A	675	THR_mixed_with_SER	3	4	1.95	THR	699		4	519-678,680-698,710-795	519-678,680-698,710-795	THR,THR,THR	/mnt/c/Users/drpat/OneDrive - UGent/Desktop/PD/Phospho-fill/Validation-allPDB/pdb_cache/7lqd.cif	THR	THR	OG1	CB	ok			-121.28407431938126					0.0	0.0	THR:676	THR	OG1	5.2128920105844845	HOH:1048	O	3.7173708455123387	1.0	12.0	none_obvious			intermediate				0.0	0.0		unmodified	
P33981	7LQD	A	676	THR_mixed_with_SER	3	4	1.95	THR	699		4	519-678,680-698,710-795	519-678,680-698,710-795	THR,THR,THR	/mnt/c/Users/drpat/OneDrive - UGent/Desktop/PD/Phospho-fill/Validation-allPDB/pdb_cache/7lqd.cif	THR	THR	OG1	CB	ok			-122.257772973791					0.0	0.0	ASP:674	ASP	OD1	3.791367204927396	HOH:1048	O	2.988616640953325	1.0	18.0	water_mediated_like			intermediate				0.0	0.0		unmodified	
P33981	7LQD	A	686	THR_mixed_with_SER	3	4	1.95	THR	699		4	519-678,680-698,710-795	519-678,680-698,710-795	THR,THR,THR	/mnt/c/Users/drpat/OneDrive - UGent/Desktop/PD/Phospho-fill/Validation-allPDB/pdb_cache/7lqd.cif	THR	THR	OG1	CB	ok			0.8932323098486845	LYS:743	LYS	CE	5.656321428774568	0.0	1.0	ASN:688	ASN	ND2	3.251900250294363	HOH:1046	O	5.754878308474974	0.0	24.0	hbond_like			buried				0.0	0.0		unmodified	
P0DTC2	7LXY	A	345	THR_single	1	1	2.2	THR	252		1	14-18,27-66,77-176,187-250,264-621,641-675,690-826,850-1145	14-18,27-66,77-176,187-250,264-621,641-675,690-826,850-1145	THR	/mnt/c/Users/drpat/OneDrive - UGent/Desktop/PD/Phospho-fill/Validation-allPDB/pdb_cache/7lxy.cif	THR	THR	OG1	CB	ok			128.7965034941277	ARG:509	ARG	NH1	7.098138037329797	0.0	0.0	ARG:509	ARG	NH1	7.098138037329797				0.0	9.0	none_obvious			intermediate				0.0	0.0		unmodified	
P0DTC2	7LY2	A	345	THR_single	1	1	2.5	THR	253		1	14-20,27-67,76-176,187-255,263-518,520-621,641-675,690-826,853-1145	14-20,27-67,76-176,187-255,263-518,520-621,641-675,690-826,853-1145	THR	/mnt/c/Users/drpat/OneDrive - UGent/Desktop/PD/Phospho-fill/Validation-allPDB/pdb_cache/7ly2.cif	THR	THR	OG1	CB	ok			118.28638427174837	ARG:509	ARG	NH1	7.162034189937117	0.0	0.0	ARG:509	ARG	NH1	7.162034189937117				0.0	8.0	none_obvious			intermediate				0.0	0.0		unmodified	
P24941	7M2F	A	160	THR_mixed_with_TYR	1	3	1.632	THR	549		3	1-35,46-147,155-298	1-35,46-147,155-298	THR	/mnt/c/Users/drpat/OneDrive - UGent/Desktop/PD/Phospho-fill/Validation-allPDB/pdb_cache/7m2f.cif	THR	THR	OG1	CB	ok			113.8707125054369	LYS:9	LYS	NZ	7.410232077432866	0.0	0.0	GLU:12	GLU	OE2	4.068586296920148	HOH:1039	O	4.938496275905892	0.0	13.0	none_obvious			intermediate				0.0	0.0		unmodified	
P0DTC2	7MF1	A	345	THR_single	1	1	2.092	THR	254		1	334-527	334-527	THR	/mnt/c/Users/drpat/OneDrive - UGent/Desktop/PD/Phospho-fill/Validation-allPDB/pdb_cache/7mf1.cif	THR	THR	OG1	CB	ok			134.72117002605563	ARG:509	ARG	NH1	6.95572248032723	0.0	0.0	ARG:509	ARG	NH1	6.95572248032723	HOH:716	O	3.7165138401282345	1.0	9.0	none_obvious			intermediate				0.0	0.0		unmodified	
P0DTC2	7MFU	A	345	THR_single	1	1	1.7	THR	255		1	332-528	332-528	THR	/mnt/c/Users/drpat/OneDrive - UGent/Desktop/PD/Phospho-fill/Validation-allPDB/pdb_cache/7mfu.cif	THR	THR	OG1	CB	ok			115.6347867951411	ARG:509	ARG	NH1	6.623454675166563	0.0	0.0	ARG:509	ARG	NH1	6.623454675166563	HOH:869	O	4.000506903997877	0.0	8.0	none_obvious			intermediate				0.0	0.0		unmodified	
P0DTC2	7MMO	C	345	THR_single	1	1	2.427	THR	256		1	334-527	334-527	THR	/mnt/c/Users/drpat/OneDrive - UGent/Desktop/PD/Phospho-fill/Validation-allPDB/pdb_cache/7mmo.cif	THR	THR	OG1	CB	ok			-1.7098785809569002	ARG:346	ARG	NH1	3.2410629648828073	1.0	1.0	ARG:346	ARG	NH1	3.2410629648828073				0.0	11.0	salt_bridge_like			intermediate				0.0	0.0		unmodified	
P0DTC2	7MSQ	A	345	THR_single	1	1	2.29	THR	257		1	334-528	334-528	THR	/mnt/c/Users/drpat/OneDrive - UGent/Desktop/PD/Phospho-fill/Validation-allPDB/pdb_cache/7msq.cif	THR	THR	OG1	CB	ok			141.88667293246277	ARG:346	ARG	NH1	5.0076234608957	0.0	1.0	ARG:346	ARG	NH1	5.0076234608957				0.0	12.0	none_obvious			intermediate				0.0	0.0		unmodified	
P0DTC2	7MZF	A	345	THR_single	1	1	2.493	THR	258		1	334-527	334-527	THR	/mnt/c/Users/drpat/OneDrive - UGent/Desktop/PD/Phospho-fill/Validation-allPDB/pdb_cache/7mzf.cif	THR	THR	OG1	CB	ok			-134.26522233392913	ARG:509	ARG	NH1	6.466577715722324	0.0	0.0	ARG:509	ARG	NH1	6.466577715722324	HOH:743	O	3.435758617144115	1.0	10.0	water_mediated_like			intermediate				0.0	0.0		unmodified	
P0DTC2	7MZH	A	345	THR_single	1	1	2.1	THR	259		1	333-527	333-527	THR	/mnt/c/Users/drpat/OneDrive - UGent/Desktop/PD/Phospho-fill/Validation-allPDB/pdb_cache/7mzh.cif	THR	THR	OG1	CB	ok			140.61809480771564	ARG:346	ARG	NH1	6.977598009099977	0.0	0.0	ARG:346	ARG	NH1	6.977598009099977				0.0	10.0	none_obvious			intermediate				0.0	0.0		unmodified	
P0DTC2	7MZK	B	345	THR_single	1	1	2.25	THR	260		1	334-527	334-527	THR	/mnt/c/Users/drpat/OneDrive - UGent/Desktop/PD/Phospho-fill/Validation-allPDB/pdb_cache/7mzk.cif	THR	THR	OG1	CB	ok			116.50250530115173	ARG:509	ARG	NH1	6.779667709962718	0.0	0.0	ARG:509	ARG	NH1	6.779667709962718	HOH:771	O	2.869234106140102	1.0	9.0	water_mediated_like			intermediate				0.0	0.0		unmodified	
P0DTC2	7N4I	C	345	THR_single	1	1	2.284	THR	261		1	334-527	334-527	THR	/mnt/c/Users/drpat/OneDrive - UGent/Desktop/PD/Phospho-fill/Validation-allPDB/pdb_cache/7n4i.cif	THR	THR	OG1	CB	ok			-128.53446094136515	ARG:346	ARG	NH2	4.393564037131179	0.0	1.0	ARG:346	ARG	NH2	4.393564037131179	HOH:641	O	7.5990914210144025	0.0	16.0	none_obvious			intermediate				0.0	0.0		unmodified	
P0DTC2	7N4J	A	345	THR_single	1	1	2.207	THR	262		1	331-527	331-527	THR	/mnt/c/Users/drpat/OneDrive - UGent/Desktop/PD/Phospho-fill/Validation-allPDB/pdb_cache/7n4j.cif	THR	THR	OG1	CB	ok			-12.56871523038695	ARG:346	ARG	NE	5.756254547379886	0.0	1.0	ARG:346	ARG	NE	5.756254547379886	HOH:668	O	7.405411876786485	0.0	9.0	none_obvious			intermediate				0.0	0.0		unmodified	
P0DTC2	7N8H	A	345	THR_single	1	1	2.3	THR	263		1	27-67,81-137,158-176,186-242,264-621,641-675,690-826,851-1145	27-67,81-137,158-176,186-242,264-621,641-675,690-826,851-1145	THR	/mnt/c/Users/drpat/OneDrive - UGent/Desktop/PD/Phospho-fill/Validation-allPDB/pdb_cache/7n8h.cif	THR	THR	OG1	CB	ok			120.13946841847036	ARG:509	ARG	NH1	7.008996396046344	0.0	0.0	ARG:509	ARG	NH1	7.008996396046344				0.0	8.0	none_obvious			intermediate				0.0	0.0		unmodified	
P31749	7NH4	A	308	THR_single	1	1	2.3	THR	674		3	4-44,48-112,144-186,205-301,308-444	4-44,48-112,144-186,205-301,308-444	THR	/mnt/c/Users/drpat/OneDrive - UGent/Desktop/PD/Phospho-fill/Validation-allPDB/pdb_cache/7nh4.cif	THR	THR	OG1	CB	ok			117.43240917432335	LYS:20	LYS	CE	6.995633157682533	0.0	0.0								0.0	15.0	none_obvious			intermediate				0.0	0.0		unmodified	
Q9NZQ7	7NLD	B	127	THR_single	1	1	2.3	THR	1168		1	18-134	18-134	THR	/mnt/c/Users/drpat/OneDrive - UGent/Desktop/PD/Phospho-fill/Validation-allPDB/pdb_cache/7nld.cif	THR	THR	OG1	CB	ok			108.19266182974727	ARG:125	ARG	NE	7.169608696003994	0.0	0.0	ARG:125	ARG	NE	7.169608696003994	HOH:209	O	6.30855031131175	0.0	21.0	none_obvious			intermediate				0.0	0.0		unmodified	
P28482	7NQQ	A	185	THR_mixed_with_TYR	1	2	1.943	THR	637		2	11-331,336-356	11-331,336-356	THR	/mnt/c/Users/drpat/OneDrive - UGent/Desktop/PD/Phospho-fill/Validation-allPDB/pdb_cache/7nqq.cif	THR	THR	OG1	CB	ok			117.48831552120133	LYS:203	LYS	CE	6.987723217522699	0.0	0.0	THR:181	THR	OG1	3.1856950081237834	HOH:607	O	2.7480761417368162	2.0	24.0	hbond_like			exposed				0.0	0.0		unmodified	
P28482	7NQW	A	185	THR_mixed_with_TYR	1	2	1.775	THR	638		2	11-356	11-356	THR	/mnt/c/Users/drpat/OneDrive - UGent/Desktop/PD/Phospho-fill/Validation-allPDB/pdb_cache/7nqw.cif	THR	THR	OG1	CB	ok			113.97742000745508	LYS:203	LYS	CE	6.9584291626793835	0.0	0.0	THR:181	THR	OG1	3.0697595133681514	HOH:574	O	3.586047794932178	2.0	24.0	hbond_like			exposed				0.0	0.0		unmodified	
P28482	7NR3	A	185	THR_mixed_with_TYR	1	2	1.897	THR	639		2	11-329,339-356	11-329,339-356	THR	/mnt/c/Users/drpat/OneDrive - UGent/Desktop/PD/Phospho-fill/Validation-allPDB/pdb_cache/7nr3.cif	THR	THR	OG1	CB	ok			114.13813259494655	LYS:203	LYS	CE	7.200111843013019	0.0	0.0	THR:181	THR	OG1	3.271490215575565	HOH:703	O	3.018138016722144	4.0	23.0	hbond_like			exposed				0.0	0.0		unmodified	
P28482	7NR5	A	185	THR_mixed_with_TYR	1	2	1.766	THR	640		2	11-329,335-357	11-329,335-357	THR	/mnt/c/Users/drpat/OneDrive - UGent/Desktop/PD/Phospho-fill/Validation-allPDB/pdb_cache/7nr5.cif	THR	THR	OG1	CB	ok			119.07376637369643					0.0	0.0	THR:181	THR	OG1	3.9413085812693325	HOH:543	O	3.7998866392042934	2.0	26.0	none_obvious			exposed				0.0	0.0		unmodified	
P28482	7NR8	A	185	THR_mixed_with_TYR	1	2	1.627	THR	641		2	11-356	11-356	THR	/mnt/c/Users/drpat/OneDrive - UGent/Desktop/PD/Phospho-fill/Validation-allPDB/pdb_cache/7nr8.cif	THR	THR	OG1	CB	ok			118.63028988645068	LYS:203	LYS	CE	7.00228222026463	0.0	0.0	THR:181	THR	OG1	2.915553332659471	HOH:622	O	2.732118728940372	3.0	24.0	hbond_like			exposed				0.0	0.0		unmodified	
P28482	7NR9	A	185	THR_mixed_with_TYR	1	2	1.906	THR	642		2	11-329,340-355	11-329,340-355	THR	/mnt/c/Users/drpat/OneDrive - UGent/Desktop/PD/Phospho-fill/Validation-allPDB/pdb_cache/7nr9.cif	THR	THR	OG1	CB	ok			102.00872796412621					0.0	0.0	THR:181	THR	OG1	3.946761727163938	HOH:543	O	4.4173819337502485	0.0	19.0	none_obvious			intermediate				0.0	0.0		unmodified	
P24941	7NVQ	A	160	THR_mixed_with_TYR	1	3	2.05	THR	550		3	1-37,45-294	1-37,45-294	THR	/mnt/c/Users/drpat/OneDrive - UGent/Desktop/PD/Phospho-fill/Validation-allPDB/pdb_cache/7nvq.cif	THR	THR	OG1	CB	ok			-103.02110201737187	HIS:161	HIS	CD2	6.441759640296441	0.0	0.0	THR:158	THR	OG1	2.699511292608109	HOH:420	O	6.293077600830874	0.0	37.0	hbond_like			buried				0.0	0.0		unmodified	
P49759	7O9Y	A	342	THR_mixed_with_SER	1	2	1.66	THR	833		2	152-481	152-481	THR	/mnt/c/Users/drpat/OneDrive - UGent/Desktop/PD/Phospho-fill/Validation-allPDB/pdb_cache/7o9y.cif	THR	THR	OG1	CB	ok			122.45725051804776	LYS:290	LYS	NZ	3.087384636141277	1.0	1.0	ASP:288	ASP	OD1	2.678816445020644	HOH:648	O	3.61915421733343	1.0	21.0	salt_bridge_like			intermediate				0.0	0.0		unmodified	
P49759	7OPG	B	342	THR_mixed_with_SER	1	2	1.93	THR	834		2	148-483	148-483	THR	/mnt/c/Users/drpat/OneDrive - UGent/Desktop/PD/Phospho-fill/Validation-allPDB/pdb_cache/7opg.cif	THR	THR	OG1	CB	ok			115.58096364524191	LYS:290	LYS	NZ	2.8943720037224856	1.0	1.0	ASP:288	ASP	OD1	2.789681473983222	HOH:705	O	3.840231821161059	1.0	21.0	salt_bridge_like			intermediate				0.0	0.0		unmodified	
Q9NZQ7	7OUN	A	127	THR_single	1	1	1.9	THR	1169		1	18-134	18-134	THR	/mnt/c/Users/drpat/OneDrive - UGent/Desktop/PD/Phospho-fill/Validation-allPDB/pdb_cache/7oun.cif	THR	THR	OG1	CB	ok			105.16765535695541					0.0	0.0	ASP:26	ASP	OD2	7.075752030036644	HOH:234	O	6.1332060280082485	0.0	20.0	none_obvious			intermediate				0.0	0.0		unmodified	
P48730	7P7H	A	220	THR_single	1	1	2.4	THR	798		2	3-294	3-294	THR	/mnt/c/Users/drpat/OneDrive - UGent/Desktop/PD/Phospho-fill/Validation-allPDB/pdb_cache/7p7h.cif	THR	THR	OG1	CB	ok			119.0567576890042					0.0	0.0	GLN:223	GLN	OE1	3.329979913347402				0.0	17.0	hbond_like			intermediate				0.0	0.0		unmodified	
P0DTC2	7PS4	A	345	THR_single	1	1	1.94	THR	264		1	333-526	333-526	THR	/mnt/c/Users/drpat/OneDrive - UGent/Desktop/PD/Phospho-fill/Validation-allPDB/pdb_cache/7ps4.cif	THR	THR	OG1	CB	ok			-121.57893502755127	ARG:346	ARG	NE	4.837676874360856	0.0	1.0	ARG:346	ARG	NE	4.837676874360856				0.0	14.0	none_obvious			intermediate				0.0	0.0		unmodified	
P0DTC2	7Q3R	A	345	THR_single	1	1	1.92	THR	265		1	334-370,373-528	334-370,373-528	THR	/mnt/c/Users/drpat/OneDrive - UGent/Desktop/PD/Phospho-fill/Validation-allPDB/pdb_cache/7q3r.cif	THR	THR	OG1	CB	ok			-124.60350979337157	ARG:346	ARG	NE	3.7044972630318913	1.0	1.0	ARG:346	ARG	NE	3.7044972630318913	HOH:784	O	3.268514300066655	3.0	16.0	water_mediated_like			exposed				0.0	0.0		unmodified	
P0DMV8	7Q4R	A	66	THR_single	1	1	1.79	THR	210		1	2-380	2-380	THR	/mnt/c/Users/drpat/OneDrive - UGent/Desktop/PD/Phospho-fill/Validation-allPDB/pdb_cache/7q4r.cif	THR	THR	OG1	CB	ok			118.23297750894571					0.0	0.0	GLN:58	GLN	OE1	2.927190410238446	HOH:539	O	4.766259224587425	0.0	46.0	hbond_like			buried				0.0	0.0		unmodified	
P0DTC2	7QF0	A	345	THR_single	1	1	2.3	THR	266		1	334-528	334-528	THR	/mnt/c/Users/drpat/OneDrive - UGent/Desktop/PD/Phospho-fill/Validation-allPDB/pdb_cache/7qf0.cif	THR	THR	OG1	CB	ok			-131.93981290671488	ARG:346	ARG	NE	5.854504614464051	0.0	1.0	ARG:346	ARG	NE	5.854504614464051				0.0	13.0	none_obvious			intermediate				0.0	0.0		unmodified	
Q9NWZ3	7QG5	B	342	THR_mixed_with_SER	1	2	2.3	THR	1132		4	164-215,224-335,342-458	164-215,224-335,342-458	THR	/mnt/c/Users/drpat/OneDrive - UGent/Desktop/PD/Phospho-fill/Validation-allPDB/pdb_cache/7qg5.cif	THR	THR	OG1	CB	ok			0.6324825632241742	LYS:441	LYS	NZ	6.715719646218979	0.0	0.0	LYS:441	LYS	NZ	6.715719646218979				0.0	4.0	none_obvious			intermediate	TPO:345	TPO	13.595875370409699	0.0	0.0		unmodified	
O94804	7QGP	A	185	THR_mixed_with_SER	2	3	1.9	THR	120		3	23-68,72-313	23-68,72-313	THR,THR	/mnt/c/Users/drpat/OneDrive - UGent/Desktop/PD/Phospho-fill/Validation-allPDB/pdb_cache/7qgp.cif	THR				missing_anchor_or_base																														
O94804	7QGP	A	208	THR_mixed_with_SER	2	3	1.9	THR	120		3	23-68,72-313	23-68,72-313	THR,THR	/mnt/c/Users/drpat/OneDrive - UGent/Desktop/PD/Phospho-fill/Validation-allPDB/pdb_cache/7qgp.cif	THR	THR	OG1	CB	ok			-121.29499254280395					0.0	0.0	GLU:207	GLU	OE2	7.144387655204489	HOH:551	O	7.3262637019158765	0.0	11.0	none_obvious			intermediate				0.0	0.0		unmodified	
P48730	7QR9	B	220	THR_single	1	1	2.3	THR	799		2	2-18,21-294	2-18,21-294	THR	/mnt/c/Users/drpat/OneDrive - UGent/Desktop/PD/Phospho-fill/Validation-allPDB/pdb_cache/7qr9.cif	THR	THR	OG1	CB	ok			-101.76183105059256	ARG:222	ARG	NH2	3.943091939000752	1.0	1.0	ARG:222	ARG	NH2	3.943091939000752	HOH:450	O	5.800018639891411	0.0	32.0	none_obvious			buried				0.0	0.0		unmodified	
P48730	7QRA	A	220	THR_single	1	1	2.4	THR	800		2	3-17,21-294	3-17,21-294	THR	/mnt/c/Users/drpat/OneDrive - UGent/Desktop/PD/Phospho-fill/Validation-allPDB/pdb_cache/7qra.cif	THR	THR	OG1	CB	ok			-115.27764471625285	ARG:222	ARG	NH2	6.3127566656079335	0.0	0.0	GLN:223	GLN	OE1	3.7538155055288467				0.0	26.0	none_obvious			buried				0.0	0.0		unmodified	
P0DTC2	7QUS	A	345	THR_single	1	1	2.39	THR	267		1	14-618,632-676,689-1139	14-618,632-676,689-1139	THR	/mnt/c/Users/drpat/OneDrive - UGent/Desktop/PD/Phospho-fill/Validation-allPDB/pdb_cache/7qus.cif	THR	THR	OG1	CB	ok			118.12147238103597	ARG:509	ARG	NH2	6.874330495312112	0.0	0.0	ARG:509	ARG	NH2	6.874330495312112				0.0	8.0	none_obvious			intermediate				0.0	0.0		unmodified	
P24941	7RWF	A	160	THR_mixed_with_TYR	1	3	1.5	THR	551		3	1-298	1-298	THR	/mnt/c/Users/drpat/OneDrive - UGent/Desktop/PD/Phospho-fill/Validation-allPDB/pdb_cache/7rwf.cif	THR	THR	OG1	CB	ok			-124.77421821661213	HIS:161	HIS	CD2	3.346378542458744	1.0	1.0	HIS:161	HIS	NE2	4.004938086383503	HOH:528	O	4.27122162772781	0.0	15.0	salt_bridge_like			intermediate				0.0	0.0		unmodified	
O96013	7S47	A	562	THR_mixed_with_GLU	1	2	2.0	THR	140		2	300-589	300-589	THR	/mnt/c/Users/drpat/OneDrive - UGent/Desktop/PD/Phospho-fill/Validation-allPDB/pdb_cache/7s47.cif	THR	THR	OG1	CB	ok			-113.04278970916262	HIS:432	HIS	ND1	7.481760452990518	0.0	0.0	GLU:565	GLU	OE1	3.6091790068751424	HOH:773	O	3.7855965339835023	1.0	23.0	none_obvious			intermediate				0.0	0.0		unmodified	
P0DTC2	7S4S	A	345	THR_single	1	1	2.05	THR	268		1	334-526	334-526	THR	/mnt/c/Users/drpat/OneDrive - UGent/Desktop/PD/Phospho-fill/Validation-allPDB/pdb_cache/7s4s.cif	THR	THR	OG1	CB	ok			124.0119370898957	ARG:509	ARG	NH1	6.870833202044196	0.0	0.0	ARG:509	ARG	NH1	6.870833202044196	HOH:1182	O	6.119195848471883	0.0	9.0	none_obvious			intermediate				0.0	0.0		unmodified	
P24941	7S4T	A	160	THR_mixed_with_TYR	1	2	1.91	THR	552		3	3-12,16-298	3-12,16-298	THR	/mnt/c/Users/drpat/OneDrive - UGent/Desktop/PD/Phospho-fill/Validation-allPDB/pdb_cache/7s4t.cif	THR	THR	OG1	CB	ok			-132.3913701151281	HIS:161	HIS	CD2	3.457856420666343	1.0	1.0	HIS:161	HIS	NE2	4.103622433945856	HOH:523	O	4.419866664266861	0.0	15.0	salt_bridge_like			intermediate				0.0	0.0		unmodified	
P0DTC2	7S5R	A	345	THR_single	1	1	2.45	THR	269		1	334-529	334-529	THR	/mnt/c/Users/drpat/OneDrive - UGent/Desktop/PD/Phospho-fill/Validation-allPDB/pdb_cache/7s5r.cif	THR	THR	OG1	CB	ok			120.795198527719	ARG:346	ARG	NH2	4.96784206175429	0.0	1.0	ARG:346	ARG	NH2	4.96784206175429	HOH:759	O	3.5625486379951816	1.0	14.0	none_obvious			intermediate				0.0	0.0		unmodified	
P0DTC2	7SD5	A	345	THR_single	1	1	1.53	THR	270		1	335-527	335-527	THR	/mnt/c/Users/drpat/OneDrive - UGent/Desktop/PD/Phospho-fill/Validation-allPDB/pdb_cache/7sd5.cif	THR	THR	OG1	CB	ok			-123.94096933282896	ARG:346	ARG	NE	6.284741053283508	0.0	0.0	ARG:346	ARG	NE	6.284741053283508	HOH:718	O	3.151640313940923	2.0	12.0	water_mediated_like			exposed				0.0	0.0		unmodified	
Q92918	7SIU	A	165	THR_mixed_with_SER	1	2	1.786	THR	1097		2	5-294	5-294	THR	/mnt/c/Users/drpat/OneDrive - UGent/Desktop/PD/Phospho-fill/Validation-allPDB/pdb_cache/7siu.cif	THR	THR	OG1	CB	ok			-129.9036611699611	LYS:46	LYS	NZ	6.514787815094273	0.0	0.0	GLN:161	GLN	OE1	5.131716078497257	HOH:1043	O	2.6780351999226504	1.0	37.0	water_mediated_like			buried				0.0	0.0		unmodified	
Q9NZQ7	7SJQ	A	127	THR_single	1	1	2.0	THR	1170		1	18-134	18-134	THR	/mnt/c/Users/drpat/OneDrive - UGent/Desktop/PD/Phospho-fill/Validation-allPDB/pdb_cache/7sjq.cif	THR	THR	OG1	CB	ok			122.94592236987599	ARG:125	ARG	NH2	5.016574061884838	0.0	2.0	ARG:125	ARG	NH2	5.016574061884838	HOH:371	O	4.755929189769915	0.0	25.0	none_obvious			buried				0.0	0.0		unmodified	
P0DTC2	7SO9	A	345	THR_single	1	1	2.4	THR	271		1	14-18,23-69,78-145,150-156,159-176,186-244,263-518,520-621,641-675,690-826,856-1145	14-18,23-69,78-145,150-156,159-176,186-244,263-518,520-621,641-675,690-826,856-1145	THR	/mnt/c/Users/drpat/OneDrive - UGent/Desktop/PD/Phospho-fill/Validation-allPDB/pdb_cache/7so9.cif	THR	THR	OG1	CB	ok			119.59914694047383	ARG:509	ARG	NH1	7.13601373437328	0.0	0.0	ARG:509	ARG	NH1	7.13601373437328				0.0	8.0	none_obvious			intermediate				0.0	0.0		unmodified	
P0DTC2	7SOB	A	345	THR_single	1	1	2.4	THR	272		1	14-18,23-67,80-144,153-177,186-246,263-621,641-675,690-826,853-1145	14-18,23-67,80-144,153-177,186-246,263-621,641-675,690-826,853-1145	THR	/mnt/c/Users/drpat/OneDrive - UGent/Desktop/PD/Phospho-fill/Validation-allPDB/pdb_cache/7sob.cif	THR				missing_anchor_or_base																														
P0DTC2	7SPO	A	345	THR_single	1	1	1.92	THR	273		1	334-529	334-529	THR	/mnt/c/Users/drpat/OneDrive - UGent/Desktop/PD/Phospho-fill/Validation-allPDB/pdb_cache/7spo.cif	THR	THR	OG1	CB	ok			-128.5874466210566	ARG:346	ARG	NE	6.4249777503293215	0.0	0.0	ARG:346	ARG	NE	6.4249777503293215	HOH:771	O	3.2012204651468763	2.0	12.0	water_mediated_like			exposed				0.0	0.0		unmodified	
P0DTC2	7SPP	A	345	THR_single	1	1	1.96	THR	274		1	334-528	334-528	THR	/mnt/c/Users/drpat/OneDrive - UGent/Desktop/PD/Phospho-fill/Validation-allPDB/pdb_cache/7spp.cif	THR	THR	OG1	CB	ok			108.75530986669618	ARG:509	ARG	NH1	6.571756046568571	0.0	0.0	ARG:509	ARG	NH1	6.571756046568571	HOH:781	O	5.590544519492554	0.0	8.0	none_obvious			intermediate				0.0	0.0		unmodified	
P49841	7SXH	A	277	THR_single	1	1	2.09	THR	873		3	37-119,123-148,151-288,290-383	37-119,123-148,151-288,290-383	THR	/mnt/c/Users/drpat/OneDrive - UGent/Desktop/PD/Phospho-fill/Validation-allPDB/pdb_cache/7sxh.cif	THR	THR	OG1	CB	ok			-117.30085867039041	ARG:282	ARG	NH1	7.63622050826873	0.0	0.0	GLN:280	GLN	OE1	3.3411448900987732	HOH:637	O	6.862038760245115	0.0	23.0	hbond_like			intermediate	PTR:216	PTR	25.824464346201943	0.0	0.0		unmodified	
P49841	7SXJ	A	277	THR_single	1	1	1.85	THR	874		3	34-63,67-120,122-383	34-63,67-120,122-383	THR	/mnt/c/Users/drpat/OneDrive - UGent/Desktop/PD/Phospho-fill/Validation-allPDB/pdb_cache/7sxj.cif	THR	THR	OG1	CB	ok			-112.9754610530676					0.0	0.0	GLN:280	GLN	OE1	3.593969953013638	HOH:526	O	2.648792117219643	1.0	23.0	water_mediated_like			intermediate	PTR:216	PTR	25.61547775026001	0.0	0.0		unmodified	
P0DTC2	7SXT	A	345	THR_single	1	1	2.31	THR	275		1	14-69,77-145,153-176,185-247,257-620,641-675,691-827,856-1147	14-69,77-145,153-176,185-247,257-620,641-675,691-827,856-1147	THR	/mnt/c/Users/drpat/OneDrive - UGent/Desktop/PD/Phospho-fill/Validation-allPDB/pdb_cache/7sxt.cif	THR	THR	OG1	CB	ok			113.75301246036739	ARG:346	ARG	NE	6.96810259039912	0.0	0.0	ARG:346	ARG	NE	6.96810259039912				0.0	7.0	none_obvious			intermediate				0.0	0.0		unmodified	
E0W1I1	7T4M	A	305	THR_mixed_with_SER	1	3	2.48	THR	11		3	116-137,147-180,188-267,281-517,540-574	116-137,147-180,188-267,281-517,540-574	THR	/mnt/c/Users/drpat/OneDrive - UGent/Desktop/PD/Phospho-fill/Validation-allPDB/pdb_cache/7t4m.cif	THR	THR	OG1	CB	ok			121.78056729309067					0.0	0.0	ASN:421	ASN	OD1	3.8425313733686246				0.0	17.0	none_obvious			intermediate				0.0	0.0		unmodified	
E0W1I1	7T4N	A	305	THR_mixed_with_SER	1	3	2.35	THR	12		3	116-137,148-180,188-267,282-515,540-574	116-137,148-180,188-267,282-515,540-574	THR	/mnt/c/Users/drpat/OneDrive - UGent/Desktop/PD/Phospho-fill/Validation-allPDB/pdb_cache/7t4n.cif	THR	THR	OG1	CB	ok			125.66863856403626					0.0	0.0	ASN:421	ASN	ND2	4.776338616401524				0.0	16.0	none_obvious			intermediate				0.0	0.0		unmodified	
P0DTC2	7T9K	A	345	THR_single	1	1	2.45	THR	276		1	14-68,77-141,145,153-176,185-210,215-247,257-620,641-675,691-827,856-1147	14-68,77-141,145,153-176,185-209,215-247,257-620,641-675,691-827,856-1147	THR	/mnt/c/Users/drpat/OneDrive - UGent/Desktop/PD/Phospho-fill/Validation-allPDB/pdb_cache/7t9k.cif	THR	THR	OG1	CB	ok			-118.71450909737769	ARG:509	ARG	NH2	6.656829997480642	0.0	0.0	ARG:509	ARG	NH2	6.656829997480642				0.0	10.0	none_obvious			intermediate				0.0	0.0		unmodified	
Q94KI8	7TBG	A	26	THR_mixed_with_SER	2	3	2.5	THR	1099		3	20-173,183-359,381-407,428-454,464-513,527-686	20-173,183-359,381-407,428-454,464-513,527-686	THR,THR	/mnt/c/Users/drpat/OneDrive - UGent/Desktop/PD/Phospho-fill/Validation-allPDB/pdb_cache/7tbg.cif	THR	THR	OG1	CB	ok			129.11805697266627	HIS:27	HIS	CD2	4.868243674093131	0.0	1.0	HIS:27	HIS	NE2	4.997717557205449				0.0	44.0	none_obvious			buried				0.0	0.0		unmodified	
Q94KI8	7TBG	A	29	THR_mixed_with_SER	2	3	2.5	THR	1099		3	20-173,183-359,381-407,428-454,464-513,527-686	20-173,183-359,381-407,428-454,464-513,527-686	THR,THR	/mnt/c/Users/drpat/OneDrive - UGent/Desktop/PD/Phospho-fill/Validation-allPDB/pdb_cache/7tbg.cif	THR	THR	OG1	CB	ok			117.72923777803653					0.0	0.0	GLN:32	GLN	OE1	3.7708852713811907				0.0	13.0	none_obvious			intermediate				0.0	0.0		unmodified	
P0DTC2	7TEY	C	345	THR_single	1	1	2.25	THR	277		1	14-69,77-145,156,159-176,185-247,257-620,641-675,691-827,856-1147	14-69,77-145,156,159-176,185-247,257-620,641-675,691-827,856-1147	THR	/mnt/c/Users/drpat/OneDrive - UGent/Desktop/PD/Phospho-fill/Validation-allPDB/pdb_cache/7tey.cif	THR	THR	OG1	CB	ok			-133.57834572988384	ARG:509	ARG	NH2	6.42502547128781	0.0	0.0	ARG:509	ARG	NH2	6.42502547128781				0.0	12.0	none_obvious			intermediate				0.0	0.0		unmodified	
P0DTC2	7TF3	C	345	THR_single	1	1	2.25	THR	278		1	14-69,77-145,158-176,185-247,257-620,641-675,691-827,856-1147	14-69,77-145,158-176,185-247,257-620,641-675,691-827,856-1147	THR	/mnt/c/Users/drpat/OneDrive - UGent/Desktop/PD/Phospho-fill/Validation-allPDB/pdb_cache/7tf3.cif	THR	THR	OG1	CB	ok			-133.40677652068493	ARG:346	ARG	NE	6.464172427052237	0.0	0.0	ARG:346	ARG	NE	6.464172427052237				0.0	12.0	none_obvious			intermediate				0.0	0.0		unmodified	
P0DTC2	7TPI	A	345	THR_single	1	1	2.3	THR	279		1	27-65,81-133,138-140,157-159,165-175,187-242,264-442,449-474,491-495,505-516,520-621,641-675,690-826,853-1145	27-65,81-133,138-140,157-159,165-175,187-242,264-442,449-474,491-495,505-516,520-621,641-675,690-826,853-1145	THR	/mnt/c/Users/drpat/OneDrive - UGent/Desktop/PD/Phospho-fill/Validation-allPDB/pdb_cache/7tpi.cif	THR				missing_anchor_or_base																														
P0DTC2	7TPR	A	345	THR_single	1	1	2.39	THR	280		1	15-1159	15-1159	THR	/mnt/c/Users/drpat/OneDrive - UGent/Desktop/PD/Phospho-fill/Validation-allPDB/pdb_cache/7tpr.cif	THR	THR	OG1	CB	ok			-118.62000629674853	ARG:346	ARG	NE	6.301543492189962	0.0	0.0	ARG:346	ARG	NE	6.301543492189962				0.0	11.0	none_obvious			intermediate				0.0	0.0		unmodified	
P49841	7U2Z	B	277	THR_mixed_with_TYR	1	2	2.21	THR	875		3	35-382	35-382	THR	/mnt/c/Users/drpat/OneDrive - UGent/Desktop/PD/Phospho-fill/Validation-allPDB/pdb_cache/7u2z.cif	THR	THR	OG1	CB	ok			-112.72866021306561					0.0	0.0	GLN:280	GLN	OE1	3.3826112057416293				0.0	25.0	hbond_like			buried				0.0	0.0		unmodified	
P49841	7U31	A	277	THR_mixed_with_TYR	1	2	2.38	THR	876		3	36-385	36-385	THR	/mnt/c/Users/drpat/OneDrive - UGent/Desktop/PD/Phospho-fill/Validation-allPDB/pdb_cache/7u31.cif	THR	THR	OG1	CB	ok			-111.24830740463155					0.0	0.0	GLN:280	GLN	OE1	3.2282096667734463				0.0	25.0	hbond_like			buried				0.0	0.0		unmodified	
P0DTC2	7U8E	A	345	THR_single	1	1	2.29	THR	281		1	333-527	333-527	THR	/mnt/c/Users/drpat/OneDrive - UGent/Desktop/PD/Phospho-fill/Validation-allPDB/pdb_cache/7u8e.cif	THR	THR	OG1	CB	ok			-121.50278991983599	ARG:346	ARG	NE	5.326198607935575	0.0	1.0	ARG:346	ARG	NE	5.326198607935575	HOH:706	O	2.4041661672400036	1.0	12.0	water_mediated_like			intermediate				0.0	0.0		unmodified	
P0DTC2	7UL0	A	345	THR_single	1	1	2.49	THR	282		1	334-527	334-527	THR	/mnt/c/Users/drpat/OneDrive - UGent/Desktop/PD/Phospho-fill/Validation-allPDB/pdb_cache/7ul0.cif	THR	THR	OG1	CB	ok			120.52492227429204	ARG:509	ARG	NH1	7.238482936294468	0.0	0.0	ARG:509	ARG	NH1	7.238482936294468	HOH:606	O	6.169157515313265	0.0	8.0	none_obvious			intermediate				0.0	0.0		unmodified	
P0DTC2	7URQ	A	345	THR_single	1	1	2.05	THR	283		1	334-529	334-529	THR	/mnt/c/Users/drpat/OneDrive - UGent/Desktop/PD/Phospho-fill/Validation-allPDB/pdb_cache/7urq.cif	THR	THR	OG1	CB	ok			119.79794075474977	ARG:509	ARG	NH1	7.049948922930302	0.0	0.0	ARG:509	ARG	NH1	7.049948922930302	HOH:1107	O	7.299776580506652	0.0	10.0	none_obvious			intermediate				0.0	0.0		unmodified	
P0DTC2	7URS	A	345	THR_single	1	1	2.4	THR	284		1	336-518,521-526	336-518,521-526	THR	/mnt/c/Users/drpat/OneDrive - UGent/Desktop/PD/Phospho-fill/Validation-allPDB/pdb_cache/7urs.cif	THR	THR	OG1	CB	ok			103.55933982623472	ARG:509	ARG	NH1	6.878488342227084	0.0	0.0	ARG:509	ARG	NH1	6.878488342227084				0.0	7.0	none_obvious			intermediate				0.0	0.0		unmodified	
Q9NZQ7	7UXO	A	127	THR_single	1	1	2.25	THR	1171		1	18-134	18-134	THR	/mnt/c/Users/drpat/OneDrive - UGent/Desktop/PD/Phospho-fill/Validation-allPDB/pdb_cache/7uxo.cif	THR	THR	OG1	CB	ok			104.19039242013953	LYS:129	LYS	NZ	6.386782714632147	0.0	0.0	LYS:129	LYS	NZ	6.386782714632147				0.0	23.0	none_obvious			intermediate				0.0	0.0		unmodified	
P0DTC2	7UZC	A	345	THR_single	1	1	2.2	THR	285		1	333-528	333-528	THR	/mnt/c/Users/drpat/OneDrive - UGent/Desktop/PD/Phospho-fill/Validation-allPDB/pdb_cache/7uzc.cif	THR	THR	OG1	CB	ok			128.26713048889349	ARG:346	ARG	NH1	5.033684400066112	0.0	1.0	ARG:346	ARG	NH1	5.033684400066112	HOH:661	O	3.7029368180539444	1.0	12.0	none_obvious			intermediate				0.0	0.0		unmodified	
P24941	7VDU	A	160	THR_mixed_with_TYR	1	3	1.53	THR	553		3	1-37,45-296	1-37,45-296	THR	/mnt/c/Users/drpat/OneDrive - UGent/Desktop/PD/Phospho-fill/Validation-allPDB/pdb_cache/7vdu.cif	THR	THR	OG1	CB	ok			-113.63038023279192	HIS:161	HIS	CD2	6.196084332320122	0.0	0.0	THR:158	THR	OG1	3.028060685632728	HOH:450	O	3.0282879977924377	1.0	39.0	hbond_like			buried				0.0	0.0		unmodified	
P0DTC2	7VNB	B	345	THR_single	1	1	2.27	THR	286		1	328-531	328-531	THR	/mnt/c/Users/drpat/OneDrive - UGent/Desktop/PD/Phospho-fill/Validation-allPDB/pdb_cache/7vnb.cif	THR	THR	OG1	CB	ok			123.00527368173698	ARG:509	ARG	NH1	6.987562840421601	0.0	0.0	ARG:509	ARG	NH1	6.987562840421601	HOH:782	O	2.924506369182486	1.0	9.0	water_mediated_like			intermediate				0.0	0.0		unmodified	
P0DTC2	7VOA	B	345	THR_single	1	1	1.8	THR	287		1	333-528	333-528	THR	/mnt/c/Users/drpat/OneDrive - UGent/Desktop/PD/Phospho-fill/Validation-allPDB/pdb_cache/7voa.cif	THR	THR	OG1	CB	ok			-108.82825733443916	ARG:346	ARG	NH1	3.3556498463805156	1.0	1.0	ARG:346	ARG	NH1	3.3556498463805156	HOH:774	O	3.028321985541106	1.0	15.0	salt_bridge_like			intermediate				0.0	0.0		unmodified	
P0DTC2	7VYR	C	345	THR_single	1	1	2.2	THR	288		1	336-521	336-521	THR	/mnt/c/Users/drpat/OneDrive - UGent/Desktop/PD/Phospho-fill/Validation-allPDB/pdb_cache/7vyr.cif	THR	THR	OG1	CB	ok			128.51978890952623	ARG:509	ARG	NH1	6.81007645090343	0.0	0.0	ARG:509	ARG	NH1	6.81007645090343	HOH:606	O	7.015732091583984	0.0	10.0	none_obvious			intermediate				0.0	0.0		unmodified	
P0DTC2	7W1S	A	345	THR_single	1	1	1.997	THR	289		1	334-527	334-527	THR	/mnt/c/Users/drpat/OneDrive - UGent/Desktop/PD/Phospho-fill/Validation-allPDB/pdb_cache/7w1s.cif	THR	THR	OG1	CB	ok			-113.60440347531971	ARG:346	ARG	NH2	5.937312930627929	0.0	1.0	ARG:346	ARG	NH2	5.937312930627929	HOH:757	O	3.9965795186442197	1.0	12.0	none_obvious			intermediate				0.0	0.0		unmodified	
P28482	7W5O	A	185	THR_mixed_with_TYR	1	2	2.35	THR	643		2	11-360	11-360	THR	/mnt/c/Users/drpat/OneDrive - UGent/Desktop/PD/Phospho-fill/Validation-allPDB/pdb_cache/7w5o.cif	THR	THR	OG1	CB	ok			-114.31162723908092	HIS:180	HIS	NE2	2.69855243596206	1.0	1.0	HIS:180	HIS	NE2	2.69855243596206				0.0	33.0	salt_bridge_like			buried				0.0	0.0		unmodified	
P0DTC2	7WBZ	A	345	THR_single	1	1	2.42	THR	290		1	334-527	334-527	THR	/mnt/c/Users/drpat/OneDrive - UGent/Desktop/PD/Phospho-fill/Validation-allPDB/pdb_cache/7wbz.cif	THR	THR	OG1	CB	ok			-116.73587012813951	ARG:346	ARG	CZ	5.932319263638066	0.0	1.0	ARG:346	ARG	NE	5.933434168766231	HOH:768	O	7.760071548662046	0.0	14.0	none_obvious			intermediate				0.0	0.0		unmodified	
P0DTC2	7WD1	B	345	THR_single	1	1	2.5	THR	291		1	333-528	333-528	THR	/mnt/c/Users/drpat/OneDrive - UGent/Desktop/PD/Phospho-fill/Validation-allPDB/pdb_cache/7wd1.cif	THR	THR	OG1	CB	ok			130.50526545812485	ARG:509	ARG	NH1	6.948451907916087	0.0	0.0	ARG:509	ARG	NH1	6.948451907916087				0.0	10.0	none_obvious			intermediate				0.0	0.0		unmodified	
P0DTC2	7WN2	A	345	THR_single	1	1	2.35	THR	292		1	333-528	333-528	THR	/mnt/c/Users/drpat/OneDrive - UGent/Desktop/PD/Phospho-fill/Validation-allPDB/pdb_cache/7wn2.cif	THR	THR	OG1	CB	ok			-92.22293358348081	ARG:509	ARG	NH2	6.489565626319786	0.0	0.0	ARG:509	ARG	NH2	6.489565626319786				0.0	10.0	none_obvious			intermediate				0.0	0.0		unmodified	
P0DTC2	7X2H	F	345	THR_single	1	1	2.1	THR	293		1	336-516,523-528	336-516,523-528	THR	/mnt/c/Users/drpat/OneDrive - UGent/Desktop/PD/Phospho-fill/Validation-allPDB/pdb_cache/7x2h.cif	THR	THR	OG1	CB	ok			110.24175148075317	ARG:346	ARG	NH1	5.05167068422994	0.0	1.0	ARG:346	ARG	NH1	5.05167068422994				0.0	9.0	none_obvious			intermediate				0.0	0.0		unmodified	
P28482	7X4U	A	185	THR_mixed_with_TYR	1	2	1.98	THR	644		2	10-359	10-359	THR	/mnt/c/Users/drpat/OneDrive - UGent/Desktop/PD/Phospho-fill/Validation-allPDB/pdb_cache/7x4u.cif	THR	THR	OG1	CB	ok			124.018041209018	LYS:203	LYS	CE	6.998453321601172	0.0	0.0	THR:181	THR	OG1	2.9769663068737593	HOH:563	O	3.7077117543676565	1.0	24.0	hbond_like			buried				0.0	0.0		unmodified	
P28482	7XC1	A	185	THR_mixed_with_TYR	1	2	2.09	THR	645		2	10-360	10-360	THR	/mnt/c/Users/drpat/OneDrive - UGent/Desktop/PD/Phospho-fill/Validation-allPDB/pdb_cache/7xc1.cif	THR	THR	OG1	CB	ok			-113.56958167804468	HIS:180	HIS	CE1	2.9691714918046577	1.0	1.0	HIS:180	HIS	ND1	3.0760848174166227				0.0	35.0	salt_bridge_like			buried				0.0	0.0		unmodified	
P0DTC2	7XCO	B	345	THR_single	1	1	2.5	THR	294		1	14-68,77-142,153-176,185-210,215-247,257-676,690-827,845-1147	14-68,77-142,153-176,185-209,215-247,257-676,690-827,845-1147	THR	/mnt/c/Users/drpat/OneDrive - UGent/Desktop/PD/Phospho-fill/Validation-allPDB/pdb_cache/7xco.cif	THR	THR	OG1	CB	ok			121.18035118802824	ARG:509	ARG	NH2	7.313410387928551	0.0	0.0	ARG:509	ARG	NH2	7.313410387928551				0.0	9.0	none_obvious			intermediate				0.0	0.0		unmodified	
Q9NYL2	7YAW	A	161	THR_single	1	1	2.1	THR	1143		1	8-163,165-299	8-163,165-299	THR	/mnt/c/Users/drpat/OneDrive - UGent/Desktop/PD/Phospho-fill/Validation-allPDB/pdb_cache/7yaw.cif	THR	THR	OG1	CB	ok			-21.28637432907776	LYS:45	LYS	NZ	4.761550033859279	0.0	1.0	ASP:151	ASP	OD1	4.4442412649044165	HOH:526	O	7.801769144812242	0.0	27.0	none_obvious			buried				0.0	0.0		unmodified	
P0DTC2	7YCO	A	345	THR_single	1	1	1.96	THR	295		1	333-528	333-528	THR	/mnt/c/Users/drpat/OneDrive - UGent/Desktop/PD/Phospho-fill/Validation-allPDB/pdb_cache/7yco.cif	THR	THR	OG1	CB	ok			-124.84899361713445	ARG:346	ARG	NE	6.523826995391931	0.0	0.0	ARG:346	ARG	NE	6.523826995391931	HOH:729	O	7.571229648082554	0.0	11.0	none_obvious			intermediate				0.0	0.0		unmodified	
Q9NZQ7	7YDS	A	127	THR_single	1	1	2.3	THR	1172		1	18-134	18-134	THR	/mnt/c/Users/drpat/OneDrive - UGent/Desktop/PD/Phospho-fill/Validation-allPDB/pdb_cache/7yds.cif	THR	THR	OG1	CB	ok			126.64756789577305	ARG:125	ARG	NE	4.497522903603207	0.0	1.0	ARG:125	ARG	NE	4.497522903603207	HOH:220	O	2.6809831041027428	2.0	28.0	water_mediated_like			exposed				0.0	0.0		unmodified	
P0DTC2	7Z1B	A	345	THR_single	1	1	2.3	THR	296		1	333-528	333-528	THR	/mnt/c/Users/drpat/OneDrive - UGent/Desktop/PD/Phospho-fill/Validation-allPDB/pdb_cache/7z1b.cif	THR	THR	OG1	CB	ok			126.21318313817403	ARG:509	ARG	NH1	7.248061774649778	0.0	0.0	ARG:509	ARG	NH1	7.248061774649778	HOH:711	O	2.642311728710865	1.0	9.0	water_mediated_like			intermediate				0.0	0.0		unmodified	
P0DTC2	7Z1C	A	345	THR_single	1	1	1.9	THR	297		1	333-528	333-528	THR	/mnt/c/Users/drpat/OneDrive - UGent/Desktop/PD/Phospho-fill/Validation-allPDB/pdb_cache/7z1c.cif	THR	THR	OG1	CB	ok			115.68893975448775	ARG:346	ARG	NE	6.670758952790521	0.0	0.0	ARG:346	ARG	NE	6.670758952790521	HOH:765	O	3.5775416775609687	1.0	8.0	none_obvious			intermediate				0.0	0.0		unmodified	
O75531	7Z21	A	3	THR_mixed_with_SER	1	2	1.629	THR	111		2	2-89	2-89	THR	/mnt/c/Users/drpat/OneDrive - UGent/Desktop/PD/Phospho-fill/Validation-allPDB/pdb_cache/7z21.cif	THR	THR	OG1	CB	ok			-135.6020512852547	ARG:8	ARG	NE	2.91397574199826	1.0	2.0	ARG:8	ARG	NE	2.91397574199826	HOH:242	O	5.173818638218921	0.0	23.0	salt_bridge_like			intermediate				0.0	0.0		unmodified	
P0DTC2	7Z8O	A	345	THR_single	1	1	0.96	THR	298		1	333-527	333-527	THR	/mnt/c/Users/drpat/OneDrive - UGent/Desktop/PD/Phospho-fill/Validation-allPDB/pdb_cache/7z8o.cif	THR	THR	OG1	CB	ok			-131.9738676876361	ARG:346	ARG	NH1	5.201317727700592	0.0	1.0	ARG:346	ARG	NH1	5.201317727700592	HOH:910	O	3.0457589727714214	2.0	15.0	water_mediated_like			exposed				0.0	0.0		unmodified	
P24941	7ZPC	A	160	THR_mixed_with_TYR	1	3	1.4	THR	554		3	1-37,45-298	1-37,45-298	THR	/mnt/c/Users/drpat/OneDrive - UGent/Desktop/PD/Phospho-fill/Validation-allPDB/pdb_cache/7zpc.cif	THR	THR	OG1	CB	ok			-143.02195687608858	HIS:161	HIS	CD2	6.144929055934156	0.0	0.0	GLU:162	GLU	OE2	2.269108784381468	HOH:408	O	2.7090620896530013	1.0	37.0	hbond_like			buried				0.0	0.0		unmodified	
O14965	7ZTL	A	287	THR_single	1	1	1.9	THR	69		2	126-389	126-389	THR	/mnt/c/Users/drpat/OneDrive - UGent/Desktop/PD/Phospho-fill/Validation-allPDB/pdb_cache/7ztl.cif	THR	THR	OG1	CB	ok			-106.75633118065018	HIS:306	HIS	CE1	6.512118952895832	0.0	0.0	ARG:286	ARG	NE	6.753351584644266	HOH:707	O	3.4937988253452197	1.0	10.0	water_mediated_like			intermediate	TPO:288	TPO	6.034372842597165	1.0	1.0	TPO:288@6.03	unmodified	
P0DTC2	8A94	A	345	THR_single	1	1	2.4	THR	299		1	14-70,76-247,252-620,641-674,691-828,855-1146	14-70,76-247,252-620,641-674,691-828,855-1146	THR	/mnt/c/Users/drpat/OneDrive - UGent/Desktop/PD/Phospho-fill/Validation-allPDB/pdb_cache/8a94.cif	THR	THR	OG1	CB	ok			-135.31743084641747	ARG:509	ARG	NH2	7.251549253758467	0.0	0.0	ARG:509	ARG	NH2	7.251549253758467				0.0	10.0	none_obvious			intermediate				0.0	0.0		unmodified	
P0DTC2	8A99	A	345	THR_single	1	1	2.5	THR	300		1	14-70,76-247,252-620,641-674,691-828,855-1146	14-70,76-247,252-620,641-674,691-828,855-1146	THR	/mnt/c/Users/drpat/OneDrive - UGent/Desktop/PD/Phospho-fill/Validation-allPDB/pdb_cache/8a99.cif	THR	THR	OG1	CB	ok			-135.33859994765865	ARG:509	ARG	NH2	7.022413948973054	0.0	0.0	ARG:509	ARG	NH2	7.022413948973054				0.0	10.0	none_obvious			intermediate				0.0	0.0		unmodified	
O96013	8AHG	A	562	THR_single	1	1	1.885	THR	141		2	300-591	300-591	THR	/mnt/c/Users/drpat/OneDrive - UGent/Desktop/PD/Phospho-fill/Validation-allPDB/pdb_cache/8ahg.cif	THR	THR	OG1	CB	ok			-111.47477543227943	LYS:568	LYS	NZ	7.022477177464658	0.0	0.0	GLU:565	GLU	OE1	3.423968852516898	HOH:718	O	2.506786208372131	2.0	23.0	hbond_like			exposed	SEP:474	SEP	22.369715578360918	0.0	0.0		unmodified	
O96013	8AHH	A	562	THR_single	1	1	2.037	THR	142		2	300-591	300-591	THR	/mnt/c/Users/drpat/OneDrive - UGent/Desktop/PD/Phospho-fill/Validation-allPDB/pdb_cache/8ahh.cif	THR	THR	OG1	CB	ok			-116.95756104078525	LYS:568	LYS	NZ	7.021266012099229	0.0	0.0	GLU:565	GLU	OE1	3.3195035054655544	HOH:791	O	3.8711750600353985	1.0	24.0	hbond_like			buried	SEP:474	SEP	22.43588865580508	0.0	0.0		unmodified	
Q9NZQ7	8ALX	A	127	THR_single	1	1	1.1	THR	1173		1	20-134	20-134	THR	/mnt/c/Users/drpat/OneDrive - UGent/Desktop/PD/Phospho-fill/Validation-allPDB/pdb_cache/8alx.cif	THR	THR	OG1	CB	ok			118.12513363263832	LYS:129	LYS	CE	6.528198947444077	0.0	0.0	ASP:26	ASP	OD1	6.542115767534373	HOH:555	O	2.8643237149557983	1.0	20.0	water_mediated_like			intermediate				0.0	0.0		unmodified	
L7N686	8AN4	A	39	THR_single	1	1	1.65	THR	13		1	2-196	2-196	THR	/mnt/c/Users/drpat/OneDrive - UGent/Desktop/PD/Phospho-fill/Validation-allPDB/pdb_cache/8an4.cif	THR	THR	OG1	CB	ok			113.20809326525756	ARG:37	ARG	NH1	4.303599496567455	0.0	1.0	SER:31	SER	OG	4.118342196697246	HOH:242	O	4.798248020336721	0.0	36.0	none_obvious			buried				0.0	0.0		unmodified	
L7N686	8AN5	A	39	THR_single	1	1	1.44	THR	14		1	2-89,92-197	2-89,92-197	THR	/mnt/c/Users/drpat/OneDrive - UGent/Desktop/PD/Phospho-fill/Validation-allPDB/pdb_cache/8an5.cif	THR	THR	OG1	CB	ok			-123.68093644644217	ARG:37	ARG	NH1	4.462502688678696	0.0	1.0	ASP:41	ASP	OD2	4.345470194590274	HOH:268	O	3.240492594498606	1.0	22.0	water_mediated_like			intermediate				0.0	0.0		unmodified	
P28482	8AO2	A	185	THR_mixed_with_TYR	1	2	1.796	THR	646		2	13-329,334-357	13-329,334-357	THR	/mnt/c/Users/drpat/OneDrive - UGent/Desktop/PD/Phospho-fill/Validation-allPDB/pdb_cache/8ao2.cif	THR	THR	OG1	CB	ok			-120.19737958055465	LYS:203	LYS	CE	7.135352187552964	0.0	0.0	THR:181	THR	OG1	3.6259811388896073	HOH:607	O	3.2370373001472905	2.0	27.0	water_mediated_like			exposed				0.0	0.0		unmodified	
P28482	8AO3	A	185	THR_mixed_with_TYR	1	2	1.778	THR	647		2	11-330,339-357	11-330,339-357	THR	/mnt/c/Users/drpat/OneDrive - UGent/Desktop/PD/Phospho-fill/Validation-allPDB/pdb_cache/8ao3.cif	THR	THR	OG1	CB	ok			117.61025675867273					0.0	0.0	THR:181	THR	OG1	3.226606397584774	HOH:573	O	3.5771951418226666	2.0	23.0	hbond_like			exposed				0.0	0.0		unmodified	
P28482	8AO4	A	185	THR_mixed_with_TYR	1	2	1.825	THR	648		2	11-330,339-357	11-330,339-357	THR	/mnt/c/Users/drpat/OneDrive - UGent/Desktop/PD/Phospho-fill/Validation-allPDB/pdb_cache/8ao4.cif	THR	THR	OG1	CB	ok			113.53334993113104	LYS:203	LYS	CE	7.3387062036203226	0.0	0.0	THR:181	THR	OG1	3.309782825875914	HOH:654	O	2.8184677785455245	3.0	23.0	hbond_like			exposed				0.0	0.0		unmodified	
P28482	8AO5	A	185	THR_mixed_with_TYR	1	2	1.595	THR	649		2	15-33,37-329,339-356	15-33,37-329,339-356	THR	/mnt/c/Users/drpat/OneDrive - UGent/Desktop/PD/Phospho-fill/Validation-allPDB/pdb_cache/8ao5.cif	THR	THR	OG1	CB	ok			121.85073123686674	LYS:203	LYS	CE	7.029132457189233	0.0	0.0	THR:181	THR	OG1	3.074061641992222	HOH:721	O	3.301157108203533	2.0	24.0	hbond_like			exposed				0.0	0.0		unmodified	
P28482	8AO6	A	185	THR_mixed_with_TYR	1	2	1.811	THR	650		2	11-329,338-356	11-329,338-356	THR	/mnt/c/Users/drpat/OneDrive - UGent/Desktop/PD/Phospho-fill/Validation-allPDB/pdb_cache/8ao6.cif	THR	THR	OG1	CB	ok			118.06906443752446	LYS:203	LYS	CE	7.202660816819041	0.0	0.0	THR:181	THR	OG1	3.061954746434075	HOH:571	O	3.590743847542926	3.0	24.0	hbond_like			exposed				0.0	0.0		unmodified	
P28482	8AO7	A	185	THR_mixed_with_TYR	1	2	1.61	THR	651		2	11-356	11-356	THR	/mnt/c/Users/drpat/OneDrive - UGent/Desktop/PD/Phospho-fill/Validation-allPDB/pdb_cache/8ao7.cif	THR	THR	OG1	CB	ok			115.5557779120142	LYS:203	LYS	CE	7.221135432146809	0.0	0.0	THR:181	THR	OG1	3.0771223439307462	HOH:695	O	3.2790701271072553	3.0	23.0	hbond_like			exposed				0.0	0.0		unmodified	
P28482	8AO8	A	185	THR_mixed_with_TYR	1	2	1.697	THR	652		2	11-329,334-356	11-329,334-356	THR	/mnt/c/Users/drpat/OneDrive - UGent/Desktop/PD/Phospho-fill/Validation-allPDB/pdb_cache/8ao8.cif	THR	THR	OG1	CB	ok			111.83421437954793	LYS:203	LYS	CE	7.284723059382755	0.0	0.0	THR:181	THR	OG1	3.22752385717055	HOH:696	O	3.327554215781067	2.0	23.0	hbond_like			exposed				0.0	0.0		unmodified	
P28482	8AO9	A	185	THR_mixed_with_TYR	1	2	1.624	THR	653		2	11-58,61-331,338-356	11-58,61-331,338-356	THR	/mnt/c/Users/drpat/OneDrive - UGent/Desktop/PD/Phospho-fill/Validation-allPDB/pdb_cache/8ao9.cif	THR	THR	OG1	CB	ok			121.21645756007642	HIS:180	HIS	ND1	7.916691154873316	0.0	0.0	THR:181	THR	OG1	3.0746598179592084	HOH:598	O	3.592143750953055	3.0	25.0	hbond_like			exposed				0.0	0.0		unmodified	
P28482	8AOA	A	185	THR_mixed_with_TYR	1	2	1.62	THR	654		2	11-356	11-356	THR	/mnt/c/Users/drpat/OneDrive - UGent/Desktop/PD/Phospho-fill/Validation-allPDB/pdb_cache/8aoa.cif	THR	THR	OG1	CB	ok			118.7006836333578	LYS:203	LYS	CE	7.255414142253747	0.0	0.0	THR:181	THR	OG1	3.159596069126412	HOH:689	O	3.3501554847277104	3.0	24.0	hbond_like			exposed				0.0	0.0		unmodified	
P28482	8AOB	A	185	THR_mixed_with_TYR	1	2	1.623	THR	655		2	18-27,37-329,339-356	18-27,37-329,339-356	THR	/mnt/c/Users/drpat/OneDrive - UGent/Desktop/PD/Phospho-fill/Validation-allPDB/pdb_cache/8aob.cif	THR	THR	OG1	CB	ok			117.13088105295154	LYS:203	LYS	CE	6.944538159499307	0.0	0.0	THR:181	THR	OG1	2.9741835291328695	HOH:547	O	3.606436286603714	2.0	24.0	hbond_like			exposed				0.0	0.0		unmodified	
P28482	8AOC	A	185	THR_mixed_with_TYR	1	2	1.62	THR	656		2	11-356	11-356	THR	/mnt/c/Users/drpat/OneDrive - UGent/Desktop/PD/Phospho-fill/Validation-allPDB/pdb_cache/8aoc.cif	THR	THR	OG1	CB	ok			118.00679732476026	LYS:203	LYS	CE	7.993479575484099	0.0	0.0	THR:181	THR	OG1	3.0326302611853495	HOH:547	O	3.6462062465148413	2.0	24.0	hbond_like			exposed				0.0	0.0		unmodified	
P28482	8AOD	A	185	THR_mixed_with_TYR	1	2	1.62	THR	657		2	11-58,63-331,339-356	11-58,63-331,339-356	THR	/mnt/c/Users/drpat/OneDrive - UGent/Desktop/PD/Phospho-fill/Validation-allPDB/pdb_cache/8aod.cif	THR	THR	OG1	CB	ok			119.15403959483007	LYS:203	LYS	CE	7.093370402743045	0.0	0.0	THR:181	THR	OG1	3.036866742777618	HOH:635	O	3.650923021417371	3.0	25.0	hbond_like			exposed				0.0	0.0		unmodified	
P28482	8AOE	A	185	THR_mixed_with_TYR	1	2	1.687	THR	658		2	11-32,37-57,63-356	11-32,37-57,63-356	THR	/mnt/c/Users/drpat/OneDrive - UGent/Desktop/PD/Phospho-fill/Validation-allPDB/pdb_cache/8aoe.cif	THR	THR	OG1	CB	ok			115.97356295924509					0.0	0.0	THR:181	THR	OG1	3.011422509998075	HOH:698	O	3.6447384964359006	3.0	24.0	hbond_like			exposed				0.0	0.0		unmodified	
P28482	8AOF	A	185	THR_mixed_with_TYR	1	2	1.615	THR	659		2	11-57,63-356	11-57,63-356	THR	/mnt/c/Users/drpat/OneDrive - UGent/Desktop/PD/Phospho-fill/Validation-allPDB/pdb_cache/8aof.cif	THR	THR	OG1	CB	ok			115.3915606854659	LYS:203	LYS	CE	7.404498089920126	0.0	0.0	THR:181	THR	OG1	3.052497430895045	HOH:728	O	3.6458532177735106	3.0	24.0	hbond_like			exposed				0.0	0.0		unmodified	
P28482	8AOG	A	185	THR_mixed_with_TYR	1	2	1.603	THR	660		2	11-57,64-330,334-356	11-57,64-330,334-356	THR	/mnt/c/Users/drpat/OneDrive - UGent/Desktop/PD/Phospho-fill/Validation-allPDB/pdb_cache/8aog.cif	THR	THR	OG1	CB	ok			118.17198472678538	LYS:203	LYS	CE	7.298842009214764	0.0	0.0	THR:181	THR	OG1	3.0159354893341295	HOH:730	O	3.6607147309634476	3.0	24.0	hbond_like			exposed				0.0	0.0		unmodified	
P28482	8AOH	A	185	THR_mixed_with_TYR	1	2	1.6	THR	661		2	11-58,63-329,338-356	11-58,63-329,338-356	THR	/mnt/c/Users/drpat/OneDrive - UGent/Desktop/PD/Phospho-fill/Validation-allPDB/pdb_cache/8aoh.cif	THR	THR	OG1	CB	ok			120.11400868669428	LYS:203	LYS	CE	6.7315592879366815	0.0	0.0	THR:181	THR	OG1	2.9775530645773296	HOH:761	O	2.976050260427242	3.0	24.0	hbond_like			exposed				0.0	0.0		unmodified	
P28482	8AOI	A	185	THR_mixed_with_TYR	1	2	1.602	THR	662		2	11-356	11-356	THR	/mnt/c/Users/drpat/OneDrive - UGent/Desktop/PD/Phospho-fill/Validation-allPDB/pdb_cache/8aoi.cif	THR	THR	OG1	CB	ok			118.49319145108178	LYS:203	LYS	CE	6.647850289829295	0.0	0.0	THR:181	THR	OG1	2.99255552763623	HOH:663	O	3.6080472948004307	2.0	24.0	hbond_like			exposed				0.0	0.0		unmodified	
P28482	8AOJ	A	185	THR_mixed_with_TYR	1	2	1.12	THR	663		2	10-330,338-356	10-330,338-356	THR	/mnt/c/Users/drpat/OneDrive - UGent/Desktop/PD/Phospho-fill/Validation-allPDB/pdb_cache/8aoj.cif	THR	THR	OG1	CB	ok			115.32127082335886	LYS:203	LYS	CE	6.850387755404132	0.0	0.0	THR:181	THR	OG1	2.843312017190104	HOH:767	O	3.5925075388916325	3.0	24.0	hbond_like			exposed				0.0	0.0		unmodified	
Q9NZQ7	8AOK	A	127	THR_single	1	1	1.6	THR	1174		1	18-133	18-133	THR	/mnt/c/Users/drpat/OneDrive - UGent/Desktop/PD/Phospho-fill/Validation-allPDB/pdb_cache/8aok.cif	THR	THR	OG1	CB	ok			112.82949084389207	ARG:125	ARG	NH2	5.753028760471178	0.0	1.0	ARG:125	ARG	NH2	5.753028760471178	HOH:333	O	2.6840519613185996	1.0	19.0	water_mediated_like			intermediate				0.0	0.0		unmodified	
Q9NZQ7	8AOM	A	127	THR_single	1	1	2.202	THR	1175		1	19-215,218-235	19-215,218-235	THR	/mnt/c/Users/drpat/OneDrive - UGent/Desktop/PD/Phospho-fill/Validation-allPDB/pdb_cache/8aom.cif	THR	THR	OG1	CB	ok			121.5967834965773	LYS:129	LYS	NZ	6.7513569517456045	0.0	0.0	ASP:26	ASP	OD2	6.691227972591367	HOH:423	O	3.0993025150318547	1.0	19.0	water_mediated_like			intermediate				0.0	0.0		unmodified	
P49841	8AV1	A	277	THR_single	1	1	2.15	THR	877		3	27-119,124-381	27-119,124-381	THR	/mnt/c/Users/drpat/OneDrive - UGent/Desktop/PD/Phospho-fill/Validation-allPDB/pdb_cache/8av1.cif	THR	THR	OG1	CB	ok			-114.69792934221806					0.0	0.0	GLN:280	GLN	OE1	3.2559900756896023	HOH:527	O	7.222159151008422	0.0	24.0	hbond_like			buried	PTR:216	PTR	25.642258719845277	0.0	0.0		unmodified	
P0DTC2	8BE1	F	345	THR_single	1	1	1.98	THR	301		1	335-370,375-517,521-527	335-370,375-517,521-527	THR	/mnt/c/Users/drpat/OneDrive - UGent/Desktop/PD/Phospho-fill/Validation-allPDB/pdb_cache/8be1.cif	THR	THR	OG1	CB	ok			127.00747211391234	ARG:509	ARG	NH1	7.128396491941709	0.0	0.0	ARG:509	ARG	NH1	7.128396491941709				0.0	9.0	none_obvious			intermediate				0.0	0.0		unmodified	
P0DTC2	8BEC	B	345	THR_single	1	1	1.7	THR	302		1	334-527	334-527	THR	/mnt/c/Users/drpat/OneDrive - UGent/Desktop/PD/Phospho-fill/Validation-allPDB/pdb_cache/8bec.cif	THR	THR	OG1	CB	ok			111.87886412885476	ARG:346	ARG	NH1	5.501103583000842	0.0	1.0	ARG:346	ARG	NH1	5.501103583000842	HOH:698	O	3.873080956095848	1.0	9.0	none_obvious			intermediate				0.0	0.0		unmodified	
P0DTC2	8BG2	B	345	THR_single	1	1	2.1	THR	303		1	335-527	335-527	THR	/mnt/c/Users/drpat/OneDrive - UGent/Desktop/PD/Phospho-fill/Validation-allPDB/pdb_cache/8bg2.cif	THR	THR	OG1	CB	ok			117.65807599937781	ARG:346	ARG	NH2	6.274927889596629	0.0	0.0	ARG:346	ARG	NH2	6.274927889596629	HOH:1110	O	5.140982231587578	0.0	9.0	none_obvious			intermediate				0.0	0.0		unmodified	
P0DTC2	8BG4	B	345	THR_single	1	1	1.6	THR	304		1	334-527	334-527	THR	/mnt/c/Users/drpat/OneDrive - UGent/Desktop/PD/Phospho-fill/Validation-allPDB/pdb_cache/8bg4.cif	THR	THR	OG1	CB	ok			129.91861569981842	ARG:509	ARG	NH1	7.116660785270243	0.0	0.0	ARG:509	ARG	NH1	7.116660785270243	HOH:1198	O	2.898332257795563	1.0	9.0	water_mediated_like			intermediate				0.0	0.0		unmodified	
P0DTC2	8BG5	B	345	THR_single	1	1	2.05	THR	305		1	334-527	334-527	THR	/mnt/c/Users/drpat/OneDrive - UGent/Desktop/PD/Phospho-fill/Validation-allPDB/pdb_cache/8bg5.cif	THR	THR	OG1	CB	ok			126.23443016120277	ARG:509	ARG	NH1	7.054102525336836	0.0	0.0	ARG:509	ARG	NH1	7.054102525336836	HOH:1125	O	5.7110662439173	0.0	9.0	none_obvious			intermediate				0.0	0.0		unmodified	
P54646	8BIK	A	172	THR_single	1	1	2.5	THR	896		1	8-346,363-376,398-473,530-551	8-346,363-376,398-473,530-551	THR	/mnt/c/Users/drpat/OneDrive - UGent/Desktop/PD/Phospho-fill/Validation-allPDB/pdb_cache/8bik.cif	THR	THR	OG1	CB	ok			146.6135236963279	ARG:138	ARG	NH1	3.497193877169558	1.0	2.0	ARG:138	ARG	NH1	3.497193877169558	HOH:1122	O	2.7009345549587835	1.0	19.0	salt_bridge_like			intermediate				0.0	0.0		unmodified	
P0DTC2	8BSE	A	345	THR_single	1	1	1.9	THR	306		1	335-371,373-517,520-527	335-371,373-517,520-527	THR	/mnt/c/Users/drpat/OneDrive - UGent/Desktop/PD/Phospho-fill/Validation-allPDB/pdb_cache/8bse.cif	THR	THR	OG1	CB	ok			125.36891683462537	ARG:509	ARG	NH1	6.884757871993874	0.0	0.0	ARG:509	ARG	NH1	6.884757871993874	HOH:798	O	3.5331299278950534	1.0	9.0	none_obvious			intermediate				0.0	0.0		unmodified	
P0DTC2	8BSF	A	345	THR_single	1	1	2.2	THR	307		1	336-366,372-384,390-483,487-517,524-526	336-366,372-384,390-483,487-517,524-526	THR	/mnt/c/Users/drpat/OneDrive - UGent/Desktop/PD/Phospho-fill/Validation-allPDB/pdb_cache/8bsf.cif	THR	THR	OG1	CB	ok			-96.78025654229054	ARG:346	ARG	NE	5.501805704762584	0.0	1.0	ARG:346	ARG	NE	5.501805704762584	HOH:704	O	4.963287044228082	0.0	11.0	none_obvious			intermediate				0.0	0.0		unmodified	
O14965	8C14	A	287	THR_single	1	1	1.93	THR	70		2	126-389	126-389	THR	/mnt/c/Users/drpat/OneDrive - UGent/Desktop/PD/Phospho-fill/Validation-allPDB/pdb_cache/8c14.cif	THR	THR	OG1	CB	ok			-93.57830736732484	ARG:255	ARG	CZ	5.994709762302724	0.0	1.0	TRP:277	TRP	NE1	4.90478725758447	HOH:518	O	2.8833041467126708	2.0	30.0	water_mediated_like			exposed	TPO:288	TPO	6.434768579309411	1.0	1.0	TPO:288@6.43	unmodified	
O14965	8C1D	A	287	THR_single	1	1	2.115	THR	71		2	127-287,291-388	127-287,291-388	THR	/mnt/c/Users/drpat/OneDrive - UGent/Desktop/PD/Phospho-fill/Validation-allPDB/pdb_cache/8c1d.cif	THR				missing_anchor_or_base																														
O14965	8C1K	A	287	THR_only_multi_2	2	2	2.43	THR	72		2	127-388	127-388	THR,THR	/mnt/c/Users/drpat/OneDrive - UGent/Desktop/PD/Phospho-fill/Validation-allPDB/pdb_cache/8c1k.cif	THR	THR	OG1	CB	ok			-111.61474144296636	ARG:255	ARG	NH2	6.266711306790754	0.0	0.0	TRP:277	TRP	NE1	5.726391031838411				0.0	27.0	none_obvious			buried				0.0	0.0		unmodified	
O14965	8C1K	A	288	THR_only_multi_2	2	2	2.43	THR	72		2	127-388	127-388	THR,THR	/mnt/c/Users/drpat/OneDrive - UGent/Desktop/PD/Phospho-fill/Validation-allPDB/pdb_cache/8c1k.cif	THR	THR	OG1	CB	ok			11.991619847366445					0.0	0.0	TRP:277	TRP	NE1	6.675281566791792				0.0	13.0	none_obvious			intermediate				0.0	0.0		unmodified	
P0DTC2	8CWI	A	345	THR_single	1	1	1.873	THR	308		1	334-528	334-528	THR	/mnt/c/Users/drpat/OneDrive - UGent/Desktop/PD/Phospho-fill/Validation-allPDB/pdb_cache/8cwi.cif	THR	THR	OG1	CB	ok			-124.58578407218674	ARG:346	ARG	NE	6.585522275119644	0.0	0.0	ARG:346	ARG	NE	6.585522275119644	HOH:754	O	2.7157912337565375	1.0	11.0	water_mediated_like			intermediate				0.0	0.0		unmodified	
P0DTC2	8CWU	A	345	THR_single	1	1	1.71	THR	309		1	334-528	334-528	THR	/mnt/c/Users/drpat/OneDrive - UGent/Desktop/PD/Phospho-fill/Validation-allPDB/pdb_cache/8cwu.cif	THR	THR	OG1	CB	ok			122.92475695301157	ARG:509	ARG	NH1	6.914911375405488	0.0	0.0	ARG:509	ARG	NH1	6.914911375405488	HOH:632	O	2.678602352010582	1.0	10.0	water_mediated_like			intermediate				0.0	0.0		unmodified	
P0DTC2	8CXQ	A	345	THR_single	1	1	2.3	THR	310		1	15-676,689-827,849-1147	15-676,689-827,849-1147	THR	/mnt/c/Users/drpat/OneDrive - UGent/Desktop/PD/Phospho-fill/Validation-allPDB/pdb_cache/8cxq.cif	THR	THR	OG1	CB	ok			-121.12369408375098	ARG:346	ARG	NE	6.133214618949094	0.0	0.0	ARG:346	ARG	NE	6.133214618949094				0.0	11.0	none_obvious			intermediate				0.0	0.0		unmodified	
Q99640	8D6C	B	260	THR_single	1	1	2.2	THR	1108		1	77-91,94-260,264-360	77-91,94-260,264-360	THR	/mnt/c/Users/drpat/OneDrive - UGent/Desktop/PD/Phospho-fill/Validation-allPDB/pdb_cache/8d6c.cif	THR	THR	OG1	CB	ok			-125.7159188602168					0.0	0.0								0.0	4.0	none_obvious			intermediate				0.0	0.0		unmodified	
Q99640	8D6E	A	260	THR_single	1	1	2.15	THR	1109		1	77-90,95-361	77-90,95-261,265-361	THR	/mnt/c/Users/drpat/OneDrive - UGent/Desktop/PD/Phospho-fill/Validation-allPDB/pdb_cache/8d6e.cif	THR	THR	OG1	CB	ok			133.7670159993249	LYS:163	LYS	NZ	6.284347373188995	0.0	0.0	LYS:163	LYS	NZ	6.284347373188995				0.0	15.0	none_obvious			intermediate				0.0	0.0		unmodified	
P48730	8D7M	A	220	THR_single	1	1	2.25	THR	801		2	2-290	2-290	THR	/mnt/c/Users/drpat/OneDrive - UGent/Desktop/PD/Phospho-fill/Validation-allPDB/pdb_cache/8d7m.cif	THR	THR	OG1	CB	ok			18.079842012920945	ARG:222	ARG	NE	7.738273299897286	0.0	0.0	GLN:223	GLN	NE2	5.926027227595569				0.0	14.0	none_obvious			intermediate				0.0	0.0		unmodified	
P48730	8D7N	A	220	THR_single	1	1	1.66	THR	802		2	2-290	2-290	THR	/mnt/c/Users/drpat/OneDrive - UGent/Desktop/PD/Phospho-fill/Validation-allPDB/pdb_cache/8d7n.cif	THR	THR	OG1	CB	ok			147.65301140694692	ARG:222	ARG	NH1	5.708341743685083	0.0	1.0	ARG:222	ARG	NH1	5.708341743685083				0.0	22.0	none_obvious			intermediate				0.0	0.0		unmodified	
P48730	8D7O	A	220	THR_single	1	1	1.65	THR	803		2	2-290	2-290	THR	/mnt/c/Users/drpat/OneDrive - UGent/Desktop/PD/Phospho-fill/Validation-allPDB/pdb_cache/8d7o.cif	THR	THR	OG1	CB	ok			142.62081369233073	LYS:221	LYS	CE	5.547854136858464	0.0	1.0	GLN:223	GLN	OE1	4.815739512759053				0.0	21.0	none_obvious			intermediate				0.0	0.0		unmodified	
P48730	8D7P	A	220	THR_single	1	1	2.25	THR	804		2	2-290	2-290	THR	/mnt/c/Users/drpat/OneDrive - UGent/Desktop/PD/Phospho-fill/Validation-allPDB/pdb_cache/8d7p.cif	THR	THR	OG1	CB	ok			144.461933213596					0.0	0.0	GLN:223	GLN	OE1	3.1890470481627577	HOH:538	O	7.539290686326096	0.0	15.0	hbond_like			intermediate				0.0	0.0		unmodified	
P49841	8DJC	B	277	THR_mixed_with_TYR	1	2	2.463	THR	878		3	35-119,123-284,301-385	35-119,123-284,301-385	THR	/mnt/c/Users/drpat/OneDrive - UGent/Desktop/PD/Phospho-fill/Validation-allPDB/pdb_cache/8djc.cif	THR	THR	OG1	CB	ok			-96.88260204655252					0.0	0.0	GLN:280	GLN	OE1	3.897573733139456	HOH:613	O	5.581571344510398	0.0	23.0	none_obvious			intermediate				0.0	0.0		unmodified	
P49841	8DJD	B	277	THR_mixed_with_TYR	1	2	2.205	THR	879		3	36-119,123-285,291-384	36-119,123-285,291-384	THR	/mnt/c/Users/drpat/OneDrive - UGent/Desktop/PD/Phospho-fill/Validation-allPDB/pdb_cache/8djd.cif	THR	THR	OG1	CB	ok			-115.15327459223329					0.0	0.0	GLN:280	GLN	OE1	3.4822304140047815				0.0	23.0	hbond_like			intermediate				0.0	0.0		unmodified	
P49841	8DJE	A	277	THR_mixed_with_TYR	1	2	2.374	THR	880		3	36-289,291-297,299-384	36-289,291-297,299-384	THR	/mnt/c/Users/drpat/OneDrive - UGent/Desktop/PD/Phospho-fill/Validation-allPDB/pdb_cache/8dje.cif	THR	THR	OG1	CB	ok			-105.08327716709555					0.0	0.0	GLN:280	GLN	OE1	3.4801712331108203	HOH:647	O	7.728191197129407	0.0	23.0	hbond_like			intermediate				0.0	0.0		unmodified	
P0DTC2	8DLO	A	345	THR_single	1	1	2.25	THR	311		1	14-69,77-145,153-176,185-247,257-620,641-675,691-827,856-1147	14-69,77-145,153-176,185-247,257-620,641-675,691-827,856-1147	THR	/mnt/c/Users/drpat/OneDrive - UGent/Desktop/PD/Phospho-fill/Validation-allPDB/pdb_cache/8dlo.cif	THR	THR	OG1	CB	ok			121.71560853483882	ARG:346	ARG	NE	6.96932455461615	0.0	0.0	ARG:346	ARG	NE	6.96932455461615				0.0	9.0	none_obvious			intermediate				0.0	0.0		unmodified	
P0DTC2	8DLT	A	345	THR_single	1	1	2.4	THR	312		1	14-69,77-145,153-176,185-247,257-620,641-675,691-827,856-1147	14-69,77-145,153-176,185-247,257-620,641-675,691-827,856-1147	THR	/mnt/c/Users/drpat/OneDrive - UGent/Desktop/PD/Phospho-fill/Validation-allPDB/pdb_cache/8dlt.cif	THR	THR	OG1	CB	ok			110.36999024759452	ARG:346	ARG	NE	6.715769102770951	0.0	0.0	ARG:346	ARG	NE	6.715769102770951				0.0	6.0	none_obvious			intermediate				0.0	0.0		unmodified	
P0DTC2	8DLW	A	345	THR_single	1	1	2.16	THR	313		1	15-66,78-143,152-175,185-243,258-621,641-675,690-826,849-1140	15-66,78-143,152-175,185-243,258-621,641-675,690-826,849-1140	THR	/mnt/c/Users/drpat/OneDrive - UGent/Desktop/PD/Phospho-fill/Validation-allPDB/pdb_cache/8dlw.cif	THR	THR	OG1	CB	ok			120.43146072736366	ARG:509	ARG	NH1	7.15395547344878	0.0	0.0	ARG:509	ARG	NH1	7.15395547344878				0.0	10.0	none_obvious			intermediate				0.0	0.0		unmodified	
P0DTC2	8DLX	C	345	THR_single	1	1	2.45	THR	314		1	14-69,77-145,153-176,185-247,257-620,641-675,691-827,856-1147	14-69,77-145,153-176,185-247,257-620,641-675,691-827,856-1147	THR	/mnt/c/Users/drpat/OneDrive - UGent/Desktop/PD/Phospho-fill/Validation-allPDB/pdb_cache/8dlx.cif	THR	THR	OG1	CB	ok			-117.51244661785005	ARG:346	ARG	NE	5.519294864728232	0.0	1.0	ARG:346	ARG	NE	5.519294864728232				0.0	12.0	none_obvious			intermediate				0.0	0.0		unmodified	
P0DTC2	8DM3	A	345	THR_single	1	1	2.37	THR	315		1	14-23,27-71,78-178,187-249,256-620,641-675,691-827,848-1147	14-23,27-71,78-178,187-249,256-620,641-675,691-827,848-1147	THR	/mnt/c/Users/drpat/OneDrive - UGent/Desktop/PD/Phospho-fill/Validation-allPDB/pdb_cache/8dm3.cif	THR	THR	OG1	CB	ok			-130.0523763439585	ARG:509	ARG	NH2	6.283553038914553	0.0	0.0	ARG:509	ARG	NH2	6.283553038914553				0.0	12.0	none_obvious			intermediate				0.0	0.0		unmodified	
P0DTC2	8DM7	A	345	THR_single	1	1	2.49	THR	316		1	14-23,27-71,78-144,153-178,187-249,256-620,641-675,691-827,848-1147	14-23,27-71,78-144,153-178,187-249,256-620,641-675,691-827,848-1147	THR	/mnt/c/Users/drpat/OneDrive - UGent/Desktop/PD/Phospho-fill/Validation-allPDB/pdb_cache/8dm7.cif	THR	THR	OG1	CB	ok			5.24166325189787	ARG:509	ARG	NH2	5.9854451531974	0.0	1.0	ARG:509	ARG	NH2	5.9854451531974				0.0	6.0	none_obvious			intermediate				0.0	0.0		unmodified	
P0DTC2	8ELQ	A	345	THR_single	1	1	2.21	THR	317		1	334-527	334-527	THR	/mnt/c/Users/drpat/OneDrive - UGent/Desktop/PD/Phospho-fill/Validation-allPDB/pdb_cache/8elq.cif	THR	THR	OG1	CB	ok			116.30337207292739	ARG:509	ARG	NH1	6.871800968628293	0.0	0.0	ARG:509	ARG	NH1	6.871800968628293				0.0	9.0	none_obvious			intermediate				0.0	0.0		unmodified	
P24941	8ERD	A	160	THR_mixed_with_TYR	1	3	1.33	THR	555		3	1-37,47-298	1-37,47-298	THR	/mnt/c/Users/drpat/OneDrive - UGent/Desktop/PD/Phospho-fill/Validation-allPDB/pdb_cache/8erd.cif	THR	THR	OG1	CB	ok			-111.94324855607526	LYS:9	LYS	NZ	5.6276462524290425	0.0	1.0	GLU:12	GLU	OE2	3.0025111454995432	HOH:596	O	7.537043799271852	0.0	29.0	hbond_like			buried				0.0	0.0		unmodified	
P24941	8ERN	A	160	THR_mixed_with_TYR	1	3	1.64	THR	556		3	1-37,47-296	1-37,47-296	THR	/mnt/c/Users/drpat/OneDrive - UGent/Desktop/PD/Phospho-fill/Validation-allPDB/pdb_cache/8ern.cif	THR	THR	OG1	CB	ok			-114.41513408499317	HIS:161	HIS	ND1	5.905655508836361	0.0	1.0	THR:158	THR	OG1	2.81283615053779	HOH:526	O	7.0541005459887725	0.0	39.0	hbond_like			buried				0.0	0.0		unmodified	
P49841	8FF8	A	277	THR_mixed_with_TYR	1	2	2.33	THR	881		3	36-382	36-382	THR	/mnt/c/Users/drpat/OneDrive - UGent/Desktop/PD/Phospho-fill/Validation-allPDB/pdb_cache/8ff8.cif	THR	THR	OG1	CB	ok			-108.81514100606161					0.0	0.0	GLN:280	GLN	OE1	3.531572726660653	HOH:693	O	2.992944014329532	1.0	25.0	water_mediated_like			buried				0.0	0.0		unmodified	
P24941	8FP5	A	160	THR_mixed_with_TYR	1	3	1.7	THR	557		3	2-36,46-298	2-36,46-298	THR	/mnt/c/Users/drpat/OneDrive - UGent/Desktop/PD/Phospho-fill/Validation-allPDB/pdb_cache/8fp5.cif	THR	THR	OG1	CB	ok			-131.53664243212265	HIS:161	HIS	CD2	5.548530906140224	0.0	1.0	GLU:12	GLU	OE1	2.6335855375224946				0.0	35.0	hbond_like			buried				0.0	0.0		unmodified	
P0DTC2	8G71	B	345	THR_single	1	1	2.1	THR	318		1	14-180,184-620,641-676,689-827,854-1147	14-180,184-620,641-676,689-827,854-1147	THR	/mnt/c/Users/drpat/OneDrive - UGent/Desktop/PD/Phospho-fill/Validation-allPDB/pdb_cache/8g71.cif	THR	THR	OG1	CB	ok			-142.7316863032077	ARG:346	ARG	NE	5.471662874560216	0.0	1.0	ARG:346	ARG	NE	5.471662874560216				0.0	13.0	none_obvious			intermediate				0.0	0.0		unmodified	
P0DTC2	8G73	B	345	THR_single	1	1	2.5	THR	319		1	14-180,184-620,641-676,690-827,855-1147	14-180,184-620,641-676,690-827,855-1147	THR	/mnt/c/Users/drpat/OneDrive - UGent/Desktop/PD/Phospho-fill/Validation-allPDB/pdb_cache/8g73.cif	THR	THR	OG1	CB	ok			-119.49472590297627	ARG:346	ARG	NE	5.171078152320735	0.0	1.0	ARG:346	ARG	NE	5.171078152320735				0.0	12.0	none_obvious			intermediate				0.0	0.0		unmodified	
P0DTC2	8G74	B	345	THR_single	1	1	2.5	THR	320		1	14-180,184-620,641-676,690-827,855-1147	14-180,184-620,641-676,690-827,855-1147	THR	/mnt/c/Users/drpat/OneDrive - UGent/Desktop/PD/Phospho-fill/Validation-allPDB/pdb_cache/8g74.cif	THR	THR	OG1	CB	ok			-119.51964238055032	ARG:346	ARG	NE	5.236983014704268	0.0	1.0	ARG:346	ARG	NE	5.236983014704268				0.0	12.0	none_obvious			intermediate				0.0	0.0		unmodified	
P0DTC2	8GB6	A	345	THR_single	1	1	1.75	THR	321		1	333-527	333-527	THR	/mnt/c/Users/drpat/OneDrive - UGent/Desktop/PD/Phospho-fill/Validation-allPDB/pdb_cache/8gb6.cif	THR	THR	OG1	CB	ok			118.8571803481643	ARG:509	ARG	NH1	6.934524215990615	0.0	0.0	ARG:509	ARG	NH1	6.934524215990615	HOH:732	O	2.6999927093610387	2.0	9.0	water_mediated_like			exposed				0.0	0.0		unmodified	
O43318	8GW3	A	187	THR_mixed_with_SER	1	2	2.05	THR	89		2	27-303	27-303	THR	/mnt/c/Users/drpat/OneDrive - UGent/Desktop/PD/Phospho-fill/Validation-allPDB/pdb_cache/8gw3.cif	THR	THR	OG1	CB	ok			47.85337988793852					0.0	0.0	THR:184	THR	OG1	7.843023877873516				0.0	13.0	none_obvious			intermediate				0.0	0.0		unmodified	
P0DTC2	8GZ5	A	345	THR_single	1	1	1.7	THR	322		1	334-528	334-528	THR	/mnt/c/Users/drpat/OneDrive - UGent/Desktop/PD/Phospho-fill/Validation-allPDB/pdb_cache/8gz5.cif	THR	THR	OG1	CB	ok			120.40991279963617	ARG:346	ARG	NH2	5.603321532074404	0.0	1.0	ARG:346	ARG	NH2	5.603321532074404	HOH:915	O	3.6649237988578243	1.0	12.0	none_obvious			intermediate				0.0	0.0		unmodified	
P0DTC2	8H3M	A	345	THR_single	1	1	2.48	THR	323		1	27-67,81-130,167-173,187-209,216-242,264-368,375-404,429-442,494-676,690-828,848-1138	27-67,81-130,167-173,187-208,216-242,264-368,375-404,429-442,494-676,690-828,848-1138	THR	/mnt/c/Users/drpat/OneDrive - UGent/Desktop/PD/Phospho-fill/Validation-allPDB/pdb_cache/8h3m.cif	THR	THR	OG1	CB	ok			127.18436735826228	ARG:509	ARG	NH2	6.866923985318477	0.0	0.0	ARG:509	ARG	NH2	6.866923985318477				0.0	9.0	none_obvious			intermediate				0.0	0.0		unmodified	
P0DTC2	8H5T	A	345	THR_single	1	1	2.0	THR	324		1	335-498,502-518,523-527	335-498,502-518,523-527	THR	/mnt/c/Users/drpat/OneDrive - UGent/Desktop/PD/Phospho-fill/Validation-allPDB/pdb_cache/8h5t.cif	THR	THR	OG1	CB	ok			-69.99127613437955	ARG:346	ARG	NE	5.803219837051749	0.0	1.0	TYR:449	TYR	OH	4.130541171384043	HOH:751	O	4.002974347649664	0.0	15.0	none_obvious			intermediate				0.0	0.0		unmodified	
P0DTC2	8H5U	C	345	THR_single	1	1	2.401	THR	325		1	334-532	334-532	THR	/mnt/c/Users/drpat/OneDrive - UGent/Desktop/PD/Phospho-fill/Validation-allPDB/pdb_cache/8h5u.cif	THR	THR	OG1	CB	ok			-104.29332401589066	ARG:346	ARG	NE	5.211128931656758	0.0	1.0	ARG:346	ARG	NE	5.211128931656758	HOH:753	O	3.083944203297842	2.0	13.0	water_mediated_like			exposed				0.0	0.0		unmodified	
P0DTC2	8H7L	A	345	THR_single	1	1	2.44	THR	326		1	18-23,27-70,81-144,153-174,187-245,263-621,640-676,689-826,855-1143	18-23,27-70,81-143,153-174,187-245,263-621,640-676,689-826,855-1143	THR	/mnt/c/Users/drpat/OneDrive - UGent/Desktop/PD/Phospho-fill/Validation-allPDB/pdb_cache/8h7l.cif	THR	THR	OG1	CB	ok			124.96707076741151					0.0	0.0								0.0	6.0	none_obvious			intermediate				0.0	0.0		unmodified	
Q9SRQ7	8HAV	A	158	THR_single	1	1	2.1	THR	1183		1	12-258,264-415	12-258,264-415	THR	/mnt/c/Users/drpat/OneDrive - UGent/Desktop/PD/Phospho-fill/Validation-allPDB/pdb_cache/8hav.cif	THR	THR	OG1	CB	ok			111.31354787298501	HIS:79	HIS	NE2	4.20999058464404	0.0	2.0	GLU:300	GLU	OE2	3.160662847198739	HOH:620	O	2.600745904302432	1.0	33.0	hbond_like			buried				0.0	0.0		unmodified	
P0DTC2	8HN6	F	345	THR_single	1	1	2.07	THR	327		1	333-527	333-527	THR	/mnt/c/Users/drpat/OneDrive - UGent/Desktop/PD/Phospho-fill/Validation-allPDB/pdb_cache/8hn6.cif	THR	THR	OG1	CB	ok			116.63888271429369	ARG:509	ARG	NH1	6.828323897382331	0.0	0.0	ASN:343	ASN	OD1	6.0871676805457495	HOH:645	O	3.154285587743477	1.0	9.0	water_mediated_like			intermediate				0.0	0.0		unmodified	
P0DTC2	8HR2	A	345	THR_single	1	1	1.94	THR	328		1	333-517	333-517	THR	/mnt/c/Users/drpat/OneDrive - UGent/Desktop/PD/Phospho-fill/Validation-allPDB/pdb_cache/8hr2.cif	THR	THR	OG1	CB	ok			-120.65175230646106	ARG:346	ARG	NH1	2.1972843776532227	1.0	1.0	ARG:346	ARG	NH1	2.1972843776532227	HOH:626	O	7.518381235580509	0.0	16.0	salt_bridge_like			intermediate				0.0	0.0		unmodified	
P0DTC2	8HWS	A	345	THR_single	1	1	2.36	THR	329		1	333-528	333-528	THR	/mnt/c/Users/drpat/OneDrive - UGent/Desktop/PD/Phospho-fill/Validation-allPDB/pdb_cache/8hws.cif	THR	THR	OG1	CB	ok			145.14161111596704	ARG:346	ARG	NE	6.207124642554932	0.0	0.0	ARG:346	ARG	NE	6.207124642554932				0.0	10.0	none_obvious			intermediate				0.0	0.0		unmodified	
P0DTC2	8I5H	A	345	THR_single	1	1	2.38	THR	330		1	334-527	334-527	THR	/mnt/c/Users/drpat/OneDrive - UGent/Desktop/PD/Phospho-fill/Validation-allPDB/pdb_cache/8i5h.cif	THR	THR	OG1	CB	ok			-122.49163944467806	ARG:346	ARG	NH1	3.0244038931356476	1.0	1.0	ARG:346	ARG	NH1	3.0244038931356476				0.0	15.0	salt_bridge_like			intermediate				0.0	0.0		unmodified	
P0DTC2	8IOS	A	345	THR_single	1	1	2.5	THR	331		1	16-23,27-69,80-143,154-177,187-246,258-620,628-677,689-1139	16-23,27-69,80-143,154-177,187-246,258-620,628-677,689-1139	THR	/mnt/c/Users/drpat/OneDrive - UGent/Desktop/PD/Phospho-fill/Validation-allPDB/pdb_cache/8ios.cif	THR	THR	OG1	CB	ok			6.5477507730095255	ARG:509	ARG	NH2	5.661995218248132	0.0	1.0	THR:346	THR	OG1	4.711729234173568				0.0	9.0	none_obvious			intermediate				0.0	0.0		unmodified	
P48730	8IZC	B	220	THR_single	1	1	1.45	THR	805		2	5-294	5-294	THR	/mnt/c/Users/drpat/OneDrive - UGent/Desktop/PD/Phospho-fill/Validation-allPDB/pdb_cache/8izc.cif	THR	THR	OG1	CB	ok			-115.1039495624336	ARG:222	ARG	NH1	2.778687528287704	1.0	1.0	ARG:222	ARG	NH1	2.778687528287704	HOH:575	O	3.857412336887678	1.0	32.0	salt_bridge_like			buried				0.0	0.0		unmodified	
Q9NZQ7	8K5N	A	127	THR_single	1	1	2.2	THR	1176		1	18-133	18-133	THR	/mnt/c/Users/drpat/OneDrive - UGent/Desktop/PD/Phospho-fill/Validation-allPDB/pdb_cache/8k5n.cif	THR	THR	OG1	CB	ok			105.71494893340851	ARG:125	ARG	NE	6.801897712188036	0.0	0.0	ARG:125	ARG	NE	6.801897712188036	HOH:206	O	2.5582474051979402	1.0	20.0	water_mediated_like			intermediate				0.0	0.0		unmodified	
O14965	8OF5	A	287	THR_only_multi_2	2	2	1.97	THR	73		2	126-390	126-390	THR,THR	/mnt/c/Users/drpat/OneDrive - UGent/Desktop/PD/Phospho-fill/Validation-allPDB/pdb_cache/8of5.cif	THR	THR	OG1	CB	ok			117.1030638937989	ARG:286	ARG	NE	7.55910028620666	0.0	0.0	SER:284	SER	OG	3.1393175809264724	HOH:734	O	4.071143170530634	0.0	31.0	hbond_like			buried				0.0	0.0		unmodified	
O14965	8OF5	A	288	THR_only_multi_2	2	2	1.97	THR	73		2	126-390	126-390	THR,THR	/mnt/c/Users/drpat/OneDrive - UGent/Desktop/PD/Phospho-fill/Validation-allPDB/pdb_cache/8of5.cif	THR	THR	OG1	CB	ok			128.17179582069056	ARG:285	ARG	NH1	5.911615258470457	0.0	1.0	ARG:285	ARG	NH1	5.911615258470457	HOH:691	O	2.903325451444502	1.0	29.0	water_mediated_like			buried				0.0	0.0		unmodified	
P15531	8OOV	A	94	THR_single	1	1	1.7	THR	372		1	1-152	1-152	THR	/mnt/c/Users/drpat/OneDrive - UGent/Desktop/PD/Phospho-fill/Validation-allPDB/pdb_cache/8oov.cif	THR	THR	OG1	CB	ok			124.55049998045736	ARG:88	ARG	NH2	3.651636059694386	1.0	2.0	ARG:88	ARG	NH2	3.651636059694386	HOH:353	O	2.802418160031688	3.0	34.0	water_mediated_like			exposed				0.0	0.0		unmodified	
P0DTC2	8OWW	A	345	THR_single	1	1	1.969	THR	332		1	331-528	331-528	THR	/mnt/c/Users/drpat/OneDrive - UGent/Desktop/PD/Phospho-fill/Validation-allPDB/pdb_cache/8oww.cif	THR	THR	OG1	CB	ok			-162.51637248199873	ARG:346	ARG	NE	6.52762748614943	0.0	0.0	ARG:346	ARG	NE	6.52762748614943	HOH:715	O	2.9999658664084197	1.0	11.0	water_mediated_like			intermediate				0.0	0.0		unmodified	
P49759	8P08	A	342	THR_mixed_with_SER	1	2	2.4	THR	835		2	148-481	148-481	THR	/mnt/c/Users/drpat/OneDrive - UGent/Desktop/PD/Phospho-fill/Validation-allPDB/pdb_cache/8p08.cif	THR	THR	OG1	CB	ok			66.46244629392538	LYS:290	LYS	NZ	7.015308364926075	0.0	0.0	ASP:288	ASP	OD1	4.269232059777451	HOH:620	O	2.744793418899326	1.0	33.0	water_mediated_like			buried				0.0	0.0		unmodified	
P28482	8PSR	A	185	THR_mixed_with_TYR	1	2	1.85	THR	664		2	1-177,182-358	1-177,182-358	THR	/mnt/c/Users/drpat/OneDrive - UGent/Desktop/PD/Phospho-fill/Validation-allPDB/pdb_cache/8psr.cif	THR	THR	OG1	CB	ok			-116.64505873014078	ARG:194	ARG	NH1	7.799237506149816	0.0	0.0	GLU:186	GLU	OE1	4.656094871607408	HOH:679	O	5.985162997476185	0.0	21.0	none_obvious			intermediate				0.0	0.0		unmodified	
P28482	8PT0	A	185	THR_mixed_with_TYR	1	2	1.65	THR	665		2	11-358	11-358	THR	/mnt/c/Users/drpat/OneDrive - UGent/Desktop/PD/Phospho-fill/Validation-allPDB/pdb_cache/8pt0.cif	THR	THR	OG1	CB	ok			-125.96996895673162	ARG:172	ARG	NH2	5.23174163402335	0.0	1.0	TYR:187	TYR	OH	4.650648013531053	HOH:598	O	3.9675850940456425	1.0	23.0	none_obvious			intermediate				0.0	0.0		unmodified	
P28482	8PT1	A	185	THR_mixed_with_TYR	1	2	1.8	THR	666		2	11-359	11-359	THR	/mnt/c/Users/drpat/OneDrive - UGent/Desktop/PD/Phospho-fill/Validation-allPDB/pdb_cache/8pt1.cif	THR	THR	OG1	CB	ok			-116.5217384245623	ARG:172	ARG	NH2	6.173315911330705	0.0	0.0	TYR:187	TYR	OH	4.5930880105212415	HOH:650	O	3.852732096135883	1.0	21.0	none_obvious			intermediate				0.0	0.0		unmodified	
P28482	8PT3	A	185	THR_mixed_with_TYR	1	2	1.8	THR	667		2	10-176,183-359	10-176,183-359	THR	/mnt/c/Users/drpat/OneDrive - UGent/Desktop/PD/Phospho-fill/Validation-allPDB/pdb_cache/8pt3.cif	THR	THR	OG1	CB	ok			141.02153543293701					0.0	0.0	ASP:337	ASP	OD2	5.471759335975548	HOH:553	O	4.9917793235806265	0.0	8.0	none_obvious			intermediate				0.0	0.0		unmodified	
P28482	8PT5	A	185	THR_mixed_with_TYR	1	2	1.95	THR	668		2	10-174,185-330,334-358	10-174,185-330,334-358	THR	/mnt/c/Users/drpat/OneDrive - UGent/Desktop/PD/Phospho-fill/Validation-allPDB/pdb_cache/8pt5.cif	THR	THR	OG1	CB	ok			-127.37088047673292	ARG:194	ARG	NH2	3.5421502113891195	1.0	1.0	ARG:194	ARG	NH2	3.5421502113891195				0.0	13.0	none_obvious			intermediate				0.0	0.0		unmodified	
P0DTC2	8Q94	A	345	THR_single	1	1	2.5	THR	333		1	336-362,371-517	336-362,371-517	THR	/mnt/c/Users/drpat/OneDrive - UGent/Desktop/PD/Phospho-fill/Validation-allPDB/pdb_cache/8q94.cif	THR	THR	OG1	CB	ok			121.55417681192115	ARG:509	ARG	NH1	7.24075488159574	0.0	0.0	ARG:509	ARG	NH1	7.24075488159574				0.0	9.0	none_obvious			intermediate				0.0	0.0		unmodified	
P0DTC2	8Q95	A	345	THR_single	1	1	1.6	THR	334		1	334-517	334-517	THR	/mnt/c/Users/drpat/OneDrive - UGent/Desktop/PD/Phospho-fill/Validation-allPDB/pdb_cache/8q95.cif	THR	THR	OG1	CB	ok			120.98267784851618	ARG:346	ARG	NH1	4.750281463943324	0.0	1.0	ARG:346	ARG	NH1	4.750281463943324	HOH:725	O	3.3134811669456963	1.0	10.0	water_mediated_like			intermediate				0.0	0.0		unmodified	
P0DTC2	8QH0	A	345	THR_single	1	1	1.87	THR	335		1	333-526	333-526	THR	/mnt/c/Users/drpat/OneDrive - UGent/Desktop/PD/Phospho-fill/Validation-allPDB/pdb_cache/8qh0.cif	THR	THR	OG1	CB	ok			-117.83042175468482	ARG:346	ARG	NE	4.7116388894277295	0.0	1.0	ARG:346	ARG	NE	4.7116388894277295	HOH:780	O	3.1075169737077735	1.0	14.0	water_mediated_like			intermediate				0.0	0.0		unmodified	
Q9Y6E0	8QLQ	A	190	THR_single	1	1	1.64	THR	1184		1	26-72,75-301	26-72,75-301	THR	/mnt/c/Users/drpat/OneDrive - UGent/Desktop/PD/Phospho-fill/Validation-allPDB/pdb_cache/8qlq.cif	THR	THR	OG1	CB	ok			-117.34737248971585	ARG:188	ARG	NE	5.490320996386194	0.0	1.0	GLN:185	GLN	OE1	5.273420578198892	HOH:673	O	2.983352604477045	1.0	29.0	water_mediated_like			buried				0.0	0.0		unmodified	
P63086	8QR2	A	183	THR_mixed_with_TYR	1	2	1.64	THR	958		2	9-327,334-354	9-327,334-354	THR	/mnt/c/Users/drpat/OneDrive - UGent/Desktop/PD/Phospho-fill/Validation-allPDB/pdb_cache/8qr2.cif	THR	THR	OG1	CB	ok			116.76740760663512	LYS:201	LYS	CE	7.10601398692989	0.0	0.0	THR:179	THR	OG1	3.0678720760443556	HOH:596	O	3.6157913734650977	1.0	25.0	hbond_like			buried				0.0	0.0		unmodified	
P63086	8QR3	A	183	THR_mixed_with_TYR	1	2	1.65	THR	959		2	9-354	9-354	THR	/mnt/c/Users/drpat/OneDrive - UGent/Desktop/PD/Phospho-fill/Validation-allPDB/pdb_cache/8qr3.cif	THR	THR	OG1	CB	ok			-124.45374563178169	LYS:201	LYS	CE	7.4899292984390025	0.0	0.0	THR:179	THR	OG1	3.689421085582651	HOH:507	O	2.8540730652564386	3.0	27.0	water_mediated_like			exposed				0.0	0.0		unmodified	
P63086	8QR4	A	183	THR_mixed_with_TYR	1	2	1.92	THR	960		2	9-330,337-354	9-330,337-354	THR	/mnt/c/Users/drpat/OneDrive - UGent/Desktop/PD/Phospho-fill/Validation-allPDB/pdb_cache/8qr4.cif	THR	THR	OG1	CB	ok			-106.78078419082985	LYS:201	LYS	CE	7.119185048863952	0.0	0.0	THR:179	THR	OG1	3.8779260033402316	HOH:620	O	3.0209989643530535	3.0	29.0	water_mediated_like			exposed				0.0	0.0		unmodified	
P63086	8QR5	A	183	THR_mixed_with_TYR	1	2	1.6	THR	961		2	9-329,334-354	9-329,334-354	THR	/mnt/c/Users/drpat/OneDrive - UGent/Desktop/PD/Phospho-fill/Validation-allPDB/pdb_cache/8qr5.cif	THR	THR	OG1	CB	ok			114.48443218985976	LYS:201	LYS	CE	6.834413013964064	0.0	0.0	THR:179	THR	OG1	2.9949088000829924	HOH:737	O	3.635057921862232	2.0	24.0	hbond_like			exposed				0.0	0.0		unmodified	
P63086	8QR6	A	183	THR_mixed_with_TYR	1	2	1.65	THR	962		2	9-354	9-354	THR	/mnt/c/Users/drpat/OneDrive - UGent/Desktop/PD/Phospho-fill/Validation-allPDB/pdb_cache/8qr6.cif	THR	THR	OG1	CB	ok			-122.7983533640661	LYS:201	LYS	CE	7.519965824790617	0.0	0.0	THR:179	THR	OG1	3.993551974961005	HOH:710	O	2.9723141304369625	2.0	26.0	water_mediated_like			exposed				0.0	0.0		unmodified	
P63086	8QR7	A	183	THR_mixed_with_TYR	1	2	1.51	THR	963		2	9-13,15-329,337-357	9-13,15-329,337-357	THR	/mnt/c/Users/drpat/OneDrive - UGent/Desktop/PD/Phospho-fill/Validation-allPDB/pdb_cache/8qr7.cif	THR	THR	OG1	CB	ok			-125.883557905632	LYS:201	LYS	CE	7.765957599454405	0.0	0.0	THR:179	THR	OG1	3.793729140310013	HOH:584	O	3.476247642670853	2.0	27.0	water_mediated_like			exposed				0.0	0.0		unmodified	
P63086	8QR8	A	183	THR_mixed_with_TYR	1	2	1.61	THR	964		2	9-329,334-354	9-329,334-354	THR	/mnt/c/Users/drpat/OneDrive - UGent/Desktop/PD/Phospho-fill/Validation-allPDB/pdb_cache/8qr8.cif	THR	THR	OG1	CB	ok			123.47551804364173					0.0	0.0	THR:179	THR	OG1	3.7604317414667983	HOH:698	O	3.124306099992858	2.0	26.0	water_mediated_like			exposed				0.0	0.0		unmodified	
P63086	8QR9	A	183	THR_mixed_with_TYR	1	2	1.94	THR	965		2	9-354	9-354	THR	/mnt/c/Users/drpat/OneDrive - UGent/Desktop/PD/Phospho-fill/Validation-allPDB/pdb_cache/8qr9.cif	THR	THR	OG1	CB	ok			-126.87757229970103					0.0	0.0	GLU:184	GLU	OE2	2.887831855035217	HOH:600	O	3.474207734929611	1.0	26.0	hbond_like			buried				0.0	0.0		unmodified	
P63086	8QRA	A	183	THR_mixed_with_TYR	1	2	1.55	THR	966		2	9-329,335-354	9-329,335-354	THR	/mnt/c/Users/drpat/OneDrive - UGent/Desktop/PD/Phospho-fill/Validation-allPDB/pdb_cache/8qra.cif	THR	THR	OG1	CB	ok			-125.49166507692398	LYS:201	LYS	CE	7.641591527107881	0.0	0.0	THR:179	THR	OG1	3.3322960558001467	HOH:534	O	3.4249042330721085	1.0	28.0	hbond_like			buried				0.0	0.0		unmodified	
P63086	8QRB	A	183	THR_mixed_with_TYR	1	2	1.51	THR	967		2	9-356	9-356	THR	/mnt/c/Users/drpat/OneDrive - UGent/Desktop/PD/Phospho-fill/Validation-allPDB/pdb_cache/8qrb.cif	THR	THR	OG1	CB	ok			-127.10587202690472	LYS:201	LYS	CE	7.343210691693728	0.0	0.0	THR:179	THR	OG1	3.7440347919386303	HOH:596	O	3.38074042277516	2.0	27.0	water_mediated_like			exposed				0.0	0.0		unmodified	
P63086	8QRC	A	183	THR_mixed_with_TYR	1	2	1.69	THR	968		2	9-13,15-327,336-354	9-13,15-327,336-354	THR	/mnt/c/Users/drpat/OneDrive - UGent/Desktop/PD/Phospho-fill/Validation-allPDB/pdb_cache/8qrc.cif	THR	THR	OG1	CB	ok			-64.99454363227848	LYS:201	LYS	CE	6.727259634901205	0.0	0.0	THR:179	THR	OG1	3.9902951635570334	HOH:682	O	3.9199800996848744	1.0	21.0	none_obvious			intermediate				0.0	0.0		unmodified	
P0DTC2	8RBY	A	345	THR_single	1	1	1.9	THR	336		1	333-527	333-527	THR	/mnt/c/Users/drpat/OneDrive - UGent/Desktop/PD/Phospho-fill/Validation-allPDB/pdb_cache/8rby.cif	THR	THR	OG1	CB	ok			-121.85015858635757	ARG:346	ARG	NE	6.546412549345494	0.0	0.0	ARG:346	ARG	NE	6.546412549345494	HOH:734	O	3.229554902198435	1.0	17.0	water_mediated_like			intermediate				0.0	0.0		unmodified	
P0DTC2	8RJ7	A	345	THR_single	1	1	2.1	THR	337		1	332-527	332-527	THR	/mnt/c/Users/drpat/OneDrive - UGent/Desktop/PD/Phospho-fill/Validation-allPDB/pdb_cache/8rj7.cif	THR	THR	OG1	CB	ok			135.76066274529254	ARG:509	ARG	NH1	7.148077896269043	0.0	0.0	ARG:509	ARG	NH1	7.148077896269043	HOH:765	O	3.201535838094954	1.0	9.0	water_mediated_like			intermediate				0.0	0.0		unmodified	
P63086	8RLX	A	183	THR_mixed_with_TYR	1	2	1.6	THR	969		2	4-9,15-355	4-9,15-355	THR	/mnt/c/Users/drpat/OneDrive - UGent/Desktop/PD/Phospho-fill/Validation-allPDB/pdb_cache/8rlx.cif	THR	THR	OG1	CB	ok			119.37544971287039	LYS:201	LYS	CE	6.9354415901689945	0.0	0.0	THR:179	THR	OG1	3.134595729245719	HOH:451	O	3.460025857469777	1.0	24.0	hbond_like			buried				0.0	0.0		unmodified	
P63086	8RM2	A	183	THR_mixed_with_TYR	1	2	1.55	THR	970		2	4-9,15-355	4-9,15-355	THR	/mnt/c/Users/drpat/OneDrive - UGent/Desktop/PD/Phospho-fill/Validation-allPDB/pdb_cache/8rm2.cif	THR	THR	OG1	CB	ok			123.79342346700858	LYS:201	LYS	CE	6.6677207648569805	0.0	0.0	THR:179	THR	OG1	2.96248164567249	HOH:581	O	3.447634466364728	1.0	25.0	hbond_like			buried				0.0	0.0		unmodified	
P63086	8RMB	A	183	THR_mixed_with_TYR	1	2	1.55	THR	971		2	4-9,15-355	4-9,15-355	THR	/mnt/c/Users/drpat/OneDrive - UGent/Desktop/PD/Phospho-fill/Validation-allPDB/pdb_cache/8rmb.cif	THR	THR	OG1	CB	ok			121.06157339208148	LYS:201	LYS	CE	7.287020375008884	0.0	0.0	THR:179	THR	OG1	3.079177623114166	HOH:426	O	3.377975306231733	1.0	23.0	hbond_like			intermediate				0.0	0.0		unmodified	
P63086	8RQV	A	183	THR_mixed_with_TYR	1	2	2.19	THR	972		2	4-9,15-354	4-9,15-354	THR	/mnt/c/Users/drpat/OneDrive - UGent/Desktop/PD/Phospho-fill/Validation-allPDB/pdb_cache/8rqv.cif	THR	THR	OG1	CB	ok			108.80180032501923	LYS:201	LYS	CE	6.653305437253011	0.0	0.0	THR:179	THR	OG1	3.2310196859504146	HOH:625	O	6.692723392488026	0.0	22.0	hbond_like			intermediate				0.0	0.0		unmodified	
P63086	8RQW	A	183	THR_mixed_with_TYR	1	2	1.8	THR	973		2	4-7,15-354	4-7,15-354	THR	/mnt/c/Users/drpat/OneDrive - UGent/Desktop/PD/Phospho-fill/Validation-allPDB/pdb_cache/8rqw.cif	THR	THR	OG1	CB	ok			120.36401134110241	LYS:201	LYS	CE	6.8235954834647945	0.0	0.0	THR:179	THR	OG1	3.4363980828855225	HOH:634	O	3.4501964468227673	1.0	22.0	hbond_like			intermediate				0.0	0.0		unmodified	
P63086	8RQX	A	183	THR_mixed_with_TYR	1	2	1.7	THR	974		2	4-8,15-353	4-8,15-353	THR	/mnt/c/Users/drpat/OneDrive - UGent/Desktop/PD/Phospho-fill/Validation-allPDB/pdb_cache/8rqx.cif	THR	THR	OG1	CB	ok			108.36281148811362	LYS:201	LYS	CE	6.506100804242157	0.0	0.0	THR:179	THR	OG1	3.160860606853263	HOH:656	O	3.706021546696303	1.0	23.0	hbond_like			intermediate				0.0	0.0		unmodified	
P0DTC2	8SDF	A	345	THR_single	1	1	1.79	THR	338		1	333-527	334-527	THR	/mnt/c/Users/drpat/OneDrive - UGent/Desktop/PD/Phospho-fill/Validation-allPDB/pdb_cache/8sdf.cif	THR	THR	OG1	CB	ok			120.61313277136152	ARG:509	ARG	NH1	7.21826337008837	0.0	0.0	ARG:509	ARG	NH1	7.21826337008837	HOH:701	O	7.311449460936207	0.0	6.0	none_obvious			intermediate				0.0	0.0		unmodified	
P0DTC2	8SGU	A	345	THR_single	1	1	1.95	THR	339		1	333-527	333-527	THR	/mnt/c/Users/drpat/OneDrive - UGent/Desktop/PD/Phospho-fill/Validation-allPDB/pdb_cache/8sgu.cif	THR	THR	OG1	CB	ok			129.88707331579855	ARG:509	ARG	NH1	7.1639554707937725	0.0	0.0	ARG:509	ARG	NH1	7.1639554707937725	HOH:846	O	3.351068637795062	2.0	9.0	water_mediated_like			exposed				0.0	0.0		unmodified	
P0DTC2	8SIQ	A	345	THR_single	1	1	2.5	THR	340		1	334-529	334-529	THR	/mnt/c/Users/drpat/OneDrive - UGent/Desktop/PD/Phospho-fill/Validation-allPDB/pdb_cache/8siq.cif	THR	THR	OG1	CB	ok			104.63709379916779	ARG:509	ARG	NH2	6.870817742100326	0.0	0.0	ARG:509	ARG	NH2	6.870817742100326				0.0	7.0	none_obvious			intermediate				0.0	0.0		unmodified	
P0DTC2	8SK5	A	345	THR_single	1	1	2.011	THR	341		1	333-527	333-527	THR	/mnt/c/Users/drpat/OneDrive - UGent/Desktop/PD/Phospho-fill/Validation-allPDB/pdb_cache/8sk5.cif	THR	THR	OG1	CB	ok			124.96515575367647	ARG:509	ARG	NH1	6.9511519001396955	0.0	0.0	ARG:509	ARG	NH1	6.9511519001396955				0.0	9.0	none_obvious			intermediate				0.0	0.0		unmodified	
Q9NWZ3	8UCC	A	342	THR_mixed_with_SER	1	2	1.8	THR	1133		4	160-336,342-459	160-336,342-459	THR	/mnt/c/Users/drpat/OneDrive - UGent/Desktop/PD/Phospho-fill/Validation-allPDB/pdb_cache/8ucc.cif	THR				missing_anchor_or_base																														
P31749	8UVY	A	308	THR_single	1	1	2.11	THR	675		3	3-44,49-119,121-127,134-135,145-187,202-300,308-439	3-44,49-119,121-127,134-135,145-187,202-300,308-439	THR	/mnt/c/Users/drpat/OneDrive - UGent/Desktop/PD/Phospho-fill/Validation-allPDB/pdb_cache/8uvy.cif	THR	THR	OG1	CB	ok			-130.7021115688356	LYS:297	LYS	CE	5.419825197487748	0.0	1.0	LYS:297	LYS	NZ	6.700837077451091				0.0	11.0	none_obvious			intermediate				0.0	0.0		unmodified	
P31749	8UW2	A	308	THR_single	1	1	2.2	THR	676		3	4-44,50-119,121-127,134-135,145-187,200-299,307-429,432-437	4-44,50-119,121-127,134-135,145-187,200-299,307-429,432-437	THR	/mnt/c/Users/drpat/OneDrive - UGent/Desktop/PD/Phospho-fill/Validation-allPDB/pdb_cache/8uw2.cif	THR	THR	OG1	CB	ok			-138.22038184476685	HIS:354	HIS	CE1	6.435931763611676	0.0	0.0	HIS:354	HIS	ND1	6.436729912242826				0.0	9.0	none_obvious			intermediate				0.0	0.0		unmodified	
P31749	8UW9	A	308	THR_single	1	1	1.9	THR	677		3	3-44,49-119,121-127,134-135,144-187,200-300,308-428	3-44,49-119,121-127,134-135,144-187,200-300,308-428	THR	/mnt/c/Users/drpat/OneDrive - UGent/Desktop/PD/Phospho-fill/Validation-allPDB/pdb_cache/8uw9.cif	THR	THR	OG1	CB	ok			-123.45755660531516	LYS:297	LYS	CE	7.096901249531528	0.0	0.0					HOH:733	O	5.779432478213684	0.0	5.0	none_obvious			intermediate				0.0	0.0		unmodified	
P48730	8VXD	B	220	THR_single	1	1	2.47	THR	806		2	2-169,174-217,220-298	2-169,174-217,220-298	THR	/mnt/c/Users/drpat/OneDrive - UGent/Desktop/PD/Phospho-fill/Validation-allPDB/pdb_cache/8vxd.cif	THR	THR	OG1	CB	ok			-103.91060155073441	ARG:222	ARG	NE	7.105944275271187	0.0	0.0	ARG:222	ARG	NE	7.105944275271187				0.0	18.0	none_obvious			intermediate				0.0	0.0		unmodified	
P0DTC2	8WE1	B	345	THR_single	1	1	2.47	THR	342		1	333-527	333-527	THR	/mnt/c/Users/drpat/OneDrive - UGent/Desktop/PD/Phospho-fill/Validation-allPDB/pdb_cache/8we1.cif	THR	THR	OG1	CB	ok			-14.694835916077686	ARG:509	ARG	NH1	7.263847775913318	0.0	0.0	THR:346	THR	OG1	4.643758717081118				0.0	8.0	none_obvious			intermediate				0.0	0.0		unmodified	
Q99640	8WJY	A	260	THR_single	1	1	1.88	THR	1110		1	76-261,267-361	76-261,267-361	THR	/mnt/c/Users/drpat/OneDrive - UGent/Desktop/PD/Phospho-fill/Validation-allPDB/pdb_cache/8wjy.cif	THR	THR	OG1	CB	ok			140.85494018028382	LYS:163	LYS	NZ	6.430471885231923	0.0	0.0	GLU:257	GLU	OE1	3.7078507322160847	HOH:631	O	4.812476532589118	0.0	19.0	none_obvious			intermediate				0.0	0.0		unmodified	
Q9NWZ3	8WTF	A	342	THR_mixed_with_SER	2	4	2.0	THR	1135		4	165-253,257-458	165-253,257-458	THR,THR	/mnt/c/Users/drpat/OneDrive - UGent/Desktop/PD/Phospho-fill/Validation-allPDB/pdb_cache/8wtf.cif	THR	THR	OG1	CB	ok			-108.93979780793865					0.0	0.0	SER:346	SER	OG	6.799824205141337	HOH:751	O	4.199111410747498	0.0	20.0	none_obvious			intermediate				0.0	0.0		unmodified	
Q9NWZ3	8WTF	A	345	THR_mixed_with_SER	2	4	2.0	THR	1135		4	165-253,257-458	165-253,257-458	THR,THR	/mnt/c/Users/drpat/OneDrive - UGent/Desktop/PD/Phospho-fill/Validation-allPDB/pdb_cache/8wtf.cif	THR	THR	OG1	CB	ok			132.37645401944445					0.0	0.0	SER:346	SER	OG	7.256825616322347	HOH:663	O	6.732237322175942	0.0	7.0	none_obvious			intermediate				0.0	0.0		unmodified	
P0DTC2	8X0Y	A	345	THR_single	1	1	1.94	THR	343		1	333-518,520-528	334-517,521-528	THR	/mnt/c/Users/drpat/OneDrive - UGent/Desktop/PD/Phospho-fill/Validation-allPDB/pdb_cache/8x0y.cif	THR	THR	OG1	CB	ok			-118.13538015196656	ARG:346	ARG	NE	5.164725750914653	0.0	1.0	ARG:346	ARG	NE	5.164725750914653	HOH:709	O	3.4967487790211074	1.0	13.0	water_mediated_like			intermediate				0.0	0.0		unmodified	
O15264	8X23	A	180	THR_mixed_with_TYR	1	2	1.5	THR	82		2	1-173,180-351	1-173,180-351	THR	/mnt/c/Users/drpat/OneDrive - UGent/Desktop/PD/Phospho-fill/Validation-allPDB/pdb_cache/8x23.cif	THR	THR	OG1	CB	ok			-122.25105534211586					0.0	0.0	TYR:182	TYR	OH	5.040819922988996	HOH:512	O	5.587063593723588	0.0	19.0	none_obvious			intermediate				0.0	0.0		unmodified	
O43353	8X2O	B	111	THR_single	1	1	2.26	THR	92		2	9-49,55-171,188-316	9-49,55-171,188-316	THR	/mnt/c/Users/drpat/OneDrive - UGent/Desktop/PD/Phospho-fill/Validation-allPDB/pdb_cache/8x2o.cif	THR				missing_anchor_or_base																														
Q16539	8X3M	A	180	THR_mixed_with_TYR	1	2	1.85	THR	1067		2	4-353	4-353	THR	/mnt/c/Users/drpat/OneDrive - UGent/Desktop/PD/Phospho-fill/Validation-allPDB/pdb_cache/8x3m.cif	THR	THR	OG1	CB	ok			-116.08378615524595	HIS:228	HIS	CE1	6.371200175391429	0.0	0.0	ASP:177	ASP	OD2	4.178541261622617	HOH:567	O	3.1263065111746315	1.0	21.0	water_mediated_like			intermediate				0.0	0.0		unmodified	
P0DTC2	8XI6	A	345	THR_single	1	1	2.3	THR	344		1	23,27-67,81-140,159-162,169-173,188-210,216-242,263-635,642-675,690-834,849-1141	23,27-67,81-140,159-162,169-173,188-210,216-242,263-635,642-675,690-834,849-1141	THR	/mnt/c/Users/drpat/OneDrive - UGent/Desktop/PD/Phospho-fill/Validation-allPDB/pdb_cache/8xi6.cif	THR	THR	OG1	CB	ok			114.76248850375005	ARG:509	ARG	NH1	7.305273016897692	0.0	0.0	ASN:343	ASN	OD1	7.250552507035515				0.0	8.0	none_obvious			intermediate				0.0	0.0		unmodified	
P49841	8XN6	B	277	THR_mixed_with_TYR	1	2	2.4	THR	882		3	26-288,291-386	26-288,291-386	THR	/mnt/c/Users/drpat/OneDrive - UGent/Desktop/PD/Phospho-fill/Validation-allPDB/pdb_cache/8xn6.cif	THR	THR	OG1	CB	ok			-113.6451636265957					0.0	0.0	GLN:280	GLN	OE1	3.254669450088327	HOH:681	O	7.356533016650479	0.0	24.0	hbond_like			buried				0.0	0.0		unmodified	
P0DTC2	8XSE	A	345	THR_single	1	1	2.5	THR	345		1	333-527	333-527	THR	/mnt/c/Users/drpat/OneDrive - UGent/Desktop/PD/Phospho-fill/Validation-allPDB/pdb_cache/8xse.cif	THR	THR	OG1	CB	ok			101.7103389219537	ARG:509	ARG	NH1	7.028018595519318	0.0	0.0	ARG:509	ARG	NH1	7.028018595519318				0.0	9.0	none_obvious			intermediate				0.0	0.0		unmodified	
P0DTC2	8XSF	B	345	THR_single	1	1	2.16	THR	346		1	333-527	333-527	THR	/mnt/c/Users/drpat/OneDrive - UGent/Desktop/PD/Phospho-fill/Validation-allPDB/pdb_cache/8xsf.cif	THR	THR	OG1	CB	ok			134.05217500010906	ARG:509	ARG	NH1	7.272441402357584	0.0	0.0	ARG:509	ARG	NH1	7.272441402357584				0.0	9.0	none_obvious			intermediate				0.0	0.0		unmodified	
P0DTC2	8XYH	A	345	THR_single	1	1	2.5	THR	347		1	16-622,637-676,689-1114	16-622,637-676,689-1114	THR	/mnt/c/Users/drpat/OneDrive - UGent/Desktop/PD/Phospho-fill/Validation-allPDB/pdb_cache/8xyh.cif	THR	THR	OG1	CB	ok			7.139505916797314	ARG:509	ARG	NH2	6.833370704938327	0.0	0.0	THR:346	THR	OG1	5.437740090215854				0.0	7.0	none_obvious			intermediate				0.0	0.0		unmodified	
Q16539	8YD9	A	180	THR_mixed_with_TYR	1	2	1.66	THR	1068		2	4-353	4-353	THR	/mnt/c/Users/drpat/OneDrive - UGent/Desktop/PD/Phospho-fill/Validation-allPDB/pdb_cache/8yd9.cif	THR	THR	OG1	CB	ok			126.45217126331981	HIS:228	HIS	CE1	5.162431646777521	0.0	1.0	ASP:177	ASP	OD1	4.726714386874567	HOH:512	O	3.5429198814518035	1.0	24.0	none_obvious			buried				0.0	0.0		unmodified	
P0DTC2	8YDP	B	345	THR_single	1	1	2.3	THR	348		1	334-526	334-526	THR	/mnt/c/Users/drpat/OneDrive - UGent/Desktop/PD/Phospho-fill/Validation-allPDB/pdb_cache/8ydp.cif	THR	THR	OG1	CB	ok			119.06282104455973	ARG:509	ARG	NH1	6.446156092152712	0.0	0.0	ARG:509	ARG	NH1	6.446156092152712				0.0	10.0	none_obvious			intermediate				0.0	0.0		unmodified	
P0DTC2	8YDQ	B	345	THR_single	1	1	1.9	THR	349		1	333-526	333-526	THR	/mnt/c/Users/drpat/OneDrive - UGent/Desktop/PD/Phospho-fill/Validation-allPDB/pdb_cache/8ydq.cif	THR	THR	OG1	CB	ok			127.17865309542289	ARG:346	ARG	NH1	4.856212131107646	0.0	1.0	ARG:346	ARG	NH1	4.856212131107646	HOH:761	O	4.249234314916474	0.0	12.0	none_obvious			intermediate				0.0	0.0		unmodified	
P0DTC2	8YDR	B	345	THR_single	1	1	2.3	THR	350		1	334-526	334-526	THR	/mnt/c/Users/drpat/OneDrive - UGent/Desktop/PD/Phospho-fill/Validation-allPDB/pdb_cache/8ydr.cif	THR	THR	OG1	CB	ok			138.99102014750105	ARG:509	ARG	NH1	6.929054968260483	0.0	0.0	ARG:509	ARG	NH1	6.929054968260483				0.0	11.0	none_obvious			intermediate				0.0	0.0		unmodified	
P0DTC2	8YDS	B	345	THR_single	1	1	1.9	THR	351		1	333-526	333-526	THR	/mnt/c/Users/drpat/OneDrive - UGent/Desktop/PD/Phospho-fill/Validation-allPDB/pdb_cache/8yds.cif	THR	THR	OG1	CB	ok			127.6327145871315	ARG:346	ARG	NE	6.734417246149823	0.0	0.0	ARG:346	ARG	NE	6.734417246149823	HOH:867	O	3.520677209131348	1.0	10.0	none_obvious			intermediate				0.0	0.0		unmodified	
P0DTC2	8YDT	B	345	THR_single	1	1	2.5	THR	352		1	334-526	334-526	THR	/mnt/c/Users/drpat/OneDrive - UGent/Desktop/PD/Phospho-fill/Validation-allPDB/pdb_cache/8ydt.cif	THR	THR	OG1	CB	ok			103.67374110659301	ARG:509	ARG	NH1	6.821829750596911	0.0	0.0	ARG:509	ARG	NH1	6.821829750596911				0.0	10.0	none_obvious			intermediate				0.0	0.0		unmodified	
P0DTC2	8YDU	B	345	THR_single	1	1	1.7	THR	353		1	334-370,372-526	334-370,372-526	THR	/mnt/c/Users/drpat/OneDrive - UGent/Desktop/PD/Phospho-fill/Validation-allPDB/pdb_cache/8ydu.cif	THR	THR	OG1	CB	ok			118.8376862022622	ARG:509	ARG	NH1	7.054976285343939	0.0	0.0	ARG:509	ARG	NH1	7.054976285343939				0.0	9.0	none_obvious			intermediate				0.0	0.0		unmodified	
P0DTC2	8YDV	D	345	THR_single	1	1	2.2	THR	354		1	333-526	333-526	THR	/mnt/c/Users/drpat/OneDrive - UGent/Desktop/PD/Phospho-fill/Validation-allPDB/pdb_cache/8ydv.cif	THR	THR	OG1	CB	ok			116.89497612525356	ARG:509	ARG	NH1	6.865142243941278	0.0	0.0	ARG:509	ARG	NH1	6.865142243941278	HOH:734	O	4.218926277249006	0.0	10.0	none_obvious			intermediate				0.0	0.0		unmodified	
P0DTC2	8YDW	B	345	THR_single	1	1	2.0	THR	355		1	334-526	334-526	THR	/mnt/c/Users/drpat/OneDrive - UGent/Desktop/PD/Phospho-fill/Validation-allPDB/pdb_cache/8ydw.cif	THR	THR	OG1	CB	ok			112.68006766883559	ARG:509	ARG	NH1	7.052414370587955	0.0	0.0	ASN:343	ASN	ND2	6.482094086275472				0.0	9.0	none_obvious			intermediate				0.0	0.0		unmodified	
P24941	8YNG	A	160	THR_mixed_with_TYR	1	3	1.82	THR	558		3	1-37,44-298	1-37,44-298	THR	/mnt/c/Users/drpat/OneDrive - UGent/Desktop/PD/Phospho-fill/Validation-allPDB/pdb_cache/8yng.cif	THR	THR	OG1	CB	ok			119.29610047549683					0.0	0.0	GLU:12	GLU	OE2	3.7916978417672467	HOH:448	O	4.903322902787316	0.0	13.0	none_obvious			intermediate				0.0	0.0		unmodified	
P24941	8YPW	A	160	THR_mixed_with_TYR	1	3	1.8	THR	559		3	1-38,44-298	1-38,44-298	THR	/mnt/c/Users/drpat/OneDrive - UGent/Desktop/PD/Phospho-fill/Validation-allPDB/pdb_cache/8ypw.cif	THR	THR	OG1	CB	ok			-116.57764953728746	HIS:161	HIS	ND1	3.569606495342095	1.0	1.0	HIS:161	HIS	ND1	3.569606495342095	HOH:422	O	2.6391698658211915	2.0	15.0	water_mediated_like			exposed				0.0	0.0		unmodified	
P0DTC2	8YUB	C	345	THR_single	1	1	2.49	THR	356		1	333-529	333-529	THR	/mnt/c/Users/drpat/OneDrive - UGent/Desktop/PD/Phospho-fill/Validation-allPDB/pdb_cache/8yub.cif	THR	THR	OG1	CB	ok			126.22125916947904	ARG:509	ARG	NH2	7.0243718017571455	0.0	0.0	THR:346	THR	OG1	5.801484834979683	HOH:638	O	3.7589874803348264	1.0	10.0	none_obvious			intermediate				0.0	0.0		unmodified	
P28482	8ZJV	A	185	THR_mixed_with_TYR	1	2	1.8	THR	669		2	10-358	10-358	THR	/mnt/c/Users/drpat/OneDrive - UGent/Desktop/PD/Phospho-fill/Validation-allPDB/pdb_cache/8zjv.cif	THR	THR	OG1	CB	ok			-109.55972447356623	LYS:203	LYS	CE	7.188478038753027	0.0	0.0	THR:181	THR	OG1	4.217137929212567	HOH:585	O	2.723169541853014	3.0	33.0	water_mediated_like			exposed				0.0	0.0		unmodified	
P0DTC2	9B0Y	B	345	THR_single	1	1	2.32	THR	357		1	27-68,77-147,152-244,254-481,483-624,632-676,689-833,843-1150	27-68,77-147,152-244,254-481,483-624,632-676,689-833,843-1150	THR	/mnt/c/Users/drpat/OneDrive - UGent/Desktop/PD/Phospho-fill/Validation-allPDB/pdb_cache/9b0y.cif	THR	THR	OG1	CB	ok			125.26908122143749	ARG:509	ARG	NH2	7.059478237111266	0.0	0.0	ARG:509	ARG	NH2	7.059478237111266				0.0	7.0	none_obvious			intermediate				0.0	0.0		unmodified	
P48730	9B3S	A	220	THR_single	1	1	2.4	THR	807		2	2-292,407-415	2-292,407-415	THR	/mnt/c/Users/drpat/OneDrive - UGent/Desktop/PD/Phospho-fill/Validation-allPDB/pdb_cache/9b3s.cif	THR	THR	OG1	CB	ok			115.53586388891954	LYS:221	LYS	CE	7.952947318665977	0.0	0.0	GLN:223	GLN	OE1	3.61507060285691	HOH:454	O	5.123047057804185	0.0	13.0	none_obvious			intermediate	SEP:316	SEP	15.495123745731727	0.0	0.0		unmodified	
O14965	9BZG	A	287	THR_single	1	1	1.8	THR	74		2	127-388	127-388	THR	/mnt/c/Users/drpat/OneDrive - UGent/Desktop/PD/Phospho-fill/Validation-allPDB/pdb_cache/9bzg.cif	THR	THR	OG1	CB	ok			-107.27876028195801	LYS:258	LYS	NZ	7.610467288706444	0.0	0.0	TYR:334	TYR	OH	3.6429648303597704	HOH:727	O	6.079028722009451	0.0	26.0	none_obvious			buried	TPO:288	TPO	6.472124277200993	1.0	1.0	TPO:288@6.47	unmodified	
P55011	9C0H	A	230	THR_single	1	1	2.5	THR	897		3	207-231,236-250,282-926,1022-1212	207-231,236-250,282-926,1022-1212	THR	/mnt/c/Users/drpat/OneDrive - UGent/Desktop/PD/Phospho-fill/Validation-allPDB/pdb_cache/9c0h.cif	THR	THR	OG1	CB	ok			7.157618223726834	ARG:348	ARG	NH2	7.858257989958227	0.0	0.0	ARG:348	ARG	NH2	7.858257989958227				0.0	5.0	none_obvious			intermediate	TPO:212	TPO	25.70734821985441	0.0	0.0		unmodified	
P0DTC2	9CXE	B	345	THR_single	1	1	2.48	THR	358		1	27-68,77-147,152-244,254-475,477-481,483-624,632-676,689-833,843-1150	27-68,77-147,152-244,254-475,477-481,483-624,632-676,689-833,843-1150	THR	/mnt/c/Users/drpat/OneDrive - UGent/Desktop/PD/Phospho-fill/Validation-allPDB/pdb_cache/9cxe.cif	THR	THR	OG1	CB	ok			129.47417245253257	ARG:509	ARG	NH2	7.115320192838528	0.0	0.0	ARG:509	ARG	NH2	7.115320192838528				0.0	8.0	none_obvious			intermediate				0.0	0.0		unmodified	
O96013	9D52	A	562	THR_single	1	1	2.449	THR	143		2	300-589	300-589	THR	/mnt/c/Users/drpat/OneDrive - UGent/Desktop/PD/Phospho-fill/Validation-allPDB/pdb_cache/9d52.cif	THR	THR	OG1	CB	ok			-105.71855217975367	HIS:432	HIS	ND1	7.235380098761712	0.0	0.0	GLU:565	GLU	OE2	4.249712004744406	HOH:732	O	5.713714278012215	0.0	23.0	none_obvious			intermediate	SEP:474	SEP	22.608710884594753	0.0	0.0		unmodified	
O96013	9D53	A	562	THR_single	1	1	2.468	THR	144		2	300-591	300-591	THR	/mnt/c/Users/drpat/OneDrive - UGent/Desktop/PD/Phospho-fill/Validation-allPDB/pdb_cache/9d53.cif	THR	THR	OG1	CB	ok			-103.46134471458572	ARG:551	ARG	NH1	7.265462811407019	0.0	0.0	GLU:565	GLU	OE1	3.7380672946791984				0.0	23.0	none_obvious			intermediate	SEP:474	SEP	22.471163386839407	0.0	0.0		unmodified	
P0DTC2	9DSG	A	345	THR_single	1	1	2.4	THR	359		1	333-528	333-528	THR	/mnt/c/Users/drpat/OneDrive - UGent/Desktop/PD/Phospho-fill/Validation-allPDB/pdb_cache/9dsg.cif	THR	THR	OG1	CB	ok			-117.52191245723162	ARG:346	ARG	NH1	4.654113660438381	0.0	1.0	ARG:346	ARG	NH1	4.654113660438381	HOH:603	O	3.7217421406130806	1.0	14.0	none_obvious			intermediate				0.0	0.0		unmodified	
O43353	9F3V	B	111	THR_single	1	1	1.943	THR	93		2	9-50,56-170,189-200,207-315	9-50,56-170,189-200,207-315	THR	/mnt/c/Users/drpat/OneDrive - UGent/Desktop/PD/Phospho-fill/Validation-allPDB/pdb_cache/9f3v.cif	THR	THR	OG1	CB	ok			121.87833587368006					0.0	0.0	GLN:315	GLN	NE2	6.821344824486908	HOH:524	O	5.03636789630475	0.0	8.0	none_obvious			intermediate				0.0	0.0		unmodified	
P0DTC2	9FC2	A	345	THR_single	1	1	1.21	THR	360		1	333-527	333-527	THR	/mnt/c/Users/drpat/OneDrive - UGent/Desktop/PD/Phospho-fill/Validation-allPDB/pdb_cache/9fc2.cif	THR	THR	OG1	CB	ok			-134.08328159536873	ARG:509	ARG	NH1	6.885215047174934	0.0	0.0	ARG:509	ARG	NH1	6.885215047174934	HOH:709	O	2.770517735085272	2.0	10.0	water_mediated_like			exposed				0.0	0.0		unmodified	
M1UWB5	9FMO	A	683	THR_single	1	1	2.487	THR	15		1	448-746,753-807	448-746,753-807	THR	/mnt/c/Users/drpat/OneDrive - UGent/Desktop/PD/Phospho-fill/Validation-allPDB/pdb_cache/9fmo.cif	THR	THR	OG1	CB	ok			120.14991620565121	HIS:650	HIS	CD2	5.033878256683151	0.0	1.0	GLU:677	GLU	OE2	3.7766374452731384	HOH:1007	O	3.7112125510652	1.0	22.0	none_obvious			intermediate				0.0	0.0		unmodified	
P49841	9FR5	A	277	THR_mixed_with_TYR	1	2	2.3	THR	883		3	25-385	25-385	THR	/mnt/c/Users/drpat/OneDrive - UGent/Desktop/PD/Phospho-fill/Validation-allPDB/pdb_cache/9fr5.cif	THR	THR	OG1	CB	ok			-106.41785645823823	ARG:278	ARG	NE	7.717761820742338	0.0	0.0	GLN:280	GLN	OE1	3.61549031708025	HOH:607	O	5.9570457128994	0.0	26.0	none_obvious			buried				0.0	0.0		unmodified	
P49841	9FR6	A	277	THR_mixed_with_TYR	1	2	2.3	THR	884		3	25-385	25-385	THR	/mnt/c/Users/drpat/OneDrive - UGent/Desktop/PD/Phospho-fill/Validation-allPDB/pdb_cache/9fr6.cif	THR	THR	OG1	CB	ok			-103.68705657939165	ARG:278	ARG	NE	7.79530573248427	0.0	0.0	GLN:280	GLN	OE1	3.5618544900180074	HOH:676	O	5.629867744568127	0.0	26.0	none_obvious			buried				0.0	0.0		unmodified	
P49841	9FR7	A	277	THR_mixed_with_TYR	1	2	2.3	THR	885		3	25-385	25-385	THR	/mnt/c/Users/drpat/OneDrive - UGent/Desktop/PD/Phospho-fill/Validation-allPDB/pdb_cache/9fr7.cif	THR	THR	OG1	CB	ok			-106.11913983632274	ARG:278	ARG	NE	7.804975263404211	0.0	0.0	GLN:280	GLN	OE1	3.5302401157039647				0.0	24.0	none_obvious			buried				0.0	0.0		unmodified	
P49841	9FR8	A	277	THR_mixed_with_TYR	1	2	2.3	THR	886		3	25-385	25-385	THR	/mnt/c/Users/drpat/OneDrive - UGent/Desktop/PD/Phospho-fill/Validation-allPDB/pdb_cache/9fr8.cif	THR	THR	OG1	CB	ok			-101.25997429517092	ARG:278	ARG	NE	7.646449262492729	0.0	0.0	GLN:280	GLN	OE1	3.541843679826917	HOH:715	O	3.5133719688433867	1.0	24.0	none_obvious			buried				0.0	0.0		unmodified	
P24941	9GP3	A	160	THR_mixed_with_TYR	1	3	2.45	THR	560		3	1-298	1-298	THR	/mnt/c/Users/drpat/OneDrive - UGent/Desktop/PD/Phospho-fill/Validation-allPDB/pdb_cache/9gp3.cif	THR	THR	OG1	CB	ok			132.28698914712405	HIS:161	HIS	CD2	6.216781451119194	0.0	0.0	HIS:161	HIS	NE2	6.468131482578013				0.0	6.0	none_obvious			intermediate				0.0	0.0		unmodified	
O14965	9GUC	A	288	THR_single	1	1	2.1	THR	75		2	124-275,288-391	124-275,288-391	THR	/mnt/c/Users/drpat/OneDrive - UGent/Desktop/PD/Phospho-fill/Validation-allPDB/pdb_cache/9guc.cif	THR	THR	OG1	CB	ok			-135.2840108283355					0.0	0.0								0.0	4.0	none_obvious			intermediate				0.0	0.0		unmodified	
P0DTC2	9GXE	A	345	THR_single	1	1	2.3	THR	361		1	14-71,75-618,633-676,689-828,834-841,848-1145	14-71,75-618,633-676,689-828,834-841,848-1145	THR	/mnt/c/Users/drpat/OneDrive - UGent/Desktop/PD/Phospho-fill/Validation-allPDB/pdb_cache/9gxe.cif	THR	THR	OG1	CB	ok			141.73185417901828	ARG:509	ARG	NH1	7.506664170735678	0.0	0.0	ASN:343	ASN	ND2	7.219192279395617				0.0	12.0	none_obvious			intermediate				0.0	0.0		unmodified	
P0DTC2	9GXG	A	345	THR_single	1	1	1.92	THR	362		1	14-70,76-618,633-676,689-1146	14-70,76-618,633-676,689-1146	THR	/mnt/c/Users/drpat/OneDrive - UGent/Desktop/PD/Phospho-fill/Validation-allPDB/pdb_cache/9gxg.cif	THR	THR	OG1	CB	ok			131.0105700561097	ARG:509	ARG	NH1	7.23269286895145	0.0	0.0	ASN:343	ASN	ND2	7.175977693188391				0.0	12.0	none_obvious			intermediate				0.0	0.0		unmodified	
Q9NZQ7	9I0U	A	127	THR_single	1	1	1.46	THR	1177		1	18-134	18-134	THR	/mnt/c/Users/drpat/OneDrive - UGent/Desktop/PD/Phospho-fill/Validation-allPDB/pdb_cache/9i0u.cif	THR	THR	OG1	CB	ok			117.54330820862626	LYS:129	LYS	NZ	5.8461099720626875	0.0	1.0	LYS:129	LYS	NZ	5.8461099720626875	HOH:394	O	4.668644107421152	0.0	21.0	none_obvious			intermediate				0.0	0.0		unmodified	
Q9NZQ7	9I0W	B	127	THR_single	1	1	2.1	THR	1178		1	18-133	18-133	THR	/mnt/c/Users/drpat/OneDrive - UGent/Desktop/PD/Phospho-fill/Validation-allPDB/pdb_cache/9i0w.cif	THR	THR	OG1	CB	ok			124.53964657527712	LYS:129	LYS	CE	5.6724345598073365	0.0	1.0	LYS:129	LYS	NZ	6.096986175014716				0.0	21.0	none_obvious			intermediate				0.0	0.0		unmodified	
Q9NZQ7	9IJT	A	127	THR_single	1	1	2.05	THR	1179		1	18-134	18-134	THR	/mnt/c/Users/drpat/OneDrive - UGent/Desktop/PD/Phospho-fill/Validation-allPDB/pdb_cache/9ijt.cif	THR	THR	OG1	CB	ok			119.03723251336991	LYS:129	LYS	CE	6.031781598796301	0.0	0.0	LYS:129	LYS	NZ	6.227105721646867	HOH:206	O	3.0746182528646533	1.0	20.0	water_mediated_like			intermediate				0.0	0.0		unmodified	
P61006	9IKQ	A	72	THR_mixed_with_SER	1	2	1.93	THR	907		2	4-177	4-177	THR	/mnt/c/Users/drpat/OneDrive - UGent/Desktop/PD/Phospho-fill/Validation-allPDB/pdb_cache/9ikq.cif	THR	THR	OG1	CB	ok			118.2067451816435	ARG:71	ARG	NE	6.308001667571044	0.0	0.0	ARG:71	ARG	NE	6.308001667571044	HOH:402	O	3.136501751076182	1.0	12.0	water_mediated_like			intermediate				0.0	0.0		unmodified	
P0DTC2	9IQP	A	345	THR_single	1	1	1.55	THR	363		1	332-527	332-527	THR	/mnt/c/Users/drpat/OneDrive - UGent/Desktop/PD/Phospho-fill/Validation-allPDB/pdb_cache/9iqp.cif	THR	THR	OG1	CB	ok			119.35298058215236	ARG:509	ARG	NH1	6.938707158965028	0.0	0.0	ARG:509	ARG	NH1	6.938707158965028	HOH:782	O	3.6217515572793353	1.0	9.0	none_obvious			intermediate				0.0	0.0		unmodified	
Q9QZL0	9IWW	A	231	THR_mixed_with_SER	1	2	1.93	THR	1180		3	13-168,185-312	13-168,185-312	THR	/mnt/c/Users/drpat/OneDrive - UGent/Desktop/PD/Phospho-fill/Validation-allPDB/pdb_cache/9iww.cif	THR	THR	OG1	CB	ok			115.53779118311166					0.0	0.0	ASP:229	ASP	OD1	5.85444656541735				0.0	10.0	none_obvious			intermediate				0.0	0.0		unmodified	
Q9QZL0	9IWX	A	231	THR_mixed_with_SER	1	2	1.99	THR	1181		3	14-168,187-311	14-168,187-311	THR	/mnt/c/Users/drpat/OneDrive - UGent/Desktop/PD/Phospho-fill/Validation-allPDB/pdb_cache/9iwx.cif	THR	THR	OG1	CB	ok			98.69348688209946					0.0	0.0	SER:232	SER	OG	7.020185900126632	HOH:574	O	4.992082793839608	0.0	9.0	none_obvious			intermediate				0.0	0.0		unmodified	
Q9QZL0	9IWZ	A	231	THR_mixed_with_SER	1	2	1.82	THR	1182		3	13-169,185-312	13-169,185-312	THR	/mnt/c/Users/drpat/OneDrive - UGent/Desktop/PD/Phospho-fill/Validation-allPDB/pdb_cache/9iwz.cif	THR	THR	OG1	CB	ok			122.45559179050518					0.0	0.0	SER:232	SER	OG	6.257140812298339				0.0	9.0	none_obvious			intermediate				0.0	0.0		unmodified	
P0DTC2	9JEB	D	345	THR_single	1	1	2.3	THR	364		1	333-529	333-529	THR	/mnt/c/Users/drpat/OneDrive - UGent/Desktop/PD/Phospho-fill/Validation-allPDB/pdb_cache/9jeb.cif	THR	THR	OG1	CB	ok			120.13122491029593	ARG:346	ARG	NH2	5.9599250701093816	0.0	1.0	ARG:346	ARG	NH2	5.9599250701093816	HOH:819	O	3.8272133566399837	1.0	10.0	none_obvious			intermediate				0.0	0.0		unmodified	
Q99640	9LGN	B	260	THR_single	1	1	2.03	THR	1111		1	77-260,265-361	77-260,265-361	THR	/mnt/c/Users/drpat/OneDrive - UGent/Desktop/PD/Phospho-fill/Validation-allPDB/pdb_cache/9lgn.cif	THR	THR	OG1	CB	ok			124.26477507348667					0.0	0.0					HOH:504	O	7.0266951116861645	0.0	4.0	none_obvious			intermediate				0.0	0.0		unmodified	
P0DTC2	9LH2	A	345	THR_single	1	1	2.3	THR	365		1	334-529	334-529	THR	/mnt/c/Users/drpat/OneDrive - UGent/Desktop/PD/Phospho-fill/Validation-allPDB/pdb_cache/9lh2.cif	THR	THR	OG1	CB	ok			125.69344708570708	ARG:509	ARG	NH1	7.13174909219956	0.0	0.0	ARG:509	ARG	NH1	7.13174909219956	HOH:764	O	4.539221931185439	0.0	9.0	none_obvious			intermediate				0.0	0.0		unmodified	
Q99640	9LID	B	260	THR_single	1	1	2.06	THR	1112		1	77-86,93-361	77-86,93-361	THR	/mnt/c/Users/drpat/OneDrive - UGent/Desktop/PD/Phospho-fill/Validation-allPDB/pdb_cache/9lid.cif	THR	THR	OG1	CB	ok			-119.92053595258689					0.0	0.0								0.0	8.0	none_obvious			intermediate				0.0	0.0		unmodified	
P0DTC2	9ML8	A	345	THR_single	1	1	2.4	THR	366		1	333-528	333-528	THR	/mnt/c/Users/drpat/OneDrive - UGent/Desktop/PD/Phospho-fill/Validation-allPDB/pdb_cache/9ml8.cif	THR	THR	OG1	CB	ok			123.72530812921707	ARG:509	ARG	NH1	7.137757362373204	0.0	0.0	ARG:509	ARG	NH1	7.137757362373204				0.0	10.0	none_obvious			intermediate				0.0	0.0		unmodified	
O00267	9MLC	Z	775	THR_single	1	1	2.4	THR	16		2	160-397,417-645,702-767,771-781	160-397,417-645,702-767,771-781	THR	/mnt/c/Users/drpat/OneDrive - UGent/Desktop/PD/Phospho-fill/Validation-allPDB/pdb_cache/9mlc.cif	THR				missing_anchor_or_base																														
P49841	9PE9	A	277	THR_single	1	1	2.11	THR	887		3	36-45,48-119,125-285,294-382	36-45,48-119,125-285,294-382	THR	/mnt/c/Users/drpat/OneDrive - UGent/Desktop/PD/Phospho-fill/Validation-allPDB/pdb_cache/9pe9.cif	THR	THR	OG1	CB	ok			-109.90120316438032	ARG:278	ARG	NH1	4.141852042011759	0.0	1.0	GLN:280	GLN	OE1	3.467323144035263	HOH:1092	O	5.142399752398067	0.0	28.0	hbond_like			buried	PTR:216	PTR	25.867856974853417	0.0	0.0		unmodified	
Q9NWZ3	9PSU	B	342	THR_mixed_with_SER	1	2	2.43	THR	1136		4	164-216,222-337,342-458	164-216,222-337,342-458	THR	/mnt/c/Users/drpat/OneDrive - UGent/Desktop/PD/Phospho-fill/Validation-allPDB/pdb_cache/9psu.cif	THR	THR	OG1	CB	ok			126.71304161163275	LYS:367	LYS	NZ	7.508871275304279	0.0	0.0	GLU:363	GLU	OE1	5.59986663219537	HOH:604	O	2.3351889759212145	1.0	3.0	water_mediated_like			intermediate	TPO:345	TPO	14.693175064055247	0.0	0.0		unmodified	
P63086	9QQJ	A	183	THR_mixed_with_TYR	1	2	1.69	THR	975		2	8-354	8-354	THR	/mnt/c/Users/drpat/OneDrive - UGent/Desktop/PD/Phospho-fill/Validation-allPDB/pdb_cache/9qqj.cif	THR	THR	OG1	CB	ok			119.8456564299926	LYS:201	LYS	CE	7.519586968256039	0.0	0.0	THR:179	THR	OG1	3.1263610014894314	HOH:564	O	3.506004513976607	2.0	25.0	hbond_like			exposed				0.0	0.0		unmodified	
Q9NWZ3	9R9G	A	342	THR_mixed_with_SER	1	2	1.88	THR	1137		4	163-216,222-335,341-458	163-216,222-335,341-458	THR	/mnt/c/Users/drpat/OneDrive - UGent/Desktop/PD/Phospho-fill/Validation-allPDB/pdb_cache/9r9g.cif	THR	THR	OG1	CB	ok			2.7898557369959804	LYS:441	LYS	NZ	7.468601662994058	0.0	0.0	GLN:341	GLN	NE2	5.870060012983818	HOH:724	O	3.959710955792822	1.0	11.0	none_obvious			intermediate	TPO:345	TPO	13.231850417515217	0.0	0.0		unmodified	
Q9NWZ3	9R9J	B	342	THR_mixed_with_SER	1	2	2.39	THR	1138		4	161-217,222-254,257-337,342-458	161-217,222-254,257-337,342-458	THR	/mnt/c/Users/drpat/OneDrive - UGent/Desktop/PD/Phospho-fill/Validation-allPDB/pdb_cache/9r9j.cif	THR	THR	OG1	CB	ok			-146.3656235875402	LYS:441	LYS	NZ	7.4074794969599935	0.0	0.0	GLU:337	GLU	OE2	6.988182610272917	HOH:736	O	5.408392981299563	0.0	3.0	none_obvious			intermediate	TPO:345	TPO	14.11062677510303	0.0	0.0		unmodified	
Q9NWZ3	9R9K	C	342	THR_mixed_with_SER	1	2	1.87	THR	1139		4	164-216,222-335,341-460	164-216,222-335,341-460	THR	/mnt/c/Users/drpat/OneDrive - UGent/Desktop/PD/Phospho-fill/Validation-allPDB/pdb_cache/9r9k.cif	THR	THR	OG1	CB	ok			33.38669138244873					0.0	0.0	GLN:341	GLN	NE2	7.563247291831559				0.0	6.0	none_obvious			intermediate	TPO:345	TPO	13.464068800597081	0.0	0.0		unmodified	
O14965	9SUY	A	287	THR_only_multi_2	2	2	2.27	THR	76		2	125-389	125-389	THR,THR	/mnt/c/Users/drpat/OneDrive - UGent/Desktop/PD/Phospho-fill/Validation-allPDB/pdb_cache/9suy.cif	THR	THR	OG1	CB	ok			121.50941271397762	ARG:255	ARG	NH1	5.231795106367005	0.0	2.0	ARG:255	ARG	NH1	5.231795106367005	HOH:549	O	2.7931391870064908	2.0	34.0	water_mediated_like			exposed				0.0	0.0		unmodified	
O14965	9SUY	A	288	THR_only_multi_2	2	2	2.27	THR	76		2	125-389	125-389	THR,THR	/mnt/c/Users/drpat/OneDrive - UGent/Desktop/PD/Phospho-fill/Validation-allPDB/pdb_cache/9suy.cif	THR	THR	OG1	CB	ok			-124.14626271666114	ARG:286	ARG	NH1	7.493594353821833	0.0	0.0	GLN:177	GLN	NE2	6.797530461936804	HOH:543	O	3.5609136784943223	1.0	17.0	none_obvious			intermediate				0.0	0.0		unmodified	
P24941	9UAU	A	160	THR_mixed_with_TYR	1	3	1.47	THR	561		3	1-298	1-298	THR	/mnt/c/Users/drpat/OneDrive - UGent/Desktop/PD/Phospho-fill/Validation-allPDB/pdb_cache/9uau.cif	THR	THR	OG1	CB	ok			119.05441445384677	LYS:9	LYS	NZ	7.257328519127612	0.0	0.0	GLU:12	GLU	OE1	5.18609295012485	HOH:403	O	2.1844775674307293	3.0	12.0	water_mediated_like			exposed				0.0	0.0		unmodified	
P24941	9UAW	A	160	THR_mixed_with_TYR	1	3	1.72	THR	562		3	1-39,44-298	1-39,44-298	THR	/mnt/c/Users/drpat/OneDrive - UGent/Desktop/PD/Phospho-fill/Validation-allPDB/pdb_cache/9uaw.cif	THR	THR	OG1	CB	ok			-141.73827122132974	LYS:9	LYS	NZ	6.679079042963117	0.0	0.0	GLU:12	GLU	OE2	2.9608953674061365	HOH:508	O	5.016093380223122	0.0	18.0	hbond_like			intermediate				0.0	0.0		unmodified	
P49841	9X2Q	A	277	THR_mixed_with_TYR	1	2	1.68	THR	888		3	35-383	35-383	THR	/mnt/c/Users/drpat/OneDrive - UGent/Desktop/PD/Phospho-fill/Validation-allPDB/pdb_cache/9x2q.cif	THR	THR	OG1	CB	ok			-116.99527862763286					0.0	0.0	GLN:280	GLN	OE1	3.3963878016290026	HOH:637	O	2.628233009256534	3.0	28.0	hbond_like			exposed				0.0	0.0		unmodified	
P49841	9X2U	A	277	THR_mixed_with_TYR	1	2	2.07	THR	889		3	35-382	35-382	THR	/mnt/c/Users/drpat/OneDrive - UGent/Desktop/PD/Phospho-fill/Validation-allPDB/pdb_cache/9x2u.cif	THR	THR	OG1	CB	ok			-102.19824281224031					0.0	0.0	GLN:280	GLN	OE1	3.396874698317959	HOH:707	O	4.577378790851932	0.0	26.0	hbond_like			buried				0.0	0.0		unmodified	
P49841	9X2V	A	277	THR_mixed_with_TYR	1	2	1.39	THR	890		3	35-290,293-383	35-290,293-383	THR	/mnt/c/Users/drpat/OneDrive - UGent/Desktop/PD/Phospho-fill/Validation-allPDB/pdb_cache/9x2v.cif	THR	THR	OG1	CB	ok			-113.86344174196121	ARG:282	ARG	NH2	6.81689745889614	0.0	0.0	GLN:280	GLN	OE1	3.387562176215871	HOH:636	O	2.651948542804889	2.0	26.0	hbond_like			exposed				0.0	0.0		unmodified	
P49841	9X2W	A	277	THR_mixed_with_TYR	1	2	1.92	THR	891		3	35-382	35-382	THR	/mnt/c/Users/drpat/OneDrive - UGent/Desktop/PD/Phospho-fill/Validation-allPDB/pdb_cache/9x2w.cif	THR	THR	OG1	CB	ok			-116.5073748985455					0.0	0.0	GLN:280	GLN	OE1	3.3916622076490572	HOH:690	O	2.7996847124251203	3.0	26.0	hbond_like			exposed				0.0	0.0		unmodified	
P49841	9X2X	A	277	THR_mixed_with_TYR	1	2	1.79	THR	892		3	35-382	35-382	THR	/mnt/c/Users/drpat/OneDrive - UGent/Desktop/PD/Phospho-fill/Validation-allPDB/pdb_cache/9x2x.cif	THR	THR	OG1	CB	ok			-119.09122668422073					0.0	0.0	GLN:280	GLN	OE1	3.3018202522385183	HOH:674	O	2.7261885605659266	2.0	27.0	hbond_like			exposed				0.0	0.0		unmodified	
P49841	9X2Y	A	277	THR_mixed_with_TYR	1	2	1.96	THR	893		3	35-382	35-382	THR	/mnt/c/Users/drpat/OneDrive - UGent/Desktop/PD/Phospho-fill/Validation-allPDB/pdb_cache/9x2y.cif	THR	THR	OG1	CB	ok			-115.74394339554817					0.0	0.0	GLN:280	GLN	OE1	3.351887639209332	HOH:620	O	2.5751555974495575	3.0	26.0	hbond_like			exposed				0.0	0.0		unmodified	
