acc_id	pdb_id	chain_id	target_position	subset_class	n_target_sites	n_context_sites	input_resolution	expected_resname	source_row_index	master_phospho_sites	master_site_count	mapped_uniprot_range	observed_uniprot_range	target_site_residues	structure_file	actual_resname	residue_class	anchor_atom	base_atom	status	d_anchor_p	angle_base_anchor_p	torsion_CE1_CZ_OH_P	torsion_CE2_CZ_OH_P	nearest_basic_label	nearest_basic_resname	nearest_basic_atom	nearest_basic_dist	n_basic_within4	n_basic_within6	nearest_polar_label	nearest_polar_resname	nearest_polar_atom	nearest_polar_dist	nearest_water_label	nearest_water_atom	nearest_water_dist	n_water_within4	nonwater_heavy_within6	interaction_class	secondary_structure	rsa	exposure_class	nearest_other_ptm_label	nearest_other_ptm_resname	nearest_other_ptm_dist	n_other_ptm_within8	n_other_ptm_within12	other_ptm_neighbors	audit_mode	phosphate_vector_norm	phosphate_to_basic_angle_deg	phosphate_to_water_angle_deg	same_side_as_nearest_basic	orientation_toward_basic	ptr_torsion_ce1	ptr_torsion_ce2
P53778	1CM8	A	185	PTR_mixed_with_TPO	1	2	2.4	PTR	264		2	8-33,40-315,322-329,335-353	8-33,40-315,322-329,335-353	PTR	/mnt/c/Users/drpat/OneDrive - UGent/Desktop/PD/Phospho-fill/Validation-allPDB/pdb_cache/1cm8.cif	PTR	PTR	OH	CZ	ok	1.55765579446811	123.77011340116917	-124.90481207759458	50.520319150992734	ARG:192	ARG	NH2	2.4834182076709594	2.0	3.0	ARG:192	ARG	NH2	2.4834182076709594	HOH:2133	O	4.974273983617565	0.0	21.0	salt_bridge_like			intermediate	TPO:183	TPO	15.269624306316873	0.0	0.0		modified	1.55765579446811	76.9364305467006	87.78082602188078	same	lateral	-124.90481207759458	50.520319150992734
P49841	1O9U	A	216	PTR_single	1	1	2.4	PTR	236		3	35-384	35-384	PTR	/mnt/c/Users/drpat/OneDrive - UGent/Desktop/PD/Phospho-fill/Validation-allPDB/pdb_cache/1o9u.cif	PTR	PTR	OH	CZ	ok	1.644511575444053	125.48007669279288	61.36980624747313	-119.3908980555543	ARG:220	ARG	NH2	2.5449148200502227	2.0	2.0	ARG:220	ARG	NH2	2.5449148200502227	HOH:2069	O	3.204349741942019	1.0	13.0	salt_bridge_like			intermediate				0.0	0.0		modified	1.644511575444053	57.22342031414365	20.466581082460994	same	toward	61.36980624747313	-119.3908980555543
P06239	1QPC	A	394	PTR_single	1	1	1.6	PTR	102		2	231-502	231-502	PTR	/mnt/c/Users/drpat/OneDrive - UGent/Desktop/PD/Phospho-fill/Validation-allPDB/pdb_cache/1qpc.cif	PTR	PTR	OH	CZ	ok	1.631986158397885	122.99099606618414	27.67540975065934	-152.49288685283733	ARG:363	ARG	NH2	3.289938995803796	2.0	2.0	ARG:363	ARG	NH2	3.289938995803796	HOH:1052	O	2.17340620406652	2.0	18.0	salt_bridge_like			exposed				0.0	0.0		modified	1.631986158397885	79.96687551070477	40.83822156096273	opposite	lateral	27.67540975065934	-152.49288685283733
P06239	1QPD	A	394	PTR_single	1	1	2.0	PTR	103		2	231-502	231-502	PTR	/mnt/c/Users/drpat/OneDrive - UGent/Desktop/PD/Phospho-fill/Validation-allPDB/pdb_cache/1qpd.cif	PTR	PTR	OH	CZ	ok	1.5738836051055005	134.83840327181449	-6.08260555205836	173.91031213405626	ARG:387	ARG	NE	2.9114850477228904	1.0	2.0	ARG:387	ARG	NE	2.9114850477228904	HOH:112	O	5.721846607147196	0.0	11.0	salt_bridge_like			intermediate				0.0	0.0		modified	1.5738836051055005	78.05114622985856	108.71490613688417	opposite	lateral	-6.08260555205836	173.91031213405626
P06239	1QPE	A	394	PTR_single	1	1	2.0	PTR	104		2	231-501	231-501	PTR	/mnt/c/Users/drpat/OneDrive - UGent/Desktop/PD/Phospho-fill/Validation-allPDB/pdb_cache/1qpe.cif	PTR	PTR	OH	CZ	ok	1.631986158397885	122.99099606618414	27.67540975065934	-152.49288685283733	ARG:363	ARG	NH2	3.3718864734970326	2.0	2.0	ARG:363	ARG	NH2	3.3718864734970326	HOH:2027	O	2.230727493201097	2.0	18.0	salt_bridge_like			exposed				0.0	0.0		modified	1.631986158397885	80.88239360963834	42.17245378922167	opposite	lateral	27.67540975065934	-152.49288685283733
P06239	1QPJ	A	394	PTR_single	1	1	2.2	PTR	105		2	236-501	236-501	PTR	/mnt/c/Users/drpat/OneDrive - UGent/Desktop/PD/Phospho-fill/Validation-allPDB/pdb_cache/1qpj.cif	PTR	PTR	OH	CZ	ok	1.760021787828379	130.19018383214103	179.90226295614286	-2.7330386023008297	ARG:387	ARG	NE	2.8307947100658204	1.0	2.0	ARG:387	ARG	NE	2.8307947100658204	HOH:70	O	3.808984001367018	1.0	16.0	salt_bridge_like			intermediate				0.0	0.0		modified	1.760021787828379	80.66262752844429	108.3461300443826	opposite	lateral	179.90226295614286	-2.7330386023008297
O60674	2B7A	B	1007	PTR_only_multi_2	2	2	2.0	PTR	4		2	840-919,924-1132	840-919,924-1132	PTR,PTR	/mnt/c/Users/drpat/OneDrive - UGent/Desktop/PD/Phospho-fill/Validation-allPDB/pdb_cache/2b7a.cif	PTR	PTR	OH	CZ	ok	1.6143129137741068	121.72960897637948	108.03960700890384	-71.51448323219337	LYS:1030	LYS	NZ	3.084318606732735	2.0	3.0	LYS:1030	LYS	NZ	3.084318606732735	HOH:356	O	2.6311474774199515	2.0	10.0	salt_bridge_like			exposed	PTR:1008	PTR	14.16246212665797	0.0	0.0		modified	1.6143129137741068	58.220482194345216	31.35220690007586	same	toward	108.03960700890384	-71.51448323219337
O60674	2B7A	B	1008	PTR_only_multi_2	2	2	2.0	PTR	4		2	840-919,924-1132	840-919,924-1132	PTR,PTR	/mnt/c/Users/drpat/OneDrive - UGent/Desktop/PD/Phospho-fill/Validation-allPDB/pdb_cache/2b7a.cif	PTR	PTR	OH	CZ	ok	1.6143653281309318	123.81683402037568	-126.16499588435842	52.59389697122968	ARG:897	ARG	NH1	3.491850167880542	1.0	3.0	ARG:897	ARG	NH1	3.491850167880542	HOH:94	O	5.483845569289408	0.0	9.0	salt_bridge_like			intermediate	PTR:1007	PTR	14.16246212665797	0.0	0.0		modified	1.6143653281309318	81.52160103292137	136.86335899849925	opposite	lateral	-126.16499588435842	52.59389697122968
P24941	2CJM	C	15	PTR_mixed_with_TPO	1	2	2.3	PTR	190		3	1-297	1-297	PTR	/mnt/c/Users/drpat/OneDrive - UGent/Desktop/PD/Phospho-fill/Validation-allPDB/pdb_cache/2cjm.cif	PTR	PTR	OH	CZ	ok	1.6348630692436137	122.03249913351932	-52.01618691826889	127.84886994786953					0.0	0.0	THR:14	THR	OG1	3.3177064864129258	HOH:2155	O	3.0200855613920874	2.0	8.0	hbond_like			exposed	TPO:160	TPO	11.39513083583981	0.0	1.0	TPO:160@11.40	modified	1.6348630692436137		60.8327151856497			-52.01618691826889	127.84886994786953
P63086	2ERK	A	185	PTR_mixed_with_TPO	1	2	2.4	PTR	270		2	6-358	6-358	PTR	/mnt/c/Users/drpat/OneDrive - UGent/Desktop/PD/Phospho-fill/Validation-allPDB/pdb_cache/2erk.cif	PTR	PTR	OH	CZ	ok	1.5935512608564086	119.20159895043851	65.95331286046823	-106.81407489779117	ARG:192	ARG	NH2	2.4820355695208804	2.0	2.0	ARG:192	ARG	NH2	2.4820355695208804	HOH:558	O	5.0763146364358205	0.0	19.0	salt_bridge_like			intermediate	TPO:183	TPO	15.594233039475807	0.0	0.0		modified	1.5935512608564086	64.21369088519559	62.620875228216	same	lateral	65.95331286046823	-106.81407489779117
P00519	2GQG	A	393	PTR_single	1	1	2.4	PTR	86		4	229-500	229-500	PTR	/mnt/c/Users/drpat/OneDrive - UGent/Desktop/PD/Phospho-fill/Validation-allPDB/pdb_cache/2gqg.cif	PTR				missing_anchor_or_base																																					
P07949	2IVU	A	905	PTR_single	1	1	2.5	PTR	124		5	703-712,714-820,844-1012	703-712,714-820,844-1012	PTR	/mnt/c/Users/drpat/OneDrive - UGent/Desktop/PD/Phospho-fill/Validation-allPDB/pdb_cache/2ivu.cif	PTR	PTR	OH	CZ	ok	1.6323971234514365	131.6095344525071	179.6901689488885	-0.0495870531214433	ARG:897	ARG	NE	3.0216867771700877	3.0	4.0	ARG:897	ARG	NE	3.0216867771700877	HOH:2048	O	2.4620440866426523	2.0	18.0	salt_bridge_like			exposed				0.0	0.0		modified	1.6323971234514365	85.21883702425635	54.0643164538357	same	lateral	179.6901689488885	-0.0495870531214433
P07949	2IVV	A	905	PTR_single	1	1	2.25	PTR	125		5	703-711,716-820,846-1011	703-711,716-820,846-1011	PTR	/mnt/c/Users/drpat/OneDrive - UGent/Desktop/PD/Phospho-fill/Validation-allPDB/pdb_cache/2ivv.cif	PTR	PTR	OH	CZ	ok	1.6427347188172738	129.0003823415318	178.5508209485825	-0.8351787229742507	ARG:770	ARG	NH2	2.5632732276976635	3.0	4.0	ARG:770	ARG	NH2	2.5632732276976635	HOH:2080	O	2.5456521457311445	7.0	22.0	salt_bridge_like			exposed				0.0	0.0		modified	1.6427347188172738	32.37405810956928	27.216438098197298	opposite	toward	178.5508209485825	-0.8351787229742507
Q00944	2J0L	A	576	PTR_only_multi_2	2	2	2.3	PTR	276		2	411-686	411-686	PTR,PTR	/mnt/c/Users/drpat/OneDrive - UGent/Desktop/PD/Phospho-fill/Validation-allPDB/pdb_cache/2j0l.cif	PTR	PTR	OH	CZ	ok	1.6021487995726535	121.04091573484548	22.98951025004751	-156.95259877752517	ARG:598	ARG	NH1	7.205242529188151	0.0	0.0	THR:575	THR	OG1	3.629695334454893	HOH:2051	O	2.9466304523689413	1.0	3.0	water_mediated_like			intermediate	PTR:577	PTR	14.735862344810315	0.0	0.0		modified	1.6021487995726535	82.15064738370438	84.95051064541256	opposite	lateral	22.98951025004751	-156.95259877752517
Q00944	2J0L	A	577	PTR_only_multi_2	2	2	2.3	PTR	276		2	411-686	411-686	PTR,PTR	/mnt/c/Users/drpat/OneDrive - UGent/Desktop/PD/Phospho-fill/Validation-allPDB/pdb_cache/2j0l.cif	PTR	PTR	OH	CZ	ok	1.6195275981563069	124.6056948591415	-135.16960438797585	43.836296963585276	LYS:578	LYS	CE	2.594725103058754	3.0	4.0	LYS:578	LYS	NZ	3.3018486356835237	HOH:2053	O	2.738970030886439	1.0	27.0	salt_bridge_like			buried	PTR:576	PTR	14.735862344810315	0.0	0.0		modified	1.6195275981563069	59.340104003098894	41.90447438385032	same	toward	-135.16960438797585	43.836296963585276
P06239	2OFU	A	394	PTR_single	1	1	2.0	PTR	106		2	229-501	229-501	PTR	/mnt/c/Users/drpat/OneDrive - UGent/Desktop/PD/Phospho-fill/Validation-allPDB/pdb_cache/2ofu.cif	PTR	PTR	OH	CZ	ok	1.6418294346607447	122.22467799507147	-22.02343624109056	150.54672229968205	ARG:387	ARG	NH2	2.9411400856300203	1.0	2.0	ARG:387	ARG	NH2	2.9411400856300203	HOH:783	O	2.4164949451826883	3.0	16.0	salt_bridge_like			exposed				0.0	0.0		modified	1.6418294346607447	76.3439959037984	48.05696825068645	opposite	lateral	-22.02343624109056	150.54672229968205
P00523	2PTK	A	527	PTR_single	1	1	2.35	PTR	98		2	83-299,304-407,424-528	83-299,304-407,424-528	PTR	/mnt/c/Users/drpat/OneDrive - UGent/Desktop/PD/Phospho-fill/Validation-allPDB/pdb_cache/2ptk.cif	PTR	PTR	OH	CZ	ok	1.5876999380821062	121.04335202593376	-104.95391925679762	71.74466825262715	ARG:175	ARG	NH1	2.631583867670654	2.0	3.0	THR:179	THR	OG1	2.4246771857467966	HOH:585	O	6.19832472555412	0.0	40.0	salt_bridge_like			buried				0.0	0.0		modified	1.5876999380821062	42.469831647533624	33.250763966532595	same	toward	-104.95391925679762	71.74466825262715
P29320	2QO7	A	701	PTR_single	1	1	1.605	PTR	198		1	595-600,608-766,787-893,898-904	595-600,608-766,787-893,898-904	PTR	/mnt/c/Users/drpat/OneDrive - UGent/Desktop/PD/Phospho-fill/Validation-allPDB/pdb_cache/2qo7.cif	PTR	PTR	OH	CZ	ok	1.615920926305495	124.15066340599225	-58.67091726491008	120.35506510665017	LYS:625	LYS	NZ	2.3230924838397633	1.0	1.0	LYS:625	LYS	NZ	2.3230924838397633	HOH:1218	O	2.8554930479307594	2.0	16.0	salt_bridge_like			exposed				0.0	0.0		modified	1.615920926305495	41.673817051853995	54.18086581656089	same	toward	-58.67091726491008	120.35506510665017
P29320	2QOB	A	701	PTR_single	1	1	1.65	PTR	199		1	609-771,785-892,897-906	609-771,785-892,897-906	PTR	/mnt/c/Users/drpat/OneDrive - UGent/Desktop/PD/Phospho-fill/Validation-allPDB/pdb_cache/2qob.cif	PTR	PTR	OH	CZ	ok	1.602322882898077	121.69345914609671	-86.1721950735182	92.59436167894295	LYS:625	LYS	CE	5.0522690891195925	0.0	1.0	SER:637	SER	OG	2.9955071897416676	HOH:1220	O	2.736992622275966	3.0	10.0	hbond_like			exposed				0.0	0.0		modified	1.602322882898077	41.73300989390448	68.73456470770547	same	toward	-86.1721950735182	92.59436167894295
P29320	2QON	A	701	PTR_single	1	1	1.79	PTR	200		1	595-597,608-769,786-894,898-905	595-597,608-769,786-894,898-905	PTR	/mnt/c/Users/drpat/OneDrive - UGent/Desktop/PD/Phospho-fill/Validation-allPDB/pdb_cache/2qon.cif	PTR	PTR	OH	CZ	ok	1.6175983248213996	128.2988434394237	-96.85063164513942	76.90917800140204	LYS:625	LYS	NZ	3.144941396079091	1.0	1.0	LYS:625	LYS	NZ	3.144941396079091	HOH:164	O	2.6040344900933405	6.0	12.0	salt_bridge_like			exposed				0.0	0.0		modified	1.6175983248213996	19.93742832179494	70.63577047092713	same	toward	-96.85063164513942	76.90917800140204
P29320	2QOQ	A	701	PTR_single	1	1	1.6	PTR	201		1	595-600,603-766,785-892,900-906	595-600,603-766,785-892,900-906	PTR	/mnt/c/Users/drpat/OneDrive - UGent/Desktop/PD/Phospho-fill/Validation-allPDB/pdb_cache/2qoq.cif	PTR	PTR	OH	CZ	ok	1.6183317891292823	123.01508783663732	-60.328161788328956	118.91648533861532	LYS:625	LYS	CE	3.7250896057617697	1.0	1.0	LYS:625	LYS	NZ	3.929168085660042	HOH:1147	O	2.735726495528378	3.0	14.0	water_mediated_like			exposed				0.0	0.0		modified	1.6183317891292823	55.91119550332362	58.51880391617617	same	toward	-60.328161788328956	118.91648533861532
P00519	2V7A	A	393	PTR_single	1	1	2.5	PTR	87		4	233-503	233-503	PTR	/mnt/c/Users/drpat/OneDrive - UGent/Desktop/PD/Phospho-fill/Validation-allPDB/pdb_cache/2v7a.cif	PTR	PTR	OH	CZ	ok	1.6478769188431157	128.47878994041957	-23.012481817832132	155.92613927315963	HIS:396	HIS	NE2	2.934864572103526	2.0	4.0	HIS:396	HIS	NE2	2.934864572103526	HOH:2062	O	2.9217173994826373	1.0	15.0	salt_bridge_like			intermediate				0.0	0.0		modified	1.6478769188431157	60.29648110958156	76.59192797257982	same	lateral	-23.012481817832132	155.92613927315963
Q13627	2VX3	A	321	PTR_single	1	1	2.4	PTR	285		2	135-481	135-481	PTR	/mnt/c/Users/drpat/OneDrive - UGent/Desktop/PD/Phospho-fill/Validation-allPDB/pdb_cache/2vx3.cif	PTR	PTR	OH	CZ	ok	1.6018740300689127	134.80681591472197	-59.21039763314358	114.4633308522934	ARG:325	ARG	NH2	2.9884076138269275	2.0	2.0	ARG:325	ARG	NH2	2.9884076138269275	HOH:2043	O	2.712161595450895	2.0	14.0	salt_bridge_like			exposed				0.0	0.0		modified	1.6018740300689127	14.888165806832049	41.58218943932361	same	toward	-59.21039763314358	114.4633308522934
Q13627	2WO6	A	321	PTR_single	1	1	2.5	PTR	286		2	133-408,413-481	133-408,413-481	PTR	/mnt/c/Users/drpat/OneDrive - UGent/Desktop/PD/Phospho-fill/Validation-allPDB/pdb_cache/2wo6.cif	PTR	PTR	OH	CZ	ok	1.5971091110312448	114.4343394470158	84.04573247490289	-96.818463378937	ARG:328	ARG	NH2	2.7066819896473575	2.0	2.0	ARG:328	ARG	NH2	2.7066819896473575	HOH:2061	O	5.0993612553949506	0.0	14.0	salt_bridge_like			intermediate				0.0	0.0		modified	1.5971091110312448	49.83063702292303	113.98424857387943	same	toward	84.04573247490289	-96.818463378937
P07949	2X2L	A	905	PTR_single	1	1	2.0	PTR	126		5	703-712,715-822,844-1010	703-712,715-822,844-1010	PTR	/mnt/c/Users/drpat/OneDrive - UGent/Desktop/PD/Phospho-fill/Validation-allPDB/pdb_cache/2x2l.cif	PTR	PTR	OH	CZ	ok	1.5965039023603174	128.69537571520567	5.522627248881471	-174.5122686188448	ARG:770	ARG	NH2	2.6630474091420253	3.0	4.0	ARG:770	ARG	NH2	2.6630474091420253	HOH:3028	O	4.700566576046877	0.0	21.0	salt_bridge_like			intermediate				0.0	0.0		modified	1.5965039023603174	26.13882893583152	55.7689616294358	same	toward	5.522627248881471	-174.5122686188448
P07949	2X2M	A	905	PTR_single	1	1	2.5	PTR	127		5	703-712,714-732,735-820,845-1013	703-712,714-732,735-820,845-1013	PTR	/mnt/c/Users/drpat/OneDrive - UGent/Desktop/PD/Phospho-fill/Validation-allPDB/pdb_cache/2x2m.cif	PTR	PTR	OH	CZ	ok	1.6039414554813942	126.89162439818158	-2.7247991513748167	177.29119809901914	ARG:770	ARG	NH2	2.6990782583594592	3.0	4.0	ARG:770	ARG	NH2	2.6990782583594592				0.0	21.0	salt_bridge_like			intermediate				0.0	0.0		modified	1.6039414554813942	28.82603694031891		opposite	toward	-2.7247991513748167	177.29119809901914
O60674	2XA4	A	1007	PTR_only_multi_2	2	2	2.04	PTR	5		2	843-857,860-919,924-1010,1015-1130	843-857,860-919,924-1010,1015-1130	PTR,PTR	/mnt/c/Users/drpat/OneDrive - UGent/Desktop/PD/Phospho-fill/Validation-allPDB/pdb_cache/2xa4.cif	PTR	PTR	OH	CZ	ok	1.6179424527513986	125.36095218741455	-13.392452164307974	166.56574258133898	LYS:1030	LYS	NZ	2.872767623134431	2.0	2.0	LYS:1030	LYS	NZ	2.872767623134431	HOH:2081	O	2.8889994191816406	1.0	6.0	salt_bridge_like			intermediate	PTR:1008	PTR	14.505039340293765	0.0	0.0		modified	1.6179424527513986	81.65926483973705	103.66762061241461	same	lateral	-13.392452164307974	166.56574258133898
O60674	2XA4	A	1008	PTR_only_multi_2	2	2	2.04	PTR	5		2	843-857,860-919,924-1010,1015-1130	843-857,860-919,924-1010,1015-1130	PTR,PTR	/mnt/c/Users/drpat/OneDrive - UGent/Desktop/PD/Phospho-fill/Validation-allPDB/pdb_cache/2xa4.cif	PTR	PTR	OH	CZ	ok	1.604315912719771	127.594953638418	157.0842827495824	-21.412849317666723	ARG:897	ARG	NH1	3.7289849974989746	2.0	3.0	ARG:897	ARG	NH1	3.7289849974989746	HOH:2082	O	3.930544798101466	1.0	8.0	none_obvious			intermediate	PTR:1007	PTR	14.505039340293765	0.0	0.0		modified	1.604315912719771	53.9597365868035	85.98342220822522	opposite	toward	157.0842827495824	-21.412849317666723
P06239	2ZM1	A	394	PTR_single	1	1	2.1	PTR	107		2	231-501	231-501	PTR	/mnt/c/Users/drpat/OneDrive - UGent/Desktop/PD/Phospho-fill/Validation-allPDB/pdb_cache/2zm1.cif	PTR	PTR	OH	CZ	ok	1.6113531720177858	127.64245103429121	-17.637768485912442	161.82025772729384	ARG:387	ARG	NH2	2.8571380480219837	2.0	3.0	ARG:387	ARG	NH2	2.8571380480219837	HOH:790	O	2.724866336160749	2.0	17.0	salt_bridge_like			exposed				0.0	0.0		modified	1.6113531720177858	74.82745794454655	73.30425010475295	opposite	lateral	-17.637768485912442	161.82025772729384
P08069	2ZM3	A	1161	PTR_only_multi_3	3	3	2.5	PTR	137		3	981-1097,1101-1285	981-1097,1101-1285	PTR,PTR,PTR	/mnt/c/Users/drpat/OneDrive - UGent/Desktop/PD/Phospho-fill/Validation-allPDB/pdb_cache/2zm3.cif	PTR	PTR	OH	CZ	missing_phospho_atoms																																					
P08069	2ZM3	A	1165	PTR_only_multi_3	3	3	2.5	PTR	137		3	981-1097,1101-1285	981-1097,1101-1285	PTR,PTR,PTR	/mnt/c/Users/drpat/OneDrive - UGent/Desktop/PD/Phospho-fill/Validation-allPDB/pdb_cache/2zm3.cif	PTR	PTR	OH	CZ	ok	1.6107050740125606	124.29910757554964	-120.50297388103564	58.398412556104795	ARG:1167	ARG	NE	2.5765805024217916	1.0	1.0	ARG:1167	ARG	NE	2.5765805024217916	HOH:216	O	5.232039947474659	0.0	8.0	salt_bridge_like			intermediate	PTR:1166	PTR	12.346335297160218	0.0	0.0		modified	1.6107050740125606	47.52848952022798	56.488177243452625	same	toward	-120.50297388103564	58.398412556104795
P08069	2ZM3	A	1166	PTR_only_multi_3	3	3	2.5	PTR	137		3	981-1097,1101-1285	981-1097,1101-1285	PTR,PTR,PTR	/mnt/c/Users/drpat/OneDrive - UGent/Desktop/PD/Phospho-fill/Validation-allPDB/pdb_cache/2zm3.cif	PTR	PTR	OH	CZ	ok	1.613567653002382	125.14110025859218	-171.82512381610752	8.189876180464225	LYS:1168	LYS	NZ	2.7545046195922978	2.0	3.0	LYS:1168	LYS	NZ	2.7545046195922978	HOH:233	O	5.233824093852254	0.0	18.0	salt_bridge_like			intermediate	PTR:1165	PTR	12.346335297160218	0.0	0.0		modified	1.613567653002382	81.00935833890371	91.01793381541438	same	lateral	-171.82512381610752	8.189876180464225
P27361	2ZOQ	A	204	PTR_single	1	1	2.39	PTR	191		3	24-375	24-375	PTR	/mnt/c/Users/drpat/OneDrive - UGent/Desktop/PD/Phospho-fill/Validation-allPDB/pdb_cache/2zoq.cif	PTR	PTR	OH	CZ	ok	1.535388968110256	123.32664319121758	90.10568350072441	-93.42347742926405	ARG:165	ARG	NH1	2.3764269236474207	2.0	3.0	ARG:165	ARG	NH1	2.3764269236474207	HOH:426	O	3.1915135962095222	3.0	20.0	salt_bridge_like			exposed				0.0	0.0		modified	1.535388968110256	99.79197858213084	32.16031803526071	opposite	lateral	90.10568350072441	-93.42347742926405
P06239	3AC1	A	394	PTR_single	1	1	1.99	PTR	108		2	231-502	231-502	PTR	/mnt/c/Users/drpat/OneDrive - UGent/Desktop/PD/Phospho-fill/Validation-allPDB/pdb_cache/3ac1.cif	PTR	PTR	OH	CZ	ok	1.5950789593265198	125.89606535781672	176.0119949318811	-4.29596703085205	ARG:387	ARG	NE	2.653000981807748	1.0	2.0	ARG:387	ARG	NE	2.653000981807748	HOH:201	O	2.626242890127509	1.0	16.0	salt_bridge_like			intermediate				0.0	0.0		modified	1.5950789593265198	72.25968765777237	74.14664482969897	opposite	lateral	176.0119949318811	-4.29596703085205
P06239	3AC2	A	394	PTR_single	1	1	2.1	PTR	109		2	231-502	231-502	PTR	/mnt/c/Users/drpat/OneDrive - UGent/Desktop/PD/Phospho-fill/Validation-allPDB/pdb_cache/3ac2.cif	PTR	PTR	OH	CZ	ok	1.606554761134349	129.64694744597077	-147.37293826652382	27.58618106616978	ARG:387	ARG	NH2	2.5890733404831328	2.0	2.0	ARG:387	ARG	NH2	2.5890733404831328	HOH:528	O	2.803403613046587	2.0	12.0	salt_bridge_like			exposed				0.0	0.0		modified	1.606554761134349	49.377305178087965	28.011998507187194	same	toward	-147.37293826652382	27.58618106616978
P06239	3AC5	A	394	PTR_single	1	1	2.5	PTR	110		2	231-502	231-502	PTR	/mnt/c/Users/drpat/OneDrive - UGent/Desktop/PD/Phospho-fill/Validation-allPDB/pdb_cache/3ac5.cif	PTR	PTR	OH	CZ	ok	1.6115165532771505	123.78108064743557	159.1880262805638	-19.672037185417334	ARG:387	ARG	NH2	2.9878397408936217	1.0	2.0	ARG:387	ARG	NH2	2.9878397408936217	HOH:80	O	5.0224715810233445	0.0	11.0	salt_bridge_like			intermediate				0.0	0.0		modified	1.6115165532771505	69.38299249708624	68.69720413890161	opposite	lateral	159.1880262805638	-19.672037185417334
P06239	3AC8	A	394	PTR_single	1	1	2.3	PTR	111		2	231-501	231-501	PTR	/mnt/c/Users/drpat/OneDrive - UGent/Desktop/PD/Phospho-fill/Validation-allPDB/pdb_cache/3ac8.cif	PTR	PTR	OH	CZ	ok	1.6118952166801463	122.24120667723417	172.75654108408375	-7.182359398637868	ARG:387	ARG	NE	2.7085439606226567	1.0	2.0	ARG:387	ARG	NE	2.7085439606226567	HOH:203	O	2.6173677892572704	2.0	16.0	salt_bridge_like			exposed				0.0	0.0		modified	1.6118952166801463	72.59769471774855	68.4163373432843	opposite	lateral	172.75654108408375	-7.182359398637868
P06239	3ACJ	A	394	PTR_single	1	1	2.2	PTR	112		2	231-502	231-502	PTR	/mnt/c/Users/drpat/OneDrive - UGent/Desktop/PD/Phospho-fill/Validation-allPDB/pdb_cache/3acj.cif	PTR	PTR	OH	CZ	ok	1.6134882448511747	130.0248182978143	-176.71407030670176	2.5887761452947564	ARG:387	ARG	NE	2.6695202528847664	1.0	2.0	ARG:387	ARG	NE	2.6695202528847664	HOH:178	O	2.8099253639511335	3.0	13.0	salt_bridge_like			exposed				0.0	0.0		modified	1.6134882448511747	73.76503499017093	30.49832468438256	same	lateral	-176.71407030670176	2.5887761452947564
P06239	3AD4	A	394	PTR_single	1	1	2.2	PTR	113		2	231-502	231-502	PTR	/mnt/c/Users/drpat/OneDrive - UGent/Desktop/PD/Phospho-fill/Validation-allPDB/pdb_cache/3ad4.cif	PTR	PTR	OH	CZ	ok	1.5889779451993982	129.8358810288449	174.29769471104066	-4.329754092912532	ARG:387	ARG	NH2	2.8810171124044244	1.0	2.0	ARG:387	ARG	NH2	2.8810171124044244	HOH:130	O	2.9092397439495707	2.0	16.0	salt_bridge_like			exposed				0.0	0.0		modified	1.5889779451993982	66.393629767353	76.29561810503736	opposite	lateral	174.29769471104066	-4.329754092912532
P06239	3AD5	A	394	PTR_single	1	1	2.0	PTR	114		2	230-502	230-502	PTR	/mnt/c/Users/drpat/OneDrive - UGent/Desktop/PD/Phospho-fill/Validation-allPDB/pdb_cache/3ad5.cif	PTR	PTR	OH	CZ	ok	1.6053141184247837	126.37236622686626	175.5353810829647	-4.672028056886443	ARG:387	ARG	NH2	2.604631677628535	1.0	2.0	ARG:387	ARG	NH2	2.604631677628535	HOH:219	O	2.9112992238566244	3.0	15.0	salt_bridge_like			exposed				0.0	0.0		modified	1.6053141184247837	64.23825783070315	78.2598062776699	opposite	lateral	175.5353810829647	-4.672028056886443
P06239	3AD6	A	394	PTR_single	1	1	2.15	PTR	115		2	230-502	230-502	PTR	/mnt/c/Users/drpat/OneDrive - UGent/Desktop/PD/Phospho-fill/Validation-allPDB/pdb_cache/3ad6.cif	PTR	PTR	OH	CZ	ok	1.607926505841113	128.3671958038739	-154.54125557012568	21.283953295380332	ARG:387	ARG	NH2	2.5150982464630975	2.0	2.0	ARG:387	ARG	NH2	2.5150982464630975	HOH:62	O	3.4828513432976296	1.0	13.0	salt_bridge_like			intermediate				0.0	0.0		modified	1.607926505841113	55.215443864656045	92.4935459571611	same	toward	-154.54125557012568	21.283953295380332
P06239	3BYM	A	394	PTR_single	1	1	2.0	PTR	116		2	230-501	230-501	PTR	/mnt/c/Users/drpat/OneDrive - UGent/Desktop/PD/Phospho-fill/Validation-allPDB/pdb_cache/3bym.cif	PTR	PTR	OH	CZ	ok	1.6235353310495746	121.42944559420799	178.8405165203873	0.0941282649345107	ARG:387	ARG	NH2	2.9567583213801334	1.0	2.0	ARG:387	ARG	NH2	2.9567583213801334	HOH:666	O	2.5895873222419663	3.0	12.0	salt_bridge_like			exposed				0.0	0.0		modified	1.6235353310495746	74.76445267288683	73.22645234592447	same	lateral	178.8405165203873	0.0941282649345107
P06239	3BYO	A	394	PTR_single	1	1	2.0	PTR	117		2	231-501	231-501	PTR	/mnt/c/Users/drpat/OneDrive - UGent/Desktop/PD/Phospho-fill/Validation-allPDB/pdb_cache/3byo.cif	PTR	PTR	OH	CZ	ok	1.624585306226287	121.93677991119529	3.644485140527819	-172.00154875650313	ARG:387	ARG	NH2	2.4275475965184956	1.0	2.0	ARG:387	ARG	NH2	2.4275475965184956	HOH:607	O	6.08819610242773	0.0	11.0	salt_bridge_like			intermediate				0.0	0.0		modified	1.624585306226287	62.84552212331579	106.26131465626605	same	lateral	3.644485140527819	-172.00154875650313
P35968	3C7Q	A	1054	PTR_only_multi_2	2	2	2.1	PTR	218		2	819-939,998-1047,1052-1171	819-939,998-1047,1052-1171	PTR,PTR	/mnt/c/Users/drpat/OneDrive - UGent/Desktop/PD/Phospho-fill/Validation-allPDB/pdb_cache/3c7q.cif	PTR	PTR	OH	CZ	ok	1.6067741170421888	125.72717677527788	134.1503136066644	-44.61952374505114	LYS:871	LYS	NZ	3.0312437195835664	2.0	2.0	LYS:871	LYS	NZ	3.0312437195835664	HOH:1236	O	7.342418070766138	0.0	13.0	salt_bridge_like			intermediate	PTR:1059	PTR	12.379971613653982	0.0	0.0		modified	1.6067741170421888	94.75993237015095	94.25689852108441	opposite	lateral	134.1503136066644	-44.61952374505114
P35968	3C7Q	A	1059	PTR_only_multi_2	2	2	2.1	PTR	218		2	819-939,998-1047,1052-1171	819-939,998-1047,1052-1171	PTR,PTR	/mnt/c/Users/drpat/OneDrive - UGent/Desktop/PD/Phospho-fill/Validation-allPDB/pdb_cache/3c7q.cif	PTR	PTR	OH	CZ	ok	1.585674310413297	128.4269127787585	25.687379907680807	-152.32715364259099					0.0	0.0	ASP:1056	ASP	OD2	4.082299937957118	HOH:1243	O	2.9320456856535286	1.0	2.0	water_mediated_like			intermediate	PTR:1054	PTR	12.379971613653982	0.0	0.0		modified	1.585674310413297		69.75812119817847			25.687379907680807	-152.32715364259099
P07332	3CD3	A	713	PTR_single	1	1	1.98	PTR	123		1	448-485,489-495,501-506,511-515,520-537,541-593,598-821	448-485,489-495,501-506,511-515,520-537,541-593,598-821	PTR	/mnt/c/Users/drpat/OneDrive - UGent/Desktop/PD/Phospho-fill/Validation-allPDB/pdb_cache/3cd3.cif	PTR	PTR	OH	CZ	ok	1.5995887971350162	128.3007848826449	-22.610735081807615	156.44262214063235	ARG:706	ARG	NH2	2.7235961831499993	2.0	3.0	ARG:706	ARG	NH2	2.7235961831499993	HOH:317	O	2.97055883819714	1.0	22.0	salt_bridge_like			intermediate				0.0	0.0		modified	1.5995887971350162	54.6560697930002	45.34632115185831	same	toward	-22.610735081807615	156.44262214063235
P00520	3DK6	A	393	PTR_single	1	1	2.02	PTR	96		1	233-248,251-273,279-502	233-248,251-273,279-502	PTR	/mnt/c/Users/drpat/OneDrive - UGent/Desktop/PD/Phospho-fill/Validation-allPDB/pdb_cache/3dk6.cif	PTR	PTR	OH	CZ	ok	1.6162270011881934	127.0526480395106	-32.37802474809673	145.80098911361117	ARG:362	ARG	NH1	2.6436172705820775	2.0	2.0	ARG:362	ARG	NH1	2.6436172705820775	HOH:555	O	2.646010951912803	2.0	19.0	salt_bridge_like			exposed				0.0	0.0		modified	1.6162270011881934	62.85215788558351	41.933872594571675	same	lateral	-32.37802474809673	145.80098911361117
P00520	3DK7	B	393	PTR_single	1	1	2.01	PTR	97		1	233-273,278-505	233-273,278-505	PTR	/mnt/c/Users/drpat/OneDrive - UGent/Desktop/PD/Phospho-fill/Validation-allPDB/pdb_cache/3dk7.cif	PTR	PTR	OH	CZ	ok	1.6098229063841618	125.14894379246206	-86.92153040769988	90.57362018905164	ARG:362	ARG	NH1	2.721800978618727	1.0	2.0	SER:385	SER	OG	2.685737487129776	HOH:710	O	3.6397487309464056	1.0	16.0	salt_bridge_like			intermediate				0.0	0.0		modified	1.6098229063841618	66.42411058769518	124.74977674632217	same	lateral	-86.92153040769988	90.57362018905164
P00523	3DQW	A	416	PTR_single	1	1	2.017	PTR	99		2	255-533	255-533	PTR	/mnt/c/Users/drpat/OneDrive - UGent/Desktop/PD/Phospho-fill/Validation-allPDB/pdb_cache/3dqw.cif	PTR	PTR	OH	CZ	ok	1.6171269371908064	124.74086592866963	174.7454053773346	-5.1660519888669825	ARG:385	ARG	NH1	2.7191929865236197	2.0	3.0	ARG:385	ARG	NH1	2.7191929865236197	HOH:539	O	2.477483201731788	2.0	23.0	salt_bridge_like			exposed				0.0	0.0		modified	1.6171269371908064	63.84769524583611	30.11659534578769	same	lateral	174.7454053773346	-5.1660519888669825
O60674	3E62	A	1007	PTR_only_multi_2	2	2	1.922	PTR	6		2	839-1131	839-1131	PTR,PTR	/mnt/c/Users/drpat/OneDrive - UGent/Desktop/PD/Phospho-fill/Validation-allPDB/pdb_cache/3e62.cif	PTR	PTR	OH	CZ	ok	1.6124607603992116	124.15112618536322	112.31108260748836	-65.78845282439312	LYS:1030	LYS	NZ	3.465390943517557	1.0	3.0	LYS:1030	LYS	NZ	3.465390943517557	HOH:225	O	3.3918923303955704	1.0	6.0	salt_bridge_like			intermediate	PTR:1008	PTR	14.285127257472803	0.0	0.0		modified	1.6124607603992116	64.58257884812929	89.82933110017596	same	lateral	112.31108260748836	-65.78845282439312
O60674	3E62	A	1008	PTR_only_multi_2	2	2	1.922	PTR	6		2	839-1131	839-1131	PTR,PTR	/mnt/c/Users/drpat/OneDrive - UGent/Desktop/PD/Phospho-fill/Validation-allPDB/pdb_cache/3e62.cif	PTR	PTR	OH	CZ	ok	1.6118367485325709	126.86812093538042	-9.92690930844938	168.83887002007722	ARG:897	ARG	NH1	2.8342719622799906	1.0	3.0	ARG:897	ARG	NH1	2.8342719622799906	HOH:154	O	3.2321667303951815	2.0	9.0	salt_bridge_like			exposed	PTR:1007	PTR	14.285127257472803	0.0	0.0		modified	1.6118367485325709	36.80992759259812	72.61689777731806	opposite	toward	-9.92690930844938	168.83887002007722
O60674	3E63	A	1007	PTR_only_multi_2	2	2	1.9	PTR	7		2	840-1131	840-1131	PTR,PTR	/mnt/c/Users/drpat/OneDrive - UGent/Desktop/PD/Phospho-fill/Validation-allPDB/pdb_cache/3e63.cif	PTR	PTR	OH	CZ	ok	1.6092023881858193	124.24839849191203	103.10587419831676	-74.82896943240131	LYS:1005	LYS	NZ	3.1633866396653825	2.0	2.0	LYS:1005	LYS	NZ	3.1633866396653825	HOH:89	O	5.6218671772710955	0.0	6.0	salt_bridge_like			intermediate	PTR:1008	PTR	14.248897894365166	0.0	0.0		modified	1.6092023881858193	98.26706217184513	110.52288303682866	opposite	lateral	103.10587419831676	-74.82896943240131
O60674	3E63	A	1008	PTR_only_multi_2	2	2	1.9	PTR	7		2	840-1131	840-1131	PTR,PTR	/mnt/c/Users/drpat/OneDrive - UGent/Desktop/PD/Phospho-fill/Validation-allPDB/pdb_cache/3e63.cif	PTR	PTR	OH	CZ	ok	1.6255251917815838	126.32532524782319	9.797046073250838	-170.121998095346	ARG:897	ARG	NH1	3.3479640987670107	2.0	3.0	ARG:897	ARG	NH1	3.3479640987670107	HOH:193	O	3.42376429948084	4.0	9.0	salt_bridge_like			exposed	PTR:1007	PTR	14.248897894365166	0.0	0.0		modified	1.6255251917815838	35.50482800390241	62.205029710122304	same	toward	9.797046073250838	-170.121998095346
O60674	3E64	A	1007	PTR_only_multi_2	2	2	1.8	PTR	8		2	839-1131	839-1131	PTR,PTR	/mnt/c/Users/drpat/OneDrive - UGent/Desktop/PD/Phospho-fill/Validation-allPDB/pdb_cache/3e64.cif	PTR	PTR	OH	CZ	ok	1.6104077421085905	123.55889011071868	110.77285286820351	-67.40654455456092	LYS:1005	LYS	NZ	3.5840646783243537	2.0	3.0	LYS:1005	LYS	NZ	3.5840646783243537	HOH:112	O	5.306133518581214	0.0	8.0	none_obvious			intermediate	PTR:1008	PTR	14.371307815044	0.0	0.0		modified	1.6104077421085905	97.62006840912498	105.69380566362742	opposite	lateral	110.77285286820351	-67.40654455456092
O60674	3E64	A	1008	PTR_only_multi_2	2	2	1.8	PTR	8		2	839-1131	839-1131	PTR,PTR	/mnt/c/Users/drpat/OneDrive - UGent/Desktop/PD/Phospho-fill/Validation-allPDB/pdb_cache/3e64.cif	PTR	PTR	OH	CZ	ok	1.6286716689991638	126.31801204093362	-10.810301115517776	168.16548495154504	LYS:999	LYS	NZ	4.089158780104614	0.0	3.0	LYS:999	LYS	NZ	4.089158780104614	HOH:270	O	3.5944831779618434	2.0	6.0	none_obvious			exposed	PTR:1007	PTR	14.371307815044	0.0	0.0		modified	1.6286716689991638	94.19937713010789	67.99256781689242	opposite	lateral	-10.810301115517776	168.16548495154504
P23458	3EYG	A	1034	PTR_only_multi_2	2	2	1.9	PTR	148		2	865-912,918-946,950-1154	865-912,918-946,950-1154	PTR,PTR	/mnt/c/Users/drpat/OneDrive - UGent/Desktop/PD/Phospho-fill/Validation-allPDB/pdb_cache/3eyg.cif	PTR	PTR	OH	CZ	ok	1.5774735853666009	129.63235602253675	-161.2752919515893	17.925158171659664	LYS:1057	LYS	NZ	3.414768872011286	1.0	2.0	LYS:1057	LYS	NZ	3.414768872011286	HOH:1354	O	2.635904930678295	2.0	5.0	salt_bridge_like			exposed	PTR:1035	PTR	13.91393065374748	0.0	0.0		modified	1.5774735853666009	94.5165332027807	76.42943098412633	opposite	lateral	-161.2752919515893	17.925158171659664
P23458	3EYG	A	1035	PTR_only_multi_2	2	2	1.9	PTR	148		2	865-912,918-946,950-1154	865-912,918-946,950-1154	PTR,PTR	/mnt/c/Users/drpat/OneDrive - UGent/Desktop/PD/Phospho-fill/Validation-allPDB/pdb_cache/3eyg.cif	PTR	PTR	OH	CZ	ok	1.6085121276331869	128.83625249803123	3.5836582687287155	-177.2829936694418	LYS:1038	LYS	NZ	3.003372417893267	2.0	3.0	LYS:1038	LYS	NZ	3.003372417893267	HOH:1395	O	2.5869841884624742	2.0	11.0	salt_bridge_like			exposed	PTR:1034	PTR	13.91393065374748	0.0	0.0		modified	1.6085121276331869	85.79742255527562	35.23609514405737	opposite	lateral	3.5836582687287155	-177.2829936694418
P23458	3EYH	A	1034	PTR_only_multi_2	2	2	2.0	PTR	149		2	865-913,917-1154	865-913,917-1154	PTR,PTR	/mnt/c/Users/drpat/OneDrive - UGent/Desktop/PD/Phospho-fill/Validation-allPDB/pdb_cache/3eyh.cif	PTR	PTR	OH	CZ	ok	1.6062305535651178	127.64485563108931	167.50004538304728	-10.761351734737922	LYS:1057	LYS	NZ	2.7556789077051778	1.0	2.0	LYS:1057	LYS	NZ	2.7556789077051778	HOH:90	O	3.5026508952908944	1.0	3.0	salt_bridge_like			intermediate	PTR:1035	PTR	14.184480847410487	0.0	0.0		modified	1.6062305535651178	77.23206066691343	96.1318697004566	same	lateral	167.50004538304728	-10.761351734737922
P23458	3EYH	A	1035	PTR_only_multi_2	2	2	2.0	PTR	149		2	865-913,917-1154	865-913,917-1154	PTR,PTR	/mnt/c/Users/drpat/OneDrive - UGent/Desktop/PD/Phospho-fill/Validation-allPDB/pdb_cache/3eyh.cif	PTR	PTR	OH	CZ	ok	1.6142675511224587	128.69002905081274	-4.3495908940005785	175.03694408242671	LYS:1038	LYS	NZ	2.73879716436758	2.0	3.0	LYS:1038	LYS	NZ	2.73879716436758	HOH:234	O	3.933726649239376	1.0	10.0	salt_bridge_like			intermediate	PTR:1034	PTR	14.184480847410487	0.0	0.0		modified	1.6142675511224587	80.51176743439359	79.03234447981872	same	lateral	-4.3495908940005785	175.03694408242671
P49841	3F7Z	A	216	PTR_single	1	1	2.4	PTR	237		3	35-121,125-287,295-383	35-121,125-287,295-383	PTR	/mnt/c/Users/drpat/OneDrive - UGent/Desktop/PD/Phospho-fill/Validation-allPDB/pdb_cache/3f7z.cif	PTR	PTR	OH	CZ	ok	1.6100189636916822	123.13886709685458	96.43049469681209	-82.58175328511189	ARG:223	ARG	NH1	2.803540907478223	2.0	2.0	ARG:223	ARG	NH1	2.803540907478223	HOH:435	O	3.3654400985334645	1.0	16.0	salt_bridge_like			intermediate				0.0	0.0		modified	1.6100189636916822	52.531747771635324	75.59799871663083	same	toward	96.43049469681209	-82.58175328511189
O60674	3FUP	B	1007	PTR_only_multi_2	2	2	2.4	PTR	9		2	840-919,924-1132	840-919,924-1132	PTR,PTR	/mnt/c/Users/drpat/OneDrive - UGent/Desktop/PD/Phospho-fill/Validation-allPDB/pdb_cache/3fup.cif	PTR	PTR	OH	CZ	ok	1.6095801102610383	119.9429871779623	108.14263090215607	-71.90056026884123	LYS:1030	LYS	NZ	3.0415154405691056	3.0	3.0	LYS:1030	LYS	NZ	3.0415154405691056				0.0	11.0	salt_bridge_like			intermediate	PTR:1008	PTR	14.497417375506371	0.0	0.0		modified	1.6095801102610383	52.20080567761793		same	toward	108.14263090215607	-71.90056026884123
O60674	3FUP	B	1008	PTR_only_multi_2	2	2	2.4	PTR	9		2	840-919,924-1132	840-919,924-1132	PTR,PTR	/mnt/c/Users/drpat/OneDrive - UGent/Desktop/PD/Phospho-fill/Validation-allPDB/pdb_cache/3fup.cif	PTR	PTR	OH	CZ	ok	1.6099746322444912	119.98829617998013	134.00244344132904	-45.96074839211869	ARG:897	ARG	NH1	3.0493567778288138	2.0	2.0	ARG:897	ARG	NH1	3.0493567778288138	HOH:104	O	3.0778112788556156	1.0	9.0	salt_bridge_like			intermediate	PTR:1007	PTR	14.497417375506371	0.0	0.0		modified	1.6099746322444912	43.15064331060815	79.15168161511629	same	toward	134.00244344132904	-45.96074839211869
P49841	3GB2	A	216	PTR_single	1	1	2.4	PTR	238		3	35-119,125-286,290-383	35-119,125-286,290-383	PTR	/mnt/c/Users/drpat/OneDrive - UGent/Desktop/PD/Phospho-fill/Validation-allPDB/pdb_cache/3gb2.cif	PTR	PTR	OH	CZ	ok	1.6194334616737787	123.46993588004152	101.6148001164247	-76.9745804389488	ARG:223	ARG	NH1	2.3552605583190203	2.0	2.0	ARG:223	ARG	NH1	2.3552605583190203	HOH:1093	O	4.46650087342182	0.0	19.0	salt_bridge_like			intermediate				0.0	0.0		modified	1.6194334616737787	55.85270181174364	86.68952120362225	same	toward	101.6148001164247	-76.9745804389488
P11362	3GQI	A	653	PTR_only_multi_3	3	3	2.5	PTR	141		3	464-770	464-770	PTR,PTR,PTR	/mnt/c/Users/drpat/OneDrive - UGent/Desktop/PD/Phospho-fill/Validation-allPDB/pdb_cache/3gqi.cif	PTR	PTR	OH	CZ	ok	1.5488584822775238	139.91169074003253	21.91163035416715	-158.4635958825793	LYS:655	LYS	NZ	5.084144612799009	0.0	1.0	LYS:655	LYS	NZ	5.084144612799009	HOH:45	O	2.625368438144499	2.0	3.0	water_mediated_like			exposed	PTR:654	PTR	13.348987395789653	0.0	0.0		modified	1.5488584822775238	56.70934316796043	26.445387311975445	same	toward	21.91163035416715	-158.4635958825793
P11362	3GQI	A	654	PTR_only_multi_3	3	3	2.5	PTR	141		3	464-770	464-770	PTR,PTR,PTR	/mnt/c/Users/drpat/OneDrive - UGent/Desktop/PD/Phospho-fill/Validation-allPDB/pdb_cache/3gqi.cif	PTR	PTR	OH	CZ	ok	1.5446548273073726	139.8627818328384	6.230684380368864	-173.52495832141526	LYS:656	LYS	NZ	2.7530833438750153	2.0	4.0	LYS:656	LYS	NZ	2.7530833438750153	HOH:42	O	3.460119866737381	1.0	27.0	salt_bridge_like			buried	PTR:653	PTR	13.348987395789653	0.0	0.0		modified	1.5446548273073726	62.95158626203088	26.51078739990176	opposite	lateral	6.230684380368864	-173.52495832141526
P11362	3GQI	A	766	PTR_only_multi_3	3	3	2.5	PTR	141		3	464-770	464-770	PTR,PTR,PTR	/mnt/c/Users/drpat/OneDrive - UGent/Desktop/PD/Phospho-fill/Validation-allPDB/pdb_cache/3gqi.cif	PTR	PTR	OH	CZ	ok	1.542045410388197	134.9069701079116	-88.7159255671093	91.15395214228377	LYS:598	LYS	NZ	6.4601463054850505	0.0	0.0	GLN:764	GLN	NE2	3.967184088913887	HOH:19	O	7.111125613222851	0.0	4.0	none_obvious			intermediate	PTR:654	PTR	42.81549062785624	0.0	0.0		modified	1.542045410388197	78.86288328520786	95.83515480867175	opposite	lateral	-88.7159255671093	91.15395214228377
O60674	3IOK	A	1007	PTR_only_multi_2	2	2	2.1	PTR	10		2	842-858,861-1130	842-858,861-1130	PTR,PTR	/mnt/c/Users/drpat/OneDrive - UGent/Desktop/PD/Phospho-fill/Validation-allPDB/pdb_cache/3iok.cif	PTR	PTR	OH	CZ	ok	1.6177848681870082	122.56205006336484	108.9982451042667	-70.03199222457643	LYS:1030	LYS	NZ	2.859581361940011	1.0	2.0	LYS:1030	LYS	NZ	2.859581361940011				0.0	3.0	salt_bridge_like			intermediate	PTR:1008	PTR	14.82168680050329	0.0	0.0		modified	1.6177848681870082	59.446326323008975		same	toward	108.9982451042667	-70.03199222457643
O60674	3IOK	A	1008	PTR_only_multi_2	2	2	2.1	PTR	10		2	842-858,861-1130	842-858,861-1130	PTR,PTR	/mnt/c/Users/drpat/OneDrive - UGent/Desktop/PD/Phospho-fill/Validation-allPDB/pdb_cache/3iok.cif	PTR	PTR	OH	CZ	ok	1.616220746467352	131.2919901892072	-34.08021933061724	142.9669544736318	ARG:897	ARG	NH1	3.130736024363685	2.0	3.0	ARG:897	ARG	NH1	3.130736024363685	HOH:1370	O	5.727558277063779	0.0	8.0	salt_bridge_like			intermediate	PTR:1007	PTR	14.82168680050329	0.0	0.0		modified	1.616220746467352	39.340233185059155	139.2910846661617	same	toward	-34.08021933061724	142.9669544736318
O60674	3JY9	A	1007	PTR_only_multi_2	2	2	2.1	PTR	11		2	842-858,861-919,923-1130	842-858,861-919,923-1130	PTR,PTR	/mnt/c/Users/drpat/OneDrive - UGent/Desktop/PD/Phospho-fill/Validation-allPDB/pdb_cache/3jy9.cif	PTR	PTR	OH	CZ	ok	1.642220352953973	127.05870342199846	125.63941493077678	-51.755918013836144	LYS:1030	LYS	NZ	3.7390755159395095	1.0	3.0	LYS:1030	LYS	NZ	3.7390755159395095	HOH:158	O	2.754143997439879	2.0	8.0	water_mediated_like			exposed	PTR:1008	PTR	14.68788267638417	0.0	0.0		modified	1.642220352953973	72.74216009750661	103.30968081705677	same	lateral	125.63941493077678	-51.755918013836144
O60674	3JY9	A	1008	PTR_only_multi_2	2	2	2.1	PTR	11		2	842-858,861-919,923-1130	842-858,861-919,923-1130	PTR,PTR	/mnt/c/Users/drpat/OneDrive - UGent/Desktop/PD/Phospho-fill/Validation-allPDB/pdb_cache/3jy9.cif	PTR	PTR	OH	CZ	ok	1.5792828673146126	132.03419836602515	-83.96346685304343	88.59609405006283	ARG:897	ARG	NH1	2.8988302172372173	2.0	2.0	ARG:897	ARG	NH1	2.8988302172372173	HOH:124	O	2.9828417759819508	1.0	9.0	salt_bridge_like			intermediate	PTR:1007	PTR	14.68788267638417	0.0	0.0		modified	1.5792828673146126	20.133064179497996	69.0935498718043	same	toward	-83.96346685304343	88.59609405006283
O60674	3KCK	A	1007	PTR_only_multi_2	2	2	2.2	PTR	12		2	842-858,861-1130	842-858,861-1130	PTR,PTR	/mnt/c/Users/drpat/OneDrive - UGent/Desktop/PD/Phospho-fill/Validation-allPDB/pdb_cache/3kck.cif	PTR	PTR	OH	CZ	ok	1.623213176808465	122.79917173170732	139.77151180250928	-39.29633439348067	LYS:1030	LYS	NZ	3.391819049314963	1.0	3.0	LYS:1030	LYS	NZ	3.391819049314963				0.0	7.0	salt_bridge_like			intermediate	PTR:1008	PTR	14.920462595429203	0.0	0.0		modified	1.623213176808465	68.53747935082998		same	lateral	139.77151180250928	-39.29633439348067
O60674	3KCK	A	1008	PTR_only_multi_2	2	2	2.2	PTR	12		2	842-858,861-1130	842-858,861-1130	PTR,PTR	/mnt/c/Users/drpat/OneDrive - UGent/Desktop/PD/Phospho-fill/Validation-allPDB/pdb_cache/3kck.cif	PTR	PTR	OH	CZ	ok	1.597264573026421	129.75669009574182	-88.96427782236452	85.3415820516984	LYS:999	LYS	NZ	2.502179970918797	2.0	2.0	LYS:999	LYS	NZ	2.502179970918797	HOH:47	O	4.209440948234268	0.0	9.0	salt_bridge_like			intermediate	PTR:1007	PTR	14.920462595429203	0.0	0.0		modified	1.597264573026421	47.682135015569386	107.61064437423553	same	toward	-88.96427782236452	85.3415820516984
O60674	3KRR	A	1007	PTR_only_multi_2	2	2	1.8	PTR	13		2	840-1131	840-1131	PTR,PTR	/mnt/c/Users/drpat/OneDrive - UGent/Desktop/PD/Phospho-fill/Validation-allPDB/pdb_cache/3krr.cif	PTR	PTR	OH	CZ	ok	1.6068065644452674	123.58593398172194	115.52751013369183	-63.138542633013714	LYS:1030	LYS	NZ	3.3387320734055623	1.0	1.0	LYS:1030	LYS	NZ	3.3387320734055623	HOH:186	O	5.437910545446816	0.0	3.0	salt_bridge_like			intermediate	PTR:1008	PTR	14.196033548158665	0.0	0.0		modified	1.6068065644452674	65.88024816307917	102.43089124587154	same	lateral	115.52751013369183	-63.138542633013714
O60674	3KRR	A	1008	PTR_only_multi_2	2	2	1.8	PTR	13		2	840-1131	840-1131	PTR,PTR	/mnt/c/Users/drpat/OneDrive - UGent/Desktop/PD/Phospho-fill/Validation-allPDB/pdb_cache/3krr.cif	PTR	PTR	OH	CZ	ok	1.6080378638427366	128.0110103949599	3.8126630098207785	-176.16701743290608	ARG:897	ARG	NH1	3.481514253303247	1.0	2.0	ARG:897	ARG	NH1	3.481514253303247	HOH:149	O	3.111012687365559	1.0	8.0	salt_bridge_like			intermediate	PTR:1007	PTR	14.196033548158665	0.0	0.0		modified	1.6080378638427366	29.51286036704287	69.09659378102643	same	toward	3.8126630098207785	-176.16701743290608
P29322	3KUL	B	793	PTR_single	1	1	2.15	PTR	202		1	627-795,797-899	627-795,797-899	PTR	/mnt/c/Users/drpat/OneDrive - UGent/Desktop/PD/Phospho-fill/Validation-allPDB/pdb_cache/3kul.cif	PTR	PTR	OH	CZ	ok	1.6119452847031128	128.77599126706647	151.39586411618927	-26.34246455433621	ARG:783	ARG	NE	3.267756955783774	1.0	2.0	ARG:783	ARG	NE	3.267756955783774				0.0	15.0	salt_bridge_like			intermediate				0.0	0.0		modified	1.6119452847031128	91.38834356967776		opposite	lateral	151.39586411618927	-26.34246455433621
P06239	3KXZ	A	394	PTR_single	1	1	2.37	PTR	118		2	238-501	238-501	PTR	/mnt/c/Users/drpat/OneDrive - UGent/Desktop/PD/Phospho-fill/Validation-allPDB/pdb_cache/3kxz.cif	PTR	PTR	OH	CZ	ok	1.62042434858463	128.4884350560106	19.26705698249112	-159.6453241649251	ARG:387	ARG	NH2	3.0304304931874473	2.0	3.0	ARG:387	ARG	NH2	3.0304304931874473	HOH:64	O	4.392640163918637	0.0	20.0	salt_bridge_like			intermediate				0.0	0.0		modified	1.62042434858463	67.27134391762691	114.26703426149551	opposite	lateral	19.26705698249112	-159.6453241649251
P06786	3L4J	A	782	PTR_single	1	1	2.48	PTR	122		1	421-1070,1107-1177	421-1070,1107-1177	PTR	/mnt/c/Users/drpat/OneDrive - UGent/Desktop/PD/Phospho-fill/Validation-allPDB/pdb_cache/3l4j.cif	PTR	PTR	OH	CZ	ok	1.617010129592105	129.6888115153033	-25.592575499117263	152.45210387655882	ARG:781	ARG	NH1	2.857989533985265	1.0	1.0	TYR:782	TYR	OH	1.1301972747376823				0.0	13.0	salt_bridge_like			intermediate				0.0	0.0		modified	1.617010129592105	87.87404724648778		opposite	lateral	-25.592575499117263	152.45210387655882
P06239	3LCK	A	394	PTR_single	1	1	1.7	PTR	119		2	231-501	231-501	PTR	/mnt/c/Users/drpat/OneDrive - UGent/Desktop/PD/Phospho-fill/Validation-allPDB/pdb_cache/3lck.cif	PTR	PTR	OH	CZ	ok	1.604024044725688	155.04863610505058	139.8222912599561	-39.99161357441413	ARG:387	ARG	NH2	2.9274626888847584	1.0	2.0	ARG:387	ARG	NH2	2.9274626888847584	HOH:1195	O	2.543588920894282	4.0	15.0	salt_bridge_like			exposed				0.0	0.0		modified	1.604024044725688	78.60206657354559	90.62974965317446	opposite	lateral	139.8222912599561	-39.99161357441413
O60674	3LPB	B	1007	PTR_only_multi_2	2	2	2.0	PTR	14		2	840-918,924-1011,1015-1132	840-918,924-1011,1015-1132	PTR,PTR	/mnt/c/Users/drpat/OneDrive - UGent/Desktop/PD/Phospho-fill/Validation-allPDB/pdb_cache/3lpb.cif	PTR	PTR	OH	CZ	ok	1.6215712857867182	124.12758088596286	114.59068977392809	-64.4982378326431	LYS:1030	LYS	NZ	2.768479969748946	2.0	2.0	LYS:1030	LYS	NZ	2.768479969748946	HOH:218	O	6.317846621385016	0.0	8.0	salt_bridge_like			intermediate	PTR:1008	PTR	14.791405792936057	0.0	0.0		modified	1.6215712857867182	60.442814495257416	165.4094613910669	same	lateral	114.59068977392809	-64.4982378326431
O60674	3LPB	B	1008	PTR_only_multi_2	2	2	2.0	PTR	14		2	840-918,924-1011,1015-1132	840-918,924-1011,1015-1132	PTR,PTR	/mnt/c/Users/drpat/OneDrive - UGent/Desktop/PD/Phospho-fill/Validation-allPDB/pdb_cache/3lpb.cif	PTR	PTR	OH	CZ	ok	1.6130127102091052	127.28340166539253	-173.94127315461975	5.262240645616379	LYS:999	LYS	NZ	2.9225039341365	1.0	2.0	LYS:999	LYS	NZ	2.9225039341365	HOH:277	O	2.7073362974378283	1.0	6.0	salt_bridge_like			intermediate	PTR:1007	PTR	14.791405792936057	0.0	0.0		modified	1.6130127102091052	62.10536088308103	45.300213649975476	opposite	lateral	-173.94127315461975	5.262240645616379
P29597	3LXN	A	1054	PTR_single	1	1	2.5	PTR	203		2	888-1057,1061-1178	888-1057,1061-1178	PTR	/mnt/c/Users/drpat/OneDrive - UGent/Desktop/PD/Phospho-fill/Validation-allPDB/pdb_cache/3lxn.cif	PTR	PTR	OH	CZ	ok	1.6199386438399426	125.96956572102525	-92.08517039413539	89.28913180382116	HIS:1052	HIS	ND1	3.214719082206397	1.0	1.0	HIS:1052	HIS	ND1	3.214719082206397	HOH:26	O	3.209634901817625	1.0	7.0	salt_bridge_like			intermediate				0.0	0.0		modified	1.6199386438399426	38.027193532515945	68.95808792323	same	toward	-92.08517039413539	89.28913180382116
P29597	3LXP	A	1054	PTR_single	1	1	1.65	PTR	204		2	888-920,923-1057,1061-1178	888-920,923-1057,1061-1178	PTR	/mnt/c/Users/drpat/OneDrive - UGent/Desktop/PD/Phospho-fill/Validation-allPDB/pdb_cache/3lxp.cif	PTR	PTR	OH	CZ	ok	1.6253727582321766	130.06396876477334	-126.93287449674739	49.35300340666859	HIS:1052	HIS	ND1	2.241424440501298	2.0	3.0	HIS:1052	HIS	ND1	2.241424440501298	HOH:108	O	3.365118799039392	2.0	11.0	salt_bridge_like			exposed				0.0	0.0		modified	1.6253727582321766	45.20158639750134	65.36259650693248	same	toward	-126.93287449674739	49.35300340666859
Q16539	3NNX	A	182	PTR_single	1	1	2.28	PTR	342		2	5-117,122-174,182-352	5-117,122-174,182-352	PTR	/mnt/c/Users/drpat/OneDrive - UGent/Desktop/PD/Phospho-fill/Validation-allPDB/pdb_cache/3nnx.cif	PTR	PTR	OH	CZ	ok	1.640636353088909	132.54172721724726	-29.98261167747118	148.32827885705896	ARG:173	ARG	NE	3.0393531901795723	2.0	3.0	ARG:173	ARG	NE	3.0393531901795723	HOH:440	O	4.0196872623440525	0.0	23.0	salt_bridge_like			intermediate				0.0	0.0		modified	1.640636353088909	52.635064290248614	114.79680680862852	same	toward	-29.98261167747118	148.32827885705896
Q92731	3OLL	A	488	PTR_single	1	1	1.5	PTR	360		1	262-417,420-498	262-417,420-498	PTR	/mnt/c/Users/drpat/OneDrive - UGent/Desktop/PD/Phospho-fill/Validation-allPDB/pdb_cache/3oll.cif	PTR	PTR	OH	CZ	ok	1.622299428290276	127.21486434634934	-25.832863759640585	154.9568978138039					0.0	0.0					HOH:591	O	2.779726808355388	1.0	4.0	water_mediated_like			intermediate				0.0	0.0		modified	1.622299428290276		76.21249375255394			-25.832863759640585	154.9568978138039
P06612	3PX7	A	319	PTR_single	1	1	2.3	PTR	121		1	2-38,62-356,365-441,448-590	2-38,62-356,365-441,448-590	PTR	/mnt/c/Users/drpat/OneDrive - UGent/Desktop/PD/Phospho-fill/Validation-allPDB/pdb_cache/3px7.cif	PTR	PTR	OH	CZ	ok	1.611062428090254	119.98720574482131	11.79679220147375	-168.183791572055	ARG:321	ARG	NH1	2.614460970230884	1.0	2.0	ARG:321	ARG	NH1	2.614460970230884				0.0	12.0	salt_bridge_like			intermediate				0.0	0.0		modified	1.611062428090254	80.29407324527898		same	lateral	11.79679220147375	-168.183791572055
P47811	3PY3	A	182	PTR_mixed_with_TPO	1	2	2.1	PTR	233		2	1-354	1-354	PTR	/mnt/c/Users/drpat/OneDrive - UGent/Desktop/PD/Phospho-fill/Validation-allPDB/pdb_cache/3py3.cif	PTR	PTR	OH	CZ	ok	1.615558242244079	126.18905582998978	-70.67267840315239	106.83528272291665	HIS:228	HIS	NE2	2.704982139396434	1.0	3.0	HIS:228	HIS	NE2	2.704982139396434	HOH:584	O	7.304517999948994	0.0	11.0	salt_bridge_like			intermediate	TPO:180	TPO	16.33842358155097	0.0	0.0		modified	1.615558242244079	51.46784339675679	154.0566366188286	same	toward	-70.67267840315239	106.83528272291665
O60674	3Q32	B	1007	PTR_only_multi_2	2	2	2.5	PTR	15		2	839-1132	839-1132	PTR,PTR	/mnt/c/Users/drpat/OneDrive - UGent/Desktop/PD/Phospho-fill/Validation-allPDB/pdb_cache/3q32.cif	PTR	PTR	OH	CZ	ok	1.5734291179391156	115.73324139835513	106.98537857645888	-71.65149586958397	LYS:1009	LYS	NZ	2.9266812949004493	3.0	3.0	LYS:1009	LYS	NZ	2.9266812949004493				0.0	10.0	salt_bridge_like			intermediate	PTR:1008	PTR	14.616270734894004	0.0	0.0		modified	1.5734291179391156	66.86155255374669		same	lateral	106.98537857645888	-71.65149586958397
O60674	3Q32	B	1008	PTR_only_multi_2	2	2	2.5	PTR	15		2	839-1132	839-1132	PTR,PTR	/mnt/c/Users/drpat/OneDrive - UGent/Desktop/PD/Phospho-fill/Validation-allPDB/pdb_cache/3q32.cif	PTR	PTR	OH	CZ	ok	1.580199587474219	115.84867305841271	100.09286412544397	-78.903373106329	ARG:897	ARG	NH2	3.3372805490647193	2.0	2.0	ARG:897	ARG	NH2	3.3372805490647193				0.0	10.0	salt_bridge_like			intermediate	PTR:1007	PTR	14.616270734894004	0.0	0.0		modified	1.580199587474219	36.833012828069315		same	toward	100.09286412544397	-78.903373106329
P08581	3Q6W	A	1234	PTR_only_multi_2	2	2	1.75	PTR	138		3	1050-1239,1244-1348	1050-1239,1244-1348	PTR,PTR	/mnt/c/Users/drpat/OneDrive - UGent/Desktop/PD/Phospho-fill/Validation-allPDB/pdb_cache/3q6w.cif	PTR	PTR	OH	CZ	ok	1.5529820938515386	119.2298783405727	10.366535089967881	-168.5699350012757	LYS:1232	LYS	NZ	2.9509725766797072	1.0	3.0	LYS:1232	LYS	NZ	2.9509725766797072	HOH:132	O	2.7247146248700918	2.0	6.0	salt_bridge_like			exposed	PTR:1235	PTR	11.112626898975995	0.0	1.0	PTR:1235@11.11	modified	1.5529820938515386	81.28863873684972	83.3914142068173	opposite	lateral	10.366535089967881	-168.5699350012757
P08581	3Q6W	A	1235	PTR_only_multi_2	2	2	1.75	PTR	138		3	1050-1239,1244-1348	1050-1239,1244-1348	PTR,PTR	/mnt/c/Users/drpat/OneDrive - UGent/Desktop/PD/Phospho-fill/Validation-allPDB/pdb_cache/3q6w.cif	PTR	PTR	OH	CZ	ok	1.5528237339362203	123.19432058677467	-2.5183669837422937	177.4197796216624	HIS:1238	HIS	ND1	2.5772650347797423	2.0	3.0	HIS:1238	HIS	ND1	2.5772650347797423	HOH:157	O	3.345980225680139	1.0	27.0	salt_bridge_like			buried	PTR:1234	PTR	11.112626898975995	0.0	1.0	PTR:1234@11.11	modified	1.5528237339362203	60.70999348280157	46.57725976235398	same	lateral	-2.5183669837422937	177.4197796216624
P08581	3R7O	A	1234	PTR_only_multi_2	2	2	2.3	PTR	139		3	1048-1239,1244-1348	1048-1239,1244-1348	PTR,PTR	/mnt/c/Users/drpat/OneDrive - UGent/Desktop/PD/Phospho-fill/Validation-allPDB/pdb_cache/3r7o.cif	PTR	PTR	OH	CZ	ok	1.5744970573384247	123.42183956716076	-35.0707449470899	142.58773930020735	LYS:1232	LYS	NZ	2.911893055638015	2.0	3.0	LYS:1232	LYS	NZ	2.911893055638015				0.0	10.0	salt_bridge_like			intermediate	PTR:1235	PTR	11.08763640454265	0.0	1.0	PTR:1235@11.09	modified	1.5744970573384247	76.23238440049016		same	lateral	-35.0707449470899	142.58773930020735
P08581	3R7O	A	1235	PTR_only_multi_2	2	2	2.3	PTR	139		3	1048-1239,1244-1348	1048-1239,1244-1348	PTR,PTR	/mnt/c/Users/drpat/OneDrive - UGent/Desktop/PD/Phospho-fill/Validation-allPDB/pdb_cache/3r7o.cif	PTR	PTR	OH	CZ	ok	1.518742233115193	120.65454742891926	-2.0160152801009827	178.78284570523365	HIS:1238	HIS	ND1	2.8130277297926263	2.0	3.0	HIS:1238	HIS	ND1	2.8130277297926263	HOH:22	O	4.004611879547742	0.0	30.0	salt_bridge_like			buried	PTR:1234	PTR	11.08763640454265	0.0	1.0	PTR:1234@11.09	modified	1.518742233115193	62.96481292330909	60.941354038752536	same	lateral	-2.0160152801009827	178.78284570523365
O60674	3RVG	A	1007	PTR_only_multi_2	2	2	2.498	PTR	16		2	841-1010,1016-1132	841-1010,1016-1132	PTR,PTR	/mnt/c/Users/drpat/OneDrive - UGent/Desktop/PD/Phospho-fill/Validation-allPDB/pdb_cache/3rvg.cif	PTR	PTR	OH	CZ	ok	1.6219400162052402	126.68537645483568	20.09786852649071	-159.32467202593443	LYS:1005	LYS	NZ	2.8221438666768894	2.0	3.0	LYS:1005	LYS	NZ	2.8221438666768894				0.0	6.0	salt_bridge_like			intermediate	PTR:1008	PTR	14.144877026406915	0.0	0.0		modified	1.6219400162052402	88.66718548346762		opposite	lateral	20.09786852649071	-159.32467202593443
O60674	3RVG	A	1008	PTR_only_multi_2	2	2	2.498	PTR	16		2	841-1010,1016-1132	841-1010,1016-1132	PTR,PTR	/mnt/c/Users/drpat/OneDrive - UGent/Desktop/PD/Phospho-fill/Validation-allPDB/pdb_cache/3rvg.cif	PTR	PTR	OH	CZ	ok	1.6167391821904766	126.1901473679741	177.01120333517514	-2.6000202908156647	LYS:999	LYS	NZ	2.9673842049331296	2.0	2.0	LYS:999	LYS	NZ	2.9673842049331296	HOH:3	O	3.4807431813817775	1.0	8.0	salt_bridge_like			intermediate	PTR:1007	PTR	14.144877026406915	0.0	0.0		modified	1.6167391821904766	57.16382554664573	115.74023210720198	same	toward	177.01120333517514	-2.6000202908156647
P49841	3SAY	A	216	PTR_single	1	1	2.231	PTR	239		3	35-288,291-384	35-288,291-384	PTR	/mnt/c/Users/drpat/OneDrive - UGent/Desktop/PD/Phospho-fill/Validation-allPDB/pdb_cache/3say.cif	PTR	PTR	OH	CZ	ok	1.6262896351329414	124.71206663106145	104.62782057585301	-73.67674878704103	ARG:220	ARG	NH1	2.6412557988780323	2.0	2.0	ARG:220	ARG	NH1	2.6412557988780323	HOH:507	O	2.5306304518253717	2.0	14.0	salt_bridge_like			exposed				0.0	0.0		modified	1.6262896351329414	34.277267461227844	72.8500285918984	same	toward	104.62782057585301	-73.67674878704103
P43405	3SRV	A	525	PTR_single	1	1	1.95	PTR	219		3	364-378,381-405,412-634	364-378,381-405,412-634	PTR	/mnt/c/Users/drpat/OneDrive - UGent/Desktop/PD/Phospho-fill/Validation-allPDB/pdb_cache/3srv.cif	PTR	PTR	OH	CZ	ok	1.615795166353095	123.34183309491316	-36.08278431567465	143.1688523291138	LYS:548	LYS	CE	3.164423943524674	1.0	1.0	LYS:548	LYS	NZ	3.3187603833104187	HOH:234	O	4.295872078349187	0.0	4.0	salt_bridge_like			intermediate				0.0	0.0		modified	1.615795166353095	81.21869190572014	121.79201536962644	same	lateral	-36.08278431567465	143.1688523291138
O60674	3TJC	B	1007	PTR_only_multi_2	2	2	2.4	PTR	17		2	840-919,924-1132	840-919,924-1132	PTR,PTR	/mnt/c/Users/drpat/OneDrive - UGent/Desktop/PD/Phospho-fill/Validation-allPDB/pdb_cache/3tjc.cif	PTR	PTR	OH	CZ	ok	1.6279192228823323	120.95095968077729	104.37538259487059	-73.81405856971892	LYS:1030	LYS	NZ	3.0100076067675845	1.0	3.0	LYS:1030	LYS	NZ	3.0100076067675845	HOH:312	O	7.0772363942547365	0.0	8.0	salt_bridge_like			intermediate	PTR:1008	PTR	14.387566920536718	0.0	0.0		modified	1.6279192228823323	57.8853328084039	90.815219286983	same	toward	104.37538259487059	-73.81405856971892
O60674	3TJC	B	1008	PTR_only_multi_2	2	2	2.4	PTR	17		2	840-919,924-1132	840-919,924-1132	PTR,PTR	/mnt/c/Users/drpat/OneDrive - UGent/Desktop/PD/Phospho-fill/Validation-allPDB/pdb_cache/3tjc.cif	PTR	PTR	OH	CZ	ok	1.6283630212990448	121.56390244428802	-124.3899151078997	50.62639247835122	ARG:897	ARG	NH2	2.8186233349083323	1.0	3.0	ARG:897	ARG	NH2	2.8186233349083323	HOH:218	O	4.846039675504457	0.0	10.0	salt_bridge_like			intermediate	PTR:1007	PTR	14.387566920536718	0.0	0.0		modified	1.6283630212990448	88.3682505186458	134.20169536560104	opposite	lateral	-124.3899151078997	50.62639247835122
P52333	3ZC6	A	980	PTR_only_multi_2	2	2	2.42	PTR	259		2	814-892,897-983,988-1100	814-892,897-983,988-1100	PTR,PTR	/mnt/c/Users/drpat/OneDrive - UGent/Desktop/PD/Phospho-fill/Validation-allPDB/pdb_cache/3zc6.cif	PTR	PTR	OH	CZ	ok	1.6053947971307636	123.07360283422518	121.99645612470145	-57.04721682928888	LYS:978	LYS	NZ	2.9065105261785393	1.0	1.0	LYS:978	LYS	NZ	2.9065105261785393	HOH:3089	O	6.1525968099134944	0.0	4.0	salt_bridge_like			intermediate	PTR:981	PTR	12.452169824235632	0.0	0.0		modified	1.6053947971307636	36.81064823644226	130.6594563448498	same	toward	121.99645612470145	-57.04721682928888
P52333	3ZC6	A	981	PTR_only_multi_2	2	2	2.42	PTR	259		2	814-892,897-983,988-1100	814-892,897-983,988-1100	PTR,PTR	/mnt/c/Users/drpat/OneDrive - UGent/Desktop/PD/Phospho-fill/Validation-allPDB/pdb_cache/3zc6.cif	PTR	PTR	OH	CZ	ok	1.6172311681552582	124.4761255492971	-125.03380597945616	53.56363074429373	LYS:972	LYS	NZ	2.709894395776627	1.0	1.0	LYS:972	LYS	NZ	2.709894395776627	HOH:3030	O	4.170834069106173	0.0	6.0	salt_bridge_like			intermediate	PTR:980	PTR	12.452169824235632	0.0	0.0		modified	1.6172311681552582	61.08385791579724	29.64152319112509	opposite	lateral	-125.03380597945616	53.56363074429373
P52333	3ZEP	C	980	PTR_only_multi_2	2	2	2.35	PTR	260		2	814-830,834-892,897-985,988-1100	814-830,834-892,897-985,988-1100	PTR,PTR	/mnt/c/Users/drpat/OneDrive - UGent/Desktop/PD/Phospho-fill/Validation-allPDB/pdb_cache/3zep.cif	PTR	PTR	OH	CZ	ok	1.6143524664408864	122.19689149804836	80.07296584772062	-99.61774934314548	LYS:978	LYS	NZ	2.7578913187717604	1.0	1.0	LYS:978	LYS	NZ	2.7578913187717604				0.0	5.0	salt_bridge_like			intermediate	PTR:981	PTR	12.655379254553559	0.0	0.0		modified	1.6143524664408864	32.8708479361189		same	toward	80.07296584772062	-99.61774934314548
P52333	3ZEP	C	981	PTR_only_multi_2	2	2	2.35	PTR	260		2	814-830,834-892,897-985,988-1100	814-830,834-892,897-985,988-1100	PTR,PTR	/mnt/c/Users/drpat/OneDrive - UGent/Desktop/PD/Phospho-fill/Validation-allPDB/pdb_cache/3zep.cif	PTR	PTR	OH	CZ	ok	1.6114775788272695	121.55765602126843	-108.83492770106855	70.97640454788078	LYS:972	LYS	NZ	3.431436646281972	1.0	2.0	LYS:972	LYS	NZ	3.431436646281972	HOH:2053	O	6.8853518091685775	0.0	5.0	salt_bridge_like			intermediate	PTR:980	PTR	12.655379254553559	0.0	0.0		modified	1.6114775788272695	67.48121635825906	80.91661424194858	opposite	lateral	-108.83492770106855	70.97640454788078
P54760	3ZEW	A	774	PTR_single	1	1	2.5	PTR	265		1	609-649,654-765,769-777,781-888	609-649,654-765,769-777,781-888	PTR	/mnt/c/Users/drpat/OneDrive - UGent/Desktop/PD/Phospho-fill/Validation-allPDB/pdb_cache/3zew.cif	PTR	PTR	OH	CZ	ok	1.5663932305266834	127.45511284315901	-160.38522061057546	16.72688203532429	ARG:739	ARG	NH2	3.4085369680759547	2.0	2.0	SER:777	SER	OG	2.9918214492953337				0.0	20.0	salt_bridge_like			intermediate				0.0	0.0		modified	1.5663932305266834	69.13377188282114		opposite	lateral	-160.38522061057546	16.72688203532429
Q13191	3ZNI	A	363	PTR_single	1	1	2.21	PTR	278		1	38-427	38-427	PTR	/mnt/c/Users/drpat/OneDrive - UGent/Desktop/PD/Phospho-fill/Validation-allPDB/pdb_cache/3zni.cif	PTR	PTR	OH	CZ	ok	1.610199914897228	124.49871852810458	159.1122325556541	-20.102508863566452	LYS:381	LYS	NZ	2.683254750062911	2.0	2.0	LYS:381	LYS	NZ	2.683254750062911	HOH:2105	O	2.91877707881622	2.0	15.0	salt_bridge_like			exposed				0.0	0.0		modified	1.610199914897228	58.662496649016674	20.86992152172333	same	toward	159.1122325556541	-20.102508863566452
P49841	3ZRK	B	216	PTR_single	1	1	2.37	PTR	240		3	36-384	36-384	PTR	/mnt/c/Users/drpat/OneDrive - UGent/Desktop/PD/Phospho-fill/Validation-allPDB/pdb_cache/3zrk.cif	PTR	PTR	OH	CZ	ok	1.627421851038688	126.26213443297776	118.00028993372703	-59.83904561882261	ARG:223	ARG	NH2	2.75647130882437	2.0	2.0	ARG:223	ARG	NH2	2.75647130882437	HOH:2050	O	2.6306075844935597	2.0	16.0	salt_bridge_like			exposed				0.0	0.0		modified	1.627421851038688	59.93620863836576	39.553575698433946	same	toward	118.00028993372703	-59.83904561882261
P49841	3ZRL	B	216	PTR_single	1	1	2.48	PTR	241		3	36-384	36-384	PTR	/mnt/c/Users/drpat/OneDrive - UGent/Desktop/PD/Phospho-fill/Validation-allPDB/pdb_cache/3zrl.cif	PTR	PTR	OH	CZ	ok	1.6322486751228569	126.27128978797946	128.93452758100747	-49.42957669576654	ARG:223	ARG	NH2	2.736124564833686	2.0	2.0	ARG:223	ARG	NH2	2.736124564833686	HOH:2046	O	2.8234659929569883	2.0	16.0	salt_bridge_like			exposed				0.0	0.0		modified	1.6322486751228569	62.330616722346114	62.50266746887472	same	lateral	128.93452758100747	-49.42957669576654
P49841	3ZRM	B	216	PTR_single	1	1	2.49	PTR	242		3	36-384	36-384	PTR	/mnt/c/Users/drpat/OneDrive - UGent/Desktop/PD/Phospho-fill/Validation-allPDB/pdb_cache/3zrm.cif	PTR	PTR	OH	CZ	ok	1.6266336393634462	125.85930264756406	131.781142771805	-47.24458942399343	ARG:223	ARG	NH2	2.6569363509032176	2.0	2.0	ARG:223	ARG	NH2	2.6569363509032176	HOH:2041	O	2.8099867775008955	2.0	15.0	salt_bridge_like			exposed				0.0	0.0		modified	1.6266336393634462	62.72714833050546	64.15400260582975	same	lateral	131.781142771805	-47.24458942399343
P22681	4A49	A	371	PTR_single	1	1	2.214	PTR	146		1	359-435	359-435	PTR	/mnt/c/Users/drpat/OneDrive - UGent/Desktop/PD/Phospho-fill/Validation-allPDB/pdb_cache/4a49.cif	PTR	PTR	OH	CZ	ok	1.6092553326847356	128.24612921895914	150.94488585327355	-26.961743378292454	LYS:389	LYS	NZ	2.751506675529258	2.0	2.0	LYS:389	LYS	NZ	2.751506675529258	HOH:2006	O	2.818416591619051	4.0	16.0	salt_bridge_like			exposed				0.0	0.0		modified	1.6092553326847356	51.609376113497035	62.451183440745105	same	toward	150.94488585327355	-26.961743378292454
P49841	4AFJ	B	216	PTR_single	1	1	1.98	PTR	243		3	34-89,94-384	34-89,94-384	PTR	/mnt/c/Users/drpat/OneDrive - UGent/Desktop/PD/Phospho-fill/Validation-allPDB/pdb_cache/4afj.cif	PTR	PTR	OH	CZ	ok	1.5447208931696266	122.80479140010625	104.49645718233927	-70.20895530787244	ARG:223	ARG	NH2	2.686555321858533	2.0	2.0	ARG:223	ARG	NH2	2.686555321858533	HOH:2079	O	2.69820185246858	3.0	15.0	salt_bridge_like			exposed				0.0	0.0		modified	1.5447208931696266	55.12357403762405	30.533272223174485	same	toward	104.49645718233927	-70.20895530787244
O60674	4AQC	B	1007	PTR_only_multi_2	2	2	1.9	PTR	18		2	836-1132	836-1132	PTR,PTR	/mnt/c/Users/drpat/OneDrive - UGent/Desktop/PD/Phospho-fill/Validation-allPDB/pdb_cache/4aqc.cif	PTR	PTR	OH	CZ	ok	1.6269616154119615	126.68930557822665	-47.635908632537365	129.80128736104007	LYS:1030	LYS	NZ	3.249965971619369	2.0	3.0	LYS:1030	LYS	NZ	3.249965971619369	HOH:2132	O	3.333377722049683	1.0	5.0	salt_bridge_like			intermediate	PTR:1008	PTR	14.692221023663915	0.0	0.0		modified	1.6269616154119615	67.22384358983882	54.097199182445664	same	lateral	-47.635908632537365	129.80128736104007
O60674	4AQC	B	1008	PTR_only_multi_2	2	2	1.9	PTR	18		2	836-1132	836-1132	PTR,PTR	/mnt/c/Users/drpat/OneDrive - UGent/Desktop/PD/Phospho-fill/Validation-allPDB/pdb_cache/4aqc.cif	PTR	PTR	OH	CZ	ok	1.6160977394365303	131.19750238877702	-30.44691211028353	146.49231182193472	LYS:999	LYS	NZ	2.6040569978783052	1.0	2.0	LYS:999	LYS	NZ	2.6040569978783052	HOH:2133	O	2.3271612100674894	1.0	6.0	salt_bridge_like			intermediate	PTR:1007	PTR	14.692221023663915	0.0	0.0		modified	1.6160977394365303	52.57713598574784	46.60923953441067	same	toward	-30.44691211028353	146.49231182193472
O60674	4C61	B	1007	PTR_only_multi_2	2	2	2.45	PTR	19		2	843-884,891-917,925-1131	843-884,891-917,925-1131	PTR,PTR	/mnt/c/Users/drpat/OneDrive - UGent/Desktop/PD/Phospho-fill/Validation-allPDB/pdb_cache/4c61.cif	PTR	PTR	OH	CZ	ok	1.4819814497262023	118.70323395444899	-29.485915796208065	148.5793464113175	LYS:1030	LYS	NZ	2.930375414268002	2.0	2.0	LYS:1030	LYS	NZ	2.930375414268002	HOH:2040	O	6.705225790247001	0.0	7.0	salt_bridge_like			intermediate	PTR:1008	PTR	14.235690757111897	0.0	0.0		modified	1.4819814497262023	72.74440288198477	83.42428862602124	same	lateral	-29.485915796208065	148.5793464113175
O60674	4C61	B	1008	PTR_only_multi_2	2	2	2.45	PTR	19		2	843-884,891-917,925-1131	843-884,891-917,925-1131	PTR,PTR	/mnt/c/Users/drpat/OneDrive - UGent/Desktop/PD/Phospho-fill/Validation-allPDB/pdb_cache/4c61.cif	PTR	PTR	OH	CZ	ok	1.4708607077401223	133.78650475540303	-156.1197366663981	19.37279757567486	LYS:999	LYS	NZ	2.8003774915656607	2.0	2.0	LYS:999	LYS	NZ	2.8003774915656607	HOH:2018	O	2.716163432367066	2.0	10.0	salt_bridge_like			exposed	PTR:1007	PTR	14.235690757111897	0.0	0.0		modified	1.4708607077401223	79.13244668854631	49.5069385526655	same	lateral	-156.1197366663981	19.37279757567486
P07949	4CKI	A	900	PTR_only_multi_2	2	2	2.116	PTR	128		5	705-822,842-1013	705-822,842-1013	PTR,PTR	/mnt/c/Users/drpat/OneDrive - UGent/Desktop/PD/Phospho-fill/Validation-allPDB/pdb_cache/4cki.cif	PTR	PTR	OH	CZ	ok	1.6121135673101037	121.86234562120545	-80.04488698398346	99.17573159997592	LYS:869	LYS	CE	6.299671003711806	0.0	0.0	LYS:869	LYS	NZ	7.1098467889623995				0.0	0.0	none_obvious			intermediate	PTR:905	PTR	21.236456424328384	0.0	0.0		modified	1.6121135673101037	82.45993110475756		same	lateral	-80.04488698398346	99.17573159997592
P07949	4CKI	A	905	PTR_only_multi_2	2	2	2.116	PTR	128		5	705-822,842-1013	705-822,842-1013	PTR,PTR	/mnt/c/Users/drpat/OneDrive - UGent/Desktop/PD/Phospho-fill/Validation-allPDB/pdb_cache/4cki.cif	PTR	PTR	OH	CZ	ok	1.621667364879348	126.6226843420406	-175.51627555062973	4.172137989466274	ARG:770	ARG	NH2	2.5661399166024625	3.0	5.0	ARG:770	ARG	NH2	2.5661399166024625	HOH:3071	O	2.4609174418346074	6.0	23.0	salt_bridge_like			exposed	PTR:900	PTR	21.236456424328384	0.0	0.0		modified	1.621667364879348	29.250684678122802	48.59163715591808	same	toward	-175.51627555062973	4.172137989466274
P07949	4CKJ	A	905	PTR_single	1	1	1.65	PTR	129		5	705-822,844-1013	705-822,844-1013	PTR	/mnt/c/Users/drpat/OneDrive - UGent/Desktop/PD/Phospho-fill/Validation-allPDB/pdb_cache/4ckj.cif	PTR	PTR	OH	CZ	ok	1.6331406849813364	126.13069325682181	4.47539419142408	-176.078866782608	ARG:770	ARG	NH2	2.708344745221086	3.0	4.0	ARG:770	ARG	NH2	2.708344745221086	HOH:3040	O	2.423255999520803	4.0	23.0	salt_bridge_like			exposed				0.0	0.0		modified	1.6331406849813364	30.533988659337016	38.59104214982708	same	toward	4.47539419142408	-176.078866782608
O60674	4D0W	A	1007	PTR_only_multi_2	2	2	1.77	PTR	20		2	839-858,860-1130	839-858,860-1130	PTR,PTR	/mnt/c/Users/drpat/OneDrive - UGent/Desktop/PD/Phospho-fill/Validation-allPDB/pdb_cache/4d0w.cif	PTR	PTR	OH	CZ	ok	1.604911212518193	122.42750506363852	-57.509448754086556	121.17924417932261	LYS:1009	LYS	NZ	2.834154740713935	3.0	3.0	LYS:1009	LYS	NZ	2.834154740713935	HOH:3098	O	5.1789374217664825	0.0	8.0	salt_bridge_like			intermediate	PTR:1008	PTR	14.425504081392061	0.0	0.0		modified	1.604911212518193	78.27785050274129	103.65247602202001	same	lateral	-57.509448754086556	121.17924417932261
O60674	4D0W	A	1008	PTR_only_multi_2	2	2	1.77	PTR	20		2	839-858,860-1130	839-858,860-1130	PTR,PTR	/mnt/c/Users/drpat/OneDrive - UGent/Desktop/PD/Phospho-fill/Validation-allPDB/pdb_cache/4d0w.cif	PTR	PTR	OH	CZ	ok	1.5861730219171786	128.8723668889149	-169.84677250098633	10.932329496274631	LYS:999	LYS	NZ	3.7915410471760636	1.0	2.0	LYS:999	LYS	NZ	3.7915410471760636	HOH:3095	O	2.9587487361863247	1.0	5.0	water_mediated_like			intermediate	PTR:1007	PTR	14.425504081392061	0.0	0.0		modified	1.5861730219171786	88.5754493201492	64.37176975426868	same	lateral	-169.84677250098633	10.932329496274631
O60674	4D0X	A	1007	PTR_only_multi_2	2	2	1.82	PTR	21		2	839-1131	839-1131	PTR,PTR	/mnt/c/Users/drpat/OneDrive - UGent/Desktop/PD/Phospho-fill/Validation-allPDB/pdb_cache/4d0x.cif	PTR	PTR	OH	CZ	ok	1.5990813214191812	121.07062363155453	-61.56087049245465	117.37180487932096	LYS:1009	LYS	NZ	3.172412017710474	3.0	3.0	LYS:1009	LYS	NZ	3.172412017710474	HOH:3149	O	4.618985670786453	0.0	8.0	salt_bridge_like			intermediate	PTR:1008	PTR	14.738615021225545	0.0	0.0		modified	1.5990813214191812	82.81816602493316	127.37518026308604	same	lateral	-61.56087049245465	117.37180487932096
O60674	4D0X	A	1008	PTR_only_multi_2	2	2	1.82	PTR	21		2	839-1131	839-1131	PTR,PTR	/mnt/c/Users/drpat/OneDrive - UGent/Desktop/PD/Phospho-fill/Validation-allPDB/pdb_cache/4d0x.cif	PTR	PTR	OH	CZ	ok	1.5799743066226488	132.96992383180574	-133.19908773406388	41.81681053517205	ARG:897	ARG	NH1	2.9947754410977474	2.0	2.0	ARG:897	ARG	NH1	2.9947754410977474	HOH:3062	O	2.926538136997588	1.0	9.0	salt_bridge_like			intermediate	PTR:1007	PTR	14.738615021225545	0.0	0.0		modified	1.5799743066226488	19.443513917055828	60.225038390082126	same	toward	-133.19908773406388	41.81681053517205
O60674	4D1S	A	1007	PTR_only_multi_2	2	2	1.66	PTR	22		2	842-858,860-1010,1016-1052,1054-1130	842-858,860-1010,1016-1052,1054-1130	PTR,PTR	/mnt/c/Users/drpat/OneDrive - UGent/Desktop/PD/Phospho-fill/Validation-allPDB/pdb_cache/4d1s.cif	PTR	PTR	OH	CZ	ok	1.6024539467228738	125.35133551906269	-19.295864936840815	159.4714181537406	LYS:1030	LYS	NZ	3.3276936989536114	1.0	3.0	LYS:1030	LYS	NZ	3.3276936989536114	HOH:2009	O	7.4976410760547525	0.0	8.0	salt_bridge_like			intermediate	PTR:1008	PTR	14.286004757081022	0.0	0.0		modified	1.6024539467228738	87.68370755691117	107.96523379945229	same	lateral	-19.295864936840815	159.4714181537406
O60674	4D1S	A	1008	PTR_only_multi_2	2	2	1.66	PTR	22		2	842-858,860-1010,1016-1052,1054-1130	842-858,860-1010,1016-1052,1054-1130	PTR,PTR	/mnt/c/Users/drpat/OneDrive - UGent/Desktop/PD/Phospho-fill/Validation-allPDB/pdb_cache/4d1s.cif	PTR	PTR	OH	CZ	ok	1.5920819969767683	132.79050208717786	6.662400401362096	-173.05729313638594	LYS:999	LYS	NZ	2.9435430343188096	1.0	2.0	LYS:999	LYS	NZ	2.9435430343188096	HOH:2038	O	4.655890575062865	0.0	5.0	salt_bridge_like			intermediate	PTR:1007	PTR	14.286004757081022	0.0	0.0		modified	1.5920819969767683	66.26842995423861	116.01492418779027	opposite	lateral	6.662400401362096	-173.05729313638594
Q7CWV1	4DWP	A	405	PTR_single	1	1	2.35	PTR	348		1	103-421	103-421	PTR	/mnt/c/Users/drpat/OneDrive - UGent/Desktop/PD/Phospho-fill/Validation-allPDB/pdb_cache/4dwp.cif	PTR	PTR	OH	CZ	ok	1.6188553322908241	125.9227651486955	-179.6216770310205	0.6797047600923573	HIS:394	HIS	NE2	2.69662155282709	3.0	4.0	TYR:363	TYR	OH	2.4340952002875067	HOH:546	O	3.694143205198923	2.0	26.0	salt_bridge_like			exposed				0.0	0.0		modified	1.6188553322908241	57.49363863094243	5.846254113486269	same	toward	-179.6216770310205	0.6797047600923573
Q7CWV1	4E0P	A	405	PTR_single	1	1	2.2	PTR	349		1	103-420	103-420	PTR	/mnt/c/Users/drpat/OneDrive - UGent/Desktop/PD/Phospho-fill/Validation-allPDB/pdb_cache/4e0p.cif	PTR	PTR	OH	CZ	ok	1.5991733960413612	126.35890367815081	-178.25603832947982	2.6210300217575657	HIS:394	HIS	NE2	2.681630818007572	4.0	4.0	TYR:363	TYR	OH	2.604178418430242	HOH:944	O	3.663511502275478	1.0	28.0	salt_bridge_like			buried				0.0	0.0		modified	1.5991733960413612	52.6067720404722	66.42408363326558	same	toward	-178.25603832947982	2.6210300217575657
Q7CWV1	4E0Y	A	405	PTR_single	1	1	2.4	PTR	350		1	103-420	103-420	PTR	/mnt/c/Users/drpat/OneDrive - UGent/Desktop/PD/Phospho-fill/Validation-allPDB/pdb_cache/4e0y.cif	PTR	PTR	OH	CZ	ok	1.6132609014866126	125.90589602330941	-122.27488223083014	55.151060890765095	HIS:394	HIS	NE2	2.4161934167022308	4.0	4.0	HIS:394	HIS	NE2	2.4161934167022308	HOH:528	O	3.6995524262655195	1.0	30.0	salt_bridge_like			buried				0.0	0.0		modified	1.6132609014866126	51.72327580161652	76.55231452629809	same	toward	-122.27488223083014	55.151060890765095
Q7CWV1	4E0Z	A	405	PTR_single	1	1	2.42	PTR	351		1	103-421	103-421	PTR	/mnt/c/Users/drpat/OneDrive - UGent/Desktop/PD/Phospho-fill/Validation-allPDB/pdb_cache/4e0z.cif	PTR	PTR	OH	CZ	ok	1.627551626061996	128.35574030516534	-6.541221473397838	172.62011210714795	HIS:394	HIS	NE2	2.7777833645883585	4.0	4.0	TYR:363	TYR	OH	2.6266643313729645	HOH:643	O	5.43758880530036	0.0	25.0	salt_bridge_like			buried				0.0	0.0		modified	1.627551626061996	56.61918250168818	32.681104497771535	opposite	toward	-6.541221473397838	172.62011210714795
P23458	4E4L	D	1034	PTR_only_multi_2	2	2	2.0	PTR	150		2	864-911,918-945,948-1154	864-911,918-945,948-1154	PTR,PTR	/mnt/c/Users/drpat/OneDrive - UGent/Desktop/PD/Phospho-fill/Validation-allPDB/pdb_cache/4e4l.cif	PTR	PTR	OH	CZ	ok	1.6119516221973547	125.05453936556735	-152.24086458038772	26.985437312812646	LYS:1057	LYS	NZ	3.4360410112761834	1.0	2.0	LYS:1057	LYS	NZ	3.4360410112761834	HOH:1431	O	4.752839248366305	0.0	4.0	salt_bridge_like			intermediate	PTR:1035	PTR	14.11511208852562	0.0	0.0		modified	1.6119516221973547	94.88567927798624	70.78906897815843	opposite	lateral	-152.24086458038772	26.985437312812646
P23458	4E4L	D	1035	PTR_only_multi_2	2	2	2.0	PTR	150		2	864-911,918-945,948-1154	864-911,918-945,948-1154	PTR,PTR	/mnt/c/Users/drpat/OneDrive - UGent/Desktop/PD/Phospho-fill/Validation-allPDB/pdb_cache/4e4l.cif	PTR	PTR	OH	CZ	ok	1.625819266858215	124.77960253574943	-4.358516053590341	175.3535893963888	LYS:1026	LYS	NZ	3.1166890197464068	1.0	2.0	LYS:1026	LYS	NZ	3.1166890197464068	HOH:1409	O	3.0871407834158764	1.0	7.0	salt_bridge_like			intermediate	PTR:1034	PTR	14.11511208852562	0.0	0.0		modified	1.625819266858215	78.79951069893876	76.2270719214462	opposite	lateral	-4.358516053590341	175.3535893963888
O60674	4E4M	A	1007	PTR_only_multi_2	2	2	2.25	PTR	23		2	835-1132	835-1132	PTR,PTR	/mnt/c/Users/drpat/OneDrive - UGent/Desktop/PD/Phospho-fill/Validation-allPDB/pdb_cache/4e4m.cif	PTR	PTR	OH	CZ	ok	1.6210698004399366	125.90246231923122	122.79668174882211	-55.47021336873227	LYS:1030	LYS	NZ	3.907089737251576	1.0	2.0	LYS:1030	LYS	NZ	3.907089737251576	HOH:1339	O	7.411858778279003	0.0	6.0	none_obvious			intermediate	PTR:1008	PTR	14.381209571981785	0.0	0.0		modified	1.6210698004399366	70.04953593890191	98.0257095653237	same	lateral	122.79668174882211	-55.47021336873227
O60674	4E4M	A	1008	PTR_only_multi_2	2	2	2.25	PTR	23		2	835-1132	835-1132	PTR,PTR	/mnt/c/Users/drpat/OneDrive - UGent/Desktop/PD/Phospho-fill/Validation-allPDB/pdb_cache/4e4m.cif	PTR	PTR	OH	CZ	ok	1.6082320071378982	130.70279309428352	-169.91976453426582	9.751249581841378	LYS:999	LYS	NZ	5.099979907254403	0.0	2.0	LYS:999	LYS	NZ	5.099979907254403	HOH:1362	O	2.6389219937434567	2.0	5.0	water_mediated_like			exposed	PTR:1007	PTR	14.381209571981785	0.0	0.0		modified	1.6082320071378982	95.2301778425925	60.75943098987543	same	lateral	-169.91976453426582	9.751249581841378
P23458	4E4N	A	1034	PTR_only_multi_2	2	2	1.9	PTR	151		2	854-912,918-946,951-1154	854-912,918-946,951-1154	PTR,PTR	/mnt/c/Users/drpat/OneDrive - UGent/Desktop/PD/Phospho-fill/Validation-allPDB/pdb_cache/4e4n.cif	PTR	PTR	OH	CZ	ok	1.6096277380042567	126.32702662089916	-118.991951176034	58.14715709962176	LYS:1057	LYS	NZ	4.130110365968478	0.0	2.0	LYS:1057	LYS	NZ	4.130110365968478	HOH:1435	O	4.2690212863375026	0.0	5.0	none_obvious			intermediate	PTR:1035	PTR	13.889619296825966	0.0	0.0		modified	1.6096277380042567	115.33174622057051	94.30290077573349	opposite	lateral	-118.991951176034	58.14715709962176
P23458	4E4N	A	1035	PTR_only_multi_2	2	2	1.9	PTR	151		2	854-912,918-946,951-1154	854-912,918-946,951-1154	PTR,PTR	/mnt/c/Users/drpat/OneDrive - UGent/Desktop/PD/Phospho-fill/Validation-allPDB/pdb_cache/4e4n.cif	PTR	PTR	OH	CZ	ok	1.6260158596113758	126.83492551141343	2.1022405335783914	-177.75947119546916	LYS:1026	LYS	NZ	3.539780890356449	1.0	2.0	LYS:1026	LYS	NZ	3.539780890356449	HOH:1439	O	3.6436669298118964	2.0	6.0	none_obvious			exposed	PTR:1034	PTR	13.889619296825966	0.0	0.0		modified	1.6260158596113758	84.9972922439178	88.69593266347175	same	lateral	2.1022405335783914	-177.75947119546916
P23458	4E5W	A	1034	PTR_only_multi_2	2	2	1.86	PTR	152		2	854-911,917-946,950-1154	854-911,917-946,950-1154	PTR,PTR	/mnt/c/Users/drpat/OneDrive - UGent/Desktop/PD/Phospho-fill/Validation-allPDB/pdb_cache/4e5w.cif	PTR	PTR	OH	CZ	ok	1.558570349889568	119.20393744737983	179.6744339458268	1.1139821047991425	LYS:1057	LYS	NZ	3.405716175390315	1.0	1.0	LYS:1057	LYS	NZ	3.405716175390315	HOH:1482	O	7.345538952075106	0.0	4.0	salt_bridge_like			intermediate	PTR:1035	PTR	14.560958491481376	0.0	0.0		modified	1.558570349889568	84.89783829768254	126.98981187507752	opposite	lateral	179.6744339458268	1.1139821047991425
P23458	4E5W	A	1035	PTR_only_multi_2	2	2	1.86	PTR	152		2	854-911,917-946,950-1154	854-911,917-946,950-1154	PTR,PTR	/mnt/c/Users/drpat/OneDrive - UGent/Desktop/PD/Phospho-fill/Validation-allPDB/pdb_cache/4e5w.cif	PTR	PTR	OH	CZ	ok	1.6033054994501295	120.38364099705741	-6.481213796096433	172.11770362932467	LYS:1038	LYS	NZ	2.7965224699648794	2.0	3.0	LYS:1038	LYS	NZ	2.7965224699648794	HOH:1438	O	4.0720377818915665	0.0	10.0	salt_bridge_like			intermediate	PTR:1034	PTR	14.560958491481376	0.0	0.0		modified	1.6033054994501295	77.44711632682186	76.67677038602771	same	lateral	-6.481213796096433	172.11770362932467
O60674	4E6D	B	1007	PTR_only_multi_2	2	2	2.22	PTR	24		2	840-918,924-1132	840-918,924-1132	PTR,PTR	/mnt/c/Users/drpat/OneDrive - UGent/Desktop/PD/Phospho-fill/Validation-allPDB/pdb_cache/4e6d.cif	PTR	PTR	OH	CZ	ok	1.6288979633336342	124.8264117567226	106.47947258423963	-72.40402586886485	LYS:1030	LYS	NZ	2.8980217693267836	2.0	3.0	LYS:1030	LYS	NZ	2.8980217693267836	HOH:1393	O	3.280122264183658	2.0	10.0	salt_bridge_like			exposed	PTR:1008	PTR	14.884079111196337	0.0	0.0		modified	1.6288979633336342	61.645328648258115	65.67750198947893	same	lateral	106.47947258423963	-72.40402586886485
O60674	4E6D	B	1008	PTR_only_multi_2	2	2	2.22	PTR	24		2	840-918,924-1132	840-918,924-1132	PTR,PTR	/mnt/c/Users/drpat/OneDrive - UGent/Desktop/PD/Phospho-fill/Validation-allPDB/pdb_cache/4e6d.cif	PTR	PTR	OH	CZ	ok	1.6033307194939055	129.2704371370228	71.19790280595461	-105.63710501594339	ARG:897	ARG	NH1	3.015011774913799	2.0	2.0	ARG:897	ARG	NH1	3.015011774913799	HOH:1373	O	3.2771242849757716	2.0	8.0	salt_bridge_like			exposed	PTR:1007	PTR	14.884079111196337	0.0	0.0		modified	1.6033307194939055	10.658623396076125	51.5933811584335	same	toward	71.19790280595461	-105.63710501594339
O60674	4E6Q	B	1007	PTR_only_multi_2	2	2	1.948	PTR	25		2	835-1132	835-1132	PTR,PTR	/mnt/c/Users/drpat/OneDrive - UGent/Desktop/PD/Phospho-fill/Validation-allPDB/pdb_cache/4e6q.cif	PTR	PTR	OH	CZ	ok	1.6233933884078742	128.99362382331373	130.97956412278003	-45.19064564965795	LYS:1030	LYS	NZ	2.961753111058409	1.0	2.0	LYS:1030	LYS	NZ	2.961753111058409	HOH:1379	O	3.96258375064392	1.0	5.0	salt_bridge_like			intermediate	PTR:1008	PTR	15.108704451772274	0.0	0.0		modified	1.6233933884078742	67.63717090675031	76.92796271452973	same	lateral	130.97956412278003	-45.19064564965795
O60674	4E6Q	B	1008	PTR_only_multi_2	2	2	1.948	PTR	25		2	835-1132	835-1132	PTR,PTR	/mnt/c/Users/drpat/OneDrive - UGent/Desktop/PD/Phospho-fill/Validation-allPDB/pdb_cache/4e6q.cif	PTR	PTR	OH	CZ	ok	1.6136277433007475	124.84393345184499	48.20754301469813	-131.26743309569036	ARG:897	ARG	NH1	3.1762898161285236	1.0	2.0	ARG:897	ARG	NH1	3.1762898161285236	HOH:1361	O	2.6172772719217323	1.0	13.0	salt_bridge_like			intermediate	PTR:1007	PTR	15.108704451772274	0.0	0.0		modified	1.6136277433007475	19.82705178255674	48.19219330670935	same	toward	48.20754301469813	-131.26743309569036
P23458	4EHZ	A	1034	PTR_only_multi_2	2	2	2.174	PTR	153		2	858-912,918-1154	858-912,918-1154	PTR,PTR	/mnt/c/Users/drpat/OneDrive - UGent/Desktop/PD/Phospho-fill/Validation-allPDB/pdb_cache/4ehz.cif	PTR	PTR	OH	CZ	ok	1.6175142326118814	128.76678910154186	-171.91336311493097	7.7412039527989736	LYS:1057	LYS	NZ	2.878017048855353	1.0	1.0	LYS:1057	LYS	NZ	2.878017048855353				0.0	4.0	salt_bridge_like			intermediate	PTR:1035	PTR	13.994823728470204	0.0	0.0		modified	1.6175142326118814	80.42832454446861		opposite	lateral	-171.91336311493097	7.7412039527989736
P23458	4EHZ	A	1035	PTR_only_multi_2	2	2	2.174	PTR	153		2	858-912,918-1154	858-912,918-1154	PTR,PTR	/mnt/c/Users/drpat/OneDrive - UGent/Desktop/PD/Phospho-fill/Validation-allPDB/pdb_cache/4ehz.cif	PTR	PTR	OH	CZ	ok	1.6257461172384993	127.38269007431138	-14.806077373742205	164.3541816511232	LYS:1026	LYS	NZ	3.113625734735292	2.0	3.0	LYS:1026	LYS	NZ	3.113625734735292	HOH:1321	O	4.914217983769051	0.0	12.0	salt_bridge_like			intermediate	PTR:1034	PTR	13.994823728470204	0.0	0.0		modified	1.6257461172384993	83.21373432130638	81.30208693883654	opposite	lateral	-14.806077373742205	164.3541816511232
P23458	4EI4	A	1034	PTR_only_multi_2	2	2	2.22	PTR	154		2	854-911,918-945,951-1154	854-911,918-945,951-1154	PTR,PTR	/mnt/c/Users/drpat/OneDrive - UGent/Desktop/PD/Phospho-fill/Validation-allPDB/pdb_cache/4ei4.cif	PTR	PTR	OH	CZ	ok	1.6142620648197659	126.58639366279417	-127.28419763527593	50.50417580333884	LYS:1057	LYS	NZ	3.557540317400223	1.0	2.0	LYS:1057	LYS	NZ	3.557540317400223				0.0	4.0	none_obvious			intermediate	PTR:1035	PTR	13.939986132974905	0.0	0.0		modified	1.6142620648197659	105.92141712593272		opposite	lateral	-127.28419763527593	50.50417580333884
P23458	4EI4	A	1035	PTR_only_multi_2	2	2	2.22	PTR	154		2	854-911,918-945,951-1154	854-911,918-945,951-1154	PTR,PTR	/mnt/c/Users/drpat/OneDrive - UGent/Desktop/PD/Phospho-fill/Validation-allPDB/pdb_cache/4ei4.cif	PTR	PTR	OH	CZ	ok	1.6366611193924596	126.82851691863831	5.92864170454561	-174.40484206408942	LYS:1026	LYS	NZ	3.3836391320241326	1.0	2.0	LYS:1026	LYS	NZ	3.3836391320241326	HOH:1352	O	5.243524088044316	0.0	8.0	salt_bridge_like			intermediate	PTR:1034	PTR	13.939986132974905	0.0	0.0		modified	1.6366611193924596	78.6572438582927	76.53623634360973	same	lateral	5.92864170454561	-174.40484206408942
Q07912	4EWH	B	284	PTR_single	1	1	2.5	PTR	277		1	117-391	117-390	PTR	/mnt/c/Users/drpat/OneDrive - UGent/Desktop/PD/Phospho-fill/Validation-allPDB/pdb_cache/4ewh.cif	PTR	PTR	OH	CZ	ok	1.6929256563577129	135.35324247759985	-37.614204563552896	139.57882014908208	ARG:251	ARG	NH2	2.5345664123168947	4.0	5.0	ARG:251	ARG	NH2	2.5345664123168947				0.0	36.0	salt_bridge_like			buried				0.0	0.0		modified	1.6929256563577129	54.71557945150874		same	toward	-37.614204563552896	139.57882014908208
O60674	4F09	A	1007	PTR_only_multi_2	2	2	2.4	PTR	26		2	843-1132	843-1132	PTR,PTR	/mnt/c/Users/drpat/OneDrive - UGent/Desktop/PD/Phospho-fill/Validation-allPDB/pdb_cache/4f09.cif	PTR	PTR	OH	CZ	ok	1.5832370930239468	132.05276746877794	132.34360410507668	-43.16350353586986	LYS:1030	LYS	NZ	2.1973843262373496	1.0	2.0	LYS:1030	LYS	NZ	2.1973843262373496	HOH:1359	O	7.515415611463843	0.0	5.0	salt_bridge_like			intermediate	PTR:1008	PTR	14.736907024656114	0.0	0.0		modified	1.5832370930239468	63.57711153195281	150.39197996218732	same	lateral	132.34360410507668	-43.16350353586986
O60674	4F09	A	1008	PTR_only_multi_2	2	2	2.4	PTR	26		2	843-1132	843-1132	PTR,PTR	/mnt/c/Users/drpat/OneDrive - UGent/Desktop/PD/Phospho-fill/Validation-allPDB/pdb_cache/4f09.cif	PTR	PTR	OH	CZ	ok	1.5453196777893214	137.48295454018825	9.177466871605406	-168.6712841942663	ARG:897	ARG	NH1	2.8138278532801095	2.0	2.0	ARG:897	ARG	NH1	2.8138278532801095	HOH:1364	O	4.670783696873113	0.0	7.0	salt_bridge_like			intermediate	PTR:1007	PTR	14.736907024656114	0.0	0.0		modified	1.5453196777893214	35.136332209379766	104.8756594823356	same	toward	9.177466871605406	-168.6712841942663
P23458	4FK6	A	1034	PTR_only_multi_2	2	2	2.2	PTR	155		2	863-883,886-913,917-1154	863-883,886-913,917-1154	PTR,PTR	/mnt/c/Users/drpat/OneDrive - UGent/Desktop/PD/Phospho-fill/Validation-allPDB/pdb_cache/4fk6.cif	PTR	PTR	OH	CZ	ok	1.5200101172306661	124.56013788740249	-101.06766536586984	70.96206468745551	LYS:1057	LYS	NZ	4.193722648524875	0.0	2.0	LYS:1057	LYS	NZ	4.193722648524875				0.0	6.0	none_obvious			intermediate	PTR:1035	PTR	13.861861796793393	0.0	0.0		modified	1.5200101172306661	122.38380514323559		opposite	opposite	-101.06766536586984	70.96206468745551
P23458	4FK6	A	1035	PTR_only_multi_2	2	2	2.2	PTR	155		2	863-883,886-913,917-1154	863-883,886-913,917-1154	PTR,PTR	/mnt/c/Users/drpat/OneDrive - UGent/Desktop/PD/Phospho-fill/Validation-allPDB/pdb_cache/4fk6.cif	PTR	PTR	OH	CZ	ok	1.5972284472872957	122.25042072212747	-2.3427620095941077	176.4901931069644	LYS:1038	LYS	NZ	2.8189653227633045	2.0	3.0	LYS:1038	LYS	NZ	2.8189653227633045				0.0	12.0	salt_bridge_like			intermediate	PTR:1034	PTR	13.861861796793393	0.0	0.0		modified	1.5972284472872957	68.63079129891845		same	lateral	-2.3427620095941077	176.4901931069644
O60674	4GFM	A	1007	PTR_only_multi_2	2	2	2.3	PTR	27		2	840-1130	840-1130	PTR,PTR	/mnt/c/Users/drpat/OneDrive - UGent/Desktop/PD/Phospho-fill/Validation-allPDB/pdb_cache/4gfm.cif	PTR	PTR	OH	CZ	ok	1.602974213512611	124.36478884562715	124.09986010830555	-53.70777797704158	LYS:1030	LYS	NZ	3.752673203200542	1.0	2.0	LYS:1030	LYS	NZ	3.752673203200542	HOH:1377	O	4.9876420883032155	0.0	7.0	none_obvious			intermediate	PTR:1008	PTR	14.475666228218936	0.0	0.0		modified	1.602974213512611	67.94937539177171	99.15863424030013	same	lateral	124.09986010830555	-53.70777797704158
O60674	4GFM	A	1008	PTR_only_multi_2	2	2	2.3	PTR	27		2	840-1130	840-1130	PTR,PTR	/mnt/c/Users/drpat/OneDrive - UGent/Desktop/PD/Phospho-fill/Validation-allPDB/pdb_cache/4gfm.cif	PTR	PTR	OH	CZ	ok	1.6079262488997776	128.23646392832205	37.21410554523237	-140.47660771489856	ARG:897	ARG	NH1	3.276951443764582	2.0	2.0	ARG:897	ARG	NH1	3.276951443764582	HOH:1373	O	4.142437914485706	0.0	9.0	salt_bridge_like			intermediate	PTR:1007	PTR	14.475666228218936	0.0	0.0		modified	1.6079262488997776	15.393987981002304	68.58944294604257	same	toward	37.21410554523237	-140.47660771489856
O60674	4GMY	A	1007	PTR_only_multi_2	2	2	2.403	PTR	28		2	833-1132	833-1132	PTR,PTR	/mnt/c/Users/drpat/OneDrive - UGent/Desktop/PD/Phospho-fill/Validation-allPDB/pdb_cache/4gmy.cif	PTR	PTR	OH	CZ	ok	1.6199296141001833	123.91253008295335	166.74580964493825	-12.93641418947923	LYS:1030	LYS	NZ	2.8954001172534563	1.0	2.0	LYS:1030	LYS	NZ	2.8954001172534563	HOH:1451	O	3.5187927992834998	1.0	3.0	salt_bridge_like			intermediate	PTR:1008	PTR	14.43102087224891	0.0	0.0		modified	1.6199296141001833	77.7603373822481	78.36723050799904	same	lateral	166.74580964493825	-12.93641418947923
O60674	4GMY	A	1008	PTR_only_multi_2	2	2	2.403	PTR	28		2	833-1132	833-1132	PTR,PTR	/mnt/c/Users/drpat/OneDrive - UGent/Desktop/PD/Phospho-fill/Validation-allPDB/pdb_cache/4gmy.cif	PTR	PTR	OH	CZ	ok	1.6241610480522757	124.00381922878529	-4.126687153392647	175.29987827864392	ARG:897	ARG	NH2	4.0183107219899235	0.0	2.0	ARG:897	ARG	NH2	4.0183107219899235	HOH:1418	O	2.5902663868608817	1.0	6.0	water_mediated_like			intermediate	PTR:1007	PTR	14.43102087224891	0.0	0.0		modified	1.6241610480522757	40.553269087615305	61.9309435752888	opposite	toward	-4.126687153392647	175.29987827864392
O60674	4HGE	B	1007	PTR_only_multi_2	2	2	2.3	PTR	29		2	839-919,924-1132	839-919,924-1132	PTR,PTR	/mnt/c/Users/drpat/OneDrive - UGent/Desktop/PD/Phospho-fill/Validation-allPDB/pdb_cache/4hge.cif	PTR	PTR	OH	CZ	ok	1.61172245341933	124.98244221017276	110.6640369696288	-67.09889999912733	LYS:1030	LYS	NZ	3.526274934623892	3.0	3.0	LYS:1030	LYS	NZ	3.526274934623892	HOH:1365	O	6.576093153700165	0.0	11.0	none_obvious			intermediate	PTR:1008	PTR	14.825326980284522	0.0	0.0		modified	1.61172245341933	65.51055896296941	165.1291274831818	same	lateral	110.6640369696288	-67.09889999912733
O60674	4HGE	B	1008	PTR_only_multi_2	2	2	2.3	PTR	29		2	839-919,924-1132	839-919,924-1132	PTR,PTR	/mnt/c/Users/drpat/OneDrive - UGent/Desktop/PD/Phospho-fill/Validation-allPDB/pdb_cache/4hge.cif	PTR	PTR	OH	CZ	ok	1.6007070334571707	126.07653781986151	155.91335259387853	-23.376940127848393	LYS:999	LYS	NZ	2.6759174003004853	2.0	2.0	LYS:999	LYS	NZ	2.6759174003004853	HOH:1385	O	4.662389211471636	0.0	8.0	salt_bridge_like			intermediate	PTR:1007	PTR	14.825326980284522	0.0	0.0		modified	1.6007070334571707	52.29659424116024	96.15012816351344	same	toward	155.91335259387853	-23.376940127848393
P23458	4I5C	B	1034	PTR_only_multi_2	2	2	2.1	PTR	156		2	854-912,918-946,951-1154	854-912,918-946,951-1154	PTR,PTR	/mnt/c/Users/drpat/OneDrive - UGent/Desktop/PD/Phospho-fill/Validation-allPDB/pdb_cache/4i5c.cif	PTR	PTR	OH	CZ	ok	1.530614714052173	124.48533478119073	-111.08212149829694	63.01274664412623	LYS:1032	LYS	CE	3.3467294050828973	2.0	2.0	LYS:1057	LYS	NZ	3.728305870929365				0.0	8.0	salt_bridge_like			intermediate	PTR:1035	PTR	13.885834372404346	0.0	0.0		modified	1.530614714052173	62.56975267359545		same	lateral	-111.08212149829694	63.01274664412623
P23458	4I5C	B	1035	PTR_only_multi_2	2	2	2.1	PTR	156		2	854-912,918-946,951-1154	854-912,918-946,951-1154	PTR,PTR	/mnt/c/Users/drpat/OneDrive - UGent/Desktop/PD/Phospho-fill/Validation-allPDB/pdb_cache/4i5c.cif	PTR	PTR	OH	CZ	ok	1.5648753245170548	120.98324917582435	1.1974026967088727	-177.4536140949766	LYS:1038	LYS	CE	3.599066610609815	2.0	3.0	LYS:1026	LYS	NZ	3.7561747066627578	HOH:1370	O	2.3485173857453487	2.0	14.0	water_mediated_like			exposed	PTR:1034	PTR	13.885834372404346	0.0	0.0		modified	1.5648753245170548	63.41062496437498	54.62969166351785	opposite	lateral	1.1974026967088727	-177.4536140949766
Q13523	4IAN	A	849	PTR_single	1	1	2.44	PTR	279		1	676-935,940-960,965-1005	676-935,940-960,965-1005	PTR	/mnt/c/Users/drpat/OneDrive - UGent/Desktop/PD/Phospho-fill/Validation-allPDB/pdb_cache/4ian.cif	PTR	PTR	OH	CZ	ok	1.5445928482608458	125.1590963650164	83.72086703080991	-93.85440880093397	HIS:922	HIS	CE1	7.315069502004313	0.0	0.0	GLN:921	GLN	OE1	4.098687821866256	HOH:1206	O	4.359796795111714	0.0	4.0	none_obvious			intermediate				0.0	0.0		modified	1.5445928482608458	115.07730247280467	95.79529957688955	opposite	lateral	83.72086703080991	-93.85440880093397
Q13523	4IFC	B	849	PTR_single	1	1	2.13	PTR	280		1	670-695,697-935,939-960,963-1005	670-695,697-935,939-960,963-1005	PTR	/mnt/c/Users/drpat/OneDrive - UGent/Desktop/PD/Phospho-fill/Validation-allPDB/pdb_cache/4ifc.cif	PTR	PTR	OH	CZ	ok	1.5509173949436943	119.03239981632025	-25.395756517809893	152.5844985841743	HIS:922	HIS	NE2	7.546735949741348	0.0	0.0	GLN:921	GLN	OE1	4.425394185751386	HOH:1329	O	2.8368507914204097	3.0	4.0	water_mediated_like			exposed				0.0	0.0		modified	1.5509173949436943	93.23793272302416	76.21058805080321	same	lateral	-25.395756517809893	152.5844985841743
Q13523	4IIR	B	849	PTR_single	1	1	2.0	PTR	281		1	670-695,699-935,939-960,963-1005	670-695,699-935,939-960,963-1005	PTR	/mnt/c/Users/drpat/OneDrive - UGent/Desktop/PD/Phospho-fill/Validation-allPDB/pdb_cache/4iir.cif	PTR	PTR	OH	CZ	ok	1.5374587072906942	119.09268524124579	-27.999845778697026	149.65821127455328	HIS:922	HIS	CE1	6.963054774945427	0.0	0.0	GLN:921	GLN	OE1	3.998573536147285	HOH:1378	O	2.9990319828646443	2.0	6.0	water_mediated_like			exposed				0.0	0.0		modified	1.5374587072906942	88.61782810041025	80.40927987753818	same	lateral	-27.999845778697026	149.65821127455328
Q13523	4IJP	B	849	PTR_single	1	1	2.25	PTR	282		1	668-935,940-1005	668-935,940-1005	PTR	/mnt/c/Users/drpat/OneDrive - UGent/Desktop/PD/Phospho-fill/Validation-allPDB/pdb_cache/4ijp.cif	PTR	PTR	OH	CZ	ok	1.5480111493419648	119.72844253334124	-20.84595384763114	157.16410840416523	HIS:922	HIS	NE2	6.931012965504934	0.0	0.0	GLN:921	GLN	NE2	3.9204214589830357	HOH:1273	O	2.7273150592093933	2.0	7.0	water_mediated_like			exposed				0.0	0.0		modified	1.5480111493419648	81.99467551644629	51.252437793852486	same	lateral	-20.84595384763114	157.16410840416523
O60674	4IVA	A	1007	PTR_only_multi_2	2	2	1.5	PTR	30		2	841-1132	841-1132	PTR,PTR	/mnt/c/Users/drpat/OneDrive - UGent/Desktop/PD/Phospho-fill/Validation-allPDB/pdb_cache/4iva.cif	PTR	PTR	OH	CZ	ok	1.6101191159184232	124.6884598895963	153.78264643431746	-25.415118466118233	LYS:1005	LYS	NZ	2.838023022225924	2.0	2.0	LYS:1005	LYS	NZ	2.838023022225924	HOH:1447	O	6.493197870827741	0.0	5.0	salt_bridge_like			intermediate	PTR:1008	PTR	14.150729849993846	0.0	0.0		modified	1.6101191159184232	83.65671349754587	87.30069914267466	opposite	lateral	153.78264643431746	-25.415118466118233
O60674	4IVA	A	1008	PTR_only_multi_2	2	2	1.5	PTR	30		2	841-1132	841-1132	PTR,PTR	/mnt/c/Users/drpat/OneDrive - UGent/Desktop/PD/Phospho-fill/Validation-allPDB/pdb_cache/4iva.cif	PTR	PTR	OH	CZ	ok	1.610841218290067	124.39938666610787	157.90307163286562	-21.697708168729083	ARG:897	ARG	NH1	2.7963738950659307	2.0	2.0	ARG:897	ARG	NH1	2.7963738950659307	HOH:1555	O	4.302148256134373	0.0	7.0	salt_bridge_like			intermediate	PTR:1007	PTR	14.150729849993846	0.0	0.0		modified	1.610841218290067	60.39877034889822	82.23608317935894	same	lateral	157.90307163286562	-21.697708168729083
P23458	4IVB	A	1034	PTR_only_multi_2	2	2	1.9	PTR	157		2	854-912,918-946,951-1154	854-912,918-946,951-1154	PTR,PTR	/mnt/c/Users/drpat/OneDrive - UGent/Desktop/PD/Phospho-fill/Validation-allPDB/pdb_cache/4ivb.cif	PTR	PTR	OH	CZ	ok	1.6054793455995908	123.63395654708626	-92.76887972981787	85.60026303062217	LYS:1057	LYS	NZ	3.912208908824089	1.0	2.0	LYS:1057	LYS	NZ	3.912208908824089	HOH:1367	O	7.211264587163626	0.0	5.0	none_obvious			intermediate	PTR:1035	PTR	13.58675737975416	0.0	0.0		modified	1.6054793455995908	130.813360013617	121.45361655767164	opposite	opposite	-92.76887972981787	85.60026303062217
P23458	4IVB	A	1035	PTR_only_multi_2	2	2	1.9	PTR	157		2	854-912,918-946,951-1154	854-912,918-946,951-1154	PTR,PTR	/mnt/c/Users/drpat/OneDrive - UGent/Desktop/PD/Phospho-fill/Validation-allPDB/pdb_cache/4ivb.cif	PTR	PTR	OH	CZ	ok	1.6278364917719563	125.23807647541432	-2.506401821174557	177.45270654215582	LYS:1026	LYS	NZ	3.5227875437038016	1.0	3.0	LYS:1026	LYS	NZ	3.5227875437038016	HOH:1419	O	4.604211157691903	0.0	9.0	none_obvious			intermediate	PTR:1034	PTR	13.58675737975416	0.0	0.0		modified	1.6278364917719563	82.08217441459097	71.49341401882646	opposite	lateral	-2.506401821174557	177.45270654215582
P23458	4IVC	A	1034	PTR_only_multi_2	2	2	2.35	PTR	158		2	854-912,918-946,951-1154	854-912,918-946,951-1154	PTR,PTR	/mnt/c/Users/drpat/OneDrive - UGent/Desktop/PD/Phospho-fill/Validation-allPDB/pdb_cache/4ivc.cif	PTR	PTR	OH	CZ	ok	1.605458075779519	123.7201089833165	-101.66551863625068	76.76189869522443	LYS:1032	LYS	NZ	3.4577033407386715	2.0	2.0	LYS:1032	LYS	NZ	3.4577033407386715	HOH:1340	O	7.5317152442608295	0.0	7.0	salt_bridge_like			intermediate	PTR:1035	PTR	13.5065088953406	0.0	0.0		modified	1.605458075779519	28.822003124705105	123.17320037973019	same	toward	-101.66551863625068	76.76189869522443
P23458	4IVC	A	1035	PTR_only_multi_2	2	2	2.35	PTR	158		2	854-912,918-946,951-1154	854-912,918-946,951-1154	PTR,PTR	/mnt/c/Users/drpat/OneDrive - UGent/Desktop/PD/Phospho-fill/Validation-allPDB/pdb_cache/4ivc.cif	PTR	PTR	OH	CZ	ok	1.6215914025681315	123.00158454322163	-13.55790101429578	165.5485531311253	LYS:1026	LYS	NZ	3.020696186972307	1.0	3.0	LYS:1026	LYS	NZ	3.020696186972307				0.0	11.0	salt_bridge_like			intermediate	PTR:1034	PTR	13.5065088953406	0.0	0.0		modified	1.6215914025681315	80.8074044826708		opposite	lateral	-13.55790101429578	165.5485531311253
P23458	4IVD	A	1034	PTR_only_multi_2	2	2	1.93	PTR	159		2	854-912,918-945,951-1154	854-912,918-945,951-1154	PTR,PTR	/mnt/c/Users/drpat/OneDrive - UGent/Desktop/PD/Phospho-fill/Validation-allPDB/pdb_cache/4ivd.cif	PTR	PTR	OH	CZ	ok	1.6109199085064483	124.9755697739446	-151.09409245816244	28.03890794110602	LYS:1057	LYS	NZ	2.8645395463707235	1.0	2.0	LYS:1057	LYS	NZ	2.8645395463707235	HOH:1432	O	2.6171777358920525	1.0	4.0	salt_bridge_like			intermediate	PTR:1035	PTR	14.276802353288398	0.0	0.0		modified	1.6109199085064483	92.74538889334163	87.41064125283529	opposite	lateral	-151.09409245816244	28.03890794110602
P23458	4IVD	A	1035	PTR_only_multi_2	2	2	1.93	PTR	159		2	854-912,918-945,951-1154	854-912,918-945,951-1154	PTR,PTR	/mnt/c/Users/drpat/OneDrive - UGent/Desktop/PD/Phospho-fill/Validation-allPDB/pdb_cache/4ivd.cif	PTR	PTR	OH	CZ	ok	1.621834039565632	127.03024393749553	0.7895241137521114	-178.8097680094174	LYS:1026	LYS	CE	3.237914291213722	1.0	3.0	LYS:1026	LYS	NZ	4.498920896159899	HOH:1342	O	5.346241184345258	0.0	9.0	salt_bridge_like			intermediate	PTR:1034	PTR	14.276802353288398	0.0	0.0		modified	1.621834039565632	94.63585392181153	79.555158149996	same	lateral	0.7895241137521114	-178.8097680094174
P08581	4IWD	A	1234	PTR_only_multi_2	2	2	1.99	PTR	140		3	1048-1239,1244-1348	1048-1239,1244-1348	PTR,PTR	/mnt/c/Users/drpat/OneDrive - UGent/Desktop/PD/Phospho-fill/Validation-allPDB/pdb_cache/4iwd.cif	PTR	PTR	OH	CZ	ok	1.5549539402658046	120.7098694113224	3.237179538530749	-176.25507915287415	LYS:1232	LYS	NZ	2.7628491071714363	2.0	3.0	LYS:1232	LYS	NZ	2.7628491071714363	HOH:1552	O	3.5548474357783704	1.0	8.0	salt_bridge_like			intermediate	PTR:1235	PTR	10.54762361042111	0.0	1.0	PTR:1235@10.55	modified	1.5549539402658046	77.23874392032674	69.78063693254889	opposite	lateral	3.237179538530749	-176.25507915287415
P08581	4IWD	A	1235	PTR_only_multi_2	2	2	1.99	PTR	140		3	1048-1239,1244-1348	1048-1239,1244-1348	PTR,PTR	/mnt/c/Users/drpat/OneDrive - UGent/Desktop/PD/Phospho-fill/Validation-allPDB/pdb_cache/4iwd.cif	PTR	PTR	OH	CZ	ok	1.517869740992917	123.01396004799349	-9.786074564046666	168.27158168423233	HIS:1238	HIS	ND1	2.737940046549978	2.0	4.0	HIS:1238	HIS	ND1	2.737940046549978	HOH:1552	O	5.083740475028842	0.0	23.0	salt_bridge_like			intermediate	PTR:1234	PTR	10.54762361042111	0.0	1.0	PTR:1234@10.55	modified	1.517869740992917	61.65215291685403	91.69438139452478	same	lateral	-9.786074564046666	168.27158168423233
P28482	4IZA	A	187	PTR_mixed_with_TPO	1	2	1.93	PTR	192		2	11-358	11-358	PTR	/mnt/c/Users/drpat/OneDrive - UGent/Desktop/PD/Phospho-fill/Validation-allPDB/pdb_cache/4iza.cif	PTR	PTR	OH	CZ	ok	1.593975773364036	123.54149192847922	-61.63325084650923	115.93331367277013	LYS:151	LYS	NZ	2.5811817006267153	2.0	2.0	ASP:149	ASP	OD2	2.2958143675775045	HOH:524	O	2.9401890639926185	1.0	20.0	salt_bridge_like			intermediate	TPO:185	TPO	15.038991097793065	0.0	0.0		modified	1.593975773364036	62.85291581816799	32.74386435308345	opposite	lateral	-61.63325084650923	115.93331367277013
P49841	4J71	A	216	PTR_single	1	1	2.31	PTR	244		3	36-383	36-383	PTR	/mnt/c/Users/drpat/OneDrive - UGent/Desktop/PD/Phospho-fill/Validation-allPDB/pdb_cache/4j71.cif	PTR	PTR	OH	CZ	ok	1.6130643463668393	123.20564009245817	90.90772198841431	-88.8244779756273	ARG:220	ARG	NH2	2.753567443893655	2.0	2.0	ARG:220	ARG	NH2	2.753567443893655	HOH:633	O	2.672243541967414	2.0	18.0	salt_bridge_like			exposed				0.0	0.0		modified	1.6130643463668393	42.769660265892014	27.417983765161246	same	toward	90.90772198841431	-88.8244779756273
O60674	4JI9	B	1007	PTR_only_multi_2	2	2	2.4	PTR	31		2	839-919,924-1132	839-919,924-1132	PTR,PTR	/mnt/c/Users/drpat/OneDrive - UGent/Desktop/PD/Phospho-fill/Validation-allPDB/pdb_cache/4ji9.cif	PTR	PTR	OH	CZ	ok	1.6142608667393514	123.88181575048394	120.38070724033437	-58.32010560310343	LYS:1030	LYS	NZ	2.8390923758861666	2.0	3.0	LYS:1030	LYS	NZ	2.8390923758861666	HOH:1344	O	6.966709891475751	0.0	10.0	salt_bridge_like			intermediate	PTR:1008	PTR	14.891250826969385	0.0	0.0		modified	1.6142608667393514	62.150231501500535	95.15423354408662	same	lateral	120.38070724033437	-58.32010560310343
O60674	4JI9	B	1008	PTR_only_multi_2	2	2	2.4	PTR	31		2	839-919,924-1132	839-919,924-1132	PTR,PTR	/mnt/c/Users/drpat/OneDrive - UGent/Desktop/PD/Phospho-fill/Validation-allPDB/pdb_cache/4ji9.cif	PTR	PTR	OH	CZ	ok	1.6159265132380731	126.17561712078574	179.18585028977165	-1.219604361663819	LYS:999	LYS	NZ	2.8045802630489094	2.0	2.0	LYS:999	LYS	NZ	2.8045802630489094	HOH:1342	O	4.9334924476043325	0.0	8.0	salt_bridge_like			intermediate	PTR:1007	PTR	14.891250826969385	0.0	0.0		modified	1.6159265132380731	66.81349943678154	114.90496442614165	same	lateral	179.18585028977165	-1.219604361663819
O60674	4JIA	A	1007	PTR_only_multi_2	2	2	1.85	PTR	32		2	833-1132	833-1132	PTR,PTR	/mnt/c/Users/drpat/OneDrive - UGent/Desktop/PD/Phospho-fill/Validation-allPDB/pdb_cache/4jia.cif	PTR	PTR	OH	CZ	ok	1.6116537680892542	124.70287144242234	151.88829050868134	-26.75371579181095	LYS:1030	LYS	NZ	2.60948102430146	1.0	2.0	LYS:1030	LYS	NZ	2.60948102430146	HOH:1456	O	6.552366233743474	0.0	3.0	salt_bridge_like			intermediate	PTR:1008	PTR	14.74301765077177	0.0	0.0		modified	1.6116537680892542	68.88608766598806	78.16049396783299	same	lateral	151.88829050868134	-26.75371579181095
O60674	4JIA	A	1008	PTR_only_multi_2	2	2	1.85	PTR	32		2	833-1132	833-1132	PTR,PTR	/mnt/c/Users/drpat/OneDrive - UGent/Desktop/PD/Phospho-fill/Validation-allPDB/pdb_cache/4jia.cif	PTR	PTR	OH	CZ	ok	1.616612685501379	127.2474816617981	2.867368637115494	-176.9977763332914	ARG:897	ARG	NH2	4.040891087771895	0.0	2.0	ARG:897	ARG	NH2	4.040891087771895	HOH:1330	O	2.529012976146139	3.0	5.0	water_mediated_like			exposed	PTR:1007	PTR	14.74301765077177	0.0	0.0		modified	1.616612685501379	36.594808231810894	57.57629024560298	same	toward	2.867368637115494	-176.9977763332914
P23458	4K77	A	1034	PTR_only_multi_2	2	2	2.4	PTR	160		2	864-912,916-946,951-1154	864-912,916-946,951-1154	PTR,PTR	/mnt/c/Users/drpat/OneDrive - UGent/Desktop/PD/Phospho-fill/Validation-allPDB/pdb_cache/4k77.cif	PTR	PTR	OH	CZ	ok	1.6034466330650896	123.95768901715316	-108.0232957002474	70.35004613034967	LYS:1057	LYS	NZ	4.579163412225989	0.0	2.0	LYS:1057	LYS	NZ	4.579163412225989	HOH:1349	O	6.951775681854781	0.0	4.0	none_obvious			intermediate	PTR:1035	PTR	13.961366060032923	0.0	0.0		modified	1.6034466330650896	119.7235467980118	95.75619335877472	opposite	lateral	-108.0232957002474	70.35004613034967
P23458	4K77	A	1035	PTR_only_multi_2	2	2	2.4	PTR	160		2	864-912,916-946,951-1154	864-912,916-946,951-1154	PTR,PTR	/mnt/c/Users/drpat/OneDrive - UGent/Desktop/PD/Phospho-fill/Validation-allPDB/pdb_cache/4k77.cif	PTR	PTR	OH	CZ	ok	1.6126151992403641	126.38973488396888	-16.931835665383325	162.01526352081927	LYS:1026	LYS	NZ	2.969954332299971	1.0	3.0	LYS:1026	LYS	NZ	2.969954332299971	HOH:1352	O	6.9859893358960194	0.0	12.0	salt_bridge_like			intermediate	PTR:1034	PTR	13.961366060032923	0.0	0.0		modified	1.6126151992403641	85.20590611983154	91.60363237943085	opposite	lateral	-16.931835665383325	162.01526352081927
Q13627	4MQ1	A	321	PTR_single	1	1	2.35	PTR	287		2	135-480	135-480	PTR	/mnt/c/Users/drpat/OneDrive - UGent/Desktop/PD/Phospho-fill/Validation-allPDB/pdb_cache/4mq1.cif	PTR	PTR	OH	CZ	ok	1.5568829210555	125.38650372398213	-71.1640214621997	103.47668773827789	ARG:325	ARG	NH2	2.5785182528619206	2.0	2.0	ARG:325	ARG	NH2	2.5785182528619206	HOH:664	O	2.7484393701259084	1.0	15.0	salt_bridge_like			intermediate				0.0	0.0		modified	1.5568829210555	26.20189547473008	34.6293573756889	same	toward	-71.1640214621997	103.47668773827789
O60674	4P7E	B	1007	PTR_only_multi_2	2	2	2.4	PTR	33		2	840-919,924-1069,1072-1132	840-919,924-1069,1072-1132	PTR,PTR	/mnt/c/Users/drpat/OneDrive - UGent/Desktop/PD/Phospho-fill/Validation-allPDB/pdb_cache/4p7e.cif	PTR	PTR	OH	CZ	ok	1.6258166613170553	124.91723965454227	104.55394056185227	-74.29095861268758	LYS:1030	LYS	NZ	3.018298340442631	2.0	3.0	LYS:1030	LYS	NZ	3.018298340442631				0.0	10.0	salt_bridge_like			intermediate	PTR:1008	PTR	14.734551640720353	0.0	0.0		modified	1.6258166613170553	58.05627313507943		same	toward	104.55394056185227	-74.29095861268758
O60674	4P7E	B	1008	PTR_only_multi_2	2	2	2.4	PTR	33		2	840-919,924-1069,1072-1132	840-919,924-1069,1072-1132	PTR,PTR	/mnt/c/Users/drpat/OneDrive - UGent/Desktop/PD/Phospho-fill/Validation-allPDB/pdb_cache/4p7e.cif	PTR	PTR	OH	CZ	ok	1.618616151264034	129.87947430723904	156.54151452606487	-21.73614213779172	ARG:897	ARG	NH1	2.7269612471678824	2.0	3.0	ARG:897	ARG	NH1	2.7269612471678824	HOH:1346	O	3.001285966892085	2.0	10.0	salt_bridge_like			exposed	PTR:1007	PTR	14.734551640720353	0.0	0.0		modified	1.618616151264034	49.01971065032792	106.20056961096668	same	toward	156.54151452606487	-21.73614213779172
P29597	4PY1	A	1054	PTR_single	1	1	2.16	PTR	205		2	889-1178	889-1178	PTR	/mnt/c/Users/drpat/OneDrive - UGent/Desktop/PD/Phospho-fill/Validation-allPDB/pdb_cache/4py1.cif	PTR	PTR	OH	CZ	ok	1.5565720021463343	115.4485491967043	-94.15989323465992	83.49303615779145	ARG:1056	ARG	NH2	2.8135631467996705	2.0	3.0	ARG:1056	ARG	NH2	2.8135631467996705	HOH:1347	O	2.7440908577711416	1.0	14.0	salt_bridge_like			intermediate				0.0	0.0		modified	1.5565720021463343	52.673665756252156	65.00642214233226	same	toward	-94.15989323465992	83.49303615779145
O15151	4RXZ	A	99	PTR_single	1	1	1.55	PTR	2		2	25-108	25-108	PTR	/mnt/c/Users/drpat/OneDrive - UGent/Desktop/PD/Phospho-fill/Validation-allPDB/pdb_cache/4rxz.cif	PTR	PTR	OH	CZ	ok	1.6308311882506052	121.30876916648032	-107.3331172584344	72.89150707583048					0.0	0.0	ASP:94	ASP	OD1	7.388918439734344	HOH:240	O	4.388957132353728	0.0	1.0	none_obvious			intermediate				0.0	0.0		modified	1.6308311882506052		68.61477058677065			-107.3331172584344	72.89150707583048
P29317	4TRL	A	772	PTR_single	1	1	2.452	PTR	197		1	599-634,640-649,651-653,655-765,767-875	599-634,640-649,651-653,655-765,767-875	PTR	/mnt/c/Users/drpat/OneDrive - UGent/Desktop/PD/Phospho-fill/Validation-allPDB/pdb_cache/4trl.cif	PTR	PTR	OH	CZ	ok	1.6192110109806526	130.1670151297992	27.183916443277308	-150.98472740781827	ARG:762	ARG	NH2	3.6266379248366376	2.0	2.0	THR:774	THR	OG1	2.998917079263101	HOH:902	O	2.824146597473439	1.0	23.0	hbond_like			intermediate				0.0	0.0		modified	1.6192110109806526	71.62963802320003	39.0389054472792	opposite	lateral	27.183916443277308	-150.98472740781827
P43405	4YJQ	A	525	PTR_only_multi_2	2	2	1.34	PTR	220		3	364-378,383-633	364-378,383-633	PTR,PTR	/mnt/c/Users/drpat/OneDrive - UGent/Desktop/PD/Phospho-fill/Validation-allPDB/pdb_cache/4yjq.cif	PTR	PTR	OH	CZ	ok	1.573127142927668	122.92209973223386	112.54013503560252	-67.126658365148	LYS:548	LYS	NZ	2.9583706031731007	1.0	1.0	LYS:548	LYS	NZ	2.9583706031731007	HOH:1097	O	4.870829424240299	0.0	8.0	salt_bridge_like			intermediate	PTR:526	PTR	14.222708518474521	0.0	0.0		modified	1.573127142927668	58.692508577407665	47.999576185411485	same	toward	112.54013503560252	-67.126658365148
P43405	4YJQ	A	526	PTR_only_multi_2	2	2	1.34	PTR	220		3	364-378,383-633	364-378,383-633	PTR,PTR	/mnt/c/Users/drpat/OneDrive - UGent/Desktop/PD/Phospho-fill/Validation-allPDB/pdb_cache/4yjq.cif	PTR	PTR	OH	CZ	ok	1.5764525142144763	121.42257545845287	179.22730956732852	0.18723386317089857	LYS:517	LYS	NZ	2.7328353491665895	1.0	1.0	LYS:517	LYS	NZ	2.7328353491665895	HOH:1123	O	2.33330751371395	2.0	13.0	salt_bridge_like			exposed	PTR:525	PTR	14.222708518474521	0.0	0.0		modified	1.5764525142144763	73.43227670527621	44.056929321026466	same	lateral	179.22730956732852	0.18723386317089857
P43405	4YJR	A	525	PTR_only_multi_2	2	2	1.32	PTR	221		3	364-377,383-633	364-377,383-633	PTR,PTR	/mnt/c/Users/drpat/OneDrive - UGent/Desktop/PD/Phospho-fill/Validation-allPDB/pdb_cache/4yjr.cif	PTR	PTR	OH	CZ	ok	1.5761677395254206	126.19767262365751	116.666816311106	-65.99316157141077	LYS:548	LYS	NZ	2.9954017320371564	1.0	1.0	LYS:548	LYS	NZ	2.9954017320371564	HOH:1126	O	4.2799382544192754	0.0	8.0	salt_bridge_like			intermediate	PTR:526	PTR	14.238344997635743	0.0	0.0		modified	1.5761677395254206	59.82954172347286	134.19467746460288	same	toward	116.666816311106	-65.99316157141077
P43405	4YJR	A	526	PTR_only_multi_2	2	2	1.32	PTR	221		3	364-377,383-633	364-377,383-633	PTR,PTR	/mnt/c/Users/drpat/OneDrive - UGent/Desktop/PD/Phospho-fill/Validation-allPDB/pdb_cache/4yjr.cif	PTR	PTR	OH	CZ	ok	1.5999435149906578	125.16936403609314	-175.2618873951985	3.5422814263779063	LYS:517	LYS	NZ	2.6745399992890535	1.0	1.0	LYS:517	LYS	NZ	2.6745399992890535	HOH:1142	O	2.3520910915269186	2.0	10.0	salt_bridge_like			exposed	PTR:525	PTR	14.238344997635743	0.0	0.0		modified	1.5999435149906578	73.5785513155492	41.15719014643936	same	lateral	-175.2618873951985	3.5422814263779063
P43405	4YJT	A	525	PTR_only_multi_2	2	2	1.52	PTR	222		3	364-633	364-633	PTR,PTR	/mnt/c/Users/drpat/OneDrive - UGent/Desktop/PD/Phospho-fill/Validation-allPDB/pdb_cache/4yjt.cif	PTR	PTR	OH	CZ	ok	1.544078516394314	124.83315610828298	111.12483065195788	-64.88970137645397	LYS:548	LYS	NZ	3.0297605559438257	1.0	1.0	LYS:548	LYS	NZ	3.0297605559438257	HOH:913	O	4.014642370305585	0.0	8.0	salt_bridge_like			intermediate	PTR:526	PTR	14.309828276501046	0.0	0.0		modified	1.544078516394314	60.56914951309378	82.41872591972442	same	lateral	111.12483065195788	-64.88970137645397
P43405	4YJT	A	526	PTR_only_multi_2	2	2	1.52	PTR	222		3	364-633	364-633	PTR,PTR	/mnt/c/Users/drpat/OneDrive - UGent/Desktop/PD/Phospho-fill/Validation-allPDB/pdb_cache/4yjt.cif	PTR	PTR	OH	CZ	ok	1.5862388609544038	120.55777483892471	178.5334543754531	-0.8305216588693142	LYS:517	LYS	NZ	2.8266084092932844	1.0	1.0	LYS:517	LYS	NZ	2.8266084092932844	HOH:1089	O	2.609460412600401	1.0	13.0	salt_bridge_like			intermediate	PTR:525	PTR	14.309828276501046	0.0	0.0		modified	1.5862388609544038	76.44127321464282	48.27962413849055	opposite	lateral	178.5334543754531	-0.8305216588693142
P43405	4YJU	A	525	PTR_only_multi_2	2	2	1.67	PTR	223		3	364-528,532-633	364-528,532-633	PTR,PTR	/mnt/c/Users/drpat/OneDrive - UGent/Desktop/PD/Phospho-fill/Validation-allPDB/pdb_cache/4yju.cif	PTR	PTR	OH	CZ	ok	1.5410135453095477	120.19449609501915	107.73984461095914	-68.7878612409352	LYS:548	LYS	NZ	2.889270173415961	1.0	2.0	LYS:548	LYS	NZ	2.889270173415961	HOH:817	O	2.656388397646995	1.0	8.0	salt_bridge_like			intermediate	PTR:526	PTR	14.111968853654577	0.0	0.0		modified	1.5410135453095477	55.26970209314311	72.26383077023783	same	toward	107.73984461095914	-68.7878612409352
P43405	4YJU	A	526	PTR_only_multi_2	2	2	1.67	PTR	223		3	364-528,532-633	364-528,532-633	PTR,PTR	/mnt/c/Users/drpat/OneDrive - UGent/Desktop/PD/Phospho-fill/Validation-allPDB/pdb_cache/4yju.cif	PTR	PTR	OH	CZ	ok	1.5854037003737642	121.2929816304503	175.8146406970183	-3.5665776170363506	LYS:517	LYS	NZ	2.7699768521943056	1.0	1.0	LYS:517	LYS	NZ	2.7699768521943056	HOH:1008	O	2.6187618230282097	2.0	10.0	salt_bridge_like			exposed	PTR:525	PTR	14.111968853654577	0.0	0.0		modified	1.5854037003737642	77.3840687530696	49.15512207359595	opposite	lateral	175.8146406970183	-3.5665776170363506
P43405	4YJV	A	525	PTR_only_multi_2	2	2	1.652	PTR	224		3	364-377,383-633	364-377,383-633	PTR,PTR	/mnt/c/Users/drpat/OneDrive - UGent/Desktop/PD/Phospho-fill/Validation-allPDB/pdb_cache/4yjv.cif	PTR	PTR	OH	CZ	ok	1.5415022730516155	122.65036738190564	106.06520838474792	-67.71133954385452	LYS:548	LYS	NZ	3.125842983122049	1.0	1.0	LYS:548	LYS	NZ	3.125842983122049	HOH:821	O	2.670127639211945	1.0	8.0	salt_bridge_like			intermediate	PTR:526	PTR	14.330605336485975	0.0	0.0		modified	1.5415022730516155	61.043655823604325	71.67589207981268	same	lateral	106.06520838474792	-67.71133954385452
P43405	4YJV	A	526	PTR_only_multi_2	2	2	1.652	PTR	224		3	364-377,383-633	364-377,383-633	PTR,PTR	/mnt/c/Users/drpat/OneDrive - UGent/Desktop/PD/Phospho-fill/Validation-allPDB/pdb_cache/4yjv.cif	PTR	PTR	OH	CZ	ok	1.5910561242606924	121.70167026396172	-178.60256288323802	0.8026387687359127	LYS:517	LYS	NZ	2.6818057160129882	1.0	1.0	LYS:517	LYS	NZ	2.6818057160129882	HOH:842	O	2.7125665447745932	2.0	9.0	salt_bridge_like			exposed	PTR:525	PTR	14.330605336485975	0.0	0.0		modified	1.5910561242606924	76.15979869031686	28.027067446265075	same	lateral	-178.60256288323802	0.8026387687359127
Q13627	4YLK	A	321	PTR_single	1	1	1.4	PTR	288		2	134-407,414-481	134-407,414-481	PTR	/mnt/c/Users/drpat/OneDrive - UGent/Desktop/PD/Phospho-fill/Validation-allPDB/pdb_cache/4ylk.cif	PTR	PTR	OH	CZ	ok	1.6284372211241154	123.1111081257099	76.36650678643474	-97.4126909205534	LYS:390	LYS	NZ	4.93016169208677	0.0	1.0	GLN:320	GLN	OE1	2.3002799667797422	HOH:601	O	2.303456873615245	3.0	5.0	hbond_like			exposed				0.0	0.0		modified	1.6284372211241154	73.63746123306547	73.89370600719177	same	lateral	76.36650678643474	-97.4126909205534
Q13627	4YLL	A	321	PTR_single	1	1	1.4	PTR	289		2	134-407,414-481	134-407,414-481	PTR	/mnt/c/Users/drpat/OneDrive - UGent/Desktop/PD/Phospho-fill/Validation-allPDB/pdb_cache/4yll.cif	PTR	PTR	OH	CZ	ok	1.63270719892589	123.40325175711678	73.79683847479868	-102.6399583876574	LYS:390	LYS	NZ	4.809142903940793	0.0	1.0	GLN:320	GLN	OE1	2.57993341033164	HOH:602	O	2.332178658788691	5.0	5.0	hbond_like			exposed				0.0	0.0		modified	1.63270719892589	71.94659148615976	71.77212637075485	same	lateral	73.79683847479868	-102.6399583876574
O60674	4YTC	A	1007	PTR_only_multi_2	2	2	2.16	PTR	34		2	842-858,861-920,922-1130	842-858,861-920,922-1130	PTR,PTR	/mnt/c/Users/drpat/OneDrive - UGent/Desktop/PD/Phospho-fill/Validation-allPDB/pdb_cache/4ytc.cif	PTR	PTR	OH	CZ	ok	1.540459403900382	117.99004929785102	110.61386772363129	-66.2406434332998	LYS:1030	LYS	NZ	3.09094375913843	2.0	3.0	LYS:1030	LYS	NZ	3.09094375913843	HOH:4158	O	2.935124048713479	1.0	7.0	salt_bridge_like			intermediate	PTR:1008	PTR	14.64985397730682	0.0	0.0		modified	1.540459403900382	58.45317780243544	94.11571213933212	same	toward	110.61386772363129	-66.2406434332998
O60674	4YTC	A	1008	PTR_only_multi_2	2	2	2.16	PTR	34		2	842-858,861-920,922-1130	842-858,861-920,922-1130	PTR,PTR	/mnt/c/Users/drpat/OneDrive - UGent/Desktop/PD/Phospho-fill/Validation-allPDB/pdb_cache/4ytc.cif	PTR	PTR	OH	CZ	ok	1.558503456778301	124.86525353982809	-131.79642743552026	44.59828720052498	ARG:897	ARG	NH2	2.8141664508625492	2.0	2.0	ARG:897	ARG	NH2	2.8141664508625492	HOH:4168	O	2.9331187867007746	2.0	9.0	salt_bridge_like			exposed	PTR:1007	PTR	14.64985397730682	0.0	0.0		modified	1.558503456778301	22.504614156273263	93.26519348839926	same	toward	-131.79642743552026	44.59828720052498
O60674	4YTF	A	1007	PTR_only_multi_2	2	2	1.78	PTR	35		2	842-858,861-919,922-1130	842-858,861-919,922-1130	PTR,PTR	/mnt/c/Users/drpat/OneDrive - UGent/Desktop/PD/Phospho-fill/Validation-allPDB/pdb_cache/4ytf.cif	PTR	PTR	OH	CZ	ok	1.5481189384413179	117.43075503025369	112.25534995387993	-65.36805121464691	LYS:1030	LYS	NZ	3.0386743526861495	1.0	3.0	LYS:1030	LYS	NZ	3.0386743526861495	HOH:4234	O	5.270730763373391	0.0	9.0	salt_bridge_like			intermediate	PTR:1008	PTR	14.493149647297193	0.0	0.0		modified	1.5481189384413179	59.760857414708646	107.19725644625974	same	toward	112.25534995387993	-65.36805121464691
O60674	4YTF	A	1008	PTR_only_multi_2	2	2	1.78	PTR	35		2	842-858,861-919,922-1130	842-858,861-919,922-1130	PTR,PTR	/mnt/c/Users/drpat/OneDrive - UGent/Desktop/PD/Phospho-fill/Validation-allPDB/pdb_cache/4ytf.cif	PTR	PTR	OH	CZ	ok	1.4723400778592868	123.05765949873994	-78.0798280493331	97.29120658000157	ARG:897	ARG	NH1	2.776881306732043	2.0	2.0	ARG:897	ARG	NH1	2.776881306732043	HOH:4211	O	2.8750972265911106	2.0	10.0	salt_bridge_like			exposed	PTR:1007	PTR	14.493149647297193	0.0	0.0		modified	1.4723400778592868	28.89242555413407	63.89841511459217	same	toward	-78.0798280493331	97.29120658000157
O60674	4YTH	A	1007	PTR_only_multi_2	2	2	2.04	PTR	36		2	842-1130	842-1130	PTR,PTR	/mnt/c/Users/drpat/OneDrive - UGent/Desktop/PD/Phospho-fill/Validation-allPDB/pdb_cache/4yth.cif	PTR	PTR	OH	CZ	ok	1.5489200839466404	122.22382342251377	130.94445316863366	-45.582425558570016	LYS:1030	LYS	NZ	3.14366165072549	2.0	3.0	LYS:1030	LYS	NZ	3.14366165072549	HOH:4188	O	5.199512163124886	0.0	8.0	salt_bridge_like			intermediate	PTR:1008	PTR	14.54546938672114	0.0	0.0		modified	1.5489200839466404	67.89911971427999	96.69878936511488	same	lateral	130.94445316863366	-45.582425558570016
O60674	4YTH	A	1008	PTR_only_multi_2	2	2	2.04	PTR	36		2	842-1130	842-1130	PTR,PTR	/mnt/c/Users/drpat/OneDrive - UGent/Desktop/PD/Phospho-fill/Validation-allPDB/pdb_cache/4yth.cif	PTR	PTR	OH	CZ	ok	1.5131232109940373	128.56049172458347	-43.06534944714333	132.12739383691567	ARG:897	ARG	NH1	2.7796500126798693	2.0	2.0	ARG:897	ARG	NH1	2.7796500126798693	HOH:4209	O	3.0879927473932423	2.0	9.0	salt_bridge_like			exposed	PTR:1007	PTR	14.54546938672114	0.0	0.0		modified	1.5131232109940373	48.486407092022034	76.79917620619044	same	toward	-43.06534944714333	132.12739383691567
Q13627	5A3X	A	321	PTR_single	1	1	2.26	PTR	290		2	134-408,414-481	134-408,414-481	PTR	/mnt/c/Users/drpat/OneDrive - UGent/Desktop/PD/Phospho-fill/Validation-allPDB/pdb_cache/5a3x.cif	PTR	PTR	OH	CZ	ok	1.6076414513655701	126.59056611993532	-76.44421121537135	101.25827797943091	ARG:325	ARG	NH2	2.7456244852539595	2.0	2.0	ARG:325	ARG	NH2	2.7456244852539595	HOH:2050	O	2.552934179056089	2.0	15.0	salt_bridge_like			exposed				0.0	0.0		modified	1.6076414513655701	25.021848814817314	31.28378857308774	same	toward	-76.44421121537135	101.25827797943091
Q13627	5A4Q	A	321	PTR_single	1	1	2.37	PTR	291		2	134-408,414-480	134-408,414-480	PTR	/mnt/c/Users/drpat/OneDrive - UGent/Desktop/PD/Phospho-fill/Validation-allPDB/pdb_cache/5a4q.cif	PTR	PTR	OH	CZ	ok	1.6139181656448442	127.68492320068303	-82.55977487853495	97.56642338746093	ARG:328	ARG	NH2	2.746554983591971	2.0	2.0	ARG:328	ARG	NH2	2.746554983591971	HOH:2062	O	2.5577032860413946	2.0	16.0	salt_bridge_like			exposed				0.0	0.0		modified	1.6139181656448442	56.03021778422003	25.780811117688426	same	toward	-82.55977487853495	97.56642338746093
Q13627	5A4T	A	321	PTR_single	1	1	2.15	PTR	292		2	134-408,414-480	134-408,414-480	PTR	/mnt/c/Users/drpat/OneDrive - UGent/Desktop/PD/Phospho-fill/Validation-allPDB/pdb_cache/5a4t.cif	PTR	PTR	OH	CZ	ok	1.6086990630324989	123.61484389592682	-102.60825806020306	75.20655670832507	ARG:328	ARG	NH2	2.7008663737303404	2.0	2.0	ARG:328	ARG	NH2	2.7008663737303404	HOH:2070	O	2.8814714844711404	2.0	16.0	salt_bridge_like			exposed				0.0	0.0		modified	1.6086990630324989	50.44371835948838	88.83983998016438	same	toward	-102.60825806020306	75.20655670832507
O60674	5AEP	A	1007	PTR_only_multi_2	2	2	1.95	PTR	37		2	840-919,923-1131	840-919,923-1131	PTR,PTR	/mnt/c/Users/drpat/OneDrive - UGent/Desktop/PD/Phospho-fill/Validation-allPDB/pdb_cache/5aep.cif	PTR	PTR	OH	CZ	ok	1.610681026997635	120.89682827274166	-66.0834739515654	113.2303748246525	LYS:1030	LYS	NZ	3.5442289377654146	3.0	3.0	LYS:1030	LYS	NZ	3.5442289377654146	HOH:2102	O	2.7421144718122816	1.0	9.0	water_mediated_like			intermediate	PTR:1008	PTR	14.690722538085858	0.0	0.0		modified	1.610681026997635	62.37768869977386	79.02316482435108	same	lateral	-66.0834739515654	113.2303748246525
O60674	5AEP	A	1008	PTR_only_multi_2	2	2	1.95	PTR	37		2	840-919,923-1131	840-919,923-1131	PTR,PTR	/mnt/c/Users/drpat/OneDrive - UGent/Desktop/PD/Phospho-fill/Validation-allPDB/pdb_cache/5aep.cif	PTR	PTR	OH	CZ	ok	1.6116001577518402	132.58384034866685	-143.09254641316105	34.913018187559345	LYS:999	LYS	NZ	3.3680804835283387	1.0	2.0	LYS:999	LYS	NZ	3.3680804835283387	HOH:2033	O	3.0709879853456137	3.0	6.0	salt_bridge_like			exposed	PTR:1007	PTR	14.690722538085858	0.0	0.0		modified	1.6116001577518402	73.0275524958351	58.26765036200442	same	lateral	-143.09254641316105	34.913018187559345
P9WG47	5BS8	A	129	PTR_single	1	1	2.399	PTR	271		1	15-500	15-500	PTR	/mnt/c/Users/drpat/OneDrive - UGent/Desktop/PD/Phospho-fill/Validation-allPDB/pdb_cache/5bs8.cif	PTR	PTR	OH	CZ	ok	1.5949985650275273	117.49213975662259	-133.24119217459338	47.263322094546005	ARG:128	ARG	NH1	5.006509358337337	0.0	1.0	ARG:128	ARG	NH1	5.006509358337337	HOH:604	O	2.950186513194315	1.0	6.0	water_mediated_like			intermediate				0.0	0.0		modified	1.5949985650275273	109.84727054852334	106.25920873349581	opposite	lateral	-133.24119217459338	47.263322094546005
P9WG47	5BTD	A	129	PTR_single	1	1	2.497	PTR	272		1	15-500	15-500	PTR	/mnt/c/Users/drpat/OneDrive - UGent/Desktop/PD/Phospho-fill/Validation-allPDB/pdb_cache/5btd.cif	PTR	PTR	OH	CZ	ok	1.6095272248640429	120.72348778753063	-129.61093870169933	50.08733482044545	ARG:128	ARG	NH1	4.65340026778361	0.0	1.0	ARG:128	ARG	NH1	4.65340026778361	HOH:697	O	7.6406080510665895	0.0	5.0	none_obvious			intermediate				0.0	0.0		modified	1.6095272248640429	106.12413990122155	166.19244761817214	opposite	lateral	-129.61093870169933	50.08733482044545
P9WG47	5BTG	A	129	PTR_single	1	1	2.5	PTR	273		1	15-500	15-500	PTR	/mnt/c/Users/drpat/OneDrive - UGent/Desktop/PD/Phospho-fill/Validation-allPDB/pdb_cache/5btg.cif	PTR	PTR	OH	CZ	ok	1.6089451607783702	119.29490944611712	-111.69766954104598	68.35764098612827	ARG:128	ARG	NH1	5.02479536245867	0.0	1.0	ARG:128	ARG	NH1	5.02479536245867				0.0	4.0	none_obvious			intermediate				0.0	0.0		modified	1.6089451607783702	111.1999653501743		opposite	lateral	-111.69766954104598	68.35764098612827
P9WG47	5BTL	A	129	PTR_single	1	1	2.5	PTR	274		1	15-500	15-500	PTR	/mnt/c/Users/drpat/OneDrive - UGent/Desktop/PD/Phospho-fill/Validation-allPDB/pdb_cache/5btl.cif	PTR	PTR	OH	CZ	ok	1.555756943985279	118.20105173087535	-130.79659852510042	49.577193219024174	ARG:128	ARG	NH1	5.164335088848632	0.0	1.0	ARG:128	ARG	NH1	5.164335088848632	HOH:607	O	2.8263182537689833	1.0	6.0	water_mediated_like			intermediate				0.0	0.0		modified	1.555756943985279	109.7354786938239	102.04812419632663	opposite	lateral	-130.79659852510042	49.577193219024174
P9WG47	5BTN	A	129	PTR_single	1	1	2.5	PTR	275		1	15-500	15-500	PTR	/mnt/c/Users/drpat/OneDrive - UGent/Desktop/PD/Phospho-fill/Validation-allPDB/pdb_cache/5btn.cif	PTR	PTR	OH	CZ	ok	1.5959624914154869	119.34085917719358	-134.460089507368	45.204575684037636	ARG:128	ARG	NH1	5.242667379965625	0.0	1.0	ARG:128	ARG	NH1	5.242667379965625	HOH:616	O	2.8435322679862445	1.0	5.0	water_mediated_like			intermediate				0.0	0.0		modified	1.5959624914154869	108.11643696343195	99.65273804958372	opposite	lateral	-134.460089507368	45.204575684037636
P43405	5C26	A	525	PTR_only_multi_2	2	2	1.95	PTR	225		3	363-635	363-635	PTR,PTR	/mnt/c/Users/drpat/OneDrive - UGent/Desktop/PD/Phospho-fill/Validation-allPDB/pdb_cache/5c26.cif	PTR	PTR	OH	CZ	ok	1.5391492650531209	122.38658467819081	-42.8411596387603	132.73529906275118	LYS:548	LYS	NZ	3.003417019235219	1.0	1.0	LYS:548	LYS	NZ	3.003417019235219	HOH:919	O	5.043447360548781	0.0	7.0	salt_bridge_like			intermediate	PTR:526	PTR	14.237898072412827	0.0	0.0		modified	1.5391492650531209	61.56880670937738	55.29898142945486	same	lateral	-42.8411596387603	132.73529906275118
P43405	5C26	A	526	PTR_only_multi_2	2	2	1.95	PTR	225		3	363-635	363-635	PTR,PTR	/mnt/c/Users/drpat/OneDrive - UGent/Desktop/PD/Phospho-fill/Validation-allPDB/pdb_cache/5c26.cif	PTR	PTR	OH	CZ	ok	1.5441820249492506	121.98799092106931	173.80865650451986	-4.213820747063458	LYS:517	LYS	NZ	2.7538494996621097	1.0	2.0	LYS:517	LYS	NZ	2.7538494996621097	HOH:801	O	2.505982613281786	2.0	17.0	salt_bridge_like			exposed	PTR:525	PTR	14.237898072412827	0.0	0.0		modified	1.5441820249492506	75.11792320857636	63.31377921244088	opposite	lateral	173.80865650451986	-4.213820747063458
P43405	5C27	A	525	PTR_only_multi_2	2	2	2.15	PTR	226		3	363-635	363-635	PTR,PTR	/mnt/c/Users/drpat/OneDrive - UGent/Desktop/PD/Phospho-fill/Validation-allPDB/pdb_cache/5c27.cif	PTR	PTR	OH	CZ	ok	1.5585302586542662	123.35495999286118	-88.74804031787693	85.15273387821792	LYS:548	LYS	NZ	2.7687443107407446	2.0	2.0	LYS:548	LYS	NZ	2.7687443107407446	HOH:859	O	2.7047733090917725	1.0	11.0	salt_bridge_like			intermediate	PTR:526	PTR	12.934842418785898	0.0	0.0		modified	1.5585302586542662	58.77460744069332	23.127803046461832	same	toward	-88.74804031787693	85.15273387821792
P43405	5C27	A	526	PTR_only_multi_2	2	2	2.15	PTR	226		3	363-635	363-635	PTR,PTR	/mnt/c/Users/drpat/OneDrive - UGent/Desktop/PD/Phospho-fill/Validation-allPDB/pdb_cache/5c27.cif	PTR	PTR	OH	CZ	ok	1.6068671214082497	122.85915814598171	152.34189338317987	-25.30974621594224	LYS:517	LYS	NZ	3.413833036355987	1.0	1.0	LYS:517	LYS	NZ	3.413833036355987	HOH:860	O	2.7062460075254533	1.0	14.0	salt_bridge_like			intermediate	PTR:525	PTR	12.934842418785898	0.0	0.0		modified	1.6068671214082497	97.32558641106758	58.378221139070064	opposite	lateral	152.34189338317987	-25.30974621594224
O60674	5CF4	B	1007	PTR_only_multi_2	2	2	2.38	PTR	38		2	839-921,923-1132	839-921,923-1132	PTR,PTR	/mnt/c/Users/drpat/OneDrive - UGent/Desktop/PD/Phospho-fill/Validation-allPDB/pdb_cache/5cf4.cif	PTR	PTR	OH	CZ	ok	1.5887685077306946	119.12219918706937	112.17179903230138	-64.77946283991018	LYS:1030	LYS	NZ	3.14300185535024	1.0	3.0	LYS:1030	LYS	NZ	3.14300185535024	HOH:4176	O	2.972645797082612	1.0	10.0	salt_bridge_like			intermediate	PTR:1008	PTR	15.173678417010553	0.0	0.0		modified	1.5887685077306946	54.332348798694895	34.41908805089282	same	toward	112.17179903230138	-64.77946283991018
O60674	5CF4	B	1008	PTR_only_multi_2	2	2	2.38	PTR	38		2	839-921,923-1132	839-921,923-1132	PTR,PTR	/mnt/c/Users/drpat/OneDrive - UGent/Desktop/PD/Phospho-fill/Validation-allPDB/pdb_cache/5cf4.cif	PTR	PTR	OH	CZ	ok	1.543368521900883	126.56894851145063	-155.40478937885433	21.08589157343969	ARG:897	ARG	NH1	2.9635649265458714	2.0	3.0	ARG:897	ARG	NH1	2.9635649265458714	HOH:4140	O	2.761516106705915	1.0	9.0	salt_bridge_like			intermediate	PTR:1007	PTR	15.173678417010553	0.0	0.0		modified	1.543368521900883	67.1995559151314	60.56424455760248	opposite	lateral	-155.40478937885433	21.08589157343969
O60674	5CF5	B	1007	PTR_only_multi_2	2	2	2.45	PTR	39		2	839-1132	839-1132	PTR,PTR	/mnt/c/Users/drpat/OneDrive - UGent/Desktop/PD/Phospho-fill/Validation-allPDB/pdb_cache/5cf5.cif	PTR	PTR	OH	CZ	ok	1.5804306101593038	120.89588617454547	119.16255804084855	-56.782811961570076	LYS:1030	LYS	NZ	2.8542118808553507	3.0	3.0	LYS:1030	LYS	NZ	2.8542118808553507	HOH:4123	O	2.729078719794096	1.0	9.0	salt_bridge_like			intermediate	PTR:1008	PTR	15.287088278399711	0.0	0.0		modified	1.5804306101593038	58.576711180171735	64.15168707831488	same	toward	119.16255804084855	-56.782811961570076
O60674	5CF5	B	1008	PTR_only_multi_2	2	2	2.45	PTR	39		2	839-1132	839-1132	PTR,PTR	/mnt/c/Users/drpat/OneDrive - UGent/Desktop/PD/Phospho-fill/Validation-allPDB/pdb_cache/5cf5.cif	PTR	PTR	OH	CZ	ok	1.5417729378250329	121.75581394362028	-15.620771073072651	162.90865731529533	LYS:999	LYS	NZ	3.705834012073989	2.0	2.0	LYS:999	LYS	NZ	3.705834012073989	HOH:4182	O	3.030888797473433	2.0	9.0	water_mediated_like			exposed	PTR:1007	PTR	15.287088278399711	0.0	0.0		modified	1.5417729378250329	101.43333482355239	68.82123944087516	opposite	lateral	-15.620771073072651	162.90865731529533
O60674	5CF6	B	1007	PTR_only_multi_2	2	2	2.5	PTR	40		2	839-918,923-1132	839-918,923-1132	PTR,PTR	/mnt/c/Users/drpat/OneDrive - UGent/Desktop/PD/Phospho-fill/Validation-allPDB/pdb_cache/5cf6.cif	PTR	PTR	OH	CZ	ok	1.5896675287627045	119.62399912060584	120.2263981425348	-57.50336407409482	LYS:1030	LYS	NZ	2.7294587420359773	2.0	3.0	LYS:1030	LYS	NZ	2.7294587420359773	HOH:4165	O	4.797368862374683	0.0	10.0	salt_bridge_like			intermediate	PTR:1008	PTR	14.85257359864326	0.0	0.0		modified	1.5896675287627045	59.92295420923638	46.55507650827776	same	toward	120.2263981425348	-57.50336407409482
O60674	5CF6	B	1008	PTR_only_multi_2	2	2	2.5	PTR	40		2	839-918,923-1132	839-918,923-1132	PTR,PTR	/mnt/c/Users/drpat/OneDrive - UGent/Desktop/PD/Phospho-fill/Validation-allPDB/pdb_cache/5cf6.cif	PTR	PTR	OH	CZ	ok	1.5131974812571627	126.51120185911967	-167.25790585793473	11.43332459495518	ARG:897	ARG	NH1	2.9764965259885443	2.0	2.0	ARG:897	ARG	NH1	2.9764965259885443	HOH:4184	O	3.825436248496707	1.0	9.0	salt_bridge_like			intermediate	PTR:1007	PTR	14.85257359864326	0.0	0.0		modified	1.5131974812571627	52.99896147459445	111.48735348076272	opposite	toward	-167.25790585793473	11.43332459495518
O60674	5CF8	B	1007	PTR_only_multi_2	2	2	1.8	PTR	41		2	839-918,924-1132	839-918,924-1132	PTR,PTR	/mnt/c/Users/drpat/OneDrive - UGent/Desktop/PD/Phospho-fill/Validation-allPDB/pdb_cache/5cf8.cif	PTR	PTR	OH	CZ	ok	1.5739450651722047	120.29608364555014	126.55605838870754	-52.01773148351584	LYS:1030	LYS	NZ	2.926450139535992	2.0	3.0	LYS:1030	LYS	NZ	2.926450139535992	HOH:4288	O	3.118277554092826	2.0	8.0	salt_bridge_like			exposed	PTR:1008	PTR	14.909997712602975	0.0	0.0		modified	1.5739450651722047	63.5726716982831	47.60424717222463	same	lateral	126.55605838870754	-52.01773148351584
O60674	5CF8	B	1008	PTR_only_multi_2	2	2	1.8	PTR	41		2	839-918,924-1132	839-918,924-1132	PTR,PTR	/mnt/c/Users/drpat/OneDrive - UGent/Desktop/PD/Phospho-fill/Validation-allPDB/pdb_cache/5cf8.cif	PTR	PTR	OH	CZ	ok	1.5185790634802956	121.47123315358384	-40.01742481223201	132.754733274709	ARG:897	ARG	NH1	2.929728717811721	2.0	2.0	ARG:897	ARG	NH1	2.929728717811721	HOH:4277	O	4.017902877345894	0.0	9.0	salt_bridge_like			intermediate	PTR:1007	PTR	14.909997712602975	0.0	0.0		modified	1.5185790634802956	55.37481098721187	93.15462809261352	opposite	toward	-40.01742481223201	132.754733274709
P23458	5E1E	B	1034	PTR_only_multi_2	2	2	2.3	PTR	161		2	865-911,917-946,950-1154	865-911,917-946,950-1154	PTR,PTR	/mnt/c/Users/drpat/OneDrive - UGent/Desktop/PD/Phospho-fill/Validation-allPDB/pdb_cache/5e1e.cif	PTR	PTR	OH	CZ	ok	1.5471453892349243	121.9880394049914	-159.50148416720003	17.38480965364038	LYS:1057	LYS	NZ	3.301290000030363	1.0	2.0	LYS:1057	LYS	NZ	3.301290000030363				0.0	4.0	salt_bridge_like			intermediate	PTR:1035	PTR	14.213667933574472	0.0	0.0		modified	1.5471453892349243	96.30066741754322		opposite	lateral	-159.50148416720003	17.38480965364038
P23458	5E1E	B	1035	PTR_only_multi_2	2	2	2.3	PTR	161		2	865-911,917-946,950-1154	865-911,917-946,950-1154	PTR,PTR	/mnt/c/Users/drpat/OneDrive - UGent/Desktop/PD/Phospho-fill/Validation-allPDB/pdb_cache/5e1e.cif	PTR	PTR	OH	CZ	ok	1.5780060827480704	122.18843310976862	9.58019553519276	-171.48484920024433	LYS:1038	LYS	NZ	2.924828385434759	2.0	3.0	LYS:1038	LYS	NZ	2.924828385434759	HOH:1410	O	6.095912177121668	0.0	11.0	salt_bridge_like			intermediate	PTR:1034	PTR	14.213667933574472	0.0	0.0		modified	1.5780060827480704	84.50808755483521	58.573669280284626	opposite	lateral	9.58019553519276	-171.48484920024433
P49841	5HLP	A	216	PTR_mixed_with_TPO	1	2	2.45	PTR	245		3	36-119,125-287,291-382	36-119,125-287,291-382	PTR	/mnt/c/Users/drpat/OneDrive - UGent/Desktop/PD/Phospho-fill/Validation-allPDB/pdb_cache/5hlp.cif	PTR	PTR	OH	CZ	ok	1.630355418520536	122.67865796654776	99.62919228127262	-82.85378900306445	ARG:223	ARG	NH2	2.6728225428794823	2.0	2.0	ARG:223	ARG	NH2	2.6728225428794823	HOH:641	O	3.5084899612670664	1.0	17.0	salt_bridge_like			intermediate	TPO:277	TPO	27.752071113307895	0.0	0.0		modified	1.630355418520536	56.933504474174434	75.47201086636157	same	toward	99.62919228127262	-82.85378900306445
P23458	5HX8	A	1034	PTR_only_multi_2	2	2	2.2	PTR	162		2	855-912,917-946,950-1154	855-912,917-946,950-1154	PTR,PTR	/mnt/c/Users/drpat/OneDrive - UGent/Desktop/PD/Phospho-fill/Validation-allPDB/pdb_cache/5hx8.cif	PTR	PTR	OH	CZ	ok	1.547729697053552	121.39181603065171	-157.20980874438067	21.15235761667006	LYS:1032	LYS	NZ	3.022684815487678	2.0	2.0	LYS:1032	LYS	NZ	3.022684815487678	HOH:1340	O	7.131743128366437	0.0	6.0	salt_bridge_like			intermediate	PTR:1035	PTR	14.13057368006671	0.0	0.0		modified	1.547729697053552	64.3474878001135	129.27491279724427	same	lateral	-157.20980874438067	21.15235761667006
P23458	5HX8	A	1035	PTR_only_multi_2	2	2	2.2	PTR	162		2	855-912,917-946,950-1154	855-912,917-946,950-1154	PTR,PTR	/mnt/c/Users/drpat/OneDrive - UGent/Desktop/PD/Phospho-fill/Validation-allPDB/pdb_cache/5hx8.cif	PTR	PTR	OH	CZ	ok	1.5836580732228869	121.42747538008862	-5.078575737452486	174.99916030506319	LYS:1038	LYS	NZ	2.8068965488657396	2.0	3.0	LYS:1038	LYS	NZ	2.8068965488657396	HOH:1345	O	5.477259428959484	0.0	11.0	salt_bridge_like			intermediate	PTR:1034	PTR	14.13057368006671	0.0	0.0		modified	1.5836580732228869	70.05697138179161	82.7828469175174	same	lateral	-5.078575737452486	174.99916030506319
P49841	5K5N	B	216	PTR_single	1	1	2.2	PTR	246		3	36-45,49-89,95-287,294-384	36-45,49-89,95-287,294-384	PTR	/mnt/c/Users/drpat/OneDrive - UGent/Desktop/PD/Phospho-fill/Validation-allPDB/pdb_cache/5k5n.cif	PTR	PTR	OH	CZ	ok	1.547059344050706	119.46925998234703	94.02699809659823	-81.30137203702448	ARG:220	ARG	NH2	2.79018483125476	2.0	2.0	ARG:220	ARG	NH2	2.79018483125476	HOH:521	O	2.758602626925504	1.0	17.0	salt_bridge_like			intermediate				0.0	0.0		modified	1.547059344050706	45.548135956588794	27.175254951294587	same	toward	94.02699809659823	-81.30137203702448
P23458	5KHW	A	1034	PTR_only_multi_2	2	2	2.47	PTR	163		2	867-911,918-946,950-1153	867-911,918-946,950-1153	PTR,PTR	/mnt/c/Users/drpat/OneDrive - UGent/Desktop/PD/Phospho-fill/Validation-allPDB/pdb_cache/5khw.cif	PTR	PTR	OH	CZ	ok	1.5220480286770732	122.9159864315566	-93.05396584566333	81.86633025275894	LYS:1057	LYS	NZ	4.712843972870693	0.0	2.0	LYS:1057	LYS	NZ	4.712843972870693	HOH:1312	O	2.717400175196825	1.0	4.0	water_mediated_like			intermediate	PTR:1035	PTR	13.68647093476839	0.0	0.0		modified	1.5220480286770732	131.0634397490947	64.84966494397929	opposite	opposite	-93.05396584566333	81.86633025275894
P23458	5KHW	A	1035	PTR_only_multi_2	2	2	2.47	PTR	163		2	867-911,918-946,950-1153	867-911,918-946,950-1153	PTR,PTR	/mnt/c/Users/drpat/OneDrive - UGent/Desktop/PD/Phospho-fill/Validation-allPDB/pdb_cache/5khw.cif	PTR	PTR	OH	CZ	ok	1.519866619542803	117.07225941836576	68.93520331502313	-108.13214458906853	LYS:1026	LYS	NZ	3.7782435274332387	1.0	3.0	LYS:1026	LYS	NZ	3.7782435274332387	HOH:1326	O	6.4325791951671825	0.0	9.0	none_obvious			intermediate	PTR:1034	PTR	13.68647093476839	0.0	0.0		modified	1.519866619542803	60.99558740494418	143.30601706066184	same	lateral	68.93520331502313	-108.13214458906853
P23458	5KHX	A	1034	PTR_only_multi_2	2	2	2.4	PTR	164		2	867-882,888-911,917-1154	867-882,888-911,917-1154	PTR,PTR	/mnt/c/Users/drpat/OneDrive - UGent/Desktop/PD/Phospho-fill/Validation-allPDB/pdb_cache/5khx.cif	PTR	PTR	OH	CZ	ok	1.5120517699046507	133.92781404557115	-140.59816399826988	31.723010102292807	LYS:1057	LYS	NZ	3.1654703673977878	1.0	2.0	LYS:1057	LYS	NZ	3.1654703673977878	HOH:4156	O	7.048984903762118	0.0	6.0	salt_bridge_like			intermediate	PTR:1035	PTR	13.734695489949464	0.0	0.0		modified	1.5120517699046507	98.47671703944256	118.71920070908226	opposite	lateral	-140.59816399826988	31.723010102292807
P23458	5KHX	A	1035	PTR_only_multi_2	2	2	2.4	PTR	164		2	867-882,888-911,917-1154	867-882,888-911,917-1154	PTR,PTR	/mnt/c/Users/drpat/OneDrive - UGent/Desktop/PD/Phospho-fill/Validation-allPDB/pdb_cache/5khx.cif	PTR	PTR	OH	CZ	ok	1.5897123419106505	121.40415767834942	14.340950282908079	-164.23557948664097	LYS:924	LYS	NZ	3.3468771471238354	2.0	3.0	LYS:924	LYS	NZ	3.3468771471238354	HOH:4146	O	3.4683130387139762	1.0	10.0	salt_bridge_like			intermediate	PTR:1034	PTR	13.734695489949464	0.0	0.0		modified	1.5897123419106505	37.18571615673818	95.92732620425926	same	toward	14.340950282908079	-164.23557948664097
P49841	5KPK	A	216	PTR_single	1	1	2.4	PTR	247		3	35-119,123-384	35-119,123-384	PTR	/mnt/c/Users/drpat/OneDrive - UGent/Desktop/PD/Phospho-fill/Validation-allPDB/pdb_cache/5kpk.cif	PTR	PTR	OH	CZ	ok	1.6098018957768756	128.87858894482474	102.44475644782695	-75.13756520277317	ARG:223	ARG	NH1	2.7029545020403734	2.0	2.0	ARG:223	ARG	NH1	2.7029545020403734	HOH:673	O	2.833226167887462	1.0	17.0	salt_bridge_like			intermediate				0.0	0.0		modified	1.6098018957768756	62.65964179614552	30.88391111421279	same	lateral	102.44475644782695	-75.13756520277317
P43405	5LMA	A	525	PTR_single	1	1	1.43	PTR	227		3	363-529,532-632	363-529,532-632	PTR	/mnt/c/Users/drpat/OneDrive - UGent/Desktop/PD/Phospho-fill/Validation-allPDB/pdb_cache/5lma.cif	PTR	PTR	OH	CZ	ok	1.6167693020289764	124.06718931722824	-65.58874374399768	113.80417275519429	LYS:548	LYS	NZ	3.112129634824717	1.0	1.0	LYS:548	LYS	NZ	3.112129634824717	HOH:834	O	2.6347574030555663	5.0	7.0	salt_bridge_like			exposed				0.0	0.0		modified	1.6167693020289764	61.26581919858047	70.57772050292711	same	lateral	-65.58874374399768	113.80417275519429
P43405	5LMB	A	525	PTR_single	1	1	1.95	PTR	228		3	364-404,411-634	364-404,411-634	PTR	/mnt/c/Users/drpat/OneDrive - UGent/Desktop/PD/Phospho-fill/Validation-allPDB/pdb_cache/5lmb.cif	PTR	PTR	OH	CZ	ok	1.614230599987286	122.2587392290265	-71.8869799057038	107.15839363594365	LYS:548	LYS	NZ	2.615668919950013	1.0	1.0	LYS:548	LYS	NZ	2.615668919950013	HOH:991	O	4.193127664453526	0.0	7.0	salt_bridge_like			intermediate				0.0	0.0		modified	1.614230599987286	54.51626454984535	39.56776234093579	same	toward	-71.8869799057038	107.15839363594365
P54762	5MJA	B	647	PTR_only_multi_2	2	2	2.14	PTR	266		2	609-769,776-890	609-769,776-890	PTR,PTR	/mnt/c/Users/drpat/OneDrive - UGent/Desktop/PD/Phospho-fill/Validation-allPDB/pdb_cache/5mja.cif	PTR	PTR	OH	CZ	ok	1.5701629982568612	119.84771554531943	-119.43315250316363	56.16519817199369	ARG:637	ARG	NH2	3.6868834116162823	2.0	2.0	ARG:637	ARG	NH2	3.6868834116162823	HOH:1174	O	7.657470868935529	0.0	6.0	none_obvious			intermediate	PTR:778	PTR	40.07486784264189	0.0	0.0		modified	1.5701629982568612	112.49815310508998	83.7748323104452	opposite	lateral	-119.43315250316363	56.16519817199369
P54762	5MJA	B	778	PTR_only_multi_2	2	2	2.14	PTR	266		2	609-769,776-890	609-769,776-890	PTR,PTR	/mnt/c/Users/drpat/OneDrive - UGent/Desktop/PD/Phospho-fill/Validation-allPDB/pdb_cache/5mja.cif	PTR	PTR	OH	CZ	ok	1.5279890819347195	126.272873612583	-170.34662891690056	8.36387879304212	ARG:767	ARG	NE	3.186113851822846	1.0	2.0	ARG:767	ARG	NE	3.186113851822846	HOH:1014	O	2.6707483308699747	4.0	16.0	salt_bridge_like			exposed	PTR:647	PTR	40.07486784264189	0.0	0.0		modified	1.5279890819347195	76.27285450216762	54.20661828505786	same	lateral	-170.34662891690056	8.36387879304212
P54762	5MJB	B	647	PTR_only_multi_2	2	2	2.23	PTR	267		2	608-769,773-890	608-769,773-890	PTR,PTR	/mnt/c/Users/drpat/OneDrive - UGent/Desktop/PD/Phospho-fill/Validation-allPDB/pdb_cache/5mjb.cif	PTR	PTR	OH	CZ	ok	1.559552747094054	113.81046177650994	-90.25491278159205	87.1428840789082	LYS:635	LYS	NZ	3.100222514818628	2.0	2.0	LYS:635	LYS	NZ	3.100222514818628	HOH:1104	O	7.224637599586482	0.0	7.0	salt_bridge_like			intermediate	PTR:778	PTR	39.564691486526854	0.0	0.0		modified	1.559552747094054	56.818014555043625	90.40916475081406	same	toward	-90.25491278159205	87.1428840789082
P54762	5MJB	B	778	PTR_only_multi_2	2	2	2.23	PTR	267		2	608-769,773-890	608-769,773-890	PTR,PTR	/mnt/c/Users/drpat/OneDrive - UGent/Desktop/PD/Phospho-fill/Validation-allPDB/pdb_cache/5mjb.cif	PTR	PTR	OH	CZ	ok	1.5345056568471351	126.32618258666974	-175.76218631694172	3.704065799206517	ARG:767	ARG	NE	2.927724020338422	1.0	2.0	ARG:767	ARG	NE	2.927724020338422	HOH:1017	O	2.6720821084581696	5.0	16.0	salt_bridge_like			exposed	PTR:647	PTR	39.564691486526854	0.0	0.0		modified	1.5345056568471351	80.3549728974249	50.132555686692164	same	lateral	-175.76218631694172	3.704065799206517
Q8A8Z7	5MQR	A	372	PTR_single	1	1	2.2	PTR	352		1	27-1108	27-1108	PTR	/mnt/c/Users/drpat/OneDrive - UGent/Desktop/PD/Phospho-fill/Validation-allPDB/pdb_cache/5mqr.cif	PTR	PTR	OH	CZ	ok	1.7020340014011515	118.87174625134226	-113.93127246280243	70.72261034756602	LYS:396	LYS	NZ	2.8814909435430853	4.0	6.0	LYS:396	LYS	NZ	2.8814909435430853	HOH:1691	O	4.3240592850722015	0.0	26.0	salt_bridge_like			buried				0.0	0.0		modified	1.7020340014011515	24.744918008746097	20.779711518350368	same	toward	-113.93127246280243	70.72261034756602
P00519	5NP2	B	70	PTR_only_multi_2	2	2	1.6	PTR	88		4	64-120	64-120	PTR,PTR	/mnt/c/Users/drpat/OneDrive - UGent/Desktop/PD/Phospho-fill/Validation-allPDB/pdb_cache/5np2.cif	PTR	PTR	OH	CZ	ok	1.6148569992210269	124.94501892466249	30.10083259632576	-149.07054913825263	LYS:84	LYS	NZ	6.45061630764789	0.0	0.0	ASN:114	ASN	ND2	6.297392204165954	HOH:237	O	3.9972801790014567	1.0	0.0	none_obvious			intermediate	PTR:115	PTR	7.45640861162825	1.0	1.0	PTR:115@7.46	modified	1.6148569992210269	83.47808371209013	40.99145974367982	same	lateral	30.10083259632576	-149.07054913825263
P00519	5NP2	B	115	PTR_only_multi_2	2	2	1.6	PTR	88		4	64-120	64-120	PTR,PTR	/mnt/c/Users/drpat/OneDrive - UGent/Desktop/PD/Phospho-fill/Validation-allPDB/pdb_cache/5np2.cif	PTR	PTR	OH	CZ	ok	1.6032639599060214	124.62255499531241	-148.3498192190901	30.12752002567254					0.0	0.0	ASN:114	ASN	OD1	5.076510800560306	HOH:203	O	2.521174703429082	2.0	5.0	water_mediated_like			exposed	PTR:70	PTR	7.45640861162825	1.0	1.0	PTR:70@7.46	modified	1.6032639599060214		57.8669418614982			-148.3498192190901	30.12752002567254
P22681	5O76	C	371	PTR_single	1	1	2.473	PTR	147		1	48-434	48-434	PTR	/mnt/c/Users/drpat/OneDrive - UGent/Desktop/PD/Phospho-fill/Validation-allPDB/pdb_cache/5o76.cif	PTR	PTR	OH	CZ	ok	1.5436693646266557	122.74706216443461	150.09789282464078	-26.320623519650482	LYS:389	LYS	NZ	2.7952506116835436	2.0	2.0	LYS:389	LYS	NZ	2.7952506116835436	HOH:626	O	3.2218650258680395	2.0	15.0	salt_bridge_like			exposed				0.0	0.0		modified	1.5436693646266557	51.20080758234302	55.76601860390473	same	toward	150.09789282464078	-26.320623519650482
O60674	5TQ4	A	1007	PTR_only_multi_2	2	2	2.3	PTR	42		2	841-1132	841-1132	PTR,PTR	/mnt/c/Users/drpat/OneDrive - UGent/Desktop/PD/Phospho-fill/Validation-allPDB/pdb_cache/5tq4.cif	PTR	PTR	OH	CZ	ok	1.6157162903749356	126.09636271277634	131.6379294699281	-46.573920788529115	LYS:1030	LYS	NZ	2.9555969221565928	2.0	2.0	LYS:1030	LYS	NZ	2.9555969221565928	HOH:4201	O	4.425323270890535	0.0	6.0	salt_bridge_like			intermediate	PTR:1008	PTR	14.644888212434514	0.0	0.0		modified	1.6157162903749356	65.28714258254294	118.11917692179607	same	lateral	131.6379294699281	-46.573920788529115
O60674	5TQ4	A	1008	PTR_only_multi_2	2	2	2.3	PTR	42		2	841-1132	841-1132	PTR,PTR	/mnt/c/Users/drpat/OneDrive - UGent/Desktop/PD/Phospho-fill/Validation-allPDB/pdb_cache/5tq4.cif	PTR	PTR	OH	CZ	ok	1.6118340744548563	126.34432925144607	122.50432210875755	-55.27500475089077	LYS:999	LYS	NZ	2.8839914062472864	2.0	2.0	LYS:999	LYS	NZ	2.8839914062472864	HOH:4161	O	3.9961663510570307	1.0	11.0	salt_bridge_like			intermediate	PTR:1007	PTR	14.644888212434514	0.0	0.0		modified	1.6118340744548563	41.00060265481172	63.82727992142187	same	toward	122.50432210875755	-55.27500475089077
O60674	5TQ6	A	1007	PTR_only_multi_2	2	2	2.06	PTR	43		2	843-919,924-1011,1015-1065,1073-1132	843-919,924-1011,1015-1065,1073-1132	PTR,PTR	/mnt/c/Users/drpat/OneDrive - UGent/Desktop/PD/Phospho-fill/Validation-allPDB/pdb_cache/5tq6.cif	PTR	PTR	OH	CZ	ok	1.6019181357232797	125.71187757836047	-17.659981686511692	160.66074144686397	LYS:1005	LYS	NZ	2.4549560509611448	2.0	3.0	LYS:1005	LYS	NZ	2.4549560509611448	HOH:4145	O	6.9166295912512785	0.0	8.0	salt_bridge_like			intermediate	PTR:1008	PTR	13.31566261731171	0.0	0.0		modified	1.6019181357232797	46.27713156737055	88.78456379300876	same	toward	-17.659981686511692	160.66074144686397
O60674	5TQ6	A	1008	PTR_only_multi_2	2	2	2.06	PTR	43		2	843-919,924-1011,1015-1065,1073-1132	843-919,924-1011,1015-1065,1073-1132	PTR,PTR	/mnt/c/Users/drpat/OneDrive - UGent/Desktop/PD/Phospho-fill/Validation-allPDB/pdb_cache/5tq6.cif	PTR	PTR	OH	CZ	ok	1.6050232723298012	125.12760465563895	134.30103489948823	-43.642113805950196	LYS:999	LYS	NZ	2.453306772155154	2.0	2.0	LYS:999	LYS	NZ	2.453306772155154	HOH:4165	O	3.6536832471630087	1.0	12.0	salt_bridge_like			intermediate	PTR:1007	PTR	13.31566261731171	0.0	0.0		modified	1.6050232723298012	42.10664909465892	22.438856448901305	same	toward	134.30103489948823	-43.642113805950196
O60674	5TQ7	A	1007	PTR_only_multi_2	2	2	2.1	PTR	44		2	841-886,890-921,924-1010,1015-1066,1073-1132	841-886,890-921,924-1010,1015-1066,1073-1132	PTR,PTR	/mnt/c/Users/drpat/OneDrive - UGent/Desktop/PD/Phospho-fill/Validation-allPDB/pdb_cache/5tq7.cif	PTR	PTR	OH	CZ	ok	1.6103194681841302	122.35943016995338	93.48118260922888	-84.7778754495315	LYS:1005	LYS	NZ	2.929330134933597	2.0	3.0	LYS:1005	LYS	NZ	2.929330134933597	HOH:4111	O	6.068954944909455	0.0	6.0	salt_bridge_like			intermediate	PTR:1008	PTR	14.219233428538768	0.0	0.0		modified	1.6103194681841302	116.01692100301443	121.72703054576552	opposite	lateral	93.48118260922888	-84.7778754495315
O60674	5TQ7	A	1008	PTR_only_multi_2	2	2	2.1	PTR	44		2	841-886,890-921,924-1010,1015-1066,1073-1132	841-886,890-921,924-1010,1015-1066,1073-1132	PTR,PTR	/mnt/c/Users/drpat/OneDrive - UGent/Desktop/PD/Phospho-fill/Validation-allPDB/pdb_cache/5tq7.cif	PTR	PTR	OH	CZ	ok	1.6182988799082039	119.73426095294843	119.28466642230231	-61.0475011868579	LYS:999	LYS	CE	3.265595791821865	1.0	1.0	LYS:999	LYS	NZ	4.534280200748999	HOH:4132	O	2.727124060679024	3.0	5.0	salt_bridge_like			exposed	PTR:1007	PTR	14.219233428538768	0.0	0.0		modified	1.6182988799082039	56.11655766428375	82.28936175117767	same	toward	119.28466642230231	-61.0475011868579
O60674	5USY	A	1007	PTR_single	1	1	2.0	PTR	45		2	840-1012,1016-1130	840-1012,1016-1130	PTR	/mnt/c/Users/drpat/OneDrive - UGent/Desktop/PD/Phospho-fill/Validation-allPDB/pdb_cache/5usy.cif	PTR	PTR	OH	CZ	ok	1.6123869393514454	124.51656411133386	-40.07995800330217	137.55133803446384	LYS:1030	LYS	NZ	2.560910036640765	1.0	1.0	LYS:1030	LYS	NZ	2.560910036640765	HOH:1343	O	3.3864223304561154	1.0	3.0	salt_bridge_like			intermediate				0.0	0.0		modified	1.6123869393514454	61.625303533989815	112.31003176936551	same	lateral	-40.07995800330217	137.55133803446384
P28482	5V60	A	187	PTR_mixed_with_TPO	1	2	2.18	PTR	193		2	10-358	10-358	PTR	/mnt/c/Users/drpat/OneDrive - UGent/Desktop/PD/Phospho-fill/Validation-allPDB/pdb_cache/5v60.cif	PTR	PTR	OH	CZ	ok	1.615854331901313	124.12711070395673	87.59650102606834	-91.06187832773728	ARG:194	ARG	NH1	2.829704939102128	2.0	2.0	ARG:194	ARG	NH1	2.829704939102128	HOH:533	O	2.740495645509625	1.0	14.0	salt_bridge_like			intermediate	TPO:185	TPO	15.686066609386572	0.0	0.0		modified	1.615854331901313	62.90782648650124	28.219565256034823	same	lateral	87.59650102606834	-91.06187832773728
P28482	5V61	A	187	PTR_mixed_with_TPO	1	2	2.2	PTR	194		2	10-359	10-359	PTR	/mnt/c/Users/drpat/OneDrive - UGent/Desktop/PD/Phospho-fill/Validation-allPDB/pdb_cache/5v61.cif	PTR	PTR	OH	CZ	ok	1.6064083848870154	123.37929730301694	101.10455469334924	-77.8980466868727	ARG:194	ARG	NH1	2.766291771417463	2.0	2.0	ARG:194	ARG	NH1	2.766291771417463	HOH:539	O	2.7608432765171655	1.0	17.0	salt_bridge_like			intermediate	TPO:185	TPO	15.706177129106758	0.0	0.0		modified	1.6064083848870154	59.70004420735759	30.704484204070717	same	toward	101.10455469334924	-77.8980466868727
P28482	5V62	A	187	PTR_mixed_with_TPO	1	2	1.9	PTR	195		2	10-360	10-360	PTR	/mnt/c/Users/drpat/OneDrive - UGent/Desktop/PD/Phospho-fill/Validation-allPDB/pdb_cache/5v62.cif	PTR	PTR	OH	CZ	ok	1.608138659557856	122.54334334070165	95.12907481140371	-83.6665233761757	ARG:194	ARG	NH1	2.7774508328777587	2.0	2.0	ARG:194	ARG	NH1	2.7774508328777587	HOH:635	O	2.827993571505122	2.0	19.0	salt_bridge_like			exposed	TPO:185	TPO	15.737617824627625	0.0	0.0		modified	1.608138659557856	59.873644583108515	28.45853420356361	same	toward	95.12907481140371	-83.6665233761757
O60674	5WEV	A	1007	PTR_only_multi_2	2	2	1.854	PTR	46		2	833-857,861-1130	833-857,861-1130	PTR,PTR	/mnt/c/Users/drpat/OneDrive - UGent/Desktop/PD/Phospho-fill/Validation-allPDB/pdb_cache/5wev.cif	PTR	PTR	OH	CZ	ok	1.6164863837296553	129.71119395627412	144.4865609509147	-33.54216219509624	LYS:1030	LYS	NZ	2.729797839768077	1.0	2.0	LYS:1030	LYS	NZ	2.729797839768077	HOH:1434	O	7.4819741833192355	0.0	3.0	salt_bridge_like			intermediate	PTR:1008	PTR	15.237521945742436	0.0	0.0		modified	1.6164863837296553	70.81974492447712	104.96939776594411	same	lateral	144.4865609509147	-33.54216219509624
O60674	5WEV	A	1008	PTR_only_multi_2	2	2	1.854	PTR	46		2	833-857,861-1130	833-857,861-1130	PTR,PTR	/mnt/c/Users/drpat/OneDrive - UGent/Desktop/PD/Phospho-fill/Validation-allPDB/pdb_cache/5wev.cif	PTR	PTR	OH	CZ	ok	1.60913156755643	129.65202969170332	47.2855700882944	-129.46413724461945	ARG:897	ARG	NH1	3.4302896827776745	1.0	2.0	ARG:897	ARG	NH1	3.4302896827776745	HOH:1315	O	2.6138798409721975	1.0	6.0	salt_bridge_like			intermediate	PTR:1007	PTR	15.237521945742436	0.0	0.0		modified	1.60913156755643	29.080921193958144	48.021193873576465	same	toward	47.2855700882944	-129.46413724461945
P23458	5WO4	A	1034	PTR_only_multi_2	2	2	1.84	PTR	165		2	854-912,917-946,950-1154	854-912,917-946,950-1154	PTR,PTR	/mnt/c/Users/drpat/OneDrive - UGent/Desktop/PD/Phospho-fill/Validation-allPDB/pdb_cache/5wo4.cif	PTR	PTR	OH	CZ	ok	1.5455743886524256	121.96726022626275	-165.9660705862112	11.823076295170885	LYS:1057	LYS	NZ	3.621455826605565	1.0	2.0	LYS:1057	LYS	NZ	3.621455826605565	HOH:2216	O	3.874216511306096	1.0	3.0	none_obvious			intermediate	PTR:1035	PTR	14.352477269287434	0.0	0.0		modified	1.5455743886524256	97.82081080087906	69.96226079572791	opposite	lateral	-165.9660705862112	11.823076295170885
P23458	5WO4	A	1035	PTR_only_multi_2	2	2	1.84	PTR	165		2	854-912,917-946,950-1154	854-912,917-946,950-1154	PTR,PTR	/mnt/c/Users/drpat/OneDrive - UGent/Desktop/PD/Phospho-fill/Validation-allPDB/pdb_cache/5wo4.cif	PTR	PTR	OH	CZ	ok	1.5968649098324117	120.36452891524009	-1.209022831659754	177.55760239346284	LYS:1038	LYS	NZ	2.847253778024932	2.0	3.0	LYS:1038	LYS	NZ	2.847253778024932	HOH:2308	O	3.727397069115483	1.0	10.0	salt_bridge_like			intermediate	PTR:1034	PTR	14.352477269287434	0.0	0.0		modified	1.5968649098324117	75.84991411343705	27.588113711940725	same	lateral	-1.209022831659754	177.55760239346284
O43781	5Y86	A	369	PTR_mixed_with_SEPTPO	1	4	1.9	PTR	3		4	138-532	138-532	PTR	/mnt/c/Users/drpat/OneDrive - UGent/Desktop/PD/Phospho-fill/Validation-allPDB/pdb_cache/5y86.cif	PTR	PTR	OH	CZ	ok	1.5427472725002038	123.9325235656555	138.48128488336397	-34.515206667972535	ARG:373	ARG	NH2	2.8318099120566607	2.0	2.0	ARG:373	ARG	NH2	2.8318099120566607	HOH:815	O	2.7274985991169918	3.0	17.0	salt_bridge_like			exposed	SEP:445	SEP	24.713523355384154	0.0	0.0		modified	1.5427472725002038	27.98016516128285	67.6790413411435	same	toward	138.48128488336397	-34.515206667972535
Q13627	6A1F	A	321	PTR_single	1	1	1.5	PTR	293		2	134-409,414-483	134-409,414-483	PTR	/mnt/c/Users/drpat/OneDrive - UGent/Desktop/PD/Phospho-fill/Validation-allPDB/pdb_cache/6a1f.cif	PTR	PTR	OH	CZ	ok	1.604839306401573	122.66490416149259	-97.50188901173448	81.07818926939572	LYS:390	LYS	NZ	2.790284216965227	1.0	1.0	LYS:390	LYS	NZ	2.790284216965227	HOH:905	O	2.5941936918610478	1.0	8.0	salt_bridge_like			intermediate				0.0	0.0		modified	1.604839306401573	57.28515993309308	42.82207234468192	same	toward	-97.50188901173448	81.07818926939572
Q13627	6A1G	A	321	PTR_single	1	1	2.15	PTR	294		2	134-297,300-406,414-480	134-297,300-406,414-480	PTR	/mnt/c/Users/drpat/OneDrive - UGent/Desktop/PD/Phospho-fill/Validation-allPDB/pdb_cache/6a1g.cif	PTR	PTR	OH	CZ	ok	1.596369415835098	128.38831235708616	100.8380380350054	-76.62241576267444	ARG:328	ARG	NH1	2.7934449490141344	2.0	2.0	ARG:328	ARG	NH1	2.7934449490141344	HOH:907	O	2.6284949798784205	1.0	15.0	salt_bridge_like			intermediate				0.0	0.0		modified	1.596369415835098	61.131081740866044	33.4551115965376	same	lateral	100.8380380350054	-76.62241576267444
P23458	6AAH	B	1034	PTR_only_multi_2	2	2	1.83	PTR	166		2	865-912,917-1154	865-912,917-1154	PTR,PTR	/mnt/c/Users/drpat/OneDrive - UGent/Desktop/PD/Phospho-fill/Validation-allPDB/pdb_cache/6aah.cif	PTR	PTR	OH	CZ	ok	1.6143423864910518	126.11312442493774	139.9303127262149	-38.64298217396939	LYS:1057	LYS	NZ	2.734561672952849	1.0	1.0	LYS:1057	LYS	NZ	2.734561672952849	HOH:1345	O	6.493893586941415	0.0	5.0	salt_bridge_like			intermediate	PTR:1035	PTR	14.774357820446392	0.0	0.0		modified	1.6143423864910518	64.73788202985449	103.5887133006566	same	lateral	139.9303127262149	-38.64298217396939
P23458	6AAH	B	1035	PTR_only_multi_2	2	2	1.83	PTR	166		2	865-912,917-1154	865-912,917-1154	PTR,PTR	/mnt/c/Users/drpat/OneDrive - UGent/Desktop/PD/Phospho-fill/Validation-allPDB/pdb_cache/6aah.cif	PTR	PTR	OH	CZ	ok	1.5994672209070921	125.42576059859977	13.42148625513143	-165.77519312158086	LYS:1026	LYS	NZ	3.3158918680385043	1.0	1.0	LYS:1026	LYS	NZ	3.3158918680385043	HOH:1357	O	3.9797046805979526	2.0	6.0	salt_bridge_like			exposed	PTR:1034	PTR	14.774357820446392	0.0	0.0		modified	1.5994672209070921	81.26319530869125	69.05126857476496	same	lateral	13.42148625513143	-165.77519312158086
O60674	6AAJ	A	1007	PTR_only_multi_2	2	2	2.37	PTR	47		2	843-885,887-919,924-1130	843-885,887-919,924-1130	PTR,PTR	/mnt/c/Users/drpat/OneDrive - UGent/Desktop/PD/Phospho-fill/Validation-allPDB/pdb_cache/6aaj.cif	PTR	PTR	OH	CZ	ok	1.6408291685609275	121.56412751668488	122.40278722001739	-57.03753267043285	LYS:1030	LYS	NZ	3.1461027206208616	1.0	2.0	LYS:1030	LYS	NZ	3.1461027206208616				0.0	6.0	salt_bridge_like			intermediate	PTR:1008	PTR	14.924550556207612	0.0	0.0		modified	1.6408291685609275	69.83627683501743		same	lateral	122.40278722001739	-57.03753267043285
O60674	6AAJ	A	1008	PTR_only_multi_2	2	2	2.37	PTR	47		2	843-885,887-919,924-1130	843-885,887-919,924-1130	PTR,PTR	/mnt/c/Users/drpat/OneDrive - UGent/Desktop/PD/Phospho-fill/Validation-allPDB/pdb_cache/6aaj.cif	PTR	PTR	OH	CZ	ok	1.6273817874034715	126.6201770148666	-35.32077399277845	143.27071416798955	ARG:897	ARG	NH1	2.593564211316442	2.0	2.0	ARG:897	ARG	NH1	2.593564211316442				0.0	9.0	salt_bridge_like			intermediate	PTR:1007	PTR	14.924550556207612	0.0	0.0		modified	1.6273817874034715	47.12716102111793		opposite	toward	-35.32077399277845	143.27071416798955
Q9WV60	6AE3	A	216	PTR_single	1	1	2.14	PTR	363		2	36-89,92-120,122-290,292-387	36-89,92-120,122-290,292-387	PTR	/mnt/c/Users/drpat/OneDrive - UGent/Desktop/PD/Phospho-fill/Validation-allPDB/pdb_cache/6ae3.cif	PTR	PTR	OH	CZ	ok	1.615013076729443	124.22822822287871	-84.12947493144928	92.25050962832943	ARG:223	ARG	NH1	2.6709440017970008	2.0	2.0	ARG:223	ARG	NH1	2.6709440017970008	HOH:626	O	2.563613550381676	4.0	13.0	salt_bridge_like			exposed				0.0	0.0		modified	1.615013076729443	67.52166998998663	37.86517680548143	same	lateral	-84.12947493144928	92.25050962832943
P23458	6BBU	A	1034	PTR_only_multi_2	2	2	2.08	PTR	167		2	867-912,917-946,950-1154	867-912,917-946,950-1154	PTR,PTR	/mnt/c/Users/drpat/OneDrive - UGent/Desktop/PD/Phospho-fill/Validation-allPDB/pdb_cache/6bbu.cif	PTR	PTR	OH	CZ	ok	1.5406140876163419	125.19322661289036	-142.7307670054359	33.23081788871028	LYS:1032	LYS	NZ	2.986197377635777	1.0	2.0	LYS:1032	LYS	NZ	2.986197377635777	HOH:4157	O	3.9593190437971644	1.0	7.0	salt_bridge_like			intermediate	PTR:1035	PTR	14.154619020182567	0.0	0.0		modified	1.5406140876163419	36.43071137248024	10.97330778816758	same	toward	-142.7307670054359	33.23081788871028
P23458	6BBU	A	1035	PTR_only_multi_2	2	2	2.08	PTR	167		2	867-912,917-946,950-1154	867-912,917-946,950-1154	PTR,PTR	/mnt/c/Users/drpat/OneDrive - UGent/Desktop/PD/Phospho-fill/Validation-allPDB/pdb_cache/6bbu.cif	PTR	PTR	OH	CZ	ok	1.581659768028592	123.5537668454066	4.377729837174525	-173.34114189964146	LYS:1026	LYS	NZ	3.0612604022072802	2.0	3.0	LYS:1026	LYS	NZ	3.0612604022072802	HOH:4180	O	3.081935594818172	1.0	13.0	salt_bridge_like			intermediate	PTR:1034	PTR	14.154619020182567	0.0	0.0		modified	1.581659768028592	76.44793114212473	40.227519753435466	same	lateral	4.377729837174525	-173.34114189964146
P23458	6C7Y	A	1035	PTR_single	1	1	2.499	PTR	168		2	869-894,898-912,918-946,951-1153	869-894,898-912,918-946,951-1153	PTR	/mnt/c/Users/drpat/OneDrive - UGent/Desktop/PD/Phospho-fill/Validation-allPDB/pdb_cache/6c7y.cif	PTR	PTR	OH	CZ	ok	1.5702544254555848	122.63768400442667	43.42658437883479	-136.5847657731517	LYS:1026	LYS	CE	3.5164087159084123	1.0	3.0	LYS:1026	LYS	NZ	3.652316199727089	HOH:1314	O	1.5168699775924168	1.0	26.0	water_mediated_like			buried				0.0	0.0		modified	1.5702544254555848	71.97396895804704	12.75209008614776	opposite	lateral	43.42658437883479	-136.5847657731517
Q13882	6CZ2	A	342	PTR_single	1	1	2.5	PTR	341		1	182-443	182-443	PTR	/mnt/c/Users/drpat/OneDrive - UGent/Desktop/PD/Phospho-fill/Validation-allPDB/pdb_cache/6cz2.cif	PTR	PTR	OH	CZ	ok	1.6226065266228507	124.55179858952663	167.29908159117838	-9.151895675173177					0.0	0.0					HOH:514	O	7.809497457798188	0.0	0.0	none_obvious			intermediate				0.0	0.0		modified	1.6226065266228507		103.25670425003835			167.29908159117838	-9.151895675173177
P29597	6DBK	A	1054	PTR_single	1	1	2.0	PTR	206		2	889-1178	889-1178	PTR	/mnt/c/Users/drpat/OneDrive - UGent/Desktop/PD/Phospho-fill/Validation-allPDB/pdb_cache/6dbk.cif	PTR	PTR	OH	CZ	ok	1.5604366004226866	118.68056247884664	-97.50915686596815	79.04021202642096	ARG:1056	ARG	NH2	2.7872307626244606	2.0	3.0	ARG:1056	ARG	NH2	2.7872307626244606	HOH:4159	O	2.750008951838174	2.0	15.0	salt_bridge_like			exposed				0.0	0.0		modified	1.5604366004226866	45.230811883996196	61.568454134811034	same	toward	-97.50915686596815	79.04021202642096
P29597	6DBM	A	1054	PTR_single	1	1	2.368	PTR	207		2	889-916,925-933,939-1056,1060-1178	889-916,925-933,939-1056,1060-1178	PTR	/mnt/c/Users/drpat/OneDrive - UGent/Desktop/PD/Phospho-fill/Validation-allPDB/pdb_cache/6dbm.cif	PTR	PTR	OH	CZ	ok	1.6122764746864475	121.24095174448605	-93.41103735507791	86.06050252572459	ARG:1056	ARG	NH1	2.6309539835150733	2.0	3.0	ARG:1056	ARG	NH1	2.6309539835150733	HOH:4172	O	6.261980892599095	0.0	13.0	salt_bridge_like			intermediate				0.0	0.0		modified	1.6122764746864475	63.93853997720879	80.24469172654004	same	lateral	-93.41103735507791	86.06050252572459
P23458	6DBN	A	1034	PTR_only_multi_2	2	2	2.48	PTR	169		2	867-912,917-946,950-1154	867-912,917-946,950-1154	PTR,PTR	/mnt/c/Users/drpat/OneDrive - UGent/Desktop/PD/Phospho-fill/Validation-allPDB/pdb_cache/6dbn.cif	PTR	PTR	OH	CZ	ok	1.5443761221877184	130.58048485496113	-118.74640971762635	54.63279480964779	LYS:1032	LYS	CE	3.3459307832006036	2.0	2.0	LYS:1057	LYS	NZ	3.720633652772742	HOH:4182	O	3.75895309975521	1.0	7.0	salt_bridge_like			intermediate	PTR:1035	PTR	13.671228953229297	0.0	0.0		modified	1.5443761221877184	61.62563857999524	44.66403474167167	same	lateral	-118.74640971762635	54.63279480964779
P23458	6DBN	A	1035	PTR_only_multi_2	2	2	2.48	PTR	169		2	867-912,917-946,950-1154	867-912,917-946,950-1154	PTR,PTR	/mnt/c/Users/drpat/OneDrive - UGent/Desktop/PD/Phospho-fill/Validation-allPDB/pdb_cache/6dbn.cif	PTR	PTR	OH	CZ	ok	1.5703866364809402	120.32826116099257	-11.420699953880272	168.46107113040102	LYS:1038	LYS	NZ	3.5572495930879495	2.0	3.0	LYS:1038	LYS	NZ	3.5572495930879495	HOH:4127	O	2.7319789966548096	2.0	10.0	water_mediated_like			exposed	PTR:1034	PTR	13.671228953229297	0.0	0.0		modified	1.5703866364809402	80.56671640096204	73.58002286462434	same	lateral	-11.420699953880272	168.46107113040102
O60674	6DRW	A	1007	PTR_single	1	1	2.303	PTR	48		2	840-857,860-1012,1016-1131	840-857,860-1012,1016-1131	PTR	/mnt/c/Users/drpat/OneDrive - UGent/Desktop/PD/Phospho-fill/Validation-allPDB/pdb_cache/6drw.cif	PTR	PTR	OH	CZ	ok	1.6131016565950707	123.46412848282722	1.7252905684813022	-178.38227246973338	LYS:1030	LYS	NZ	3.895477996540419	1.0	1.0	LYS:1030	LYS	NZ	3.895477996540419	HOH:1325	O	7.437907593266795	0.0	3.0	none_obvious			intermediate				0.0	0.0		modified	1.6131016565950707	95.04333918603687	99.44899386107504	opposite	lateral	1.7252905684813022	-178.38227246973338
Q13627	6EIF	A	321	PTR_single	1	1	2.22	PTR	295		2	134-410,414-480	134-410,414-480	PTR	/mnt/c/Users/drpat/OneDrive - UGent/Desktop/PD/Phospho-fill/Validation-allPDB/pdb_cache/6eif.cif	PTR	PTR	OH	CZ	ok	1.6128610177934903	124.54460391040031	98.20420823679972	-80.1876344337276	ARG:328	ARG	NH1	2.784906853350218	2.0	2.0	ARG:328	ARG	NH1	2.784906853350218	HOH:660	O	2.8598390242270337	1.0	15.0	salt_bridge_like			intermediate				0.0	0.0		modified	1.6128610177934903	59.98623016809182	23.695352159416313	same	toward	98.20420823679972	-80.1876344337276
Q13627	6EIJ	A	321	PTR_single	1	1	2.42	PTR	296		2	134-408,414-480	134-408,414-480	PTR	/mnt/c/Users/drpat/OneDrive - UGent/Desktop/PD/Phospho-fill/Validation-allPDB/pdb_cache/6eij.cif	PTR	PTR	OH	CZ	ok	1.5974636053638502	126.97864634131375	84.54720163146345	-93.05142461546582	ARG:328	ARG	NH2	2.5935410116542483	2.0	2.0	ARG:328	ARG	NH2	2.5935410116542483	HOH:721	O	3.393776220647067	1.0	16.0	salt_bridge_like			intermediate				0.0	0.0		modified	1.5974636053638502	63.34772277712139	66.82045031102442	same	lateral	84.54720163146345	-93.05142461546582
Q13627	6EIL	A	321	PTR_single	1	1	2.465	PTR	297		2	134-408,414-480	134-408,414-480	PTR	/mnt/c/Users/drpat/OneDrive - UGent/Desktop/PD/Phospho-fill/Validation-allPDB/pdb_cache/6eil.cif	PTR	PTR	OH	CZ	ok	1.6054806635386905	123.79327739318492	80.29509472396343	-97.94554726367427	ARG:328	ARG	NH2	2.8602115507407646	2.0	2.0	ARG:328	ARG	NH2	2.8602115507407646	HOH:658	O	2.722638806562419	2.0	14.0	salt_bridge_like			exposed				0.0	0.0		modified	1.6054806635386905	54.56153179509013	21.76132443584729	same	toward	80.29509472396343	-97.94554726367427
Q13627	6EIQ	A	321	PTR_single	1	1	2.3	PTR	298		2	134-408,414-480	134-408,414-480	PTR	/mnt/c/Users/drpat/OneDrive - UGent/Desktop/PD/Phospho-fill/Validation-allPDB/pdb_cache/6eiq.cif	PTR	PTR	OH	CZ	ok	1.6050892950965516	124.15304058644016	103.52322386761658	-75.04562928628991	ARG:328	ARG	NH1	2.7852133579924994	2.0	2.0	ARG:328	ARG	NH1	2.7852133579924994	HOH:614	O	2.650657826190559	1.0	16.0	salt_bridge_like			intermediate				0.0	0.0		modified	1.6050892950965516	54.190649798664666	29.65272151776953	same	toward	103.52322386761658	-75.04562928628991
Q13627	6EIR	A	321	PTR_single	1	1	2.4	PTR	299		2	134-408,414-480	134-408,414-480	PTR	/mnt/c/Users/drpat/OneDrive - UGent/Desktop/PD/Phospho-fill/Validation-allPDB/pdb_cache/6eir.cif	PTR	PTR	OH	CZ	ok	1.6023963423552103	125.84351285394212	103.78186780922384	-73.67884528458973	ARG:325	ARG	NH1	2.6862894146726193	2.0	2.0	ARG:325	ARG	NH1	2.6862894146726193	HOH:622	O	2.733052526936871	1.0	16.0	salt_bridge_like			intermediate				0.0	0.0		modified	1.6023963423552103	30.885678535423438	28.43124596876943	same	toward	103.78186780922384	-73.67884528458973
Q13627	6EIS	A	321	PTR_single	1	1	2.36	PTR	300		2	134-409,412-480	134-409,412-480	PTR	/mnt/c/Users/drpat/OneDrive - UGent/Desktop/PD/Phospho-fill/Validation-allPDB/pdb_cache/6eis.cif	PTR	PTR	OH	CZ	ok	1.6115637679216799	124.44178671300118	84.49671144716561	-93.82043708487396	ARG:325	ARG	NH2	2.523224773308788	2.0	2.0	ARG:325	ARG	NH2	2.523224773308788	HOH:674	O	2.8317590766628142	2.0	16.0	salt_bridge_like			exposed				0.0	0.0		modified	1.6115637679216799	32.499553208744395	20.922080075882775	same	toward	84.49671144716561	-93.82043708487396
P23458	6ELR	A	1034	PTR_only_multi_2	2	2	1.8	PTR	170		2	854-883,887-911,918-946,950-1154	854-883,887-911,918-946,950-1154	PTR,PTR	/mnt/c/Users/drpat/OneDrive - UGent/Desktop/PD/Phospho-fill/Validation-allPDB/pdb_cache/6elr.cif	PTR	PTR	OH	CZ	ok	1.5346817396565924	121.25979888458086	-151.3128761979155	25.015409832259998	LYS:1057	LYS	NZ	3.496347207572476	1.0	1.0	LYS:1057	LYS	NZ	3.496347207572476	HOH:1381	O	7.281466495198211	0.0	3.0	salt_bridge_like			intermediate	PTR:1035	PTR	14.35945520198318	0.0	0.0		modified	1.5346817396565924	102.28693719315373	126.12359282115484	opposite	lateral	-151.3128761979155	25.015409832259998
P23458	6ELR	A	1035	PTR_only_multi_2	2	2	1.8	PTR	170		2	854-883,887-911,918-946,950-1154	854-883,887-911,918-946,950-1154	PTR,PTR	/mnt/c/Users/drpat/OneDrive - UGent/Desktop/PD/Phospho-fill/Validation-allPDB/pdb_cache/6elr.cif	PTR	PTR	OH	CZ	ok	1.5665013586454455	123.03238150494106	5.144803344334778	-174.39145022130384	LYS:1038	LYS	NZ	2.844351973608938	2.0	3.0	LYS:1038	LYS	NZ	2.844351973608938	HOH:1397	O	4.642446779153726	0.0	10.0	salt_bridge_like			intermediate	PTR:1034	PTR	14.35945520198318	0.0	0.0		modified	1.5665013586454455	76.47901985912954	70.64909471409499	opposite	lateral	5.144803344334778	-174.39145022130384
P07949	6FEK	A	900	PTR_only_multi_2	2	2	2.3	PTR	130		5	705-825,841-1010	705-825,841-1010	PTR,PTR	/mnt/c/Users/drpat/OneDrive - UGent/Desktop/PD/Phospho-fill/Validation-allPDB/pdb_cache/6fek.cif	PTR	PTR	OH	CZ	ok	1.6107342648671	121.41089297698812	-93.36019410007223	86.16436588535564	LYS:869	LYS	CE	7.084767720787838	0.0	0.0	ASP:903	ASP	OD1	7.884127927003103	HOH:1221	O	2.77758285563454	1.0	0.0	water_mediated_like			intermediate	PTR:905	PTR	21.3127417398789	0.0	0.0		modified	1.6107342648671	91.70678841882797	69.52847091510523	same	lateral	-93.36019410007223	86.16436588535564
P07949	6FEK	A	905	PTR_only_multi_2	2	2	2.3	PTR	130		5	705-825,841-1010	705-825,841-1010	PTR,PTR	/mnt/c/Users/drpat/OneDrive - UGent/Desktop/PD/Phospho-fill/Validation-allPDB/pdb_cache/6fek.cif	PTR	PTR	OH	CZ	ok	1.6149690238375536	124.66166201290235	-179.024515689599	0.8437087952938446	ARG:770	ARG	NH2	2.718874729407218	3.0	5.0	ARG:770	ARG	NH2	2.718874729407218	HOH:1205	O	2.437429251962456	1.0	21.0	salt_bridge_like			intermediate	PTR:900	PTR	21.3127417398789	0.0	0.0		modified	1.6149690238375536	32.223400312909085	48.89959239092352	same	toward	-179.024515689599	0.8437087952938446
P23458	6GGH	A	1034	PTR_only_multi_2	2	2	1.7	PTR	171		2	865-945,950-1154	865-945,950-1154	PTR,PTR	/mnt/c/Users/drpat/OneDrive - UGent/Desktop/PD/Phospho-fill/Validation-allPDB/pdb_cache/6ggh.cif	PTR	PTR	OH	CZ	ok	1.604851075153485	127.02097606566349	-142.16342159533843	36.099375546223555	LYS:1057	LYS	NZ	4.329434485975813	0.0	2.0	LYS:1057	LYS	NZ	4.329434485975813	HOH:1392	O	3.845015513851737	1.0	3.0	none_obvious			intermediate	PTR:1035	PTR	14.364893061919815	0.0	0.0		modified	1.604851075153485	110.04607165479318	100.53264401530116	opposite	lateral	-142.16342159533843	36.099375546223555
P23458	6GGH	A	1035	PTR_only_multi_2	2	2	1.7	PTR	171		2	865-945,950-1154	865-945,950-1154	PTR,PTR	/mnt/c/Users/drpat/OneDrive - UGent/Desktop/PD/Phospho-fill/Validation-allPDB/pdb_cache/6ggh.cif	PTR	PTR	OH	CZ	ok	1.609679955312077	126.95596442432429	0.27787036465719067	-179.53304541736378	LYS:1026	LYS	NZ	3.6113252582128195	2.0	3.0	LYS:1026	LYS	NZ	3.6113252582128195	HOH:1401	O	4.810538454061351	0.0	10.0	none_obvious			intermediate	PTR:1034	PTR	14.364893061919815	0.0	0.0		modified	1.609679955312077	90.94112527470806	99.78215695836273	same	lateral	0.27787036465719067	-179.53304541736378
P49841	6HK3	A	216	PTR_single	1	1	2.35	PTR	248		3	35-384	35-384	PTR	/mnt/c/Users/drpat/OneDrive - UGent/Desktop/PD/Phospho-fill/Validation-allPDB/pdb_cache/6hk3.cif	PTR	PTR	OH	CZ	ok	1.60150219040351	122.51668271776083	100.8875708410563	-78.32734797390059	ARG:220	ARG	NH2	2.6195728572336425	2.0	2.0	ARG:220	ARG	NH2	2.6195728572336425	HOH:507	O	3.2170330059898595	1.0	21.0	salt_bridge_like			intermediate				0.0	0.0		modified	1.60150219040351	34.971647021401544	82.00646271831029	same	toward	100.8875708410563	-78.32734797390059
P49841	6HK4	A	216	PTR_single	1	1	2.5	PTR	249		3	35-384	35-384	PTR	/mnt/c/Users/drpat/OneDrive - UGent/Desktop/PD/Phospho-fill/Validation-allPDB/pdb_cache/6hk4.cif	PTR	PTR	OH	CZ	ok	1.5981425621887229	121.03776781103203	99.47072330291701	-79.96616641336789	ARG:223	ARG	NH2	2.588596242968313	2.0	2.0	ARG:223	ARG	NH2	2.588596242968313	HOH:506	O	2.3593354625465945	3.0	18.0	salt_bridge_like			exposed				0.0	0.0		modified	1.5981425621887229	53.174749392142445	69.21875529129827	same	toward	99.47072330291701	-79.96616641336789
P43405	6HM6	A	525	PTR_single	1	1	2.1	PTR	229		3	364-392,394-404,410-529,532-632	364-392,394-404,410-529,532-632	PTR	/mnt/c/Users/drpat/OneDrive - UGent/Desktop/PD/Phospho-fill/Validation-allPDB/pdb_cache/6hm6.cif	PTR	PTR	OH	CZ	ok	1.616368330610575	123.84484795484822	-49.60441760608699	129.63066645036906	LYS:548	LYS	NZ	2.6839848149665952	1.0	1.0	LYS:548	LYS	NZ	2.6839848149665952	HOH:910	O	3.9636162659540206	1.0	4.0	salt_bridge_like			intermediate				0.0	0.0		modified	1.616368330610575	59.407824122326566	71.07270415417172	same	toward	-49.60441760608699	129.63066645036906
P43405	6HM7	A	525	PTR_single	1	1	1.64	PTR	230		3	363-530,534-633	363-530,534-633	PTR	/mnt/c/Users/drpat/OneDrive - UGent/Desktop/PD/Phospho-fill/Validation-allPDB/pdb_cache/6hm7.cif	PTR	PTR	OH	CZ	ok	1.618385243653547	123.71840636462059	126.22503673200053	-52.81312539791207	LYS:548	LYS	NZ	2.763300677782856	2.0	2.0	LYS:548	LYS	NZ	2.763300677782856	HOH:1088	O	4.255014913801489	0.0	6.0	salt_bridge_like			intermediate				0.0	0.0		modified	1.618385243653547	61.40146648717997	113.81265936667796	same	lateral	126.22503673200053	-52.81312539791207
P23458	6HZU	A	1034	PTR_only_multi_2	2	2	2.2	PTR	172		2	854-912,917-945,950-1154	854-912,917-945,950-1154	PTR,PTR	/mnt/c/Users/drpat/OneDrive - UGent/Desktop/PD/Phospho-fill/Validation-allPDB/pdb_cache/6hzu.cif	PTR	PTR	OH	CZ	ok	1.6120177199301948	124.4176863413578	-118.2664584631206	59.776321044696616	LYS:1057	LYS	NZ	3.9251614947058835	1.0	2.0	LYS:1057	LYS	NZ	3.9251614947058835	HOH:1311	O	2.5765413427103883	1.0	4.0	water_mediated_like			intermediate	PTR:1035	PTR	13.987842083555384	0.0	0.0		modified	1.6120177199301948	116.75701454769448	59.221105407094214	opposite	lateral	-118.2664584631206	59.776321044696616
P23458	6HZU	A	1035	PTR_only_multi_2	2	2	2.2	PTR	172		2	854-912,917-945,950-1154	854-912,917-945,950-1154	PTR,PTR	/mnt/c/Users/drpat/OneDrive - UGent/Desktop/PD/Phospho-fill/Validation-allPDB/pdb_cache/6hzu.cif	PTR	PTR	OH	CZ	ok	1.6239513638946588	128.6016283730707	11.70411310878943	-167.69459993767072	LYS:1026	LYS	NZ	3.130854193163567	1.0	2.0	LYS:1026	LYS	NZ	3.130854193163567	HOH:1429	O	3.1527219418963806	1.0	8.0	salt_bridge_like			intermediate	PTR:1034	PTR	13.987842083555384	0.0	0.0		modified	1.6239513638946588	72.14587948927635	48.098461172111286	same	lateral	11.70411310878943	-167.69459993767072
P52333	6HZV	B	980	PTR_only_multi_2	2	2	2.46	PTR	261		2	815-858,861-891,896-983,990-1037,1042-1099	815-858,861-891,896-983,990-1037,1042-1099	PTR,PTR	/mnt/c/Users/drpat/OneDrive - UGent/Desktop/PD/Phospho-fill/Validation-allPDB/pdb_cache/6hzv.cif	PTR	PTR	OH	CZ	ok	1.6143195793921712	123.06672013929175	-62.8083493744078	116.23835512852459	LYS:978	LYS	CE	3.1114707609406214	1.0	1.0	LYS:978	LYS	NZ	4.537461201728536	HOH:1219	O	4.1150051811920925	0.0	5.0	salt_bridge_like			intermediate	PTR:981	PTR	12.55580745496956	0.0	0.0		modified	1.6143195793921712	52.775226353813174	128.68199027589432	same	toward	-62.8083493744078	116.23835512852459
P52333	6HZV	B	981	PTR_only_multi_2	2	2	2.46	PTR	261		2	815-858,861-891,896-983,990-1037,1042-1099	815-858,861-891,896-983,990-1037,1042-1099	PTR,PTR	/mnt/c/Users/drpat/OneDrive - UGent/Desktop/PD/Phospho-fill/Validation-allPDB/pdb_cache/6hzv.cif	PTR	PTR	OH	CZ	ok	1.610668931123375	123.84652367979379	-90.59520153310217	87.81702656303331	ARG:870	ARG	NH2	3.1144676166468304	2.0	2.0	ARG:870	ARG	NH2	3.1144676166468304				0.0	9.0	salt_bridge_like			intermediate	PTR:980	PTR	12.55580745496956	0.0	0.0		modified	1.610668931123375	25.283093088997532		same	toward	-90.59520153310217	87.81702656303331
P07949	6I82	B	928	PTR_single	1	1	2.05	PTR	131		5	714-828,842-1012	714-828,842-1012	PTR	/mnt/c/Users/drpat/OneDrive - UGent/Desktop/PD/Phospho-fill/Validation-allPDB/pdb_cache/6i82.cif	PTR	PTR	OH	CZ	ok	1.6633211070167018	125.56884270653775	177.47195851631244	-1.8390331464654062	ARG:873	ARG	NH2	3.3636850969660186	3.0	3.0	ARG:873	ARG	NH2	3.3636850969660186	HOH:1304	O	1.4630911593302496	3.0	41.0	salt_bridge_like			exposed				0.0	0.0		modified	1.6633211070167018	97.45274070700722	35.41405527301674	opposite	lateral	177.47195851631244	-1.8390331464654062
P07949	6I83	A	905	PTR_single	1	1	1.88	PTR	132		5	705-821,844-1013	705-821,844-1013	PTR	/mnt/c/Users/drpat/OneDrive - UGent/Desktop/PD/Phospho-fill/Validation-allPDB/pdb_cache/6i83.cif	PTR	PTR	OH	CZ	ok	1.5793817178092462	125.58734414393945	-10.399293048904386	169.00023629393667	LYS:907	LYS	NZ	2.875335334775225	2.0	4.0	LYS:907	LYS	NZ	2.875335334775225	HOH:1276	O	5.63212075402979	0.0	19.0	salt_bridge_like			intermediate				0.0	0.0		modified	1.5793817178092462	84.94885175302905	92.15814183309885	same	lateral	-10.399293048904386	169.00023629393667
Q92630	6K0J	A	382	PTR_mixed_with_SEP	1	2	2.352	PTR	353		5	212-536	212-536	PTR	/mnt/c/Users/drpat/OneDrive - UGent/Desktop/PD/Phospho-fill/Validation-allPDB/pdb_cache/6k0j.cif	PTR	PTR	OH	CZ	ok	1.6151257174600608	130.8267944765103	-79.00037163992711	95.64894491033222	ARG:386	ARG	NH2	2.7407582148296785	2.0	2.0	ARG:386	ARG	NH2	2.7407582148296785	HOH:716	O	2.6090956857687857	3.0	15.0	salt_bridge_like			exposed	SEP:458	SEP	24.88928228199337	0.0	0.0		modified	1.6151257174600608	25.72855154010034	57.28428804378817	same	toward	-79.00037163992711	95.64894491033222
P21802	6LVK	A	561	PTR_single	1	1	2.29	PTR	144		6	468-583,595-766	468-583,595-766	PTR	/mnt/c/Users/drpat/OneDrive - UGent/Desktop/PD/Phospho-fill/Validation-allPDB/pdb_cache/6lvk.cif	PTR	PTR	OH	CZ	ok	1.6415393539115146	126.15338414595355	134.78623089836822	-44.18115957144498	ARG:478	ARG	NE	2.927073644082045	1.0	1.0	ARG:478	ARG	NE	2.927073644082045	HOH:901	O	2.352541062810805	1.0	13.0	salt_bridge_like			intermediate				0.0	0.0		modified	1.6415393539115146	60.359204700544616	54.02446537739137	same	lateral	134.78623089836822	-44.18115957144498
P23458	6N77	A	1034	PTR_only_multi_2	2	2	1.64	PTR	173		2	866-912,917-945,951-1154	866-912,917-945,951-1154	PTR,PTR	/mnt/c/Users/drpat/OneDrive - UGent/Desktop/PD/Phospho-fill/Validation-allPDB/pdb_cache/6n77.cif	PTR	PTR	OH	CZ	ok	1.5815262613930006	126.28428532509844	-116.43139787013276	59.16379497483913	LYS:1057	LYS	NZ	4.672673187411505	0.0	2.0	LYS:1057	LYS	NZ	4.672673187411505	HOH:1362	O	2.783449422328596	1.0	3.0	water_mediated_like			intermediate	PTR:1035	PTR	14.1046891789845	0.0	0.0		modified	1.5815262613930006	126.49377118634808	51.1853379082235	opposite	opposite	-116.43139787013276	59.16379497483913
P23458	6N77	A	1035	PTR_only_multi_2	2	2	1.64	PTR	173		2	866-912,917-945,951-1154	866-912,917-945,951-1154	PTR,PTR	/mnt/c/Users/drpat/OneDrive - UGent/Desktop/PD/Phospho-fill/Validation-allPDB/pdb_cache/6n77.cif	PTR	PTR	OH	CZ	ok	1.5883132170027263	130.53834406781792	167.45901708877832	-10.301426603532585	LYS:1026	LYS	NZ	2.7831688776758363	1.0	2.0	LYS:1026	LYS	NZ	2.7831688776758363	HOH:1323	O	4.481013110154669	0.0	5.0	salt_bridge_like			intermediate	PTR:1034	PTR	14.1046891789845	0.0	0.0		modified	1.5883132170027263	50.38415557130351	103.7630906889192	same	toward	167.45901708877832	-10.301426603532585
P23458	6N78	A	1034	PTR_only_multi_2	2	2	1.83	PTR	174		2	866-912,918-945,951-1118,1121-1154	866-912,918-945,951-1118,1121-1154	PTR,PTR	/mnt/c/Users/drpat/OneDrive - UGent/Desktop/PD/Phospho-fill/Validation-allPDB/pdb_cache/6n78.cif	PTR	PTR	OH	CZ	ok	1.5870959904278745	128.7989788426699	-165.90251299711875	12.311344050400324	LYS:1032	LYS	NZ	2.795137898630543	2.0	2.0	LYS:1032	LYS	NZ	2.795137898630543				0.0	6.0	salt_bridge_like			intermediate	PTR:1035	PTR	14.776623087083964	0.0	0.0		modified	1.5870959904278745	80.72811899652324		same	lateral	-165.90251299711875	12.311344050400324
P23458	6N78	A	1035	PTR_only_multi_2	2	2	1.83	PTR	174		2	866-912,918-945,951-1118,1121-1154	866-912,918-945,951-1118,1121-1154	PTR,PTR	/mnt/c/Users/drpat/OneDrive - UGent/Desktop/PD/Phospho-fill/Validation-allPDB/pdb_cache/6n78.cif	PTR	PTR	OH	CZ	ok	1.5890909291173907	130.00187332724045	17.27002853090534	-159.38098013865468	LYS:1026	LYS	NZ	2.9611638323092233	3.0	3.0	LYS:1026	LYS	NZ	2.9611638323092233	HOH:1361	O	4.320535603628547	0.0	10.0	salt_bridge_like			intermediate	PTR:1034	PTR	14.776623087083964	0.0	0.0		modified	1.5890909291173907	74.3343180751367	63.9504632178141	same	lateral	17.27002853090534	-159.38098013865468
P23458	6N79	A	1034	PTR_only_multi_2	2	2	2.27	PTR	175		2	866-912,917-946,951-1029,1032-1154	866-912,917-946,951-1029,1032-1154	PTR,PTR	/mnt/c/Users/drpat/OneDrive - UGent/Desktop/PD/Phospho-fill/Validation-allPDB/pdb_cache/6n79.cif	PTR	PTR	OH	CZ	ok	1.587313568835821	126.95082172360794	150.24586228740094	-26.354962830322382	LYS:1057	LYS	CE	3.7672799102382997	1.0	2.0	LYS:1057	LYS	NZ	4.4078079149484966				0.0	5.0	none_obvious			intermediate	PTR:1035	PTR	14.777527670709508	0.0	0.0		modified	1.587313568835821	96.58855243737442		same	lateral	150.24586228740094	-26.354962830322382
P23458	6N79	A	1035	PTR_only_multi_2	2	2	2.27	PTR	175		2	866-912,917-946,951-1029,1032-1154	866-912,917-946,951-1029,1032-1154	PTR,PTR	/mnt/c/Users/drpat/OneDrive - UGent/Desktop/PD/Phospho-fill/Validation-allPDB/pdb_cache/6n79.cif	PTR	PTR	OH	CZ	ok	1.5897582257018414	129.2807319794188	17.951564141894686	-159.09000054952307	LYS:1026	LYS	NZ	3.2613981486138752	1.0	2.0	LYS:1026	LYS	NZ	3.2613981486138752	HOH:1368	O	5.202689323091363	0.0	5.0	salt_bridge_like			intermediate	PTR:1034	PTR	14.777527670709508	0.0	0.0		modified	1.5897582257018414	76.38886672343541	40.87691168395547	same	lateral	17.951564141894686	-159.09000054952307
P23458	6N7A	B	1034	PTR_only_multi_2	2	2	1.33	PTR	176		2	854-912,918-945,951-1154	854-912,918-945,951-1154	PTR,PTR	/mnt/c/Users/drpat/OneDrive - UGent/Desktop/PD/Phospho-fill/Validation-allPDB/pdb_cache/6n7a.cif	PTR	PTR	OH	CZ	ok	1.5859914722095345	126.61887337623556	168.79647714340356	-11.016614545592427	LYS:1057	LYS	NZ	3.1578738361933385	1.0	2.0	LYS:1057	LYS	NZ	3.1578738361933385	HOH:1310	O	2.6586211819973222	1.0	5.0	salt_bridge_like			intermediate	PTR:1035	PTR	15.057466926141199	0.0	0.0		modified	1.5859914722095345	81.95374511536	83.8265753708198	same	lateral	168.79647714340356	-11.016614545592427
P23458	6N7A	B	1035	PTR_only_multi_2	2	2	1.33	PTR	176		2	854-912,918-945,951-1154	854-912,918-945,951-1154	PTR,PTR	/mnt/c/Users/drpat/OneDrive - UGent/Desktop/PD/Phospho-fill/Validation-allPDB/pdb_cache/6n7a.cif	PTR	PTR	OH	CZ	ok	1.5828225964438054	127.63324894434156	122.13343538790872	-53.495229204836896	LYS:1026	LYS	NZ	2.992323006728012	1.0	2.0	LYS:1026	LYS	NZ	2.992323006728012	HOH:1456	O	3.22593158594517	1.0	8.0	salt_bridge_like			intermediate	PTR:1034	PTR	15.057466926141199	0.0	0.0		modified	1.5828225964438054	37.30017951700849	75.04242608114242	same	toward	122.13343538790872	-53.495229204836896
P23458	6N7B	A	1034	PTR_only_multi_2	2	2	1.81	PTR	177		2	865-912,918-945,951-1154	865-912,918-945,951-1154	PTR,PTR	/mnt/c/Users/drpat/OneDrive - UGent/Desktop/PD/Phospho-fill/Validation-allPDB/pdb_cache/6n7b.cif	PTR	PTR	OH	CZ	ok	1.588106589067426	125.31100802946156	-111.22954930471822	66.45569231595002	LYS:1057	LYS	NZ	4.7920351303672835	0.0	2.0	LYS:1057	LYS	NZ	4.7920351303672835	HOH:1319	O	7.119995456566758	0.0	5.0	none_obvious			intermediate	PTR:1035	PTR	14.011513723558576	0.0	0.0		modified	1.588106589067426	131.45469308013514	126.33104344339147	opposite	opposite	-111.22954930471822	66.45569231595002
P23458	6N7B	A	1035	PTR_only_multi_2	2	2	1.81	PTR	177		2	865-912,918-945,951-1154	865-912,918-945,951-1154	PTR,PTR	/mnt/c/Users/drpat/OneDrive - UGent/Desktop/PD/Phospho-fill/Validation-allPDB/pdb_cache/6n7b.cif	PTR	PTR	OH	CZ	ok	1.5869770508702699	131.2469939066478	-16.062794891971222	160.21663419062048	LYS:1026	LYS	NZ	3.3649472283158253	1.0	3.0	LYS:1026	LYS	NZ	3.3649472283158253	HOH:1361	O	5.217700392842195	0.0	10.0	salt_bridge_like			intermediate	PTR:1034	PTR	14.011513723558576	0.0	0.0		modified	1.5869770508702699	94.83756694872557	89.08981439613243	opposite	lateral	-16.062794891971222	160.21663419062048
P23458	6N7C	A	1034	PTR_only_multi_2	2	2	1.69	PTR	178		2	865-912,918-945,951-1039,1042-1094,1098-1154	865-912,918-945,951-1039,1042-1094,1098-1154	PTR,PTR	/mnt/c/Users/drpat/OneDrive - UGent/Desktop/PD/Phospho-fill/Validation-allPDB/pdb_cache/6n7c.cif	PTR	PTR	OH	CZ	ok	1.590972406264693	128.3579365799629	166.38477464968366	-11.798277218753118	LYS:1057	LYS	NZ	3.205148531682429	1.0	1.0	LYS:1057	LYS	NZ	3.205148531682429	HOH:1330	O	2.699593557569124	1.0	3.0	salt_bridge_like			intermediate	PTR:1035	PTR	14.95993491856996	0.0	0.0		modified	1.590972406264693	80.77171549260646	86.79578109425209	same	lateral	166.38477464968366	-11.798277218753118
P23458	6N7C	A	1035	PTR_only_multi_2	2	2	1.69	PTR	178		2	865-912,918-945,951-1039,1042-1094,1098-1154	865-912,918-945,951-1039,1042-1094,1098-1154	PTR,PTR	/mnt/c/Users/drpat/OneDrive - UGent/Desktop/PD/Phospho-fill/Validation-allPDB/pdb_cache/6n7c.cif	PTR	PTR	OH	CZ	ok	1.5853005216575238	127.1102803972768	129.6845248595391	-45.9242944083532	LYS:1026	LYS	NZ	3.1368255615595353	1.0	2.0	LYS:1026	LYS	NZ	3.1368255615595353	HOH:1476	O	3.0733653602389976	3.0	7.0	salt_bridge_like			exposed	PTR:1034	PTR	14.95993491856996	0.0	0.0		modified	1.5853005216575238	36.11884494746015	54.30163001276469	same	toward	129.6845248595391	-45.9242944083532
P23458	6N7D	A	1034	PTR_only_multi_2	2	2	1.78	PTR	179		2	865-912,918-945,951-1154	865-912,918-945,951-1154	PTR,PTR	/mnt/c/Users/drpat/OneDrive - UGent/Desktop/PD/Phospho-fill/Validation-allPDB/pdb_cache/6n7d.cif	PTR	PTR	OH	CZ	ok	1.5873915164292576	128.16792079139063	-129.62989841043733	45.38769834088088	LYS:1032	LYS	CE	5.62818490652283	0.0	1.0	TYR:1059	TYR	OH	5.524432943157614	HOH:1412	O	7.071629787111584	0.0	0.0	none_obvious			intermediate	PTR:1035	PTR	14.87259605527982	0.0	0.0		modified	1.5873915164292576	66.24566477874032	119.54240097566654	same	lateral	-129.62989841043733	45.38769834088088
P23458	6N7D	A	1035	PTR_only_multi_2	2	2	1.78	PTR	179		2	865-912,918-945,951-1154	865-912,918-945,951-1154	PTR,PTR	/mnt/c/Users/drpat/OneDrive - UGent/Desktop/PD/Phospho-fill/Validation-allPDB/pdb_cache/6n7d.cif	PTR	PTR	OH	CZ	ok	1.5929402756024909	128.71669851315366	9.694421164203368	-169.61237187727784	LYS:1026	LYS	NZ	2.976774921538827	2.0	2.0	LYS:1026	LYS	NZ	2.976774921538827	HOH:1344	O	2.721178093521395	2.0	6.0	salt_bridge_like			exposed	PTR:1034	PTR	14.87259605527982	0.0	0.0		modified	1.5929402756024909	74.62659248952363	48.75584808940849	same	lateral	9.694421164203368	-169.61237187727784
P07949	6NE7	A	900	PTR_only_multi_2	2	2	1.99	PTR	133		5	705-823,843-1013	705-823,843-1013	PTR,PTR	/mnt/c/Users/drpat/OneDrive - UGent/Desktop/PD/Phospho-fill/Validation-allPDB/pdb_cache/6ne7.cif	PTR	PTR	OH	CZ	ok	1.5954237304079164	123.06371529802806	102.40663891576604	-79.54197488928068	LYS:869	LYS	CE	6.4230192880378505	0.0	0.0	GLU:901	GLU	OE2	6.5380712838591615	HOH:1299	O	6.282442523132073	0.0	0.0	none_obvious			intermediate	PTR:905	PTR	21.158126938435974	0.0	0.0		modified	1.5954237304079164	78.5572516290138	64.45972722755705	same	lateral	102.40663891576604	-79.54197488928068
P07949	6NE7	A	905	PTR_only_multi_2	2	2	1.99	PTR	133		5	705-823,843-1013	705-823,843-1013	PTR,PTR	/mnt/c/Users/drpat/OneDrive - UGent/Desktop/PD/Phospho-fill/Validation-allPDB/pdb_cache/6ne7.cif	PTR	PTR	OH	CZ	ok	1.5804756091903909	123.84878224206366	166.94821581384662	-13.221979562544474	ARG:770	ARG	NH1	2.60641716805555	3.0	4.0	ARG:770	ARG	NH1	2.60641716805555	HOH:1312	O	5.014893439110498	0.0	20.0	salt_bridge_like			intermediate	PTR:900	PTR	21.158126938435974	0.0	0.0		modified	1.5804756091903909	45.38529190308251	54.1835434348652	opposite	toward	166.94821581384662	-13.221979562544474
P07949	6NJA	A	900	PTR_only_multi_2	2	2	1.92	PTR	134		5	705-822,843-1013	705-822,843-1013	PTR,PTR	/mnt/c/Users/drpat/OneDrive - UGent/Desktop/PD/Phospho-fill/Validation-allPDB/pdb_cache/6nja.cif	PTR	PTR	OH	CZ	ok	1.5933761071272243	124.18041883719891	65.89671736911535	-115.4224005779721	LYS:869	LYS	CE	6.585129682279586	0.0	0.0	GLU:901	GLU	OE2	5.74333959475306	HOH:1227	O	6.544753791000668	0.0	0.0	none_obvious			intermediate	PTR:905	PTR	20.843148465075696	0.0	0.0		modified	1.5933761071272243	101.97594412655627	67.51491726578469	same	lateral	65.89671736911535	-115.4224005779721
P07949	6NJA	A	905	PTR_only_multi_2	2	2	1.92	PTR	134		5	705-822,843-1013	705-822,843-1013	PTR,PTR	/mnt/c/Users/drpat/OneDrive - UGent/Desktop/PD/Phospho-fill/Validation-allPDB/pdb_cache/6nja.cif	PTR	PTR	OH	CZ	ok	1.5560978302101933	123.82350048483349	170.57209639542407	-8.021066558578921	ARG:897	ARG	NE	2.9763296117187066	3.0	4.0	ARG:897	ARG	NE	2.9763296117187066	HOH:1202	O	4.2197823509981065	0.0	20.0	salt_bridge_like			intermediate	PTR:900	PTR	20.843148465075696	0.0	0.0		modified	1.5560978302101933	87.34296570766399	38.840493587755326	opposite	lateral	170.57209639542407	-8.021066558578921
Q9H2X6	6P5S	A	361	PTR_mixed_with_SEP	1	2	2.194	PTR	361		2	185-207,211-230,238-269,272-353,360-535	185-207,211-230,238-269,272-353,360-535	PTR	/mnt/c/Users/drpat/OneDrive - UGent/Desktop/PD/Phospho-fill/Validation-allPDB/pdb_cache/6p5s.cif	PTR	PTR	OH	CZ	ok	1.6126564172580018	126.28841464271821	98.39681818058632	-78.82760035889268	ARG:368	ARG	NH2	2.4882161075383875	2.0	2.0	ARG:368	ARG	NH2	2.4882161075383875	HOH:732	O	2.815819949601101	2.0	16.0	salt_bridge_like			exposed	SEP:441	SEP	26.12410433522405	0.0	0.0		modified	1.6126564172580018	54.65701022617179	91.23205409728794	same	toward	98.39681818058632	-78.82760035889268
P06239	6PDJ	A	394	PTR_single	1	1	1.81	PTR	120		2	225,231-500	225,231-500	PTR	/mnt/c/Users/drpat/OneDrive - UGent/Desktop/PD/Phospho-fill/Validation-allPDB/pdb_cache/6pdj.cif	PTR	PTR	OH	CZ	ok	1.5961490091352402	129.41518438683963	-177.29428141383872	1.8997262029367634	ARG:387	ARG	NE	2.797291831969128	1.0	2.0	ARG:387	ARG	NE	2.797291831969128	HOH:765	O	2.738767916482835	2.0	15.0	salt_bridge_like			exposed				0.0	0.0		modified	1.5961490091352402	75.47134004931247	45.582592823713355	same	lateral	-177.29428141383872	1.8997262029367634
Q13523	6PJJ	B	849	PTR_single	1	1	2.4	PTR	283		1	674-695,698-934,939-1005	674-695,698-934,939-1005	PTR	/mnt/c/Users/drpat/OneDrive - UGent/Desktop/PD/Phospho-fill/Validation-allPDB/pdb_cache/6pjj.cif	PTR	PTR	OH	CZ	ok	1.5867047408246875	125.58802081185773	-177.09312961080684	2.6214138350060026	HIS:922	HIS	CE1	4.865972613902534	0.0	1.0	ASN:894	ASN	ND2	3.9604150670707674	HOH:1205	O	2.5027401894315204	2.0	10.0	water_mediated_like			exposed				0.0	0.0		modified	1.5867047408246875	53.14873117628852	21.821967654080943	same	toward	-177.09312961080684	2.6214138350060026
Q13523	6PK6	A	849	PTR_single	1	1	2.1	PTR	284		1	668-1005	668-1005	PTR	/mnt/c/Users/drpat/OneDrive - UGent/Desktop/PD/Phospho-fill/Validation-allPDB/pdb_cache/6pk6.cif	PTR	PTR	OH	CZ	ok	1.5790548734595005	124.48046875634795	120.57688203195798	-59.304989539263026	ARG:856	ARG	NH2	6.696716797377768	0.0	0.0	ASN:894	ASN	ND2	5.311814878031037	HOH:1233	O	2.741260974820275	1.0	2.0	water_mediated_like			intermediate				0.0	0.0		modified	1.5790548734595005	100.7945086069101	63.65764681794849	opposite	lateral	120.57688203195798	-59.304989539263026
P23458	6RSB	A	1034	PTR_only_multi_2	2	2	1.8	PTR	180		2	865-946,951-1154	865-946,951-1154	PTR,PTR	/mnt/c/Users/drpat/OneDrive - UGent/Desktop/PD/Phospho-fill/Validation-allPDB/pdb_cache/6rsb.cif	PTR	PTR	OH	CZ	ok	1.561319991265018	126.64554881565975	-154.74211272980892	22.73443565275459	LYS:1057	LYS	NZ	3.247502320544122	1.0	2.0	LYS:1057	LYS	NZ	3.247502320544122	HOH:1346	O	2.7019302634967888	3.0	3.0	salt_bridge_like			exposed	PTR:1035	PTR	14.258181016024729	0.0	0.0		modified	1.561319991265018	93.84109087923962	49.452331576504676	opposite	lateral	-154.74211272980892	22.73443565275459
P23458	6RSB	A	1035	PTR_only_multi_2	2	2	1.8	PTR	180		2	865-946,951-1154	865-946,951-1154	PTR,PTR	/mnt/c/Users/drpat/OneDrive - UGent/Desktop/PD/Phospho-fill/Validation-allPDB/pdb_cache/6rsb.cif	PTR	PTR	OH	CZ	ok	1.5708515039110977	126.62731952858104	3.5076420321138335	-175.6811845005872	LYS:1026	LYS	NZ	2.8831168220640184	1.0	2.0	LYS:1026	LYS	NZ	2.8831168220640184	HOH:1349	O	3.6370234989696972	1.0	9.0	salt_bridge_like			intermediate	PTR:1034	PTR	14.258181016024729	0.0	0.0		modified	1.5708515039110977	78.1382382792531	82.3942682485159	same	lateral	3.5076420321138335	-175.6811845005872
P23458	6RSC	A	1034	PTR_only_multi_2	2	2	1.85	PTR	181		2	865-946,951-1154	865-946,951-1154	PTR,PTR	/mnt/c/Users/drpat/OneDrive - UGent/Desktop/PD/Phospho-fill/Validation-allPDB/pdb_cache/6rsc.cif	PTR	PTR	OH	CZ	ok	1.5573288142301018	124.23445391361571	-164.1640740190621	17.020871321041994	LYS:1057	LYS	NZ	3.1939961112713653	1.0	2.0	LYS:1057	LYS	NZ	3.1939961112713653	HOH:1327	O	7.907910493650208	0.0	3.0	salt_bridge_like			intermediate	PTR:1035	PTR	14.196783826531274	0.0	0.0		modified	1.5573288142301018	92.53662077763028	129.8439925618224	opposite	lateral	-164.1640740190621	17.020871321041994
P23458	6RSC	A	1035	PTR_only_multi_2	2	2	1.85	PTR	181		2	865-946,951-1154	865-946,951-1154	PTR,PTR	/mnt/c/Users/drpat/OneDrive - UGent/Desktop/PD/Phospho-fill/Validation-allPDB/pdb_cache/6rsc.cif	PTR	PTR	OH	CZ	ok	1.6053771211831636	124.27411571188843	4.558289513811334	-176.25508358963495	LYS:1026	LYS	NZ	3.492919030643643	1.0	3.0	LYS:1026	LYS	NZ	3.492919030643643	HOH:1435	O	3.123880484941615	1.0	10.0	salt_bridge_like			intermediate	PTR:1034	PTR	14.196783826531274	0.0	0.0		modified	1.6053771211831636	89.01076165352674	27.12260573740545	same	lateral	4.558289513811334	-176.25508358963495
P23458	6RSD	A	1034	PTR_only_multi_2	2	2	1.76	PTR	182		2	865-946,951-1154	865-946,951-1154	PTR,PTR	/mnt/c/Users/drpat/OneDrive - UGent/Desktop/PD/Phospho-fill/Validation-allPDB/pdb_cache/6rsd.cif	PTR	PTR	OH	CZ	ok	1.552911426962635	124.73849960696977	-167.90949285794247	13.504364485723336	LYS:1032	LYS	NZ	3.000188645167923	2.0	2.0	LYS:1032	LYS	NZ	3.000188645167923	HOH:1414	O	6.7981560702975825	0.0	5.0	salt_bridge_like			intermediate	PTR:1035	PTR	14.367767722436184	0.0	0.0		modified	1.552911426962635	83.26924616687141	99.79027812974579	same	lateral	-167.90949285794247	13.504364485723336
P23458	6RSD	A	1035	PTR_only_multi_2	2	2	1.76	PTR	182		2	865-946,951-1154	865-946,951-1154	PTR,PTR	/mnt/c/Users/drpat/OneDrive - UGent/Desktop/PD/Phospho-fill/Validation-allPDB/pdb_cache/6rsd.cif	PTR	PTR	OH	CZ	ok	1.652753132482532	125.66336819240519	-1.8833003519965454	177.89452185186087	LYS:1026	LYS	NZ	3.1678284972783093	1.0	3.0	LYS:1026	LYS	NZ	3.1678284972783093	HOH:1342	O	3.1031021655217867	2.0	7.0	salt_bridge_like			exposed	PTR:1034	PTR	14.367767722436184	0.0	0.0		modified	1.652753132482532	81.52889590530597	82.82956783220494	opposite	lateral	-1.8833003519965454	177.89452185186087
P23458	6RSE	A	1034	PTR_only_multi_2	2	2	1.8	PTR	183		2	865-946,951-1154	865-946,951-1154	PTR,PTR	/mnt/c/Users/drpat/OneDrive - UGent/Desktop/PD/Phospho-fill/Validation-allPDB/pdb_cache/6rse.cif	PTR	PTR	OH	CZ	ok	1.5666858832692425	126.10086064336402	-131.34568355391795	44.273630412180765	LYS:1032	LYS	NZ	2.255253333508371	2.0	2.0	LYS:1032	LYS	NZ	2.255253333508371	HOH:1393	O	6.86980150553379	0.0	7.0	salt_bridge_like			intermediate	PTR:1035	PTR	13.939976602102403	0.0	0.0		modified	1.5666858832692425	66.40509079428959	131.79396328354667	same	lateral	-131.34568355391795	44.273630412180765
P23458	6RSE	A	1035	PTR_only_multi_2	2	2	1.8	PTR	183		2	865-946,951-1154	865-946,951-1154	PTR,PTR	/mnt/c/Users/drpat/OneDrive - UGent/Desktop/PD/Phospho-fill/Validation-allPDB/pdb_cache/6rse.cif	PTR	PTR	OH	CZ	ok	1.5962736932914168	127.79315498172906	0.20924922462727605	-179.67465185072288	LYS:1026	LYS	NZ	2.9722945808424193	1.0	2.0	LYS:1026	LYS	NZ	2.9722945808424193	HOH:1413	O	3.0024745279871934	2.0	8.0	salt_bridge_like			exposed	PTR:1034	PTR	13.939976602102403	0.0	0.0		modified	1.5962736932914168	85.19151571231143	50.8041687547077	same	lateral	0.20924922462727605	-179.67465185072288
P23458	6RSH	A	1034	PTR_only_multi_2	2	2	1.71	PTR	184		2	865-946,951-1154	865-946,951-1154	PTR,PTR	/mnt/c/Users/drpat/OneDrive - UGent/Desktop/PD/Phospho-fill/Validation-allPDB/pdb_cache/6rsh.cif	PTR	PTR	OH	CZ	ok	1.5380300346474998	126.43764581624018	-122.57539167132242	54.56840488975947	LYS:1032	LYS	NZ	2.629473337027157	1.0	2.0	LYS:1032	LYS	NZ	2.629473337027157	HOH:1364	O	7.181841833535665	0.0	6.0	salt_bridge_like			intermediate	PTR:1035	PTR	13.859282153374943	0.0	0.0		modified	1.5380300346474998	72.35137658872219	114.71987992350758	same	lateral	-122.57539167132242	54.56840488975947
P23458	6RSH	A	1035	PTR_only_multi_2	2	2	1.71	PTR	184		2	865-946,951-1154	865-946,951-1154	PTR,PTR	/mnt/c/Users/drpat/OneDrive - UGent/Desktop/PD/Phospho-fill/Validation-allPDB/pdb_cache/6rsh.cif	PTR	PTR	OH	CZ	ok	1.5850722060158224	125.059300435	4.215222801686179	-178.1518312975439	LYS:1026	LYS	NZ	3.579162546820372	1.0	2.0	LYS:1026	LYS	NZ	3.579162546820372	HOH:1382	O	4.732873538819234	0.0	6.0	none_obvious			intermediate	PTR:1034	PTR	13.859282153374943	0.0	0.0		modified	1.5850722060158224	88.85050962506902	79.71270689245334	same	lateral	4.215222801686179	-178.1518312975439
Q13627	6S11	A	321	PTR_single	1	1	2.445	PTR	301		2	134-408,412-480	134-408,412-480	PTR	/mnt/c/Users/drpat/OneDrive - UGent/Desktop/PD/Phospho-fill/Validation-allPDB/pdb_cache/6s11.cif	PTR	PTR	OH	CZ	ok	1.639251075047826	131.0389736818074	-14.559703893586077	165.4747342709249	LYS:393	LYS	NZ	2.9979528593850557	1.0	3.0	LYS:393	LYS	NZ	2.9979528593850557	HOH:635	O	2.5967838094221327	2.0	15.0	salt_bridge_like			exposed				0.0	0.0		modified	1.639251075047826	97.21977445166482	40.012103598970604	opposite	lateral	-14.559703893586077	165.4747342709249
Q13627	6S14	A	321	PTR_single	1	1	1.05	PTR	302		2	135-407,415-481	135-407,415-481	PTR	/mnt/c/Users/drpat/OneDrive - UGent/Desktop/PD/Phospho-fill/Validation-allPDB/pdb_cache/6s14.cif	PTR	PTR	OH	CZ	ok	1.628124291188389	128.48692687657712	23.62583150917325	-154.85262668393767	LYS:390	LYS	NZ	4.467085704884306	0.0	1.0	GLN:320	GLN	NE2	2.868179935650565	HOH:893	O	2.9960048433591813	1.0	6.0	hbond_like			intermediate				0.0	0.0		modified	1.628124291188389	52.66696793554785	61.066153141078246	same	toward	23.62583150917325	-154.85262668393767
Q13627	6S17	A	321	PTR_single	1	1	1.1	PTR	303		2	134-407,414-482	134-407,414-482	PTR	/mnt/c/Users/drpat/OneDrive - UGent/Desktop/PD/Phospho-fill/Validation-allPDB/pdb_cache/6s17.cif	PTR	PTR	OH	CZ	ok	1.608069192529485	128.97771542641513	50.15804264324718	-126.04371643225245	LYS:390	LYS	NZ	4.654367041019012	0.0	1.0	GLN:320	GLN	NE2	2.0339699292958593	HOH:603	O	2.0741945941020967	1.0	5.0	hbond_like			intermediate				0.0	0.0		modified	1.608069192529485	58.74535213999467	53.89383325250035	same	toward	50.15804264324718	-126.04371643225245
Q13627	6S1B	A	321	PTR_single	1	1	1.3	PTR	304		2	135-397,400-407,415-481	135-397,400-407,415-481	PTR	/mnt/c/Users/drpat/OneDrive - UGent/Desktop/PD/Phospho-fill/Validation-allPDB/pdb_cache/6s1b.cif	PTR	PTR	OH	CZ	ok	1.6061921372216528	125.02004443776168	69.85668794005855	-108.15355513139069	LYS:390	LYS	CE	5.304350382752622	0.0	1.0	GLN:320	GLN	NE2	3.4568236770989524	HOH:614	O	2.4584906471675634	2.0	4.0	hbond_like			exposed				0.0	0.0		modified	1.6061921372216528	59.090288804877474	71.12002743436695	same	toward	69.85668794005855	-108.15355513139069
Q13627	6S1H	A	321	PTR_single	1	1	1.05	PTR	305		2	135-407,414-480	135-407,414-480	PTR	/mnt/c/Users/drpat/OneDrive - UGent/Desktop/PD/Phospho-fill/Validation-allPDB/pdb_cache/6s1h.cif	PTR	PTR	OH	CZ	ok	1.6163204959305333	126.93753871012677	50.44920936262402	-127.58115833050915	LYS:390	LYS	NZ	4.8976007094838625	0.0	1.0	GLN:320	GLN	NE2	1.9648094033418584	HOH:608	O	2.159170872228669	3.0	5.0	hbond_like			exposed				0.0	0.0		modified	1.6163204959305333	63.16932003537513	39.289653773250265	same	lateral	50.44920936262402	-127.58115833050915
Q13627	6S1I	A	321	PTR_single	1	1	2.38	PTR	306		2	135-481	135-481	PTR	/mnt/c/Users/drpat/OneDrive - UGent/Desktop/PD/Phospho-fill/Validation-allPDB/pdb_cache/6s1i.cif	PTR	PTR	OH	CZ	ok	1.610301941809653	128.08848782188107	50.42502112410911	-126.95291752463389	ARG:325	ARG	NH1	2.7316407471254065	2.0	2.0	ARG:325	ARG	NH1	2.7316407471254065	HOH:737	O	2.9874912751294453	1.0	16.0	salt_bridge_like			intermediate				0.0	0.0		modified	1.610301941809653	32.16302349593014	25.227579417008386	same	toward	50.42502112410911	-126.95291752463389
Q13627	6S1J	A	321	PTR_single	1	1	1.408	PTR	307		2	134-407,414-480	134-407,414-480	PTR	/mnt/c/Users/drpat/OneDrive - UGent/Desktop/PD/Phospho-fill/Validation-allPDB/pdb_cache/6s1j.cif	PTR	PTR	OH	CZ	ok	1.5995569399621024	125.11553082589698	74.73388134393944	-103.54164950803892	LYS:390	LYS	CE	5.085696571296355	0.0	1.0	LYS:390	LYS	NZ	5.106109545870786	HOH:605	O	2.3266202155025684	1.0	1.0	water_mediated_like			intermediate				0.0	0.0		modified	1.5995569399621024	58.464788239703296	39.53161659759621	same	toward	74.73388134393944	-103.54164950803892
P23458	6SM8	A	1034	PTR_only_multi_2	2	2	1.85	PTR	185		2	854-913,917-946,949-1154	854-913,917-946,949-1154	PTR,PTR	/mnt/c/Users/drpat/OneDrive - UGent/Desktop/PD/Phospho-fill/Validation-allPDB/pdb_cache/6sm8.cif	PTR	PTR	OH	CZ	ok	1.5836187731429676	126.91899728456443	149.21805724434373	-27.834353752681775	LYS:1057	LYS	NZ	2.866996893537477	1.0	2.0	LYS:1057	LYS	NZ	2.866996893537477	HOH:1388	O	3.189458752026784	1.0	5.0	salt_bridge_like			intermediate	PTR:1035	PTR	14.70042946268522	0.0	0.0		modified	1.5836187731429676	70.20863160571328	104.0126432436931	same	lateral	149.21805724434373	-27.834353752681775
P23458	6SM8	A	1035	PTR_only_multi_2	2	2	1.85	PTR	185		2	854-913,917-946,949-1154	854-913,917-946,949-1154	PTR,PTR	/mnt/c/Users/drpat/OneDrive - UGent/Desktop/PD/Phospho-fill/Validation-allPDB/pdb_cache/6sm8.cif	PTR	PTR	OH	CZ	ok	1.5952923774585006	128.7496911993272	-2.877481811942143	176.5292301093108	LYS:1026	LYS	NZ	2.809837675843488	2.0	3.0	LYS:1026	LYS	NZ	2.809837675843488	HOH:1401	O	3.396756853993885	1.0	10.0	salt_bridge_like			intermediate	PTR:1034	PTR	14.70042946268522	0.0	0.0		modified	1.5952923774585006	74.61595851297729	61.20084145820762	opposite	lateral	-2.877481811942143	176.5292301093108
P23458	6SMB	A	1034	PTR_only_multi_2	2	2	2.04	PTR	186		2	863-913,915-946,949-1153	863-913,915-946,949-1153	PTR,PTR	/mnt/c/Users/drpat/OneDrive - UGent/Desktop/PD/Phospho-fill/Validation-allPDB/pdb_cache/6smb.cif	PTR	PTR	OH	CZ	ok	1.5849769497038044	124.57299625355772	-140.0415007135816	36.75529459351569	LYS:1057	LYS	NZ	3.7695427600741116	1.0	2.0	LYS:1057	LYS	NZ	3.7695427600741116				0.0	3.0	none_obvious			intermediate	PTR:1035	PTR	14.233720357809524	0.0	0.0		modified	1.5849769497038044	107.47849531968664		opposite	lateral	-140.0415007135816	36.75529459351569
P23458	6SMB	A	1035	PTR_only_multi_2	2	2	2.04	PTR	186		2	863-913,915-946,949-1153	863-913,915-946,949-1153	PTR,PTR	/mnt/c/Users/drpat/OneDrive - UGent/Desktop/PD/Phospho-fill/Validation-allPDB/pdb_cache/6smb.cif	PTR	PTR	OH	CZ	ok	1.5776149819862153	126.67132474234444	21.418526162196827	-155.77339735064504	LYS:1026	LYS	NZ	3.1575352396130727	1.0	2.0	LYS:1026	LYS	NZ	3.1575352396130727	HOH:1398	O	3.672693494860167	2.0	7.0	salt_bridge_like			exposed	PTR:1034	PTR	14.233720357809524	0.0	0.0		modified	1.5776149819862153	71.72869048953253	66.93613932813521	same	lateral	21.418526162196827	-155.77339735064504
P49841	6TCU	A	216	PTR_single	1	1	2.14	PTR	250		3	35-384	35-384	PTR	/mnt/c/Users/drpat/OneDrive - UGent/Desktop/PD/Phospho-fill/Validation-allPDB/pdb_cache/6tcu.cif	PTR	PTR	OH	CZ	ok	1.6052636192325715	127.2595826078702	86.52723549334365	-91.72064106056442	ARG:223	ARG	NH2	2.7931204316515728	2.0	2.0	ARG:223	ARG	NH2	2.7931204316515728	HOH:546	O	2.8090933466754073	1.0	17.0	salt_bridge_like			intermediate				0.0	0.0		modified	1.6052636192325715	60.38642545095389	26.578987623283993	same	lateral	86.52723549334365	-91.72064106056442
P23458	6TPF	A	1034	PTR_only_multi_2	2	2	2.31	PTR	187		2	864-912,915-1153	864-912,915-1153	PTR,PTR	/mnt/c/Users/drpat/OneDrive - UGent/Desktop/PD/Phospho-fill/Validation-allPDB/pdb_cache/6tpf.cif	PTR	PTR	OH	CZ	ok	1.5998182027725094	123.33354498548118	-109.13872806997203	70.39171673835482	LYS:1032	LYS	CE	3.3908359779285977	1.0	2.0	LYS:1057	LYS	NZ	4.169576852079572	HOH:1335	O	7.57967066324064	0.0	9.0	salt_bridge_like			intermediate	PTR:1035	PTR	13.7755618354656	0.0	0.0		modified	1.5998182027725094	50.50718933772923	95.75753152182781	same	toward	-109.13872806997203	70.39171673835482
P23458	6TPF	A	1035	PTR_only_multi_2	2	2	2.31	PTR	187		2	864-912,915-1153	864-912,915-1153	PTR,PTR	/mnt/c/Users/drpat/OneDrive - UGent/Desktop/PD/Phospho-fill/Validation-allPDB/pdb_cache/6tpf.cif	PTR	PTR	OH	CZ	ok	1.6121105079873526	126.44543349594548	-6.059827641852364	173.67191395563106	LYS:1026	LYS	NZ	3.4321688311116723	1.0	3.0	LYS:1026	LYS	NZ	3.4321688311116723	HOH:1347	O	3.6969916120934965	1.0	9.0	salt_bridge_like			intermediate	PTR:1034	PTR	13.7755618354656	0.0	0.0		modified	1.6121105079873526	83.81025564758129	71.80314318133351	opposite	lateral	-6.059827641852364	173.67191395563106
P54762	6UMW	A	647	PTR_single	1	1	1.982	PTR	268		2	611-763,786-889	611-763,786-889	PTR	/mnt/c/Users/drpat/OneDrive - UGent/Desktop/PD/Phospho-fill/Validation-allPDB/pdb_cache/6umw.cif	PTR	PTR	OH	CZ	ok	1.6197893233572105	121.00843776089837	-71.5098324787508	108.23387999599598	ARG:637	ARG	NH2	2.8633571543646057	2.0	2.0	ARG:637	ARG	NH2	2.8633571543646057	HOH:1009	O	4.112919202135275	0.0	9.0	salt_bridge_like			intermediate				0.0	0.0		modified	1.6197893233572105	76.2553602034997	31.749520594147512	opposite	lateral	-71.5098324787508	108.23387999599598
P49841	6V6L	A	216	PTR_single	1	1	2.19	PTR	251		3	37-91,96-384	37-91,96-384	PTR	/mnt/c/Users/drpat/OneDrive - UGent/Desktop/PD/Phospho-fill/Validation-allPDB/pdb_cache/6v6l.cif	PTR	PTR	OH	CZ	ok	1.5859852435741562	125.99471683435613	89.80326477857952	-86.69142189762192	ARG:220	ARG	NH2	2.7180858005171276	2.0	2.0	ARG:220	ARG	NH2	2.7180858005171276	HOH:648	O	2.70860326655922	4.0	17.0	salt_bridge_like			exposed				0.0	0.0		modified	1.5859852435741562	31.80959087614418	88.94614423694914	same	toward	89.80326477857952	-86.69142189762192
P21802	6V6Q	B	656	PTR_single	1	1	2.46	PTR	145		6	467-585,595-766	467-585,595-766	PTR	/mnt/c/Users/drpat/OneDrive - UGent/Desktop/PD/Phospho-fill/Validation-allPDB/pdb_cache/6v6q.cif	PTR	PTR	OH	CZ	ok	1.582213804518582	125.25125328564835	-0.9253207823308358	-179.6202589156528	ARG:649	ARG	NH2	2.643457081408517	3.0	4.0	ARG:649	ARG	NH2	2.643457081408517	HOH:1003	O	2.475756740952158	1.0	24.0	salt_bridge_like			buried				0.0	0.0		modified	1.582213804518582	70.39426094859682	65.14077033352862	opposite	lateral	-0.9253207823308358	-179.6202589156528
O60674	6VGL	B	1007	PTR_single	1	1	1.9	PTR	49		2	840-1132	840-1132	PTR	/mnt/c/Users/drpat/OneDrive - UGent/Desktop/PD/Phospho-fill/Validation-allPDB/pdb_cache/6vgl.cif	PTR	PTR	OH	CZ	ok	1.6174225347665774	124.66556215431778	-66.27756233994693	111.61084168146266	LYS:1009	LYS	NZ	3.0998386180217086	2.0	3.0	LYS:1009	LYS	NZ	3.0998386180217086	HOH:1319	O	2.577305262967339	1.0	9.0	salt_bridge_like			intermediate				0.0	0.0		modified	1.6174225347665774	67.93072098226575	52.91225526116471	same	lateral	-66.27756233994693	111.61084168146266
P07949	6VHG	A	905	PTR_only_multi_2	2	2	2.303	PTR	135		5	707-820,844-1012	707-820,844-1012	PTR,PTR	/mnt/c/Users/drpat/OneDrive - UGent/Desktop/PD/Phospho-fill/Validation-allPDB/pdb_cache/6vhg.cif	PTR	PTR	OH	CZ	ok	1.5839119983192593	129.35508910720924	-152.26878381010692	23.430497879752753					0.0	0.0								0.0	3.0	none_obvious			intermediate	PTR:928	PTR	15.576103169514404	0.0	0.0		modified	1.5839119983192593					-152.26878381010692	23.430497879752753
P07949	6VHG	A	928	PTR_only_multi_2	2	2	2.303	PTR	135		5	707-820,844-1012	707-820,844-1012	PTR,PTR	/mnt/c/Users/drpat/OneDrive - UGent/Desktop/PD/Phospho-fill/Validation-allPDB/pdb_cache/6vhg.cif	PTR	PTR	OH	CZ	ok	1.6333147342112002	129.33032396612808	179.40357480537773	-0.29440452730222655	HIS:926	HIS	ND1	2.779835838409596	2.0	3.0	HIS:926	HIS	ND1	2.779835838409596	HOH:1221	O	2.60898599986551	3.0	30.0	salt_bridge_like			exposed	PTR:905	PTR	15.576103169514404	0.0	0.0		modified	1.6333147342112002	37.68474910740314	69.05536019510046	same	toward	179.40357480537773	-0.29440452730222655
O60674	6VN8	B	1007	PTR_single	1	1	1.9	PTR	50		2	840-1132	843-1131	PTR	/mnt/c/Users/drpat/OneDrive - UGent/Desktop/PD/Phospho-fill/Validation-allPDB/pdb_cache/6vn8.cif	PTR	PTR	OH	CZ	ok	1.609619024135301	122.77372215438194	-60.63992371598075	122.64867963205234	LYS:1030	LYS	NZ	2.847699869640645	2.0	3.0	LYS:1030	LYS	NZ	2.847699869640645	HOH:1401	O	4.950512716990018	0.0	7.0	salt_bridge_like			intermediate				0.0	0.0		modified	1.609619024135301	59.206317868193935	99.72655138053999	same	toward	-60.63992371598075	122.64867963205234
O60674	6VNB	B	1007	PTR_single	1	1	2.19	PTR	51		2	840-1132	843-1131	PTR	/mnt/c/Users/drpat/OneDrive - UGent/Desktop/PD/Phospho-fill/Validation-allPDB/pdb_cache/6vnb.cif	PTR	PTR	OH	CZ	ok	1.6056942667183631	124.59390755166463	-81.5943621004628	96.09631981779064	LYS:1030	LYS	NZ	2.8887948995966917	1.0	3.0	LYS:1030	LYS	NZ	2.8887948995966917	HOH:1359	O	5.892423974567694	0.0	8.0	salt_bridge_like			intermediate				0.0	0.0		modified	1.6056942667183631	63.160001017503006	118.23523692147411	same	lateral	-81.5943621004628	96.09631981779064
O60674	6VNC	B	1007	PTR_single	1	1	2.3	PTR	52		2	840-1131	843-1131	PTR	/mnt/c/Users/drpat/OneDrive - UGent/Desktop/PD/Phospho-fill/Validation-allPDB/pdb_cache/6vnc.cif	PTR	PTR	OH	CZ	ok	1.6664245298558302	120.9241426286223	-103.77893541960422	74.92635849713481	LYS:1030	LYS	NZ	3.329722272653558	2.0	3.0	LYS:1030	LYS	NZ	3.329722272653558	HOH:1311	O	2.653229790840948	1.0	9.0	salt_bridge_like			intermediate				0.0	0.0		modified	1.6664245298558302	72.85607142738411	63.12681567841266	same	lateral	-103.77893541960422	74.92635849713481
O60674	6VNE	B	1007	PTR_single	1	1	2.32	PTR	53		2	840-1131	843-1131	PTR	/mnt/c/Users/drpat/OneDrive - UGent/Desktop/PD/Phospho-fill/Validation-allPDB/pdb_cache/6vne.cif	PTR	PTR	OH	CZ	ok	1.5943459661767554	121.7004129848205	-110.50128083105736	64.83302435184156	LYS:1005	LYS	NZ	3.673976238388032	1.0	3.0	LYS:1005	LYS	NZ	3.673976238388032				0.0	11.0	none_obvious			intermediate				0.0	0.0		modified	1.5943459661767554	112.02446587949747		opposite	lateral	-110.50128083105736	64.83302435184156
O60674	6VNF	B	1007	PTR_single	1	1	2.06	PTR	54		2	840-1132	841-1131	PTR	/mnt/c/Users/drpat/OneDrive - UGent/Desktop/PD/Phospho-fill/Validation-allPDB/pdb_cache/6vnf.cif	PTR	PTR	OH	CZ	ok	1.6056802938989723	125.0207420162234	-83.81189973449948	95.59685630341635	LYS:1030	LYS	NZ	2.977112726295235	2.0	3.0	LYS:1030	LYS	NZ	2.977112726295235	HOH:1357	O	6.119952306959308	0.0	9.0	salt_bridge_like			intermediate				0.0	0.0		modified	1.6056802938989723	63.37618006746219	122.65978069921134	same	lateral	-83.81189973449948	95.59685630341635
O60674	6VNG	B	1007	PTR_single	1	1	2.5	PTR	55		2	841-1132	843-1131	PTR	/mnt/c/Users/drpat/OneDrive - UGent/Desktop/PD/Phospho-fill/Validation-allPDB/pdb_cache/6vng.cif	PTR	PTR	OH	CZ	ok	1.6070204441843279	122.31565685653867	-104.9426268006488	78.39703666593266	LYS:1030	LYS	NZ	2.8935211166042483	2.0	3.0	LYS:1030	LYS	NZ	2.8935211166042483	HOH:1308	O	2.461635539604321	1.0	9.0	salt_bridge_like			intermediate				0.0	0.0		modified	1.6070204441843279	67.12292612543754	83.66366252807609	same	lateral	-104.9426268006488	78.39703666593266
O60674	6VNH	B	1007	PTR_single	1	1	2.4	PTR	56		2	840-1132	843-1131	PTR	/mnt/c/Users/drpat/OneDrive - UGent/Desktop/PD/Phospho-fill/Validation-allPDB/pdb_cache/6vnh.cif	PTR	PTR	OH	CZ	ok	1.6086137005227048	120.90405277642076	-128.65730919655982	50.44272513242615	LYS:1030	LYS	NZ	3.4928315807267003	2.0	3.0	LYS:1030	LYS	NZ	3.4928315807267003	HOH:1319	O	3.0014174122884563	1.0	9.0	salt_bridge_like			intermediate				0.0	0.0		modified	1.6086137005227048	74.23934323018831	81.12403297589992	same	lateral	-128.65730919655982	50.44272513242615
O60674	6VNI	B	1007	PTR_single	1	1	2.1	PTR	57		2	842-1132	843-1131	PTR	/mnt/c/Users/drpat/OneDrive - UGent/Desktop/PD/Phospho-fill/Validation-allPDB/pdb_cache/6vni.cif	PTR	PTR	OH	CZ	ok	1.6069009784408432	122.34002245546081	-74.45432589622344	104.76942404278435	LYS:1005	LYS	NZ	3.6433391633131333	2.0	3.0	LYS:1005	LYS	NZ	3.6433391633131333	HOH:1332	O	3.4345675655770354	1.0	9.0	water_mediated_like			intermediate				0.0	0.0		modified	1.6069009784408432	92.56792831751198	111.46239448986644	opposite	lateral	-74.45432589622344	104.76942404278435
O60674	6VNJ	B	1007	PTR_single	1	1	1.9	PTR	58		2	840-1132	842-1131	PTR	/mnt/c/Users/drpat/OneDrive - UGent/Desktop/PD/Phospho-fill/Validation-allPDB/pdb_cache/6vnj.cif	PTR	PTR	OH	CZ	ok	1.6091761954396007	125.78705246970036	-82.23921320662586	97.42107878236763	LYS:1030	LYS	NZ	2.8588344950903823	2.0	3.0	LYS:1030	LYS	NZ	2.8588344950903823	HOH:1403	O	5.584405186661404	0.0	8.0	salt_bridge_like			intermediate				0.0	0.0		modified	1.6091761954396007	62.51762820346966	114.64475491662928	same	lateral	-82.23921320662586	97.42107878236763
O60674	6VNK	B	1007	PTR_single	1	1	2.0	PTR	59		2	840-919,921-1132	840-919,921-1132	PTR	/mnt/c/Users/drpat/OneDrive - UGent/Desktop/PD/Phospho-fill/Validation-allPDB/pdb_cache/6vnk.cif	PTR	PTR	OH	CZ	ok	1.620428008684014	123.22663983455186	-99.42395825071699	81.8372404373568	LYS:1030	LYS	NZ	2.8787727161180583	1.0	3.0	LYS:1030	LYS	NZ	2.8787727161180583	HOH:1312	O	2.8891908454671924	1.0	8.0	salt_bridge_like			intermediate				0.0	0.0		modified	1.620428008684014	70.3052853056826	35.38349162544989	same	lateral	-99.42395825071699	81.8372404373568
O60674	6VNL	B	1007	PTR_single	1	1	2.4	PTR	60		2	840-1132	840-1132	PTR	/mnt/c/Users/drpat/OneDrive - UGent/Desktop/PD/Phospho-fill/Validation-allPDB/pdb_cache/6vnl.cif	PTR	PTR	OH	CZ	ok	1.613566367068046	118.43760932845049	-69.97663965602018	109.6466075843208	LYS:1030	LYS	NZ	1.2979959334471451	1.0	3.0	LYS:1030	LYS	NZ	1.2979959334471451				0.0	8.0	salt_bridge_like			intermediate				0.0	0.0		modified	1.613566367068046	53.72392333229885		same	toward	-69.97663965602018	109.6466075843208
O60674	6VNM	B	1007	PTR_single	1	1	2.2	PTR	61		2	840-1132	843-1131	PTR	/mnt/c/Users/drpat/OneDrive - UGent/Desktop/PD/Phospho-fill/Validation-allPDB/pdb_cache/6vnm.cif	PTR	PTR	OH	CZ	ok	1.612734956977565	121.65153639442583	-154.9082017454906	24.316758367357544	LYS:1009	LYS	CE	3.7252250596351173	1.0	3.0	LYS:1009	LYS	NZ	4.242415666686583	HOH:1319	O	3.075487362584078	1.0	10.0	water_mediated_like			intermediate				0.0	0.0		modified	1.612734956977565	43.35284641538679	91.4434073945776	same	toward	-154.9082017454906	24.316758367357544
P29597	6VNS	A	1054	PTR_single	1	1	2.09	PTR	208		2	889-1178	889-1178	PTR	/mnt/c/Users/drpat/OneDrive - UGent/Desktop/PD/Phospho-fill/Validation-allPDB/pdb_cache/6vns.cif	PTR	PTR	OH	CZ	ok	1.5762376704767749	114.6788193717915	-109.60839434081662	69.33554132339052	HIS:1052	HIS	ND1	2.771826552818851	2.0	3.0	HIS:1052	HIS	ND1	2.771826552818851	HOH:4223	O	3.5131482376291094	1.0	13.0	salt_bridge_like			intermediate				0.0	0.0		modified	1.5762376704767749	37.143787770950055	77.5763420494419	same	toward	-109.60839434081662	69.33554132339052
P29597	6VNV	A	1054	PTR_single	1	1	2.15	PTR	209		2	889-919,925-934,938-966,974-1178	889-919,925-934,938-966,974-1178	PTR	/mnt/c/Users/drpat/OneDrive - UGent/Desktop/PD/Phospho-fill/Validation-allPDB/pdb_cache/6vnv.cif	PTR	PTR	OH	CZ	ok	1.6151592395171455	117.19413920043648	-117.09034171083806	63.08323174073932	HIS:1052	HIS	ND1	2.7681674228468314	2.0	3.0	HIS:1052	HIS	ND1	2.7681674228468314	HOH:4140	O	2.7234319299266647	1.0	13.0	salt_bridge_like			intermediate				0.0	0.0		modified	1.6151592395171455	36.31612801691123	58.15810898325849	same	toward	-117.09034171083806	63.08323174073932
P29597	6VNX	A	1054	PTR_single	1	1	2.18	PTR	210		2	889-1178	889-1178	PTR	/mnt/c/Users/drpat/OneDrive - UGent/Desktop/PD/Phospho-fill/Validation-allPDB/pdb_cache/6vnx.cif	PTR	PTR	OH	CZ	ok	1.566854211715817	114.67488115722031	-94.73234255234502	83.47925555160636	HIS:1052	HIS	ND1	2.812124843416687	2.0	2.0	HIS:1052	HIS	ND1	2.812124843416687	HOH:4127	O	2.736201634550141	1.0	12.0	salt_bridge_like			intermediate				0.0	0.0		modified	1.566854211715817	33.027059937967984	67.8577722973919	same	toward	-94.73234255234502	83.47925555160636
P29597	6VNY	A	1054	PTR_single	1	1	2.3	PTR	211		2	889-1056,1060-1178	889-1056,1060-1178	PTR	/mnt/c/Users/drpat/OneDrive - UGent/Desktop/PD/Phospho-fill/Validation-allPDB/pdb_cache/6vny.cif	PTR	PTR	OH	CZ	ok	1.598879998224902	115.6418233542679	-104.4793037608126	74.6857157336625	ARG:1056	ARG	NH1	2.771777406865762	2.0	3.0	ARG:1056	ARG	NH1	2.771777406865762	HOH:4168	O	3.3943040580539043	1.0	13.0	salt_bridge_like			intermediate				0.0	0.0		modified	1.598879998224902	68.09273267232133	72.80698023945612	same	lateral	-104.4793037608126	74.6857157336625
O60674	6VS3	B	1007	PTR_single	1	1	2.0	PTR	62		2	840-1132	840-1132	PTR	/mnt/c/Users/drpat/OneDrive - UGent/Desktop/PD/Phospho-fill/Validation-allPDB/pdb_cache/6vs3.cif	PTR	PTR	OH	CZ	ok	1.6136544404128637	125.14321947176371	-69.44717960426856	106.41016563475496	LYS:1030	LYS	NZ	2.958231341758032	2.0	3.0	LYS:1030	LYS	NZ	2.958231341758032	HOH:1439	O	6.537117333060593	0.0	7.0	salt_bridge_like			intermediate				0.0	0.0		modified	1.6136544404128637	62.06405503148603	154.23840697899794	same	lateral	-69.44717960426856	106.41016563475496
O60674	6VSN	B	1007	PTR_single	1	1	2.5	PTR	63		2	842-1132	842-1132	PTR	/mnt/c/Users/drpat/OneDrive - UGent/Desktop/PD/Phospho-fill/Validation-allPDB/pdb_cache/6vsn.cif	PTR	PTR	OH	CZ	ok	1.601991647346125	121.9017381796622	-91.69212267366964	87.61127697313083	LYS:1009	LYS	NZ	2.8042234719131547	2.0	3.0	LYS:1009	LYS	NZ	2.8042234719131547				0.0	9.0	salt_bridge_like			intermediate				0.0	0.0		modified	1.601991647346125	52.33236354284626		same	toward	-91.69212267366964	87.61127697313083
P23458	6W8L	A	1034	PTR_only_multi_2	2	2	2.11	PTR	188		2	867-911,917-946,950-1154	867-911,917-946,950-1154	PTR,PTR	/mnt/c/Users/drpat/OneDrive - UGent/Desktop/PD/Phospho-fill/Validation-allPDB/pdb_cache/6w8l.cif	PTR	PTR	OH	CZ	ok	1.5839421899341948	129.58058326380254	-108.07642614044931	62.04360104813339	LYS:1032	LYS	NZ	3.1610243910319986	1.0	2.0	LYS:1032	LYS	NZ	3.1610243910319986	HOH:1324	O	6.867323566638154	0.0	7.0	salt_bridge_like			intermediate	PTR:1035	PTR	13.710908710100599	0.0	0.0		modified	1.5839421899341948	44.92709958993887	104.59851487190394	same	toward	-108.07642614044931	62.04360104813339
P23458	6W8L	A	1035	PTR_only_multi_2	2	2	2.11	PTR	188		2	867-911,917-946,950-1154	867-911,917-946,950-1154	PTR,PTR	/mnt/c/Users/drpat/OneDrive - UGent/Desktop/PD/Phospho-fill/Validation-allPDB/pdb_cache/6w8l.cif	PTR	PTR	OH	CZ	ok	1.5913459060514392	125.54144543261555	-2.835494671185016	175.9726107075234	LYS:1038	LYS	NZ	2.80939595762581	1.0	3.0	LYS:1038	LYS	NZ	2.80939595762581	HOH:1324	O	4.845416206457299	0.0	10.0	salt_bridge_like			intermediate	PTR:1034	PTR	13.710908710100599	0.0	0.0		modified	1.5913459060514392	87.4530207521513	96.47874476518386	same	lateral	-2.835494671185016	175.9726107075234
O60674	6WTN	A	1007	PTR_only_multi_2	2	2	1.83	PTR	64		2	843-919,922-1010,1015-1132	843-919,922-1010,1015-1132	PTR,PTR	/mnt/c/Users/drpat/OneDrive - UGent/Desktop/PD/Phospho-fill/Validation-allPDB/pdb_cache/6wtn.cif	PTR	PTR	OH	CZ	ok	1.5987229731067694	125.26108387141478	67.21065489208513	-110.27793811338775	LYS:1005	LYS	NZ	3.6205453039721895	1.0	3.0	LYS:1005	LYS	NZ	3.6205453039721895	HOH:1323	O	6.702254501803222	0.0	7.0	none_obvious			intermediate	PTR:1008	PTR	14.514564159958363	0.0	0.0		modified	1.5987229731067694	96.56804867965121	143.53942504375067	opposite	lateral	67.21065489208513	-110.27793811338775
O60674	6WTN	A	1008	PTR_only_multi_2	2	2	1.83	PTR	64		2	843-919,922-1010,1015-1132	843-919,922-1010,1015-1132	PTR,PTR	/mnt/c/Users/drpat/OneDrive - UGent/Desktop/PD/Phospho-fill/Validation-allPDB/pdb_cache/6wtn.cif	PTR	PTR	OH	CZ	ok	1.6075204114160997	125.97915993589194	-53.67176738599851	124.1588978952019	ARG:897	ARG	NH2	3.060728857743738	2.0	3.0	ARG:897	ARG	NH2	3.060728857743738	HOH:1375	O	3.494921246352464	1.0	13.0	salt_bridge_like			intermediate	PTR:1007	PTR	14.514564159958363	0.0	0.0		modified	1.6075204114160997	19.93203857847913	76.86432648513576	same	toward	-53.67176738599851	124.1588978952019
O60674	6WTO	A	1007	PTR_only_multi_2	2	2	1.74	PTR	65		2	843-871,875-918,925-1011,1016-1132	843-871,875-918,925-1011,1016-1132	PTR,PTR	/mnt/c/Users/drpat/OneDrive - UGent/Desktop/PD/Phospho-fill/Validation-allPDB/pdb_cache/6wto.cif	PTR	PTR	OH	CZ	ok	1.6025831033783289	123.77613677567925	-92.11334219499614	86.07512594809154	LYS:1030	LYS	NZ	2.9607765217831457	2.0	2.0	LYS:1030	LYS	NZ	2.9607765217831457	HOH:1302	O	6.462896843296205	0.0	7.0	salt_bridge_like			intermediate	PTR:1008	PTR	14.443744623366118	0.0	0.0		modified	1.6025831033783289	44.63617039476937	60.180676238612435	same	toward	-92.11334219499614	86.07512594809154
O60674	6WTO	A	1008	PTR_only_multi_2	2	2	1.74	PTR	65		2	843-871,875-918,925-1011,1016-1132	843-871,875-918,925-1011,1016-1132	PTR,PTR	/mnt/c/Users/drpat/OneDrive - UGent/Desktop/PD/Phospho-fill/Validation-allPDB/pdb_cache/6wto.cif	PTR	PTR	OH	CZ	ok	1.6108768057297502	124.56801917599743	-111.01060480788291	66.82020007142677	LYS:999	LYS	NZ	3.032170841606342	2.0	2.0	LYS:999	LYS	NZ	3.032170841606342	HOH:1310	O	2.490643461213191	1.0	10.0	salt_bridge_like			intermediate	PTR:1007	PTR	14.443744623366118	0.0	0.0		modified	1.6108768057297502	59.71704335042649	44.222440675038875	same	toward	-111.01060480788291	66.82020007142677
O60674	6WTP	A	1007	PTR_only_multi_2	2	2	2.5	PTR	66		2	844-846,849-917,924-1004,1006-1010,1016-1132	844-846,849-917,924-1004,1006-1010,1016-1132	PTR,PTR	/mnt/c/Users/drpat/OneDrive - UGent/Desktop/PD/Phospho-fill/Validation-allPDB/pdb_cache/6wtp.cif	PTR	PTR	OH	CZ	ok	1.6055301063778926	119.41250557127343	60.6612476352875	-119.43662791807743					0.0	0.0	GLU:1028	GLU	OE2	5.3833518623189915				0.0	0.0	none_obvious			intermediate	PTR:1008	PTR	13.43790928305508	0.0	0.0		modified	1.6055301063778926					60.6612476352875	-119.43662791807743
O60674	6WTP	A	1008	PTR_only_multi_2	2	2	2.5	PTR	66		2	844-846,849-917,924-1004,1006-1010,1016-1132	844-846,849-917,924-1004,1006-1010,1016-1132	PTR,PTR	/mnt/c/Users/drpat/OneDrive - UGent/Desktop/PD/Phospho-fill/Validation-allPDB/pdb_cache/6wtp.cif	PTR	PTR	OH	CZ	ok	1.610911414316148	120.20512021824233	-40.41373213923695	139.62031459743667	LYS:999	LYS	NZ	2.8773316467159873	1.0	1.0	LYS:999	LYS	NZ	2.8773316467159873	HOH:1313	O	6.258952210210214	0.0	5.0	salt_bridge_like			intermediate	PTR:1007	PTR	13.43790928305508	0.0	0.0		modified	1.610911414316148	43.75796448626727	56.145495645790014	same	toward	-40.41373213923695	139.62031459743667
O60674	6WTQ	A	1007	PTR_only_multi_2	2	2	1.79968475557	PTR	67		2	849-856,862-871,877-918,925-1011,1016-1069,1071-1132	849-856,862-871,877-918,925-1011,1016-1069,1071-1132	PTR,PTR	/mnt/c/Users/drpat/OneDrive - UGent/Desktop/PD/Phospho-fill/Validation-allPDB/pdb_cache/6wtq.cif	PTR	PTR	OH	CZ	ok	1.5982760636688509	122.16165238286841	148.01434193407582	-30.643027126924206	LYS:1009	LYS	CE	5.859772235583463	0.0	1.0	GLU:1028	GLU	OE1	5.414618449878677	HOH:1345	O	7.5520928384341035	0.0	0.0	none_obvious			intermediate	PTR:1008	PTR	14.326340406020083	0.0	0.0		modified	1.5982760636688509	105.29630495184232	163.9414495727732	same	lateral	148.01434193407582	-30.643027126924206
O60674	6WTQ	A	1008	PTR_only_multi_2	2	2	1.79968475557	PTR	67		2	849-856,862-871,877-918,925-1011,1016-1069,1071-1132	849-856,862-871,877-918,925-1011,1016-1069,1071-1132	PTR,PTR	/mnt/c/Users/drpat/OneDrive - UGent/Desktop/PD/Phospho-fill/Validation-allPDB/pdb_cache/6wtq.cif	PTR	PTR	OH	CZ	ok	1.6091652984423073	124.69295762399403	-32.84662114242147	146.00179074920334	LYS:999	LYS	NZ	2.6888136059931664	2.0	2.0	LYS:999	LYS	NZ	2.6888136059931664	HOH:1345	O	6.391104863293786	0.0	8.0	salt_bridge_like			intermediate	PTR:1007	PTR	14.326340406020083	0.0	0.0		modified	1.6091652984423073	45.631329062960056	128.46480098420662	same	toward	-32.84662114242147	146.00179074920334
O60674	6X8E	B	1007	PTR_only_multi_2	2	2	1.75	PTR	68		2	843-919,924-1010,1016-1132	843-919,924-1010,1016-1132	PTR,PTR	/mnt/c/Users/drpat/OneDrive - UGent/Desktop/PD/Phospho-fill/Validation-allPDB/pdb_cache/6x8e.cif	PTR	PTR	OH	CZ	ok	1.5295808126674506	116.80328563249678	70.19574907441309	-105.98676745725695	LYS:1030	LYS	NZ	2.7919155908905067	2.0	2.0	LYS:1030	LYS	NZ	2.7919155908905067	HOH:4305	O	4.710065793001202	0.0	8.0	salt_bridge_like			intermediate	PTR:1008	PTR	14.891242696129371	0.0	0.0		modified	1.5295808126674506	62.040775669372394	138.75596197506238	same	lateral	70.19574907441309	-105.98676745725695
O60674	6X8E	B	1008	PTR_only_multi_2	2	2	1.75	PTR	68		2	843-919,924-1010,1016-1132	843-919,924-1010,1016-1132	PTR,PTR	/mnt/c/Users/drpat/OneDrive - UGent/Desktop/PD/Phospho-fill/Validation-allPDB/pdb_cache/6x8e.cif	PTR	PTR	OH	CZ	ok	1.5597013740193584	121.98341062988803	-154.88950279442798	21.768492621798103	ARG:897	ARG	NH1	2.7417425864352225	2.0	2.0	ARG:897	ARG	NH1	2.7417425864352225	HOH:4113	O	2.6511295087514335	4.0	12.0	salt_bridge_like			exposed	PTR:1007	PTR	14.891242696129371	0.0	0.0		modified	1.5597013740193584	60.63117331713395	47.42734535092212	opposite	lateral	-154.88950279442798	21.768492621798103
P29597	6X8F	A	1054	PTR_single	1	1	2.15	PTR	212		2	889-966,974-1178	889-966,974-1178	PTR	/mnt/c/Users/drpat/OneDrive - UGent/Desktop/PD/Phospho-fill/Validation-allPDB/pdb_cache/6x8f.cif	PTR	PTR	OH	CZ	ok	1.565344083234117	112.36923341070576	-91.08526999917635	87.76059008259492	HIS:1052	HIS	ND1	2.906417199100042	2.0	3.0	HIS:1052	HIS	ND1	2.906417199100042	HOH:4178	O	3.2372968340733896	1.0	16.0	salt_bridge_like			intermediate				0.0	0.0		modified	1.565344083234117	27.614550753672663	63.14456858541031	same	toward	-91.08526999917635	87.76059008259492
P29597	6X8G	A	1054	PTR_single	1	1	2.21	PTR	213		2	889-920,925-933,936-1057,1060-1178	889-920,925-933,936-1057,1060-1178	PTR	/mnt/c/Users/drpat/OneDrive - UGent/Desktop/PD/Phospho-fill/Validation-allPDB/pdb_cache/6x8g.cif	PTR	PTR	OH	CZ	ok	1.5846372460093407	113.93467565558862	-89.96960434043075	89.93994563892541	ARG:1056	ARG	NH2	2.7908684078538273	2.0	3.0	ARG:1056	ARG	NH2	2.7908684078538273	HOH:4195	O	3.132695142348093	2.0	15.0	salt_bridge_like			exposed				0.0	0.0		modified	1.5846372460093407	64.8774943594771	72.58823662233642	same	lateral	-89.96960434043075	89.93994563892541
P49841	6Y9R	A	216	PTR_single	1	1	2.08	PTR	252		3	35-384	35-384	PTR	/mnt/c/Users/drpat/OneDrive - UGent/Desktop/PD/Phospho-fill/Validation-allPDB/pdb_cache/6y9r.cif	PTR	PTR	OH	CZ	ok	1.6197996764481257	126.38880616930483	94.2348706815203	-85.29408460017102	ARG:223	ARG	NH1	2.6946837559057273	2.0	2.0	ARG:223	ARG	NH1	2.6946837559057273	HOH:524	O	2.677899320984675	2.0	16.0	salt_bridge_like			exposed				0.0	0.0		modified	1.6197996764481257	63.44605446909093	74.70633220045859	same	lateral	94.2348706815203	-85.29408460017102
P49841	6Y9S	A	216	PTR_single	1	1	2.03	PTR	253		3	35-287,293-383	35-287,293-383	PTR	/mnt/c/Users/drpat/OneDrive - UGent/Desktop/PD/Phospho-fill/Validation-allPDB/pdb_cache/6y9s.cif	PTR	PTR	OH	CZ	ok	1.607674706920728	128.27300597383115	97.59101223850402	-79.90347055237929	ARG:220	ARG	NH2	2.7999790926971575	2.0	2.0	ARG:220	ARG	NH2	2.7999790926971575	HOH:562	O	2.726134982150459	3.0	16.0	salt_bridge_like			exposed				0.0	0.0		modified	1.607674706920728	43.055498436578866	27.733323604312073	same	toward	97.59101223850402	-79.90347055237929
Q16539	6ZQS	A	182	PTR_mixed_with_TPO	1	2	1.95	PTR	343		2	4-353	4-353	PTR	/mnt/c/Users/drpat/OneDrive - UGent/Desktop/PD/Phospho-fill/Validation-allPDB/pdb_cache/6zqs.cif	PTR	PTR	OH	CZ	ok	1.6125989688628681	129.10101692256015	-112.71822055683147	63.84379515976077	ARG:189	ARG	NH2	2.851874646329602	3.0	3.0	ARG:189	ARG	NH2	2.851874646329602	HOH:533	O	2.584939683674465	5.0	16.0	salt_bridge_like			exposed	TPO:180	TPO	14.993531244141597	0.0	0.0		modified	1.6125989688628681	65.11707600705506	20.416172254936924	same	lateral	-112.71822055683147	63.84379515976077
Q13627	7A4O	A	321	PTR_single	1	1	1.9	PTR	308		2	136-408,414-481	136-408,414-481	PTR	/mnt/c/Users/drpat/OneDrive - UGent/Desktop/PD/Phospho-fill/Validation-allPDB/pdb_cache/7a4o.cif	PTR	PTR	OH	CZ	ok	1.5871903627429667	126.97676602507484	-87.20693480758807	90.36719301604062	ARG:328	ARG	NH2	2.813065345928535	2.0	2.0	ARG:328	ARG	NH2	2.813065345928535	HOH:607	O	2.4780385967214884	2.0	16.0	salt_bridge_like			exposed				0.0	0.0		modified	1.5871903627429667	58.350831006777355	68.07692846784354	same	toward	-87.20693480758807	90.36719301604062
Q13627	7A4R	A	321	PTR_single	1	1	1.8	PTR	309		2	148-410,414-479	148-410,414-479	PTR	/mnt/c/Users/drpat/OneDrive - UGent/Desktop/PD/Phospho-fill/Validation-allPDB/pdb_cache/7a4r.cif	PTR	PTR	OH	CZ	ok	1.6006979526326288	126.75708437981268	42.29626184420042	-136.36731942470857	LYS:390	LYS	NZ	2.9153450427666456	2.0	2.0	GLN:320	GLN	NE2	2.753560190525251	HOH:661	O	2.6367306363622114	2.0	9.0	salt_bridge_like			exposed	SEP:145	SEP	24.91480808837555	0.0	0.0		modified	1.6006979526326288	42.15193419228973	26.554397825931336	same	toward	42.29626184420042	-136.36731942470857
Q13627	7A4Z	A	321	PTR_single	1	1	1.9	PTR	310		2	148-410,415-481	148-410,415-481	PTR	/mnt/c/Users/drpat/OneDrive - UGent/Desktop/PD/Phospho-fill/Validation-allPDB/pdb_cache/7a4z.cif	PTR	PTR	OH	CZ	ok	1.5199353000702358	130.10533653228325	-115.84600904441221	51.586855942456445	ARG:328	ARG	NH2	2.745939483889769	2.0	2.0	ARG:328	ARG	NH2	2.745939483889769	HOH:723	O	2.850992171435359	4.0	17.0	salt_bridge_like			exposed				0.0	0.0		modified	1.5199353000702358	65.67903810364665	29.9340975959441	same	lateral	-115.84600904441221	51.586855942456445
Q13627	7A51	A	321	PTR_single	1	1	1.9	PTR	311		2	148-410,415-481	148-410,415-481	PTR	/mnt/c/Users/drpat/OneDrive - UGent/Desktop/PD/Phospho-fill/Validation-allPDB/pdb_cache/7a51.cif	PTR	PTR	OH	CZ	ok	1.5276905960640625	128.17475542738393	-111.8994666849601	52.783338565848034	ARG:328	ARG	NH2	2.7392063430509634	2.0	2.0	ARG:328	ARG	NH2	2.7392063430509634	HOH:726	O	2.8228926975861417	4.0	17.0	salt_bridge_like			exposed				0.0	0.0		modified	1.5276905960640625	64.44057647747007	76.63740754409127	same	lateral	-111.8994666849601	52.783338565848034
Q13627	7A52	A	321	PTR_single	1	1	2.1	PTR	312		2	148-410,414-479	148-410,414-479	PTR	/mnt/c/Users/drpat/OneDrive - UGent/Desktop/PD/Phospho-fill/Validation-allPDB/pdb_cache/7a52.cif	PTR	PTR	OH	CZ	ok	1.6074048318561889	128.98615174713908	51.60381075533047	-126.8920791461254	LYS:390	LYS	NZ	2.7092620580327567	2.0	2.0	LYS:390	LYS	NZ	2.7092620580327567	HOH:608	O	4.081418925160612	0.0	9.0	salt_bridge_like			intermediate	SEP:145	SEP	24.99452588442375	0.0	0.0		modified	1.6074048318561889	42.12074957894407	63.459079908686284	same	toward	51.60381075533047	-126.8920791461254
Q13627	7A53	A	321	PTR_single	1	1	2.2	PTR	313		2	148-408,414-481	148-408,414-481	PTR	/mnt/c/Users/drpat/OneDrive - UGent/Desktop/PD/Phospho-fill/Validation-allPDB/pdb_cache/7a53.cif	PTR	PTR	OH	CZ	ok	1.5993096118997403	131.4021285111203	-138.9523454156047	36.707320619678036	ARG:325	ARG	NE	2.8220172655645386	2.0	2.0	ARG:325	ARG	NE	2.8220172655645386	HOH:626	O	2.51184843319157	1.0	16.0	salt_bridge_like			intermediate	SEP:145	SEP	19.417981395074076	0.0	0.0		modified	1.5993096118997403	40.55008303355301	27.672632145498618	same	toward	-138.9523454156047	36.707320619678036
Q13627	7A55	B	321	PTR_single	1	1	2.2	PTR	314		2	134-406,414-481	134-406,414-481	PTR	/mnt/c/Users/drpat/OneDrive - UGent/Desktop/PD/Phospho-fill/Validation-allPDB/pdb_cache/7a55.cif	PTR	PTR	OH	CZ	ok	1.5891879976721286	125.23806094198275	-29.772554447329014	149.71089861358942	LYS:390	LYS	CE	3.1607166450254227	2.0	2.0	LYS:390	LYS	NZ	3.2114467371160287	HOH:605	O	2.3944613829642316	3.0	11.0	salt_bridge_like			exposed				0.0	0.0		modified	1.5891879976721286	66.6216837717324	48.450320233651404	same	lateral	-29.772554447329014	149.71089861358942
Q13627	7A5D	A	321	PTR_single	1	1	1.8	PTR	315		2	148-410,415-481	148-410,415-481	PTR	/mnt/c/Users/drpat/OneDrive - UGent/Desktop/PD/Phospho-fill/Validation-allPDB/pdb_cache/7a5d.cif	PTR	PTR	OH	CZ	ok	1.503063922909826	129.72532515986865	-120.16259964193713	45.383962871583954	ARG:328	ARG	NH2	2.7465565968442194	2.0	2.0	ARG:328	ARG	NH2	2.7465565968442194	HOH:738	O	2.819180484197161	3.0	17.0	salt_bridge_like			exposed				0.0	0.0		modified	1.503063922909826	66.71003318867878	86.45932252635853	same	lateral	-120.16259964193713	45.383962871583954
Q13627	7A5L	A	321	PTR_single	1	1	2.1	PTR	316		2	148-410,415-481	148-410,415-481	PTR	/mnt/c/Users/drpat/OneDrive - UGent/Desktop/PD/Phospho-fill/Validation-allPDB/pdb_cache/7a5l.cif	PTR	PTR	OH	CZ	ok	1.5215159504275049	131.114528331078	-122.14159932043134	47.749095984515435	ARG:328	ARG	NH2	2.6990114680969275	2.0	2.0	ARG:328	ARG	NH2	2.6990114680969275	HOH:621	O	2.50384643926475	3.0	17.0	salt_bridge_like			exposed				0.0	0.0		modified	1.5215159504275049	69.27691012305219	45.506673086472205	same	lateral	-122.14159932043134	47.749095984515435
Q13627	7A5N	A	321	PTR_single	1	1	2.3	PTR	317		2	148-410,414-481	148-410,414-481	PTR	/mnt/c/Users/drpat/OneDrive - UGent/Desktop/PD/Phospho-fill/Validation-allPDB/pdb_cache/7a5n.cif	PTR	PTR	OH	CZ	ok	1.5951191128587336	124.97531561353298	-161.85876841614714	17.939127392270823	ARG:328	ARG	NH1	2.9226023085416455	2.0	2.0	ARG:328	ARG	NH1	2.9226023085416455	HOH:620	O	3.3016648460313758	1.0	16.0	salt_bridge_like			intermediate	SEP:145	SEP	21.02958409912269	0.0	0.0		modified	1.5951191128587336	86.30829093889375	79.07799856610814	same	lateral	-161.85876841614714	17.939127392270823
Q13627	7AJ2	A	321	PTR_single	1	1	2.1	PTR	318		2	148-410,415-481	148-410,415-481	PTR	/mnt/c/Users/drpat/OneDrive - UGent/Desktop/PD/Phospho-fill/Validation-allPDB/pdb_cache/7aj2.cif	PTR	PTR	OH	CZ	ok	1.5660580624666305	128.9154592767233	-126.97789270644374	46.32200172564143	ARG:325	ARG	NE	2.6211365854477764	2.0	2.0	ARG:325	ARG	NE	2.6211365854477764	HOH:701	O	2.7884864931152267	4.0	16.0	salt_bridge_like			exposed				0.0	0.0		modified	1.5660580624666305	34.7541130060485	27.137129144834457	same	toward	-126.97789270644374	46.32200172564143
Q13627	7AJ4	A	321	PTR_single	1	1	2.0	PTR	319		2	149-410,415-481	149-410,415-481	PTR	/mnt/c/Users/drpat/OneDrive - UGent/Desktop/PD/Phospho-fill/Validation-allPDB/pdb_cache/7aj4.cif	PTR	PTR	OH	CZ	ok	1.5361802042757327	128.2802899315582	-123.43720104945481	44.60159617167651	ARG:325	ARG	NE	2.7080561088750477	2.0	2.0	ARG:325	ARG	NE	2.7080561088750477	HOH:722	O	2.7944065011497137	4.0	17.0	salt_bridge_like			exposed				0.0	0.0		modified	1.5361802042757327	33.957312237940315	83.15323995877058	same	toward	-123.43720104945481	44.60159617167651
Q13627	7AJ5	A	321	PTR_single	1	1	2.0	PTR	320		2	149-411,415-481	149-411,415-481	PTR	/mnt/c/Users/drpat/OneDrive - UGent/Desktop/PD/Phospho-fill/Validation-allPDB/pdb_cache/7aj5.cif	PTR	PTR	OH	CZ	ok	1.5349362146598198	129.54455520503598	-133.21841965378474	36.90560856918987	ARG:325	ARG	NE	2.588671277638279	2.0	2.0	ARG:325	ARG	NE	2.588671277638279	HOH:663	O	2.680062991710263	3.0	17.0	salt_bridge_like			exposed				0.0	0.0		modified	1.5349362146598198	34.15505196074047	78.71609348821993	same	toward	-133.21841965378474	36.90560856918987
Q13627	7AJ8	A	321	PTR_single	1	1	2.0	PTR	321		2	148-410,415-481	148-410,415-481	PTR	/mnt/c/Users/drpat/OneDrive - UGent/Desktop/PD/Phospho-fill/Validation-allPDB/pdb_cache/7aj8.cif	PTR	PTR	OH	CZ	ok	1.5380508518135654	127.50584411364953	-124.47107741999609	45.9668515914482	ARG:325	ARG	NE	2.638129930238003	2.0	2.0	ARG:325	ARG	NE	2.638129930238003	HOH:673	O	2.673355053720541	3.0	17.0	salt_bridge_like			exposed				0.0	0.0		modified	1.5380508518135654	31.674454328992887	80.85905213083385	same	toward	-124.47107741999609	45.9668515914482
Q13627	7AJA	A	321	PTR_single	1	1	2.2	PTR	322		2	148-410,415-481	148-410,415-481	PTR	/mnt/c/Users/drpat/OneDrive - UGent/Desktop/PD/Phospho-fill/Validation-allPDB/pdb_cache/7aja.cif	PTR	PTR	OH	CZ	ok	1.5288798437403268	129.07935361819284	-126.3868057643934	43.36787995497314	ARG:325	ARG	NE	2.703935703985831	2.0	2.0	ARG:325	ARG	NE	2.703935703985831	HOH:641	O	2.618804368738428	5.0	17.0	salt_bridge_like			exposed				0.0	0.0		modified	1.5288798437403268	34.97467400923555	76.00483544532068	same	toward	-126.3868057643934	43.36787995497314
Q13627	7AJM	A	321	PTR_single	1	1	2.4	PTR	323		2	148-410,414-479	148-410,414-479	PTR	/mnt/c/Users/drpat/OneDrive - UGent/Desktop/PD/Phospho-fill/Validation-allPDB/pdb_cache/7ajm.cif	PTR	PTR	OH	CZ	ok	1.6088948921597386	127.74597445430392	45.12535255342954	-132.66602118737538	LYS:390	LYS	NZ	3.3694522273454175	2.0	2.0	LYS:390	LYS	NZ	3.3694522273454175	HOH:618	O	3.0238229130057603	1.0	7.0	salt_bridge_like			intermediate	SEP:145	SEP	24.149338631633242	0.0	0.0		modified	1.6088948921597386	36.23583114210179	26.561642130441616	same	toward	45.12535255342954	-132.66602118737538
Q13627	7AJS	A	321	PTR_single	1	1	2.15	PTR	324		2	148-410,414-479	148-410,414-479	PTR	/mnt/c/Users/drpat/OneDrive - UGent/Desktop/PD/Phospho-fill/Validation-allPDB/pdb_cache/7ajs.cif	PTR	PTR	OH	CZ	ok	1.5891241027729406	124.81786810499155	35.72690753876313	-143.16150071649267	LYS:390	LYS	NZ	2.9404681540163726	2.0	2.0	LYS:390	LYS	NZ	2.9404681540163726	HOH:705	O	2.718773127237089	2.0	10.0	salt_bridge_like			exposed	SEP:145	SEP	24.333148033534776	0.0	0.0		modified	1.5891241027729406	33.30583867822345	29.035046618574036	same	toward	35.72690753876313	-143.16150071649267
Q13627	7AJV	A	321	PTR_single	1	1	2.1	PTR	325		2	148-409,414-481	148-409,414-481	PTR	/mnt/c/Users/drpat/OneDrive - UGent/Desktop/PD/Phospho-fill/Validation-allPDB/pdb_cache/7ajv.cif	PTR	PTR	OH	CZ	ok	1.5853878382458921	126.496939324174	42.819487187722565	-134.74581265146986	LYS:390	LYS	NZ	3.2707319226090155	2.0	2.0	LYS:390	LYS	NZ	3.2707319226090155	HOH:621	O	5.3111844235174	0.0	8.0	salt_bridge_like			intermediate	SEP:145	SEP	24.526064499144514	0.0	0.0		modified	1.5853878382458921	45.327580691474985	66.38622973597411	same	toward	42.819487187722565	-134.74581265146986
Q13627	7AJY	A	321	PTR_single	1	1	2.2	PTR	326		2	148-409,414-481	148-409,414-481	PTR	/mnt/c/Users/drpat/OneDrive - UGent/Desktop/PD/Phospho-fill/Validation-allPDB/pdb_cache/7ajy.cif	PTR	PTR	OH	CZ	ok	1.6092311976208116	126.41183393136063	12.986878547910015	-166.66690748610787	LYS:393	LYS	NZ	3.860745785789787	1.0	2.0	LYS:393	LYS	NZ	3.860745785789787	HOH:604	O	2.4136694715931686	1.0	6.0	water_mediated_like			intermediate	SEP:145	SEP	24.461282304037027	0.0	0.0		modified	1.6092311976208116	47.552680560581656	20.24770921886351	opposite	toward	12.986878547910015	-166.66690748610787
Q13627	7AK2	A	321	PTR_single	1	1	2.1	PTR	327		2	148-410,414-481	148-410,414-481	PTR	/mnt/c/Users/drpat/OneDrive - UGent/Desktop/PD/Phospho-fill/Validation-allPDB/pdb_cache/7ak2.cif	PTR	PTR	OH	CZ	ok	1.5843886525739457	126.2236648530327	54.07502510263649	-124.54064512290044	LYS:393	LYS	NZ	3.8742592533334057	1.0	2.0	GLN:320	GLN	NE2	2.983901408006543	HOH:685	O	5.665808757505564	0.0	7.0	hbond_like			intermediate	SEP:145	SEP	23.439253815848907	0.0	0.0		modified	1.5843886525739457	66.82579818539986	98.30803160937138	opposite	lateral	54.07502510263649	-124.54064512290044
Q13627	7AKA	B	321	PTR_single	1	1	1.9	PTR	328		2	148-409,414-481	148-409,414-481	PTR	/mnt/c/Users/drpat/OneDrive - UGent/Desktop/PD/Phospho-fill/Validation-allPDB/pdb_cache/7aka.cif	PTR	PTR	OH	CZ	ok	1.593883470450622	125.38232576496235	-158.28240556243276	21.272852688989634	LYS:393	LYS	NZ	4.15260437579567	0.0	2.0	LYS:393	LYS	NZ	4.15260437579567	HOH:607	O	2.459878823568189	1.0	4.0	water_mediated_like			intermediate	SEP:145	SEP	23.50399653249512	0.0	0.0		modified	1.593883470450622	53.233058456752104	30.13338392718805	opposite	toward	-158.28240556243276	21.272852688989634
Q13627	7AKE	B	321	PTR_single	1	1	2.3	PTR	329		2	148-408,414-481	148-408,414-481	PTR	/mnt/c/Users/drpat/OneDrive - UGent/Desktop/PD/Phospho-fill/Validation-allPDB/pdb_cache/7ake.cif	PTR	PTR	OH	CZ	ok	1.579356273615285	127.98681963691142	-152.51755638648257	24.990113951587773	LYS:390	LYS	NZ	3.190651270784304	2.0	2.0	LYS:390	LYS	NZ	3.190651270784304	HOH:619	O	2.5226593349179773	3.0	5.0	salt_bridge_like			exposed	SEP:145	SEP	24.858197892235154	0.0	0.0		modified	1.579356273615285	49.720950650142925	35.22435059940189	same	toward	-152.51755638648257	24.990113951587773
Q13627	7AKL	A	321	PTR_single	1	1	2.0	PTR	330		2	148-410,415-481	148-410,415-481	PTR	/mnt/c/Users/drpat/OneDrive - UGent/Desktop/PD/Phospho-fill/Validation-allPDB/pdb_cache/7akl.cif	PTR	PTR	OH	CZ	ok	1.5454301906223606	129.3027629263424	-136.11555230605512	36.676781555493136	ARG:328	ARG	NH2	2.6368187894046913	2.0	2.0	ARG:328	ARG	NH2	2.6368187894046913	HOH:686	O	2.7417770262126857	3.0	17.0	salt_bridge_like			exposed				0.0	0.0		modified	1.5454301906223606	67.64112220468537	85.64994677870689	same	lateral	-136.11555230605512	36.676781555493136
P49841	7B6F	A	216	PTR_single	1	1	2.05	PTR	254		3	36-382	36-382	PTR	/mnt/c/Users/drpat/OneDrive - UGent/Desktop/PD/Phospho-fill/Validation-allPDB/pdb_cache/7b6f.cif	PTR	PTR	OH	CZ	ok	1.6254569942315618	126.4763640334416	-70.50110645186383	107.4823117534899	ARG:220	ARG	NH2	2.6074664199239153	2.0	2.0	ARG:220	ARG	NH2	2.6074664199239153	HOH:539	O	2.680650122655836	2.0	18.0	salt_bridge_like			exposed				0.0	0.0		modified	1.6254569942315618	37.18107311431251	33.98293446663529	same	toward	-70.50110645186383	107.4823117534899
P52333	7C3N	A	980	PTR_only_multi_2	2	2	1.98	PTR	262		2	814-1102	814-1102	PTR,PTR	/mnt/c/Users/drpat/OneDrive - UGent/Desktop/PD/Phospho-fill/Validation-allPDB/pdb_cache/7c3n.cif	PTR	PTR	OH	CZ	ok	1.6087196503950019	121.03930052405428	-52.71413846789627	126.96060201973432	LYS:978	LYS	NZ	3.190595045455836	1.0	1.0	LYS:978	LYS	NZ	3.190595045455836	HOH:9289	O	5.18016687235641	0.0	4.0	salt_bridge_like			intermediate	PTR:981	PTR	14.620805137681513	0.0	0.0		modified	1.6087196503950019	90.3776466782274	91.70685106183039	opposite	lateral	-52.71413846789627	126.96060201973432
P52333	7C3N	A	981	PTR_only_multi_2	2	2	1.98	PTR	262		2	814-1102	814-1102	PTR,PTR	/mnt/c/Users/drpat/OneDrive - UGent/Desktop/PD/Phospho-fill/Validation-allPDB/pdb_cache/7c3n.cif	PTR	PTR	OH	CZ	ok	1.6097248642964916	121.13655385682965	-46.7905033988145	132.97895815568162	LYS:972	LYS	NZ	3.486222635037447	1.0	1.0	LYS:972	LYS	NZ	3.486222635037447	HOH:9210	O	3.8774776573814553	2.0	6.0	salt_bridge_like			exposed	PTR:980	PTR	14.620805137681513	0.0	0.0		modified	1.6097248642964916	51.131519881301095	38.06777015897068	opposite	toward	-46.7905033988145	132.97895815568162
Q92630	7DH3	A	382	PTR_mixed_with_SEP	1	2	2.33	PTR	354		5	213-538	213-538	PTR	/mnt/c/Users/drpat/OneDrive - UGent/Desktop/PD/Phospho-fill/Validation-allPDB/pdb_cache/7dh3.cif	PTR	PTR	OH	CZ	ok	1.619891995522213	128.24930698068044	-82.58161847321601	93.6740490732345	ARG:386	ARG	NH2	2.6582410781880355	2.0	2.0	ARG:386	ARG	NH2	2.6582410781880355	HOH:729	O	2.787927122928551	2.0	15.0	salt_bridge_like			exposed	SEP:458	SEP	24.922856194325462	0.0	0.0		modified	1.619891995522213	25.820206215348474	69.59228857230353	same	toward	-82.58161847321601	93.6740490732345
Q92630	7DH9	A	382	PTR_mixed_with_SEP	1	2	2.194	PTR	355		5	215-538	215-538	PTR	/mnt/c/Users/drpat/OneDrive - UGent/Desktop/PD/Phospho-fill/Validation-allPDB/pdb_cache/7dh9.cif	PTR	PTR	OH	CZ	ok	1.6078667869095709	131.81165164071436	-74.98514446987703	99.51172523768548	ARG:389	ARG	NH2	2.7419721746026062	2.0	2.0	ARG:389	ARG	NH2	2.7419721746026062	HOH:723	O	2.6222482709659323	4.0	15.0	salt_bridge_like			exposed	SEP:458	SEP	24.954726967242156	0.0	0.0		modified	1.6078667869095709	60.906400858130276	33.542789821696076	same	lateral	-74.98514446987703	99.51172523768548
Q92630	7DHH	A	382	PTR_mixed_with_SEP	1	2	2.486	PTR	356		5	215-538	215-381,383-457,459-538	PTR	/mnt/c/Users/drpat/OneDrive - UGent/Desktop/PD/Phospho-fill/Validation-allPDB/pdb_cache/7dhh.cif	PTR	PTR	OH	CZ	ok	1.6123973458598964	120.13965330596746	-94.13402213305253	85.84949688706836	ARG:389	ARG	NH2	2.322793187604581	2.0	2.0	ARG:389	ARG	NH2	2.322793187604581	HOH:718	O	2.9846234182663203	1.0	16.0	salt_bridge_like			intermediate	SEP:458	SEP	25.10344408296572	0.0	0.0		modified	1.6123973458598964	46.905157915731955	25.042365713442244	same	toward	-94.13402213305253	85.84949688706836
Q92630	7DHK	A	382	PTR_mixed_with_SEP	1	2	2.341	PTR	357		5	215-538	215-381,383-457,459-538	PTR	/mnt/c/Users/drpat/OneDrive - UGent/Desktop/PD/Phospho-fill/Validation-allPDB/pdb_cache/7dhk.cif	PTR	PTR	OH	CZ	ok	1.609914427708664	119.93727396288436	-96.46604062872538	83.52019618323172	ARG:389	ARG	NH2	2.4797535548227247	2.0	2.0	ARG:389	ARG	NH2	2.4797535548227247	HOH:719	O	3.1688759627647665	2.0	15.0	salt_bridge_like			exposed	SEP:458	SEP	25.116850811858992	0.0	0.0		modified	1.609914427708664	44.84353194760387	19.19542979767883	same	toward	-96.46604062872538	83.52019618323172
Q92630	7DHN	A	382	PTR_mixed_with_SEP	1	2	2.38	PTR	358		5	215-538	215-538	PTR	/mnt/c/Users/drpat/OneDrive - UGent/Desktop/PD/Phospho-fill/Validation-allPDB/pdb_cache/7dhn.cif	PTR	PTR	OH	CZ	ok	1.6071095849113126	130.7189352823848	-84.46995449865794	90.8840989251234	ARG:386	ARG	NH2	2.7089822761326987	2.0	2.0	ARG:386	ARG	NH2	2.7089822761326987	HOH:721	O	2.7448411468320346	1.0	14.0	salt_bridge_like			intermediate	SEP:458	SEP	25.05296479845273	0.0	0.0		modified	1.6071095849113126	25.050510502539684	30.508663910537873	same	toward	-84.46995449865794	90.8840989251234
Q92630	7DJO	A	382	PTR_mixed_with_SEP	1	2	2.499	PTR	359		5	215-538	215-381,383-457,459-538	PTR	/mnt/c/Users/drpat/OneDrive - UGent/Desktop/PD/Phospho-fill/Validation-allPDB/pdb_cache/7djo.cif	PTR	PTR	OH	CZ	ok	1.6120722566432053	123.67839312557446	-95.82754637506666	82.66868250077933	ARG:389	ARG	NH2	2.5387774386031157	2.0	2.0	ARG:389	ARG	NH2	2.5387774386031157	HOH:780	O	3.072284738937247	1.0	15.0	salt_bridge_like			intermediate	SEP:458	SEP	25.116872101956158	0.0	0.0		modified	1.6120722566432053	53.30452995693479	21.70510563877172	same	toward	-95.82754637506666	82.66868250077933
Q13627	7FHS	A	321	PTR_single	1	1	2.42	PTR	331		2	134-408,414-481	134-408,414-481	PTR	/mnt/c/Users/drpat/OneDrive - UGent/Desktop/PD/Phospho-fill/Validation-allPDB/pdb_cache/7fhs.cif	PTR	PTR	OH	CZ	ok	1.5887342877059327	127.48345285698791	-62.54783780215412	114.57196760353793	ARG:325	ARG	NH2	2.647080371188617	2.0	2.0	ARG:325	ARG	NH2	2.647080371188617	HOH:607	O	2.600168895265478	2.0	17.0	salt_bridge_like			exposed				0.0	0.0		modified	1.5887342877059327	31.486492875850967	30.617937983072668	same	toward	-62.54783780215412	114.57196760353793
P54762	7KPM	A	647	PTR_single	1	1	1.608	PTR	269		2	611-763,787-888	611-763,787-888	PTR	/mnt/c/Users/drpat/OneDrive - UGent/Desktop/PD/Phospho-fill/Validation-allPDB/pdb_cache/7kpm.cif	PTR	PTR	OH	CZ	ok	1.6188817809234468	119.91566727119049	-81.85278280471509	98.07139716385316	ARG:637	ARG	NH2	2.8947314421102166	2.0	2.0	ARG:637	ARG	NH2	2.8947314421102166	HOH:1190	O	3.065243374889724	1.0	8.0	salt_bridge_like			intermediate				0.0	0.0		modified	1.6188817809234468	82.46296436626815	70.50843647932867	opposite	lateral	-81.85278280471509	98.07139716385316
O60674	7LL4	A	1007	PTR_single	1	1	1.31	PTR	69		2	839-1132	839-1132	PTR	/mnt/c/Users/drpat/OneDrive - UGent/Desktop/PD/Phospho-fill/Validation-allPDB/pdb_cache/7ll4.cif	PTR	PTR	OH	CZ	ok	1.616835816573547	125.13214590658941	146.85517567158232	-31.31465785912917	LYS:1030	LYS	NZ	2.4419488394344513	1.0	3.0	LYS:1030	LYS	NZ	2.4419488394344513	HOH:1469	O	4.646317096088574	0.0	8.0	salt_bridge_like			intermediate				0.0	0.0		modified	1.616835816573547	71.4749349654639	88.52327832990139	same	lateral	146.85517567158232	-31.31465785912917
O60674	7LL5	A	1007	PTR_single	1	1	1.5	PTR	70		2	840-873,876-1132	840-873,876-1132	PTR	/mnt/c/Users/drpat/OneDrive - UGent/Desktop/PD/Phospho-fill/Validation-allPDB/pdb_cache/7ll5.cif	PTR	PTR	OH	CZ	ok	1.6120907692453685	125.80638691504977	135.2884872642352	-42.437634535854926	LYS:1030	LYS	NZ	2.8404162342768116	2.0	3.0	LYS:1030	LYS	NZ	2.8404162342768116	HOH:1328	O	3.523093475102388	1.0	7.0	salt_bridge_like			intermediate				0.0	0.0		modified	1.6120907692453685	67.10254736882685	71.50723807113425	same	lateral	135.2884872642352	-42.437634535854926
P07949	7NZN	A	900	PTR_only_multi_2	2	2	2.39	PTR	136		5	705-711,714-820,844-1013	705-711,714-820,844-1013	PTR,PTR	/mnt/c/Users/drpat/OneDrive - UGent/Desktop/PD/Phospho-fill/Validation-allPDB/pdb_cache/7nzn.cif	PTR	PTR	OH	CZ	ok	1.6101014482064342	120.66444464755064	-78.10811004702212	101.69781031671991	LYS:869	LYS	CE	6.122891918892364	0.0	0.0	LYS:869	LYS	NZ	6.940417405419832	HOH:1226	O	6.468378255067119	0.0	0.0	none_obvious			intermediate	PTR:905	PTR	20.94419600853084	0.0	0.0		modified	1.6101014482064342	76.65780544942763	67.18514448942062	same	lateral	-78.10811004702212	101.69781031671991
P07949	7NZN	A	905	PTR_only_multi_2	2	2	2.39	PTR	136		5	705-711,714-820,844-1013	705-711,714-820,844-1013	PTR,PTR	/mnt/c/Users/drpat/OneDrive - UGent/Desktop/PD/Phospho-fill/Validation-allPDB/pdb_cache/7nzn.cif	PTR	PTR	OH	CZ	ok	1.6115203207841733	123.03264806723148	-3.38535529356486	176.54842017289067	ARG:770	ARG	NH2	2.8161801451277966	3.0	3.0	ARG:770	ARG	NH2	2.8161801451277966	HOH:1212	O	2.6051234051751604	2.0	18.0	salt_bridge_like			exposed	PTR:900	PTR	20.94419600853084	0.0	0.0		modified	1.6115203207841733	37.393231869204115	58.62226463948661	opposite	toward	-3.38535529356486	176.54842017289067
Q9H422	7O7I	A	359	PTR_single	1	1	2.5	PTR	362		1	184-550	184-550	PTR	/mnt/c/Users/drpat/OneDrive - UGent/Desktop/PD/Phospho-fill/Validation-allPDB/pdb_cache/7o7i.cif	PTR	PTR	OH	CZ	ok	1.5950675075881893	125.80848315324255	19.902122685478606	-159.68460268130337	ARG:431	ARG	NH2	3.0462095492365817	1.0	2.0	ARG:431	ARG	NH2	3.0462095492365817	HOH:747	O	3.538513870064927	1.0	7.0	salt_bridge_like			intermediate				0.0	0.0		modified	1.5950675075881893	30.139274685888616	94.58662096231723	same	toward	19.902122685478606	-159.68460268130337
Q13627	7O7K	A	321	PTR_single	1	1	1.82	PTR	332		2	134-410,413-480	134-410,413-480	PTR	/mnt/c/Users/drpat/OneDrive - UGent/Desktop/PD/Phospho-fill/Validation-allPDB/pdb_cache/7o7k.cif	PTR	PTR	OH	CZ	ok	1.650505497556064	124.29175031150584	90.52413907287684	-87.34044762112532	ARG:325	ARG	NH2	2.73999740038992	2.0	2.0	ARG:325	ARG	NH2	2.73999740038992	HOH:972	O	2.79363912352246	3.0	16.0	salt_bridge_like			exposed				0.0	0.0		modified	1.650505497556064	25.364238286051414	29.26040343728558	same	toward	90.52413907287684	-87.34044762112532
P28482	7OPM	A	187	PTR_mixed_with_TPO	1	2	2.45	PTR	196		2	1-360	1-360	PTR	/mnt/c/Users/drpat/OneDrive - UGent/Desktop/PD/Phospho-fill/Validation-allPDB/pdb_cache/7opm.cif	PTR	PTR	OH	CZ	ok	1.6088628098282378	124.02064034438503	124.62882117103707	-53.56280061824461	ARG:194	ARG	NH2	2.5019109757181806	2.0	2.0	ARG:194	ARG	NH2	2.5019109757181806				0.0	14.0	salt_bridge_like			intermediate	TPO:185	TPO	15.16574796421247	0.0	0.0		modified	1.6088628098282378	44.73552114164192		same	toward	124.62882117103707	-53.56280061824461
O60674	7Q7I	A	1007	PTR_only_multi_2	2	2	1.78	PTR	71		2	840-1131	840-1131	PTR,PTR	/mnt/c/Users/drpat/OneDrive - UGent/Desktop/PD/Phospho-fill/Validation-allPDB/pdb_cache/7q7i.cif	PTR	PTR	OH	CZ	ok	1.5822595263935735	121.48943181009317	107.67401930809196	-70.82818859478785	LYS:1005	LYS	NZ	3.612028268738836	2.0	3.0	LYS:1005	LYS	NZ	3.612028268738836	HOH:4264	O	3.235540926550468	1.0	7.0	water_mediated_like			intermediate	PTR:1008	PTR	14.649034456330709	0.0	0.0		modified	1.5822595263935735	94.17034426532325	85.5231091029905	opposite	lateral	107.67401930809196	-70.82818859478785
O60674	7Q7I	A	1008	PTR_only_multi_2	2	2	1.78	PTR	71		2	840-1131	840-1131	PTR,PTR	/mnt/c/Users/drpat/OneDrive - UGent/Desktop/PD/Phospho-fill/Validation-allPDB/pdb_cache/7q7i.cif	PTR	PTR	OH	CZ	ok	1.5687412117894182	127.02910135228673	-90.30042746588704	79.93422120864955	LYS:999	LYS	NZ	3.0861744664313275	1.0	2.0	LYS:999	LYS	NZ	3.0861744664313275	HOH:4140	O	2.704063721952584	3.0	7.0	salt_bridge_like			exposed	PTR:1007	PTR	14.649034456330709	0.0	0.0		modified	1.5687412117894182	48.76728071948678	60.79851075224035	same	toward	-90.30042746588704	79.93422120864955
O60674	7Q7K	A	1007	PTR_only_multi_2	2	2	1.61	PTR	72		2	840-1131	840-1131	PTR,PTR	/mnt/c/Users/drpat/OneDrive - UGent/Desktop/PD/Phospho-fill/Validation-allPDB/pdb_cache/7q7k.cif	PTR	PTR	OH	CZ	ok	1.5869619318821377	121.57106508361684	110.71890317630398	-68.00655184152818	LYS:1030	LYS	NZ	3.4154351591451917	1.0	3.0	LYS:1030	LYS	NZ	3.4154351591451917	HOH:4373	O	5.120481945756137	0.0	6.0	salt_bridge_like			intermediate	PTR:1008	PTR	14.57049040150292	0.0	0.0		modified	1.5869619318821377	63.82061089401913	132.05734678462235	same	lateral	110.71890317630398	-68.00655184152818
O60674	7Q7K	A	1008	PTR_only_multi_2	2	2	1.61	PTR	72		2	840-1131	840-1131	PTR,PTR	/mnt/c/Users/drpat/OneDrive - UGent/Desktop/PD/Phospho-fill/Validation-allPDB/pdb_cache/7q7k.cif	PTR	PTR	OH	CZ	ok	1.570809881858866	125.53232686597238	-137.18004384512065	40.28991447816364	ARG:897	ARG	NH1	2.7803395043446217	2.0	3.0	ARG:897	ARG	NH1	2.7803395043446217	HOH:4195	O	2.746551092588164	5.0	9.0	salt_bridge_like			exposed	PTR:1007	PTR	14.57049040150292	0.0	0.0		modified	1.570809881858866	12.620102582614644	56.661875249037514	same	toward	-137.18004384512065	40.28991447816364
O60674	7Q7L	A	1007	PTR_only_multi_2	2	2	1.97	PTR	73		2	843-1131	843-1131	PTR,PTR	/mnt/c/Users/drpat/OneDrive - UGent/Desktop/PD/Phospho-fill/Validation-allPDB/pdb_cache/7q7l.cif	PTR	PTR	OH	CZ	ok	1.5615819658811338	114.96602986343635	129.03601180721046	-46.804730265080295	LYS:1030	LYS	NZ	2.8026530447073905	2.0	2.0	LYS:1030	LYS	NZ	2.8026530447073905	HOH:4141	O	4.999477333650365	0.0	6.0	salt_bridge_like			intermediate	PTR:1008	PTR	14.837233870700526	0.0	0.0		modified	1.5615819658811338	59.57159639625039	51.110601196642534	same	toward	129.03601180721046	-46.804730265080295
O60674	7Q7L	A	1008	PTR_only_multi_2	2	2	1.97	PTR	73		2	843-1131	843-1131	PTR,PTR	/mnt/c/Users/drpat/OneDrive - UGent/Desktop/PD/Phospho-fill/Validation-allPDB/pdb_cache/7q7l.cif	PTR	PTR	OH	CZ	ok	1.5081012558316262	124.25739555276	-102.90693254776353	68.8571883162424	LYS:999	LYS	NZ	2.8090430082263547	1.0	3.0	LYS:999	LYS	NZ	2.8090430082263547	HOH:4148	O	2.726009307579536	2.0	10.0	salt_bridge_like			exposed	PTR:1007	PTR	14.837233870700526	0.0	0.0		modified	1.5081012558316262	52.82301769282768	87.172808397341	same	toward	-102.90693254776353	68.8571883162424
O60674	7Q7W	A	1007	PTR_only_multi_2	2	2	1.85	PTR	74		2	840-1131	840-1131	PTR,PTR	/mnt/c/Users/drpat/OneDrive - UGent/Desktop/PD/Phospho-fill/Validation-allPDB/pdb_cache/7q7w.cif	PTR	PTR	OH	CZ	ok	1.5904021755766047	124.2256864146666	120.74827363358918	-56.00322874328663	LYS:1005	LYS	NZ	3.2182895434836833	2.0	2.0	LYS:1005	LYS	NZ	3.2182895434836833	HOH:4168	O	5.1645688420231295	0.0	6.0	salt_bridge_like			intermediate	PTR:1008	PTR	14.558073236003793	0.0	0.0		modified	1.5904021755766047	88.66485992008121	104.61630235201865	opposite	lateral	120.74827363358918	-56.00322874328663
O60674	7Q7W	A	1008	PTR_only_multi_2	2	2	1.85	PTR	74		2	840-1131	840-1131	PTR,PTR	/mnt/c/Users/drpat/OneDrive - UGent/Desktop/PD/Phospho-fill/Validation-allPDB/pdb_cache/7q7w.cif	PTR	PTR	OH	CZ	ok	1.5639334440224184	128.26280556900207	-114.35255399851872	53.8148953583232	LYS:999	LYS	NZ	2.8104230128868566	2.0	3.0	LYS:999	LYS	NZ	2.8104230128868566	HOH:4173	O	2.821264314085566	2.0	11.0	salt_bridge_like			exposed	PTR:1007	PTR	14.558073236003793	0.0	0.0		modified	1.5639334440224184	68.76243355614376	57.8360278696878	same	lateral	-114.35255399851872	53.8148953583232
Q48614	7R06	A	44	PTR_single	1	1	2.27	PTR	347		1	1-188,191-599	1-188,191-599	PTR	/mnt/c/Users/drpat/OneDrive - UGent/Desktop/PD/Phospho-fill/Validation-allPDB/pdb_cache/7r06.cif	PTR	PTR	OH	CZ	ok	1.611320866167451	124.85870260225984	132.74446866397315	-45.52886573375592	LYS:37	LYS	NZ	3.224703848422131	1.0	1.0	LYS:37	LYS	NZ	3.224703848422131				0.0	12.0	salt_bridge_like			intermediate				0.0	0.0		modified	1.611320866167451	90.80391725162637		opposite	lateral	132.74446866397315	-45.52886573375592
O60674	7REE	A	1007	PTR_single	1	1	1.38	PTR	75		2	839-873,876-1013,1016-1130	839-873,876-1013,1016-1130	PTR	/mnt/c/Users/drpat/OneDrive - UGent/Desktop/PD/Phospho-fill/Validation-allPDB/pdb_cache/7ree.cif	PTR	PTR	OH	CZ	ok	1.598233806059531	124.55541764714528	145.09830271386642	-32.80928562795358	LYS:1005	LYS	NZ	2.4814971143964275	2.0	3.0	LYS:1005	LYS	NZ	2.4814971143964275	HOH:1468	O	4.558672772638857	0.0	8.0	salt_bridge_like			intermediate				0.0	0.0		modified	1.598233806059531	77.7560824924464	89.67822295297543	opposite	lateral	145.09830271386642	-32.80928562795358
A4HXQ3	7S6U	A	186	PTR_single	1	1	1.74	PTR	0		1	1-259,262-353	1-259,262-353	PTR	/mnt/c/Users/drpat/OneDrive - UGent/Desktop/PD/Phospho-fill/Validation-allPDB/pdb_cache/7s6u.cif	PTR	PTR	OH	CZ	ok	1.606817471253906	122.44087844017682	102.37580753877573	-76.4750550235121	ARG:193	ARG	NH2	2.841998272965018	2.0	2.0	ARG:193	ARG	NH2	2.841998272965018	HOH:656	O	4.960232006991525	0.0	16.0	salt_bridge_like			intermediate				0.0	0.0		modified	1.606817471253906	63.08970792668707	76.05463628538385	same	lateral	102.37580753877573	-76.4750550235121
A4HXQ3	7S6V	A	186	PTR_single	1	1	1.66	PTR	1		1	1-255,264-353	1-255,264-353	PTR	/mnt/c/Users/drpat/OneDrive - UGent/Desktop/PD/Phospho-fill/Validation-allPDB/pdb_cache/7s6v.cif	PTR	PTR	OH	CZ	ok	1.6094973178005951	124.25712816433963	83.94321219044787	-94.29929201176586	ARG:193	ARG	NH1	3.0146634512417347	2.0	2.0	ARG:193	ARG	NH1	3.0146634512417347	HOH:534	O	2.6695955465416112	2.0	13.0	salt_bridge_like			exposed				0.0	0.0		modified	1.6094973178005951	66.94843153711192	80.60161335207752	same	lateral	83.94321219044787	-94.29929201176586
P49840	7SXF	A	279	PTR_single	1	1	1.94	PTR	234		1	101-138,142-184,187-444	101-138,142-184,187-444	PTR	/mnt/c/Users/drpat/OneDrive - UGent/Desktop/PD/Phospho-fill/Validation-allPDB/pdb_cache/7sxf.cif	PTR	PTR	OH	CZ	ok	1.6184190471800075	124.24985584666271	-73.77877826366125	104.46639424460038	ARG:283	ARG	NH2	2.604239088994482	2.0	2.0	ARG:283	ARG	NH2	2.604239088994482	HOH:644	O	2.794140439949525	2.0	14.0	salt_bridge_like			exposed				0.0	0.0		modified	1.6184190471800075	33.47603938464605	30.57549708451625	same	toward	-73.77877826366125	104.46639424460038
P49840	7SXG	A	279	PTR_single	1	1	2.4	PTR	235		1	103-109,111-113,116-138,142-184,188-445	103-109,111-113,116-138,142-184,188-445	PTR	/mnt/c/Users/drpat/OneDrive - UGent/Desktop/PD/Phospho-fill/Validation-allPDB/pdb_cache/7sxg.cif	PTR	PTR	OH	CZ	ok	1.6085982369998832	121.12835952583094	106.69675568487139	-72.74970412317136	ARG:286	ARG	NH2	2.4826552335974403	2.0	2.0	ARG:286	ARG	NH2	2.4826552335974403	HOH:613	O	2.8850953459846838	2.0	15.0	salt_bridge_like			exposed				0.0	0.0		modified	1.6085982369998832	54.22897907557503	31.59200128449238	same	toward	106.69675568487139	-72.74970412317136
P49841	7SXH	A	216	PTR_single	1	1	2.09	PTR	255		3	37-119,123-148,151-288,290-383	37-119,123-148,151-288,290-383	PTR	/mnt/c/Users/drpat/OneDrive - UGent/Desktop/PD/Phospho-fill/Validation-allPDB/pdb_cache/7sxh.cif	PTR	PTR	OH	CZ	ok	1.6119839735163526	120.69842385636068	86.03712772946199	-93.77541945092376	ARG:223	ARG	NH2	2.777179962086676	2.0	2.0	ARG:223	ARG	NH2	2.777179962086676	HOH:612	O	4.844092355909254	0.0	15.0	salt_bridge_like			intermediate				0.0	0.0		modified	1.6119839735163526	52.07088429335987	91.90551632608873	same	toward	86.03712772946199	-93.77541945092376
P49841	7SXJ	A	216	PTR_single	1	1	1.85	PTR	256		3	34-63,67-120,122-383	34-63,67-120,122-383	PTR	/mnt/c/Users/drpat/OneDrive - UGent/Desktop/PD/Phospho-fill/Validation-allPDB/pdb_cache/7sxj.cif	PTR	PTR	OH	CZ	ok	1.6107532560333957	123.11209841778009	-73.986598252023	104.95077435293985	ARG:223	ARG	NH2	2.62734607857227	2.0	2.0	ARG:223	ARG	NH2	2.62734607857227	HOH:650	O	4.923410552900197	0.0	15.0	salt_bridge_like			intermediate				0.0	0.0		modified	1.6107532560333957	54.58088968502445	86.75208975039055	same	toward	-73.986598252023	104.95077435293985
P29597	7UYR	A	1054	PTR_only_multi_2	2	2	2.15	PTR	214		2	890-1049,1053-1058,1062-1177	890-1049,1053-1058,1062-1177	PTR,PTR	/mnt/c/Users/drpat/OneDrive - UGent/Desktop/PD/Phospho-fill/Validation-allPDB/pdb_cache/7uyr.cif	PTR	PTR	OH	CZ	ok	1.6064384654109687	124.78052911413322	44.88334587233285	-134.90595864624427	ARG:1056	ARG	NH2	3.1733181691468526	1.0	2.0	ARG:1056	ARG	NH2	3.1733181691468526				0.0	7.0	salt_bridge_like			intermediate	PTR:1055	PTR	13.5676027294457	0.0	0.0		modified	1.6064384654109687	97.73225403339404		opposite	lateral	44.88334587233285	-134.90595864624427
P29597	7UYR	A	1055	PTR_only_multi_2	2	2	2.15	PTR	214		2	890-1049,1053-1058,1062-1177	890-1049,1053-1058,1062-1177	PTR,PTR	/mnt/c/Users/drpat/OneDrive - UGent/Desktop/PD/Phospho-fill/Validation-allPDB/pdb_cache/7uyr.cif	PTR	PTR	OH	CZ	ok	1.611063005067201	125.35979647749632	-135.09582754589488	44.44555390911638	LYS:1046	LYS	NZ	2.8982023114934803	1.0	2.0	LYS:1046	LYS	NZ	2.8982023114934803	HOH:1303	O	4.313625278987111	0.0	8.0	salt_bridge_like			intermediate	PTR:1054	PTR	13.5676027294457	0.0	0.0		modified	1.611063005067201	79.78090776744405	106.31286128229087	same	lateral	-135.09582754589488	44.44555390911638
P29597	7UYS	A	1054	PTR_only_multi_2	2	2	2.15	PTR	215		2	890-933,936-1049,1052-1059,1062-1177	890-933,936-1049,1052-1059,1062-1177	PTR,PTR	/mnt/c/Users/drpat/OneDrive - UGent/Desktop/PD/Phospho-fill/Validation-allPDB/pdb_cache/7uys.cif	PTR	PTR	OH	CZ	ok	1.6151249970928292	120.19304984950936	92.39581239574159	-88.1133279159107	HIS:1052	HIS	ND1	2.783347353004374	2.0	3.0	HIS:1052	HIS	ND1	2.783347353004374	HOH:1351	O	3.04713061907319	1.0	11.0	salt_bridge_like			intermediate	PTR:1055	PTR	13.14650354869402	0.0	0.0		modified	1.6151249970928292	38.91569901497483	75.3516383791847	same	toward	92.39581239574159	-88.1133279159107
P29597	7UYS	A	1055	PTR_only_multi_2	2	2	2.15	PTR	215		2	890-933,936-1049,1052-1059,1062-1177	890-933,936-1049,1052-1059,1062-1177	PTR,PTR	/mnt/c/Users/drpat/OneDrive - UGent/Desktop/PD/Phospho-fill/Validation-allPDB/pdb_cache/7uys.cif	PTR	PTR	OH	CZ	ok	1.6186218177204121	128.3985688811362	-170.8925744765099	8.832924896544377	LYS:1046	LYS	NZ	3.6570309180193488	1.0	2.0	LYS:1046	LYS	NZ	3.6570309180193488	HOH:1305	O	2.665568479977828	1.0	8.0	water_mediated_like			intermediate	PTR:1054	PTR	13.14650354869402	0.0	0.0		modified	1.6186218177204121	103.88503118018842	44.19360788492397	same	lateral	-170.8925744765099	8.832924896544377
P29597	7UYT	A	1054	PTR_only_multi_2	2	2	2.14	PTR	216		2	890-921,924-933,940-1049,1052-1177	890-921,924-933,940-1049,1052-1177	PTR,PTR	/mnt/c/Users/drpat/OneDrive - UGent/Desktop/PD/Phospho-fill/Validation-allPDB/pdb_cache/7uyt.cif	PTR	PTR	OH	CZ	ok	1.5862992977873702	124.14416539059218	103.37152097457403	-77.26530451424534	HIS:1052	HIS	ND1	2.6725484532433725	1.0	1.0	HIS:1052	HIS	ND1	2.6725484532433725	HOH:1362	O	7.11518684006773	0.0	6.0	salt_bridge_like			intermediate	PTR:1055	PTR	12.99884298325022	0.0	0.0		modified	1.5862992977873702	48.779023813371076	141.78252065255592	same	toward	103.37152097457403	-77.26530451424534
P29597	7UYT	A	1055	PTR_only_multi_2	2	2	2.14	PTR	216		2	890-921,924-933,940-1049,1052-1177	890-921,924-933,940-1049,1052-1177	PTR,PTR	/mnt/c/Users/drpat/OneDrive - UGent/Desktop/PD/Phospho-fill/Validation-allPDB/pdb_cache/7uyt.cif	PTR	PTR	OH	CZ	ok	1.5963783421075306	126.07917774915184	-152.11517670571504	27.505955579565402	LYS:1046	LYS	NZ	2.717875186754721	1.0	1.0	LYS:1046	LYS	NZ	2.717875186754721	HOH:1337	O	4.455042736319438	0.0	9.0	salt_bridge_like			intermediate	PTR:1054	PTR	12.99884298325022	0.0	0.0		modified	1.5963783421075306	76.74926385940074	103.86242805996847	same	lateral	-152.11517670571504	27.505955579565402
P29597	7UYU	A	1054	PTR_only_multi_2	2	2	2.05	PTR	217		2	889-932,941-968,974-1049,1052-1057,1063-1177	889-932,941-968,974-1049,1052-1057,1063-1177	PTR,PTR	/mnt/c/Users/drpat/OneDrive - UGent/Desktop/PD/Phospho-fill/Validation-allPDB/pdb_cache/7uyu.cif	PTR	PTR	OH	CZ	ok	1.616413882815703	121.53603409839951	99.59601113076158	-80.3279223147708	HIS:1052	HIS	ND1	2.9307648794618	1.0	1.0	HIS:1052	HIS	ND1	2.9307648794618				0.0	8.0	salt_bridge_like			intermediate	PTR:1055	PTR	13.27138722504144	0.0	0.0		modified	1.616413882815703	42.672845305340424		same	toward	99.59601113076158	-80.3279223147708
P29597	7UYU	A	1055	PTR_only_multi_2	2	2	2.05	PTR	217		2	889-932,941-968,974-1049,1052-1057,1063-1177	889-932,941-968,974-1049,1052-1057,1063-1177	PTR,PTR	/mnt/c/Users/drpat/OneDrive - UGent/Desktop/PD/Phospho-fill/Validation-allPDB/pdb_cache/7uyu.cif	PTR	PTR	OH	CZ	ok	1.6197668494649493	127.34712369762214	-172.01090650898632	7.9436879211417875	LYS:1046	LYS	CE	3.5677910347743995	1.0	1.0	ARG:1022	ARG	NH1	7.05075536462974				0.0	5.0	none_obvious			intermediate	PTR:1054	PTR	13.27138722504144	0.0	0.0		modified	1.6197668494649493	96.33024795489311		same	lateral	-172.01090650898632	7.9436879211417875
P52333	7UYV	B	980	PTR_only_multi_2	2	2	2.15	PTR	263		2	814-891,895-1100	814-891,895-1100	PTR,PTR	/mnt/c/Users/drpat/OneDrive - UGent/Desktop/PD/Phospho-fill/Validation-allPDB/pdb_cache/7uyv.cif	PTR	PTR	OH	CZ	ok	1.6150376615416022	122.181865716997	-69.30235911695428	110.08395560927259	LYS:978	LYS	CE	3.8747819620265402	1.0	1.0	LYS:978	LYS	NZ	5.18986392181409	HOH:1390	O	6.201280557221301	0.0	5.0	none_obvious			intermediate	PTR:981	PTR	12.67093767624712	0.0	0.0		modified	1.6150376615416022	60.60445487403223	120.45560897001783	same	lateral	-69.30235911695428	110.08395560927259
P52333	7UYV	B	981	PTR_only_multi_2	2	2	2.15	PTR	263		2	814-891,895-1100	814-891,895-1100	PTR,PTR	/mnt/c/Users/drpat/OneDrive - UGent/Desktop/PD/Phospho-fill/Validation-allPDB/pdb_cache/7uyv.cif	PTR	PTR	OH	CZ	ok	1.6184688300685743	123.20661337696228	124.62266720958914	-54.732009544988024	LYS:972	LYS	NZ	2.761380752331666	2.0	2.0	LYS:972	LYS	NZ	2.761380752331666	HOH:1407	O	3.1090374319635745	1.0	10.0	salt_bridge_like			intermediate	PTR:980	PTR	12.67093767624712	0.0	0.0		modified	1.6184688300685743	35.25790427826566	78.53458318524683	same	toward	124.62266720958914	-54.732009544988024
P00519	7W7X	A	393	PTR_single	1	1	2.00000937681	PTR	89		4	232-275,278-500	232-275,278-500	PTR	/mnt/c/Users/drpat/OneDrive - UGent/Desktop/PD/Phospho-fill/Validation-allPDB/pdb_cache/7w7x.cif	PTR	PTR	OH	CZ	ok	1.604580030398407	131.38799414246392	-26.24257451537386	151.38564178436232	HIS:396	HIS	ND1	2.7418623637748154	2.0	2.0	HIS:396	HIS	ND1	2.7418623637748154	HOH:722	O	2.549548388114896	2.0	16.0	salt_bridge_like			exposed				0.0	0.0		modified	1.604580030398407	60.41090087456988	67.25226926786077	same	lateral	-26.24257451537386	151.38564178436232
P00519	7W7Y	A	393	PTR_single	1	1	2.20003021871	PTR	90		4	232-500	232-500	PTR	/mnt/c/Users/drpat/OneDrive - UGent/Desktop/PD/Phospho-fill/Validation-allPDB/pdb_cache/7w7y.cif	PTR	PTR	OH	CZ	ok	1.6120393883374764	126.94181613503866	-5.8212586541113795	173.93633964173716	HIS:396	HIS	ND1	3.3048811245249237	2.0	2.0	HIS:396	HIS	ND1	3.3048811245249237	HOH:707	O	2.293173031717738	3.0	17.0	salt_bridge_like			exposed				0.0	0.0		modified	1.6120393883374764	68.47226903285967	81.69004354673115	same	lateral	-5.8212586541113795	173.93633964173716
Q13627	7ZH8	A	321	PTR_single	1	1	2.3	PTR	333		2	135-482	135-482	PTR	/mnt/c/Users/drpat/OneDrive - UGent/Desktop/PD/Phospho-fill/Validation-allPDB/pdb_cache/7zh8.cif	PTR	PTR	OH	CZ	ok	1.5951600655050144	131.5736419977889	-67.04128197325952	107.87934352115023	ARG:328	ARG	NH2	2.7663433268274638	2.0	2.0	ARG:328	ARG	NH2	2.7663433268274638	HOH:703	O	2.8393784261069652	2.0	16.0	salt_bridge_like			exposed				0.0	0.0		modified	1.5951600655050144	65.32632633533213	33.31408606346486	same	lateral	-67.04128197325952	107.87934352115023
P49841	8AV1	A	216	PTR_single	1	1	2.15	PTR	257		3	27-119,124-381	27-119,124-381	PTR	/mnt/c/Users/drpat/OneDrive - UGent/Desktop/PD/Phospho-fill/Validation-allPDB/pdb_cache/8av1.cif	PTR	PTR	OH	CZ	ok	1.5580566536202494	125.32585945102902	82.03014471483075	-95.54245825208288	ARG:220	ARG	NH2	2.799000775762097	2.0	2.0	ARG:220	ARG	NH2	2.799000775762097	HOH:508	O	2.5331946176448543	2.0	17.0	salt_bridge_like			exposed				0.0	0.0		modified	1.5580566536202494	33.38613947710352	71.95687273403658	same	toward	82.03014471483075	-95.54245825208288
O60674	8BM2	A	1007	PTR_only_multi_2	2	2	1.5	PTR	76		2	840-1132	840-1132	PTR,PTR	/mnt/c/Users/drpat/OneDrive - UGent/Desktop/PD/Phospho-fill/Validation-allPDB/pdb_cache/8bm2.cif	PTR	PTR	OH	CZ	ok	1.6175122337856913	124.9253824494241	-23.309103493967584	156.3520165504798	LYS:1030	LYS	NZ	3.236469786032768	2.0	2.0	LYS:1030	LYS	NZ	3.236469786032768	HOH:1442	O	4.614945243730814	0.0	7.0	salt_bridge_like			intermediate	PTR:1008	PTR	15.043817040318556	0.0	0.0		modified	1.6175122337856913	76.15403995837525	83.89942867353871	same	lateral	-23.309103493967584	156.3520165504798
O60674	8BM2	A	1008	PTR_only_multi_2	2	2	1.5	PTR	76		2	840-1132	840-1132	PTR,PTR	/mnt/c/Users/drpat/OneDrive - UGent/Desktop/PD/Phospho-fill/Validation-allPDB/pdb_cache/8bm2.cif	PTR	PTR	OH	CZ	ok	1.5903843701870102	131.8751935880565	115.31663240937061	-59.291858929163894	LYS:999	LYS	NZ	3.1257710091936493	1.0	2.0	LYS:999	LYS	NZ	3.1257710091936493	HOH:1318	O	2.5728775821405545	3.0	5.0	salt_bridge_like			exposed	PTR:1007	PTR	15.043817040318556	0.0	0.0		modified	1.5903843701870102	44.37285151796066	36.46885657412545	same	toward	115.31663240937061	-59.291858929163894
O60674	8BPV	A	1007	PTR_only_multi_2	2	2	1.7	PTR	77		2	840-1132	840-1132	PTR,PTR	/mnt/c/Users/drpat/OneDrive - UGent/Desktop/PD/Phospho-fill/Validation-allPDB/pdb_cache/8bpv.cif	PTR	PTR	OH	CZ	ok	1.6151886192211007	123.1492952382705	-46.145420407144556	132.61190793953318	LYS:1030	LYS	NZ	2.78103795536912	1.0	1.0	LYS:1030	LYS	NZ	2.78103795536912	HOH:1484	O	7.00770242132052	0.0	3.0	salt_bridge_like			intermediate	PTR:1008	PTR	15.016247354768957	0.0	0.0		modified	1.6151886192211007	67.26315216914941	95.14293073869526	same	lateral	-46.145420407144556	132.61190793953318
O60674	8BPV	A	1008	PTR_only_multi_2	2	2	1.7	PTR	77		2	840-1132	840-1132	PTR,PTR	/mnt/c/Users/drpat/OneDrive - UGent/Desktop/PD/Phospho-fill/Validation-allPDB/pdb_cache/8bpv.cif	PTR	PTR	OH	CZ	ok	1.606937346850511	128.81575903940234	97.17160804200873	-78.40694141135639	LYS:999	LYS	NZ	2.984204658202942	1.0	2.0	LYS:999	LYS	NZ	2.984204658202942	HOH:1339	O	2.6416243784659197	2.0	8.0	salt_bridge_like			exposed	PTR:1007	PTR	15.016247354768957	0.0	0.0		modified	1.606937346850511	46.001169902220354	60.27115092623121	same	toward	97.17160804200873	-78.40694141135639
O60674	8BPW	A	1007	PTR_only_multi_2	2	2	1.8	PTR	78		2	840-1132	840-1132	PTR,PTR	/mnt/c/Users/drpat/OneDrive - UGent/Desktop/PD/Phospho-fill/Validation-allPDB/pdb_cache/8bpw.cif	PTR	PTR	OH	CZ	ok	1.6294545645675584	126.05785145085387	-43.76290713731831	135.15453915178634	LYS:1005	LYS	NZ	2.949963493492998	2.0	2.0	LYS:1005	LYS	NZ	2.949963493492998	HOH:1468	O	5.065978836497423	0.0	6.0	salt_bridge_like			intermediate	PTR:1008	PTR	14.898155605988121	0.0	0.0		modified	1.6294545645675584	84.48937996920252	92.67783042394308	opposite	lateral	-43.76290713731831	135.15453915178634
O60674	8BPW	A	1008	PTR_only_multi_2	2	2	1.8	PTR	78		2	840-1132	840-1132	PTR,PTR	/mnt/c/Users/drpat/OneDrive - UGent/Desktop/PD/Phospho-fill/Validation-allPDB/pdb_cache/8bpw.cif	PTR	PTR	OH	CZ	ok	1.5931697884951395	132.8452665093421	111.85297434091785	-62.818352205014314	LYS:999	LYS	NZ	3.409208535657862	1.0	1.0	LYS:999	LYS	NZ	3.409208535657862	HOH:1379	O	2.7072191616456416	2.0	5.0	salt_bridge_like			exposed	PTR:1007	PTR	14.898155605988121	0.0	0.0		modified	1.5931697884951395	47.22778764665078	72.06365956128776	same	toward	111.85297434091785	-62.818352205014314
O60674	8BX6	A	1007	PTR_only_multi_2	2	2	1.5	PTR	79		2	840-1132	840-1132	PTR,PTR	/mnt/c/Users/drpat/OneDrive - UGent/Desktop/PD/Phospho-fill/Validation-allPDB/pdb_cache/8bx6.cif	PTR	PTR	OH	CZ	ok	1.6127048054595987	125.04849013984325	-37.442872861602254	141.08008011658515	LYS:1005	LYS	NZ	2.8283021508431943	2.0	2.0	LYS:1005	LYS	NZ	2.8283021508431943	HOH:1353	O	4.182575487324182	0.0	6.0	salt_bridge_like			intermediate	PTR:1008	PTR	14.881641259263944	0.0	0.0		modified	1.6127048054595987	80.50726694251274	72.80744856558414	opposite	lateral	-37.442872861602254	141.08008011658515
O60674	8BX6	A	1008	PTR_only_multi_2	2	2	1.5	PTR	79		2	840-1132	840-1132	PTR,PTR	/mnt/c/Users/drpat/OneDrive - UGent/Desktop/PD/Phospho-fill/Validation-allPDB/pdb_cache/8bx6.cif	PTR	PTR	OH	CZ	ok	1.581745421908414	132.95239455441813	102.36234293702493	-70.13628527506454	LYS:999	LYS	NZ	3.0465012600935784	1.0	1.0	LYS:999	LYS	NZ	3.0465012600935784	HOH:1420	O	2.8256005668612514	1.0	6.0	salt_bridge_like			intermediate	PTR:1007	PTR	14.881641259263944	0.0	0.0		modified	1.581745421908414	49.04814779137453	67.40583965011088	same	toward	102.36234293702493	-70.13628527506454
O60674	8BX9	A	1007	PTR_only_multi_2	2	2	1.4	PTR	80		2	840-1132	840-1132	PTR,PTR	/mnt/c/Users/drpat/OneDrive - UGent/Desktop/PD/Phospho-fill/Validation-allPDB/pdb_cache/8bx9.cif	PTR	PTR	OH	CZ	ok	1.614101693832687	125.00789617051332	-44.88078975053152	133.33188718872066	LYS:1005	LYS	NZ	2.7709313754354574	2.0	2.0	LYS:1005	LYS	NZ	2.7709313754354574	HOH:1312	O	4.480406063356238	0.0	6.0	salt_bridge_like			intermediate	PTR:1008	PTR	15.039382550757384	0.0	0.0		modified	1.614101693832687	85.64098311359216	69.25085049940081	opposite	lateral	-44.88078975053152	133.33188718872066
O60674	8BX9	A	1008	PTR_only_multi_2	2	2	1.4	PTR	80		2	840-1132	840-1132	PTR,PTR	/mnt/c/Users/drpat/OneDrive - UGent/Desktop/PD/Phospho-fill/Validation-allPDB/pdb_cache/8bx9.cif	PTR	PTR	OH	CZ	ok	1.6127945569498852	132.67771944241088	88.57050154876045	-85.8546618922667	LYS:999	LYS	NZ	2.7702487710719734	1.0	2.0	LYS:999	LYS	NZ	2.7702487710719734	HOH:1389	O	2.7752830562388073	2.0	6.0	salt_bridge_like			exposed	PTR:1007	PTR	15.039382550757384	0.0	0.0		modified	1.6127945569498852	46.46415483322959	64.22524411756355	same	toward	88.57050154876045	-85.8546618922667
O60674	8BXC	A	1007	PTR_only_multi_2	2	2	1.9	PTR	81		2	840-1132	840-1132	PTR,PTR	/mnt/c/Users/drpat/OneDrive - UGent/Desktop/PD/Phospho-fill/Validation-allPDB/pdb_cache/8bxc.cif	PTR	PTR	OH	CZ	ok	1.6107024533174228	122.8589855638443	139.78119484075452	-39.19603427402115	LYS:1030	LYS	NZ	2.646625300416396	2.0	2.0	LYS:1030	LYS	NZ	2.646625300416396	HOH:1402	O	5.24847593368026	0.0	6.0	salt_bridge_like			intermediate	PTR:1008	PTR	14.67284071100999	0.0	0.0		modified	1.6107024533174228	67.60966634973664	91.42172511146532	same	lateral	139.78119484075452	-39.19603427402115
O60674	8BXC	A	1008	PTR_only_multi_2	2	2	1.9	PTR	81		2	840-1132	840-1132	PTR,PTR	/mnt/c/Users/drpat/OneDrive - UGent/Desktop/PD/Phospho-fill/Validation-allPDB/pdb_cache/8bxc.cif	PTR	PTR	OH	CZ	ok	1.6174954523128902	127.08051775422571	-171.25328115701623	8.322019224918272	LYS:999	LYS	NZ	4.217427265915113	0.0	2.0	LYS:999	LYS	NZ	4.217427265915113	HOH:1443	O	3.075589154055159	1.0	9.0	water_mediated_like			intermediate	PTR:1007	PTR	14.67284071100999	0.0	0.0		modified	1.6174954523128902	97.57270528499464	60.82367688256311	same	lateral	-171.25328115701623	8.322019224918272
O60674	8BXH	A	1007	PTR_only_multi_2	2	2	1.3	PTR	82		2	840-1132	840-1132	PTR,PTR	/mnt/c/Users/drpat/OneDrive - UGent/Desktop/PD/Phospho-fill/Validation-allPDB/pdb_cache/8bxh.cif	PTR	PTR	OH	CZ	ok	1.6141479601107707	123.90857108499259	-45.77729728276486	133.22969956755867	LYS:1030	LYS	NZ	2.8205147678887172	2.0	2.0	LYS:1030	LYS	NZ	2.8205147678887172	HOH:1304	O	4.210509545648852	0.0	6.0	salt_bridge_like			intermediate	PTR:1008	PTR	14.954228353256378	0.0	0.0		modified	1.6141479601107707	67.33018998273505	69.71824620283977	same	lateral	-45.77729728276486	133.22969956755867
O60674	8BXH	A	1008	PTR_only_multi_2	2	2	1.3	PTR	82		2	840-1132	840-1132	PTR,PTR	/mnt/c/Users/drpat/OneDrive - UGent/Desktop/PD/Phospho-fill/Validation-allPDB/pdb_cache/8bxh.cif	PTR	PTR	OH	CZ	ok	1.6123908030090754	132.38459692065987	103.93208412516118	-70.70289320870727	LYS:999	LYS	NZ	2.6658994140893415	1.0	1.0	LYS:999	LYS	NZ	2.6658994140893415	HOH:1439	O	2.9036987169205335	1.0	5.0	salt_bridge_like			intermediate	PTR:1007	PTR	14.954228353256378	0.0	0.0		modified	1.6123908030090754	43.57282821802191	69.45983211386955	same	toward	103.93208412516118	-70.70289320870727
Q9Y463	8C2Z	A	273	PTR_single	1	1	1.91	PTR	364		1	88-381,395-434	88-381,395-434	PTR	/mnt/c/Users/drpat/OneDrive - UGent/Desktop/PD/Phospho-fill/Validation-allPDB/pdb_cache/8c2z.cif	PTR	PTR	OH	CZ	ok	1.608121569436326	121.54378066922825	111.55351599508431	-66.69123183872007	ARG:277	ARG	NH2	2.6379422162594572	2.0	2.0	ARG:277	ARG	NH2	2.6379422162594572	HOH:696	O	2.8586179758431216	3.0	15.0	salt_bridge_like			exposed				0.0	0.0		modified	1.608121569436326	31.32811726532217	34.08518719051924	same	toward	111.55351599508431	-66.69123183872007
Q13627	8C3G	A	321	PTR_single	1	1	2.08	PTR	334		2	134-409,413-480	134-409,413-480	PTR	/mnt/c/Users/drpat/OneDrive - UGent/Desktop/PD/Phospho-fill/Validation-allPDB/pdb_cache/8c3g.cif	PTR	PTR	OH	CZ	ok	1.6282376516968435	126.00834054638452	104.44335472108224	-73.67565014002253	ARG:328	ARG	NH2	2.830531434680267	2.0	2.0	ARG:328	ARG	NH2	2.830531434680267	HOH:601	O	2.2453566266678253	3.0	14.0	salt_bridge_like			exposed				0.0	0.0		modified	1.6282376516968435	52.7709739227994	60.25456141068487	same	toward	104.44335472108224	-73.67565014002253
Q13627	8C3Q	A	321	PTR_single	1	1	2.32	PTR	335		2	134-400,402-409,412-480	134-400,402-409,412-480	PTR	/mnt/c/Users/drpat/OneDrive - UGent/Desktop/PD/Phospho-fill/Validation-allPDB/pdb_cache/8c3q.cif	PTR	PTR	OH	CZ	ok	1.5604657243645992	124.15758355115383	-79.72531976676953	99.84502515698063	ARG:325	ARG	NH1	2.7295938475928487	2.0	2.0	ARG:325	ARG	NH1	2.7295938475928487	HOH:659	O	2.7921265317287713	2.0	14.0	salt_bridge_like			exposed				0.0	0.0		modified	1.5604657243645992	28.828894629854094	20.5137604787775	same	toward	-79.72531976676953	99.84502515698063
Q13627	8C3R	A	321	PTR_single	1	1	2.06	PTR	336		2	135-480	135-480	PTR	/mnt/c/Users/drpat/OneDrive - UGent/Desktop/PD/Phospho-fill/Validation-allPDB/pdb_cache/8c3r.cif	PTR	PTR	OH	CZ	ok	1.6019246758940109	124.36559274458645	100.53037989826859	-77.95652308360702	ARG:328	ARG	NH2	2.797922414221456	2.0	2.0	ARG:328	ARG	NH2	2.797922414221456	HOH:718	O	2.7787055591759624	3.0	15.0	salt_bridge_like			exposed				0.0	0.0		modified	1.6019246758940109	55.55602181271171	26.25843730379057	same	toward	100.53037989826859	-77.95652308360702
P01112	8CNN	A	64	PTR_single	1	1	1.48	PTR	100		1	1-166	1-166	PTR	/mnt/c/Users/drpat/OneDrive - UGent/Desktop/PD/Phospho-fill/Validation-allPDB/pdb_cache/8cnn.cif	PTR	PTR	OH	CZ	ok	1.5868028097061417	125.69359591415987	-147.41337782436423	31.687084165869937					0.0	0.0	ASP:33	ASP	OD1	7.190360645582881	HOH:303	O	2.4320029157414087	2.0	5.0	water_mediated_like			exposed				0.0	0.0		modified	1.5868028097061417		67.96698046523935			-147.41337782436423	31.687084165869937
O60674	8G6Z	A	1007	PTR_single	1	1	2.45	PTR	83		2	843-918,923-1010,1013-1067,1070-1131	843-918,923-1010,1013-1067,1070-1131	PTR	/mnt/c/Users/drpat/OneDrive - UGent/Desktop/PD/Phospho-fill/Validation-allPDB/pdb_cache/8g6z.cif	PTR	PTR	OH	CZ	ok	1.5892532051449288	125.42496484914659	-45.82116043394289	132.8173773032536	LYS:1030	LYS	NZ	2.512138081306108	2.0	2.0	LYS:1030	LYS	NZ	2.512138081306108				0.0	6.0	salt_bridge_like			intermediate				0.0	0.0		modified	1.5892532051449288	65.7812968027733		same	lateral	-45.82116043394289	132.8173773032536
O60674	8G8O	A	1007	PTR_only_multi_2	2	2	2.2	PTR	84		2	842-885,888-919,921-1066,1071-1130	842-885,888-919,921-1066,1071-1130	PTR,PTR	/mnt/c/Users/drpat/OneDrive - UGent/Desktop/PD/Phospho-fill/Validation-allPDB/pdb_cache/8g8o.cif	PTR	PTR	OH	CZ	ok	1.6028306472910512	124.08679448846227	141.3252602299438	-41.129888755655465	LYS:1030	LYS	NZ	3.7389938454596803	2.0	2.0	LYS:1030	LYS	NZ	3.7389938454596803	HOH:1342	O	6.7797086132888955	0.0	8.0	none_obvious			intermediate	PTR:1008	PTR	14.53638110805901	0.0	0.0		modified	1.6028306472910512	70.4358149679172	166.42827595371506	same	lateral	141.3252602299438	-41.129888755655465
O60674	8G8O	A	1008	PTR_only_multi_2	2	2	2.2	PTR	84		2	842-885,888-919,921-1066,1071-1130	842-885,888-919,921-1066,1071-1130	PTR,PTR	/mnt/c/Users/drpat/OneDrive - UGent/Desktop/PD/Phospho-fill/Validation-allPDB/pdb_cache/8g8o.cif	PTR	PTR	OH	CZ	ok	1.5863403040248532	125.37361792186748	152.72158010338717	-26.834038921894315	ARG:897	ARG	NH2	3.1825629530483956	2.0	3.0	ARG:897	ARG	NH2	3.1825629530483956	HOH:1343	O	6.166602244986162	0.0	11.0	salt_bridge_like			intermediate	PTR:1007	PTR	14.53638110805901	0.0	0.0		modified	1.5863403040248532	31.218339423951008	131.94970738606713	same	toward	152.72158010338717	-26.834038921894315
O60674	8G8X	B	1007	PTR_only_multi_2	2	2	1.97	PTR	85		2	842-1011,1015-1066,1070-1130	842-1011,1015-1066,1070-1130	PTR,PTR	/mnt/c/Users/drpat/OneDrive - UGent/Desktop/PD/Phospho-fill/Validation-allPDB/pdb_cache/8g8x.cif	PTR	PTR	OH	CZ	ok	1.5664562424961401	126.40392398314731	31.500165364056674	-142.9930435829685	LYS:1005	LYS	CE	3.699439395992525	1.0	2.0	LYS:1030	LYS	NZ	4.12135075655976	HOH:1334	O	2.7050965554955932	1.0	7.0	water_mediated_like			intermediate	PTR:1008	PTR	13.628532244008559	0.0	0.0		modified	1.5664562424961401	97.81198815456067	84.00347341107903	opposite	lateral	31.500165364056674	-142.9930435829685
O60674	8G8X	B	1008	PTR_only_multi_2	2	2	1.97	PTR	85		2	842-1011,1015-1066,1070-1130	842-1011,1015-1066,1070-1130	PTR,PTR	/mnt/c/Users/drpat/OneDrive - UGent/Desktop/PD/Phospho-fill/Validation-allPDB/pdb_cache/8g8x.cif	PTR	PTR	OH	CZ	ok	1.5633643853032104	124.58394464420932	-169.28971519057131	7.568490657862139	ARG:897	ARG	NH1	2.902525796560802	1.0	2.0	ARG:897	ARG	NH1	2.902525796560802	HOH:1320	O	3.275570378620794	1.0	9.0	salt_bridge_like			intermediate	PTR:1007	PTR	13.628532244008559	0.0	0.0		modified	1.5633643853032104	42.39315076036368	70.09352393913083	same	toward	-169.28971519057131	7.568490657862139
P00519	8H7F	A	393	PTR_single	1	1	2.4501342407	PTR	91		4	232-273,276-500	232-273,276-500	PTR	/mnt/c/Users/drpat/OneDrive - UGent/Desktop/PD/Phospho-fill/Validation-allPDB/pdb_cache/8h7f.cif	PTR	PTR	OH	CZ	ok	1.6089977828910866	126.11155387746572	136.61211430500026	-41.16684277824825	ARG:362	ARG	NH1	2.3056599780958305	2.0	2.0	ARG:362	ARG	NH1	2.3056599780958305	HOH:727	O	3.400084637336882	1.0	18.0	salt_bridge_like			intermediate				0.0	0.0		modified	1.6089977828910866	58.001322762784085	111.93953238152825	same	toward	136.61211430500026	-41.16684277824825
P00519	8H7H	A	393	PTR_single	1	1	2.27789711576	PTR	92		4	232-500	232-500	PTR	/mnt/c/Users/drpat/OneDrive - UGent/Desktop/PD/Phospho-fill/Validation-allPDB/pdb_cache/8h7h.cif	PTR	PTR	OH	CZ	ok	1.6103953232553923	123.38233075375547	29.24805657692905	-150.14163605242655	ARG:362	ARG	NH2	2.956416287914097	2.0	2.0	ARG:362	ARG	NH2	2.956416287914097	HOH:701	O	1.9421851781382315	5.0	16.0	salt_bridge_like			exposed				0.0	0.0		modified	1.6103953232553923	77.7402264109565	36.85019021814816	same	lateral	29.24805657692905	-150.14163605242655
P00519	8I7S	B	393	PTR_single	1	1	1.94635467805	PTR	93		4	232-274,280-500	232-274,280-500	PTR	/mnt/c/Users/drpat/OneDrive - UGent/Desktop/PD/Phospho-fill/Validation-allPDB/pdb_cache/8i7s.cif	PTR	PTR	OH	CZ	ok	1.6103947160470287	127.72073737203318	132.54006956439383	-44.65887034335928	LYS:285	LYS	NZ	2.8592484552941038	2.0	3.0	SER:385	SER	OG	2.8413494956912757	HOH:763	O	3.517175893032923	2.0	18.0	salt_bridge_like			exposed				0.0	0.0		modified	1.6103947160470287	60.93737043453125	94.35700153510335	same	lateral	132.54006956439383	-44.65887034335928
P00519	8I7Z	B	393	PTR_single	1	1	2.25495806781	PTR	94		4	232-248,250-273,277-500	232-248,250-273,277-500	PTR	/mnt/c/Users/drpat/OneDrive - UGent/Desktop/PD/Phospho-fill/Validation-allPDB/pdb_cache/8i7z.cif	PTR	PTR	OH	CZ	ok	1.6115939831355997	123.4855916221477	53.814513085671194	-125.21990707383384	HIS:396	HIS	NE2	3.732268953766448	1.0	2.0	SER:385	SER	OG	2.6386820606540065	HOH:760	O	7.100260514451182	0.0	12.0	hbond_like			intermediate				0.0	0.0		modified	1.6115939831355997	90.26500491450497	18.65406674061536	opposite	lateral	53.814513085671194	-125.21990707383384
P12931	8JN8	A	530	PTR_single	1	1	1.902	PTR	142		3	86-536	86-536	PTR	/mnt/c/Users/drpat/OneDrive - UGent/Desktop/PD/Phospho-fill/Validation-allPDB/pdb_cache/8jn8.cif	PTR	PTR	OH	CZ	ok	1.4948722996362145	123.98631226483143	-81.2403371674816	97.04980799686868	ARG:178	ARG	NH2	2.7379238963797055	2.0	4.0	ARG:178	ARG	NH2	2.7379238963797055	HOH:846	O	2.818002477150859	2.0	35.0	salt_bridge_like			exposed				0.0	0.0		modified	1.4948722996362145	55.14506662134367	22.16611318509228	same	toward	-81.2403371674816	97.04980799686868
Q13627	8R8E	A	321	PTR_single	1	1	2.22	PTR	337		2	135-481	135-481	PTR	/mnt/c/Users/drpat/OneDrive - UGent/Desktop/PD/Phospho-fill/Validation-allPDB/pdb_cache/8r8e.cif	PTR	PTR	OH	CZ	ok	1.608687909703663	130.8637767853637	-69.36240678279631	106.14929048332458	ARG:325	ARG	NH1	2.7503121224550435	2.0	2.0	ARG:325	ARG	NH1	2.7503121224550435	HOH:702	O	2.781492568186353	1.0	20.0	salt_bridge_like			intermediate				0.0	0.0		modified	1.608687909703663	18.81457470449738	32.93094914781209	same	toward	-69.36240678279631	106.14929048332458
P43405	8RRQ	A	525	PTR_only_multi_2	2	2	1.6	PTR	231		3	363-529,532-632	363-529,532-632	PTR,PTR	/mnt/c/Users/drpat/OneDrive - UGent/Desktop/PD/Phospho-fill/Validation-allPDB/pdb_cache/8rrq.cif	PTR	PTR	OH	CZ	ok	1.5959368740428022	126.37486274750823	-17.227447798775522	161.4944527527292	LYS:548	LYS	NZ	3.13735473600985	1.0	1.0	GLU:523	GLU	OE1	2.931142003540749	HOH:843	O	4.317094440097941	0.0	9.0	salt_bridge_like			intermediate	PTR:526	PTR	14.373229805152599	0.0	0.0		modified	1.5959368740428022	79.38894521143422	81.88329037262129	same	lateral	-17.227447798775522	161.4944527527292
P43405	8RRQ	A	526	PTR_only_multi_2	2	2	1.6	PTR	231		3	363-529,532-632	363-529,532-632	PTR,PTR	/mnt/c/Users/drpat/OneDrive - UGent/Desktop/PD/Phospho-fill/Validation-allPDB/pdb_cache/8rrq.cif	PTR	PTR	OH	CZ	ok	1.5998253974369734	125.6936120205216	178.1656112752656	-1.1326410394643036	LYS:517	LYS	NZ	3.5957312107620902	1.0	1.0	LYS:517	LYS	NZ	3.5957312107620902	HOH:804	O	2.401041704275739	1.0	12.0	water_mediated_like			intermediate	PTR:525	PTR	14.373229805152599	0.0	0.0		modified	1.5998253974369734	78.42053257672703	52.85141726634292	opposite	lateral	178.1656112752656	-1.1326410394643036
P43405	8RRZ	A	525	PTR_only_multi_2	2	2	1.75	PTR	232		3	363-406,412-529,534-633	363-406,412-529,534-633	PTR,PTR	/mnt/c/Users/drpat/OneDrive - UGent/Desktop/PD/Phospho-fill/Validation-allPDB/pdb_cache/8rrz.cif	PTR	PTR	OH	CZ	ok	1.604858114755008	128.27113189106032	-40.06488871071573	134.85985909853295	LYS:548	LYS	CE	2.7078006249148863	1.0	1.0	LYS:548	LYS	NZ	3.0781845696481707	HOH:818	O	4.672110436925527	0.0	7.0	salt_bridge_like			intermediate	PTR:526	PTR	14.279834760375847	0.0	0.0		modified	1.604858114755008	77.76469565428683	99.348836932266	same	lateral	-40.06488871071573	134.85985909853295
P43405	8RRZ	A	526	PTR_only_multi_2	2	2	1.75	PTR	232		3	363-406,412-529,534-633	363-406,412-529,534-633	PTR,PTR	/mnt/c/Users/drpat/OneDrive - UGent/Desktop/PD/Phospho-fill/Validation-allPDB/pdb_cache/8rrz.cif	PTR	PTR	OH	CZ	ok	1.6123413772283794	128.86494947065202	147.61985017169047	-31.06771940273111	LYS:517	LYS	NZ	3.9844431037974446	1.0	1.0	LYS:517	LYS	NZ	3.9844431037974446	HOH:815	O	2.8197914941199436	1.0	15.0	water_mediated_like			intermediate	PTR:525	PTR	14.279834760375847	0.0	0.0		modified	1.6123413772283794	96.90313546055772	94.9370460282737	opposite	lateral	147.61985017169047	-31.06771940273111
P23458	8S85	A	1034	PTR_only_multi_2	2	2	1.75	PTR	189		2	854-911,917-945,950-1154	854-911,917-945,950-1154	PTR,PTR	/mnt/c/Users/drpat/OneDrive - UGent/Desktop/PD/Phospho-fill/Validation-allPDB/pdb_cache/8s85.cif	PTR	PTR	OH	CZ	ok	1.610059723912576	125.64482335095961	-129.6913637396604	48.24537575556894	LYS:1057	LYS	NZ	3.9077684326307076	1.0	2.0	LYS:1057	LYS	NZ	3.9077684326307076	HOH:1494	O	7.930377419412803	0.0	4.0	none_obvious			intermediate	PTR:1035	PTR	14.111165435392502	0.0	0.0		modified	1.610059723912576	107.4443794361032	119.09096892579579	opposite	lateral	-129.6913637396604	48.24537575556894
P23458	8S85	A	1035	PTR_only_multi_2	2	2	1.75	PTR	189		2	854-911,917-945,950-1154	854-911,917-945,950-1154	PTR,PTR	/mnt/c/Users/drpat/OneDrive - UGent/Desktop/PD/Phospho-fill/Validation-allPDB/pdb_cache/8s85.cif	PTR	PTR	OH	CZ	ok	1.6254492666963423	128.6583611046593	1.829310932324637	-177.8849834220346	LYS:1026	LYS	NZ	3.3533760750968273	1.0	3.0	LYS:1026	LYS	NZ	3.3533760750968273	HOH:1450	O	4.8727607409528595	0.0	9.0	salt_bridge_like			intermediate	PTR:1034	PTR	14.111165435392502	0.0	0.0		modified	1.6254492666963423	80.96772175583091	70.18537641773882	same	lateral	1.829310932324637	-177.8849834220346
Q13627	8T2H	B	321	PTR_single	1	1	1.85	PTR	338		2	135-408,414-481	135-408,414-481	PTR	/mnt/c/Users/drpat/OneDrive - UGent/Desktop/PD/Phospho-fill/Validation-allPDB/pdb_cache/8t2h.cif	PTR	PTR	OH	CZ	ok	1.5702154208860277	122.54196280093439	46.25764924918697	-130.24391804668429	LYS:390	LYS	CE	4.505713005738439	0.0	1.0	GLN:320	GLN	NE2	2.2784186081991273	HOH:676	O	2.70840771741247	1.0	7.0	hbond_like			intermediate				0.0	0.0		modified	1.5702154208860277	58.444399530228914	68.86198265288431	same	toward	46.25764924918697	-130.24391804668429
P05480	8XN8	A	529	PTR_single	1	1	1.95	PTR	101		1	85-534	85-534	PTR	/mnt/c/Users/drpat/OneDrive - UGent/Desktop/PD/Phospho-fill/Validation-allPDB/pdb_cache/8xn8.cif	PTR	PTR	OH	CZ	ok	1.5570936631041352	125.02003702174999	106.83273131963534	-70.9539167364617	ARG:177	ARG	NH2	2.764065323550653	2.0	4.0	THR:181	THR	OG1	2.5575299199330823	HOH:785	O	2.6183646388225648	1.0	38.0	salt_bridge_like			buried				0.0	0.0		modified	1.5570936631041352	63.204625625690824	56.49228479002739	same	lateral	106.83273131963534	-70.9539167364617
Q13627	8YEV	A	321	PTR_single	1	1	2.25152331476	PTR	339		2	135-480	135-480	PTR	/mnt/c/Users/drpat/OneDrive - UGent/Desktop/PD/Phospho-fill/Validation-allPDB/pdb_cache/8yev.cif	PTR	PTR	OH	CZ	ok	1.6070297717556967	127.79064053059031	-70.38471960322688	106.55225248541335	ARG:325	ARG	NH2	2.838227779090496	2.0	2.0	ARG:325	ARG	NH2	2.838227779090496	HOH:679	O	2.7359220188283735	3.0	14.0	salt_bridge_like			exposed				0.0	0.0		modified	1.6070297717556967	24.24690512961234	29.904299708368995	same	toward	-70.38471960322688	106.55225248541335
Q16539	9CJ1	A	182	PTR_single	1	1	1.8	PTR	344		2	5-116,119-120,123-169,182-351	5-116,119-120,123-169,182-351	PTR	/mnt/c/Users/drpat/OneDrive - UGent/Desktop/PD/Phospho-fill/Validation-allPDB/pdb_cache/9cj1.cif	PTR	PTR	OH	CZ	ok	1.610151930960578	119.46677534807145	-58.37281590111219	121.76946288922395	LYS:152	LYS	CE	4.360312860338042	0.0	1.0	THR:185	THR	OG1	3.314631977317809	HOH:517	O	2.4893670797212417	1.0	17.0	hbond_like			intermediate				0.0	0.0		modified	1.610151930960578	41.282448864024104	57.91441150553854	same	toward	-58.37281590111219	121.76946288922395
Q16539	9CJ3	A	182	PTR_single	1	1	1.95	PTR	345		2	4-175,181-352	4-175,181-352	PTR	/mnt/c/Users/drpat/OneDrive - UGent/Desktop/PD/Phospho-fill/Validation-allPDB/pdb_cache/9cj3.cif	PTR	PTR	OH	CZ	ok	1.7457627782898968	118.0203526751699	112.16816390241917	-66.09794058059701	ARG:186	ARG	NH2	2.9497786568757243	2.0	2.0	ARG:186	ARG	NH2	2.9497786568757243	HOH:576	O	2.66377515055579	2.0	22.0	salt_bridge_like			exposed				0.0	0.0		modified	1.7457627782898968	59.128307154372095	26.7947565215078	opposite	toward	112.16816390241917	-66.09794058059701
Q16539	9CJ4	A	182	PTR_single	1	1	1.8	PTR	346		2	5-110,114-116,119-173,181-352	5-110,114-116,119-173,181-352	PTR	/mnt/c/Users/drpat/OneDrive - UGent/Desktop/PD/Phospho-fill/Validation-allPDB/pdb_cache/9cj4.cif	PTR	PTR	OH	CZ	ok	1.7672420620726055	123.70115013965936	114.87805860973135	-64.12933248578291	ARG:186	ARG	NH2	2.823047708365951	1.0	1.0	ARG:186	ARG	NH2	2.823047708365951	HOH:510	O	2.3767900866563716	2.0	7.0	salt_bridge_like			exposed				0.0	0.0		modified	1.7672420620726055	60.507421036262414	91.48383147731894	opposite	lateral	114.87805860973135	-64.12933248578291
Q13627	9CY5	B	321	PTR_single	1	1	2.49	PTR	340		2	135-408,414-481	135-408,414-481	PTR	/mnt/c/Users/drpat/OneDrive - UGent/Desktop/PD/Phospho-fill/Validation-allPDB/pdb_cache/9cy5.cif	PTR	PTR	OH	CZ	ok	1.623604172180192	129.30274023031996	-36.64192495346141	138.88731353526515	ARG:325	ARG	NH1	2.691409052786964	2.0	2.0	ARG:325	ARG	NH1	2.691409052786964	HOH:617	O	2.6521430054539046	1.0	15.0	salt_bridge_like			intermediate				0.0	0.0		modified	1.623604172180192	22.842259554320417	65.52819798776991	same	toward	-36.64192495346141	138.88731353526515
P12931	9IRL	A	530	PTR_single	1	1	2.031	PTR	143		3	86-536	86-529,531-536	PTR	/mnt/c/Users/drpat/OneDrive - UGent/Desktop/PD/Phospho-fill/Validation-allPDB/pdb_cache/9irl.cif	PTR	PTR	OH	CZ	ok	1.6121936947225437	124.31218054281283	176.76242792610563	-3.178390960377024	ARG:178	ARG	NH2	3.0318857168240956	2.0	3.0	SER:180	SER	OG	2.658230796618871	HOH:710	O	2.44018387266374	1.0	35.0	salt_bridge_like			buried				0.0	0.0		modified	1.6121936947225437	91.72888163332439	53.296536129303576	same	lateral	176.76242792610563	-3.178390960377024
P00519	9KS5	B	393	PTR_single	1	1	2.2	PTR	95		4	233-500	233-500	PTR	/mnt/c/Users/drpat/OneDrive - UGent/Desktop/PD/Phospho-fill/Validation-allPDB/pdb_cache/9ks5.cif	PTR	PTR	OH	CZ	ok	1.6167382557717003	126.14268744189334	-155.66261516063102	23.140224664047857	HIS:396	HIS	NE2	3.4227493666647786	2.0	3.0	SER:385	SER	OG	2.659948215383619	HOH:603	O	2.0856764973933073	4.0	14.0	salt_bridge_like			exposed				0.0	0.0		modified	1.6167382557717003	86.71372684242435	76.15541715635328	opposite	lateral	-155.66261516063102	23.140224664047857
P49841	9PE9	A	216	PTR_single	1	1	2.11	PTR	258		3	36-45,48-119,125-285,294-382	36-45,48-119,125-285,294-382	PTR	/mnt/c/Users/drpat/OneDrive - UGent/Desktop/PD/Phospho-fill/Validation-allPDB/pdb_cache/9pe9.cif	PTR	PTR	OH	CZ	ok	1.5874964514902048	124.16502552126488	-89.08980971867295	87.54075719610272	ARG:220	ARG	NH2	2.724669086101961	2.0	2.0	ARG:220	ARG	NH2	2.724669086101961	HOH:1027	O	2.6797998890133674	3.0	17.0	salt_bridge_like			exposed				0.0	0.0		modified	1.5874964514902048	38.49781415091802	28.569277482696045	same	toward	-89.08980971867295	87.54075719610272
