acc_id	pdb_id	chain_id	target_position	subset_class	n_target_sites	n_context_sites	input_resolution	expected_resname	source_row_index	master_phospho_sites	master_site_count	mapped_uniprot_range	observed_uniprot_range	target_site_residues	structure_file	actual_resname	residue_class	anchor_atom	base_atom	status	d_anchor_p	angle_base_anchor_p	torsion_CA_CB_OG_P	nearest_basic_label	nearest_basic_resname	nearest_basic_atom	nearest_basic_dist	n_basic_within4	n_basic_within6	nearest_polar_label	nearest_polar_resname	nearest_polar_atom	nearest_polar_dist	nearest_water_label	nearest_water_atom	nearest_water_dist	n_water_within4	nonwater_heavy_within6	interaction_class	secondary_structure	rsa	exposure_class	nearest_other_ptm_label	nearest_other_ptm_resname	nearest_other_ptm_dist	n_other_ptm_within8	n_other_ptm_within12	other_ptm_neighbors	audit_mode	phosphate_vector_norm	phosphate_to_basic_angle_deg	phosphate_to_water_angle_deg	same_side_as_nearest_basic	orientation_toward_basic	ptr_torsion_ce1	ptr_torsion_ce2
Q582V7	10JU	A	71	SEP_single	1	1	2.15	SEP	240		1	54-207,233-347	54-207,233-347	SEP	/mnt/c/Users/drpat/OneDrive - UGent/Desktop/PD/Phospho-fill/Validation-allPDB/pdb_cache/10ju.cif	SEP	SEP	OG	CB	ok	1.6136464592881001	109.36190984076721	-28.861293876054276	HIS:100	HIS	NE2	2.9953667333587597	1.0	2.0	HIS:100	HIS	NE2	2.9953667333587597				0.0	9.0	salt_bridge_like			intermediate				0.0	0.0		modified	1.6136464592881001	64.68730586834309		opposite	lateral		
P07515	1FU0	A	46	SEP_single	1	1	1.9	SEP	113		1	1-87	1-87	SEP	/mnt/c/Users/drpat/OneDrive - UGent/Desktop/PD/Phospho-fill/Validation-allPDB/pdb_cache/1fu0.cif	SEP	SEP	OG	CB	ok	1.5854622240580971	110.67549245193021	8.398830617106807					0.0	0.0	ASN:43	ASN	OD1	5.169094018866708	HOH:212	O	2.6387955910985457	4.0	17.0	water_mediated_like			exposed				0.0	0.0		modified	1.5854622240580971		45.29476753768348				
P51584	1GKK	A	954	SEP_single	1	1	1.6	SEP	211		1	803-1077	803-1077	SEP	/mnt/c/Users/drpat/OneDrive - UGent/Desktop/PD/Phospho-fill/Validation-allPDB/pdb_cache/1gkk.cif	SEP	SEP	OG	CB	ok	1.606485192756335	113.78662515681968	41.728001558089524	HIS:1058	HIS	NE2	3.502773452106512	1.0	1.0	HIS:1058	HIS	NE2	3.502773452106512	HOH:2046	O	3.479939980669382	5.0	24.0	water_mediated_like			exposed				0.0	0.0		modified	1.606485192756335	87.18605161979184	30.131069381047556	opposite	lateral		
Q9PRS8	1GZ2	A	61	SEP_single	1	1	1.5	SEP	355		1	4-142	4-63,69-142	SEP	/mnt/c/Users/drpat/OneDrive - UGent/Desktop/PD/Phospho-fill/Validation-allPDB/pdb_cache/1gz2.cif	SEP	SEP	OG	CB	ok	1.5662183303207895	110.56890929714415	69.9887449350689					0.0	0.0	ASN:59	ASN	OD1	2.7873614327656724	HOH:2071	O	2.618449995937942	3.0	20.0	hbond_like			exposed				0.0	0.0		modified	1.5662183303207895		64.44866517835352				
O15530	1H1W	A	241	SEP_single	1	1	2.0	SEP	9		1	71-232,237-359	71-232,237-359	SEP	/mnt/c/Users/drpat/OneDrive - UGent/Desktop/PD/Phospho-fill/Validation-allPDB/pdb_cache/1h1w.cif	SEP	SEP	OG	CB	ok	1.4864018196159499	120.23376023559756	25.178670758379997	ARG:129	ARG	NH2	3.028407805283063	3.0	3.0	ARG:129	ARG	NH2	3.028407805283063	HOH:2114	O	5.765864607890957	0.0	23.0	salt_bridge_like			intermediate				0.0	0.0		modified	1.4864018196159499	30.35709714079783	22.078788208516944	opposite	toward		
O32723	1H4X	A	57	SEP_single	1	1	1.16	SEP	62		1	2-112	2-112	SEP	/mnt/c/Users/drpat/OneDrive - UGent/Desktop/PD/Phospho-fill/Validation-allPDB/pdb_cache/1h4x.cif	SEP	SEP	OG	CB	ok	1.536555568592753	97.39436135272022	54.589500922846	HIS:23	HIS	CD2	7.8550359642137995	0.0	0.0	ASP:56	ASP	OD2	3.6434133694895454	HOH:2133	O	2.6437066137194436	6.0	9.0	water_mediated_like			exposed				0.0	0.0		modified	1.536555568592753	92.87292211002159	45.84657089290891	same	lateral		
P26276	1K35	A	108	SEP_single	1	1	2.2	SEP	183		1	9-463	9-463	SEP	/mnt/c/Users/drpat/OneDrive - UGent/Desktop/PD/Phospho-fill/Validation-allPDB/pdb_cache/1k35.cif	SEP	SEP	OG	CB	ok	1.6462185335414241	116.31215117734857	-29.238345785108685	LYS:118	LYS	NZ	2.397284415182947	4.0	6.0	LYS:118	LYS	NZ	2.397284415182947	HOH:505	O	5.425173259398305	0.0	28.0	salt_bridge_like			buried				0.0	0.0		modified	1.6462185335414241	53.89844725232292	45.85856462546196	same	toward		
Q15796	1KHX	A	465	SEP_only_multi_2	2	2	1.8	SEP	234		3	265-467	265-467	SEP,SEP	/mnt/c/Users/drpat/OneDrive - UGent/Desktop/PD/Phospho-fill/Validation-allPDB/pdb_cache/1khx.cif	SEP	SEP	OG	CB	ok	1.6279739800549389	122.87616726521291	27.17638287708616					0.0	0.0	SER:464	SER	OG	6.41856904207347	HOH:529	O	2.588838904812984	1.0	9.0	water_mediated_like			intermediate	SEP:467	SEP	9.691124070282934	0.0	1.0	SEP:467@9.69	modified	1.6279739800549389		76.7841886368641				
Q15796	1KHX	A	467	SEP_only_multi_2	2	2	1.8	SEP	234		3	265-467	265-467	SEP,SEP	/mnt/c/Users/drpat/OneDrive - UGent/Desktop/PD/Phospho-fill/Validation-allPDB/pdb_cache/1khx.cif	SEP	SEP	OG	CB	ok	1.6280069481337833	122.33752524004204	15.831197556672924					0.0	0.0	SER:464	SER	OG	2.4821772934078745	HOH:529	O	6.679230828496787	0.0	16.0	hbond_like			intermediate	SEP:465	SEP	9.691124070282934	0.0	1.0	SEP:465@9.69	modified	1.6280069481337833		79.80212912894795				
O31465	1MKI	A	74	SEP_single	1	1	2.0	SEP	61		1	1-5,13-35,45-327	1-5,13-35,45-327	SEP	/mnt/c/Users/drpat/OneDrive - UGent/Desktop/PD/Phospho-fill/Validation-allPDB/pdb_cache/1mki.cif	SEP	SEP	OG	CB	ok	1.5030729160357164	115.39441479435256	-63.27423880109678	LYS:77	LYS	NZ	3.4195018520236977	1.0	2.0	TYR:253	TYR	OH	2.57712854693445	HOH:1314	O	2.7474502354594934	3.0	42.0	salt_bridge_like			exposed				0.0	0.0		modified	1.5030729160357164	113.53752097177392	47.46176977960455	opposite	lateral		
O15530	1OKY	A	241	SEP_single	1	1	2.3	SEP	10		1	72-232,239-360	72-232,239-360	SEP	/mnt/c/Users/drpat/OneDrive - UGent/Desktop/PD/Phospho-fill/Validation-allPDB/pdb_cache/1oky.cif	SEP	SEP	OG	CB	ok	1.4817880433448425	119.77821410246263	-24.60568461715254	ARG:204	ARG	NH2	2.950438658114885	1.0	2.0	ARG:204	ARG	NH2	2.950438658114885	HOH:2015	O	6.876896223239432	0.0	18.0	salt_bridge_like			intermediate				0.0	0.0		modified	1.4817880433448425	65.85023820916315	78.19089991055024	same	lateral		
P25924	1PJQ	B	128	SEP_single	1	1	2.21	SEP	181		1	1-272,275-457	1-272,275-457	SEP	/mnt/c/Users/drpat/OneDrive - UGent/Desktop/PD/Phospho-fill/Validation-allPDB/pdb_cache/1pjq.cif	SEP	SEP	OG	CB	ok	1.7696268034239946	145.92394069323575	-131.4497446402091	ARG:137	ARG	NH1	6.382830757186474	0.0	0.0	SER:127	SER	OG	3.3099336004872986	HOH:510	O	4.9300019362816565	0.0	37.0	hbond_like			buried				0.0	0.0		modified	1.7696268034239946	78.69428143276083	20.973664348885393	opposite	lateral		
P25924	1PJS	B	128	SEP_single	1	1	2.4	SEP	182		1	1-359,363-457	1-359,363-457	SEP	/mnt/c/Users/drpat/OneDrive - UGent/Desktop/PD/Phospho-fill/Validation-allPDB/pdb_cache/1pjs.cif	SEP	SEP	OG	CB	ok	1.7280316131781992	146.46843815389926	156.08957953906054	ARG:137	ARG	NE	7.755825963303587	0.0	0.0	SER:127	SER	OG	3.386261907229189	HOH:545	O	4.245801370898902	0.0	32.0	hbond_like			buried				0.0	0.0		modified	1.7280316131781992	74.71256439967297	25.01751666093317	same	lateral		
P26361	1R0Z	C	422	SEP_only_multi_4	4	4	2.35	SEP	187		4	389-413,420-670	389-413,420-670	SEP,SEP,SEP,SEP	/mnt/c/Users/drpat/OneDrive - UGent/Desktop/PD/Phospho-fill/Validation-allPDB/pdb_cache/1r0z.cif	SEP	SEP	OG	CB	ok	1.6444926625902536	117.97363906583054	-36.12497519305894	LYS:420	LYS	CE	5.156503827878735	0.0	1.0	ASN:426	ASN	OD1	4.410525524315926	HOH:78	O	6.509917379138061	0.0	9.0	none_obvious			intermediate	SEP:660	SEP	14.718701274413473	0.0	0.0		modified	1.6444926625902536	98.98172040952731	81.5296733295967	opposite	lateral		
P26361	1R0Z	C	659	SEP_only_multi_4	4	4	2.35	SEP	187		4	389-413,420-670	389-413,420-670	SEP,SEP,SEP,SEP	/mnt/c/Users/drpat/OneDrive - UGent/Desktop/PD/Phospho-fill/Validation-allPDB/pdb_cache/1r0z.cif	SEP	SEP	OG	CB	missing_phospho_atoms																																				
P26361	1R0Z	C	660	SEP_only_multi_4	4	4	2.35	SEP	187		4	389-413,420-670	389-413,420-670	SEP,SEP,SEP,SEP	/mnt/c/Users/drpat/OneDrive - UGent/Desktop/PD/Phospho-fill/Validation-allPDB/pdb_cache/1r0z.cif	SEP	SEP	OG	CB	ok	1.6044896831245945	116.99742399676877	57.42971157764203	HIS:421	HIS	NE2	2.8407324748931386	2.0	2.0	HIS:421	HIS	NE2	2.8407324748931386	HOH:277	O	2.960419632397606	1.0	16.0	salt_bridge_like			intermediate	SEP:422	SEP	14.718701274413473	0.0	0.0		modified	1.6044896831245945	66.9344171580184	64.07404782677436	same	lateral		
P26361	1R0Z	C	670	SEP_only_multi_4	4	4	2.35	SEP	187		4	389-413,420-670	389-413,420-670	SEP,SEP,SEP,SEP	/mnt/c/Users/drpat/OneDrive - UGent/Desktop/PD/Phospho-fill/Validation-allPDB/pdb_cache/1r0z.cif	SEP	SEP	OG	CB	missing_phospho_atoms																																				
P25054	1TH1	C	1504	SEP_mixed_with_TPO	4	5	2.5	SEP	179		5	1468-1496,1503-1529	1468-1496,1503-1529	SEP,SEP,SEP,SEP	/mnt/c/Users/drpat/OneDrive - UGent/Desktop/PD/Phospho-fill/Validation-allPDB/pdb_cache/1th1.cif	SEP	SEP	OG	CB	ok	1.5453143489977572	100.69528810510067	26.567092105564637					0.0	0.0								0.0	6.0	none_obvious			intermediate	SEP:1507	SEP	7.597598399461628	1.0	2.0	SEP:1505@8.32;SEP:1507@7.60	modified	1.5453143489977572						
P25054	1TH1	C	1505	SEP_mixed_with_TPO	4	5	2.5	SEP	179		5	1468-1496,1503-1529	1468-1496,1503-1529	SEP,SEP,SEP,SEP	/mnt/c/Users/drpat/OneDrive - UGent/Desktop/PD/Phospho-fill/Validation-allPDB/pdb_cache/1th1.cif	SEP	SEP	OG	CB	ok	1.5328765659905113	99.3186505951564	25.969770731508426	ARG:1523	ARG	NH2	3.3706960362329945	1.0	2.0	ARG:1523	ARG	NH2	3.3706960362329945				0.0	6.0	salt_bridge_like			intermediate	SEP:1504	SEP	8.32326764554077	0.0	2.0	SEP:1504@8.32;SEP:1507@10.08	modified	1.5328765659905113	39.54301283048993		same	toward		
P25054	1TH1	C	1507	SEP_mixed_with_TPO	4	5	2.5	SEP	179		5	1468-1496,1503-1529	1468-1496,1503-1529	SEP,SEP,SEP,SEP	/mnt/c/Users/drpat/OneDrive - UGent/Desktop/PD/Phospho-fill/Validation-allPDB/pdb_cache/1th1.cif	SEP	SEP	OG	CB	ok	1.5496892305029875	97.86128017661713	28.325216525003647					0.0	0.0								0.0	3.0	none_obvious			intermediate	SEP:1504	SEP	7.597598399461628	1.0	3.0	SEP:1504@7.60;SEP:1505@10.08;SEP:1510@8.97	modified	1.5496892305029875						
P25054	1TH1	C	1510	SEP_mixed_with_TPO	4	5	2.5	SEP	179		5	1468-1496,1503-1529	1468-1496,1503-1529	SEP,SEP,SEP,SEP	/mnt/c/Users/drpat/OneDrive - UGent/Desktop/PD/Phospho-fill/Validation-allPDB/pdb_cache/1th1.cif	SEP	SEP	OG	CB	ok	1.537568454099909	101.17750051889197	25.69831821485781					0.0	0.0								0.0	4.0	none_obvious			intermediate	SEP:1507	SEP	8.970402479531044	0.0	1.0	SEP:1507@8.97	modified	1.537568454099909						
Q9JLS3	1U5Q	A	181	SEP_single	1	1	2.1	SEP	274		1	12-320	12-320	SEP	/mnt/c/Users/drpat/OneDrive - UGent/Desktop/PD/Phospho-fill/Validation-allPDB/pdb_cache/1u5q.cif	SEP	SEP	OG	CB	ok	1.582788994053688	121.75643164265674	-3.795548789181097	ARG:150	ARG	NH1	2.8946494558895415	1.0	1.0	ARG:150	ARG	NH1	2.8946494558895415	HOH:689	O	2.7746652573401644	3.0	15.0	salt_bridge_like			exposed				0.0	0.0		modified	1.582788994053688	86.8158034150055	38.370833289780464	same	lateral		
Q9JLS3	1U5R	A	181	SEP_single	1	1	2.1	SEP	275		1	12-320	12-320	SEP	/mnt/c/Users/drpat/OneDrive - UGent/Desktop/PD/Phospho-fill/Validation-allPDB/pdb_cache/1u5r.cif	SEP	SEP	OG	CB	ok	1.5843605259590143	116.16801322761842	-33.61894437010477	ARG:150	ARG	NH1	2.6923405880126166	1.0	2.0	ARG:150	ARG	NH1	2.6923405880126166	HOH:655	O	2.374969953091959	6.0	19.0	salt_bridge_like			exposed				0.0	0.0		modified	1.5843605259590143	63.442361667740734	66.23486694636439	same	lateral		
O15530	1UU3	A	241	SEP_single	1	1	1.7	SEP	11		1	73-230,241-360	73-230,241-360	SEP	/mnt/c/Users/drpat/OneDrive - UGent/Desktop/PD/Phospho-fill/Validation-allPDB/pdb_cache/1uu3.cif	SEP	SEP	OG	CB	ok	1.6193579135829153	112.76941011193742	59.080744862093916	ARG:204	ARG	NH2	2.895735376701745	2.0	2.0	ARG:204	ARG	NH2	2.895735376701745	HOH:2051	O	4.155830570726157	0.0	13.0	salt_bridge_like			intermediate				0.0	0.0		modified	1.6193579135829153	49.69659249892166	75.77611467463227	same	toward		
O15530	1UU7	A	241	SEP_single	1	1	1.9	SEP	12		1	73-232,238-359	73-232,238-359	SEP	/mnt/c/Users/drpat/OneDrive - UGent/Desktop/PD/Phospho-fill/Validation-allPDB/pdb_cache/1uu7.cif	SEP	SEP	OG	CB	ok	1.6090872009682649	113.88188001789466	73.72503962888219	ARG:129	ARG	NH2	2.859510919455479	2.0	2.0	ARG:129	ARG	NH2	2.859510919455479	HOH:2121	O	2.737539256903202	1.0	28.0	salt_bridge_like			buried				0.0	0.0		modified	1.6090872009682649	47.18164110190766	63.255903468484924	same	toward		
O15530	1UU8	A	241	SEP_single	1	1	2.5	SEP	13		1	72-231,240-358	72-231,240-358	SEP	/mnt/c/Users/drpat/OneDrive - UGent/Desktop/PD/Phospho-fill/Validation-allPDB/pdb_cache/1uu8.cif	SEP	SEP	OG	CB	ok	1.4962523877069855	120.08164003743201	68.28196572005106	ARG:204	ARG	NH2	2.8393402088186797	2.0	2.0	ARG:204	ARG	NH2	2.8393402088186797	HOH:2008	O	7.930227996161942	0.0	20.0	salt_bridge_like			intermediate				0.0	0.0		modified	1.4962523877069855	58.98050375176818	42.14163094767591	same	toward		
O15530	1UU9	A	241	SEP_single	1	1	1.95	SEP	14		1	72-230,240-357	72-230,240-357	SEP	/mnt/c/Users/drpat/OneDrive - UGent/Desktop/PD/Phospho-fill/Validation-allPDB/pdb_cache/1uu9.cif	SEP	SEP	OG	CB	ok	1.4868594834176372	120.11733440316648	62.8437284686239	ARG:204	ARG	NH2	2.814654253846326	2.0	2.0	ARG:204	ARG	NH2	2.814654253846326	HOH:2135	O	4.738900153219245	0.0	19.0	salt_bridge_like			intermediate				0.0	0.0		modified	1.4868594834176372	53.1094216743399	87.10824437686097	same	toward		
Q04759	1XJD	A	695	SEP_mixed_with_TPO	1	2	2.0	SEP	227		3	377-649,688-696	377-649,688-696	SEP	/mnt/c/Users/drpat/OneDrive - UGent/Desktop/PD/Phospho-fill/Validation-allPDB/pdb_cache/1xjd.cif	SEP	SEP	OG	CB	ok	1.3993692086568676	119.71621100523103	17.657659310574363	LYS:413	LYS	NZ	7.082631806147617	0.0	0.0	GLN:449	GLN	NE2	3.1972003523327923	HOH:88	O	5.03498284199451	0.0	20.0	hbond_like			intermediate	TPO:538	TPO	28.12178374043588	0.0	0.0		modified	1.3993692086568676	75.82695508514844	88.09212653819104	same	lateral		
P11309	1YHS	A	261	SEP_single	1	1	2.15	SEP	119		2	33-79,84-305	33-79,84-305	SEP	/mnt/c/Users/drpat/OneDrive - UGent/Desktop/PD/Phospho-fill/Validation-allPDB/pdb_cache/1yhs.cif	SEP	SEP	OG	CB	ok	1.8106211191174577	126.03054222249553	-80.85262906680916	ARG:258	ARG	NH2	3.3600053024381205	1.0	1.0	ARG:258	ARG	NH2	3.3600053024381205	HOH:371	O	2.8658071783933408	2.0	9.0	salt_bridge_like			exposed				0.0	0.0		modified	1.8106211191174577	41.85227974126271	68.72162079513062	same	toward		
P11309	1YI3	A	261	SEP_single	1	1	2.5	SEP	120		2	33-79,84-305	33-79,84-305	SEP	/mnt/c/Users/drpat/OneDrive - UGent/Desktop/PD/Phospho-fill/Validation-allPDB/pdb_cache/1yi3.cif	SEP	SEP	OG	CB	ok	1.5940243237219027	120.57617126902981	-75.40949780116645	ARG:258	ARG	NH2	3.661954156625612	1.0	1.0	ARG:258	ARG	NH2	3.661954156625612	HOH:363	O	2.5730119737983723	2.0	9.0	water_mediated_like			exposed				0.0	0.0		modified	1.5940243237219027	41.883380505802535	59.82142977349317	same	toward		
P11309	1YI4	A	261	SEP_single	1	1	2.4	SEP	121		2	33-79,84-305	33-79,84-305	SEP	/mnt/c/Users/drpat/OneDrive - UGent/Desktop/PD/Phospho-fill/Validation-allPDB/pdb_cache/1yi4.cif	SEP	SEP	OG	CB	ok	1.5882447708008416	121.80717802146754	-66.57564385074127	ARG:258	ARG	NH2	3.978364000148395	1.0	1.0	ARG:258	ARG	NH2	3.978364000148395	HOH:381	O	2.5698901609438383	2.0	9.0	water_mediated_like			exposed				0.0	0.0		modified	1.5882447708008416	51.080478153566524	50.26574025403082	same	toward		
O15530	1Z5M	A	241	SEP_single	1	1	2.17	SEP	15		1	74-230,241-359	74-230,241-359	SEP	/mnt/c/Users/drpat/OneDrive - UGent/Desktop/PD/Phospho-fill/Validation-allPDB/pdb_cache/1z5m.cif	SEP	SEP	OG	CB	ok	1.6031085627185993	115.79659834770946	39.49069160665925	ARG:204	ARG	NH2	2.8210892120050497	1.0	3.0	ARG:204	ARG	NH2	2.8210892120050497	HOH:770	O	2.6731832294910127	1.0	15.0	salt_bridge_like			intermediate				0.0	0.0		modified	1.6031085627185993	73.78114551709261	40.69932887129281	same	lateral		
O06976	2AK7	A	46	SEP_single	1	1	2.0	SEP	8		1	1-85	1-85	SEP	/mnt/c/Users/drpat/OneDrive - UGent/Desktop/PD/Phospho-fill/Validation-allPDB/pdb_cache/2ak7.cif	SEP	SEP	OG	CB	ok	1.6061110218316825	121.17447498084024	-20.520682073672713					0.0	0.0	ASN:43	ASN	ND2	4.725966943071205	HOH:4460	O	2.584214946784858	3.0	18.0	water_mediated_like			exposed				0.0	0.0		modified	1.6061110218316825		86.6966171440513				
O96013	2BVA	B	474	SEP_single	1	1	2.3	SEP	80		2	301-330,334-354,362-465,468-587	301-330,334-354,362-465,468-587	SEP	/mnt/c/Users/drpat/OneDrive - UGent/Desktop/PD/Phospho-fill/Validation-allPDB/pdb_cache/2bva.cif	SEP	SEP	OG	CB	ok	1.621068197243143	103.66113279578387	-62.794549826091966	ARG:472	ARG	NH1	2.8462681117005415	2.0	2.0	ARG:472	ARG	NH1	2.8462681117005415				0.0	18.0	salt_bridge_like			intermediate				0.0	0.0		modified	1.621068197243143	9.34785595139668		same	toward		
Q9NQU5	2C30	A	560	SEP_single	1	1	1.6	SEP	280		2	385-674	385-674	SEP	/mnt/c/Users/drpat/OneDrive - UGent/Desktop/PD/Phospho-fill/Validation-allPDB/pdb_cache/2c30.cif	SEP	SEP	OG	CB	ok	1.6146098194399163	113.84547826559414	-49.769101582492155	ARG:525	ARG	NH2	2.7762220870344954	2.0	3.0	ARG:525	ARG	NH2	2.7762220870344954	HOH:2201	O	2.5901798645076775	5.0	21.0	salt_bridge_like			exposed				0.0	0.0		modified	1.6146098194399163	54.2825494515834	37.17437363784933	same	toward		
O96013	2CDZ	A	474	SEP_single	1	1	2.3	SEP	81		2	299-341,344-590	299-341,344-590	SEP	/mnt/c/Users/drpat/OneDrive - UGent/Desktop/PD/Phospho-fill/Validation-allPDB/pdb_cache/2cdz.cif	SEP	SEP	OG	CB	ok	1.6106206591228842	114.61180210926264	-28.921108324585504	ARG:439	ARG	NH2	2.4742056702331463	2.0	3.0	ARG:439	ARG	NH2	2.4742056702331463	HOH:2061	O	5.888735249181162	0.0	23.0	salt_bridge_like			intermediate				0.0	0.0		modified	1.6106206591228842	56.5524759060867	35.13957699351533	same	toward		
Q9P286	2F57	B	602	SEP_single	1	1	1.8	SEP	354		1	425-718	425-718	SEP	/mnt/c/Users/drpat/OneDrive - UGent/Desktop/PD/Phospho-fill/Validation-allPDB/pdb_cache/2f57.cif	SEP	SEP	OG	CB	ok	1.6001910914036093	115.10548267010711	-48.042885498743516	ARG:567	ARG	NH2	2.7270014776457647	2.0	2.0	ARG:567	ARG	NH2	2.7270014776457647	HOH:785	O	2.8328699219313287	2.0	21.0	salt_bridge_like			exposed				0.0	0.0		modified	1.6001910914036093	55.94148664793377	67.90383079745897	same	toward		
P26276	2FKF	A	108	SEP_single	1	1	2.0	SEP	184		1	9-463	9-463	SEP	/mnt/c/Users/drpat/OneDrive - UGent/Desktop/PD/Phospho-fill/Validation-allPDB/pdb_cache/2fkf.cif	SEP	SEP	OG	CB	ok	1.6274601521697027	114.7160870512773	-35.362906854479895	LYS:118	LYS	NZ	2.878593587038219	5.0	7.0	LYS:118	LYS	NZ	2.878593587038219	HOH:638	O	3.4549757962525787	1.0	35.0	salt_bridge_like			buried				0.0	0.0		modified	1.6274601521697027	49.561059455921765	37.42090259178102	same	toward		
P20906	2FWN	A	26	SEP_single	1	1	1.4	SEP	176		1	2-525	2-525	SEP	/mnt/c/Users/drpat/OneDrive - UGent/Desktop/PD/Phospho-fill/Validation-allPDB/pdb_cache/2fwn.cif	SEP	SEP	OG	CB	ok	1.6034633627200103	120.87799453749389	-32.23875885016107	HIS:70	HIS	NE2	5.074928256172844	0.0	1.0	HIS:70	HIS	NE2	5.074928256172844	HOH:1024	O	2.367541965300656	8.0	7.0	water_mediated_like			exposed				0.0	0.0		modified	1.6034633627200103	79.70509183740603	17.406489543842383	same	lateral		
O96013	2J0I	A	474	SEP_single	1	1	1.6	SEP	82		2	300-589	300-589	SEP	/mnt/c/Users/drpat/OneDrive - UGent/Desktop/PD/Phospho-fill/Validation-allPDB/pdb_cache/2j0i.cif	SEP	SEP	OG	CB	ok	1.6102042765385332	114.08337646084846	-58.80100747800412	ARG:439	ARG	NH2	2.764329548649285	3.0	4.0	ARG:439	ARG	NH2	2.764329548649285	HOH:2140	O	2.7404883354633824	2.0	30.0	salt_bridge_like			exposed				0.0	0.0		modified	1.6102042765385332	50.007169914421375	22.583908178185904	same	toward		
O43293	2J90	A	50	SEP_mixed_with_TPO	1	2	2.0	SEP	63		2	5-169,179-278	5-169,179-278	SEP	/mnt/c/Users/drpat/OneDrive - UGent/Desktop/PD/Phospho-fill/Validation-allPDB/pdb_cache/2j90.cif	SEP	SEP	OG	CB	ok	1.6089329685173837	115.64141742078831	13.762411631287293	ARG:48	ARG	NH2	3.0531064621244206	1.0	1.0	SER:51	SER	OG	2.8754106543507807	HOH:2046	O	5.799949107098216	0.0	16.0	salt_bridge_like			intermediate	TPO:265	TPO	45.63337374679354	0.0	0.0		modified	1.6089329685173837	25.941704526295123	93.41355294441757	same	toward		
Q04759	2JED	A	676	SEP_only_multi_2	2	2	2.32	SEP	228		3	375-700	375-700	SEP,SEP	/mnt/c/Users/drpat/OneDrive - UGent/Desktop/PD/Phospho-fill/Validation-allPDB/pdb_cache/2jed.cif	SEP	SEP	OG	CB	ok	1.6194740396367202	105.12462446856995	5.795457021811419	LYS:393	LYS	NZ	2.9196158580474174	1.0	2.0	LYS:393	LYS	NZ	2.9196158580474174	HOH:2191	O	4.726594310045232	0.0	8.0	salt_bridge_like			intermediate	SEP:695	SEP	23.256355537532485	0.0	0.0		modified	1.6194740396367202	84.7619073915984	123.35392596313893	same	lateral		
Q04759	2JED	A	695	SEP_only_multi_2	2	2	2.32	SEP	228		3	375-700	375-700	SEP,SEP	/mnt/c/Users/drpat/OneDrive - UGent/Desktop/PD/Phospho-fill/Validation-allPDB/pdb_cache/2jed.cif	SEP	SEP	OG	CB	ok	1.632810439895898	109.61035647563787	-46.14754247530905	ARG:692	ARG	NE	4.706715279393229	0.0	1.0	GLN:449	GLN	NE2	3.346570670487526	HOH:2194	O	3.1401037388617317	1.0	20.0	hbond_like			intermediate	SEP:676	SEP	23.256355537532485	0.0	0.0		modified	1.632810439895898	32.891110664749874	32.242641348006636	same	toward		
Q9H2G2	2JFL	A	189	SEP_mixed_with_TPO	1	2	2.2	SEP	268		2	21-308	21-308	SEP	/mnt/c/Users/drpat/OneDrive - UGent/Desktop/PD/Phospho-fill/Validation-allPDB/pdb_cache/2jfl.cif	SEP	SEP	OG	CB	ok	1.6124669200505846	110.19888717068513	-6.752486368081896	ARG:186	ARG	NH1	6.945192101882342	0.0	0.0	ARG:186	ARG	NH1	6.945192101882342				0.0	7.0	none_obvious			intermediate	TPO:183	TPO	11.30979058351602	0.0	1.0	TPO:183@11.31	modified	1.6124669200505846	73.85534382951337		opposite	lateral		
Q9NWZ3	2NRU	B	346	SEP_mixed_with_TPO	1	2	2.0	SEP	285		4	163-458	163-458	SEP	/mnt/c/Users/drpat/OneDrive - UGent/Desktop/PD/Phospho-fill/Validation-allPDB/pdb_cache/2nru.cif	SEP	SEP	OG	CB	ok	1.6170563382620908	110.49036062388623	-9.756401220918073					0.0	0.0					HOH:712	O	7.286236421738054	0.0	4.0	none_obvious			intermediate	TPO:345	TPO	5.992048228172992	1.0	1.0	TPO:345@5.99	modified	1.6170563382620908		129.3982073042092				
P11309	2OBJ	A	261	SEP_single	1	1	2.5	SEP	122		2	33-305	33-305	SEP	/mnt/c/Users/drpat/OneDrive - UGent/Desktop/PD/Phospho-fill/Validation-allPDB/pdb_cache/2obj.cif	SEP	SEP	OG	CB	ok	1.607486638543097	112.64006298308809	-2.1048984998550524	ARG:258	ARG	NH2	4.196114911798324	0.0	1.0	ARG:258	ARG	NH2	4.196114911798324	HOH:410	O	2.4602835790382045	1.0	4.0	water_mediated_like			intermediate				0.0	0.0		modified	1.607486638543097	89.84529166102631	78.71960211841052	same	lateral		
Q9NWZ3	2OIB	D	346	SEP_mixed_with_TPO	1	3	2.0	SEP	286		4	162-187,189-215,222-459	162-187,189-215,222-459	SEP	/mnt/c/Users/drpat/OneDrive - UGent/Desktop/PD/Phospho-fill/Validation-allPDB/pdb_cache/2oib.cif	SEP	SEP	OG	CB	ok	1.612636902403541	108.08826833766851	1.480446247385667	ARG:347	ARG	NE	4.699055587211115	0.0	1.0	ARG:347	ARG	NE	4.699055587211115	HOH:1335	O	7.884723031488169	0.0	5.0	none_obvious			intermediate	TPO:345	TPO	6.645196849799127	1.0	1.0	TPO:345@6.65	modified	1.612636902403541	89.15040681617272	151.03252370978885	same	lateral		
Q9NWZ3	2OIC	D	346	SEP_mixed_with_TPO	1	3	2.4	SEP	288		4	161-215,226-337,340-459	161-215,226-337,340-459	SEP	/mnt/c/Users/drpat/OneDrive - UGent/Desktop/PD/Phospho-fill/Validation-allPDB/pdb_cache/2oic.cif	SEP	SEP	OG	CB	ok	1.6167376416520085	109.77204255485681	6.709319256835974	ARG:347	ARG	NE	6.273579902038513	0.0	0.0	ARG:347	ARG	NE	6.273579902038513	HOH:2149	O	4.3461687326244345	0.0	4.0	none_obvious			intermediate	TPO:345	TPO	6.1747991827213395	1.0	1.0	TPO:345@6.17	modified	1.6167376416520085	118.52259544084062	87.97914972821053	opposite	lateral		
Q9NWZ3	2OID	D	346	SEP_mixed_with_TPO	1	3	2.3	SEP	290		4	164-195,197-215,231-337,341-459	164-195,197-215,231-337,341-459	SEP	/mnt/c/Users/drpat/OneDrive - UGent/Desktop/PD/Phospho-fill/Validation-allPDB/pdb_cache/2oid.cif	SEP	SEP	OG	CB	ok	1.6096126555347798	110.75436311752931	18.110363661271762	ARG:347	ARG	NE	6.810112685745869	0.0	0.0	ARG:347	ARG	NE	6.810112685745869				0.0	6.0	none_obvious			intermediate	TPO:345	TPO	6.171968218895402	1.0	1.0	TPO:345@6.17	modified	1.6096126555347798	122.35158102157128		opposite	opposite		
O15530	2PE0	A	241	SEP_single	1	1	2.35	SEP	16		1	74-230,241-359	74-230,241-359	SEP	/mnt/c/Users/drpat/OneDrive - UGent/Desktop/PD/Phospho-fill/Validation-allPDB/pdb_cache/2pe0.cif	SEP	SEP	OG	CB	ok	1.6064732975680047	116.32748627870208	-16.8202467853961	LYS:228	LYS	NZ	2.7769248208262405	2.0	3.0	LYS:228	LYS	NZ	2.7769248208262405				0.0	19.0	salt_bridge_like			intermediate				0.0	0.0		modified	1.6064732975680047	69.59805176374029		opposite	lateral		
O15530	2PE1	A	241	SEP_single	1	1	2.14	SEP	17		1	74-230,241-359	74-230,241-359	SEP	/mnt/c/Users/drpat/OneDrive - UGent/Desktop/PD/Phospho-fill/Validation-allPDB/pdb_cache/2pe1.cif	SEP	SEP	OG	CB	ok	1.6103026929485151	116.32539795787324	-24.196370184804625	LYS:228	LYS	NZ	2.8545591936624493	2.0	3.0	LYS:228	LYS	NZ	2.8545591936624493				0.0	19.0	salt_bridge_like			intermediate				0.0	0.0		modified	1.6103026929485151	65.88430629204302		opposite	lateral		
O15530	2PE2	A	241	SEP_single	1	1	2.13	SEP	18		1	74-230,241-359	74-230,241-359	SEP	/mnt/c/Users/drpat/OneDrive - UGent/Desktop/PD/Phospho-fill/Validation-allPDB/pdb_cache/2pe2.cif	SEP	SEP	OG	CB	ok	1.6049755895268982	116.1880457695863	47.36010559164539	LYS:228	LYS	NZ	2.7740326966585425	3.0	3.0	LYS:228	LYS	NZ	2.7740326966585425	HOH:792	O	5.399566808929472	0.0	17.0	salt_bridge_like			intermediate				0.0	0.0		modified	1.6049755895268982	28.809081241116864	136.96559844383174	same	toward		
O96013	2Q0N	A	474	SEP_single	1	1	1.75	SEP	83		2	298-591	298-591	SEP	/mnt/c/Users/drpat/OneDrive - UGent/Desktop/PD/Phospho-fill/Validation-allPDB/pdb_cache/2q0n.cif	SEP	SEP	OG	CB	ok	1.5930068363189729	115.37563225722766	-19.98919474177423	ARG:439	ARG	NH1	2.7805630582627097	3.0	3.0	ARG:439	ARG	NH1	2.7805630582627097	HOH:153	O	2.689875976657557	1.0	28.0	salt_bridge_like			buried				0.0	0.0		modified	1.5930068363189729	61.63181167659099	82.52381104996356	same	lateral		
P49759	2VAG	A	341	SEP_mixed_with_TPO	1	2	1.8	SEP	206		2	148-306,310-481	148-306,310-481	SEP	/mnt/c/Users/drpat/OneDrive - UGent/Desktop/PD/Phospho-fill/Validation-allPDB/pdb_cache/2vag.cif	SEP	SEP	OG	CB	ok	1.599542430683407	110.96498962088484	10.89653120008925	ARG:343	ARG	NH1	3.401904020506311	1.0	1.0	ARG:343	ARG	NH1	3.401904020506311	HOH:2027	O	3.205905519312917	2.0	11.0	salt_bridge_like			exposed	TPO:342	TPO	5.852212452235291	1.0	1.0	TPO:342@5.85	modified	1.599542430683407	105.89606073510818	39.92812058246783	opposite	lateral		
Q9KWY4	2W5V	A	84	SEP_single	1	1	1.78	SEP	276		1	30-375	30-375	SEP	/mnt/c/Users/drpat/OneDrive - UGent/Desktop/PD/Phospho-fill/Validation-allPDB/pdb_cache/2w5v.cif	SEP	SEP	OG	CB	ok	1.619765300073955	116.80266977603354	-66.13103915496015	ARG:148	ARG	NH1	2.680066396491486	3.0	4.0	ASP:259	ASP	OD2	2.6193912002649533	HOH:2065	O	2.58126547055396	3.0	36.0	salt_bridge_like			exposed				0.0	0.0		modified	1.619765300073955	56.52547987877741	54.51681185947787	same	toward		
Q9KWY4	2W5W	A	84	SEP_single	1	1	1.79	SEP	277		1	30-375	30-375	SEP	/mnt/c/Users/drpat/OneDrive - UGent/Desktop/PD/Phospho-fill/Validation-allPDB/pdb_cache/2w5w.cif	SEP	SEP	OG	CB	ok	1.6149734926073909	117.04942221213273	-63.449017368244306	ARG:148	ARG	NH1	2.60250092884528	4.0	4.0	ASP:259	ASP	OD2	2.5698220768505204	HOH:2513	O	2.432805069611911	6.0	36.0	salt_bridge_like			exposed				0.0	0.0		modified	1.6149734926073909	58.012279591531374	10.468858278411732	same	toward		
Q9KWY4	2W5X	A	84	SEP_single	1	1	1.99	SEP	278		1	30-375	30-375	SEP	/mnt/c/Users/drpat/OneDrive - UGent/Desktop/PD/Phospho-fill/Validation-allPDB/pdb_cache/2w5x.cif	SEP	SEP	OG	CB	ok	1.6328959765769109	119.14368795280822	-65.32561213213906	ARG:148	ARG	NH2	2.5838151977839523	4.0	4.0	ARG:148	ARG	NH2	2.5838151977839523	HOH:2352	O	2.471972086991163	5.0	38.0	salt_bridge_like			exposed				0.0	0.0		modified	1.6328959765769109	52.329085734568075	12.43048118722942	same	toward		
O96013	2X4Z	A	474	SEP_single	1	1	2.1	SEP	84		2	299-590	299-590	SEP	/mnt/c/Users/drpat/OneDrive - UGent/Desktop/PD/Phospho-fill/Validation-allPDB/pdb_cache/2x4z.cif	SEP	SEP	OG	CB	ok	1.5875857947347687	120.35802345862196	-47.37450646657798	ARG:472	ARG	NH2	2.6422694636582342	2.0	3.0	ARG:472	ARG	NH2	2.6422694636582342	HOH:2087	O	3.2594956400896518	2.0	22.0	salt_bridge_like			exposed				0.0	0.0		modified	1.5875857947347687	28.15173708689402	70.04667941224139	same	toward		
O15530	2XCH	A	241	SEP_single	1	1	2.0	SEP	19		1	73-231,240-359	73-231,240-359	SEP	/mnt/c/Users/drpat/OneDrive - UGent/Desktop/PD/Phospho-fill/Validation-allPDB/pdb_cache/2xch.cif	SEP	SEP	OG	CB	ok	1.615503776468872	107.42274561230869	30.594700725893183	LYS:228	LYS	NZ	2.657153921492182	3.0	3.0	LYS:228	LYS	NZ	2.657153921492182	HOH:2083	O	4.044326902044575	0.0	20.0	salt_bridge_like			intermediate				0.0	0.0		modified	1.615503776468872	26.788432873232573	14.687224887029977	same	toward		
O15530	2XCK	A	241	SEP_single	1	1	2.3	SEP	20		1	76-231,240-359	76-231,240-359	SEP	/mnt/c/Users/drpat/OneDrive - UGent/Desktop/PD/Phospho-fill/Validation-allPDB/pdb_cache/2xck.cif	SEP	SEP	OG	CB	ok	1.6268117162454019	112.01261136287444	26.004305866696743	LYS:228	LYS	NZ	2.4942249072554135	3.0	3.0	LYS:228	LYS	NZ	2.4942249072554135	HOH:2021	O	3.6467214842992575	1.0	21.0	salt_bridge_like			intermediate				0.0	0.0		modified	1.6268117162454019	30.506843474484626	42.055059654474974	same	toward		
P11309	2XIX	A	261	SEP_only_multi_2	2	2	2.4	SEP	123		2	33-306	33-306	SEP,SEP	/mnt/c/Users/drpat/OneDrive - UGent/Desktop/PD/Phospho-fill/Validation-allPDB/pdb_cache/2xix.cif	SEP	SEP	OG	CB	ok	1.6441805090845287	117.4053717423785	-65.94368981553671	ARG:258	ARG	NH2	3.3547475476706063	1.0	1.0	ARG:258	ARG	NH2	3.3547475476706063	HOH:2065	O	2.5326143982276528	1.0	9.0	salt_bridge_like			intermediate	SEP:276	SEP	28.785511657169508	0.0	0.0		modified	1.6441805090845287	47.554394720030885	32.35531610894543	same	toward		
P11309	2XIX	A	276	SEP_only_multi_2	2	2	2.4	SEP	123		2	33-306	33-306	SEP,SEP	/mnt/c/Users/drpat/OneDrive - UGent/Desktop/PD/Phospho-fill/Validation-allPDB/pdb_cache/2xix.cif	SEP	SEP	OG	CB	ok	1.6554120365884692	118.58848925803454	73.40762759032776	ARG:274	ARG	NH1	4.418277643949125	0.0	1.0	ARG:274	ARG	NH1	4.418277643949125	HOH:2054	O	6.010151768939439	0.0	17.0	none_obvious			intermediate	SEP:261	SEP	28.785511657169508	0.0	0.0		modified	1.6554120365884692	96.18327545937315	58.64093459771424	opposite	lateral		
P11309	2XIY	A	261	SEP_single	1	1	2.2	SEP	124		2	33-306	33-306	SEP	/mnt/c/Users/drpat/OneDrive - UGent/Desktop/PD/Phospho-fill/Validation-allPDB/pdb_cache/2xiy.cif	SEP	SEP	OG	CB	ok	1.6362808625719205	117.42482542688069	-62.92559375481854	ARG:258	ARG	NH2	3.114586829775168	1.0	1.0	ARG:258	ARG	NH2	3.114586829775168	HOH:2106	O	2.551033494868689	3.0	9.0	salt_bridge_like			exposed				0.0	0.0		modified	1.6362808625719205	50.08318338793908	31.698054733857273	same	toward		
P11309	2XIZ	A	261	SEP_single	1	1	2.21	SEP	125		2	33-306	33-306	SEP	/mnt/c/Users/drpat/OneDrive - UGent/Desktop/PD/Phospho-fill/Validation-allPDB/pdb_cache/2xiz.cif	SEP	SEP	OG	CB	ok	1.634928090583339	117.24681086114542	-66.3775188348106	ARG:258	ARG	NH2	3.6580512905707434	1.0	1.0	ARG:258	ARG	NH2	3.6580512905707434	HOH:2059	O	3.61049388285389	1.0	9.0	none_obvious			intermediate				0.0	0.0		modified	1.634928090583339	44.33030191749655	76.0874129506276	same	toward		
P11309	2XJ1	A	261	SEP_single	1	1	2.13	SEP	126		2	33-306	33-306	SEP	/mnt/c/Users/drpat/OneDrive - UGent/Desktop/PD/Phospho-fill/Validation-allPDB/pdb_cache/2xj1.cif	SEP	SEP	OG	CB	ok	1.6404835234575224	115.8777921878497	-66.30181742086036	ARG:258	ARG	NH2	3.3215057090473614	1.0	1.0	ARG:258	ARG	NH2	3.3215057090473614	HOH:2089	O	2.550135560422525	3.0	9.0	salt_bridge_like			exposed				0.0	0.0		modified	1.6404835234575224	48.771475162377065	61.67309876325263	same	toward		
P11309	2XJ2	A	261	SEP_single	1	1	2.2	SEP	127		2	33-306	33-306	SEP	/mnt/c/Users/drpat/OneDrive - UGent/Desktop/PD/Phospho-fill/Validation-allPDB/pdb_cache/2xj2.cif	SEP	SEP	OG	CB	ok	1.6285143847631416	116.34951334534954	-62.21762213942233	ARG:258	ARG	NH2	3.572890241877676	1.0	1.0	ARG:258	ARG	NH2	3.572890241877676	HOH:2117	O	2.540103170039161	4.0	9.0	water_mediated_like			exposed				0.0	0.0		modified	1.6285143847631416	47.361436873050515	34.727525679897006	same	toward		
Q14653	3A77	B	386	SEP_only_multi_2	2	2	1.8	SEP	231		2	189-232,237-426	189-232,237-426	SEP,SEP	/mnt/c/Users/drpat/OneDrive - UGent/Desktop/PD/Phospho-fill/Validation-allPDB/pdb_cache/3a77.cif	SEP	SEP	OG	CB	ok	1.6095266714710696	107.36184556173437	30.04731530041638					0.0	0.0	ASP:406	ASP	OD2	5.620088924206207	HOH:1121	O	5.009039819272611	0.0	6.0	none_obvious			intermediate	SEP:402	SEP	15.658009063555372	0.0	0.0		modified	1.6095266714710696		74.69383198721657				
Q14653	3A77	B	402	SEP_only_multi_2	2	2	1.8	SEP	231		2	189-232,237-426	189-232,237-426	SEP,SEP	/mnt/c/Users/drpat/OneDrive - UGent/Desktop/PD/Phospho-fill/Validation-allPDB/pdb_cache/3a77.cif	SEP	SEP	OG	CB	ok	1.6183869904356034	108.50216449611922	29.003199117155965					0.0	0.0	GLU:388	GLU	OE1	3.4988145034616944	HOH:2038	O	6.653087227140229	0.0	9.0	hbond_like			intermediate	SEP:386	SEP	15.658009063555372	0.0	0.0		modified	1.6183869904356034		85.10827081060931				
P11309	3BGQ	A	261	SEP_single	1	1	2.0	SEP	128		2	33-305	33-305	SEP	/mnt/c/Users/drpat/OneDrive - UGent/Desktop/PD/Phospho-fill/Validation-allPDB/pdb_cache/3bgq.cif	SEP	SEP	OG	CB	ok	1.8103938875676606	125.4277947883459	-100.70271462359312	ARG:258	ARG	NH2	2.670506568587878	1.0	1.0	ARG:258	ARG	NH2	2.670506568587878	HOH:379	O	2.565758384560892	1.0	13.0	salt_bridge_like			intermediate				0.0	0.0		modified	1.8103938875676606	30.608582189440067	62.921228204613826	same	toward		
P11309	3BGZ	A	261	SEP_single	1	1	2.4	SEP	129		2	33-79,85-305	33-79,85-305	SEP	/mnt/c/Users/drpat/OneDrive - UGent/Desktop/PD/Phospho-fill/Validation-allPDB/pdb_cache/3bgz.cif	SEP	SEP	OG	CB	ok	1.6773244807697365	118.93299504795814	-71.03053835705003	ARG:258	ARG	NH2	3.4615703124140733	1.0	1.0	ARG:258	ARG	NH2	3.4615703124140733				0.0	9.0	salt_bridge_like			intermediate				0.0	0.0		modified	1.6773244807697365	44.32307262671742		same	toward		
P26276	3C04	A	108	SEP_single	1	1	2.2	SEP	185		1	6-463	6-463	SEP	/mnt/c/Users/drpat/OneDrive - UGent/Desktop/PD/Phospho-fill/Validation-allPDB/pdb_cache/3c04.cif	SEP	SEP	OG	CB	ok	1.64631939122902	121.02828917785838	-13.918186108537508	LYS:118	LYS	NZ	2.7583052314101772	4.0	6.0	LYS:118	LYS	NZ	2.7583052314101772	HOH:506	O	5.379982716143901	0.0	29.0	salt_bridge_like			buried				0.0	0.0		modified	1.64631939122902	63.07917181539787	54.37024264283464	same	lateral		
P11309	3CY3	A	261	SEP_single	1	1	2.15	SEP	130		2	33-81,84-305	33-81,84-305	SEP	/mnt/c/Users/drpat/OneDrive - UGent/Desktop/PD/Phospho-fill/Validation-allPDB/pdb_cache/3cy3.cif	SEP	SEP	OG	CB	ok	1.5959576795589163	118.6446433336573	-19.991972056186672	ARG:258	ARG	NH1	4.248505290982854	0.0	1.0	ARG:258	ARG	NH1	4.248505290982854	HOH:639	O	2.6186858814397067	2.0	5.0	water_mediated_like			exposed				0.0	0.0		modified	1.5959576795589163	78.66379128072451	53.41578779198084	same	lateral		
P08149	3EQU	A	465	SEP_single	1	1	2.4	SEP	114		1	63-92,164-501,513-573	63-92,164-501,513-573	SEP	/mnt/c/Users/drpat/OneDrive - UGent/Desktop/PD/Phospho-fill/Validation-allPDB/pdb_cache/3equ.cif	SEP	SEP	OG	CB	ok	1.6661649908501759	118.88459167780498	87.89873956481628	ARG:468	ARG	NH2	3.9884898227363568	1.0	2.0	ARG:468	ARG	NH2	3.9884898227363568				0.0	15.0	none_obvious			intermediate				0.0	0.0		modified	1.6661649908501759	76.12645195147648		same	lateral		
P08149	3EQV	A	465	SEP_single	1	1	2.4	SEP	115		1	53-93,164-503,512-573	53-93,164-503,512-573	SEP	/mnt/c/Users/drpat/OneDrive - UGent/Desktop/PD/Phospho-fill/Validation-allPDB/pdb_cache/3eqv.cif	SEP	SEP	OG	CB	ok	1.6376754156147562	116.03734538271604	77.20012532798589	LYS:463	LYS	CE	4.271090645378665	0.0	2.0	GLU:464	GLU	OE2	3.4820995096192693	HOH:601	O	3.267333401460406	1.0	16.0	hbond_like			intermediate				0.0	0.0		modified	1.6376754156147562	108.20383360794263	54.8097821787088	opposite	lateral		
P11309	3F2A	A	261	SEP_single	1	1	1.9	SEP	131		2	32-308	32-308	SEP	/mnt/c/Users/drpat/OneDrive - UGent/Desktop/PD/Phospho-fill/Validation-allPDB/pdb_cache/3f2a.cif	SEP	SEP	OG	CB	ok	1.5937780525886136	109.4877660484518	-80.09684101624282	ARG:258	ARG	NH1	3.6420955939027175	1.0	1.0	ARG:258	ARG	NH1	3.6420955939027175	HOH:351	O	2.6156423273977296	2.0	13.0	water_mediated_like			exposed				0.0	0.0		modified	1.5937780525886136	64.77483547202525	43.84337428629512	same	lateral		
Q8ZRA1	3GA7	A	165	SEP_single	1	1	1.55	SEP	253		1	4-25,36-321	4-25,36-321	SEP	/mnt/c/Users/drpat/OneDrive - UGent/Desktop/PD/Phospho-fill/Validation-allPDB/pdb_cache/3ga7.cif	SEP	SEP	OG	CB	ok	1.62909388132443	115.00707470322001	40.19448067448849	HIS:292	HIS	NE2	2.84060103857906	1.0	1.0	HIS:292	HIS	NE2	2.84060103857906	HOH:665	O	2.49642905516996	2.0	26.0	salt_bridge_like			exposed				0.0	0.0		modified	1.62909388132443	92.99205135350778	63.875488475128435	opposite	lateral		
O15530	3H9O	A	241	SEP_single	1	1	2.3	SEP	21		1	75-231,241-359	75-231,241-359	SEP	/mnt/c/Users/drpat/OneDrive - UGent/Desktop/PD/Phospho-fill/Validation-allPDB/pdb_cache/3h9o.cif	SEP	SEP	OG	CB	ok	1.619665898199197	111.13810149672055	22.515714031939186	LYS:228	LYS	NZ	2.917659161356661	3.0	3.0	LYS:228	LYS	NZ	2.917659161356661	HOH:384	O	6.145143103174085	0.0	19.0	salt_bridge_like			intermediate				0.0	0.0		modified	1.619665898199197	21.499704806600768	128.06546732693948	same	toward		
O15530	3HRC	A	241	SEP_single	1	1	1.91	SEP	22		1	76-232,237-359	76-232,237-359	SEP	/mnt/c/Users/drpat/OneDrive - UGent/Desktop/PD/Phospho-fill/Validation-allPDB/pdb_cache/3hrc.cif	SEP	SEP	OG	CB	ok	1.6024655119472226	111.51426304093812	-66.85784412106136	ARG:204	ARG	NH2	2.6201261927497432	3.0	3.0	ARG:204	ARG	NH2	2.6201261927497432	HOH:427	O	2.5171776895437863	2.0	22.0	salt_bridge_like			exposed				0.0	0.0		modified	1.6024655119472226	49.488756434825184	85.34788437678912	same	toward		
O15530	3HRF	A	241	SEP_single	1	1	1.9	SEP	23		1	75-359	75-359	SEP	/mnt/c/Users/drpat/OneDrive - UGent/Desktop/PD/Phospho-fill/Validation-allPDB/pdb_cache/3hrf.cif	SEP	SEP	OG	CB	ok	1.6083315519829033	112.76394794315972	-65.86157404578324	ARG:204	ARG	NH2	2.6074539397274257	3.0	3.0	ARG:204	ARG	NH2	2.6074539397274257	HOH:378	O	2.83357732098908	1.0	21.0	salt_bridge_like			intermediate				0.0	0.0		modified	1.6083315519829033	50.75591928632122	50.76993959433523	same	toward		
Q5NII8	3I3W	A	101	SEP_single	1	1	2.3	SEP	242		1	3-443	3-443	SEP	/mnt/c/Users/drpat/OneDrive - UGent/Desktop/PD/Phospho-fill/Validation-allPDB/pdb_cache/3i3w.cif	SEP	SEP	OG	CB	ok	1.6196758565644016	110.51548365596749	16.590031792892027	HIS:102	HIS	ND1	2.4493074262513996	5.0	5.0	HIS:102	HIS	ND1	2.4493074262513996	HOH:560	O	4.544450934685082	0.0	39.0	salt_bridge_like			buried				0.0	0.0		modified	1.6196758565644016	62.27670033204426	54.8778861197775	same	lateral		
O15530	3IOP	A	241	SEP_single	1	1	2.2	SEP	24		1	75-231,241-359	75-231,241-359	SEP	/mnt/c/Users/drpat/OneDrive - UGent/Desktop/PD/Phospho-fill/Validation-allPDB/pdb_cache/3iop.cif	SEP	SEP	OG	CB	ok	1.6157120911897234	111.67748976352638	52.829104550066994	LYS:228	LYS	NZ	2.720033017390741	2.0	3.0	LYS:228	LYS	NZ	2.720033017390741				0.0	17.0	salt_bridge_like			intermediate				0.0	0.0		modified	1.6157120911897234	43.05815674617448		same	toward		
P11309	3MA3	A	261	SEP_single	1	1	2.3	SEP	132		2	37-45,48-305	37-45,48-305	SEP	/mnt/c/Users/drpat/OneDrive - UGent/Desktop/PD/Phospho-fill/Validation-allPDB/pdb_cache/3ma3.cif	SEP	SEP	OG	CB	ok	1.6283813347549612	114.2229546015177	59.96772650854853	ARG:258	ARG	NH2	3.000158716691577	1.0	1.0	ARG:258	ARG	NH2	3.000158716691577	HOH:402	O	2.182537586537067	3.0	9.0	salt_bridge_like			exposed				0.0	0.0		modified	1.6283813347549612	46.35577038957465	71.10459340240746	same	toward		
O15530	3NUN	A	241	SEP_single	1	1	2.2	SEP	25		1	71-231,241-358	71-231,241-358	SEP	/mnt/c/Users/drpat/OneDrive - UGent/Desktop/PD/Phospho-fill/Validation-allPDB/pdb_cache/3nun.cif	SEP	SEP	OG	CB	ok	1.6190811361650337	112.10257472676456	32.93923836970745	ARG:204	ARG	NH2	2.8951903413540494	3.0	3.0	ARG:204	ARG	NH2	2.8951903413540494	HOH:377	O	6.793918780083705	0.0	17.0	salt_bridge_like			intermediate				0.0	0.0		modified	1.6190811361650337	78.51647686664117	141.2640428957062	same	lateral		
O15530	3NUU	A	241	SEP_single	1	1	1.9803	SEP	26		1	73-231,241-358	73-231,241-358	SEP	/mnt/c/Users/drpat/OneDrive - UGent/Desktop/PD/Phospho-fill/Validation-allPDB/pdb_cache/3nuu.cif	SEP	SEP	OG	CB	ok	1.6135532231408907	111.14988519723313	41.774046663016186	LYS:228	LYS	NZ	3.0048330317270846	3.0	3.0	LYS:228	LYS	NZ	3.0048330317270846				0.0	15.0	salt_bridge_like			intermediate				0.0	0.0		modified	1.6135532231408907	13.58370725600103		same	toward		
O15530	3NUY	A	241	SEP_single	1	1	2.1	SEP	27		1	73-231,241-358	73-231,241-358	SEP	/mnt/c/Users/drpat/OneDrive - UGent/Desktop/PD/Phospho-fill/Validation-allPDB/pdb_cache/3nuy.cif	SEP	SEP	OG	CB	ok	1.617336959183032	114.36915621951667	0.7324135263780412	ARG:204	ARG	NH2	3.0372700544744204	3.0	3.0	TYR:126	TYR	OH	2.9844673669162574				0.0	18.0	salt_bridge_like			intermediate				0.0	0.0		modified	1.617336959183032	66.74912233148741		same	lateral		
O15530	3ORX	A	241	SEP_single	1	1	2.2044	SEP	28		1	75-236,238-359	75-236,238-359	SEP	/mnt/c/Users/drpat/OneDrive - UGent/Desktop/PD/Phospho-fill/Validation-allPDB/pdb_cache/3orx.cif	SEP	SEP	OG	CB	ok	1.618882861804942	113.74620010693893	53.418561756909234	ARG:129	ARG	NH2	2.4376949971307	2.0	3.0	ARG:129	ARG	NH2	2.4376949971307	HOH:398	O	3.84242863470118	1.0	23.0	salt_bridge_like			intermediate				0.0	0.0		modified	1.618882861804942	33.85969836792178	68.700313578813	same	toward		
O15530	3ORZ	B	241	SEP_single	1	1	1.9995	SEP	29		1	73-231,240-359	73-231,240-359	SEP	/mnt/c/Users/drpat/OneDrive - UGent/Desktop/PD/Phospho-fill/Validation-allPDB/pdb_cache/3orz.cif	SEP	SEP	OG	CB	ok	1.6147113558194024	111.36919544115612	23.14207253979003	LYS:123	LYS	NZ	4.3757590265200355	0.0	1.0	LYS:123	LYS	NZ	4.3757590265200355	HOH:462	O	5.717358934422138	0.0	4.0	none_obvious			intermediate				0.0	0.0		modified	1.6147113558194024	64.88110841685968	120.98000279736817	opposite	lateral		
O15530	3OTU	A	241	SEP_single	1	1	2.1013	SEP	30		1	77-90,92-231,237-359	77-90,92-231,237-359	SEP	/mnt/c/Users/drpat/OneDrive - UGent/Desktop/PD/Phospho-fill/Validation-allPDB/pdb_cache/3otu.cif	SEP	SEP	OG	CB	ok	1.5961761188350299	109.13661301001244	-51.104303042544174	ARG:204	ARG	NH2	2.936945157980482	2.0	2.0	ARG:204	ARG	NH2	2.936945157980482	HOH:38	O	2.8361872652719353	1.0	15.0	salt_bridge_like			intermediate				0.0	0.0		modified	1.5961761188350299	74.89656533324536	10.30948037968968	same	lateral		
O15530	3QC4	A	241	SEP_single	1	1	1.8	SEP	31		1	76-231,239-359	76-231,239-359	SEP	/mnt/c/Users/drpat/OneDrive - UGent/Desktop/PD/Phospho-fill/Validation-allPDB/pdb_cache/3qc4.cif	SEP	SEP	OG	CB	ok	1.6398277260388285	115.06793705866704	-66.40867967247237	LYS:228	LYS	NZ	2.6262031856179378	2.0	3.0	LYS:228	LYS	NZ	2.6262031856179378	HOH:540	O	2.485548866052292	2.0	15.0	salt_bridge_like			exposed				0.0	0.0		modified	1.6398277260388285	26.434954399088426	80.16103338953123	same	toward		
O15530	3QCS	A	241	SEP_single	1	1	2.487	SEP	32		1	73-231,241-358	73-231,241-358	SEP	/mnt/c/Users/drpat/OneDrive - UGent/Desktop/PD/Phospho-fill/Validation-allPDB/pdb_cache/3qcs.cif	SEP	SEP	OG	CB	ok	1.6164605905594838	112.02315593953958	2.1533650784647134	ARG:204	ARG	NH2	2.912695140856245	3.0	3.0	ARG:204	ARG	NH2	2.912695140856245				0.0	17.0	salt_bridge_like			intermediate				0.0	0.0		modified	1.6164605905594838	62.42610470575829		same	lateral		
O15530	3QCX	A	241	SEP_single	1	1	2.3	SEP	33		1	73-231,241-358	73-231,241-358	SEP	/mnt/c/Users/drpat/OneDrive - UGent/Desktop/PD/Phospho-fill/Validation-allPDB/pdb_cache/3qcx.cif	SEP	SEP	OG	CB	ok	1.6221251288714893	111.81331013470978	-45.38024350017357	ARG:204	ARG	NH2	2.845760323706865	1.0	3.0	ARG:204	ARG	NH2	2.845760323706865				0.0	13.0	salt_bridge_like			intermediate				0.0	0.0		modified	1.6221251288714893	55.222701409740445		same	toward		
O15530	3QD3	A	241	SEP_single	1	1	2.0	SEP	34		1	71-231,241-358	71-231,241-358	SEP	/mnt/c/Users/drpat/OneDrive - UGent/Desktop/PD/Phospho-fill/Validation-allPDB/pdb_cache/3qd3.cif	SEP	SEP	OG	CB	ok	1.608947395275706	109.98019542597993	27.40493399400188	ARG:204	ARG	NH2	2.6450931233966006	2.0	3.0	ARG:204	ARG	NH2	2.6450931233966006	HOH:34	O	3.4728783087003046	1.0	13.0	salt_bridge_like			intermediate				0.0	0.0		modified	1.608947395275706	61.63731727391307	47.48378675618221	same	lateral		
P35557	3QIC	A	411	SEP_single	1	1	2.2	SEP	198		1	12-459	12-459	SEP	/mnt/c/Users/drpat/OneDrive - UGent/Desktop/PD/Phospho-fill/Validation-allPDB/pdb_cache/3qic.cif	SEP	SEP	OG	CB	ok	1.6722024080908997	122.53952646970889	91.45557601081292	LYS:169	LYS	NZ	6.724596280276519	0.0	0.0	THR:82	THR	OG1	2.781838308167966	HOH:702	O	3.452055427835855	1.0	21.0	hbond_like			intermediate				0.0	0.0		modified	1.6722024080908997	50.88638658827737	55.74913379407936	same	toward		
P52956	3QPD	A	126	SEP_single	1	1	1.571	SEP	217		1	26-212	26-212	SEP	/mnt/c/Users/drpat/OneDrive - UGent/Desktop/PD/Phospho-fill/Validation-allPDB/pdb_cache/3qpd.cif	SEP	SEP	OG	CB	ok	1.5355295574312762	120.55253270834658	44.542903181494914	HIS:194	HIS	NE2	3.1356220867349696	1.0	1.0	SER:48	SER	OG	2.596937438029261	HOH:349	O	2.6010354873763903	1.0	27.0	salt_bridge_like			buried				0.0	0.0		modified	1.5355295574312762	98.59678281983541	37.89214059944563	opposite	lateral		
O15530	3RCJ	A	241	SEP_single	1	1	1.7	SEP	35		1	77-358	77-358	SEP	/mnt/c/Users/drpat/OneDrive - UGent/Desktop/PD/Phospho-fill/Validation-allPDB/pdb_cache/3rcj.cif	SEP	SEP	OG	CB	ok	1.5735526135051932	110.69691903983488	-63.738495393090865	ARG:204	ARG	NH1	2.7255352526267917	3.0	3.0	ARG:204	ARG	NH1	2.7255352526267917	HOH:452	O	4.053797783112375	0.0	23.0	salt_bridge_like			intermediate				0.0	0.0		modified	1.5735526135051932	52.618481884611256	49.85816011438425	same	toward		
O15530	3RWP	A	241	SEP_single	1	1	1.92	SEP	36		1	73-231,241-359	73-231,241-359	SEP	/mnt/c/Users/drpat/OneDrive - UGent/Desktop/PD/Phospho-fill/Validation-allPDB/pdb_cache/3rwp.cif	SEP	SEP	OG	CB	ok	1.6282624714228568	115.09859945243905	63.960620453785396	ARG:204	ARG	NH2	2.768484620741756	3.0	3.0	ARG:204	ARG	NH2	2.768484620741756	HOH:384	O	3.9726410513176464	1.0	17.0	salt_bridge_like			intermediate				0.0	0.0		modified	1.6282624714228568	49.110320398467216	47.35028120082658	same	toward		
Q96G74	3TMP	A	177	SEP_single	1	1	1.91	SEP	262		1	173-188,192-341	173-188,192-341	SEP	/mnt/c/Users/drpat/OneDrive - UGent/Desktop/PD/Phospho-fill/Validation-allPDB/pdb_cache/3tmp.cif	SEP	SEP	OG	CB	ok	1.6200762639170403	116.47144870070225	68.36875896390761	LYS:273	LYS	NZ	2.7068662989239116	2.0	2.0	TYR:181	TYR	OH	2.554422296016863	HOH:78	O	2.445872250681253	2.0	36.0	salt_bridge_like			exposed				0.0	0.0		modified	1.6200762639170403	25.76197656467418	51.55282558863843	same	toward		
P23874	3TPE	A	150	SEP_single	1	1	1.9	SEP	178		1	2-108,114-134,142-341,345-437	2-108,114-134,142-341,345-437	SEP	/mnt/c/Users/drpat/OneDrive - UGent/Desktop/PD/Phospho-fill/Validation-allPDB/pdb_cache/3tpe.cif	SEP	SEP	OG	CB	ok	1.5998876635885912	121.82595193305045	-59.1561981828186	HIS:311	HIS	NE2	2.818255269346932	1.0	3.0	HIS:311	HIS	NE2	2.818255269346932	HOH:715	O	3.305355163189564	2.0	20.0	salt_bridge_like			exposed				0.0	0.0		modified	1.5998876635885912	72.8818920615396	22.549976991119266	opposite	lateral		
Q94F62	3UIM	A	290	SEP_mixed_with_TPO	1	6	2.2	SEP	261		7	272-321,327-573	272-321,327-573	SEP	/mnt/c/Users/drpat/OneDrive - UGent/Desktop/PD/Phospho-fill/Validation-allPDB/pdb_cache/3uim.cif	SEP	SEP	OG	CB	ok	1.5564792944257442	117.70436779314245	22.518138146170244	LYS:302	LYS	CE	3.142843678717617	2.0	3.0	ASN:291	ASN	OD1	3.039394498964242	HOH:91	O	6.484014667433972	0.0	18.0	salt_bridge_like			intermediate	TPO:312	TPO	23.577106893819174	0.0	0.0		modified	1.5564792944257442	68.19946439672748	35.155952011545594	same	lateral		
P51584	3ZI7	A	954	SEP_single	1	1	2.3	SEP	212		1	803-1077	803-1077	SEP	/mnt/c/Users/drpat/OneDrive - UGent/Desktop/PD/Phospho-fill/Validation-allPDB/pdb_cache/3zi7.cif	SEP	SEP	OG	CB	ok	1.5969593069605659	117.72971903016995	46.193850828398155	HIS:1058	HIS	NE2	2.7934730271442905	1.0	1.0	HIS:1058	HIS	NE2	2.7934730271442905	HOH:3240	O	2.524880164166026	5.0	24.0	salt_bridge_like			exposed				0.0	0.0		modified	1.5969593069605659	89.50488995186042	32.83643483965584	opposite	lateral		
O15530	4A06	A	241	SEP_single	1	1	2.0	SEP	37		1	75-359	75-359	SEP	/mnt/c/Users/drpat/OneDrive - UGent/Desktop/PD/Phospho-fill/Validation-allPDB/pdb_cache/4a06.cif	SEP	SEP	OG	CB	ok	1.6131915877994134	110.54313760128235	-67.25820103726043	ARG:204	ARG	NH2	2.656763917472554	3.0	3.0	ARG:204	ARG	NH2	2.656763917472554	HOH:2058	O	2.90428232375828	1.0	21.0	salt_bridge_like			intermediate				0.0	0.0		modified	1.6131915877994134	54.319053951271684	51.91768207227555	same	toward		
O15530	4A07	A	241	SEP_single	1	1	1.85	SEP	38		1	75-359	75-359	SEP	/mnt/c/Users/drpat/OneDrive - UGent/Desktop/PD/Phospho-fill/Validation-allPDB/pdb_cache/4a07.cif	SEP	SEP	OG	CB	ok	1.6074038480146384	110.65067760840864	-61.27582691799433	ARG:204	ARG	NH2	2.7401878294810005	3.0	3.0	ARG:204	ARG	NH2	2.7401878294810005	HOH:2133	O	2.6772637675861968	4.0	21.0	salt_bridge_like			exposed				0.0	0.0		modified	1.6074038480146384	51.48702274704567	50.17102511103697	same	toward		
P11309	4A7C	A	261	SEP_single	1	1	2.3	SEP	133		2	32-305	32-305	SEP	/mnt/c/Users/drpat/OneDrive - UGent/Desktop/PD/Phospho-fill/Validation-allPDB/pdb_cache/4a7c.cif	SEP	SEP	OG	CB	ok	1.6456177306073287	115.53002546299939	-65.70892541221446	ARG:258	ARG	NH2	3.5482531326515456	1.0	1.0	ARG:258	ARG	NH2	3.5482531326515456	HOH:2160	O	2.6384877863033034	3.0	9.0	water_mediated_like			exposed				0.0	0.0		modified	1.6456177306073287	48.40359261448403	53.27439583489968	same	toward		
O96013	4APP	A	474	SEP_single	1	1	2.2	SEP	85		2	300-591	300-591	SEP	/mnt/c/Users/drpat/OneDrive - UGent/Desktop/PD/Phospho-fill/Validation-allPDB/pdb_cache/4app.cif	SEP	SEP	OG	CB	ok	1.588103318786221	120.6779880503231	-49.74045854890477	ARG:472	ARG	NH2	2.5865929806052406	2.0	2.0	ARG:472	ARG	NH2	2.5865929806052406	HOH:2021	O	3.0047607512076513	2.0	22.0	salt_bridge_like			exposed				0.0	0.0		modified	1.588103318786221	25.117958188127197	22.67073916156201	same	toward		
O15530	4AW0	A	241	SEP_single	1	1	1.43	SEP	39		1	75-359	75-359	SEP	/mnt/c/Users/drpat/OneDrive - UGent/Desktop/PD/Phospho-fill/Validation-allPDB/pdb_cache/4aw0.cif	SEP	SEP	OG	CB	ok	1.5965398058828604	108.27597331311009	-63.20101982597702	ARG:204	ARG	NH2	2.7730609055949924	3.0	3.0	ARG:204	ARG	NH2	2.7730609055949924	HOH:2147	O	2.694795730454868	4.0	22.0	salt_bridge_like			exposed				0.0	0.0		modified	1.5965398058828604	48.441340329963985	48.43396891525524	same	toward		
O15530	4AW1	A	241	SEP_single	1	1	1.68	SEP	40		1	66-72,75-231,237-359	66-72,75-231,237-359	SEP	/mnt/c/Users/drpat/OneDrive - UGent/Desktop/PD/Phospho-fill/Validation-allPDB/pdb_cache/4aw1.cif	SEP	SEP	OG	CB	ok	1.6230344769164433	109.19407428579598	-64.494656837089	ARG:129	ARG	NH1	2.5623039031772668	3.0	3.0	ARG:129	ARG	NH1	2.5623039031772668	HOH:2098	O	2.864775615793467	1.0	25.0	salt_bridge_like			buried				0.0	0.0		modified	1.6230344769164433	40.10293372701265	52.598361143431994	same	toward		
P51584	4BAG	A	954	SEP_single	1	1	1.9	SEP	213		1	803-1077	803-1077	SEP	/mnt/c/Users/drpat/OneDrive - UGent/Desktop/PD/Phospho-fill/Validation-allPDB/pdb_cache/4bag.cif	SEP	SEP	OG	CB	ok	1.62054071502045	111.64085388801207	38.8219289029269	HIS:1058	HIS	NE2	2.746233104786743	1.0	1.0	HIS:1058	HIS	NE2	2.746233104786743	HOH:3061	O	2.68948700228481	1.0	23.0	salt_bridge_like			intermediate				0.0	0.0		modified	1.62054071502045	87.02534687493959	42.88765548490136	opposite	lateral		
B0XPI4	4BJU	A	69	SEP_single	1	1	2.35	SEP	4		1	1-84,102-565	1-84,102-565	SEP	/mnt/c/Users/drpat/OneDrive - UGent/Desktop/PD/Phospho-fill/Validation-allPDB/pdb_cache/4bju.cif	SEP	SEP	OG	CB	ok	1.6139460648396498	118.27187908970915	22.085956152673056	ARG:289	ARG	NH1	2.6820697554953634	3.0	4.0	ARG:289	ARG	NH1	2.6820697554953634	HOH:2001	O	6.704430775785099	0.0	27.0	salt_bridge_like			buried				0.0	0.0		modified	1.6139460648396498	48.248933962962624	96.40034899543468	same	toward		
P39579	4BPG	A	36	SEP_single	1	1	2.2	SEP	204		1	1-78	1-78	SEP	/mnt/c/Users/drpat/OneDrive - UGent/Desktop/PD/Phospho-fill/Validation-allPDB/pdb_cache/4bpg.cif	SEP	SEP	OG	CB	ok	1.6115046560876274	110.07003038016198	-0.5255974633978551	ARG:61	ARG	NH2	5.258903420732872	0.0	1.0	ARG:61	ARG	NH2	5.258903420732872	HOH:2019	O	3.3514335886804822	1.0	7.0	water_mediated_like			intermediate				0.0	0.0		modified	1.6115046560876274	114.91633375302055	96.89117215153628	opposite	lateral		
P11309	4BZN	A	261	SEP_single	1	1	1.9	SEP	134		2	33-305	33-305	SEP	/mnt/c/Users/drpat/OneDrive - UGent/Desktop/PD/Phospho-fill/Validation-allPDB/pdb_cache/4bzn.cif	SEP	SEP	OG	CB	ok	1.6427597611753981	121.75573247596431	-73.78013399038565	ARG:258	ARG	NH2	3.384237965972158	1.0	1.0	ARG:258	ARG	NH2	3.384237965972158	HOH:2138	O	2.7828388181317947	5.0	8.0	salt_bridge_like			exposed				0.0	0.0		modified	1.6427597611753981	42.25424189227241	36.386660616050094	same	toward		
P11309	4BZO	A	261	SEP_single	1	1	2.1	SEP	135		2	33-305	33-305	SEP	/mnt/c/Users/drpat/OneDrive - UGent/Desktop/PD/Phospho-fill/Validation-allPDB/pdb_cache/4bzo.cif	SEP	SEP	OG	CB	ok	1.6558298540493614	123.95584646219483	-74.44181320286303	ARG:258	ARG	NH2	3.409656233876114	1.0	1.0	ARG:258	ARG	NH2	3.409656233876114	HOH:2112	O	2.971001438786453	2.0	8.0	salt_bridge_like			exposed				0.0	0.0		modified	1.6558298540493614	43.278867530779074	32.996369318777425	same	toward		
O15530	4CT1	A	241	SEP_single	1	1	1.85	SEP	41		1	76-359	76-359	SEP	/mnt/c/Users/drpat/OneDrive - UGent/Desktop/PD/Phospho-fill/Validation-allPDB/pdb_cache/4ct1.cif	SEP	SEP	OG	CB	ok	1.5991797183775796	107.86712481173608	-62.310860319279264	ARG:204	ARG	NH1	2.6893046860596703	3.0	3.0	ARG:204	ARG	NH1	2.6893046860596703	HOH:2033	O	2.617039259328185	5.0	21.0	salt_bridge_like			exposed				0.0	0.0		modified	1.5991797183775796	53.00773304271811	51.26763520755686	same	toward		
O15530	4CT2	A	241	SEP_single	1	1	1.25	SEP	42		1	75-118,124-359	75-118,124-359	SEP	/mnt/c/Users/drpat/OneDrive - UGent/Desktop/PD/Phospho-fill/Validation-allPDB/pdb_cache/4ct2.cif	SEP	SEP	OG	CB	ok	1.6195956025603055	115.48336041430991	-64.8519549500992	ARG:129	ARG	NH1	2.693073145121266	3.0	3.0	ARG:129	ARG	NH1	2.693073145121266	HOH:2205	O	2.575758924316281	4.0	22.0	salt_bridge_like			exposed				0.0	0.0		modified	1.6195956025603055	38.47335793277149	86.61239193192891	same	toward		
Q9UHD2	4EUU	A	172	SEP_single	1	1	1.8	SEP	359		1	2-307	2-307	SEP	/mnt/c/Users/drpat/OneDrive - UGent/Desktop/PD/Phospho-fill/Validation-allPDB/pdb_cache/4euu.cif	SEP	SEP	OG	CB	ok	1.6077611418338646	113.46337866307816	26.340562104357364	ARG:134	ARG	NH1	2.7160216421144163	3.0	3.0	TYR:174	TYR	OH	2.5458999222941285	HOH:653	O	2.573839819921903	3.0	27.0	salt_bridge_like			exposed				0.0	0.0		modified	1.6077611418338646	83.08863201331016	74.22879436024651	opposite	lateral		
Q15637	4FXW	D	80	SEP_only_multi_2	2	2	2.29	SEP	233		2	19-25,32-126,128-132	19-25,32-126,128-132	SEP,SEP	/mnt/c/Users/drpat/OneDrive - UGent/Desktop/PD/Phospho-fill/Validation-allPDB/pdb_cache/4fxw.cif	SEP	SEP	OG	CB	ok	1.609484952401875	111.07334884157474	-42.856029506056935	ARG:97	ARG	NH1	3.298818900321917	1.0	3.0	ARG:97	ARG	NH1	3.298818900321917				0.0	10.0	salt_bridge_like			intermediate	SEP:82	SEP	8.421214851722114	0.0	1.0	SEP:82@8.42	modified	1.609484952401875	74.63572696351744		same	lateral		
Q15637	4FXW	D	82	SEP_only_multi_2	2	2	2.29	SEP	233		2	19-25,32-126,128-132	19-25,32-126,128-132	SEP,SEP	/mnt/c/Users/drpat/OneDrive - UGent/Desktop/PD/Phospho-fill/Validation-allPDB/pdb_cache/4fxw.cif	SEP	SEP	OG	CB	ok	1.6107768546382086	109.82479793256391	-19.184515486289943	ARG:97	ARG	NH2	2.69916103429666	2.0	4.0	ARG:97	ARG	NH2	2.69916103429666				0.0	21.0	salt_bridge_like			intermediate	SEP:80	SEP	8.421214851722114	0.0	1.0	SEP:80@8.42	modified	1.6107768546382086	86.95159730335374		same	lateral		
P51584	4H35	A	954	SEP_single	1	1	1.9	SEP	214		1	803-1077	803-1077	SEP	/mnt/c/Users/drpat/OneDrive - UGent/Desktop/PD/Phospho-fill/Validation-allPDB/pdb_cache/4h35.cif	SEP	SEP	OG	CB	ok	1.622527454576937	111.55431681085902	39.60862602543154	HIS:1058	HIS	NE2	2.701746747022576	1.0	1.0	HIS:1058	HIS	NE2	2.701746747022576	HOH:1277	O	2.777550564941846	1.0	24.0	salt_bridge_like			buried				0.0	0.0		modified	1.622527454576937	86.80364554418938	42.17796167370465	opposite	lateral		
P08200	4ICD	A	113	SEP_single	1	1	2.5	SEP	117		1	3-416	3-416	SEP	/mnt/c/Users/drpat/OneDrive - UGent/Desktop/PD/Phospho-fill/Validation-allPDB/pdb_cache/4icd.cif	SEP	SEP	OG	CB	ok	1.569990992224229	132.20893690086612	-46.54898277899613	ARG:119	ARG	NH1	4.635974929455663	0.0	1.0	ASN:115	ASN	ND2	3.1103837452729053	HOH:480	O	2.6952821980081643	4.0	17.0	hbond_like			exposed				0.0	0.0		modified	1.569990992224229	64.58039148345887	63.3117099953203	opposite	lateral		
P26276	4IL8	A	108	SEP_single	1	1	1.8	SEP	186		1	5-463	5-463	SEP	/mnt/c/Users/drpat/OneDrive - UGent/Desktop/PD/Phospho-fill/Validation-allPDB/pdb_cache/4il8.cif	SEP	SEP	OG	CB	ok	1.6237409282888386	112.42274232960385	-11.850464225755946	HIS:109	HIS	CE1	2.5726503445632907	3.0	5.0	HIS:109	HIS	ND1	2.626565725858422	HOH:628	O	2.700422283306785	4.0	28.0	salt_bridge_like			exposed				0.0	0.0		modified	1.6237409282888386	70.6332755423145	63.904902200102065	opposite	lateral		
P33284	4JAX	C	15	SEP_single	1	1	2.26	SEP	193		1	11-485	11-485	SEP	/mnt/c/Users/drpat/OneDrive - UGent/Desktop/PD/Phospho-fill/Validation-allPDB/pdb_cache/4jax.cif	SEP	SEP	OG	CB	ok	1.626088515322125	123.56446541883363	-84.86030741637954	LYS:378	LYS	NZ	6.822599185150602	0.0	0.0	LYS:378	LYS	NZ	6.822599185150602				0.0	8.0	none_obvious			intermediate				0.0	0.0		modified	1.626088515322125	170.90522573382822		opposite	opposite		
O96013	4JDH	A	474	SEP_single	1	1	2.0	SEP	86		2	300-589	300-589	SEP	/mnt/c/Users/drpat/OneDrive - UGent/Desktop/PD/Phospho-fill/Validation-allPDB/pdb_cache/4jdh.cif	SEP	SEP	OG	CB	ok	1.5686497437221365	118.81902608080134	-48.775436204312946	ARG:439	ARG	NH1	2.7749604061058335	2.0	2.0	ARG:439	ARG	NH1	2.7749604061058335	HOH:606	O	2.752649619733084	1.0	22.0	salt_bridge_like			intermediate				0.0	0.0		modified	1.5686497437221365	56.21026491097581	66.3998830136269	same	toward		
O96013	4JDI	A	474	SEP_single	1	1	1.85	SEP	87		2	300-589	300-589	SEP	/mnt/c/Users/drpat/OneDrive - UGent/Desktop/PD/Phospho-fill/Validation-allPDB/pdb_cache/4jdi.cif	SEP	SEP	OG	CB	ok	1.608867736767409	115.88521849413364	-56.60354521287884	ARG:439	ARG	NH1	2.693981773811851	3.0	3.0	ARG:439	ARG	NH1	2.693981773811851	HOH:1112	O	2.884770880571971	1.0	26.0	salt_bridge_like			buried				0.0	0.0		modified	1.608867736767409	53.83782658785911	64.61368716219157	same	toward		
O96013	4JDJ	A	474	SEP_mixed_with_TPO	1	2	2.3	SEP	88		2	300-589	300-589	SEP	/mnt/c/Users/drpat/OneDrive - UGent/Desktop/PD/Phospho-fill/Validation-allPDB/pdb_cache/4jdj.cif	SEP	SEP	OG	CB	ok	1.6171935271769409	120.52511402232152	-55.95649885214856	ARG:439	ARG	NH1	2.740542582447882	3.0	3.0	ARG:439	ARG	NH1	2.740542582447882	HOH:604	O	2.7429758998411846	2.0	26.0	salt_bridge_like			exposed	TPO:562	TPO	22.67855786688671	0.0	0.0		modified	1.6171935271769409	56.402462648640565	60.768225829137705	same	toward		
O96013	4JDK	A	474	SEP_mixed_with_TPO	1	2	2.4	SEP	89		2	300-589	300-589	SEP	/mnt/c/Users/drpat/OneDrive - UGent/Desktop/PD/Phospho-fill/Validation-allPDB/pdb_cache/4jdk.cif	SEP	SEP	OG	CB	ok	1.6126303131397992	120.91638326578453	-52.095092342814965	ARG:439	ARG	NH1	2.667965291548593	3.0	3.0	ARG:439	ARG	NH1	2.667965291548593	HOH:636	O	2.5987737473496972	1.0	26.0	salt_bridge_like			buried	TPO:562	TPO	22.784484202495168	0.0	0.0		modified	1.6126303131397992	57.03820027037302	60.99804580751781	same	toward		
P39155	4KK4	A	7	SEP_single	1	1	1.8	SEP	203		1	1-150	1-150	SEP	/mnt/c/Users/drpat/OneDrive - UGent/Desktop/PD/Phospho-fill/Validation-allPDB/pdb_cache/4kk4.cif	SEP	SEP	OG	CB	ok	1.6815665219546174	116.79909004855843	-45.895542648790105	ARG:13	ARG	NE	2.753514704529188	1.0	2.0	ARG:13	ARG	NE	2.753514704529188	HOH:248	O	6.26369516759202	0.0	47.0	salt_bridge_like			buried				0.0	0.0		modified	1.6815665219546174	61.973652534489986	63.04803229854461	same	lateral		
Q9NQU5	4KS7	A	560	SEP_single	1	1	1.4	SEP	281		2	386-672	386-672	SEP	/mnt/c/Users/drpat/OneDrive - UGent/Desktop/PD/Phospho-fill/Validation-allPDB/pdb_cache/4ks7.cif	SEP	SEP	OG	CB	ok	1.5962928745902523	124.24564361911126	19.40884213872515	ARG:525	ARG	NH1	2.731425821234799	3.0	3.0	ARG:525	ARG	NH1	2.731425821234799	HOH:1028	O	2.4813190707216854	3.0	21.0	salt_bridge_like			exposed				0.0	0.0		modified	1.5962928745902523	80.8062543168495	38.507629009141304	opposite	lateral		
Q9NQU5	4KS8	A	560	SEP_single	1	1	1.95	SEP	282		2	385-671	385-671	SEP	/mnt/c/Users/drpat/OneDrive - UGent/Desktop/PD/Phospho-fill/Validation-allPDB/pdb_cache/4ks8.cif	SEP	SEP	OG	CB	ok	1.6080360745901892	121.48722015684389	28.502338377154565	ARG:558	ARG	NH1	2.6042362136064945	3.0	3.0	ARG:558	ARG	NH1	2.6042362136064945	HOH:830	O	2.575822438346939	2.0	22.0	salt_bridge_like			exposed				0.0	0.0		modified	1.6080360745901892	34.246615505183556	72.790279866425	same	toward		
Q7Z4H3	4L1J	B	10	SEP_single	1	1	1.824	SEP	248		1	6-200	6-200	SEP	/mnt/c/Users/drpat/OneDrive - UGent/Desktop/PD/Phospho-fill/Validation-allPDB/pdb_cache/4l1j.cif	SEP	SEP	OG	CB	ok	1.6597619732353996	118.92879235619893	8.172481140136751					0.0	0.0	THR:8	THR	OG1	2.9380137506751387	HOH:509	O	2.5825159060082132	1.0	12.0	hbond_like			intermediate				0.0	0.0		modified	1.6597619732353996		52.427818051096224				
Q7Z4H3	4L7E	B	10	SEP_single	1	1	2.229	SEP	249		1	7-198	7-198	SEP	/mnt/c/Users/drpat/OneDrive - UGent/Desktop/PD/Phospho-fill/Validation-allPDB/pdb_cache/4l7e.cif	SEP	SEP	OG	CB	ok	1.6453792816201895	116.7526226194129	4.323054366738601	HIS:12	HIS	NE2	7.940491629127338	0.0	0.0	THR:8	THR	OG1	3.8270137544768126	HOH:429	O	4.285487217242396	0.0	10.0	none_obvious			intermediate				0.0	0.0		modified	1.6453792816201895	108.59191724752024	99.87416867586604	opposite	lateral		
Q9QZL0	4M69	A	184	SEP_mixed_with_TPO	2	3	2.497	SEP	356		3	12-168,183-312	12-168,183-312	SEP,SEP	/mnt/c/Users/drpat/OneDrive - UGent/Desktop/PD/Phospho-fill/Validation-allPDB/pdb_cache/4m69.cif	SEP	SEP	OG	CB	ok	1.6082790241902218	120.19842859933158	-6.191606920923045	LYS:145	LYS	NZ	4.104382297159804	0.0	1.0	LYS:145	LYS	NZ	4.104382297159804	HOH:526	O	2.640661541457713	1.0	15.0	water_mediated_like			intermediate	TPO:231	TPO	15.256052452335048	0.0	0.0		modified	1.6082790241902218	59.246747365541346	46.571746922428055	opposite	toward		
Q9QZL0	4M69	A	232	SEP_mixed_with_TPO	2	3	2.497	SEP	356		3	12-168,183-312	12-168,183-312	SEP,SEP	/mnt/c/Users/drpat/OneDrive - UGent/Desktop/PD/Phospho-fill/Validation-allPDB/pdb_cache/4m69.cif	SEP	SEP	OG	CB	ok	1.6049367355955524	119.76302859688978	-17.745351516255642	LYS:230	LYS	CE	3.357259734318542	1.0	1.0	LYS:230	LYS	NZ	4.579234908966154	HOH:601	O	6.362300665144118	0.0	8.0	salt_bridge_like			intermediate	TPO:231	TPO	6.426432887575282	1.0	1.0	TPO:231@6.43	modified	1.6049367355955524	80.7093035967409	114.81361420146393	opposite	lateral		
P11309	4N6Z	A	261	SEP_single	1	1	2.2	SEP	136		2	33-305	33-305	SEP	/mnt/c/Users/drpat/OneDrive - UGent/Desktop/PD/Phospho-fill/Validation-allPDB/pdb_cache/4n6z.cif	SEP	SEP	OG	CB	ok	1.7078253676993278	118.04590189811879	-66.9358651179833	ARG:258	ARG	NH1	3.5341606219998254	1.0	1.0	ARG:258	ARG	NH1	3.5341606219998254	HOH:705	O	2.960763603044732	3.0	9.0	water_mediated_like			exposed				0.0	0.0		modified	1.7078253676993278	47.88936520642312	13.631564157877708	same	toward		
P11309	4N70	A	261	SEP_single	1	1	2.1	SEP	137		2	32-306	32-306	SEP	/mnt/c/Users/drpat/OneDrive - UGent/Desktop/PD/Phospho-fill/Validation-allPDB/pdb_cache/4n70.cif	SEP	SEP	OG	CB	ok	1.6779098891568833	119.96339750839641	-71.07289762433679	ARG:258	ARG	NH1	3.7698829748816918	1.0	1.0	ARG:258	ARG	NH1	3.7698829748816918	HOH:694	O	2.268228506597755	4.0	9.0	water_mediated_like			exposed				0.0	0.0		modified	1.6779098891568833	47.95116880366314	61.624834757132085	same	toward		
O96013	4NJD	A	474	SEP_single	1	1	2.5	SEP	90		2	300-589	300-589	SEP	/mnt/c/Users/drpat/OneDrive - UGent/Desktop/PD/Phospho-fill/Validation-allPDB/pdb_cache/4njd.cif	SEP	SEP	OG	CB	ok	1.6044180187443275	110.50220695704901	-42.59572419748699	ARG:472	ARG	NH2	2.5894288943779418	3.0	3.0	ARG:472	ARG	NH2	2.5894288943779418	HOH:732	O	3.396040177190113	1.0	24.0	salt_bridge_like			buried				0.0	0.0		modified	1.6044180187443275	31.33573804906859	118.10845437913588	same	toward		
P49841	4NM3	A	9	SEP_single	1	1	2.1	SEP	209		3	6-10,26-30,35-119,122-383	6-10,26-30,35-119,122-383	SEP	/mnt/c/Users/drpat/OneDrive - UGent/Desktop/PD/Phospho-fill/Validation-allPDB/pdb_cache/4nm3.cif	SEP	SEP	OG	CB	ok	1.5796269241081966	118.52471275337034	-57.3890856488615	LYS:205	LYS	NZ	2.419075453145976	3.0	4.0	LYS:205	LYS	NZ	2.419075453145976	HOH:609	O	4.0416686389028085	0.0	36.0	salt_bridge_like			buried				0.0	0.0		modified	1.5796269241081966	31.88144278840887	48.38029744028353	same	toward		
Q9WV60	4NU1	A	9	SEP_single	1	1	2.5	SEP	360		2	6-11,26-29,35-119,122-383	6-11,26-29,35-119,122-383	SEP	/mnt/c/Users/drpat/OneDrive - UGent/Desktop/PD/Phospho-fill/Validation-allPDB/pdb_cache/4nu1.cif	SEP	SEP	OG	CB	ok	1.5773273055140316	117.87117750430757	-49.77296201966413	LYS:205	LYS	NZ	2.5566288959101087	3.0	4.0	LYS:205	LYS	NZ	2.5566288959101087	HOH:536	O	6.952012262410524	0.0	35.0	salt_bridge_like			buried				0.0	0.0		modified	1.5773273055140316	27.82318295899382	60.02040776338762	same	toward		
O96013	4O0X	A	474	SEP_single	1	1	2.483	SEP	91		2	300-589	300-589	SEP	/mnt/c/Users/drpat/OneDrive - UGent/Desktop/PD/Phospho-fill/Validation-allPDB/pdb_cache/4o0x.cif	SEP	SEP	OG	CB	ok	1.59627555983804	104.86751245395035	25.961741103212503	ARG:359	ARG	NH2	2.3581610806736424	3.0	3.0	ARG:359	ARG	NH2	2.3581610806736424	HOH:736	O	4.050992061790851	0.0	25.0	salt_bridge_like			buried				0.0	0.0		modified	1.59627555983804	40.19773348411219	24.728872274693842	same	toward		
O96013	4O0Y	A	474	SEP_single	1	1	2.2	SEP	92		2	300-589	300-589	SEP	/mnt/c/Users/drpat/OneDrive - UGent/Desktop/PD/Phospho-fill/Validation-allPDB/pdb_cache/4o0y.cif	SEP	SEP	OG	CB	ok	1.6048693866241204	117.0231923900832	48.970619819082195	ARG:472	ARG	NE	2.5858592296884972	3.0	3.0	ARG:472	ARG	NE	2.5858592296884972	HOH:733	O	2.684356759157443	2.0	26.0	salt_bridge_like			exposed				0.0	0.0		modified	1.6048693866241204	45.27819145944433	53.659502827554384	same	toward		
P33981	4O6L	A	677	SEP_mixed_with_TPO	1	3	2.38	SEP	194		4	515-677,686-699,711-793	515-677,686-699,711-793	SEP	/mnt/c/Users/drpat/OneDrive - UGent/Desktop/PD/Phospho-fill/Validation-allPDB/pdb_cache/4o6l.cif	SEP	SEP	OG	CB	ok	1.6174865096158912	111.04107830761905	14.434468793094865	LYS:615	LYS	CE	6.882754140220762	0.0	0.0	LYS:529	LYS	NZ	6.891732655853657	HOH:1127	O	4.90836779974632	0.0	14.0	none_obvious			intermediate	TPO:675	TPO	4.15800788160236	2.0	2.0	TPO:675@4.16;TPO:676@5.75	modified	1.6174865096158912	23.12797721497508	72.06369975826087	opposite	toward		
O22476	4OH4	A	1042	SEP_mixed_with_TPO	3	4	2.25	SEP	56		4	863-970,977-1160	863-970,977-1160	SEP,SEP,SEP	/mnt/c/Users/drpat/OneDrive - UGent/Desktop/PD/Phospho-fill/Validation-allPDB/pdb_cache/4oh4.cif	SEP	SEP	OG	CB	ok	1.6252600057103754	113.71017460215948	-27.94250963552579	ARG:1062	ARG	NH2	2.9528399072218803	2.0	2.0	ARG:1062	ARG	NH2	2.9528399072218803	HOH:1379	O	3.3340775803330756	1.0	14.0	salt_bridge_like			intermediate	SEP:1060	SEP	7.495402991574969	1.0	3.0	TPO:1039@9.53;SEP:1044@11.38;SEP:1060@7.50	modified	1.6252600057103754	67.21347092497574	90.28043927414274	opposite	lateral		
O22476	4OH4	A	1044	SEP_mixed_with_TPO	3	4	2.25	SEP	56		4	863-970,977-1160	863-970,977-1160	SEP,SEP,SEP	/mnt/c/Users/drpat/OneDrive - UGent/Desktop/PD/Phospho-fill/Validation-allPDB/pdb_cache/4oh4.cif	SEP	SEP	OG	CB	ok	1.6237216243996793	112.14935139558123	78.57742695936071	ARG:922	ARG	NH2	3.077924537261372	1.0	3.0	ARG:922	ARG	NH2	3.077924537261372	HOH:1409	O	2.7144191169877705	3.0	15.0	salt_bridge_like			exposed	SEP:1042	SEP	11.37750173185224	0.0	1.0	SEP:1042@11.38	modified	1.6237216243996793	17.81198280500946	62.61498612854865	same	toward		
O22476	4OH4	A	1060	SEP_mixed_with_TPO	3	4	2.25	SEP	56		4	863-970,977-1160	863-970,977-1160	SEP,SEP,SEP	/mnt/c/Users/drpat/OneDrive - UGent/Desktop/PD/Phospho-fill/Validation-allPDB/pdb_cache/4oh4.cif	SEP	SEP	OG	CB	ok	1.6152410212283377	114.34461027874995	-70.13089760569063	ARG:1062	ARG	NE	2.6357127843666004	1.0	2.0	ARG:1062	ARG	NE	2.6357127843666004	HOH:1337	O	2.5323015644166076	4.0	14.0	salt_bridge_like			exposed	SEP:1042	SEP	7.495402991574969	1.0	2.0	TPO:1039@10.33;SEP:1042@7.50	modified	1.6152410212283377	71.11943937214501	56.76993818975308	opposite	lateral		
O43683	4QPM	A	969	SEP_single	1	1	2.202	SEP	65		3	740-806,815-931,939-1083	740-806,815-931,939-1083	SEP	/mnt/c/Users/drpat/OneDrive - UGent/Desktop/PD/Phospho-fill/Validation-allPDB/pdb_cache/4qpm.cif	SEP	SEP	OG	CB	ok	1.611221485926597	109.99467204678673	10.172035783953975	LYS:1005	LYS	CE	6.566757765423223	0.0	0.0	GLN:972	GLN	OE1	6.502918580135867	HOH:1669	O	2.9990539692296077	1.0	3.0	water_mediated_like			intermediate				0.0	0.0		modified	1.611221485926597	81.43196147472561	88.13576909265282	same	lateral		
P11309	4RC2	A	261	SEP_single	1	1	2.096	SEP	138		2	33-305	33-305	SEP	/mnt/c/Users/drpat/OneDrive - UGent/Desktop/PD/Phospho-fill/Validation-allPDB/pdb_cache/4rc2.cif	SEP	SEP	OG	CB	ok	1.609481555645959	120.50097118609513	-54.86186447355263	ARG:258	ARG	NH2	3.8305778506861894	1.0	1.0	ARG:258	ARG	NH2	3.8305778506861894				0.0	8.0	none_obvious			intermediate				0.0	0.0		modified	1.609481555645959	56.66539340187417		same	toward		
P11309	4RC3	A	261	SEP_single	1	1	2.338	SEP	139		2	33-47,49-305	33-47,49-305	SEP	/mnt/c/Users/drpat/OneDrive - UGent/Desktop/PD/Phospho-fill/Validation-allPDB/pdb_cache/4rc3.cif	SEP	SEP	OG	CB	ok	1.6100790094006365	120.48172145610665	-76.25104312952742	ARG:258	ARG	NH2	3.818262066528453	1.0	1.0	ARG:258	ARG	NH2	3.818262066528453				0.0	9.0	none_obvious			intermediate				0.0	0.0		modified	1.6100790094006365	45.890162661605935		same	toward		
P21675	4RGW	A	1105	SEP_mixed_with_TPO	1	2	2.301	SEP	177		2	609-929,943-992,1075-1109	609-929,943-992,1075-1109	SEP	/mnt/c/Users/drpat/OneDrive - UGent/Desktop/PD/Phospho-fill/Validation-allPDB/pdb_cache/4rgw.cif	SEP	SEP	OG	CB	ok	1.627906619883434	116.41608705800643	-45.922506229447315					0.0	0.0	GLU:1102	GLU	OE2	6.995167314087369	HOH:1506	O	3.1498934818073776	2.0	4.0	water_mediated_like			exposed	TPO:1106	TPO	8.65883078417702	0.0	1.0	TPO:1106@8.66	modified	1.627906619883434		84.17720857532268				
Q9NWZ3	4RMZ	A	346	SEP_mixed_with_TPO	1	3	2.2	SEP	292		4	165-216,221-336,340-458	165-216,221-336,340-458	SEP	/mnt/c/Users/drpat/OneDrive - UGent/Desktop/PD/Phospho-fill/Validation-allPDB/pdb_cache/4rmz.cif	SEP	SEP	OG	CB	ok	1.612287411181888	119.66918496611595	-7.594184266068606	ARG:347	ARG	NH1	7.506403265340027	0.0	0.0	ARG:347	ARG	NH1	7.506403265340027				0.0	8.0	none_obvious			intermediate	TPO:345	TPO	5.33132764755067	1.0	1.0	TPO:345@5.33	modified	1.612287411181888	101.86553227397262		same	lateral		
O15530	4RQK	A	241	SEP_single	1	1	1.55	SEP	43		1	74-359	74-359	SEP	/mnt/c/Users/drpat/OneDrive - UGent/Desktop/PD/Phospho-fill/Validation-allPDB/pdb_cache/4rqk.cif	SEP	SEP	OG	CB	ok	1.6052353858498598	111.39053980282954	-66.11424651530875	ARG:204	ARG	NH2	2.672345241038532	3.0	3.0	ARG:204	ARG	NH2	2.672345241038532	HOH:2101	O	2.6499142241548497	3.0	21.0	salt_bridge_like			exposed				0.0	0.0		modified	1.6052353858498598	55.56489997852646	46.19240069710197	same	toward		
O15530	4RQV	A	241	SEP_single	1	1	1.502	SEP	44		1	71-359	71-359	SEP	/mnt/c/Users/drpat/OneDrive - UGent/Desktop/PD/Phospho-fill/Validation-allPDB/pdb_cache/4rqv.cif	SEP	SEP	OG	CB	ok	1.6166508522549468	113.78922944487374	-68.22471172103089	ARG:204	ARG	NH2	2.750956813327457	2.0	3.0	ARG:204	ARG	NH2	2.750956813327457	HOH:2140	O	2.4166126208499215	5.0	21.0	salt_bridge_like			exposed				0.0	0.0		modified	1.6166508522549468	55.47386723371373	34.30825734617834	same	toward		
O15530	4RRV	A	241	SEP_single	1	1	1.412	SEP	45		1	76-359	76-359	SEP	/mnt/c/Users/drpat/OneDrive - UGent/Desktop/PD/Phospho-fill/Validation-allPDB/pdb_cache/4rrv.cif	SEP	SEP	OG	CB	ok	1.6170692857774458	113.95777940649563	-66.49287934563488	ARG:204	ARG	NH2	2.762703134981953	2.0	3.0	ARG:204	ARG	NH2	2.762703134981953	HOH:2293	O	2.4537487302602177	5.0	21.0	salt_bridge_like			exposed				0.0	0.0		modified	1.6170692857774458	54.27967027138166	32.31390615843272	same	toward		
P25321	4WIH	A	11	SEP_mixed_with_TPO	2	3	1.139	SEP	180		4	1-351	1-351	SEP,SEP	/mnt/c/Users/drpat/OneDrive - UGent/Desktop/PD/Phospho-fill/Validation-allPDB/pdb_cache/4wih.cif	SEP	SEP	OG	CB	ok	1.611350489797534	116.4324001122525	-34.195883845976525	LYS:8	LYS	CE	7.947314689135127	0.0	0.0	SER:15	SER	OG	4.55495333052515	HOH:410	O	2.4704281029260775	9.0	4.0	water_mediated_like			exposed	TPO:198	TPO	39.52361037459221	0.0	0.0		modified	1.611350489797534	101.7529664497561	74.09666019734924	opposite	lateral		
P25321	4WIH	A	339	SEP_mixed_with_TPO	2	3	1.139	SEP	180		4	1-351	1-351	SEP,SEP	/mnt/c/Users/drpat/OneDrive - UGent/Desktop/PD/Phospho-fill/Validation-allPDB/pdb_cache/4wih.cif	SEP	SEP	OG	CB	ok	1.6110013177112803	111.25007505961182	-89.41201580908722	ARG:337	ARG	NH2	2.4200291828761156	2.0	2.0	ARG:337	ARG	NH2	2.4200291828761156	HOH:777	O	4.626502101441578	0.0	26.0	salt_bridge_like			buried	TPO:198	TPO	30.706076506414366	0.0	0.0		modified	1.6110013177112803	50.08807950702991	101.49913166768636	same	toward		
O96013	4XBU	A	474	SEP_single	1	1	2.06	SEP	93		2	297-589	297-589	SEP	/mnt/c/Users/drpat/OneDrive - UGent/Desktop/PD/Phospho-fill/Validation-allPDB/pdb_cache/4xbu.cif	SEP	SEP	OG	CB	ok	1.5812858559409864	117.12741881574712	-38.41039626118955	ARG:472	ARG	NH2	2.53319340893904	3.0	3.0	ARG:472	ARG	NH2	2.53319340893904	HOH:613	O	2.6676250764692218	1.0	27.0	salt_bridge_like			buried				0.0	0.0		modified	1.5812858559409864	42.23151320328076	81.03786914037605	same	toward		
O15530	4XX9	A	241	SEP_single	1	1	1.4	SEP	46		1	71-359	71-359	SEP	/mnt/c/Users/drpat/OneDrive - UGent/Desktop/PD/Phospho-fill/Validation-allPDB/pdb_cache/4xx9.cif	SEP	SEP	OG	CB	ok	1.6314456293499575	114.33181892461003	-67.47174048233087	ARG:204	ARG	NH2	2.7531124462702468	2.0	3.0	ARG:204	ARG	NH2	2.7531124462702468	HOH:728	O	2.618412142451137	3.0	21.0	salt_bridge_like			exposed				0.0	0.0		modified	1.6314456293499575	53.96732273218178	82.19087710965029	same	toward		
Q9NWZ3	4Y73	C	346	SEP_mixed_with_TPO	1	3	2.14	SEP	294		4	164-337,342-460	164-337,342-460	SEP	/mnt/c/Users/drpat/OneDrive - UGent/Desktop/PD/Phospho-fill/Validation-allPDB/pdb_cache/4y73.cif	SEP	SEP	OG	CB	ok	1.5485379099569556	113.32610849162643	0.8694385171602959					0.0	0.0								0.0	4.0	none_obvious			intermediate	TPO:345	TPO	5.894949146887628	1.0	1.0	TPO:345@5.89	modified	1.5485379099569556						
Q9NWZ3	4YO6	A	346	SEP_mixed_with_TPO	1	3	2.32	SEP	295		4	163-216,222-337,341-459	163-216,222-337,341-459	SEP	/mnt/c/Users/drpat/OneDrive - UGent/Desktop/PD/Phospho-fill/Validation-allPDB/pdb_cache/4yo6.cif	SEP	SEP	OG	CB	ok	1.5553506942512476	108.91808068188739	2.801468775535753	ARG:347	ARG	NE	7.307904265889236	0.0	0.0	ARG:347	ARG	NE	7.307904265889236				0.0	6.0	none_obvious			intermediate	TPO:345	TPO	5.830101979772431	1.0	1.0	TPO:345@5.83	modified	1.5553506942512476	107.53424477601293		opposite	lateral		
O75460	4YZC	A	724	SEP_only_multi_3	3	3	2.494	SEP	74		3	562-603,610-655,664-720,722-744,747-963	562-603,610-655,664-720,722-744,747-963	SEP,SEP,SEP	/mnt/c/Users/drpat/OneDrive - UGent/Desktop/PD/Phospho-fill/Validation-allPDB/pdb_cache/4yzc.cif	SEP	SEP	OG	CB	ok	1.6174031416880776	112.43790223153393	56.10456195241084	ARG:722	ARG	NH2	3.9819808200417395	1.0	1.0	ASN:750	ASN	ND2	3.125204252995632				0.0	25.0	hbond_like			buried	SEP:726	SEP	8.668532944610927	0.0	1.0	SEP:726@8.67	modified	1.6174031416880776	99.21625923559465		opposite	lateral		
O75460	4YZC	A	726	SEP_only_multi_3	3	3	2.494	SEP	74		3	562-603,610-655,664-720,722-744,747-963	562-603,610-655,664-720,722-744,747-963	SEP,SEP,SEP	/mnt/c/Users/drpat/OneDrive - UGent/Desktop/PD/Phospho-fill/Validation-allPDB/pdb_cache/4yzc.cif	SEP	SEP	OG	CB	ok	1.6118250731594548	110.83049095093821	16.896275969209647	ARG:722	ARG	NH1	2.8314018395161593	1.0	2.0	ARG:722	ARG	NH1	2.8314018395161593				0.0	9.0	salt_bridge_like			intermediate	SEP:729	SEP	7.616905733193703	1.0	2.0	SEP:724@8.67;SEP:729@7.62	modified	1.6118250731594548	64.33306624761134		same	lateral		
O75460	4YZC	A	729	SEP_only_multi_3	3	3	2.494	SEP	74		3	562-603,610-655,664-720,722-744,747-963	562-603,610-655,664-720,722-744,747-963	SEP,SEP,SEP	/mnt/c/Users/drpat/OneDrive - UGent/Desktop/PD/Phospho-fill/Validation-allPDB/pdb_cache/4yzc.cif	SEP	SEP	OG	CB	ok	1.6034868658267223	112.4355428007011	-13.782146118819233	ARG:687	ARG	NH2	2.3057728300214695	2.0	3.0	ARG:687	ARG	NH2	2.3057728300214695				0.0	12.0	salt_bridge_like			intermediate	SEP:726	SEP	7.616905733193703	1.0	1.0	SEP:726@7.62	modified	1.6034868658267223	49.451948867550605		same	toward		
Q9NWZ3	4ZTL	D	346	SEP_mixed_with_TPO	1	3	2.39	SEP	296		4	164-195,197-217,222-337,342-460	164-195,197-217,222-337,342-460	SEP	/mnt/c/Users/drpat/OneDrive - UGent/Desktop/PD/Phospho-fill/Validation-allPDB/pdb_cache/4ztl.cif	SEP	SEP	OG	CB	ok	1.543691961167122	111.09196158214594	16.46797422550366	ARG:347	ARG	NH1	6.675436381841254	0.0	0.0	ARG:347	ARG	NH1	6.675436381841254				0.0	8.0	none_obvious			intermediate	TPO:345	TPO	5.463049770785069	1.0	1.0	TPO:345@5.46	modified	1.543691961167122	113.17308817139333		opposite	lateral		
Q9NWZ3	4ZTN	A	346	SEP_mixed_with_TPO	1	3	2.23	SEP	297		4	163-216,221-337,342-459	163-216,221-337,342-459	SEP	/mnt/c/Users/drpat/OneDrive - UGent/Desktop/PD/Phospho-fill/Validation-allPDB/pdb_cache/4ztn.cif	SEP	SEP	OG	CB	ok	1.5667840352402247	109.26636964752863	10.377240058904013					0.0	0.0								0.0	3.0	none_obvious			intermediate	TPO:345	TPO	6.086050020562144	1.0	1.0	TPO:345@6.09	modified	1.5667840352402247						
O15530	5ACK	A	241	SEP_single	1	1	1.24	SEP	47		1	73-359	73-359	SEP	/mnt/c/Users/drpat/OneDrive - UGent/Desktop/PD/Phospho-fill/Validation-allPDB/pdb_cache/5ack.cif	SEP	SEP	OG	CB	ok	1.5838018071676847	119.32160421765137	-66.09324010692333	ARG:204	ARG	NH2	2.788207718482964	3.0	3.0	ARG:204	ARG	NH2	2.788207718482964	HOH:2065	O	2.3594635993827033	5.0	21.0	salt_bridge_like			exposed				0.0	0.0		modified	1.5838018071676847	56.628811803596115	48.09673825933993	same	toward		
P33981	5AP1	A	677	SEP_mixed_with_TPO	1	4	2.05	SEP	195		4	519-681,684-700,708-795	519-681,684-700,708-795	SEP	/mnt/c/Users/drpat/OneDrive - UGent/Desktop/PD/Phospho-fill/Validation-allPDB/pdb_cache/5ap1.cif	SEP	SEP	OG	CB	ok	1.5636155849679763	113.33779070083901	7.7740747990972405					0.0	0.0					HOH:2084	O	2.710384428364931	4.0	13.0	water_mediated_like			exposed	TPO:675	TPO	4.728091288856524	2.0	2.0	TPO:675@4.73;TPO:676@6.15	modified	1.5636155849679763		39.64507289272528				
O43683	5DMZ	A	969	SEP_single	1	1	2.4	SEP	66		3	735-806,816-1083	735-806,816-1083	SEP	/mnt/c/Users/drpat/OneDrive - UGent/Desktop/PD/Phospho-fill/Validation-allPDB/pdb_cache/5dmz.cif	SEP	SEP	OG	CB	ok	1.6039292547783364	107.05029676968313	-18.2241707542053	LYS:919	LYS	NZ	3.3782036872427663	1.0	1.0	ASP:917	ASP	OD2	2.760846339823239	HOH:1209	O	3.6218029353942964	1.0	23.0	salt_bridge_like			intermediate				0.0	0.0		modified	1.6039292547783364	30.80409134558703	17.355515604327348	same	toward		
P11309	5DWR	A	261	SEP_single	1	1	2.0	SEP	140		2	33-306	33-306	SEP	/mnt/c/Users/drpat/OneDrive - UGent/Desktop/PD/Phospho-fill/Validation-allPDB/pdb_cache/5dwr.cif	SEP	SEP	OG	CB	ok	1.605940628014482	116.91944241648235	-73.67171986034667	ARG:258	ARG	NH1	3.366773112249047	1.0	1.0	ARG:258	ARG	NH1	3.366773112249047	HOH:512	O	2.650724016211918	5.0	8.0	salt_bridge_like			exposed				0.0	0.0		modified	1.605940628014482	41.803185845177126	29.61585840171794	same	toward		
Q04759	5F9E	A	676	SEP_only_multi_2	2	2	2.0	SEP	229		3	374-706	374-706	SEP,SEP	/mnt/c/Users/drpat/OneDrive - UGent/Desktop/PD/Phospho-fill/Validation-allPDB/pdb_cache/5f9e.cif	SEP	SEP	OG	CB	ok	1.6260390565981904	105.11461906183803	14.05312223805597	LYS:393	LYS	NZ	3.0597390721442546	2.0	3.0	LYS:393	LYS	NZ	3.0597390721442546	HOH:1111	O	2.5712964956990776	1.0	9.0	salt_bridge_like			intermediate	SEP:695	SEP	22.391461829595688	0.0	0.0		modified	1.6260390565981904	97.04951455422321	77.86638402709212	same	lateral		
Q04759	5F9E	A	695	SEP_only_multi_2	2	2	2.0	SEP	229		3	374-706	374-706	SEP,SEP	/mnt/c/Users/drpat/OneDrive - UGent/Desktop/PD/Phospho-fill/Validation-allPDB/pdb_cache/5f9e.cif	SEP	SEP	OG	CB	ok	1.62196872544084	118.31028793338571	-15.326577107953932	LYS:413	LYS	NZ	7.1674635646103555	0.0	0.0	GLN:449	GLN	NE2	3.806968282508966	HOH:1113	O	2.592613138301276	3.0	18.0	water_mediated_like			exposed	SEP:676	SEP	22.391461829595688	0.0	0.0		modified	1.62196872544084	73.37888142307344	70.35449258025976	same	lateral		
P51584	5FXM	A	954	SEP_single	1	1	1.99	SEP	215		1	803-1077	803-1077	SEP	/mnt/c/Users/drpat/OneDrive - UGent/Desktop/PD/Phospho-fill/Validation-allPDB/pdb_cache/5fxm.cif	SEP	SEP	OG	CB	ok	1.610968267317053	118.33559714203605	43.307235787230674	HIS:1058	HIS	NE2	2.696398287594411	1.0	1.0	HIS:1058	HIS	NE2	2.696398287594411	HOH:2046	O	6.771056930994563	0.0	23.0	salt_bridge_like			intermediate				0.0	0.0		modified	1.610968267317053	85.02778973921558	75.75816700898235	opposite	lateral		
O15530	5HKM	A	241	SEP_single	1	1	2.1	SEP	48		1	76-230,241-358	76-230,241-358	SEP	/mnt/c/Users/drpat/OneDrive - UGent/Desktop/PD/Phospho-fill/Validation-allPDB/pdb_cache/5hkm.cif	SEP	SEP	OG	CB	ok	1.5749949837680297	114.10472250489462	62.65568890486676	ARG:204	ARG	NH2	2.7945722271185063	2.0	3.0	ARG:204	ARG	NH2	2.7945722271185063	HOH:513	O	5.583670637696178	0.0	19.0	salt_bridge_like			intermediate				0.0	0.0		modified	1.5749949837680297	28.69077488880319	127.99222590412832	same	toward		
P11309	5IIS	A	261	SEP_single	1	1	2.1	SEP	141		2	32-305	32-305	SEP	/mnt/c/Users/drpat/OneDrive - UGent/Desktop/PD/Phospho-fill/Validation-allPDB/pdb_cache/5iis.cif	SEP	SEP	OG	CB	ok	1.665247120782874	112.46469565650325	-64.71781082649197	ARG:258	ARG	NH1	3.4967552210809525	1.0	1.0	ARG:258	ARG	NH1	3.4967552210809525	HOH:512	O	2.6767911117446554	4.0	9.0	salt_bridge_like			exposed				0.0	0.0		modified	1.665247120782874	48.45856839147808	38.682537885009964	same	toward		
Q9HCE5	5IL0	B	399	SEP_single	1	1	1.882	SEP	270		1	116-200,205-272,274-402	116-200,205-272,274-402	SEP	/mnt/c/Users/drpat/OneDrive - UGent/Desktop/PD/Phospho-fill/Validation-allPDB/pdb_cache/5il0.cif	SEP	SEP	OG	CB	ok	1.6141894400543504	106.56312988257794	52.149648912790745	ARG:298	ARG	NH2	4.4570335591651595	0.0	1.0	ARG:298	ARG	NH2	4.4570335591651595	HOH:695	O	4.701290826063983	0.0	19.0	none_obvious			intermediate				0.0	0.0		modified	1.6141894400543504	38.40611606751152	64.0061692905891	same	toward		
Q9HCE5	5IL1	B	399	SEP_single	1	1	1.71	SEP	271		1	117-202,204-402	117-202,204-402	SEP	/mnt/c/Users/drpat/OneDrive - UGent/Desktop/PD/Phospho-fill/Validation-allPDB/pdb_cache/5il1.cif	SEP	SEP	OG	CB	ok	1.6068082216813404	105.56322341504747	-27.69511483542337	ARG:298	ARG	NE	4.797981193763236	0.0	1.0	ARG:298	ARG	NE	4.797981193763236	HOH:711	O	2.996489133114225	1.0	15.0	water_mediated_like			intermediate				0.0	0.0		modified	1.6068082216813404	89.79128851305457	86.34094606517463	opposite	lateral		
Q9HCE5	5IL2	B	399	SEP_single	1	1	1.606	SEP	272		1	117-202,204-402	117-202,204-402	SEP	/mnt/c/Users/drpat/OneDrive - UGent/Desktop/PD/Phospho-fill/Validation-allPDB/pdb_cache/5il2.cif	SEP	SEP	OG	CB	ok	1.6083192690580692	122.41239021543383	-20.744448974193052	ARG:298	ARG	NE	3.4847539996669283	1.0	1.0	ARG:298	ARG	NE	3.4847539996669283	HOH:608	O	2.4683157105855615	2.0	22.0	salt_bridge_like			exposed				0.0	0.0		modified	1.6083192690580692	68.06194833556198	73.36339982009827	same	lateral		
P36871	5JN5	A	117	SEP_single	1	1	1.75	SEP	199		1	1-506,511-562	1-506,511-562	SEP	/mnt/c/Users/drpat/OneDrive - UGent/Desktop/PD/Phospho-fill/Validation-allPDB/pdb_cache/5jn5.cif	SEP	SEP	OG	CB	ok	1.636953520203535	111.20565120891284	-24.14073919625109	ARG:23	ARG	NH2	2.7559574184731876	3.0	4.0	ARG:23	ARG	NH2	2.7559574184731876	HOH:701	O	1.9219973025351822	6.0	31.0	salt_bridge_like			exposed				0.0	0.0		modified	1.636953520203535	73.26750249206434	41.65372862651015	opposite	lateral		
Q9NWZ3	5K72	A	346	SEP_mixed_with_TPO	1	2	2.22	SEP	298		4	164-216,226-335,343-458	164-216,226-335,343-458	SEP	/mnt/c/Users/drpat/OneDrive - UGent/Desktop/PD/Phospho-fill/Validation-allPDB/pdb_cache/5k72.cif	SEP	SEP	OG	CB	ok	1.5614710376289886	109.49196655526292	11.121840145711703	ARG:347	ARG	NE	3.907435092941984	1.0	1.0	ARG:347	ARG	NE	3.907435092941984				0.0	8.0	none_obvious			intermediate	TPO:345	TPO	5.843332315195503	1.0	1.0	TPO:345@5.84	modified	1.5614710376289886	96.14390233203312		opposite	lateral		
Q9NWZ3	5K75	C	346	SEP_mixed_with_TPO	1	2	2.03	SEP	299		4	164-215,221-336,343-458	164-215,221-336,343-458	SEP	/mnt/c/Users/drpat/OneDrive - UGent/Desktop/PD/Phospho-fill/Validation-allPDB/pdb_cache/5k75.cif	SEP	SEP	OG	CB	ok	1.5561022397958149	111.06906843249219	-1.10993592301335					0.0	0.0								0.0	3.0	none_obvious			intermediate	TPO:345	TPO	6.230883622533589	1.0	1.0	TPO:345@6.23	modified	1.5561022397958149						
Q9NWZ3	5K7G	C	346	SEP_mixed_with_TPO	1	2	2.23	SEP	300		4	164-216,220-335,343-458	164-216,220-335,343-458	SEP	/mnt/c/Users/drpat/OneDrive - UGent/Desktop/PD/Phospho-fill/Validation-allPDB/pdb_cache/5k7g.cif	SEP	SEP	OG	CB	ok	1.5538206216988038	110.85943254824402	-2.827015602113937	ARG:347	ARG	NE	7.163697231465435	0.0	0.0	ARG:347	ARG	NE	7.163697231465435				0.0	4.0	none_obvious			intermediate	TPO:345	TPO	6.253113624030784	1.0	1.0	TPO:345@6.25	modified	1.5538206216988038	80.54891468792589		same	lateral		
Q9NWZ3	5K7I	A	346	SEP_mixed_with_TPO	1	2	2.31	SEP	301		4	164-215,226-252,257-335,343-458	164-215,226-252,257-335,343-458	SEP	/mnt/c/Users/drpat/OneDrive - UGent/Desktop/PD/Phospho-fill/Validation-allPDB/pdb_cache/5k7i.cif	SEP	SEP	OG	CB	ok	1.5361230990446895	113.60656565433389	3.2637744636895385	ARG:347	ARG	NE	4.362111892749416	0.0	1.0	ARG:347	ARG	NE	4.362111892749416				0.0	11.0	none_obvious			intermediate	TPO:345	TPO	5.8499249822011565	1.0	1.0	TPO:345@5.85	modified	1.5361230990446895	89.90644330581648		opposite	lateral		
P08149	5KSH	A	465	SEP_single	1	1	2.4	SEP	116		1	53-92,164-573	53-92,164-573	SEP	/mnt/c/Users/drpat/OneDrive - UGent/Desktop/PD/Phospho-fill/Validation-allPDB/pdb_cache/5ksh.cif	SEP	SEP	OG	CB	ok	1.6694423883320266	128.7785588409049	96.6490449029617	LYS:463	LYS	CE	3.426333807206204	1.0	3.0	ARG:468	ARG	NH2	4.817045105962693	HOH:703	O	3.225792752292281	1.0	16.0	salt_bridge_like			intermediate				0.0	0.0		modified	1.6694423883320266	94.15777431180119	47.005841452671284	opposite	lateral		
P41743	5LI1	A	484	SEP_mixed_with_TPO	1	3	2.0	SEP	205		3	248-455,466-589	248-455,466-589	SEP	/mnt/c/Users/drpat/OneDrive - UGent/Desktop/PD/Phospho-fill/Validation-allPDB/pdb_cache/5li1.cif	SEP	SEP	OG	CB	ok	1.6145242555641128	109.0631552426094	22.701256229205363	LYS:349	LYS	NZ	2.9403474579897795	1.0	1.0	LYS:349	LYS	NZ	2.9403474579897795	HOH:708	O	2.515650286084879	2.0	10.0	salt_bridge_like			exposed	TPO:412	TPO	39.16800745726152	0.0	0.0		modified	1.6145242555641128	42.94811887072976	73.11403885831038	opposite	toward		
O22476	5LPB	A	1042	SEP_mixed_with_TPO	3	4	1.98	SEP	57		4	867-971,975-1087,1095-1160	867-971,975-1087,1095-1160	SEP,SEP,SEP	/mnt/c/Users/drpat/OneDrive - UGent/Desktop/PD/Phospho-fill/Validation-allPDB/pdb_cache/5lpb.cif	SEP	SEP	OG	CB	ok	1.6044227871279637	111.9533967365589	19.315977212395353	HIS:1040	HIS	NE2	2.975437519249198	2.0	2.0	HIS:1040	HIS	NE2	2.975437519249198				0.0	13.0	salt_bridge_like			intermediate	SEP:1060	SEP	8.974678844206181	0.0	3.0	TPO:1039@9.70;SEP:1044@11.74;SEP:1060@8.97	modified	1.6044227871279637	87.58161022636341		same	lateral		
O22476	5LPB	A	1044	SEP_mixed_with_TPO	3	4	1.98	SEP	57		4	867-971,975-1087,1095-1160	867-971,975-1087,1095-1160	SEP,SEP,SEP	/mnt/c/Users/drpat/OneDrive - UGent/Desktop/PD/Phospho-fill/Validation-allPDB/pdb_cache/5lpb.cif	SEP	SEP	OG	CB	ok	1.6141381022372072	111.91226479166185	64.79954854466314	ARG:1032	ARG	NH2	3.0681838092565483	1.0	3.0	ARG:1032	ARG	NH2	3.0681838092565483				0.0	15.0	salt_bridge_like			intermediate	SEP:1042	SEP	11.743894718797536	0.0	1.0	SEP:1042@11.74	modified	1.6141381022372072	42.73539952465674		same	toward		
O22476	5LPB	A	1060	SEP_mixed_with_TPO	3	4	1.98	SEP	57		4	867-971,975-1087,1095-1160	867-971,975-1087,1095-1160	SEP,SEP,SEP	/mnt/c/Users/drpat/OneDrive - UGent/Desktop/PD/Phospho-fill/Validation-allPDB/pdb_cache/5lpb.cif	SEP	SEP	OG	CB	ok	1.6122336780296271	112.57767061618758	-1.5164794914061779	ARG:1062	ARG	NH1	2.528657275526623	1.0	1.0	ARG:1062	ARG	NH1	2.528657275526623	HOH:1315	O	3.033944244003296	1.0	23.0	salt_bridge_like			intermediate	SEP:1042	SEP	8.974678844206181	0.0	2.0	TPO:1039@9.41;SEP:1042@8.97	modified	1.6122336780296271	44.967149463113714	66.60772142100905	same	toward		
O22476	5LPW	A	1042	SEP_mixed_with_TPO	3	4	2.431	SEP	58		4	866-971,975-1086,1095-1160	866-971,975-1086,1095-1160	SEP,SEP,SEP	/mnt/c/Users/drpat/OneDrive - UGent/Desktop/PD/Phospho-fill/Validation-allPDB/pdb_cache/5lpw.cif	SEP	SEP	OG	CB	ok	1.6056098929992866	111.0067263430079	0.19099757742255008	HIS:1040	HIS	NE2	2.9671310346732835	1.0	2.0	HIS:1040	HIS	NE2	2.9671310346732835				0.0	14.0	salt_bridge_like			intermediate	SEP:1060	SEP	6.117991407825746	1.0	3.0	TPO:1039@9.22;SEP:1044@11.65;SEP:1060@6.12	modified	1.6056098929992866	89.65373125062742		opposite	lateral		
O22476	5LPW	A	1044	SEP_mixed_with_TPO	3	4	2.431	SEP	58		4	866-971,975-1086,1095-1160	866-971,975-1086,1095-1160	SEP,SEP,SEP	/mnt/c/Users/drpat/OneDrive - UGent/Desktop/PD/Phospho-fill/Validation-allPDB/pdb_cache/5lpw.cif	SEP	SEP	OG	CB	ok	1.6122643248700388	111.07228171734681	80.48944687751673	ARG:1032	ARG	NH2	3.7319064901911565	1.0	3.0	ARG:1032	ARG	NH2	3.7319064901911565				0.0	18.0	none_obvious			intermediate	SEP:1042	SEP	11.648872265086604	0.0	1.0	SEP:1042@11.65	modified	1.6122643248700388	29.751760541709537		same	toward		
O22476	5LPW	A	1060	SEP_mixed_with_TPO	3	4	2.431	SEP	58		4	866-971,975-1086,1095-1160	866-971,975-1086,1095-1160	SEP,SEP,SEP	/mnt/c/Users/drpat/OneDrive - UGent/Desktop/PD/Phospho-fill/Validation-allPDB/pdb_cache/5lpw.cif	SEP	SEP	OG	CB	ok	1.6131593951124397	111.92205032476375	-83.40922789281683	ARG:1062	ARG	NE	2.977453110242138	1.0	1.0	ARG:1062	ARG	NE	2.977453110242138				0.0	19.0	salt_bridge_like			intermediate	SEP:1042	SEP	6.117991407825746	1.0	2.0	TPO:1039@11.45;SEP:1042@6.12	modified	1.6131593951124397	103.28345951651427		opposite	lateral		
O22476	5LPY	A	1042	SEP_mixed_with_TPO	3	4	2.3	SEP	59		4	867-1086,1095-1160	867-1086,1095-1160	SEP,SEP,SEP	/mnt/c/Users/drpat/OneDrive - UGent/Desktop/PD/Phospho-fill/Validation-allPDB/pdb_cache/5lpy.cif	SEP	SEP	OG	CB	ok	1.602047620759307	112.13670791961052	-5.9785230349283855	HIS:1040	HIS	NE2	2.81113150327227	2.0	2.0	HIS:1040	HIS	NE2	2.81113150327227				0.0	16.0	salt_bridge_like			intermediate	TPO:1039	TPO	9.304502431809343	0.0	3.0	TPO:1039@9.30;SEP:1044@11.90;SEP:1060@9.32	modified	1.602047620759307	85.51292477508328		same	lateral		
O22476	5LPY	A	1044	SEP_mixed_with_TPO	3	4	2.3	SEP	59		4	867-1086,1095-1160	867-1086,1095-1160	SEP,SEP,SEP	/mnt/c/Users/drpat/OneDrive - UGent/Desktop/PD/Phospho-fill/Validation-allPDB/pdb_cache/5lpy.cif	SEP	SEP	OG	CB	ok	1.6144592785063723	111.47942108059425	62.33490877422451	ARG:1032	ARG	NH2	3.711638429645294	1.0	3.0	ARG:1032	ARG	NH2	3.711638429645294				0.0	12.0	none_obvious			intermediate	SEP:1042	SEP	11.89774796082336	0.0	1.0	SEP:1042@11.90	modified	1.6144592785063723	37.78741621457007		same	toward		
O22476	5LPY	A	1060	SEP_mixed_with_TPO	3	4	2.3	SEP	59		4	867-1086,1095-1160	867-1086,1095-1160	SEP,SEP,SEP	/mnt/c/Users/drpat/OneDrive - UGent/Desktop/PD/Phospho-fill/Validation-allPDB/pdb_cache/5lpy.cif	SEP	SEP	OG	CB	ok	1.6142804242993625	111.52459641930962	-9.678331999555809	ARG:1062	ARG	NH1	2.6773430931251534	1.0	1.0	ARG:1062	ARG	NH1	2.6773430931251534	HOH:1302	O	5.589686566587051	0.0	18.0	salt_bridge_like			intermediate	SEP:1042	SEP	9.322776000335342	0.0	2.0	TPO:1039@9.70;SEP:1042@9.32	modified	1.6142804242993625	77.48562357504889	51.87001991318839	opposite	lateral		
O22476	5LPZ	A	1042	SEP_mixed_with_TPO	2	3	2.48	SEP	60		4	866-1086,1095-1124,1126-1160	866-1086,1095-1124,1126-1160	SEP,SEP	/mnt/c/Users/drpat/OneDrive - UGent/Desktop/PD/Phospho-fill/Validation-allPDB/pdb_cache/5lpz.cif	SEP	SEP	OG	CB	ok	1.6102871975659176	111.25848583617503	-13.5949843614701	ARG:1062	ARG	NH2	3.032276383059007	2.0	2.0	ARG:1062	ARG	NH2	3.032276383059007				0.0	15.0	salt_bridge_like			intermediate	TPO:1039	TPO	9.457416062091804	0.0	2.0	TPO:1039@9.46;SEP:1044@11.35	modified	1.6102871975659176	60.24270013382677		opposite	lateral		
O22476	5LPZ	A	1044	SEP_mixed_with_TPO	2	3	2.48	SEP	60		4	866-1086,1095-1124,1126-1160	866-1086,1095-1124,1126-1160	SEP,SEP	/mnt/c/Users/drpat/OneDrive - UGent/Desktop/PD/Phospho-fill/Validation-allPDB/pdb_cache/5lpz.cif	SEP	SEP	OG	CB	ok	1.6108670514151275	110.76060086452743	69.12018013505137	ARG:1032	ARG	NH2	4.398572296015707	0.0	2.0	THR:1045	THR	OG1	4.162634468256687				0.0	11.0	none_obvious			intermediate	SEP:1042	SEP	11.352965539265641	0.0	1.0	SEP:1042@11.35	modified	1.6108670514151275	36.98942797745215		same	toward		
O15530	5LVL	A	241	SEP_single	1	1	1.4	SEP	49		1	74-359	74-359	SEP	/mnt/c/Users/drpat/OneDrive - UGent/Desktop/PD/Phospho-fill/Validation-allPDB/pdb_cache/5lvl.cif	SEP	SEP	OG	CB	ok	1.570994713019953	114.07068313617968	-67.47215057172117	ARG:204	ARG	NH2	2.7628313572066863	2.0	3.0	ARG:204	ARG	NH2	2.7628313572066863	HOH:528	O	2.587282286859585	5.0	21.0	salt_bridge_like			exposed				0.0	0.0		modified	1.570994713019953	55.225140314184664	35.142568976961655	same	toward		
O15530	5LVM	A	241	SEP_single	1	1	1.26	SEP	50		1	76-359	76-359	SEP	/mnt/c/Users/drpat/OneDrive - UGent/Desktop/PD/Phospho-fill/Validation-allPDB/pdb_cache/5lvm.cif	SEP	SEP	OG	CB	ok	1.6427165954384562	117.77725377079362	-66.8323966341864	ARG:204	ARG	NH2	2.7926749824869344	2.0	3.0	ARG:204	ARG	NH2	2.7926749824869344	HOH:518	O	2.484489868288648	6.0	21.0	salt_bridge_like			exposed				0.0	0.0		modified	1.6427165954384562	54.04321150741581	41.8310263440033	same	toward		
O15530	5LVN	A	241	SEP_single	1	1	1.379	SEP	51		1	75-359	75-359	SEP	/mnt/c/Users/drpat/OneDrive - UGent/Desktop/PD/Phospho-fill/Validation-allPDB/pdb_cache/5lvn.cif	SEP	SEP	OG	CB	ok	1.6006839690136032	113.11985115236843	-67.65800471862688	ARG:204	ARG	NH2	2.774409536897714	3.0	3.0	ARG:204	ARG	NH2	2.774409536897714	HOH:520	O	2.5164648865366095	6.0	21.0	salt_bridge_like			exposed				0.0	0.0		modified	1.6006839690136032	52.855482019843286	47.00931676477355	same	toward		
O15530	5LVO	A	241	SEP_single	1	1	1.09	SEP	52		1	73-359	73-359	SEP	/mnt/c/Users/drpat/OneDrive - UGent/Desktop/PD/Phospho-fill/Validation-allPDB/pdb_cache/5lvo.cif	SEP	SEP	OG	CB	ok	1.6230561641484074	116.37678388425462	-67.57368656503442	ARG:204	ARG	NH2	2.8160212247479635	2.0	3.0	ARG:204	ARG	NH2	2.8160212247479635	HOH:535	O	2.5640831790683967	5.0	21.0	salt_bridge_like			exposed				0.0	0.0		modified	1.6230561641484074	53.47254775628731	42.190296197355266	same	toward		
O15530	5LVP	B	241	SEP_single	1	1	2.5	SEP	53		1	74-231,241-359	74-231,241-359	SEP	/mnt/c/Users/drpat/OneDrive - UGent/Desktop/PD/Phospho-fill/Validation-allPDB/pdb_cache/5lvp.cif	SEP	SEP	OG	CB	ok	1.6130288518619689	110.90726001237661	-18.790979022795334	ARG:204	ARG	NH2	3.007461544308495	2.0	3.0	ARG:204	ARG	NH2	3.007461544308495				0.0	9.0	salt_bridge_like			intermediate				0.0	0.0		modified	1.6130288518619689	47.742167427007765		same	toward		
O15530	5MRD	A	241	SEP_single	1	1	1.41	SEP	54		1	76-359	76-359	SEP	/mnt/c/Users/drpat/OneDrive - UGent/Desktop/PD/Phospho-fill/Validation-allPDB/pdb_cache/5mrd.cif	SEP	SEP	OG	CB	ok	1.6251724084260788	114.87173732434714	-68.39026182383132	ARG:204	ARG	NH2	2.7591470592029363	2.0	3.0	ARG:204	ARG	NH2	2.7591470592029363	HOH:525	O	2.495656252828027	5.0	21.0	salt_bridge_like			exposed				0.0	0.0		modified	1.6251724084260788	51.2699882636541	38.571824698079915	same	toward		
P11309	5N51	A	261	SEP_single	1	1	2.118	SEP	142		2	33-46,51-305	33-46,51-305	SEP	/mnt/c/Users/drpat/OneDrive - UGent/Desktop/PD/Phospho-fill/Validation-allPDB/pdb_cache/5n51.cif	SEP	SEP	OG	CB	ok	1.62467353113997	114.14409620429258	-70.66490904296923	ARG:258	ARG	NH1	3.4883981034458023	1.0	1.0	ARG:258	ARG	NH1	3.4883981034458023	HOH:526	O	2.6998917645592075	2.0	9.0	salt_bridge_like			exposed				0.0	0.0		modified	1.62467353113997	47.46579930002656	37.31348158355645	same	toward		
P11309	5N5L	A	261	SEP_single	1	1	1.97	SEP	143		2	33-80,82-305	33-80,82-305	SEP	/mnt/c/Users/drpat/OneDrive - UGent/Desktop/PD/Phospho-fill/Validation-allPDB/pdb_cache/5n5l.cif	SEP	SEP	OG	CB	ok	1.6333657861588018	114.38222711477215	-69.49912481707557	ARG:258	ARG	NH2	3.6067148145924186	1.0	1.0	ARG:258	ARG	NH2	3.6067148145924186	HOH:503	O	4.774099456399872	0.0	11.0	none_obvious			intermediate				0.0	0.0		modified	1.6333657861588018	46.96073353645691	56.766096343978596	same	toward		
P11309	5N5M	A	261	SEP_single	1	1	2.21	SEP	144		2	33-305	33-305	SEP	/mnt/c/Users/drpat/OneDrive - UGent/Desktop/PD/Phospho-fill/Validation-allPDB/pdb_cache/5n5m.cif	SEP	SEP	OG	CB	ok	1.631871142293539	114.71042717158481	-63.478775318775405	ARG:258	ARG	NH2	3.747217296244158	1.0	1.0	ARG:258	ARG	NH2	3.747217296244158	HOH:510	O	2.8167345054462216	1.0	12.0	water_mediated_like			intermediate				0.0	0.0		modified	1.631871142293539	51.94708341738853	40.35922210975639	same	toward		
P32356	5N6N	C	60	SEP_only_multi_2	2	2	2.29	SEP	192		2	27-37,54-436,448-751	27-37,54-436,448-751	SEP,SEP	/mnt/c/Users/drpat/OneDrive - UGent/Desktop/PD/Phospho-fill/Validation-allPDB/pdb_cache/5n6n.cif	SEP	SEP	OG	CB	ok	1.6042469137706643	113.99077624719668	3.5792319931050494	ARG:55	ARG	NH2	2.490782510360871	1.0	1.0	ARG:55	ARG	NH2	2.490782510360871	HOH:905	O	2.4228409052555384	2.0	10.0	salt_bridge_like			exposed	SEP:83	SEP	34.55066365127493	0.0	0.0		modified	1.6042469137706643	68.80431544508437	74.65365585833788	same	lateral		
P32356	5N6N	C	83	SEP_only_multi_2	2	2	2.29	SEP	192		2	27-37,54-436,448-751	27-37,54-436,448-751	SEP,SEP	/mnt/c/Users/drpat/OneDrive - UGent/Desktop/PD/Phospho-fill/Validation-allPDB/pdb_cache/5n6n.cif	SEP	SEP	OG	CB	ok	1.6040457705772846	109.52573777315796	7.532359715699064	ARG:81	ARG	NH1	2.7527764788667386	1.0	1.0	ARG:81	ARG	NH1	2.7527764788667386	HOH:984	O	2.687626177431341	2.0	17.0	salt_bridge_like			exposed	SEP:60	SEP	34.55066365127493	0.0	0.0		modified	1.6040457705772846	74.00027475499915	80.90696707882023	same	lateral		
P11309	5O11	A	261	SEP_single	1	1	2.4	SEP	145		2	34-47,50-305	34-47,50-305	SEP	/mnt/c/Users/drpat/OneDrive - UGent/Desktop/PD/Phospho-fill/Validation-allPDB/pdb_cache/5o11.cif	SEP	SEP	OG	CB	ok	1.6973157333911792	123.53965848733733	-67.79968568757099	ARG:258	ARG	NH2	3.329315916351944	1.0	1.0	ARG:258	ARG	NH2	3.329315916351944	HOH:502	O	2.198533283962687	1.0	12.0	salt_bridge_like			intermediate				0.0	0.0		modified	1.6973157333911792	48.65621195897727	34.78437475332658	same	toward		
P11309	5O12	A	261	SEP_single	1	1	2.4	SEP	146		2	34-46,51-81,84-305	34-46,51-81,84-305	SEP	/mnt/c/Users/drpat/OneDrive - UGent/Desktop/PD/Phospho-fill/Validation-allPDB/pdb_cache/5o12.cif	SEP	SEP	OG	CB	ok	1.6965893398775418	124.97595757965068	-62.62468166899432	ARG:258	ARG	NH2	3.3913174098908705	1.0	1.0	ARG:258	ARG	NH2	3.3913174098908705	HOH:510	O	2.5648785695394314	2.0	9.0	salt_bridge_like			exposed				0.0	0.0		modified	1.6965893398775418	48.83318939731996	31.852008359363154	same	toward		
P11309	5O13	A	261	SEP_single	1	1	2.44	SEP	147		2	34-305	34-305	SEP	/mnt/c/Users/drpat/OneDrive - UGent/Desktop/PD/Phospho-fill/Validation-allPDB/pdb_cache/5o13.cif	SEP	SEP	OG	CB	ok	1.660668585776091	118.86940340982052	-68.60794142533898	ARG:258	ARG	NH2	3.4259021849634257	1.0	1.0	ARG:258	ARG	NH2	3.4259021849634257	HOH:507	O	5.595703015653383	0.0	14.0	salt_bridge_like			intermediate				0.0	0.0		modified	1.660668585776091	44.16199027813644	61.1344912041933	same	toward		
Q9BYP7	5O1V	A	304	SEP_single	1	1	1.723	SEP	264		2	134-412	134-412	SEP	/mnt/c/Users/drpat/OneDrive - UGent/Desktop/PD/Phospho-fill/Validation-allPDB/pdb_cache/5o1v.cif	SEP	SEP	OG	CB	ok	1.6149523818237785	109.84072480010053	-67.89368000038532					0.0	0.0	THR:303	THR	OG1	3.9084395944640398				0.0	7.0	none_obvious			intermediate				0.0	0.0		modified	1.6149523818237785						
Q9BYP7	5O21	B	304	SEP_single	1	1	2.06	SEP	265		2	135-408	135-408	SEP	/mnt/c/Users/drpat/OneDrive - UGent/Desktop/PD/Phospho-fill/Validation-allPDB/pdb_cache/5o21.cif	SEP	SEP	OG	CB	ok	1.6058666405174484	108.70875020187867	-34.46269035513299	LYS:307	LYS	NZ	7.676097403695542	0.0	0.0	GLU:187	GLU	OE2	5.34933081992584	HOH:699	O	3.003527124235291	2.0	2.0	water_mediated_like			exposed				0.0	0.0		modified	1.6058666405174484	141.13387032730083	70.58083906988826	opposite	opposite		
Q9BYP7	5O23	B	304	SEP_single	1	1	2.25	SEP	266		2	132-408	132-408	SEP	/mnt/c/Users/drpat/OneDrive - UGent/Desktop/PD/Phospho-fill/Validation-allPDB/pdb_cache/5o23.cif	SEP	SEP	OG	CB	ok	1.6098289017120166	109.55412990131451	-72.35110915786593	LYS:307	LYS	CE	4.850566584445541	0.0	1.0	GLU:187	GLU	OE1	4.537429644892998	HOH:640	O	2.670445451167634	1.0	4.0	water_mediated_like			intermediate				0.0	0.0		modified	1.6098289017120166	77.22431084732456	38.07484863878367	same	lateral		
Q9BYP7	5O26	A	304	SEP_only_multi_2	2	2	2.379	SEP	267		2	135-180,184-216,221-414	135-180,184-216,221-414	SEP,SEP	/mnt/c/Users/drpat/OneDrive - UGent/Desktop/PD/Phospho-fill/Validation-allPDB/pdb_cache/5o26.cif	SEP	SEP	OG	CB	ok	1.6083721684555092	108.39693391273666	-14.884493954725446	HIS:324	HIS	CE1	5.503204460834052	0.0	1.0	HIS:324	HIS	NE2	6.0409730377787145	HOH:664	O	3.399701207208277	1.0	4.0	water_mediated_like			intermediate	SEP:308	SEP	15.65043276205227	0.0	0.0		modified	1.6083721684555092	66.41673771652432	95.07403430003072	same	lateral		
Q9BYP7	5O26	A	308	SEP_only_multi_2	2	2	2.379	SEP	267		2	135-180,184-216,221-414	135-180,184-216,221-414	SEP,SEP	/mnt/c/Users/drpat/OneDrive - UGent/Desktop/PD/Phospho-fill/Validation-allPDB/pdb_cache/5o26.cif	SEP	SEP	OG	CB	ok	1.6111688652901646	110.06262280274963	48.073846698970634	ARG:274	ARG	NH2	2.9747635673895814	1.0	2.0	ARG:274	ARG	NH2	2.9747635673895814	HOH:633	O	2.7712304996676673	4.0	17.0	salt_bridge_like			exposed	SEP:304	SEP	15.65043276205227	0.0	0.0		modified	1.6111688652901646	79.12209758826707	22.21319403480548	opposite	lateral		
Q9NWZ3	5T1S	C	346	SEP_mixed_with_TPO	1	3	2.3	SEP	302		4	164-215,221-336,342-460	164-215,221-336,342-460	SEP	/mnt/c/Users/drpat/OneDrive - UGent/Desktop/PD/Phospho-fill/Validation-allPDB/pdb_cache/5t1s.cif	SEP	SEP	OG	CB	ok	1.5526109901945815	109.51752771025674	-7.831803674558893					0.0	0.0								0.0	4.0	none_obvious			intermediate	TPO:345	TPO	5.967191578040735	1.0	1.0	TPO:345@5.97	modified	1.5526109901945815						
Q9NWZ3	5T1T	C	346	SEP_mixed_with_TPO	1	3	2.34	SEP	303		4	164-216,221-337,342-460	164-216,221-337,342-460	SEP	/mnt/c/Users/drpat/OneDrive - UGent/Desktop/PD/Phospho-fill/Validation-allPDB/pdb_cache/5t1t.cif	SEP	SEP	OG	CB	ok	1.560436882918437	109.79145302911475	1.0600274009331023					0.0	0.0								0.0	4.0	none_obvious			intermediate	TPO:345	TPO	5.999480129593885	1.0	1.0	TPO:345@6.00	modified	1.560436882918437						
O48814	5TOS	A	253	SEP_single	1	1	2.35	SEP	69		1	52-69,80-223,243-360	52-69,80-223,243-360	SEP	/mnt/c/Users/drpat/OneDrive - UGent/Desktop/PD/Phospho-fill/Validation-allPDB/pdb_cache/5tos.cif	SEP	SEP	OG	CB	ok	1.6110635928620454	111.01760453946599	-45.281126319342654	HIS:255	HIS	CE1	3.4522934769574585	1.0	1.0	SER:252	SER	OG	2.2315712780589676	HOH:405	O	2.4074331051985887	1.0	12.0	salt_bridge_like			intermediate				0.0	0.0		modified	1.6110635928620454	69.65220086200179	39.84852641532569	same	lateral		
P36871	5TR2	A	117	SEP_single	1	1	2.5	SEP	200		1	1-507,510-562	1-507,510-562	SEP	/mnt/c/Users/drpat/OneDrive - UGent/Desktop/PD/Phospho-fill/Validation-allPDB/pdb_cache/5tr2.cif	SEP	SEP	OG	CB	ok	1.607572347098313	111.39680424355639	-1.127785762214588	ARG:23	ARG	NH2	3.278081277450879	3.0	4.0	ASP:292	ASP	OD1	2.7331277787816526	HOH:732	O	2.561583673305703	4.0	25.0	salt_bridge_like			exposed				0.0	0.0		modified	1.607572347098313	82.07100825592553	36.98566122189787	opposite	lateral		
Q9NWZ3	5UIT	A	346	SEP_mixed_with_TPO	1	2	1.84	SEP	304		4	162-215,222-336,342-458	162-215,222-336,342-458	SEP	/mnt/c/Users/drpat/OneDrive - UGent/Desktop/PD/Phospho-fill/Validation-allPDB/pdb_cache/5uit.cif	SEP	SEP	OG	CB	ok	1.5877802209879381	105.38953511078775	17.187534247019254	ARG:347	ARG	NH1	3.6130258688474584	1.0	1.0	ARG:347	ARG	NH1	3.6130258688474584				0.0	7.0	none_obvious			intermediate	TPO:345	TPO	5.9899581063956395	1.0	1.0	TPO:345@5.99	modified	1.5877802209879381	90.89959511250613		opposite	lateral		
Q9NWZ3	5UIU	B	346	SEP_mixed_with_TPO	1	3	2.02	SEP	305		4	164-336,342-458	164-336,342-458	SEP	/mnt/c/Users/drpat/OneDrive - UGent/Desktop/PD/Phospho-fill/Validation-allPDB/pdb_cache/5uiu.cif	SEP	SEP	OG	CB	ok	1.5460824773396888	111.45010142504441	-4.021823957653972	ARG:347	ARG	NH2	3.854661439055404	1.0	1.0	ARG:347	ARG	NH2	3.854661439055404	HOH:4144	O	6.144904604993056	0.0	10.0	none_obvious			intermediate	TPO:345	TPO	6.08403458386709	1.0	1.0	TPO:345@6.08	modified	1.5460824773396888	63.70088434177652	107.98004526541393	same	lateral		
P36871	5VBI	A	117	SEP_single	1	1	1.75000083769	SEP	201		1	1-562	1-562	SEP	/mnt/c/Users/drpat/OneDrive - UGent/Desktop/PD/Phospho-fill/Validation-allPDB/pdb_cache/5vbi.cif	SEP	SEP	OG	CB	ok	1.6862837737578429	112.93696523690342	19.95558931862395	HIS:118	HIS	ND1	2.181943827740567	2.0	3.0	HIS:118	HIS	ND1	2.181943827740567	HOH:704	O	0.2109383190297833	7.0	31.0	salt_bridge_like			exposed				0.0	0.0		modified	1.6862837737578429	55.43211700030881	37.14894956510928	same	toward		
O96013	5VED	A	474	SEP_single	1	1	2.301	SEP	94		2	300-589	300-589	SEP	/mnt/c/Users/drpat/OneDrive - UGent/Desktop/PD/Phospho-fill/Validation-allPDB/pdb_cache/5ved.cif	SEP	SEP	OG	CB	ok	1.6100944805409778	109.61892752163385	-53.7403534624442	ARG:472	ARG	NH2	2.603444380315454	2.0	3.0	ARG:472	ARG	NH2	2.603444380315454				0.0	23.0	salt_bridge_like			intermediate				0.0	0.0		modified	1.6100944805409778	15.526587042179992		same	toward		
O96013	5VEE	A	474	SEP_single	1	1	2.5	SEP	95		2	300-589	300-589	SEP	/mnt/c/Users/drpat/OneDrive - UGent/Desktop/PD/Phospho-fill/Validation-allPDB/pdb_cache/5vee.cif	SEP	SEP	OG	CB	ok	1.6230003825979913	125.1980462769194	13.618406192228731	ARG:439	ARG	NH2	3.545867817486538	2.0	2.0	ARG:439	ARG	NH2	3.545867817486538				0.0	15.0	none_obvious			intermediate				0.0	0.0		modified	1.6230003825979913	68.10579014124984		opposite	lateral		
O96013	5VEF	A	474	SEP_single	1	1	1.752	SEP	96		2	300-589	300-589	SEP	/mnt/c/Users/drpat/OneDrive - UGent/Desktop/PD/Phospho-fill/Validation-allPDB/pdb_cache/5vef.cif	SEP	SEP	OG	CB	ok	1.6148822247162637	112.46718560901564	-54.69895469538954	ARG:439	ARG	NH1	2.7253737752658083	3.0	3.0	ARG:439	ARG	NH1	2.7253737752658083	HOH:707	O	2.5598209752864176	3.0	26.0	salt_bridge_like			exposed				0.0	0.0		modified	1.6148822247162637	53.93323643808697	78.44131789573296	same	toward		
P36871	5VG7	A	117	SEP_single	1	1	1.95000322932	SEP	202		1	1-562	1-562	SEP	/mnt/c/Users/drpat/OneDrive - UGent/Desktop/PD/Phospho-fill/Validation-allPDB/pdb_cache/5vg7.cif	SEP	SEP	OG	CB	ok	1.5854491049858026	115.62404286064455	16.2428107364191	HIS:118	HIS	ND1	2.1984861503934816	3.0	4.0	HIS:118	HIS	ND1	2.1984861503934816	HOH:897	O	0.23523047508405634	8.0	31.0	salt_bridge_like			exposed				0.0	0.0		modified	1.5854491049858026	57.49971719557064	33.80850323111992	same	toward		
P00517	5VHB	A	140	SEP_mixed_with_TPO	2	3	1.61	SEP	105		4	19-317,323-351	19-317,323-351	SEP,SEP	/mnt/c/Users/drpat/OneDrive - UGent/Desktop/PD/Phospho-fill/Validation-allPDB/pdb_cache/5vhb.cif	SEP	SEP	OG	CB	ok	1.5877459604311435	110.84598435850612	18.946077549486198	HIS:143	HIS	ND1	4.695541242478286	0.0	1.0	HIS:143	HIS	ND1	4.695541242478286	HOH:569	O	2.7247707476519754	2.0	15.0	water_mediated_like			exposed	TPO:198	TPO	37.85157611328637	0.0	0.0		modified	1.5877459604311435	91.47603566815147	51.78612896373553	same	lateral		
P00517	5VHB	A	339	SEP_mixed_with_TPO	2	3	1.61	SEP	105		4	19-317,323-351	19-317,323-351	SEP,SEP	/mnt/c/Users/drpat/OneDrive - UGent/Desktop/PD/Phospho-fill/Validation-allPDB/pdb_cache/5vhb.cif	SEP	SEP	OG	CB	ok	1.5986649998211317	118.17554651185763	-96.9913493307993	ARG:337	ARG	NH1	2.806905319996044	2.0	2.0	ARG:337	ARG	NH1	2.806905319996044	HOH:533	O	2.7013532384433585	4.0	25.0	salt_bridge_like			exposed	TPO:198	TPO	31.16737055845719	0.0	0.0		modified	1.5986649998211317	57.19192430530763	67.83458421726111	same	toward		
Q9JIH7	5W7T	A	382	SEP_single	1	1	2.01	SEP	273		1	210-482	210-482	SEP	/mnt/c/Users/drpat/OneDrive - UGent/Desktop/PD/Phospho-fill/Validation-allPDB/pdb_cache/5w7t.cif	SEP	SEP	OG	CB	ok	1.6220558039219848	121.78209358080686	90.33735190656697	ARG:376	ARG	NH2	2.957520142842491	1.0	1.0	ARG:376	ARG	NH2	2.957520142842491	HOH:692	O	3.056925696294161	1.0	12.0	salt_bridge_like			intermediate				0.0	0.0		modified	1.6220558039219848	46.50403390734018	82.69186249383954	same	toward		
Q9NWZ3	5W85	B	346	SEP_mixed_with_TPO	1	3	2.25	SEP	306		4	164-194,197-215,224-336,341-459	164-194,197-215,224-336,341-459	SEP	/mnt/c/Users/drpat/OneDrive - UGent/Desktop/PD/Phospho-fill/Validation-allPDB/pdb_cache/5w85.cif	SEP	SEP	OG	CB	ok	1.5570249156339608	116.07477739403095	-65.81459214195876	ARG:347	ARG	NE	4.730713933822001	0.0	1.0	ARG:347	ARG	NE	4.730713933822001				0.0	10.0	none_obvious			intermediate	TPO:345	TPO	5.364015405463849	1.0	1.0	TPO:345@5.36	modified	1.5570249156339608	51.3467789420562		same	toward		
O96013	5XVA	A	474	SEP_single	1	1	1.847	SEP	97		2	300-591	300-591	SEP	/mnt/c/Users/drpat/OneDrive - UGent/Desktop/PD/Phospho-fill/Validation-allPDB/pdb_cache/5xva.cif	SEP	SEP	OG	CB	ok	1.6010587485243288	113.76491500797587	-36.61648761644236	ARG:472	ARG	NH2	2.6093446811889875	3.0	3.0	ARG:472	ARG	NH2	2.6093446811889875	HOH:803	O	3.5652245210519538	1.0	25.0	salt_bridge_like			buried				0.0	0.0		modified	1.6010587485243288	39.856404282723105	82.85941439832393	same	toward		
O96013	5XVG	A	474	SEP_single	1	1	2.1	SEP	98		2	300-591	300-591	SEP	/mnt/c/Users/drpat/OneDrive - UGent/Desktop/PD/Phospho-fill/Validation-allPDB/pdb_cache/5xvg.cif	SEP	SEP	OG	CB	ok	1.6074793681280464	113.41323596295722	-36.95656884135054	ARG:472	ARG	NH2	2.6411361891599334	3.0	3.0	ARG:472	ARG	NH2	2.6411361891599334	HOH:776	O	3.619901871359747	2.0	26.0	salt_bridge_like			exposed				0.0	0.0		modified	1.6074793681280464	36.56528659011848	82.04682960856985	same	toward		
O43781	5Y86	A	350	SEP_mixed_with_PTRTPO	2	4	1.9	SEP	68		4	138-532	138-532	SEP,SEP	/mnt/c/Users/drpat/OneDrive - UGent/Desktop/PD/Phospho-fill/Validation-allPDB/pdb_cache/5y86.cif	SEP	SEP	OG	CB	ok	1.6237472237537551	116.51857835033968	7.991670145006177	LYS:344	LYS	NZ	2.710554756597614	1.0	3.0	LYS:344	LYS	NZ	2.710554756597614	HOH:719	O	2.50923572101158	2.0	10.0	salt_bridge_like			exposed	TPO:512	TPO	22.197757175637907	0.0	0.0		modified	1.6237472237537551	61.22841290945114	83.15040865916117	same	lateral		
O43781	5Y86	A	445	SEP_mixed_with_PTRTPO	2	4	1.9	SEP	68		4	138-532	138-532	SEP,SEP	/mnt/c/Users/drpat/OneDrive - UGent/Desktop/PD/Phospho-fill/Validation-allPDB/pdb_cache/5y86.cif	SEP	SEP	OG	CB	ok	1.7882765065282313	135.11156777503447	103.3464331190839	ARG:450	ARG	NH2	3.0156926745593187	1.0	2.0	ARG:450	ARG	NH2	3.0156926745593187	HOH:709	O	2.430689831102655	3.0	16.0	salt_bridge_like			exposed	PTR:369	PTR	24.713523355384154	0.0	0.0		modified	1.7882765065282313	36.88617573732242	58.21856119883947	same	toward		
O96013	5ZJW	A	474	SEP_single	1	1	1.798	SEP	99		2	300-591	300-591	SEP	/mnt/c/Users/drpat/OneDrive - UGent/Desktop/PD/Phospho-fill/Validation-allPDB/pdb_cache/5zjw.cif	SEP	SEP	OG	CB	ok	1.6045614145424876	111.9872531098594	-44.71902273881946	ARG:472	ARG	NH2	2.3265572130197585	3.0	3.0	ARG:472	ARG	NH2	2.3265572130197585	HOH:817	O	2.821424476062997	2.0	26.0	salt_bridge_like			exposed				0.0	0.0		modified	1.6045614145424876	28.55441452429773	16.627448830545053	same	toward		
P31749	6BUU	A	473	SEP_mixed_with_TPO	2	3	2.4	SEP	190		3	144-450,463-478	144-450,463-478	SEP,SEP	/mnt/c/Users/drpat/OneDrive - UGent/Desktop/PD/Phospho-fill/Validation-allPDB/pdb_cache/6buu.cif	SEP	SEP	OG	CB	ok	1.6182387746151927	120.0409876855717	-67.6983909857028	HIS:468	HIS	CE1	4.561076526193668	0.0	2.0	GLN:218	GLN	NE2	3.5443102103354955	HOH:624	O	2.652660289394468	2.0	27.0	water_mediated_like			exposed	SEP:477	SEP	18.180210265880607	0.0	0.0		modified	1.6182387746151927	19.546718991150662	24.762579914516177	same	toward		
P31749	6BUU	A	477	SEP_mixed_with_TPO	2	3	2.4	SEP	190		3	144-450,463-478	144-450,463-478	SEP,SEP	/mnt/c/Users/drpat/OneDrive - UGent/Desktop/PD/Phospho-fill/Validation-allPDB/pdb_cache/6buu.cif	SEP	SEP	OG	CB	ok	1.6072909006008294	121.56618464755222	-19.767894961430414	LYS:214	LYS	NZ	3.172967063819834	1.0	2.0	LYS:214	LYS	NZ	3.172967063819834	HOH:615	O	5.75456169593884	0.0	5.0	salt_bridge_like			intermediate	SEP:473	SEP	18.180210265880607	0.0	0.0		modified	1.6072909006008294	65.42938004881378	67.5157504578135	same	lateral		
Q96RR4	6CMJ	A	345	SEP_mixed_with_TPO	2	3	2.4	SEP	263		5	161-206,222-463	161-206,222-463	SEP,SEP	/mnt/c/Users/drpat/OneDrive - UGent/Desktop/PD/Phospho-fill/Validation-allPDB/pdb_cache/6cmj.cif	SEP	SEP	OG	CB	ok	1.5835296835850987	122.79122203036144	30.157511638934995	ARG:311	ARG	NH1	7.744635803793725	0.0	0.0	ASN:346	ASN	OD1	4.932240523662889	HOH:604	O	3.9109928524205193	1.0	9.0	none_obvious			intermediate	SEP:400	SEP	22.023944721285755	0.0	0.0		modified	1.5835296835850987	117.93251112922601	91.87602959564016	same	lateral		
Q96RR4	6CMJ	A	400	SEP_mixed_with_TPO	2	3	2.4	SEP	263		5	161-206,222-463	161-206,222-463	SEP,SEP	/mnt/c/Users/drpat/OneDrive - UGent/Desktop/PD/Phospho-fill/Validation-allPDB/pdb_cache/6cmj.cif	SEP	SEP	OG	CB	ok	1.6326497950375851	122.58088179373541	88.88124386746541	LYS:403	LYS	NZ	3.5400526474916387	1.0	1.0	LYS:403	LYS	NZ	3.5400526474916387	HOH:611	O	2.576531056670464	1.0	8.0	water_mediated_like			intermediate	SEP:345	SEP	22.023944721285755	0.0	0.0		modified	1.6326497950375851	74.12828510725339	78.96829490199458	same	lateral		
P00517	6E99	A	339	SEP_mixed_with_TPO	1	2	1.88	SEP	106		4	19-351	19-351	SEP	/mnt/c/Users/drpat/OneDrive - UGent/Desktop/PD/Phospho-fill/Validation-allPDB/pdb_cache/6e99.cif	SEP	SEP	OG	CB	ok	1.5747107893415435	114.55324463192355	-89.85159649307455	ARG:337	ARG	NH1	2.9458762539217136	2.0	2.0	ARG:337	ARG	NH1	2.9458762539217136	HOH:769	O	2.7463670713742645	2.0	25.0	salt_bridge_like			exposed	TPO:198	TPO	31.7558216287762	0.0	0.0		modified	1.5747107893415435	62.123575793686115	66.09490310696852	same	lateral		
Q9NWZ3	6F3D	B	346	SEP_mixed_with_TPO	1	2	2.38	SEP	307		4	164-217,221-336,344-458	164-217,221-336,344-458	SEP	/mnt/c/Users/drpat/OneDrive - UGent/Desktop/PD/Phospho-fill/Validation-allPDB/pdb_cache/6f3d.cif	SEP	SEP	OG	CB	ok	1.5718082092708514	114.55676208493485	29.761899626067166	ARG:347	ARG	NE	7.921002708817149	0.0	0.0	ARG:347	ARG	NE	7.921002708817149				0.0	7.0	none_obvious			intermediate	TPO:345	TPO	5.705259545539406	1.0	1.0	TPO:345@5.71	modified	1.5718082092708514	131.06924009639152		opposite	opposite		
Q9NWZ3	6F3G	A	346	SEP_mixed_with_TPO	1	3	2.37	SEP	308		4	164-187,190-194,198-216,222-254,257-335,342-458	164-187,190-194,198-216,222-254,257-335,342-458	SEP	/mnt/c/Users/drpat/OneDrive - UGent/Desktop/PD/Phospho-fill/Validation-allPDB/pdb_cache/6f3g.cif	SEP	SEP	OG	CB	ok	1.5502202853112854	112.63666933805143	9.017912837334164	ARG:347	ARG	NH1	7.183973011334059	0.0	0.0	ARG:347	ARG	NH1	7.183973011334059	HOH:624	O	5.933125184755596	0.0	3.0	none_obvious			intermediate	TPO:345	TPO	6.5929456046603505	1.0	1.0	TPO:345@6.59	modified	1.5502202853112854	106.31985810317751	110.28060702080232	opposite	lateral		
Q9NWZ3	6F3I	B	346	SEP_mixed_with_TPO	1	2	2.14	SEP	310		4	164-215,223-336,344-458	164-215,223-336,344-458	SEP	/mnt/c/Users/drpat/OneDrive - UGent/Desktop/PD/Phospho-fill/Validation-allPDB/pdb_cache/6f3i.cif	SEP	SEP	OG	CB	ok	1.5475147575557398	112.77895149659986	19.32564462563891	ARG:347	ARG	NE	6.469932909770934	0.0	0.0	ARG:347	ARG	NE	6.469932909770934	HOH:615	O	7.111225462560557	0.0	10.0	none_obvious			intermediate	TPO:345	TPO	5.5986876222560005	1.0	1.0	TPO:345@5.60	modified	1.5475147575557398	111.40082634758045	135.62089107992762	opposite	lateral		
Q16594	6F3T	F	8	SEP_single	1	1	2.5	SEP	238		1	5-120	5-120	SEP	/mnt/c/Users/drpat/OneDrive - UGent/Desktop/PD/Phospho-fill/Validation-allPDB/pdb_cache/6f3t.cif	SEP	SEP	OG	CB	ok	1.612732444339809	110.37342049484904	21.382787798096988					0.0	0.0	THR:6	THR	OG1	2.8627936852357623				0.0	10.0	hbond_like			intermediate				0.0	0.0		modified	1.612732444339809						
O43683	6F7B	A	969	SEP_single	1	1	2.0	SEP	67		3	733-806,813-1009,1012-1083	733-806,813-1009,1012-1083	SEP	/mnt/c/Users/drpat/OneDrive - UGent/Desktop/PD/Phospho-fill/Validation-allPDB/pdb_cache/6f7b.cif	SEP	SEP	OG	CB	ok	1.62154947381983	124.52724637500467	13.827014740782968	LYS:919	LYS	NZ	2.9491380920547177	1.0	1.0	LYS:919	LYS	NZ	2.9491380920547177	HOH:1219	O	2.584434033745209	4.0	13.0	salt_bridge_like			exposed				0.0	0.0		modified	1.62154947381983	89.17917884148315	35.75145118311184	opposite	lateral		
P0DMV8	6FHK	A	66	SEP_single	1	1	1.657	SEP	118		1	4-381	4-381	SEP	/mnt/c/Users/drpat/OneDrive - UGent/Desktop/PD/Phospho-fill/Validation-allPDB/pdb_cache/6fhk.cif	SEP	SEP	OG	CB	ok	1.6192387368766985	113.83963304324936	35.09126124026082	ARG:261	ARG	NH2	2.9000375554232014	1.0	2.0	TYR:41	TYR	OH	2.4495829555733883	HOH:538	O	2.7162790588143135	4.0	30.0	salt_bridge_like			exposed				0.0	0.0		modified	1.6192387368766985	26.073444095775262	71.32578304398582	same	toward		
P51584	6FJ4	A	954	SEP_single	1	1	1.7	SEP	216		1	803-1077	803-1077	SEP	/mnt/c/Users/drpat/OneDrive - UGent/Desktop/PD/Phospho-fill/Validation-allPDB/pdb_cache/6fj4.cif	SEP	SEP	OG	CB	ok	1.6102466000307132	119.65627772396546	47.59895848844261	HIS:1058	HIS	NE2	2.783809110747706	1.0	1.0	HIS:1058	HIS	NE2	2.783809110747706	HOH:1217	O	2.6117345569244446	4.0	24.0	salt_bridge_like			exposed				0.0	0.0		modified	1.6102466000307132	88.15848066468976	40.467473268444095	opposite	lateral		
P49759	6G33	A	341	SEP_mixed_with_TPO	1	2	2.05	SEP	207		2	148-482	148-482	SEP	/mnt/c/Users/drpat/OneDrive - UGent/Desktop/PD/Phospho-fill/Validation-allPDB/pdb_cache/6g33.cif	SEP	SEP	OG	CB	ok	1.616825810629879	118.4614200127824	23.869942908078396	ARG:198	ARG	NH2	2.93065119670938	1.0	2.0	ARG:198	ARG	NH2	2.93065119670938	HOH:608	O	4.8697958917803525	0.0	8.0	salt_bridge_like			intermediate	TPO:342	TPO	8.25504958566295	0.0	1.0	TPO:342@8.26	modified	1.616825810629879	31.466035192700456	80.34965819570239	same	toward		
O60260	6GLC	A	65	SEP_single	1	1	1.8	SEP	70		1	1-72,100-108,143-353,356-378	1-72,100-108,143-353,356-378	SEP	/mnt/c/Users/drpat/OneDrive - UGent/Desktop/PD/Phospho-fill/Validation-allPDB/pdb_cache/6glc.cif	SEP	SEP	OG	CB	ok	1.60931707105271	117.91529983077517	-85.59231958383286	LYS:211	LYS	NZ	2.5313652095274812	3.0	3.0	LYS:211	LYS	NZ	2.5313652095274812	HOH:610	O	2.4449875432052783	4.0	32.0	salt_bridge_like			exposed				0.0	0.0		modified	1.60931707105271	38.66341334030879	81.38357564258837	same	toward		
Q9NQS7	6GR8	B	893	SEP_only_multi_2	2	2	1.75	SEP	279		3	838-903	838-903	SEP,SEP	/mnt/c/Users/drpat/OneDrive - UGent/Desktop/PD/Phospho-fill/Validation-allPDB/pdb_cache/6gr8.cif	SEP	SEP	OG	CB	ok	1.6099914840291443	123.44151474328402	16.03237085554802					0.0	0.0	THR:892	THR	OG1	5.043043854297615	HOH:1007	O	2.6121126541917534	3.0	5.0	water_mediated_like			exposed	SEP:894	SEP	8.17754444555225	0.0	1.0	SEP:894@8.18	modified	1.6099914840291443		86.49256578720842				
Q9NQS7	6GR8	B	894	SEP_only_multi_2	2	2	1.75	SEP	279		3	838-903	838-903	SEP,SEP	/mnt/c/Users/drpat/OneDrive - UGent/Desktop/PD/Phospho-fill/Validation-allPDB/pdb_cache/6gr8.cif	SEP	SEP	OG	CB	ok	1.5739879371059808	119.5865614188517	6.3076183757267295	ARG:891	ARG	NE	2.6686358594786586	2.0	2.0	ARG:891	ARG	NE	2.6686358594786586	HOH:1004	O	2.5012310772700266	1.0	26.0	salt_bridge_like			buried	SEP:893	SEP	8.17754444555225	0.0	1.0	SEP:893@8.18	modified	1.5739879371059808	69.12079227086858	36.17398717882001	opposite	lateral		
P02752	6HCE	A	213	SEP_only_multi_2	2	2	2.5	SEP	108		2	21-201,213-231	21-201,213-231	SEP,SEP	/mnt/c/Users/drpat/OneDrive - UGent/Desktop/PD/Phospho-fill/Validation-allPDB/pdb_cache/6hce.cif	SEP	SEP	OG	CB	ok	1.6096275622519873	120.49240490179491	-24.282694811630247	HIS:217	HIS	CE1	3.8695859091025318	1.0	1.0	HIS:217	HIS	NE2	4.75822803206586				0.0	4.0	none_obvious			intermediate	SEP:214	SEP	7.939649216678238	1.0	1.0	SEP:214@7.94	modified	1.6096275622519873	104.34037694125017		opposite	lateral		
P02752	6HCE	A	214	SEP_only_multi_2	2	2	2.5	SEP	108		2	21-201,213-231	21-201,213-231	SEP,SEP	/mnt/c/Users/drpat/OneDrive - UGent/Desktop/PD/Phospho-fill/Validation-allPDB/pdb_cache/6hce.cif	SEP	SEP	OG	CB	ok	1.609621786579053	120.52309847033632	0.44529230607553055	HIS:217	HIS	ND1	7.5529107464649865	0.0	0.0	GLU:215	GLU	OE2	5.475831681268873	HOH:554	O	4.350332809268684	0.0	2.0	none_obvious			intermediate	SEP:213	SEP	7.939649216678238	1.0	1.0	SEP:213@7.94	modified	1.609621786579053	158.58169557275627	30.325435425353266	same	opposite		
O94804	6HXF	C	191	SEP_mixed_with_TPO	1	3	2.09	SEP	78		3	24-70,72-312	24-70,72-312	SEP	/mnt/c/Users/drpat/OneDrive - UGent/Desktop/PD/Phospho-fill/Validation-allPDB/pdb_cache/6hxf.cif	SEP	SEP	OG	CB	ok	1.6355285100656791	106.32822868047673	-4.917666279319177	ARG:189	ARG	NH1	1.3423617637147047	2.0	2.0	ARG:189	ARG	NH1	1.3423617637147047	HOH:540	O	4.371367649630644	0.0	19.0	salt_bridge_like			intermediate	TPO:208	TPO	12.064437462873197	0.0	0.0		modified	1.6355285100656791	31.701195667613128	21.75351598607813	same	toward		
P96356	6J7S	A	78	SEP_single	1	1	2.102	SEP	224		1	4-292	4-292	SEP	/mnt/c/Users/drpat/OneDrive - UGent/Desktop/PD/Phospho-fill/Validation-allPDB/pdb_cache/6j7s.cif	SEP	SEP	OG	CB	ok	1.6107008460371155	120.49798178131584	-75.53881620222714	ARG:76	ARG	NH2	2.9579594029151326	1.0	4.0	ARG:76	ARG	NH2	2.9579594029151326	HOH:413	O	2.3818232566613102	4.0	25.0	salt_bridge_like			exposed				0.0	0.0		modified	1.6107008460371155	54.99973118079407	60.3413002278358	same	toward		
Q92630	6K0J	A	458	SEP_mixed_with_PTR	1	2	2.352	SEP	254		5	212-536	212-536	SEP	/mnt/c/Users/drpat/OneDrive - UGent/Desktop/PD/Phospho-fill/Validation-allPDB/pdb_cache/6k0j.cif	SEP	SEP	OG	CB	ok	1.6482766870561931	118.35149518907235	81.39663945412128	ARG:463	ARG	NH2	2.8234802266701333	1.0	2.0	ARG:463	ARG	NH2	2.8234802266701333				0.0	11.0	salt_bridge_like			intermediate	PTR:382	PTR	24.88928228199337	0.0	0.0		modified	1.6482766870561931	41.59562974663226		same	toward		
P11309	6L11	A	261	SEP_single	1	1	2.05	SEP	148		2	33-305	33-305	SEP	/mnt/c/Users/drpat/OneDrive - UGent/Desktop/PD/Phospho-fill/Validation-allPDB/pdb_cache/6l11.cif	SEP	SEP	OG	CB	ok	1.618379469694339	125.28618219295078	-65.59746642949419	ARG:258	ARG	NH2	3.600293622044593	1.0	1.0	ARG:258	ARG	NH2	3.600293622044593	HOH:520	O	2.58887470024246	1.0	9.0	water_mediated_like			intermediate				0.0	0.0		modified	1.618379469694339	49.62200404851381	37.12364585796921	same	toward		
P11309	6L12	A	261	SEP_single	1	1	1.87	SEP	149		2	33-305	33-305	SEP	/mnt/c/Users/drpat/OneDrive - UGent/Desktop/PD/Phospho-fill/Validation-allPDB/pdb_cache/6l12.cif	SEP	SEP	OG	CB	ok	1.6716258182944472	123.6728523258919	-65.92433843790872	ARG:258	ARG	NH2	3.229809989456609	1.0	1.0	ARG:258	ARG	NH2	3.229809989456609	HOH:502	O	2.7509623827344165	1.0	9.0	salt_bridge_like			intermediate				0.0	0.0		modified	1.6716258182944472	47.269303535660235	35.54469529827091	same	toward		
P11309	6L13	A	261	SEP_single	1	1	2.24	SEP	150		2	33-305	33-305	SEP	/mnt/c/Users/drpat/OneDrive - UGent/Desktop/PD/Phospho-fill/Validation-allPDB/pdb_cache/6l13.cif	SEP	SEP	OG	CB	ok	1.6583767947097607	124.19754589710529	-68.3463668752874	ARG:258	ARG	NH2	3.382698708239562	1.0	1.0	ARG:258	ARG	NH2	3.382698708239562	HOH:508	O	2.600708579827659	1.0	9.0	salt_bridge_like			intermediate				0.0	0.0		modified	1.6583767947097607	47.671996710908154	34.654257224729044	same	toward		
P11309	6L14	A	261	SEP_single	1	1	1.95	SEP	151		2	33-81,84-305	33-81,84-260,262-305	SEP	/mnt/c/Users/drpat/OneDrive - UGent/Desktop/PD/Phospho-fill/Validation-allPDB/pdb_cache/6l14.cif	SEP	SEP	OG	CB	ok	1.6379753133155408	124.51752977949428	-65.13276151980341	ARG:258	ARG	NH2	3.5655509314079774	1.0	1.0	ARG:258	ARG	NH2	3.5655509314079774	HOH:508	O	2.8372565812532726	2.0	9.0	water_mediated_like			exposed				0.0	0.0		modified	1.6379753133155408	48.42777207018159	37.211261823555816	same	toward		
P11309	6L16	A	261	SEP_single	1	1	2.1	SEP	152		2	33-80,84-305	33-80,84-260,262-305	SEP	/mnt/c/Users/drpat/OneDrive - UGent/Desktop/PD/Phospho-fill/Validation-allPDB/pdb_cache/6l16.cif	SEP	SEP	OG	CB	ok	1.6298175366554937	126.02079491432833	-65.48234379686279	ARG:258	ARG	NH2	3.5821012349097123	1.0	1.0	ARG:258	ARG	NH2	3.5821012349097123	HOH:502	O	7.820362462773916	0.0	9.0	none_obvious			intermediate				0.0	0.0		modified	1.6298175366554937	48.04904110758385	108.7491257971704	same	toward		
P11309	6L17	A	261	SEP_single	1	1	1.75	SEP	153		2	33-305	33-260,262-305	SEP	/mnt/c/Users/drpat/OneDrive - UGent/Desktop/PD/Phospho-fill/Validation-allPDB/pdb_cache/6l17.cif	SEP	SEP	OG	CB	ok	1.6390453314759987	120.17992295543895	-67.48977467790552	ARG:258	ARG	NH2	3.5839387727050576	1.0	1.0	ARG:258	ARG	NH2	3.5839387727050576	HOH:502	O	2.072171567274037	6.0	9.0	water_mediated_like			exposed				0.0	0.0		modified	1.6390453314759987	44.04103797713469	61.01636553928813	same	toward		
Q9NWZ3	6LXY	B	346	SEP_mixed_with_TPO	1	2	2.19	SEP	311		4	163-459	163-459	SEP	/mnt/c/Users/drpat/OneDrive - UGent/Desktop/PD/Phospho-fill/Validation-allPDB/pdb_cache/6lxy.cif	SEP	SEP	OG	CB	ok	1.54291016933933	109.87966358900907	20.327186025117168					0.0	0.0								0.0	6.0	none_obvious			intermediate	TPO:345	TPO	5.748581920627722	1.0	1.0	TPO:345@5.75	modified	1.54291016933933						
O75385	6MNH	A	87	SEP_single	1	1	1.73	SEP	71		2	8-148,158-172,180-290	8-148,158-172,180-290	SEP	/mnt/c/Users/drpat/OneDrive - UGent/Desktop/PD/Phospho-fill/Validation-allPDB/pdb_cache/6mnh.cif	SEP	SEP	OG	CB	ok	1.6071555911541509	121.10088432260697	50.150361294889784	ARG:18	ARG	NH2	6.302631600970472	0.0	0.0	TYR:89	TYR	OH	3.070701775570766	HOH:462	O	4.205411499995418	0.0	18.0	hbond_like			intermediate				0.0	0.0		modified	1.6071555911541509	90.96061350218375	60.52948450020097	opposite	lateral		
Q9NWZ3	6MOM	D	346	SEP_mixed_with_TPO	1	3	2.1	SEP	312		4	164-459	164-459	SEP	/mnt/c/Users/drpat/OneDrive - UGent/Desktop/PD/Phospho-fill/Validation-allPDB/pdb_cache/6mom.cif	SEP	SEP	OG	CB	ok	1.6031842335493585	112.75296137697696	-10.428712805209772	ARG:347	ARG	NE	5.188009536920596	0.0	1.0	ARG:347	ARG	NE	5.188009536920596	HOH:616	O	7.085338640154248	0.0	8.0	none_obvious			intermediate	TPO:345	TPO	5.77261197010536	1.0	1.0	TPO:345@5.77	modified	1.6031842335493585	90.93792756385872	141.33523152110013	same	lateral		
Q9NWZ3	6N8G	C	346	SEP_mixed_with_TPO	1	3	2.0	SEP	313		4	164-216,220-336,341-459	164-216,220-336,341-459	SEP	/mnt/c/Users/drpat/OneDrive - UGent/Desktop/PD/Phospho-fill/Validation-allPDB/pdb_cache/6n8g.cif	SEP	SEP	OG	CB	ok	1.6205735168838957	116.86296770182989	1.2599426432340821					0.0	0.0					HOH:721	O	6.901120080225918	0.0	5.0	none_obvious			intermediate	TPO:345	TPO	5.850773643396674	1.0	1.0	TPO:345@5.85	modified	1.6205735168838957		126.50791501921933				
P04629	6NPT	A	677	SEP_single	1	1	2.19	SEP	109		2	491-493,501-548,553-606,613-795	491-493,501-548,553-606,613-795	SEP	/mnt/c/Users/drpat/OneDrive - UGent/Desktop/PD/Phospho-fill/Validation-allPDB/pdb_cache/6npt.cif	SEP	SEP	OG	CB	ok	1.618207179706149	122.95878219699206	-0.6950174261940021	ARG:682	ARG	NH1	5.26877175185387	0.0	1.0	ARG:682	ARG	NH1	5.26877175185387	HOH:946	O	3.112013232350267	1.0	7.0	water_mediated_like			intermediate				0.0	0.0		modified	1.618207179706149	79.272775559642	98.05990970854984	same	lateral		
P31749	6NPZ	B	473	SEP_mixed_with_TPO	2	3	2.12	SEP	191		3	141-449,464-477	141-449,464-477	SEP,SEP	/mnt/c/Users/drpat/OneDrive - UGent/Desktop/PD/Phospho-fill/Validation-allPDB/pdb_cache/6npz.cif	SEP	SEP	OG	CB	ok	1.6382349216274692	122.19184972405456	59.05678308748439	ARG:144	ARG	CZ	2.9839803062695673	1.0	2.0	GLN:218	GLN	NE2	2.7829942485861805	HOH:749	O	3.7270323709259814	1.0	31.0	salt_bridge_like			buried	SEP:477	SEP	17.685074342312728	0.0	0.0		modified	1.6382349216274692	46.3076080864354	9.818761702867418	same	toward		
P31749	6NPZ	B	477	SEP_mixed_with_TPO	2	3	2.12	SEP	191		3	141-449,464-477	141-449,464-477	SEP,SEP	/mnt/c/Users/drpat/OneDrive - UGent/Desktop/PD/Phospho-fill/Validation-allPDB/pdb_cache/6npz.cif	SEP	SEP	OG	CB	ok	1.6612648661227967	121.52245179073383	42.58221306826777	ARG:206	ARG	NE	3.2355838639568115	1.0	1.0	ARG:206	ARG	NE	3.2355838639568115	HOH:620	O	5.63856688890906	0.0	8.0	salt_bridge_like			intermediate	SEP:473	SEP	17.685074342312728	0.0	0.0		modified	1.6612648661227967	41.78492641553718	71.70631674146709	same	toward		
Q9NWZ3	6O8U	C	346	SEP_mixed_with_TPO	1	2	1.8	SEP	314		4	163-336,341-458	163-336,341-458	SEP	/mnt/c/Users/drpat/OneDrive - UGent/Desktop/PD/Phospho-fill/Validation-allPDB/pdb_cache/6o8u.cif	SEP	SEP	OG	CB	ok	1.6089199973455126	119.87217183482332	4.820384879490817	ARG:347	ARG	NH2	5.266082614347445	0.0	1.0	ARG:347	ARG	NH2	5.266082614347445				0.0	3.0	none_obvious			intermediate	TPO:345	TPO	6.242386686862136	1.0	1.0	TPO:345@6.24	modified	1.6089199973455126	84.35381370723319		opposite	lateral		
Q9NWZ3	6O94	B	346	SEP_mixed_with_TPO	1	3	1.98	SEP	315		4	162-336,341-458	162-336,341-458	SEP	/mnt/c/Users/drpat/OneDrive - UGent/Desktop/PD/Phospho-fill/Validation-allPDB/pdb_cache/6o94.cif	SEP	SEP	OG	CB	ok	1.525817478233904	112.88652992176871	2.77434393303721	ARG:347	ARG	NH2	3.399225693386833	1.0	1.0	ARG:347	ARG	NH2	3.399225693386833	HOH:654	O	2.7687654175836354	1.0	10.0	salt_bridge_like			intermediate	TPO:345	TPO	6.110008918043983	1.0	1.0	TPO:345@6.11	modified	1.525817478233904	78.45683059954415	90.12726423271602	same	lateral		
Q9NWZ3	6O95	A	346	SEP_mixed_with_TPO	1	3	1.77	SEP	316		4	162-254,257-336,342-459	162-254,257-336,342-459	SEP	/mnt/c/Users/drpat/OneDrive - UGent/Desktop/PD/Phospho-fill/Validation-allPDB/pdb_cache/6o95.cif	SEP	SEP	OG	CB	ok	1.5603115284659996	116.46849109294537	-8.917819472989082	ARG:347	ARG	NE	7.06054439992938	0.0	0.0	ARG:347	ARG	NE	7.06054439992938	HOH:642	O	7.953758857392587	0.0	6.0	none_obvious			intermediate	TPO:345	TPO	5.795573892922222	1.0	1.0	TPO:345@5.80	modified	1.5603115284659996	103.24576501018838	131.25128372921532	same	lateral		
Q9H2X6	6P5S	A	441	SEP_mixed_with_PTR	1	2	2.194	SEP	269		2	185-207,211-230,238-269,272-353,360-535	185-207,211-230,238-269,272-353,360-535	SEP	/mnt/c/Users/drpat/OneDrive - UGent/Desktop/PD/Phospho-fill/Validation-allPDB/pdb_cache/6p5s.cif	SEP	SEP	OG	CB	ok	1.59562293777635	114.3914028417413	14.87643215596556	ARG:437	ARG	NH2	2.789565410880304	1.0	1.0	SER:426	SER	OG	2.557832504137432	HOH:701	O	2.2060935897553753	4.0	23.0	salt_bridge_like			exposed	PTR:361	PTR	26.12410433522405	0.0	0.0		modified	1.59562293777635	56.90023551123807	55.1023920252042	opposite	toward		
P11309	6PDN	A	261	SEP_single	1	1	2.4	SEP	154		2	32-46,51-305	32-46,51-305	SEP	/mnt/c/Users/drpat/OneDrive - UGent/Desktop/PD/Phospho-fill/Validation-allPDB/pdb_cache/6pdn.cif	SEP	SEP	OG	CB	ok	1.6647608957213402	120.62497119340502	-65.59298871927886	ARG:258	ARG	NH2	3.5252212493901127	1.0	1.0	ARG:258	ARG	NH2	3.5252212493901127	HOH:1007	O	5.283954915650227	0.0	12.0	none_obvious			intermediate				0.0	0.0		modified	1.6647608957213402	48.683387350400004	60.96552210355223	same	toward		
P04629	6PL1	A	677	SEP_single	1	1	2.03	SEP	110		2	500-548,552-683,687-795	500-548,552-683,687-795	SEP	/mnt/c/Users/drpat/OneDrive - UGent/Desktop/PD/Phospho-fill/Validation-allPDB/pdb_cache/6pl1.cif	SEP	SEP	OG	CB	ok	1.6111856569451508	122.8372581005693	46.423954149347566	ARG:682	ARG	NH2	3.0208488406676124	1.0	1.0	ARG:682	ARG	NH2	3.0208488406676124	HOH:910	O	3.0271014182698877	1.0	11.0	salt_bridge_like			intermediate				0.0	0.0		modified	1.6111856569451508	86.49824696902267	73.81694103869872	opposite	lateral		
P04629	6PL4	A	677	SEP_single	1	1	2.06	SEP	111		2	485-490,500-608,612-795	485-490,500-608,612-795	SEP	/mnt/c/Users/drpat/OneDrive - UGent/Desktop/PD/Phospho-fill/Validation-allPDB/pdb_cache/6pl4.cif	SEP	SEP	OG	CB	ok	1.6170776739698591	122.5319703591494	-12.71421809685863	ARG:682	ARG	NH1	4.966650587047737	0.0	1.0	ARG:682	ARG	NH1	4.966650587047737	HOH:931	O	3.0823410983565274	1.0	6.0	water_mediated_like			intermediate				0.0	0.0		modified	1.6170776739698591	72.94745770973651	100.91652538469896	same	lateral		
P04629	6PMC	A	677	SEP_single	1	1	2.19	SEP	112		2	500-605,613-795	500-605,613-795	SEP	/mnt/c/Users/drpat/OneDrive - UGent/Desktop/PD/Phospho-fill/Validation-allPDB/pdb_cache/6pmc.cif	SEP	SEP	OG	CB	ok	1.6010549053450602	119.93860944154387	-15.943754427497652	ARG:682	ARG	NE	5.635744301426691	0.0	1.0	ARG:682	ARG	NE	5.635744301426691				0.0	6.0	none_obvious			intermediate				0.0	0.0		modified	1.6010549053450602	73.85135840784353		same	lateral		
O75385	6QAS	A	87	SEP_mixed_with_TPO	1	2	1.75	SEP	72		2	8-281	8-281	SEP	/mnt/c/Users/drpat/OneDrive - UGent/Desktop/PD/Phospho-fill/Validation-allPDB/pdb_cache/6qas.cif	SEP	SEP	OG	CB	ok	1.6828999309032553	114.53470444580152	33.521753981037016	LYS:50	LYS	NZ	5.020387401456815	0.0	2.0	TYR:89	TYR	OH	2.9765112941612344	HOH:503	O	2.781484574833431	1.0	13.0	hbond_like			intermediate	TPO:180	TPO	27.286914491144927	0.0	0.0		modified	1.6828999309032553	54.92667736639399	64.13595111950404	same	toward		
Q9NWZ3	6RFI	B	346	SEP_mixed_with_TPO	1	2	2.31	SEP	318		4	164-215,223-335,344-458	164-215,223-335,344-458	SEP	/mnt/c/Users/drpat/OneDrive - UGent/Desktop/PD/Phospho-fill/Validation-allPDB/pdb_cache/6rfi.cif	SEP	SEP	OG	CB	ok	1.5609553664267997	113.8961183857621	-15.370859651381156	ARG:347	ARG	NE	7.955683590975927	0.0	0.0	GLU:225	GLU	OE2	7.887068693302914				0.0	5.0	none_obvious			intermediate	TPO:345	TPO	5.674223743329039	1.0	1.0	TPO:345@5.67	modified	1.5609553664267997	103.2819330067793		same	lateral		
Q7YRZ8	6SQS	A	429	SEP_single	1	1	1.83	SEP	247		1	428-491	428-491	SEP	/mnt/c/Users/drpat/OneDrive - UGent/Desktop/PD/Phospho-fill/Validation-allPDB/pdb_cache/6sqs.cif	SEP	SEP	OG	CB	ok	1.6116036444086903	117.15923582409374	-3.402772250428747	HIS:432	HIS	CD2	7.143086755915507	0.0	0.0	HIS:432	HIS	NE2	7.640956506687976	HOH:614	O	6.193419097751461	0.0	3.0	none_obvious			intermediate				0.0	0.0		modified	1.6116036444086903	99.94721269877735	84.2917543830074	same	lateral		
P61006	6STF	A	111	SEP_single	1	1	2.4	SEP	218		2	6-176	6-176	SEP	/mnt/c/Users/drpat/OneDrive - UGent/Desktop/PD/Phospho-fill/Validation-allPDB/pdb_cache/6stf.cif	SEP	SEP	OG	CB	ok	1.6149357795365007	118.97721016204602	-4.340115991290505	ARG:79	ARG	NE	3.247807245013316	1.0	1.0	ARG:79	ARG	NE	3.247807245013316				0.0	16.0	salt_bridge_like			intermediate				0.0	0.0		modified	1.6149357795365007	29.982400159549425		opposite	toward		
P61006	6STG	A	111	SEP_single	1	1	2.5	SEP	219		2	6-176	6-176	SEP	/mnt/c/Users/drpat/OneDrive - UGent/Desktop/PD/Phospho-fill/Validation-allPDB/pdb_cache/6stg.cif	SEP	SEP	OG	CB	ok	1.6142462304628098	118.66810544833781	8.14050740939179	LYS:172	LYS	NZ	6.934045150119673	0.0	0.0	ASP:113	ASP	OD2	6.459331931358508				0.0	4.0	none_obvious			intermediate				0.0	0.0		modified	1.6142462304628098	72.6970951980695		opposite	lateral		
Q9NWZ3	6THX	B	346	SEP_mixed_with_TPO	1	2	1.99	SEP	319		4	164-215,223-336,342-458	164-215,223-336,342-458	SEP	/mnt/c/Users/drpat/OneDrive - UGent/Desktop/PD/Phospho-fill/Validation-allPDB/pdb_cache/6thx.cif	SEP	SEP	OG	CB	ok	1.5678556442430012	112.43115515501455	4.406440235445006	ARG:347	ARG	NE	6.293304532008129	0.0	0.0	ARG:347	ARG	NE	6.293304532008129				0.0	4.0	none_obvious			intermediate	TPO:345	TPO	6.4104958578251745	1.0	1.0	TPO:345@6.41	modified	1.5678556442430012	102.34036981736213		opposite	lateral		
Q9NWZ3	6THZ	B	346	SEP_mixed_with_TPO	1	2	2.38	SEP	320		4	164-215,223-336,342-458	164-215,223-336,342-458	SEP	/mnt/c/Users/drpat/OneDrive - UGent/Desktop/PD/Phospho-fill/Validation-allPDB/pdb_cache/6thz.cif	SEP	SEP	OG	CB	ok	1.5608367567739887	113.43051866524407	-30.482188737534695	ARG:347	ARG	NE	6.4654920939936655	0.0	0.0	ARG:347	ARG	NE	6.4654920939936655				0.0	7.0	none_obvious			intermediate	TPO:345	TPO	6.904163878902132	1.0	1.0	TPO:345@6.90	modified	1.5608367567739887	85.47003973305111		same	lateral		
Q9NWZ3	6TI8	C	346	SEP_mixed_with_TPO	1	2	2.32	SEP	321		4	164-216,221-335,343-459	164-216,221-335,343-459	SEP	/mnt/c/Users/drpat/OneDrive - UGent/Desktop/PD/Phospho-fill/Validation-allPDB/pdb_cache/6ti8.cif	SEP	SEP	OG	CB	ok	1.5614050293017139	114.91016752707036	23.773554308306135	ARG:347	ARG	NH1	5.783934429938797	0.0	1.0	ARG:347	ARG	NH1	5.783934429938797				0.0	9.0	none_obvious			intermediate	TPO:345	TPO	5.976285843547865	1.0	1.0	TPO:345@5.98	modified	1.5614050293017139	95.92443859694592		opposite	lateral		
P15056	6U2H	D	729	SEP_single	1	1	2.5	SEP	175		2	448-607,611-733	448-607,611-733	SEP	/mnt/c/Users/drpat/OneDrive - UGent/Desktop/PD/Phospho-fill/Validation-allPDB/pdb_cache/6u2h.cif	SEP	SEP	OG	CB	ok	1.534206228346752	117.45121450035457	-7.109878373085038					0.0	0.0	GLU:730	GLU	OE1	6.832621062409391				0.0	5.0	none_obvious			intermediate				0.0	0.0		modified	1.534206228346752						
Q9NWZ3	6UYA	D	346	SEP_mixed_with_TPO	1	3	1.74	SEP	322		4	162-335,342-458	162-335,342-458	SEP	/mnt/c/Users/drpat/OneDrive - UGent/Desktop/PD/Phospho-fill/Validation-allPDB/pdb_cache/6uya.cif	SEP	SEP	OG	CB	ok	1.5486073397299205	111.96798289020806	-25.323312774638367	ARG:347	ARG	NE	6.236479111530788	0.0	0.0	ARG:347	ARG	NE	6.236479111530788				0.0	4.0	none_obvious			intermediate	TPO:345	TPO	6.06793034270826	1.0	1.0	TPO:345@6.07	modified	1.5486073397299205	84.70052337358993		same	lateral		
Q9NWZ3	6VQL	A	346	SEP_mixed_with_TPO	1	2	2.069	SEP	323		4	162-217,220-336,343-458	162-217,220-336,343-458	SEP	/mnt/c/Users/drpat/OneDrive - UGent/Desktop/PD/Phospho-fill/Validation-allPDB/pdb_cache/6vql.cif	SEP	SEP	OG	CB	ok	1.5836373648202409	116.29192940302417	45.44194330329662					0.0	0.0								0.0	7.0	none_obvious			intermediate	TPO:345	TPO	5.244065717272535	1.0	1.0	TPO:345@5.24	modified	1.5836373648202409						
O75460	6W3C	A	724	SEP_only_multi_3	3	3	2.3	SEP	75		3	560-964	560-964	SEP,SEP,SEP	/mnt/c/Users/drpat/OneDrive - UGent/Desktop/PD/Phospho-fill/Validation-allPDB/pdb_cache/6w3c.cif	SEP	SEP	OG	CB	ok	1.60836906836751	111.44500711263962	60.51323946581138	ARG:722	ARG	NE	2.597454160397861	1.0	1.0	ARG:722	ARG	NE	2.597454160397861	HOH:1002	O	5.8588281652397916	0.0	26.0	salt_bridge_like			buried	SEP:726	SEP	9.0942742582552	0.0	1.0	SEP:726@9.09	modified	1.60836906836751	69.45356034649912	91.62287636399472	same	lateral		
O75460	6W3C	A	726	SEP_only_multi_3	3	3	2.3	SEP	75		3	560-964	560-964	SEP,SEP,SEP	/mnt/c/Users/drpat/OneDrive - UGent/Desktop/PD/Phospho-fill/Validation-allPDB/pdb_cache/6w3c.cif	SEP	SEP	OG	CB	ok	1.606410767691127	108.85545520282155	31.371468408761846	ARG:728	ARG	NH1	2.8068334851283043	1.0	3.0	ARG:728	ARG	NH1	2.8068334851283043	HOH:1002	O	2.356527462468145	1.0	11.0	salt_bridge_like			intermediate	SEP:729	SEP	7.865352753251959	1.0	2.0	SEP:724@9.09;SEP:729@7.87	modified	1.606410767691127	51.902237160329946	56.12533930175037	opposite	toward		
O75460	6W3C	A	729	SEP_only_multi_3	3	3	2.3	SEP	75		3	560-964	560-964	SEP,SEP,SEP	/mnt/c/Users/drpat/OneDrive - UGent/Desktop/PD/Phospho-fill/Validation-allPDB/pdb_cache/6w3c.cif	SEP	SEP	OG	CB	ok	1.6122514688168381	110.96263972651202	-14.015684456932336	ARG:687	ARG	NH1	2.6465382339803214	3.0	3.0	ARG:687	ARG	NH1	2.6465382339803214	HOH:1008	O	2.6306558604386803	1.0	15.0	salt_bridge_like			intermediate	SEP:726	SEP	7.865352753251959	1.0	1.0	SEP:726@7.87	modified	1.6122514688168381	42.46701800678135	85.20091979070628	same	toward		
O75460	6XDD	A	724	SEP_only_multi_3	3	3	2.4	SEP	76		3	560-963	560-963	SEP,SEP,SEP	/mnt/c/Users/drpat/OneDrive - UGent/Desktop/PD/Phospho-fill/Validation-allPDB/pdb_cache/6xdd.cif	SEP	SEP	OG	CB	ok	1.605081345464397	111.01801008391456	52.45089075333699	ARG:722	ARG	NH2	3.052246725248554	1.0	1.0	ARG:722	ARG	NH2	3.052246725248554				0.0	25.0	salt_bridge_like			buried	SEP:726	SEP	8.361725747771828	0.0	1.0	SEP:726@8.36	modified	1.605081345464397	90.70575451191787		opposite	lateral		
O75460	6XDD	A	726	SEP_only_multi_3	3	3	2.4	SEP	76		3	560-963	560-963	SEP,SEP,SEP	/mnt/c/Users/drpat/OneDrive - UGent/Desktop/PD/Phospho-fill/Validation-allPDB/pdb_cache/6xdd.cif	SEP	SEP	OG	CB	ok	1.616803722789189	110.04598663215798	43.19704864360872	ARG:722	ARG	NH1	2.567396282998364	2.0	3.0	ARG:722	ARG	NH1	2.567396282998364				0.0	15.0	salt_bridge_like			intermediate	SEP:729	SEP	7.501263327511968	1.0	2.0	SEP:724@8.36;SEP:729@7.50	modified	1.616803722789189	49.203225550610505		same	toward		
O75460	6XDD	A	729	SEP_only_multi_3	3	3	2.4	SEP	76		3	560-963	560-963	SEP,SEP,SEP	/mnt/c/Users/drpat/OneDrive - UGent/Desktop/PD/Phospho-fill/Validation-allPDB/pdb_cache/6xdd.cif	SEP	SEP	OG	CB	ok	1.6197465105677735	112.04565990717998	67.66174135719544	LYS:716	LYS	NZ	2.988531537329754	2.0	2.0	LYS:716	LYS	NZ	2.988531537329754				0.0	13.0	salt_bridge_like			intermediate	SEP:726	SEP	7.501263327511968	1.0	1.0	SEP:726@7.50	modified	1.6197465105677735	9.496960747839145		same	toward		
P96356	6Y5U	A	78	SEP_single	1	1	1.59	SEP	225		1	4-291	4-291	SEP	/mnt/c/Users/drpat/OneDrive - UGent/Desktop/PD/Phospho-fill/Validation-allPDB/pdb_cache/6y5u.cif	SEP	SEP	OG	CB	ok	1.6212473890721117	115.28273890403216	-53.922172989289415	ARG:76	ARG	NH2	2.8062366303723847	1.0	3.0	ARG:76	ARG	NH2	2.8062366303723847	HOH:302	O	2.348591824352661	5.0	22.0	salt_bridge_like			exposed				0.0	0.0		modified	1.6212473890721117	50.164374231207645	80.15945420507325	same	toward		
A0A6P3VN15	6Y8Y	A	121	SEP_single	1	1	1.95	SEP	0		1	1-567	1-567	SEP	/mnt/c/Users/drpat/OneDrive - UGent/Desktop/PD/Phospho-fill/Validation-allPDB/pdb_cache/6y8y.cif	SEP	SEP	OG	CB	ok	1.6048380710442085	112.96549938082684	2.6018972591653267	ARG:27	ARG	NH2	2.6405844101490317	3.0	4.0	ASN:24	ASN	ND2	2.3993988125723935	HOH:706	O	2.7487898986264185	1.0	37.0	salt_bridge_like			buried				0.0	0.0		modified	1.6048380710442085	60.46776611659431	78.24216575759685	opposite	lateral		
A0A6P3VN15	6Y8Z	A	121	SEP_single	1	1	2.05	SEP	1		1	1-509,514-567	1-509,514-567	SEP	/mnt/c/Users/drpat/OneDrive - UGent/Desktop/PD/Phospho-fill/Validation-allPDB/pdb_cache/6y8z.cif	SEP	SEP	OG	CB	ok	1.613260730814949	110.88409114159677	15.230740071458905	ARG:297	ARG	NE	2.5882086411270873	2.0	5.0	ARG:297	ARG	NE	2.5882086411270873	HOH:730	O	5.638401511512912	0.0	38.0	salt_bridge_like			buried				0.0	0.0		modified	1.613260730814949	34.542823559553376	108.3954861792733	same	toward		
Q9UBU7	6YA6	B	226	SEP_single	1	1	1.44	SEP	357		1	210-254,293-346	210-254,293-346	SEP	/mnt/c/Users/drpat/OneDrive - UGent/Desktop/PD/Phospho-fill/Validation-allPDB/pdb_cache/6ya6.cif	SEP	SEP	OG	CB	ok	1.5988165784487176	111.55654419982797	67.80770957423556					0.0	0.0	ASP:224	ASP	OD2	2.7375515662051892	HOH:503	O	2.200946581519867	1.0	23.0	hbond_like			intermediate				0.0	0.0		modified	1.5988165784487176		25.026617559653946				
Q9UBU7	6YA8	B	226	SEP_single	1	1	1.79	SEP	358		1	210-254,292-346	210-254,292-346	SEP	/mnt/c/Users/drpat/OneDrive - UGent/Desktop/PD/Phospho-fill/Validation-allPDB/pdb_cache/6ya8.cif	SEP	SEP	OG	CB	ok	1.6085664849243348	105.16332343996665	57.59301733692126					0.0	0.0	ASP:224	ASP	OD2	3.3983057346842855	HOH:515	O	7.060002488653853	0.0	21.0	hbond_like			intermediate				0.0	0.0		modified	1.6085664849243348		129.4531498541407				
P11309	6YKD	A	261	SEP_single	1	1	1.86	SEP	155		2	33-305	33-305	SEP	/mnt/c/Users/drpat/OneDrive - UGent/Desktop/PD/Phospho-fill/Validation-allPDB/pdb_cache/6ykd.cif	SEP	SEP	OG	CB	ok	1.6323644179732177	117.96621118006695	-67.57325861026075	ARG:258	ARG	NH2	3.5316512910574076	1.0	1.0	ARG:258	ARG	NH2	3.5316512910574076	HOH:535	O	2.6223521424183196	2.0	11.0	water_mediated_like			exposed				0.0	0.0		modified	1.6323644179732177	47.1198391893219	32.24283321680622	same	toward		
Q15796	6ZVQ	A	465	SEP_only_multi_2	2	2	2.03	SEP	235		3	266-467	266-467	SEP,SEP	/mnt/c/Users/drpat/OneDrive - UGent/Desktop/PD/Phospho-fill/Validation-allPDB/pdb_cache/6zvq.cif	SEP	SEP	OG	CB	ok	1.6033592790093711	114.54776676632329	26.664478757032416					0.0	0.0	SER:464	SER	OG	6.399314578785886	HOH:603	O	2.4209921731025803	2.0	7.0	water_mediated_like			exposed	SEP:467	SEP	9.591989863216043	0.0	1.0	SEP:467@9.59	modified	1.6033592790093711		77.59120441059386				
Q15796	6ZVQ	A	467	SEP_only_multi_2	2	2	2.03	SEP	235		3	266-467	266-467	SEP,SEP	/mnt/c/Users/drpat/OneDrive - UGent/Desktop/PD/Phospho-fill/Validation-allPDB/pdb_cache/6zvq.cif	SEP	SEP	OG	CB	ok	1.6121945030791132	112.52446233356285	15.799909989844078					0.0	0.0	SER:464	SER	OG	2.585659382954479	HOH:606	O	2.558794383976997	1.0	17.0	hbond_like			intermediate	SEP:465	SEP	9.591989863216043	0.0	1.0	SEP:465@9.59	modified	1.6121945030791132		40.447374692288534				
A0A915Q983	7A66	B	85	SEP_single	1	1	1.85	SEP	2		1	1-86	1-86	SEP	/mnt/c/Users/drpat/OneDrive - UGent/Desktop/PD/Phospho-fill/Validation-allPDB/pdb_cache/7a66.cif	SEP	SEP	OG	CB	ok	1.5321853244333488	116.76876133552682	27.12814668827778	HIS:86	HIS	ND1	7.485582694389282	0.0	0.0	GLU:81	GLU	OE2	3.6997619881616317	HOH:221	O	6.030351354190579	0.0	15.0	none_obvious			intermediate				0.0	0.0		modified	1.5321853244333488	142.58370891211976	75.04647109188252	same	opposite		
B7UL96	7AB3	C	59	SEP_single	1	1	2.4	SEP	5		2	2-335	2-335	SEP	/mnt/c/Users/drpat/OneDrive - UGent/Desktop/PD/Phospho-fill/Validation-allPDB/pdb_cache/7ab3.cif	SEP	SEP	OG	CB	ok	1.5632678436585887	112.3298457609555	-33.54097166451602	HIS:212	HIS	NE2	2.6616817081026154	2.0	2.0	HIS:212	HIS	NE2	2.6616817081026154	HOH:417	O	2.57003173837027	3.0	25.0	salt_bridge_like			exposed				0.0	0.0		modified	1.5632678436585887	28.99435835518159	63.849393645529275	same	toward		
Q9NWZ3	7C2V	A	346	SEP_mixed_with_TPO	1	3	2.44	SEP	325		4	163-216,221-337,342-459	163-216,221-337,342-459	SEP	/mnt/c/Users/drpat/OneDrive - UGent/Desktop/PD/Phospho-fill/Validation-allPDB/pdb_cache/7c2v.cif	SEP	SEP	OG	CB	ok	1.6251633017065423	118.71582744763562	-17.51597461273955	ARG:347	ARG	NE	7.660455074591444	0.0	0.0	ARG:347	ARG	NE	7.660455074591444	HOH:2158	O	5.324011900409552	0.0	6.0	none_obvious			intermediate	TPO:345	TPO	5.776469778698717	1.0	1.0	TPO:345@5.78	modified	1.6251633017065423	97.8710007437799	136.0194411659827	same	lateral		
P96356	7C48	A	78	SEP_single	1	1	1.6	SEP	226		1	4-292	4-292	SEP	/mnt/c/Users/drpat/OneDrive - UGent/Desktop/PD/Phospho-fill/Validation-allPDB/pdb_cache/7c48.cif	SEP	SEP	OG	CB	ok	1.6117364313794844	122.30086097026901	-55.49723611366394	ARG:76	ARG	NH1	2.809810538754883	1.0	3.0	ARG:76	ARG	NH1	2.809810538754883	HOH:472	O	2.7081433673555004	3.0	25.0	salt_bridge_like			exposed				0.0	0.0		modified	1.6117364313794844	62.88246599785906	32.89558504798915	same	lateral		
P33981	7CHN	A	677	SEP_mixed_with_TPO	1	4	2.4	SEP	196		4	515-616,619-679,684-699,710-795	515-616,619-679,684-699,710-795	SEP	/mnt/c/Users/drpat/OneDrive - UGent/Desktop/PD/Phospho-fill/Validation-allPDB/pdb_cache/7chn.cif	SEP	SEP	OG	CB	ok	1.6233590244664349	112.01596535250704	-34.54819539996615					0.0	0.0								0.0	15.0	none_obvious			intermediate	TPO:675	TPO	4.265400748842972	2.0	2.0	TPO:675@4.27;TPO:676@6.02	modified	1.6233590244664349						
P33981	7CHT	A	677	SEP_mixed_with_TPO	1	4	2.4	SEP	197		4	515-678,686-698,711-794	515-678,686-698,711-794	SEP	/mnt/c/Users/drpat/OneDrive - UGent/Desktop/PD/Phospho-fill/Validation-allPDB/pdb_cache/7cht.cif	SEP	SEP	OG	CB	ok	1.6153704253245287	112.96112650546551	2.737811432483757					0.0	0.0					HOH:901	O	2.237888291509057	3.0	10.0	water_mediated_like			exposed	TPO:675	TPO	4.810470214659044	2.0	2.0	TPO:675@4.81;TPO:676@6.41	modified	1.6153704253245287		58.947619670247725				
O96013	7CP4	A	474	SEP_single	1	1	2.5	SEP	100		2	300-591	300-591	SEP	/mnt/c/Users/drpat/OneDrive - UGent/Desktop/PD/Phospho-fill/Validation-allPDB/pdb_cache/7cp4.cif	SEP	SEP	OG	CB	ok	1.6112137763696681	110.66645720666165	-58.625680068000904	ARG:472	ARG	NH2	2.5476167459295085	2.0	3.0	ARG:472	ARG	NH2	2.5476167459295085				0.0	26.0	salt_bridge_like			buried				0.0	0.0		modified	1.6112137763696681	30.299779553335483		same	toward		
Q92630	7DH3	A	458	SEP_mixed_with_PTR	1	2	2.33	SEP	255		5	213-538	213-538	SEP	/mnt/c/Users/drpat/OneDrive - UGent/Desktop/PD/Phospho-fill/Validation-allPDB/pdb_cache/7dh3.cif	SEP	SEP	OG	CB	ok	1.652957642148778	117.82892422442761	86.64447669417856	ARG:463	ARG	NH2	2.9584070119053716	1.0	2.0	ARG:463	ARG	NH2	2.9584070119053716				0.0	11.0	salt_bridge_like			intermediate	PTR:382	PTR	24.922856194325462	0.0	0.0		modified	1.652957642148778	35.555402882874624		same	toward		
Q92630	7DH9	A	458	SEP_mixed_with_PTR	1	2	2.194	SEP	256		5	215-538	215-538	SEP	/mnt/c/Users/drpat/OneDrive - UGent/Desktop/PD/Phospho-fill/Validation-allPDB/pdb_cache/7dh9.cif	SEP	SEP	OG	CB	ok	1.6381531157595122	114.98311727358812	85.91411107160684	ARG:463	ARG	NH2	3.0908920133588493	1.0	1.0	ARG:463	ARG	NH2	3.0908920133588493	HOH:749	O	2.7063875511390965	2.0	11.0	salt_bridge_like			exposed	PTR:382	PTR	24.954726967242156	0.0	0.0		modified	1.6381531157595122	36.322737150062714	10.92279447094701	same	toward		
Q92630	7DHH	A	458	SEP_mixed_with_PTR	1	2	2.486	SEP	257		5	215-538	215-381,383-457,459-538	SEP	/mnt/c/Users/drpat/OneDrive - UGent/Desktop/PD/Phospho-fill/Validation-allPDB/pdb_cache/7dhh.cif	SEP	SEP	OG	CB	ok	1.611520263215478	109.21874539762557	77.68743313233573	ARG:463	ARG	NH2	3.2619801388240424	1.0	2.0	ARG:463	ARG	NH2	3.2619801388240424				0.0	11.0	salt_bridge_like			intermediate	PTR:382	PTR	25.10344408296572	0.0	0.0		modified	1.611520263215478	42.19879236503741		same	toward		
Q92630	7DHK	A	458	SEP_mixed_with_PTR	1	2	2.341	SEP	258		5	215-538	215-381,383-457,459-538	SEP	/mnt/c/Users/drpat/OneDrive - UGent/Desktop/PD/Phospho-fill/Validation-allPDB/pdb_cache/7dhk.cif	SEP	SEP	OG	CB	ok	1.6152419145386538	111.48694367792471	77.35229875338874	ARG:463	ARG	NH2	2.9831320398571264	1.0	1.0	ARG:463	ARG	NH2	2.9831320398571264	HOH:743	O	5.022466267309044	0.0	10.0	salt_bridge_like			intermediate	PTR:382	PTR	25.116850811858992	0.0	0.0		modified	1.6152419145386538	42.8837764168598	91.9203751938716	same	toward		
Q92630	7DHN	A	458	SEP_mixed_with_PTR	1	2	2.38	SEP	259		5	215-538	215-538	SEP	/mnt/c/Users/drpat/OneDrive - UGent/Desktop/PD/Phospho-fill/Validation-allPDB/pdb_cache/7dhn.cif	SEP	SEP	OG	CB	ok	1.6343518731900846	115.34377368857406	83.73156672546628	ARG:463	ARG	NH2	2.8855395467965246	1.0	3.0	ARG:463	ARG	NH2	2.8855395467965246				0.0	12.0	salt_bridge_like			intermediate	PTR:382	PTR	25.05296479845273	0.0	0.0		modified	1.6343518731900846	39.63874581318861		same	toward		
Q92630	7DJO	A	458	SEP_mixed_with_PTR	1	2	2.499	SEP	260		5	215-538	215-381,383-457,459-538	SEP	/mnt/c/Users/drpat/OneDrive - UGent/Desktop/PD/Phospho-fill/Validation-allPDB/pdb_cache/7djo.cif	SEP	SEP	OG	CB	ok	1.6169487613305227	111.54846637849886	83.76822105579465	ARG:463	ARG	NH2	3.0418604539817005	1.0	1.0	ARG:463	ARG	NH2	3.0418604539817005	HOH:714	O	3.717167795295034	1.0	12.0	salt_bridge_like			intermediate	PTR:382	PTR	25.116872101956158	0.0	0.0		modified	1.6169487613305227	42.047582758852236	75.62812447831693	same	toward		
Q79V60	7DY1	A	431	SEP_single	1	1	2.2	SEP	245		2	18-111,125-151,158-246,254-497	18-111,125-151,158-246,254-497	SEP	/mnt/c/Users/drpat/OneDrive - UGent/Desktop/PD/Phospho-fill/Validation-allPDB/pdb_cache/7dy1.cif	SEP	SEP	OG	CB	ok	1.625301216158108	117.21882992737864	-61.15845672599939	HIS:429	HIS	CD2	5.089863158911285	0.0	1.0	THR:426	THR	OG1	2.824474626602672	HOH:720	O	2.57066249002826	1.0	27.0	hbond_like			buried				0.0	0.0		modified	1.625301216158108	25.711777445192038	52.857952926544684	same	toward		
Q14653	7JFL	A	386	SEP_single	1	1	1.68	SEP	232		2	199-232,238-396	199-232,238-396	SEP	/mnt/c/Users/drpat/OneDrive - UGent/Desktop/PD/Phospho-fill/Validation-allPDB/pdb_cache/7jfl.cif	SEP	SEP	OG	CB	ok	1.621271947199569	111.15629308685982	-1.2372989716278835	ARG:380	ARG	NH2	2.7286135157566274	2.0	2.0	SER:339	SER	OG	2.4696407092321504	HOH:402	O	2.2366190301177045	1.0	17.0	salt_bridge_like			intermediate				0.0	0.0		modified	1.621271947199569	43.068903676369096	59.16792561276537	opposite	toward		
P70671	7JFM	A	379	SEP_single	1	1	2.23	SEP	223		1	191-388	191-388	SEP	/mnt/c/Users/drpat/OneDrive - UGent/Desktop/PD/Phospho-fill/Validation-allPDB/pdb_cache/7jfm.cif	SEP	SEP	OG	CB	ok	1.6094611016423206	110.49311178597605	-2.6303331924660274	ARG:373	ARG	NH2	2.824876168415783	1.0	1.0	SER:332	SER	OG	2.6457722593004394	HOH:401	O	2.2800893315836634	2.0	13.0	salt_bridge_like			exposed				0.0	0.0		modified	1.6094611016423206	42.38235914447355	73.4200008806205	opposite	toward		
Q9NWF9	7M4O	A	719	SEP_single	1	1	2.21	SEP	284		1	652-760,765-771	652-760,765-771	SEP	/mnt/c/Users/drpat/OneDrive - UGent/Desktop/PD/Phospho-fill/Validation-allPDB/pdb_cache/7m4o.cif	SEP	SEP	OG	CB	ok	1.6092627961113577	109.1519298202579	-40.215401045726495					0.0	0.0	GLN:725	GLN	NE2	6.073754239676676				0.0	7.0	none_obvious			intermediate				0.0	0.0		modified	1.6092627961113577						
Q9Y572	7MON	B	227	SEP_mixed_with_TPO	1	2	2.23	SEP	362		2	5-27,33-85,88-163,176-193,197-311	5-27,33-85,88-163,176-193,197-311	SEP	/mnt/c/Users/drpat/OneDrive - UGent/Desktop/PD/Phospho-fill/Validation-allPDB/pdb_cache/7mon.cif	SEP	SEP	OG	CB	ok	1.6117379937206473	109.34593719942737	8.756087758458406					0.0	0.0	GLU:225	GLU	OE1	3.8915343872438215	HOH:539	O	4.143062879824273	0.0	7.0	none_obvious			intermediate	TPO:224	TPO	11.53160380960614	0.0	1.0	TPO:224@11.53	modified	1.6117379937206473		107.18306308613826				
P14002	7MS2	A	735	SEP_single	1	1	2.04	SEP	174		1	1-750	1-750	SEP	/mnt/c/Users/drpat/OneDrive - UGent/Desktop/PD/Phospho-fill/Validation-allPDB/pdb_cache/7ms2.cif	SEP	SEP	OG	CB	ok	1.6141015887658992	111.01115589990889	-93.48447151356739					0.0	0.0	GLU:703	GLU	OE2	5.392563634601405				0.0	5.0	none_obvious			intermediate				0.0	0.0		modified	1.6141015887658992						
O75531	7NDY	A	4	SEP_mixed_with_TPO	1	2	1.44	SEP	77		2	2-89	2-89	SEP	/mnt/c/Users/drpat/OneDrive - UGent/Desktop/PD/Phospho-fill/Validation-allPDB/pdb_cache/7ndy.cif	SEP	SEP	OG	CB	ok	1.5400253749194475	111.62177170863086	4.019350191862047	ARG:8	ARG	NH2	3.65634335869233	1.0	1.0	ARG:8	ARG	NH2	3.65634335869233	HOH:150	O	3.2298064728976046	1.0	14.0	water_mediated_like			intermediate	TPO:3	TPO	7.884048215019618	1.0	1.0	TPO:3@7.88	modified	1.5400253749194475	87.93646577895203	99.42730021216856	opposite	lateral		
P11309	7QFM	A	261	SEP_single	1	1	1.95	SEP	156		2	33-46,49-305	33-46,49-305	SEP	/mnt/c/Users/drpat/OneDrive - UGent/Desktop/PD/Phospho-fill/Validation-allPDB/pdb_cache/7qfm.cif	SEP	SEP	OG	CB	ok	1.6235849683736947	111.11599928057917	-67.96657345361501	ARG:258	ARG	NH2	3.69047435622363	1.0	1.0	ARG:258	ARG	NH2	3.69047435622363	HOH:515	O	2.6309694222160904	1.0	11.0	water_mediated_like			intermediate				0.0	0.0		modified	1.6235849683736947	47.43071972650265	36.30350683764216	same	toward		
Q9NWZ3	7QG1	B	346	SEP_mixed_with_TPO	1	2	2.07	SEP	326		4	164-216,223-336,344-458	164-216,223-336,344-458	SEP	/mnt/c/Users/drpat/OneDrive - UGent/Desktop/PD/Phospho-fill/Validation-allPDB/pdb_cache/7qg1.cif	SEP	SEP	OG	CB	ok	1.5550911427291152	113.45846510519648	10.17135332165431	ARG:347	ARG	NE	6.441728021976896	0.0	0.0	ARG:347	ARG	NE	6.441728021976896	HOH:619	O	6.4197038807305224	0.0	6.0	none_obvious			intermediate	TPO:345	TPO	6.196168817261104	1.0	1.0	TPO:345@6.20	modified	1.5550911427291152	108.41579132884219	127.23230538482396	opposite	lateral		
Q9NWZ3	7QG3	A	346	SEP_mixed_with_TPO	1	3	2.11	SEP	327		4	164-187,190-216,222-252,257-335,342-458	164-187,190-216,222-252,257-335,342-458	SEP	/mnt/c/Users/drpat/OneDrive - UGent/Desktop/PD/Phospho-fill/Validation-allPDB/pdb_cache/7qg3.cif	SEP	SEP	OG	CB	ok	1.5620267458911938	112.1187175507646	-20.136259068929768					0.0	0.0								0.0	1.0	none_obvious			intermediate	TPO:345	TPO	7.239297701751902	1.0	1.0	TPO:345@7.24	modified	1.5620267458911938						
Q9NWZ3	7QG5	B	346	SEP_mixed_with_TPO	1	2	2.3	SEP	329		4	164-215,224-335,342-458	164-215,224-335,342-458	SEP	/mnt/c/Users/drpat/OneDrive - UGent/Desktop/PD/Phospho-fill/Validation-allPDB/pdb_cache/7qg5.cif	SEP	SEP	OG	CB	ok	1.5424311906576986	108.9359483586667	7.789472313889928					0.0	0.0					HOH:606	O	7.1515589648777045	0.0	5.0	none_obvious			intermediate	TPO:345	TPO	6.051694367685843	1.0	1.0	TPO:345@6.05	modified	1.5424311906576986		134.34009190831424				
P68400	7QUX	A	2	SEP_single	1	1	1.48	SEP	222		1	2-329	2-329	SEP	/mnt/c/Users/drpat/OneDrive - UGent/Desktop/PD/Phospho-fill/Validation-allPDB/pdb_cache/7qux.cif	SEP	SEP	OG	CB	ok	1.645986265081215	121.65904750186941	60.467589923470186					0.0	0.0					HOH:624	O	2.768969980400868	2.0	13.0	water_mediated_like			exposed	SEP:1	SEP	4.493689382210941	1.0	1.0	SEP:1@4.49	modified	1.645986265081215		19.272116038931948				
A8IE32	7VCF	B	339	SEP_only_multi_2	2	2	2.5	SEP	3		2	137-620,632-798	137-620,632-798	SEP,SEP	/mnt/c/Users/drpat/OneDrive - UGent/Desktop/PD/Phospho-fill/Validation-allPDB/pdb_cache/7vcf.cif	SEP	SEP	OG	CB	ok	1.5987262121797157	109.63206572382545	31.803027316404286					0.0	0.0								0.0	3.0	none_obvious			intermediate	SEP:344	SEP	21.972875715065708	0.0	0.0		modified	1.5987262121797157						
A8IE32	7VCF	B	344	SEP_only_multi_2	2	2	2.5	SEP	3		2	137-620,632-798	137-620,632-798	SEP,SEP	/mnt/c/Users/drpat/OneDrive - UGent/Desktop/PD/Phospho-fill/Validation-allPDB/pdb_cache/7vcf.cif	SEP	SEP	OG	CB	ok	1.6088512766238157	109.36841972167056	-22.461690365742104	ARG:332	ARG	NH2	3.1120016107853825	2.0	2.0	TYR:346	TYR	OH	2.3384396872125652				0.0	17.0	salt_bridge_like			intermediate	SEP:339	SEP	21.972875715065708	0.0	0.0		modified	1.6088512766238157	55.44229771217491		opposite	toward		
Q5ZSZ6	7VKC	A	54	SEP_single	1	1	1.46	SEP	243		1	1-311	1-311	SEP	/mnt/c/Users/drpat/OneDrive - UGent/Desktop/PD/Phospho-fill/Validation-allPDB/pdb_cache/7vkc.cif	SEP	SEP	OG	CB	ok	1.6124865607478915	120.60773643926066	8.763867558752969	LYS:140	LYS	NZ	2.6712210413664863	3.0	3.0	LYS:140	LYS	NZ	2.6712210413664863	HOH:411	O	2.3947143039506478	4.0	23.0	salt_bridge_like			exposed				0.0	0.0		modified	1.6124865607478915	67.12849602595311	67.19328776811409	opposite	lateral		
Q5ZSZ6	7WCF	A	54	SEP_single	1	1	1.3636	SEP	244		1	1-311	1-311	SEP	/mnt/c/Users/drpat/OneDrive - UGent/Desktop/PD/Phospho-fill/Validation-allPDB/pdb_cache/7wcf.cif	SEP	SEP	OG	CB	ok	1.6169431570868869	122.48757459728691	20.456645866785305	ARG:131	ARG	NH1	2.868830061460822	2.0	3.0	ARG:131	ARG	NH1	2.868830061460822	HOH:517	O	2.547719314992506	4.0	33.0	salt_bridge_like			exposed				0.0	0.0		modified	1.6169431570868869	74.64231739362738	52.19010790566125	opposite	lateral		
P11309	7Z6U	A	261	SEP_single	1	1	2.28	SEP	157		2	33-46,48-80,84-98,100-305	33-46,48-80,84-98,100-305	SEP	/mnt/c/Users/drpat/OneDrive - UGent/Desktop/PD/Phospho-fill/Validation-allPDB/pdb_cache/7z6u.cif	SEP	SEP	OG	CB	ok	1.6233348501170581	115.08447577802174	-66.92976479426537	ARG:258	ARG	NH1	3.477674963625528	1.0	1.0	ARG:258	ARG	NH1	3.477674963625528				0.0	11.0	salt_bridge_like			intermediate				0.0	0.0		modified	1.6233348501170581	46.06242032330578		same	toward		
P11309	7ZUN	A	261	SEP_single	1	1	2.5	SEP	158		2	33-45,49-305	33-45,49-305	SEP	/mnt/c/Users/drpat/OneDrive - UGent/Desktop/PD/Phospho-fill/Validation-allPDB/pdb_cache/7zun.cif	SEP	SEP	OG	CB	ok	1.6443911906287783	119.76990766587924	-69.0830899427785	ARG:258	ARG	NH2	3.450325343675272	1.0	1.0	ARG:258	ARG	NH2	3.450325343675272	HOH:501	O	4.607934092116823	0.0	9.0	salt_bridge_like			intermediate				0.0	0.0		modified	1.6443911906287783	47.6884158872289	56.680620465056265	same	toward		
Q8IDR3	8A12	A	19	SEP_single	1	1	2.03	SEP	250		1	2-372,376-631,635-818	2-372,376-573,575-631,635-818	SEP	/mnt/c/Users/drpat/OneDrive - UGent/Desktop/PD/Phospho-fill/Validation-allPDB/pdb_cache/8a12.cif	SEP	SEP	OG	CB	ok	1.6073865102814318	115.80203780683982	54.9368575038092	HIS:107	HIS	ND1	2.7256819252590017	1.0	2.0	ASN:109	ASN	ND2	2.4947982811718106	HOH:1156	O	2.7906718306606955	3.0	30.0	salt_bridge_like			exposed				0.0	0.0		modified	1.6073865102814318	58.56348352990115	94.82757433079601	opposite	toward		
P11309	8AFR	A	261	SEP_single	1	1	2.15	SEP	159		2	33-44,51-80,84-305	33-44,51-80,84-305	SEP	/mnt/c/Users/drpat/OneDrive - UGent/Desktop/PD/Phospho-fill/Validation-allPDB/pdb_cache/8afr.cif	SEP	SEP	OG	CB	ok	1.617019844455011	112.12761507582952	-67.76081764227675	ARG:258	ARG	NH2	3.6602801474090905	1.0	1.0	ARG:258	ARG	NH2	3.6602801474090905	HOH:512	O	2.5931485588101295	1.0	9.0	water_mediated_like			intermediate				0.0	0.0		modified	1.617019844455011	47.26367481362974	37.88423262420166	same	toward		
O96013	8AHG	A	474	SEP_single	1	1	1.885	SEP	101		2	300-591	300-591	SEP	/mnt/c/Users/drpat/OneDrive - UGent/Desktop/PD/Phospho-fill/Validation-allPDB/pdb_cache/8ahg.cif	SEP	SEP	OG	CB	ok	1.5757081047934611	117.94898067767535	-59.02148559299452	ARG:439	ARG	NH2	2.786794222858788	3.0	3.0	ARG:439	ARG	NH2	2.786794222858788	HOH:733	O	2.6074415674744627	3.0	26.0	salt_bridge_like			exposed				0.0	0.0		modified	1.5757081047934611	53.423766096435905	79.36577381421061	same	toward		
O96013	8AHH	A	474	SEP_single	1	1	2.037	SEP	102		2	300-591	300-591	SEP	/mnt/c/Users/drpat/OneDrive - UGent/Desktop/PD/Phospho-fill/Validation-allPDB/pdb_cache/8ahh.cif	SEP	SEP	OG	CB	ok	1.567499271375138	117.6374674739584	-49.798081797595145	ARG:439	ARG	NH2	2.8360662423773433	3.0	3.0	ARG:439	ARG	NH2	2.8360662423773433	HOH:787	O	2.9377824589700796	1.0	26.0	salt_bridge_like			buried				0.0	0.0		modified	1.567499271375138	55.102079771385455	67.71612959954768	same	toward		
Q9Y478	8BIK	B	108	SEP_single	1	1	2.5	SEP	361		1	77-180,186-193,202-270	77-180,186-193,202-270	SEP	/mnt/c/Users/drpat/OneDrive - UGent/Desktop/PD/Phospho-fill/Validation-allPDB/pdb_cache/8bik.cif	SEP	SEP	OG	CB	ok	1.5758708397566064	115.57794687362838	43.583373742916976	HIS:109	HIS	ND1	4.222743722047537	0.0	1.0	ASN:111	ASN	ND2	2.8226752557819292	HOH:350	O	3.3344382329438447	1.0	20.0	hbond_like			intermediate				0.0	0.0		modified	1.5758708397566064	93.53658346424973	43.69048473891736	same	lateral		
Q8IDR3	8CDM	A	19	SEP_single	1	1	2.35	SEP	251		1	2-370,378-631,634-818	2-370,378-631,634-818	SEP	/mnt/c/Users/drpat/OneDrive - UGent/Desktop/PD/Phospho-fill/Validation-allPDB/pdb_cache/8cdm.cif	SEP	SEP	OG	CB	ok	1.5915070425215858	109.5570087817312	-27.458104519961232	HIS:107	HIS	ND1	2.5381848500384283	1.0	2.0	HIS:107	HIS	ND1	2.5381848500384283	HOH:1002	O	2.8135497134177343	1.0	29.0	salt_bridge_like			buried				0.0	0.0		modified	1.5915070425215858	27.031530972695194	82.71574886896798	same	toward		
Q8IDR3	8CDQ	A	19	SEP_single	1	1	2.21	SEP	252		1	2-372,376-818	2-372,376-818	SEP	/mnt/c/Users/drpat/OneDrive - UGent/Desktop/PD/Phospho-fill/Validation-allPDB/pdb_cache/8cdq.cif	SEP	SEP	OG	CB	ok	1.610190340279968	113.43237633644854	54.1003024392016	HIS:107	HIS	ND1	2.465706700535677	1.0	2.0	HIS:107	HIS	ND1	2.465706700535677	HOH:1060	O	2.6606546121632566	2.0	26.0	salt_bridge_like			exposed				0.0	0.0		modified	1.610190340279968	57.268133972219765	23.46884269369118	opposite	toward		
Q9NWZ3	8DKS	A	346	SEP_single	1	1	2.45	SEP	330		4	165-216,222-336,343-344,346-459	165-216,222-336,343-344,346-459	SEP	/mnt/c/Users/drpat/OneDrive - UGent/Desktop/PD/Phospho-fill/Validation-allPDB/pdb_cache/8dks.cif	SEP	SEP	OG	CB	ok	1.6098886816426998	111.08805903201521	0.5896836625494508	ARG:347	ARG	NE	5.676870766096287	0.0	1.0	ARG:347	ARG	NE	5.676870766096287				0.0	2.0	none_obvious			intermediate				0.0	0.0		modified	1.6098886816426998	110.12738520524655		opposite	lateral		
O15530	8DQT	A	241	SEP_single	1	1	1.31	SEP	55		1	70-359	70-359	SEP	/mnt/c/Users/drpat/OneDrive - UGent/Desktop/PD/Phospho-fill/Validation-allPDB/pdb_cache/8dqt.cif	SEP	SEP	OG	CB	ok	1.5820889523342272	115.52200192962167	-67.57464844843925	ARG:129	ARG	NH1	2.8173128932354627	2.0	3.0	ARG:129	ARG	NH1	2.8173128932354627	HOH:508	O	2.555754337770195	1.0	21.0	salt_bridge_like			intermediate				0.0	0.0		modified	1.5820889523342272	36.74047809958831	46.608387890694964	same	toward		
P62987	8IKM	B	65	SEP_single	1	1	1.92	SEP	220		1	1-75	1-75	SEP	/mnt/c/Users/drpat/OneDrive - UGent/Desktop/PD/Phospho-fill/Validation-allPDB/pdb_cache/8ikm.cif	SEP	SEP	OG	CB	ok	1.6153818778442623	119.64424094508321	38.955503367651865					0.0	0.0	GLN:62	GLN	NE2	5.123041486398325	HOH:101	O	2.5825306591566553	2.0	22.0	water_mediated_like			exposed				0.0	0.0		modified	1.6153818778442623		79.31799736147082				
P62987	8IKV	D	65	SEP_single	1	1	2.35	SEP	221		1	1-74	1-74	SEP	/mnt/c/Users/drpat/OneDrive - UGent/Desktop/PD/Phospho-fill/Validation-allPDB/pdb_cache/8ikv.cif	SEP	SEP	OG	CB	ok	1.6050293222771934	119.35324248350945	31.679652987288694					0.0	0.0	GLN:62	GLN	NE2	5.48117572029646	HOH:101	O	2.520383411848596	2.0	21.0	water_mediated_like			exposed				0.0	0.0		modified	1.6050293222771934		47.037449334744814				
P50613	8PYR	A	164	SEP_mixed_with_TPO	1	2	2.15	SEP	210		2	46-311	46-311	SEP	/mnt/c/Users/drpat/OneDrive - UGent/Desktop/PD/Phospho-fill/Validation-allPDB/pdb_cache/8pyr.cif	SEP	SEP	OG	CB	ok	1.647102715032397	118.8992643231784	-60.358345655277766	ARG:167	ARG	NH1	4.987559251274681	0.0	1.0	ASN:166	ASN	ND2	2.582171844143276	HOH:569	O	3.1866992801921663	2.0	16.0	hbond_like			exposed	TPO:170	TPO	14.340996871664363	0.0	0.0		modified	1.647102715032397	84.73621408838879	65.84991477957128	opposite	lateral		
P11309	8R0H	A	261	SEP_single	1	1	1.88	SEP	160		2	33-305	33-305	SEP	/mnt/c/Users/drpat/OneDrive - UGent/Desktop/PD/Phospho-fill/Validation-allPDB/pdb_cache/8r0h.cif	SEP	SEP	OG	CB	ok	1.6307030893129433	114.56531232523997	-67.40807826493418	ARG:258	ARG	NH2	3.5596513733288564	1.0	1.0	ARG:258	ARG	NH2	3.5596513733288564	HOH:557	O	2.718294589976332	2.0	10.0	water_mediated_like			exposed				0.0	0.0		modified	1.6307030893129433	46.804313979276806	37.358120060934674	same	toward		
P11309	8R0Q	A	261	SEP_single	1	1	1.7	SEP	161		2	33-79,86-305	33-79,86-305	SEP	/mnt/c/Users/drpat/OneDrive - UGent/Desktop/PD/Phospho-fill/Validation-allPDB/pdb_cache/8r0q.cif	SEP	SEP	OG	CB	ok	1.6357738657166792	114.28872520319435	-68.29654520283978	ARG:258	ARG	NH2	3.5222323149651604	1.0	1.0	ARG:258	ARG	NH2	3.5222323149651604	HOH:609	O	2.8864801174031824	2.0	11.0	water_mediated_like			exposed				0.0	0.0		modified	1.6357738657166792	46.77433274281314	36.977559739021565	same	toward		
P11309	8R0W	A	261	SEP_single	1	1	1.95	SEP	162		2	33-305	33-305	SEP	/mnt/c/Users/drpat/OneDrive - UGent/Desktop/PD/Phospho-fill/Validation-allPDB/pdb_cache/8r0w.cif	SEP	SEP	OG	CB	ok	1.6229672533106712	113.8503610425176	-65.8226096831761	ARG:258	ARG	NH2	3.6597605911167888	1.0	1.0	ARG:258	ARG	NH2	3.6597605911167888	HOH:509	O	2.5768782949927673	1.0	9.0	water_mediated_like			intermediate				0.0	0.0		modified	1.6229672533106712	50.87038180943585	36.56252715976807	same	toward		
P11309	8R0Y	A	261	SEP_single	1	1	2.05	SEP	163		2	33-47,50-305	33-47,50-305	SEP	/mnt/c/Users/drpat/OneDrive - UGent/Desktop/PD/Phospho-fill/Validation-allPDB/pdb_cache/8r0y.cif	SEP	SEP	OG	CB	ok	1.6225457632190528	112.31316338045205	-62.63658279719434	ARG:258	ARG	NH2	3.799352890473664	1.0	1.0	ARG:258	ARG	NH2	3.799352890473664	HOH:513	O	2.720388377378783	1.0	11.0	water_mediated_like			intermediate				0.0	0.0		modified	1.6225457632190528	52.66218016759126	40.746027734271	same	toward		
P11309	8R10	A	261	SEP_single	1	1	2.2	SEP	164		2	33-45,51-80,84-97,100-305	33-45,51-80,84-97,100-305	SEP	/mnt/c/Users/drpat/OneDrive - UGent/Desktop/PD/Phospho-fill/Validation-allPDB/pdb_cache/8r10.cif	SEP	SEP	OG	CB	ok	1.6343181543076577	113.63698804584763	-67.06993626050932	ARG:258	ARG	NH2	3.61793255007789	1.0	1.0	ARG:258	ARG	NH2	3.61793255007789	HOH:544	O	7.993041552061328	0.0	10.0	none_obvious			intermediate				0.0	0.0		modified	1.6343181543076577	48.08304539159868	73.40906682876887	same	toward		
P11309	8R18	A	261	SEP_single	1	1	1.89	SEP	165		2	33-305	33-305	SEP	/mnt/c/Users/drpat/OneDrive - UGent/Desktop/PD/Phospho-fill/Validation-allPDB/pdb_cache/8r18.cif	SEP	SEP	OG	CB	ok	1.6273959128990854	113.99466349218298	-69.03688854208445	ARG:258	ARG	NH2	3.5893324430439852	1.0	1.0	ARG:258	ARG	NH2	3.5893324430439852	HOH:506	O	2.6445206132391057	2.0	11.0	water_mediated_like			exposed				0.0	0.0		modified	1.6273959128990854	45.60349976302757	34.25655895257201	same	toward		
P11309	8R1K	A	261	SEP_single	1	1	1.95	SEP	166		2	33-305	33-305	SEP	/mnt/c/Users/drpat/OneDrive - UGent/Desktop/PD/Phospho-fill/Validation-allPDB/pdb_cache/8r1k.cif	SEP	SEP	OG	CB	ok	1.624948437712055	115.02607405907335	-65.0248723771735	ARG:258	ARG	NH2	3.5173556776356687	1.0	1.0	ARG:258	ARG	NH2	3.5173556776356687	HOH:501	O	2.519165566362963	1.0	11.0	water_mediated_like			intermediate				0.0	0.0		modified	1.624948437712055	51.72322767640764	36.557309341879076	same	toward		
P11309	8R1N	A	261	SEP_single	1	1	2.21	SEP	167		2	34-305	34-305	SEP	/mnt/c/Users/drpat/OneDrive - UGent/Desktop/PD/Phospho-fill/Validation-allPDB/pdb_cache/8r1n.cif	SEP	SEP	OG	CB	ok	1.6233310408116965	115.1333119665965	-62.19731300285108	ARG:258	ARG	NH2	3.548940443398736	1.0	1.0	ARG:258	ARG	NH2	3.548940443398736	HOH:510	O	2.5815900408017476	2.0	11.0	water_mediated_like			exposed				0.0	0.0		modified	1.6233310408116965	53.36008330726807	59.4873141468234	same	toward		
P11309	8R1P	A	261	SEP_single	1	1	2.45	SEP	168		2	33-44,49-305	33-44,49-305	SEP	/mnt/c/Users/drpat/OneDrive - UGent/Desktop/PD/Phospho-fill/Validation-allPDB/pdb_cache/8r1p.cif	SEP	SEP	OG	CB	ok	1.6315274641666555	114.12718451531477	-66.70590034665662	ARG:258	ARG	NH2	3.5496994842698193	1.0	1.0	ARG:258	ARG	NH2	3.5496994842698193	HOH:515	O	2.6852979214324533	2.0	11.0	water_mediated_like			exposed				0.0	0.0		modified	1.6315274641666555	48.22421291931773	59.062403303258485	same	toward		
P11309	8R1T	A	261	SEP_single	1	1	2.0	SEP	169		2	33-305	33-305	SEP	/mnt/c/Users/drpat/OneDrive - UGent/Desktop/PD/Phospho-fill/Validation-allPDB/pdb_cache/8r1t.cif	SEP	SEP	OG	CB	ok	1.622357113931827	113.72157933303576	-64.76420896310287	ARG:258	ARG	NH2	3.5522486953915546	1.0	1.0	ARG:258	ARG	NH2	3.5522486953915546	HOH:510	O	2.5670679082604573	2.0	9.0	water_mediated_like			exposed				0.0	0.0		modified	1.622357113931827	50.34655440428001	35.111495716695174	same	toward		
P11309	8R1W	A	261	SEP_single	1	1	2.15	SEP	170		2	33-45,49-305	33-45,49-305	SEP	/mnt/c/Users/drpat/OneDrive - UGent/Desktop/PD/Phospho-fill/Validation-allPDB/pdb_cache/8r1w.cif	SEP	SEP	OG	CB	ok	1.6161391526030546	111.71205136531155	-67.47734533164548	ARG:258	ARG	NH2	3.600893722487218	1.0	1.0	ARG:258	ARG	NH2	3.600893722487218	HOH:505	O	2.528233426385192	1.0	11.0	water_mediated_like			intermediate				0.0	0.0		modified	1.6161391526030546	49.64563714244644	37.829471231471764	same	toward		
P11309	8R25	A	261	SEP_single	1	1	2.1	SEP	171		2	33-305	33-305	SEP	/mnt/c/Users/drpat/OneDrive - UGent/Desktop/PD/Phospho-fill/Validation-allPDB/pdb_cache/8r25.cif	SEP	SEP	OG	CB	ok	1.6167876954828315	111.89651699964088	-67.76646283973524	ARG:258	ARG	NH2	3.576758999433279	1.0	1.0	ARG:258	ARG	NH2	3.576758999433279	HOH:502	O	2.509646833578826	2.0	12.0	water_mediated_like			exposed				0.0	0.0		modified	1.6167876954828315	48.780223520104585	55.406016695614355	same	toward		
P11309	8R27	A	261	SEP_single	1	1	1.95	SEP	172		2	33-80,82-305	33-80,82-305	SEP	/mnt/c/Users/drpat/OneDrive - UGent/Desktop/PD/Phospho-fill/Validation-allPDB/pdb_cache/8r27.cif	SEP	SEP	OG	CB	ok	1.6286605389136466	114.15902043019064	-68.16895433585603	ARG:258	ARG	NH2	3.5477031608157006	1.0	1.0	ARG:258	ARG	NH2	3.5477031608157006	HOH:525	O	2.7033388690392424	1.0	11.0	water_mediated_like			intermediate				0.0	0.0		modified	1.6286605389136466	48.06871735477611	35.879521982071736	same	toward		
Q9NWZ3	8SCE	B	346	SEP_mixed_with_TPO	1	3	1.89	SEP	331		4	164-216,220-336,342-458	164-216,220-336,342-458	SEP	/mnt/c/Users/drpat/OneDrive - UGent/Desktop/PD/Phospho-fill/Validation-allPDB/pdb_cache/8sce.cif	SEP	SEP	OG	CB	ok	1.5473407096678329	113.12553061635919	1.3160036893907177					0.0	0.0	GLU:225	GLU	OE2	6.954813261421147				0.0	7.0	none_obvious			intermediate	TPO:345	TPO	5.625265586980043	1.0	1.0	TPO:345@5.63	modified	1.5473407096678329						
P00517	8SF8	A	140	SEP_mixed_with_TPO	2	3	1.7	SEP	107		4	13-351	13-351	SEP,SEP	/mnt/c/Users/drpat/OneDrive - UGent/Desktop/PD/Phospho-fill/Validation-allPDB/pdb_cache/8sf8.cif	SEP	SEP	OG	CB	ok	1.6323768236373806	114.11927307999262	17.53903897423621	HIS:143	HIS	ND1	4.627990425205536	0.0	1.0	HIS:143	HIS	ND1	4.627990425205536	HOH:510	O	2.271912532058154	4.0	15.0	water_mediated_like			exposed	TPO:198	TPO	37.78167040371786	0.0	0.0		modified	1.6323768236373806	91.39963999194333	44.764087861300055	same	lateral		
P00517	8SF8	A	339	SEP_mixed_with_TPO	2	3	1.7	SEP	107		4	13-351	13-351	SEP,SEP	/mnt/c/Users/drpat/OneDrive - UGent/Desktop/PD/Phospho-fill/Validation-allPDB/pdb_cache/8sf8.cif	SEP	SEP	OG	CB	ok	1.6243894990588672	111.73493912025278	-83.07025495769658	ARG:337	ARG	NH2	2.713220904576937	2.0	2.0	ASN:341	ASN	ND2	2.7095954992960487	HOH:651	O	2.8280748347086133	1.0	26.0	salt_bridge_like			buried	TPO:198	TPO	30.8545422580152	0.0	0.0		modified	1.6243894990588672	44.65246025999687	36.43371282019705	same	toward		
O75385	8SV9	A	87	SEP_mixed_with_TPO	1	2	2.3	SEP	73		2	8-281	8-281	SEP	/mnt/c/Users/drpat/OneDrive - UGent/Desktop/PD/Phospho-fill/Validation-allPDB/pdb_cache/8sv9.cif	SEP	SEP	OG	CB	ok	1.6153842330054158	109.60104421642485	24.45413637969876	ARG:18	ARG	NH2	6.500382865776654	0.0	0.0	TYR:89	TYR	OH	2.504670872191097	HOH:454	O	7.715470903939477	0.0	15.0	hbond_like			intermediate	TPO:180	TPO	27.551802746659224	0.0	0.0		modified	1.6153842330054158	67.96845158502705	72.7460549230555	opposite	lateral		
Q9NWZ3	8TVM	B	346	SEP_mixed_with_TPO	1	3	2.1	SEP	332		4	164-217,220-336,342-459	164-217,220-336,342-459	SEP	/mnt/c/Users/drpat/OneDrive - UGent/Desktop/PD/Phospho-fill/Validation-allPDB/pdb_cache/8tvm.cif	SEP	SEP	OG	CB	ok	1.6131188727829266	110.36713653153755	-40.24106141532605	ARG:334	ARG	NH1	7.875881356682048	0.0	0.0	GLU:225	GLU	OE2	7.008912798590004				0.0	7.0	none_obvious			intermediate	TPO:345	TPO	5.605176287473408	1.0	1.0	TPO:345@5.61	modified	1.6131188727829266	84.47013491677765		same	lateral		
Q9NWZ3	8TVN	B	346	SEP_mixed_with_TPO	1	3	1.95	SEP	333		4	164-216,220-255,257-335,342-459	164-216,220-255,257-335,342-459	SEP	/mnt/c/Users/drpat/OneDrive - UGent/Desktop/PD/Phospho-fill/Validation-allPDB/pdb_cache/8tvn.cif	SEP	SEP	OG	CB	ok	1.6136889931303104	112.86762538029471	-1.0189594549423102	ARG:347	ARG	NH1	4.572071476789011	0.0	1.0	ARG:347	ARG	NH1	4.572071476789011	HOH:623	O	7.0534939776313745	0.0	8.0	none_obvious			intermediate	TPO:345	TPO	5.9150819862907555	1.0	1.0	TPO:345@5.92	modified	1.6136889931303104	95.31003422556574	115.87449686497997	same	lateral		
Q9NWZ3	8TX0	B	346	SEP_mixed_with_TPO	1	3	2.0	SEP	334		4	164-337,342-459	164-337,342-459	SEP	/mnt/c/Users/drpat/OneDrive - UGent/Desktop/PD/Phospho-fill/Validation-allPDB/pdb_cache/8tx0.cif	SEP	SEP	OG	CB	ok	1.6094230712578381	114.05771689831481	-10.16771034495095					0.0	0.0	GLU:225	GLU	OE2	6.646004635167965	HOH:709	O	5.162890893228912	0.0	7.0	none_obvious			intermediate	TPO:345	TPO	5.597749069948841	1.0	1.0	TPO:345@5.60	modified	1.6094230712578381		86.77206059176747				
Q9NWZ3	8UCB	D	346	SEP_mixed_with_TPO	1	3	1.85	SEP	335		4	163-219,221-336,342-459	163-219,221-336,342-459	SEP	/mnt/c/Users/drpat/OneDrive - UGent/Desktop/PD/Phospho-fill/Validation-allPDB/pdb_cache/8ucb.cif	SEP	SEP	OG	CB	ok	1.6088519273054749	110.54244662187683	-14.39830394954028					0.0	0.0	GLU:225	GLU	OE2	6.355604633584406	HOH:699	O	4.749289187660155	0.0	7.0	none_obvious			intermediate	TPO:345	TPO	5.955588338123072	1.0	1.0	TPO:345@5.96	modified	1.6088519273054749		95.99719888942063				
Q9NWZ3	8UCC	A	346	SEP_mixed_with_TPO	1	2	1.8	SEP	337		4	160-336,342-459	160-336,342-459	SEP	/mnt/c/Users/drpat/OneDrive - UGent/Desktop/PD/Phospho-fill/Validation-allPDB/pdb_cache/8ucc.cif	SEP				missing_anchor_or_base																																				
P49759	8UWN	A	341	SEP_mixed_with_TPO	1	2	1.8	SEP	208		2	148-482	148-482	SEP	/mnt/c/Users/drpat/OneDrive - UGent/Desktop/PD/Phospho-fill/Validation-allPDB/pdb_cache/8uwn.cif	SEP	SEP	OG	CB	ok	1.6111618243553003	119.86618353173019	-16.230553330850313	ARG:198	ARG	NH1	2.4920797529815673	2.0	2.0	ARG:198	ARG	NH1	2.4920797529815673	HOH:1240	O	2.7362481257395475	4.0	17.0	salt_bridge_like			exposed	TPO:342	TPO	5.610639909098451	1.0	1.0	TPO:342@5.61	modified	1.6111618243553003	34.45364595635093	65.03565381666367	same	toward		
Q9NWZ3	8V2F	C	346	SEP_mixed_with_TPO	1	3	2.09	SEP	338		4	160-459	160-459	SEP	/mnt/c/Users/drpat/OneDrive - UGent/Desktop/PD/Phospho-fill/Validation-allPDB/pdb_cache/8v2f.cif	SEP	SEP	OG	CB	ok	1.60566429119778	118.49880611926903	-0.9618851780100851	ARG:347	ARG	NE	4.586665368627799	0.0	1.0	ARG:347	ARG	NE	4.586665368627799	HOH:684	O	7.093366521833211	0.0	7.0	none_obvious			intermediate	TPO:345	TPO	5.94386287485879	1.0	1.0	TPO:345@5.94	modified	1.60566429119778	85.53943517549571	99.72894503875389	same	lateral		
Q9NWZ3	8V2L	B	346	SEP_mixed_with_TPO	1	3	2.43	SEP	339		4	163-336,342-459	163-336,342-459	SEP	/mnt/c/Users/drpat/OneDrive - UGent/Desktop/PD/Phospho-fill/Validation-allPDB/pdb_cache/8v2l.cif	SEP	SEP	OG	CB	ok	1.6303525429927985	118.61401440279931	21.987809081633667	ARG:347	ARG	NE	4.580945064224583	0.0	1.0	ARG:347	ARG	NE	4.580945064224583	HOH:615	O	7.483549180893273	0.0	12.0	none_obvious			intermediate	TPO:345	TPO	5.354496649983867	1.0	1.0	TPO:345@5.35	modified	1.6303525429927985	88.70069510376567	126.13287280548023	opposite	lateral		
Q9NWZ3	8W3W	A	346	SEP_mixed_with_TPO	1	3	1.976	SEP	340		4	162-460	162-460	SEP	/mnt/c/Users/drpat/OneDrive - UGent/Desktop/PD/Phospho-fill/Validation-allPDB/pdb_cache/8w3w.cif	SEP	SEP	OG	CB	ok	1.540983984081368	107.36459483320901	-5.324183617821879					0.0	0.0					HOH:708	O	6.4089121539948435	0.0	4.0	none_obvious			intermediate	TPO:345	TPO	6.026263400697707	1.0	1.0	TPO:345@6.03	modified	1.540983984081368		123.13349934719362				
Q9NWZ3	8W3X	A	346	SEP_mixed_with_TPO	1	3	1.765	SEP	341		4	162-216,222-336,342-460	162-216,222-336,342-460	SEP	/mnt/c/Users/drpat/OneDrive - UGent/Desktop/PD/Phospho-fill/Validation-allPDB/pdb_cache/8w3x.cif	SEP	SEP	OG	CB	ok	1.545703217794559	110.48562085175836	-4.971581723351468					0.0	0.0					HOH:748	O	6.7662275045108675	0.0	4.0	none_obvious			intermediate	TPO:345	TPO	6.025132675577058	1.0	1.0	TPO:345@6.03	modified	1.545703217794559		129.40408050065287				
Q15843	8WZN	B	65	SEP_single	1	1	1.8	SEP	236		1	1-73	1-73	SEP	/mnt/c/Users/drpat/OneDrive - UGent/Desktop/PD/Phospho-fill/Validation-allPDB/pdb_cache/8wzn.cif	SEP	SEP	OG	CB	ok	1.6200572178710204	120.05804627050551	35.08215364200161					0.0	0.0	TYR:45	TYR	OH	2.717847138415813	HOH:117	O	4.645481880252117	0.0	22.0	hbond_like			intermediate				0.0	0.0		modified	1.6200572178710204		23.383903522821257				
Q15843	8WZO	B	65	SEP_single	1	1	2.25	SEP	237		1	1-72	1-72	SEP	/mnt/c/Users/drpat/OneDrive - UGent/Desktop/PD/Phospho-fill/Validation-allPDB/pdb_cache/8wzo.cif	SEP	SEP	OG	CB	ok	1.6163708292647485	119.365634111791	37.01391044593634					0.0	0.0	TYR:45	TYR	OH	2.78445823228989	HOH:108	O	2.6606634289028146	2.0	21.0	hbond_like			exposed				0.0	0.0		modified	1.6163708292647485		82.50563887103218				
Q2VRL0	9BCZ	A	326	SEP_mixed_with_TPO	1	2	1.99	SEP	239		2	1-332,370-637	1-332,370-637	SEP	/mnt/c/Users/drpat/OneDrive - UGent/Desktop/PD/Phospho-fill/Validation-allPDB/pdb_cache/9bcz.cif	SEP	SEP	OG	CB	ok	1.6474857774833191	120.0056659656652	68.05975194061868	LYS:302	LYS	NZ	2.4255508578590854	1.0	2.0	LYS:302	LYS	NZ	2.4255508578590854	HOH:883	O	2.756779112340531	3.0	29.0	salt_bridge_like			exposed	TPO:331	TPO	18.087379496999706	0.0	0.0		modified	1.6474857774833191	66.66335037219758	43.22414382308381	same	lateral		
J3QSS1	9BWT	A	73	SEP_mixed_with_TPO	1	3	2.5	SEP	7		3	52-93,132-782,815-1019	52-93,132-782,815-1019	SEP	/mnt/c/Users/drpat/OneDrive - UGent/Desktop/PD/Phospho-fill/Validation-allPDB/pdb_cache/9bwt.cif	SEP	SEP	OG	CB	ok	1.6065241718212877	108.35641489926076	-7.119873702171083	LYS:196	LYS	CE	3.123128849507966	2.0	3.0	TYR:67	TYR	OH	3.215855193607805	HOH:1401	O	3.173966153517974	1.0	16.0	salt_bridge_like			intermediate	TPO:55	TPO	25.332573522912384	0.0	0.0		modified	1.6065241718212877	45.55187422295737	37.00673307729986	same	toward		
C5IWW7	9D1J	A	218	SEP_single	1	1	2.03	SEP	6		1	2-570	2-570	SEP	/mnt/c/Users/drpat/OneDrive - UGent/Desktop/PD/Phospho-fill/Validation-allPDB/pdb_cache/9d1j.cif	SEP	SEP	OG	CB	ok	1.6198708756061708	112.92445084762957	27.98057580077567	HIS:471	HIS	NE2	3.4242155474730818	1.0	1.0	HIS:471	HIS	NE2	3.4242155474730818	HOH:691	O	3.4840096845127375	1.0	31.0	salt_bridge_like			buried				0.0	0.0		modified	1.6198708756061708	102.24670858235993	10.776124278547432	opposite	lateral		
O96013	9D52	A	474	SEP_single	1	1	2.449	SEP	103		2	300-589	300-589	SEP	/mnt/c/Users/drpat/OneDrive - UGent/Desktop/PD/Phospho-fill/Validation-allPDB/pdb_cache/9d52.cif	SEP	SEP	OG	CB	ok	1.6090136162494604	117.36539072524803	-44.58842926811375	ARG:359	ARG	NH2	2.8495947547308615	3.0	3.0	ARG:359	ARG	NH2	2.8495947547308615	HOH:729	O	2.97364041244543	1.0	26.0	salt_bridge_like			buried				0.0	0.0		modified	1.6090136162494604	70.4741846603685	66.17769186782525	opposite	lateral		
O96013	9D53	A	474	SEP_single	1	1	2.468	SEP	104		2	300-591	300-591	SEP	/mnt/c/Users/drpat/OneDrive - UGent/Desktop/PD/Phospho-fill/Validation-allPDB/pdb_cache/9d53.cif	SEP	SEP	OG	CB	ok	1.6020218385753988	119.05784040726692	-60.54855032056544	ARG:439	ARG	NH1	2.4532885103438766	3.0	3.0	ARG:439	ARG	NH1	2.4532885103438766				0.0	24.0	salt_bridge_like			buried				0.0	0.0		modified	1.6020218385753988	47.7125162653724		same	toward		
O43318	9FPD	A	192	SEP_mixed_with_TPO	1	2	2.402	SEP	64		2	31-182,186-303	31-182,186-303	SEP	/mnt/c/Users/drpat/OneDrive - UGent/Desktop/PD/Phospho-fill/Validation-allPDB/pdb_cache/9fpd.cif	SEP	SEP	OG	CB	ok	1.5466228360341716	111.02812678027773	-73.76751873053777	LYS:158	LYS	NZ	3.8876274522536396	1.0	1.0	LYS:158	LYS	NZ	3.8876274522536396	HOH:706	O	2.6884435431367724	1.0	11.0	water_mediated_like			intermediate	TPO:187	TPO	17.765002043500115	0.0	0.0		modified	1.5466228360341716	71.44151500312726	71.48923429381432	same	lateral		
Q9NUL5	9KBO	A	249	SEP_mixed_with_TPO	2	4	2.0	SEP	283		4	2-278	2-278	SEP,SEP	/mnt/c/Users/drpat/OneDrive - UGent/Desktop/PD/Phospho-fill/Validation-allPDB/pdb_cache/9kbo.cif	SEP	SEP	OG	CB	ok	1.6061116703567495	106.8893368048998	61.556900931426746	LYS:127	LYS	NZ	2.9715929100363265	1.0	3.0	SER:247	SER	OG	2.34647732288921	HOH:430	O	2.5705684631090846	4.0	23.0	salt_bridge_like			exposed	TPO:250	TPO	5.922563270554942	1.0	1.0	TPO:250@5.92	modified	1.6061116703567495	75.22912058925058	26.342575903609887	same	lateral		
Q9NUL5	9KBO	A	256	SEP_mixed_with_TPO	2	4	2.0	SEP	283		4	2-278	2-278	SEP,SEP	/mnt/c/Users/drpat/OneDrive - UGent/Desktop/PD/Phospho-fill/Validation-allPDB/pdb_cache/9kbo.cif	SEP	SEP	OG	CB	ok	1.637615260739466	121.68872341317966	-3.1013486328561606	ARG:14	ARG	NH2	3.173758290020572	1.0	2.0	ARG:14	ARG	NH2	3.173758290020572	HOH:431	O	2.5746269693809896	3.0	7.0	salt_bridge_like			exposed	TPO:253	TPO	14.266847748912005	0.0	0.0		modified	1.637615260739466	91.73258900199993	33.105381863325036	same	lateral		
Q9NWZ3	9NA2	A	346	SEP_mixed_with_TPO	1	3	1.99	SEP	342		4	164-337,340-458	164-337,340-458	SEP	/mnt/c/Users/drpat/OneDrive - UGent/Desktop/PD/Phospho-fill/Validation-allPDB/pdb_cache/9na2.cif	SEP	SEP	OG	CB	ok	1.6102115300145614	111.56003105553461	71.19933823854132	ARG:334	ARG	NH2	7.202337712949728	0.0	0.0	GLU:225	GLU	OE2	7.172801126616235	HOH:621	O	6.760973754358202	0.0	11.0	none_obvious			intermediate	TPO:345	TPO	4.96811944370183	1.0	1.0	TPO:345@4.97	modified	1.6102115300145614	74.03507305566588	99.05909903028042	same	lateral		
Q9NWZ3	9NA3	A	346	SEP_mixed_with_TPO	1	3	2.1	SEP	343		4	164-217,221-254,258-336,342-458	164-217,221-254,258-336,342-458	SEP	/mnt/c/Users/drpat/OneDrive - UGent/Desktop/PD/Phospho-fill/Validation-allPDB/pdb_cache/9na3.cif	SEP	SEP	OG	CB	ok	1.6098410384240889	110.69267965759835	-10.207128920003436	ARG:334	ARG	NH2	7.817654112458391	0.0	0.0	ARG:334	ARG	NH2	7.817654112458391				0.0	6.0	none_obvious			intermediate	TPO:345	TPO	5.76573529090841	1.0	1.0	TPO:345@5.77	modified	1.6098410384240889	104.52188162930388		same	lateral		
Q9NWZ3	9NA4	C	346	SEP_mixed_with_TPO	1	3	2.33	SEP	344		4	164-216,221-254,257-336,342-459	164-216,221-254,257-336,342-459	SEP	/mnt/c/Users/drpat/OneDrive - UGent/Desktop/PD/Phospho-fill/Validation-allPDB/pdb_cache/9na4.cif	SEP	SEP	OG	CB	ok	1.610824911580152	109.54201383071613	-5.028836399508309	ARG:347	ARG	NE	7.976151882707941	0.0	0.0	GLU:225	GLU	OE2	6.484334239994087				0.0	3.0	none_obvious			intermediate	TPO:345	TPO	6.207843134861147	1.0	1.0	TPO:345@6.21	modified	1.610824911580152	94.89397359929968		same	lateral		
Q9NWZ3	9NA5	A	346	SEP_mixed_with_TPO	1	3	1.73	SEP	345		4	162-217,220-336,341-458	162-217,220-336,341-458	SEP	/mnt/c/Users/drpat/OneDrive - UGent/Desktop/PD/Phospho-fill/Validation-allPDB/pdb_cache/9na5.cif	SEP	SEP	OG	CB	ok	1.6039883986034886	110.45956619640971	36.672905621408624	ARG:347	ARG	NH1	3.174558486746682	1.0	1.0	ARG:347	ARG	NH1	3.174558486746682	HOH:609	O	6.43136981846267	0.0	13.0	salt_bridge_like			intermediate	TPO:345	TPO	5.497773695871026	1.0	1.0	TPO:345@5.50	modified	1.6039883986034886	82.30156799869623	85.20603100206571	opposite	lateral		
Q9NWZ3	9NA6	C	346	SEP_mixed_with_TPO	1	3	2.14	SEP	346		4	165-216,220-336,342-458	165-216,220-336,342-458	SEP	/mnt/c/Users/drpat/OneDrive - UGent/Desktop/PD/Phospho-fill/Validation-allPDB/pdb_cache/9na6.cif	SEP	SEP	OG	CB	ok	1.6082954687006852	110.71884976379648	-0.27440726172153884	ARG:347	ARG	NH1	2.6382280368585524	1.0	1.0	ARG:347	ARG	NH1	2.6382280368585524	HOH:658	O	7.681378425877033	0.0	12.0	salt_bridge_like			intermediate	TPO:345	TPO	5.611187958213595	1.0	1.0	TPO:345@5.61	modified	1.6082954687006852	61.88822212317898	130.1014531518575	same	lateral		
Q9NWZ3	9PSS	A	346	SEP_mixed_with_TPO	1	3	1.93	SEP	347		4	164-215,222-336,342-458	164-215,222-336,342-458	SEP	/mnt/c/Users/drpat/OneDrive - UGent/Desktop/PD/Phospho-fill/Validation-allPDB/pdb_cache/9pss.cif	SEP	SEP	OG	CB	ok	1.6315682265250642	112.60034683892701	34.177635441173905	ARG:334	ARG	NH2	7.451245818236376	0.0	0.0	ARG:334	ARG	NH2	7.451245818236376	HOH:611	O	7.404583816696829	0.0	9.0	none_obvious			intermediate	TPO:345	TPO	4.955561357418477	1.0	1.0	TPO:345@4.96	modified	1.6315682265250642	95.44162544400992	159.35377700433904	same	lateral		
Q9NWZ3	9PST	A	346	SEP_mixed_with_TPO	1	2	2.12	SEP	348		4	165-216,220-336,343-458	165-216,220-336,343-458	SEP	/mnt/c/Users/drpat/OneDrive - UGent/Desktop/PD/Phospho-fill/Validation-allPDB/pdb_cache/9pst.cif	SEP	SEP	OG	CB	ok	1.6011809911693025	111.93941993887024	-11.353217361603294	ARG:334	ARG	NH2	7.982303040543637	0.0	0.0	GLU:225	GLU	OE2	6.592212649950119	HOH:657	O	6.651229478965933	0.0	7.0	none_obvious			intermediate	TPO:345	TPO	5.692753807987381	1.0	1.0	TPO:345@5.69	modified	1.6011809911693025	118.0904032777817	122.6466672793252	opposite	lateral		
Q9NWZ3	9PSU	B	346	SEP_mixed_with_TPO	1	2	2.43	SEP	350		4	164-216,222-337,342-458	164-216,222-337,342-458	SEP	/mnt/c/Users/drpat/OneDrive - UGent/Desktop/PD/Phospho-fill/Validation-allPDB/pdb_cache/9psu.cif	SEP	SEP	OG	CB	ok	1.6107185346150596	112.53909790625607	1.7476917605971072					0.0	0.0	GLU:225	GLU	OE1	7.647758458328968				0.0	2.0	none_obvious			intermediate	TPO:345	TPO	7.675152488498537	1.0	1.0	TPO:345@7.68	modified	1.6107185346150596						
Q9NWZ3	9R9G	A	346	SEP_mixed_with_TPO	1	2	1.88	SEP	351		4	163-216,222-335,341-458	163-216,222-335,341-458	SEP	/mnt/c/Users/drpat/OneDrive - UGent/Desktop/PD/Phospho-fill/Validation-allPDB/pdb_cache/9r9g.cif	SEP	SEP	OG	CB	ok	1.5580730794906326	110.80603779057107	10.408174603543724	ARG:347	ARG	NE	5.527443904661258	0.0	1.0	ARG:347	ARG	NE	5.527443904661258	HOH:624	O	2.6588199806066233	1.0	5.0	water_mediated_like			intermediate	TPO:345	TPO	5.979032089601584	1.0	1.0	TPO:345@5.98	modified	1.5580730794906326	113.40296042647046	88.3320335303963	opposite	lateral		
Q9NWZ3	9R9J	B	346	SEP_mixed_with_TPO	1	2	2.39	SEP	352		4	161-217,222-254,257-337,342-458	161-217,222-254,257-337,342-458	SEP	/mnt/c/Users/drpat/OneDrive - UGent/Desktop/PD/Phospho-fill/Validation-allPDB/pdb_cache/9r9j.cif	SEP	SEP	OG	CB	ok	1.5637952339723156	112.53930381201809	-9.575404076094342	ARG:347	ARG	NH1	5.51575243607219	0.0	1.0	ARG:347	ARG	NH1	5.51575243607219	HOH:674	O	2.9856250127440784	2.0	5.0	water_mediated_like			exposed	TPO:345	TPO	5.957381645975202	1.0	1.0	TPO:345@5.96	modified	1.5637952339723156	85.04649046073989	76.24051483160098	same	lateral		
Q9NWZ3	9R9K	B	346	SEP_mixed_with_TPO	1	2	1.87	SEP	353		4	158-216,223-335,343-460	158-216,223-335,343-460	SEP	/mnt/c/Users/drpat/OneDrive - UGent/Desktop/PD/Phospho-fill/Validation-allPDB/pdb_cache/9r9k.cif	SEP	SEP	OG	CB	ok	1.5300465091197035	111.24812711027508	7.299967354976098	ARG:347	ARG	NE	4.994093442343034	0.0	1.0	ARG:347	ARG	NE	4.994093442343034	HOH:712	O	7.739325553211607	0.0	7.0	none_obvious			intermediate	TPO:345	TPO	5.802404331761216	1.0	1.0	TPO:345@5.80	modified	1.5300465091197035	104.860512976662	138.00165180061396	opposite	lateral		
P27361	9TU0	A	286	SEP_single	1	1	2.17	SEP	189		3	28-191,208-218,222-373	28-191,208-218,222-373	SEP	/mnt/c/Users/drpat/OneDrive - UGent/Desktop/PD/Phospho-fill/Validation-allPDB/pdb_cache/9tu0.cif	SEP	SEP	OG	CB	ok	1.6139991793253705	111.04222979895616	72.97681302492576					0.0	0.0	SER:263	SER	OG	6.293685484603017	HOH:508	O	4.254912136251643	0.0	6.0	none_obvious			intermediate				0.0	0.0		modified	1.6139991793253705		58.95004718816737				
P11309	9YKI	A	261	SEP_single	1	1	1.95	SEP	173		2	33-306	33-306	SEP	/mnt/c/Users/drpat/OneDrive - UGent/Desktop/PD/Phospho-fill/Validation-allPDB/pdb_cache/9yki.cif	SEP	SEP	OG	CB	ok	1.6868059705158738	115.19550781007804	-69.64753653933258	ARG:258	ARG	NH2	3.595803300679387	1.0	1.0	ARG:258	ARG	NH2	3.595803300679387	HOH:569	O	2.7559159080279083	2.0	8.0	water_mediated_like			exposed				0.0	0.0		modified	1.6868059705158738	42.770566386016675	59.294333970598316	same	toward		
Q582V7	9Z8K	A	71	SEP_single	1	1	2.05	SEP	241		1	54-208,232-348	54-208,232-348	SEP	/mnt/c/Users/drpat/OneDrive - UGent/Desktop/PD/Phospho-fill/Validation-allPDB/pdb_cache/9z8k.cif	SEP	SEP	OG	CB	ok	1.6064570928350312	110.3659234247994	-7.274378731596625	HIS:100	HIS	NE2	3.3318937868257215	1.0	2.0	HIS:100	HIS	NE2	3.3318937868257215	HOH:673	O	4.196597610279151	0.0	7.0	salt_bridge_like			intermediate				0.0	0.0		modified	1.6064570928350312	52.92799332972608	103.30450776600348	opposite	toward		
