acc_id	pdb_id	chain_id	target_position	subset_class	n_target_sites	n_context_sites	input_resolution	expected_resname	source_row_index	master_phospho_sites	master_site_count	mapped_uniprot_range	observed_uniprot_range	target_site_residues	structure_file	actual_resname	residue_class	anchor_atom	base_atom	status	d_anchor_p	angle_base_anchor_p	torsion_CA_CB_OG1_P	torsion_CG2_CB_OG1_P	nearest_basic_label	nearest_basic_resname	nearest_basic_atom	nearest_basic_dist	n_basic_within4	n_basic_within6	nearest_polar_label	nearest_polar_resname	nearest_polar_atom	nearest_polar_dist	nearest_water_label	nearest_water_atom	nearest_water_dist	n_water_within4	nonwater_heavy_within6	interaction_class	secondary_structure	rsa	exposure_class	nearest_other_ptm_label	nearest_other_ptm_resname	nearest_other_ptm_dist	n_other_ptm_within8	n_other_ptm_within12	other_ptm_neighbors	audit_mode	phosphate_vector_norm	phosphate_to_basic_angle_deg	phosphate_to_water_angle_deg	same_side_as_nearest_basic	orientation_toward_basic	ptr_torsion_ce1	ptr_torsion_ce2	torsion_CE1_CZ_OH_P	torsion_CE2_CZ_OH_P
P53778	1CM8	A	183	TPO_mixed_with_PTR	1	2	2.4	TPO	274		2	8-33,40-315,322-329,335-353	8-33,40-315,322-329,335-353	TPO	/mnt/c/Users/drpat/OneDrive - UGent/Desktop/PD/Phospho-fill/Validation-allPDB/pdb_cache/1cm8.cif	TPO	TPO	OG1	CB	ok	1.543055015113263	120.82910384584491	69.49719060850379	-53.442587297092935	ARG:176	ARG	NE	2.6299146052549256	4.0	5.0	ARG:176	ARG	NE	2.6299146052549256	HOH:2028	O	2.788931357651189	1.0	26.0	salt_bridge_like			buried	PTR:185	PTR	15.269624306316873	0.0	0.0		modified	1.543055015113263	39.32370690397688	69.37639987029559	same	toward				
P24941	1E9H	A	160	TPO_single	1	1	2.5	TPO	114		3	1-296	1-296	TPO	/mnt/c/Users/drpat/OneDrive - UGent/Desktop/PD/Phospho-fill/Validation-allPDB/pdb_cache/1e9h.cif	TPO	TPO	OG1	CB	ok	1.5318771410552263	121.72799860366305	-66.32275457635112	54.46191192441755	ARG:150	ARG	NH2	2.738817898141505	3.0	3.0	ARG:150	ARG	NH2	2.738817898141505	HOH:2065	O	2.5512811929668455	2.0	23.0	salt_bridge_like			exposed				0.0	0.0		modified	1.5318771410552263	39.37840516448828	70.16170363037406	same	toward				
P24941	1H1P	A	160	TPO_single	1	1	2.1	TPO	115		3	1-296	1-296	TPO	/mnt/c/Users/drpat/OneDrive - UGent/Desktop/PD/Phospho-fill/Validation-allPDB/pdb_cache/1h1p.cif	TPO	TPO	OG1	CB	ok	1.5659151663673732	125.40424227210654	-71.78723905852371	53.14923790528224	ARG:126	ARG	NH2	2.5396016286056224	3.0	3.0	ARG:126	ARG	NH2	2.5396016286056224	HOH:2049	O	4.658835008924539	0.0	23.0	salt_bridge_like			intermediate				0.0	0.0		modified	1.5659151663673732	39.97206420409585	38.27798437597863	same	toward				
P24941	1H1Q	A	160	TPO_single	1	1	2.5	TPO	116		3	1-296	1-296	TPO	/mnt/c/Users/drpat/OneDrive - UGent/Desktop/PD/Phospho-fill/Validation-allPDB/pdb_cache/1h1q.cif	TPO	TPO	OG1	CB	ok	1.6229693047127027	122.38647217575733	-73.41628582851308	52.053356939361564	ARG:150	ARG	NE	2.815685032801883	3.0	3.0	ARG:150	ARG	NE	2.815685032801883	HOH:2049	O	4.755221003232475	0.0	23.0	salt_bridge_like			intermediate				0.0	0.0		modified	1.6229693047127027	30.58590187968397	32.70920409676646	same	toward				
P24941	1H1R	A	160	TPO_single	1	1	2.0	TPO	117		3	1-296	1-296	TPO	/mnt/c/Users/drpat/OneDrive - UGent/Desktop/PD/Phospho-fill/Validation-allPDB/pdb_cache/1h1r.cif	TPO	TPO	OG1	CB	ok	1.6357701046275777	117.0627559306578	-64.81356331003715	55.1934220961805	ARG:126	ARG	NH1	2.6748831507501176	3.0	3.0	ARG:126	ARG	NH1	2.6748831507501176	HOH:2134	O	2.4218342512001607	4.0	23.0	salt_bridge_like			exposed				0.0	0.0		modified	1.6357701046275777	54.28256488313875	72.12899139632334	same	toward				
P24941	1H1S	A	160	TPO_single	1	1	2.0	TPO	118		3	1-296	1-296	TPO	/mnt/c/Users/drpat/OneDrive - UGent/Desktop/PD/Phospho-fill/Validation-allPDB/pdb_cache/1h1s.cif	TPO	TPO	OG1	CB	ok	1.6222736580366621	120.82078426349896	-70.63543753099809	48.45499233953713	ARG:126	ARG	NH2	2.75277814968006	3.0	3.0	ARG:126	ARG	NH2	2.75277814968006	HOH:2143	O	2.562770053001482	3.0	22.0	salt_bridge_like			exposed				0.0	0.0		modified	1.6222736580366621	40.751827427443494	74.55996471921408	same	toward				
P24941	1H24	A	160	TPO_single	1	1	2.5	TPO	119		3	1-293	1-293	TPO	/mnt/c/Users/drpat/OneDrive - UGent/Desktop/PD/Phospho-fill/Validation-allPDB/pdb_cache/1h24.cif	TPO	TPO	OG1	CB	ok	1.4843294990394926	121.9537340404437	-66.06232589796136	54.55236890000789	ARG:126	ARG	NH1	2.835682280054598	3.0	3.0	ARG:126	ARG	NH1	2.835682280054598	HOH:2035	O	7.304819792533816	0.0	22.0	salt_bridge_like			intermediate				0.0	0.0		modified	1.4843294990394926	55.86494905202354	8.955577711744374	same	toward				
P24941	1H25	A	160	TPO_single	1	1	2.5	TPO	120		3	1-293	1-293	TPO	/mnt/c/Users/drpat/OneDrive - UGent/Desktop/PD/Phospho-fill/Validation-allPDB/pdb_cache/1h25.cif	TPO	TPO	OG1	CB	ok	1.59055081156728	120.7784862575827	-73.50635416177694	49.02492972196134	ARG:150	ARG	NH2	2.437656989624412	3.0	3.0	ARG:150	ARG	NH2	2.437656989624412	HOH:2014	O	7.086721008352081	0.0	21.0	salt_bridge_like			intermediate				0.0	0.0		modified	1.59055081156728	44.302221628565725	103.11673149488827	same	toward				
P24941	1H26	A	160	TPO_single	1	1	2.24	TPO	121		3	1-297	1-88,90-297	TPO	/mnt/c/Users/drpat/OneDrive - UGent/Desktop/PD/Phospho-fill/Validation-allPDB/pdb_cache/1h26.cif	TPO	TPO	OG1	CB	ok	1.5723119536267445	115.71030042302554	-76.21831686154857	44.43127113360781	ARG:126	ARG	NH2	2.5781899472935095	3.0	3.0	ARG:126	ARG	NH2	2.5781899472935095	HOH:2039	O	2.3116805678449452	2.0	23.0	salt_bridge_like			exposed				0.0	0.0		modified	1.5723119536267445	33.28678050575799	72.27360488828909	same	toward				
P24941	1H27	A	160	TPO_single	1	1	2.2	TPO	122		3	1-297	1-88,90-297	TPO	/mnt/c/Users/drpat/OneDrive - UGent/Desktop/PD/Phospho-fill/Validation-allPDB/pdb_cache/1h27.cif	TPO	TPO	OG1	CB	ok	1.6169408156084843	120.93960667005273	-67.00205592478481	56.846660650973845	ARG:126	ARG	NH2	2.6016238010259882	3.0	3.0	ARG:126	ARG	NH2	2.6016238010259882	HOH:2028	O	4.511484387749085	0.0	21.0	salt_bridge_like			intermediate				0.0	0.0		modified	1.6169408156084843	39.737566477272374	37.34204743968375	same	toward				
P24941	1JSU	A	160	TPO_single	1	1	2.3	TPO	123		3	13-298	13-298	TPO	/mnt/c/Users/drpat/OneDrive - UGent/Desktop/PD/Phospho-fill/Validation-allPDB/pdb_cache/1jsu.cif	TPO	TPO	OG1	CB	ok	1.6025410519073595	121.88011345743746	-73.60411723171131	45.38982408176292	ARG:126	ARG	NH1	2.5938386470180417	3.0	3.0	ARG:126	ARG	NH1	2.5938386470180417	HOH:338	O	6.948782663536644	0.0	23.0	salt_bridge_like			intermediate				0.0	0.0		modified	1.6025410519073595	55.46351868042724	120.79559254078953	same	toward				
P31751	1O6K	A	309	TPO_single	1	1	1.7	TPO	231		2	146-449,466-479	146-449,466-479	TPO	/mnt/c/Users/drpat/OneDrive - UGent/Desktop/PD/Phospho-fill/Validation-allPDB/pdb_cache/1o6k.cif	TPO	TPO	OG1	CB	ok	1.3867951719741292	121.18460079455471	-58.79602464153762	62.5273703485144	HIS:196	HIS	NE2	2.66376454054945	3.0	3.0	HIS:196	HIS	NE2	2.66376454054945	HOH:2129	O	2.642545653106612	3.0	25.0	salt_bridge_like			exposed				0.0	0.0		modified	1.3867951719741292	67.49258358238757	51.95512341709985	opposite	lateral				
P31751	1O6L	A	309	TPO_single	1	1	1.6	TPO	232		2	146-449,470-477	146-449,470-477	TPO	/mnt/c/Users/drpat/OneDrive - UGent/Desktop/PD/Phospho-fill/Validation-allPDB/pdb_cache/1o6l.cif	TPO	TPO	OG1	CB	ok	1.3859065422934767	120.97101396764111	-55.95626201786554	65.58891374410362	HIS:196	HIS	NE2	2.6881015715175094	3.0	3.0	HIS:196	HIS	NE2	2.6881015715175094	HOH:2207	O	2.6849352186015394	4.0	25.0	salt_bridge_like			exposed				0.0	0.0		modified	1.3859065422934767	68.49112367960714	53.36478635613799	opposite	lateral				
P24941	1OI9	C	160	TPO_single	1	1	2.1	TPO	124		3	1-296	1-296	TPO	/mnt/c/Users/drpat/OneDrive - UGent/Desktop/PD/Phospho-fill/Validation-allPDB/pdb_cache/1oi9.cif	TPO	TPO	OG1	CB	ok	1.6165318371384951	119.52564193159999	-70.49885777507953	55.21709481664326	ARG:126	ARG	NH1	2.4796777004629593	3.0	3.0	ARG:126	ARG	NH1	2.4796777004629593	HOH:2015	O	6.471495578555618	0.0	23.0	salt_bridge_like			intermediate				0.0	0.0		modified	1.6165318371384951	46.78400176660436	72.75539354153544	same	toward				
P24941	1OIU	A	160	TPO_single	1	1	2.0	TPO	125		3	1-37,41-297	1-37,41-297	TPO	/mnt/c/Users/drpat/OneDrive - UGent/Desktop/PD/Phospho-fill/Validation-allPDB/pdb_cache/1oiu.cif	TPO	TPO	OG1	CB	ok	1.6166976995709132	120.13221483923677	-70.25821062453062	52.13087288959579	ARG:126	ARG	NH2	2.7215235425393893	3.0	3.0	ARG:126	ARG	NH2	2.7215235425393893	HOH:2106	O	2.6134039356801755	3.0	22.0	salt_bridge_like			exposed				0.0	0.0		modified	1.6166976995709132	40.701404421851876	75.91169092021292	same	toward				
P24941	1OIY	C	160	TPO_single	1	1	2.4	TPO	126		3	1-296	1-296	TPO	/mnt/c/Users/drpat/OneDrive - UGent/Desktop/PD/Phospho-fill/Validation-allPDB/pdb_cache/1oiy.cif	TPO	TPO	OG1	CB	ok	1.5895707064025404	116.34357796740817	-57.429629689383304	65.3351729024529	ARG:126	ARG	NH1	2.6911713190528066	3.0	4.0	ARG:126	ARG	NH1	2.6911713190528066	HOH:2015	O	6.126891668209885	0.0	23.0	salt_bridge_like			intermediate				0.0	0.0		modified	1.5895707064025404	48.20599065069596	66.87945659425482	same	toward				
O14965	1OL5	A	287	TPO_only_multi_2	2	2	2.5	TPO	23		2	123-388	123-388	TPO,TPO	/mnt/c/Users/drpat/OneDrive - UGent/Desktop/PD/Phospho-fill/Validation-allPDB/pdb_cache/1ol5.cif	TPO	TPO	OG1	CB	ok	1.630967965088219	120.34758737525614	-49.860143876211026	75.52165830928098	ARG:286	ARG	NH1	7.167658661907655	0.0	0.0	ARG:286	ARG	NH1	7.167658661907655	HOH:2090	O	2.8868479667421565	1.0	5.0	water_mediated_like			intermediate	TPO:288	TPO	6.216544742060562	1.0	1.0	TPO:288@6.22	modified	1.630967965088219	115.72237780681623	66.16524703069283	opposite	lateral				
O14965	1OL5	A	288	TPO_only_multi_2	2	2	2.5	TPO	23		2	123-388	123-388	TPO,TPO	/mnt/c/Users/drpat/OneDrive - UGent/Desktop/PD/Phospho-fill/Validation-allPDB/pdb_cache/1ol5.cif	TPO	TPO	OG1	CB	ok	1.6560067977241912	113.39574527611339	-36.65004463520822	79.17594525877844	ARG:255	ARG	NH2	2.716235526776639	3.0	4.0	ARG:255	ARG	NH2	2.716235526776639	HOH:2094	O	2.702012873725552	4.0	27.0	salt_bridge_like			exposed	TPO:287	TPO	6.216544742060562	1.0	1.0	TPO:287@6.22	modified	1.6560067977241912	49.64022796733972	70.77909659384018	same	toward				
P24941	1P5E	A	160	TPO_single	1	1	2.22	TPO	127		3	1-296	1-296	TPO	/mnt/c/Users/drpat/OneDrive - UGent/Desktop/PD/Phospho-fill/Validation-allPDB/pdb_cache/1p5e.cif	TPO	TPO	OG1	CB	ok	1.6155194125256604	120.73728294081887	-72.35283298793026	49.566152598759565	ARG:126	ARG	NH1	2.6574301032577266	3.0	3.0	ARG:126	ARG	NH1	2.6574301032577266	HOH:340	O	4.414164154263934	0.0	23.0	salt_bridge_like			intermediate				0.0	0.0		modified	1.6155194125256604	51.87900030344133	36.430932297448926	same	toward				
P24941	1PKD	A	160	TPO_single	1	1	2.3	TPO	128		3	1-296	1-296	TPO	/mnt/c/Users/drpat/OneDrive - UGent/Desktop/PD/Phospho-fill/Validation-allPDB/pdb_cache/1pkd.cif	TPO	TPO	OG1	CB	ok	1.607666725892047	121.91054245173582	-64.58022277643093	56.06264023363893	ARG:126	ARG	NH2	2.766642384655161	3.0	3.0	ARG:126	ARG	NH2	2.766642384655161	HOH:496	O	2.5671755957084645	2.0	23.0	salt_bridge_like			exposed				0.0	0.0		modified	1.607666725892047	40.5041634124669	69.65583622726336	same	toward				
P24941	1QMZ	A	160	TPO_single	1	1	2.2	TPO	129		3	1-296	1-296	TPO	/mnt/c/Users/drpat/OneDrive - UGent/Desktop/PD/Phospho-fill/Validation-allPDB/pdb_cache/1qmz.cif	TPO	TPO	OG1	CB	ok	1.5013374133582447	136.23704540307253	-74.76585655779941	56.549434771573544	ARG:50	ARG	NH2	2.6066656075244943	3.0	3.0	ARG:50	ARG	NH2	2.6066656075244943	HOH:2113	O	2.690899633900385	2.0	24.0	salt_bridge_like			exposed				0.0	0.0		modified	1.5013374133582447	20.86819477417913	79.31319406791945	same	toward				
P25054	1TH1	C	1487	TPO_mixed_with_SEP	1	5	2.5	TPO	209		5	1468-1496,1503-1529	1468-1496,1503-1529	TPO	/mnt/c/Users/drpat/OneDrive - UGent/Desktop/PD/Phospho-fill/Validation-allPDB/pdb_cache/1th1.cif	TPO	TPO	OG1	CB	ok	1.6225473337850191	117.93317818499878	-72.74571964456105	48.74165056811094					0.0	0.0	ASP:1486	ASP	OD2	5.540361614006634	HOH:41	O	4.282198418235306	0.0	10.0	none_obvious			intermediate	SEP:1504	SEP	43.67716479620301	0.0	0.0		modified	1.6225473337850191		50.757994879859154						
P24941	1W98	A	160	TPO_single	1	1	2.15	TPO	130		3	1-297	1-297	TPO	/mnt/c/Users/drpat/OneDrive - UGent/Desktop/PD/Phospho-fill/Validation-allPDB/pdb_cache/1w98.cif	TPO	TPO	OG1	CB	ok	1.6182070689442913	122.06344242209559	-73.94314749771563	51.03845883120679	ARG:50	ARG	NH1	2.7672130861542463	3.0	3.0	ARG:50	ARG	NH1	2.7672130861542463	HOH:2214	O	2.478976962870048	3.0	23.0	salt_bridge_like			exposed				0.0	0.0		modified	1.6182070689442913	24.3561766951651	75.38836197496225	same	toward				
Q04759	1XJD	A	538	TPO_mixed_with_SEP	1	2	2.0	TPO	281		3	377-649,688-696	377-649,688-696	TPO	/mnt/c/Users/drpat/OneDrive - UGent/Desktop/PD/Phospho-fill/Validation-allPDB/pdb_cache/1xjd.cif	TPO	TPO	OG1	CB	ok	1.4296107327270005	120.80317815456998	-65.21740270218241	55.116910285456775	ARG:503	ARG	NH1	2.8166123386439916	2.0	2.0	THR:536	THR	OG1	2.397333392385506	HOH:100	O	2.7106484152113453	4.0	22.0	salt_bridge_like			exposed	SEP:695	SEP	28.12178374043588	0.0	0.0		modified	1.4296107327270005	54.45342774591105	69.0949825059989	same	toward				
Q13153	28OQ	B	423	TPO_single	1	1	2.28	TPO	285		1	249-278,281-409,419-542	256-277,283-301,310-334,338-409,419-542	TPO	/mnt/c/Users/drpat/OneDrive - UGent/Desktop/PD/Phospho-fill/Validation-allPDB/pdb_cache/28oq.cif	TPO	TPO	OG1	CB	ok	1.6077399169873938	121.18946044952106	-41.21945765537698	79.9822364602704	ARG:421	ARG	NH2	2.7572033080947516	2.0	2.0	ARG:421	ARG	NH2	2.7572033080947516				0.0	21.0	salt_bridge_like			intermediate				0.0	0.0		modified	1.6077399169873938	13.857348760757107		same	toward				
P19525	2A19	B	446	TPO_single	1	1	2.5	TPO	100		2	258-333,356-541	258-333,356-541	TPO	/mnt/c/Users/drpat/OneDrive - UGent/Desktop/PD/Phospho-fill/Validation-allPDB/pdb_cache/2a19.cif	TPO	TPO	OG1	CB	ok	1.6133971439164918	121.26700578811295	-54.62674518223736	69.52717306756055	ARG:413	ARG	NH1	2.6652095851463296	3.0	4.0	ARG:413	ARG	NH1	2.6652095851463296	HOH:55	O	3.188859761515636	1.0	22.0	salt_bridge_like			intermediate				0.0	0.0		modified	1.6133971439164918	53.14224578991635	38.30185937141863	same	toward				
Q6DE08	2BFX	B	248	TPO_single	1	1	1.8	TPO	307		1	78-101,105-357	78-101,105-357	TPO	/mnt/c/Users/drpat/OneDrive - UGent/Desktop/PD/Phospho-fill/Validation-allPDB/pdb_cache/2bfx.cif	TPO	TPO	OG1	CB	ok	1.5054896776784954	108.02317369489904	-54.9176903825128	68.34716720498348	ARG:140	ARG	NH1	2.7079616134287794	3.0	4.0	ARG:140	ARG	NH1	2.7079616134287794	HOH:2072	O	2.789697681157201	2.0	26.0	salt_bridge_like			exposed				0.0	0.0		modified	1.5054896776784954	36.9972104411743	79.87494910266476	same	toward				
Q6DE08	2BFY	B	248	TPO_single	1	1	1.8	TPO	308		1	78-357	78-357	TPO	/mnt/c/Users/drpat/OneDrive - UGent/Desktop/PD/Phospho-fill/Validation-allPDB/pdb_cache/2bfy.cif	TPO	TPO	OG1	CB	ok	1.502744686572816	113.43243196214165	-53.90666031021617	69.06018641848063	ARG:140	ARG	NH1	2.603630954231253	3.0	4.0	ARG:140	ARG	NH1	2.603630954231253	HOH:2121	O	3.058100822980688	2.0	25.0	salt_bridge_like			exposed				0.0	0.0		modified	1.502744686572816	34.94265170386679	76.64728503047272	same	toward				
P24941	2CCH	A	160	TPO_single	1	1	1.7	TPO	131		3	1-296	1-296	TPO	/mnt/c/Users/drpat/OneDrive - UGent/Desktop/PD/Phospho-fill/Validation-allPDB/pdb_cache/2cch.cif	TPO	TPO	OG1	CB	ok	1.6226705024232473	119.82993068479739	-68.60179726286265	57.78534560552764	ARG:126	ARG	NH2	2.7642315092505476	3.0	3.0	ARG:126	ARG	NH2	2.7642315092505476	HOH:2185	O	2.713052908627162	3.0	23.0	salt_bridge_like			exposed				0.0	0.0		modified	1.6226705024232473	37.61295517897459	67.38869793724346	same	toward				
P24941	2CJM	C	160	TPO_mixed_with_PTR	1	2	2.3	TPO	132		3	1-297	1-297	TPO	/mnt/c/Users/drpat/OneDrive - UGent/Desktop/PD/Phospho-fill/Validation-allPDB/pdb_cache/2cjm.cif	TPO	TPO	OG1	CB	ok	1.6296224715034477	121.80899042687953	-64.6876786073345	64.0196882664194	ARG:50	ARG	NH2	2.6898038014879835	3.0	3.0	ARG:50	ARG	NH2	2.6898038014879835	HOH:2072	O	4.112651133508801	0.0	20.0	salt_bridge_like			intermediate	PTR:15	PTR	11.39513083583981	0.0	1.0	PTR:15@11.40	modified	1.6296224715034477	23.21844478060684	73.66469287659525	same	toward				
P63086	2ERK	A	183	TPO_mixed_with_PTR	1	2	2.4	TPO	278		2	6-358	6-358	TPO	/mnt/c/Users/drpat/OneDrive - UGent/Desktop/PD/Phospho-fill/Validation-allPDB/pdb_cache/2erk.cif	TPO	TPO	OG1	CB	ok	1.5996201741662008	120.97647618855632	-81.1077387343795	50.4131909933535	ARG:146	ARG	NH2	2.627663253217268	3.0	4.0	ARG:146	ARG	NH2	2.627663253217268	HOH:544	O	3.0597039051862263	2.0	24.0	salt_bridge_like			exposed	PTR:185	PTR	15.594233039475807	0.0	0.0		modified	1.5996201741662008	56.663987305334906	81.34752400251242	same	toward				
P24941	2G9X	A	160	TPO_single	1	1	2.5	TPO	133		3	1-298	1-298	TPO	/mnt/c/Users/drpat/OneDrive - UGent/Desktop/PD/Phospho-fill/Validation-allPDB/pdb_cache/2g9x.cif	TPO	TPO	OG1	CB	ok	1.5975400579133037	122.59506832854713	-63.245832334913	58.37541820566694	ARG:126	ARG	NH1	2.6658201447421743	3.0	3.0	ARG:126	ARG	NH1	2.6658201447421743	HOH:304	O	4.713221276555306	0.0	23.0	salt_bridge_like			intermediate				0.0	0.0		modified	1.5975400579133037	51.805164333499896	32.01118294396486	same	toward				
P24941	2IW6	C	160	TPO_single	1	1	2.3	TPO	134		3	1-295	1-295	TPO	/mnt/c/Users/drpat/OneDrive - UGent/Desktop/PD/Phospho-fill/Validation-allPDB/pdb_cache/2iw6.cif	TPO	TPO	OG1	CB	ok	1.629837159599851	125.83548135414141	-74.88588747720759	47.041852772965285	ARG:126	ARG	NH1	2.710496836056692	3.0	3.0	ARG:126	ARG	NH1	2.710496836056692	HOH:2005	O	6.32060914340573	0.0	24.0	salt_bridge_like			buried				0.0	0.0		modified	1.629837159599851	54.63206788895595	76.003978453088	same	toward				
P24941	2IW8	A	160	TPO_single	1	1	2.3	TPO	135		3	1-297	1-297	TPO	/mnt/c/Users/drpat/OneDrive - UGent/Desktop/PD/Phospho-fill/Validation-allPDB/pdb_cache/2iw8.cif	TPO	TPO	OG1	CB	ok	1.6080174193601602	123.19140834510256	-68.49471482473824	53.962415222409994	ARG:126	ARG	NH2	2.6855440249364007	3.0	3.0	ARG:126	ARG	NH2	2.6855440249364007	HOH:2068	O	2.3066648372286593	2.0	23.0	salt_bridge_like			exposed				0.0	0.0		modified	1.6080174193601602	41.35000833900485	75.07567009991853	same	toward				
P24941	2IW9	A	160	TPO_single	1	1	2.0	TPO	136		3	1-37,42-297	1-37,42-297	TPO	/mnt/c/Users/drpat/OneDrive - UGent/Desktop/PD/Phospho-fill/Validation-allPDB/pdb_cache/2iw9.cif	TPO	TPO	OG1	CB	ok	1.6111364233050767	119.5613791940101	-67.46407624252232	53.92231420412418	ARG:126	ARG	NH1	2.8128958545718747	3.0	3.0	ARG:126	ARG	NH1	2.8128958545718747	HOH:2089	O	2.6218595728149134	3.0	23.0	salt_bridge_like			exposed				0.0	0.0		modified	1.6111364233050767	54.34003151847686	64.33794363094061	same	toward				
O43293	2J90	A	265	TPO_mixed_with_SEP	1	2	2.0	TPO	74		2	5-169,179-278	5-169,179-278	TPO	/mnt/c/Users/drpat/OneDrive - UGent/Desktop/PD/Phospho-fill/Validation-allPDB/pdb_cache/2j90.cif	TPO	TPO	OG1	CB	ok	1.640912679581549	119.19188771066685	-36.58480893581835	89.1218548062119	HIS:128	HIS	CD2	5.810839628319413	0.0	1.0	GLN:268	GLN	OE1	4.85963776963078	HOH:2188	O	2.974540308205248	1.0	19.0	water_mediated_like			intermediate	SEP:50	SEP	45.63337374679354	0.0	0.0		modified	1.640912679581549	56.99534226710998	60.18919358889814	same	toward				
P31751	2JDO	A	309	TPO_single	1	1	1.8	TPO	233		2	146-449,470-477	146-449,470-477	TPO	/mnt/c/Users/drpat/OneDrive - UGent/Desktop/PD/Phospho-fill/Validation-allPDB/pdb_cache/2jdo.cif	TPO	TPO	OG1	CB	ok	1.607695388657993	118.24390851229803	-58.02426510910833	56.19818918380326	ARG:274	ARG	NH1	2.766315286393693	2.0	3.0	ARG:274	ARG	NH1	2.766315286393693	HOH:2172	O	2.739782995087225	2.0	21.0	salt_bridge_like			exposed				0.0	0.0		modified	1.607695388657993	54.44719421779731	47.27162933141157	same	toward				
P31751	2JDR	A	309	TPO_single	1	1	2.3	TPO	234		2	146-449,470-477	146-449,470-477	TPO	/mnt/c/Users/drpat/OneDrive - UGent/Desktop/PD/Phospho-fill/Validation-allPDB/pdb_cache/2jdr.cif	TPO	TPO	OG1	CB	ok	1.5976046587188883	122.58464074897515	-63.643532666242116	59.45144110160386	ARG:274	ARG	NH2	2.834741422975261	2.0	3.0	ARG:274	ARG	NH2	2.834741422975261				0.0	22.0	salt_bridge_like			intermediate				0.0	0.0		modified	1.5976046587188883	52.27993185303161		same	toward				
Q9H2G2	2JFL	A	183	TPO_mixed_with_SEP	1	2	2.2	TPO	346		2	21-308	21-308	TPO	/mnt/c/Users/drpat/OneDrive - UGent/Desktop/PD/Phospho-fill/Validation-allPDB/pdb_cache/2jfl.cif	TPO	TPO	OG1	CB	ok	1.6215456389181848	121.08739584850657	-91.03820030260576	34.875346065494746	ARG:186	ARG	NE	2.6982266985296954	2.0	2.0	ARG:186	ARG	NE	2.6982266985296954	HOH:2068	O	4.846065337385998	0.0	16.0	salt_bridge_like			intermediate	SEP:189	SEP	11.30979058351602	0.0	1.0	SEP:189@11.31	modified	1.6215456389181848	41.51900638683559	102.39982598867357	same	toward				
Q9NWZ3	2NRU	B	345	TPO_mixed_with_SEP	1	2	2.0	TPO	351		4	163-458	163-458	TPO	/mnt/c/Users/drpat/OneDrive - UGent/Desktop/PD/Phospho-fill/Validation-allPDB/pdb_cache/2nru.cif	TPO	TPO	OG1	CB	ok	1.5327311609396987	136.27843534420828	-146.9310278517361	62.63891116875998	ARG:334	ARG	NH1	2.7465981390972463	1.0	3.0	ARG:334	ARG	NH1	2.7465981390972463	HOH:634	O	2.953701621880311	1.0	22.0	salt_bridge_like			intermediate	SEP:346	SEP	5.992048228172992	1.0	1.0	SEP:346@5.99	modified	1.5327311609396987	58.142955771548294	97.26676015021678	same	toward				
Q9NWZ3	2NRY	A	345	TPO_single	1	1	2.15	TPO	352		4	164-217,221-336,342-458	164-217,221-336,342-458	TPO	/mnt/c/Users/drpat/OneDrive - UGent/Desktop/PD/Phospho-fill/Validation-allPDB/pdb_cache/2nry.cif	TPO	TPO	OG1	CB	ok	1.6351636328529964	131.16489329022494	91.72084874207944	-134.40412572379202	ARG:334	ARG	NH1	2.895519607049117	2.0	3.0	ARG:334	ARG	NH1	2.895519607049117				0.0	19.0	salt_bridge_like			intermediate				0.0	0.0		modified	1.6351636328529964	64.06939370419146		opposite	lateral				
Q9NWZ3	2O8Y	A	342	TPO_only_multi_2	2	2	2.4	TPO	353		4	165-215,226-336,342-459	165-215,226-336,342-459	TPO,TPO	/mnt/c/Users/drpat/OneDrive - UGent/Desktop/PD/Phospho-fill/Validation-allPDB/pdb_cache/2o8y.cif	TPO	TPO	OG1	CB	ok	1.5895519109166347	118.86522541075271	-81.33962562766553	39.640237709470135	LYS:367	LYS	NZ	2.815163692798341	2.0	2.0	LYS:367	LYS	NZ	2.815163692798341	HOH:484	O	7.204985095413485	0.0	14.0	salt_bridge_like			intermediate	TPO:345	TPO	15.372556544697142	0.0	0.0		modified	1.5895519109166347	43.03909804247183	53.9379442187416	same	toward				
Q9NWZ3	2O8Y	A	345	TPO_only_multi_2	2	2	2.4	TPO	353		4	165-215,226-336,342-459	165-215,226-336,342-459	TPO,TPO	/mnt/c/Users/drpat/OneDrive - UGent/Desktop/PD/Phospho-fill/Validation-allPDB/pdb_cache/2o8y.cif	TPO	TPO	OG1	CB	ok	1.5786419187059966	118.79143489790766	-81.0092661688745	39.65837137146445	ARG:334	ARG	NH2	2.6172068441801977	1.0	3.0	ARG:334	ARG	NH2	2.6172068441801977				0.0	22.0	salt_bridge_like			intermediate	TPO:342	TPO	15.372556544697142	0.0	0.0		modified	1.5786419187059966	42.93330950856935		same	toward				
Q9NWZ3	2OIB	D	342	TPO_mixed_with_SEP	2	3	2.0	TPO	354		4	162-187,189-215,222-459	162-187,189-215,222-459	TPO,TPO	/mnt/c/Users/drpat/OneDrive - UGent/Desktop/PD/Phospho-fill/Validation-allPDB/pdb_cache/2oib.cif	TPO	TPO	OG1	CB	ok	1.610114566561779	121.34673575213783	-70.89239236833694	52.39537633988067	LYS:441	LYS	NZ	2.627533725232159	2.0	2.0	LYS:441	LYS	NZ	2.627533725232159	HOH:2086	O	3.052517161519762	1.0	16.0	salt_bridge_like			intermediate	TPO:345	TPO	15.569211724964465	0.0	0.0		modified	1.610114566561779	67.6365192955472	86.75317812060379	opposite	lateral				
Q9NWZ3	2OIB	D	345	TPO_mixed_with_SEP	2	3	2.0	TPO	354		4	162-187,189-215,222-459	162-187,189-215,222-459	TPO,TPO	/mnt/c/Users/drpat/OneDrive - UGent/Desktop/PD/Phospho-fill/Validation-allPDB/pdb_cache/2oib.cif	TPO	TPO	OG1	CB	ok	1.6247882303069068	125.89585229826358	-108.39362737498531	15.201428155085608	ARG:334	ARG	NH2	2.7047616597079838	2.0	3.0	ARG:334	ARG	NH2	2.7047616597079838	HOH:1087	O	2.811133412711071	1.0	24.0	salt_bridge_like			buried	SEP:346	SEP	6.645196849799127	1.0	1.0	SEP:346@6.65	modified	1.6247882303069068	48.68522276459562	91.7154416982371	same	toward				
Q9NWZ3	2OIC	D	342	TPO_mixed_with_SEP	2	3	2.4	TPO	356		4	161-215,226-337,340-459	161-215,226-337,340-459	TPO,TPO	/mnt/c/Users/drpat/OneDrive - UGent/Desktop/PD/Phospho-fill/Validation-allPDB/pdb_cache/2oic.cif	TPO	TPO	OG1	CB	ok	1.615926936494034	122.3430098411149	-47.22716846141923	77.37608372170048	LYS:441	LYS	NZ	2.800199668007429	2.0	2.0	LYS:441	LYS	NZ	2.800199668007429				0.0	24.0	salt_bridge_like			buried	TPO:345	TPO	15.183750562697231	0.0	0.0		modified	1.615926936494034	48.264279793192664		same	toward				
Q9NWZ3	2OIC	D	345	TPO_mixed_with_SEP	2	3	2.4	TPO	356		4	161-215,226-337,340-459	161-215,226-337,340-459	TPO,TPO	/mnt/c/Users/drpat/OneDrive - UGent/Desktop/PD/Phospho-fill/Validation-allPDB/pdb_cache/2oic.cif	TPO	TPO	OG1	CB	ok	1.6098156292472596	122.339427566197	-94.56407859223233	29.95644461715471	ARG:334	ARG	NH1	3.004097737603186	2.0	3.0	ARG:334	ARG	NH1	3.004097737603186	HOH:2149	O	7.70744939683352	0.0	23.0	salt_bridge_like			intermediate	SEP:346	SEP	6.1747991827213395	1.0	1.0	SEP:346@6.17	modified	1.6098156292472596	51.35352428511947	113.97885518369195	same	toward				
Q9NWZ3	2OID	D	342	TPO_mixed_with_SEP	2	3	2.3	TPO	358		4	164-195,197-215,231-337,341-459	164-195,197-215,231-337,341-459	TPO,TPO	/mnt/c/Users/drpat/OneDrive - UGent/Desktop/PD/Phospho-fill/Validation-allPDB/pdb_cache/2oid.cif	TPO	TPO	OG1	CB	ok	1.615390897297136	120.86544878102164	-61.028410292797886	62.655240038834854	LYS:441	LYS	NZ	2.464975032935471	2.0	2.0	LYS:441	LYS	NZ	2.464975032935471	HOH:1165	O	7.982336491005949	0.0	17.0	salt_bridge_like			intermediate	TPO:345	TPO	15.030290131887641	0.0	0.0		modified	1.615390897297136	60.33886885407398	91.70992287434245	opposite	lateral				
Q9NWZ3	2OID	D	345	TPO_mixed_with_SEP	2	3	2.3	TPO	358		4	164-195,197-215,231-337,341-459	164-195,197-215,231-337,341-459	TPO,TPO	/mnt/c/Users/drpat/OneDrive - UGent/Desktop/PD/Phospho-fill/Validation-allPDB/pdb_cache/2oid.cif	TPO	TPO	OG1	CB	ok	1.617316308332728	124.15760329845979	-72.16761615445297	52.06077583896328	ARG:334	ARG	NH2	2.741511750940198	2.0	3.0	ARG:334	ARG	NH2	2.741511750940198	HOH:2120	O	6.65277003085529	0.0	25.0	salt_bridge_like			buried	SEP:346	SEP	6.171968218895402	1.0	1.0	SEP:346@6.17	modified	1.617316308332728	40.53962489619601	53.21926820465999	same	toward				
P31751	2UW9	A	309	TPO_single	1	1	2.1	TPO	235		2	146-449,470-477	146-449,470-477	TPO	/mnt/c/Users/drpat/OneDrive - UGent/Desktop/PD/Phospho-fill/Validation-allPDB/pdb_cache/2uw9.cif	TPO	TPO	OG1	CB	ok	1.6274259078206845	119.36071021549554	-59.05550451630888	57.4170689910078	ARG:274	ARG	NH1	2.8204756461660905	2.0	3.0	ARG:274	ARG	NH1	2.8204756461660905	HOH:2077	O	2.6035019228892975	3.0	21.0	salt_bridge_like			exposed				0.0	0.0		modified	1.6274259078206845	57.73406793122137	75.18059933008755	same	toward				
P24941	2UZE	C	160	TPO_single	1	1	2.4	TPO	137		3	1-297	1-297	TPO	/mnt/c/Users/drpat/OneDrive - UGent/Desktop/PD/Phospho-fill/Validation-allPDB/pdb_cache/2uze.cif	TPO	TPO	OG1	CB	ok	1.616548025928305	141.1380138999044	-115.19491669821802	94.90907057462157	ARG:126	ARG	NH2	2.6157588391569364	3.0	3.0	ARG:126	ARG	NH2	2.6157588391569364	HOH:2042	O	2.3185781790547235	1.0	24.0	salt_bridge_like			buried				0.0	0.0		modified	1.616548025928305	35.8634328698582	75.07322514061045	same	toward				
P24941	2UZL	A	160	TPO_single	1	1	2.4	TPO	138		3	1-297	1-297	TPO	/mnt/c/Users/drpat/OneDrive - UGent/Desktop/PD/Phospho-fill/Validation-allPDB/pdb_cache/2uzl.cif	TPO	TPO	OG1	CB	ok	1.60485557220148	133.51364939355435	-94.18453782963965	127.16345699393793	ARG:126	ARG	NH2	2.6104365866972294	3.0	3.0	ARG:126	ARG	NH2	2.6104365866972294	HOH:2046	O	2.7493583498591887	1.0	22.0	salt_bridge_like			intermediate				0.0	0.0		modified	1.60485557220148	35.017428775351405	73.98266758036803	same	toward				
P49759	2VAG	A	342	TPO_mixed_with_SEP	1	2	1.8	TPO	267		2	148-306,310-481	148-306,310-481	TPO	/mnt/c/Users/drpat/OneDrive - UGent/Desktop/PD/Phospho-fill/Validation-allPDB/pdb_cache/2vag.cif	TPO	TPO	OG1	CB	ok	1.625222438128488	119.6232427575029	-64.20863686818932	58.121709312168285	ARG:343	ARG	NH1	6.435705529014591	0.0	0.0	ARG:343	ARG	NH1	6.435705529014591	HOH:2027	O	4.7778475828351095	0.0	8.0	none_obvious			intermediate	SEP:341	SEP	5.852212452235291	1.0	1.0	SEP:341@5.85	modified	1.625222438128488	95.18687294023617	36.39306447006507	same	lateral				
Q6DE08	2VGO	B	248	TPO_single	1	1	1.7	TPO	309		1	78-131,134-357	78-131,134-357	TPO	/mnt/c/Users/drpat/OneDrive - UGent/Desktop/PD/Phospho-fill/Validation-allPDB/pdb_cache/2vgo.cif	TPO	TPO	OG1	CB	ok	1.6033749915517959	120.39749898156482	-58.89259571013185	63.03624169720578	ARG:215	ARG	NH1	2.7258581890072953	3.0	4.0	ARG:215	ARG	NH1	2.7258581890072953	HOH:2039	O	2.8338336932968415	4.0	26.0	salt_bridge_like			exposed				0.0	0.0		modified	1.6033749915517959	58.34669831884332	51.67206525454068	same	toward				
Q6DE08	2VGP	B	248	TPO_single	1	1	1.7	TPO	310		1	78-355	78-355	TPO	/mnt/c/Users/drpat/OneDrive - UGent/Desktop/PD/Phospho-fill/Validation-allPDB/pdb_cache/2vgp.cif	TPO	TPO	OG1	CB	ok	1.5926741444380104	120.22845529721668	-56.057485100825936	66.08084429472513	ARG:215	ARG	NH1	2.749671768060214	3.0	4.0	ARG:215	ARG	NH1	2.749671768060214	HOH:2208	O	2.6989124725597287	4.0	25.0	salt_bridge_like			exposed				0.0	0.0		modified	1.5926741444380104	59.48000681335199	79.81988064095579	same	toward				
Q6DE08	2VRX	B	248	TPO_single	1	1	1.86	TPO	311		1	77-100,105-355	77-100,105-355	TPO	/mnt/c/Users/drpat/OneDrive - UGent/Desktop/PD/Phospho-fill/Validation-allPDB/pdb_cache/2vrx.cif	TPO	TPO	OG1	CB	ok	1.6018690065370025	120.47895821832435	-58.69365735178784	65.6631928980317	ARG:215	ARG	NH1	2.6796419100993965	3.0	4.0	ARG:215	ARG	NH1	2.6796419100993965	HOH:2156	O	2.9323064190675234	3.0	25.0	salt_bridge_like			exposed				0.0	0.0		modified	1.6018690065370025	57.227727940545535	84.57417062298417	same	toward				
O34952	2W8D	B	297	TPO_single	1	1	2.35	TPO	73		1	215-635	215-635	TPO	/mnt/c/Users/drpat/OneDrive - UGent/Desktop/PD/Phospho-fill/Validation-allPDB/pdb_cache/2w8d.cif	TPO	TPO	OG1	CB	ok	1.6251455575176281	126.3280111552167	-70.15059098308078	50.12165864218358	HIS:412	HIS	NE2	2.7015664924344707	2.0	3.0	HIS:412	HIS	NE2	2.7015664924344707	HOH:2020	O	2.5447321472765916	3.0	30.0	salt_bridge_like			exposed				0.0	0.0		modified	1.6251455575176281	40.452294477746996	75.5627849027376	same	toward				
O14965	2WTV	A	287	TPO_only_multi_2	2	2	2.4	TPO	24		2	125-389	125-389	TPO,TPO	/mnt/c/Users/drpat/OneDrive - UGent/Desktop/PD/Phospho-fill/Validation-allPDB/pdb_cache/2wtv.cif	TPO	TPO	OG1	CB	ok	1.5990286875830069	117.96382488956226	42.383480017283595	-78.15896816827296					0.0	0.0	TYR:334	TYR	OH	2.6212937644438163	HOH:2116	O	2.7118687586578787	1.0	20.0	hbond_like			intermediate	TPO:288	TPO	6.341576159414175	1.0	1.0	TPO:288@6.34	modified	1.5990286875830069		75.83466470642172						
O14965	2WTV	A	288	TPO_only_multi_2	2	2	2.4	TPO	24		2	125-389	125-389	TPO,TPO	/mnt/c/Users/drpat/OneDrive - UGent/Desktop/PD/Phospho-fill/Validation-allPDB/pdb_cache/2wtv.cif	TPO	TPO	OG1	CB	ok	1.604073857359814	119.57835620877388	-59.06069203801902	60.082189603959634	HIS:280	HIS	ND1	2.603429795683051	2.0	2.0	HIS:280	HIS	ND1	2.603429795683051	HOH:2116	O	5.021054216533995	0.0	26.0	salt_bridge_like			buried	TPO:287	TPO	6.341576159414175	1.0	1.0	TPO:287@6.34	modified	1.604073857359814	24.645309828303013	56.11613327598784	same	toward				
P31751	2X39	A	309	TPO_single	1	1	1.93	TPO	236		2	146-449,470-477	146-449,470-477	TPO	/mnt/c/Users/drpat/OneDrive - UGent/Desktop/PD/Phospho-fill/Validation-allPDB/pdb_cache/2x39.cif	TPO	TPO	OG1	CB	ok	1.605059654522921	120.06988747179345	-63.353886120619826	61.01584460610221	ARG:274	ARG	NH1	2.6620622805874916	2.0	3.0	ARG:274	ARG	NH1	2.6620622805874916	HOH:2117	O	2.986364355400448	1.0	21.0	salt_bridge_like			intermediate				0.0	0.0		modified	1.605059654522921	54.91496088465894	50.420351326065564	same	toward				
O00506	2XIK	A	174	TPO_single	1	1	1.97	TPO	21		1	3-57,59-292	3-57,59-292	TPO	/mnt/c/Users/drpat/OneDrive - UGent/Desktop/PD/Phospho-fill/Validation-allPDB/pdb_cache/2xik.cif	TPO	TPO	OG1	CB	ok	1.5787565630103864	117.98696672002536	-52.54042732180983	68.27823792377073	ARG:139	ARG	NH2	2.4972484886172532	2.0	2.0	ARG:139	ARG	NH2	2.4972484886172532	HOH:2070	O	2.6165064726215825	4.0	19.0	salt_bridge_like			exposed				0.0	0.0		modified	1.5787565630103864	58.43468551899854	22.59965712359956	same	toward				
P23443	3A62	A	252	TPO_single	1	1	2.35	TPO	104		4	85-127,142-240,251-372	85-127,142-240,251-372	TPO	/mnt/c/Users/drpat/OneDrive - UGent/Desktop/PD/Phospho-fill/Validation-allPDB/pdb_cache/3a62.cif	TPO	TPO	OG1	CB	ok	1.5589974163204081	118.45507818457206	-69.54811125822879	53.497743895179354	ARG:267	ARG	NH1	3.000465950012301	2.0	2.0	ARG:267	ARG	NH1	3.000465950012301	HOH:29	O	4.647168452011303	0.0	20.0	salt_bridge_like			intermediate				0.0	0.0		modified	1.5589974163204081	45.6550193303882	80.65235244828636	same	toward				
P24941	3BHT	A	160	TPO_single	1	1	2.0	TPO	139		3	1-38,41-298	1-38,41-298	TPO	/mnt/c/Users/drpat/OneDrive - UGent/Desktop/PD/Phospho-fill/Validation-allPDB/pdb_cache/3bht.cif	TPO	TPO	OG1	CB	ok	1.5772932680986174	123.40407266075889	-79.5515693438424	48.14478223692206	ARG:150	ARG	NE	2.759741823566673	3.0	3.0	ARG:150	ARG	NE	2.759741823566673	HOH:439	O	2.6731332952471054	3.0	23.0	salt_bridge_like			exposed				0.0	0.0		modified	1.5772932680986174	28.420438514596942	77.22592264609476	same	toward				
P24941	3BHU	A	160	TPO_single	1	1	2.3	TPO	140		3	1-38,41-298	1-38,41-298	TPO	/mnt/c/Users/drpat/OneDrive - UGent/Desktop/PD/Phospho-fill/Validation-allPDB/pdb_cache/3bhu.cif	TPO	TPO	OG1	CB	ok	1.6055035243025373	123.89371223883266	-71.33924698000679	49.211744356323685	ARG:150	ARG	NE	2.5832420524432638	3.0	3.0	ARG:150	ARG	NE	2.5832420524432638	HOH:444	O	2.659851218314794	3.0	23.0	salt_bridge_like			exposed				0.0	0.0		modified	1.6055035243025373	31.883598495100948	64.22929103876409	same	toward				
P24941	3BHV	A	160	TPO_single	1	1	2.1	TPO	141		3	1-38,41-298	1-38,41-298	TPO	/mnt/c/Users/drpat/OneDrive - UGent/Desktop/PD/Phospho-fill/Validation-allPDB/pdb_cache/3bhv.cif	TPO	TPO	OG1	CB	ok	1.557115395764937	122.18998286108913	-73.76871609059485	57.06276195841249	ARG:126	ARG	NH2	2.7727561777941307	3.0	3.0	ARG:126	ARG	NH2	2.7727561777941307	HOH:441	O	2.6518070503975313	3.0	23.0	salt_bridge_like			exposed				0.0	0.0		modified	1.557115395764937	36.80435941536226	71.01760495546891	same	toward				
P50750	3BLH	A	186	TPO_single	1	1	2.48	TPO	272		2	8-50,55-87,98-176,182-259,267-325	8-50,55-87,98-176,182-259,267-325	TPO	/mnt/c/Users/drpat/OneDrive - UGent/Desktop/PD/Phospho-fill/Validation-allPDB/pdb_cache/3blh.cif	TPO	TPO	OG1	CB	ok	1.6098925726078182	123.71151354453251	44.37109696200894	-78.26385553675534	ARG:172	ARG	NH1	2.8967171607744295	3.0	4.0	ARG:172	ARG	NH1	2.8967171607744295	HOH:355	O	4.152121013731956	0.0	18.0	salt_bridge_like			intermediate				0.0	0.0		modified	1.6098925726078182	40.96011748414679	18.46541227425676	same	toward				
Q13043	3COM	B	177	TPO_only_multi_2	2	2	2.2	TPO	282		2	16-37,42-300	16-37,42-300	TPO,TPO	/mnt/c/Users/drpat/OneDrive - UGent/Desktop/PD/Phospho-fill/Validation-allPDB/pdb_cache/3com.cif	TPO	TPO	OG1	CB	ok	1.6187124818250265	125.30916592731809	-30.49625439124857	89.63287616534383	ARG:181	ARG	NH2	6.385693683296414	0.0	0.0	THR:175	THR	OG1	3.2016395119247956	HOH:424	O	5.144992461676792	0.0	10.0	hbond_like			intermediate	TPO:183	TPO	12.444994915165982	0.0	0.0		modified	1.6187124818250265	70.89524049124469	43.621512506886624	same	lateral				
Q13043	3COM	B	183	TPO_only_multi_2	2	2	2.2	TPO	282		2	16-37,42-300	16-37,42-300	TPO,TPO	/mnt/c/Users/drpat/OneDrive - UGent/Desktop/PD/Phospho-fill/Validation-allPDB/pdb_cache/3com.cif	TPO	TPO	OG1	CB	ok	1.6142419512425292	119.91345646028888	-58.002760543763344	62.799423605353184	ARG:148	ARG	NH1	2.747741320900223	2.0	2.0	ARG:148	ARG	NH1	2.747741320900223	HOH:429	O	2.627610583190467	3.0	21.0	salt_bridge_like			exposed	TPO:177	TPO	12.444994915165982	0.0	0.0		modified	1.6142419512425292	56.70926658133617	61.58833897561779	same	toward				
P31749	3CQU	A	308	TPO_single	1	1	2.2	TPO	219		3	144-446,463-478	144-446,463-478	TPO	/mnt/c/Users/drpat/OneDrive - UGent/Desktop/PD/Phospho-fill/Validation-allPDB/pdb_cache/3cqu.cif	TPO	TPO	OG1	CB	ok	1.585491366341051	121.07092486109711	-43.17939577074593	77.52960335017725	ARG:273	ARG	NH2	2.803044638982982	2.0	2.0	ARG:273	ARG	NH2	2.803044638982982	HOH:1023	O	3.0867398174202645	2.0	21.0	salt_bridge_like			exposed				0.0	0.0		modified	1.585491366341051	64.77725722226987	59.78118937762708	same	lateral				
P31749	3CQW	A	308	TPO_single	1	1	2.0	TPO	220		3	144-447,464-478	144-447,464-478	TPO	/mnt/c/Users/drpat/OneDrive - UGent/Desktop/PD/Phospho-fill/Validation-allPDB/pdb_cache/3cqw.cif	TPO	TPO	OG1	CB	ok	1.6212224106773956	117.09504176287632	-62.260212658005436	61.79371592132123	ARG:273	ARG	NH1	2.874443609534319	2.0	2.0	ARG:273	ARG	NH1	2.874443609534319	HOH:1055	O	4.55468458603051	0.0	21.0	salt_bridge_like			intermediate				0.0	0.0		modified	1.6212224106773956	52.298366788517235	70.91452470280481	same	toward				
P31751	3D0E	A	309	TPO_only_multi_2	2	2	2.0	TPO	237		2	146-454,466-480	146-454,466-480	TPO,TPO	/mnt/c/Users/drpat/OneDrive - UGent/Desktop/PD/Phospho-fill/Validation-allPDB/pdb_cache/3d0e.cif	TPO	TPO	OG1	CB	ok	1.6106529034310322	119.33669551734376	-60.045356265109284	63.15933278261162	HIS:196	HIS	NE2	2.7876098537705714	3.0	3.0	HIS:196	HIS	NE2	2.7876098537705714	HOH:630	O	2.710677236195649	2.0	24.0	salt_bridge_like			exposed	TPO:451	TPO	27.407330086013154	0.0	0.0		modified	1.6106529034310322	65.80420191515587	69.60295970117588	same	lateral				
P31751	3D0E	A	451	TPO_only_multi_2	2	2	2.0	TPO	237		2	146-454,466-480	146-454,466-480	TPO,TPO	/mnt/c/Users/drpat/OneDrive - UGent/Desktop/PD/Phospho-fill/Validation-allPDB/pdb_cache/3d0e.cif	TPO	TPO	OG1	CB	ok	1.6142365465650446	121.59663968505731	-69.82841047201381	53.2377370395009	LYS:165	LYS	NZ	3.5794448565796717	2.0	4.0	LYS:165	LYS	NZ	3.5794448565796717	HOH:496	O	4.1210097174453795	0.0	22.0	none_obvious			intermediate	TPO:309	TPO	27.407330086013154	0.0	0.0		modified	1.6142365465650446	33.97342764813118	23.00726385487706	same	toward				
P24941	3DDQ	A	160	TPO_single	1	1	1.8	TPO	142		3	1-38,41-298	1-38,41-298	TPO	/mnt/c/Users/drpat/OneDrive - UGent/Desktop/PD/Phospho-fill/Validation-allPDB/pdb_cache/3ddq.cif	TPO	TPO	OG1	CB	ok	1.6124479705081602	121.24913969853866	-68.24962682851722	54.69735387994311	ARG:126	ARG	NH1	2.790012260538282	3.0	3.0	ARG:126	ARG	NH1	2.790012260538282	HOH:386	O	2.643363354287921	3.0	23.0	salt_bridge_like			exposed				0.0	0.0		modified	1.6124479705081602	54.0137966606898	74.6817450270857	same	toward				
O14965	3E5A	A	288	TPO_single	1	1	2.3	TPO	25		2	125-389	125-389	TPO	/mnt/c/Users/drpat/OneDrive - UGent/Desktop/PD/Phospho-fill/Validation-allPDB/pdb_cache/3e5a.cif	TPO	TPO	OG1	CB	ok	1.639109742433915	118.8610949371839	-50.54521822151044	69.90350422093799	ARG:255	ARG	NH1	2.653344673670075	3.0	4.0	ARG:255	ARG	NH1	2.653344673670075	HOH:44	O	3.743304982838455	1.0	26.0	salt_bridge_like			buried				0.0	0.0		modified	1.639109742433915	60.05996885073309	120.64621539436544	same	lateral				
P31751	3E87	A	309	TPO_only_multi_2	2	2	2.3	TPO	238		2	146-453,466-480	146-453,466-480	TPO,TPO	/mnt/c/Users/drpat/OneDrive - UGent/Desktop/PD/Phospho-fill/Validation-allPDB/pdb_cache/3e87.cif	TPO	TPO	OG1	CB	ok	1.6074108530531963	121.15596188568549	-61.03395966393067	61.04492100435796	LYS:298	LYS	NZ	2.8397560913013815	2.0	3.0	LYS:298	LYS	NZ	2.8397560913013815	HOH:30	O	2.7119077629907364	1.0	22.0	salt_bridge_like			intermediate	TPO:451	TPO	28.53927717807093	0.0	0.0		modified	1.6074108530531963	18.37136053133925	48.96150700878949	same	toward				
P31751	3E87	A	451	TPO_only_multi_2	2	2	2.3	TPO	238		2	146-453,466-480	146-453,466-480	TPO,TPO	/mnt/c/Users/drpat/OneDrive - UGent/Desktop/PD/Phospho-fill/Validation-allPDB/pdb_cache/3e87.cif	TPO	TPO	OG1	CB	ok	1.6141375428368896	122.9821406792572	-84.60239300575198	37.980729091492584	LYS:165	LYS	NZ	2.853713310906353	2.0	4.0	LYS:165	LYS	NZ	2.853713310906353				0.0	22.0	salt_bridge_like			intermediate	TPO:309	TPO	28.53927717807093	0.0	0.0		modified	1.6141375428368896	23.662647907361595		same	toward				
P31751	3E88	A	309	TPO_only_multi_2	2	2	2.5	TPO	239		2	146-451,466-480	146-451,466-480	TPO,TPO	/mnt/c/Users/drpat/OneDrive - UGent/Desktop/PD/Phospho-fill/Validation-allPDB/pdb_cache/3e88.cif	TPO	TPO	OG1	CB	ok	1.6028823363977462	120.65998234191	-67.80586150921924	54.45674498435462	LYS:298	LYS	NZ	2.7288987347593308	3.0	3.0	LYS:298	LYS	NZ	2.7288987347593308	HOH:17	O	2.588451866612694	1.0	24.0	salt_bridge_like			buried	TPO:451	TPO	28.21676273596045	0.0	0.0		modified	1.6028823363977462	19.44211584338027	47.23428175513381	same	toward				
P31751	3E88	A	451	TPO_only_multi_2	2	2	2.5	TPO	239		2	146-451,466-480	146-451,466-480	TPO,TPO	/mnt/c/Users/drpat/OneDrive - UGent/Desktop/PD/Phospho-fill/Validation-allPDB/pdb_cache/3e88.cif	TPO	TPO	OG1	CB	ok	1.6169829359608054	121.62888328738393	-71.05300308468998	51.38982026109732	LYS:165	LYS	NZ	2.7292489658390466	3.0	3.0	LYS:165	LYS	NZ	2.7292489658390466				0.0	19.0	salt_bridge_like			intermediate	TPO:309	TPO	28.21676273596045	0.0	0.0		modified	1.6169829359608054	32.46306942001284		same	toward				
Q13153	3FXZ	A	423	TPO_single	1	1	1.64	TPO	286		1	249-541	249-541	TPO	/mnt/c/Users/drpat/OneDrive - UGent/Desktop/PD/Phospho-fill/Validation-allPDB/pdb_cache/3fxz.cif	TPO	TPO	OG1	CB	ok	1.610913673139349	123.09658056397193	-67.65909576836495	54.85665051043218	ARG:388	ARG	NH1	2.9126491634094007	2.0	2.0	ARG:388	ARG	NH1	2.9126491634094007	HOH:230	O	2.448396960651282	1.0	21.0	salt_bridge_like			intermediate				0.0	0.0		modified	1.610913673139349	59.0840075025009	68.05188917799872	same	toward				
Q13153	3FY0	A	423	TPO_single	1	1	2.35	TPO	287		1	249-541	249-541	TPO	/mnt/c/Users/drpat/OneDrive - UGent/Desktop/PD/Phospho-fill/Validation-allPDB/pdb_cache/3fy0.cif	TPO	TPO	OG1	CB	ok	1.617163972075225	122.89977670108767	-63.049888581589435	57.75750284112634	ARG:388	ARG	NH1	2.924426321322247	2.0	2.0	ARG:388	ARG	NH1	2.924426321322247	HOH:81	O	2.7121243645860527	2.0	23.0	salt_bridge_like			exposed				0.0	0.0		modified	1.617163972075225	53.19602787192816	56.63816884661266	same	toward				
O14965	3HA6	A	287	TPO_only_multi_2	2	2	2.36	TPO	26		2	125-388	125-388	TPO,TPO	/mnt/c/Users/drpat/OneDrive - UGent/Desktop/PD/Phospho-fill/Validation-allPDB/pdb_cache/3ha6.cif	TPO	TPO	OG1	CB	ok	1.6484312993441548	118.9582775810643	-29.43455421519194	92.06116550213738	ARG:286	ARG	NH2	6.375397511569034	0.0	0.0	ARG:286	ARG	NH2	6.375397511569034	HOH:5	O	7.205296656509967	0.0	4.0	none_obvious			intermediate	TPO:288	TPO	6.65723534952037	1.0	1.0	TPO:288@6.66	modified	1.6484312993441548	107.2215910280278	134.32010499686714	opposite	lateral				
O14965	3HA6	A	288	TPO_only_multi_2	2	2	2.36	TPO	26		2	125-388	125-388	TPO,TPO	/mnt/c/Users/drpat/OneDrive - UGent/Desktop/PD/Phospho-fill/Validation-allPDB/pdb_cache/3ha6.cif	TPO	TPO	OG1	CB	ok	1.6369667067934879	114.65482448301843	-38.98936748329503	84.01140127568569	ARG:255	ARG	NH1	2.359576827318397	3.0	5.0	ARG:255	ARG	NH1	2.359576827318397	HOH:392	O	4.65536771791337	0.0	28.0	salt_bridge_like			buried	TPO:287	TPO	6.65723534952037	1.0	1.0	TPO:287@6.66	modified	1.6369667067934879	49.08827263797322	42.199948370132276	same	toward				
Q818Z9	3M8W	A	85	TPO_single	1	1	1.85	TPO	321		1	2-392	2-392	TPO	/mnt/c/Users/drpat/OneDrive - UGent/Desktop/PD/Phospho-fill/Validation-allPDB/pdb_cache/3m8w.cif	TPO	TPO	OG1	CB	ok	1.6214861985439766	121.65401159326301	-26.637895023957114	96.65398403664636	HIS:339	HIS	NE2	2.77337954972729	1.0	4.0	ASP:156	ASP	OD2	2.609324214414466	HOH:526	O	3.1093663038187698	4.0	28.0	salt_bridge_like			exposed				0.0	0.0		modified	1.6214861985439766	71.22046951928621	65.16280171313427	same	lateral				
Q818Z9	3M8Y	A	85	TPO_single	1	1	2.1	TPO	322		1	2-392	2-392	TPO	/mnt/c/Users/drpat/OneDrive - UGent/Desktop/PD/Phospho-fill/Validation-allPDB/pdb_cache/3m8y.cif	TPO	TPO	OG1	CB	ok	1.600090997762857	126.16776001808324	12.806034227875738	133.83811800178017	LYS:240	LYS	NZ	2.729518593823574	3.0	5.0	ASP:13	ASP	OD1	2.701484708497749	HOH:456	O	2.9371291971653988	3.0	29.0	salt_bridge_like			exposed				0.0	0.0		modified	1.600090997762857	35.8624693493931	66.00034595713701	same	toward				
Q818Z9	3M8Z	A	85	TPO_single	1	1	1.8	TPO	323		1	2-392	2-392	TPO	/mnt/c/Users/drpat/OneDrive - UGent/Desktop/PD/Phospho-fill/Validation-allPDB/pdb_cache/3m8z.cif	TPO	TPO	OG1	CB	ok	1.6085243917763403	121.79041463923252	-28.126183027588947	92.59220466683082	HIS:339	HIS	CE1	3.186835856009488	1.0	4.0	THR:85	THR	OG1	1.7680738160630085	HOH:709	O	3.3536562383395445	1.0	48.0	salt_bridge_like			buried				0.0	0.0		modified	1.6085243917763403	80.56522219987384	70.28519387627765	same	lateral				
P50750	3MI9	A	186	TPO_single	1	1	2.1	TPO	273		2	8-88,97-344	8-88,97-344	TPO	/mnt/c/Users/drpat/OneDrive - UGent/Desktop/PD/Phospho-fill/Validation-allPDB/pdb_cache/3mi9.cif	TPO	TPO	OG1	CB	ok	1.6224534442932903	111.20347971770668	-62.293173645704336	57.03293908154763	ARG:148	ARG	NH2	2.6681663260444637	3.0	3.0	ARG:148	ARG	NH2	2.6681663260444637	HOH:397	O	2.6003932802871903	2.0	21.0	salt_bridge_like			exposed				0.0	0.0		modified	1.6224534442932903	35.63152572406889	57.80584436224609	same	toward				
P31749	3MV5	A	308	TPO_single	1	1	2.47	TPO	221		3	144-447,466-477	144-447,466-477	TPO	/mnt/c/Users/drpat/OneDrive - UGent/Desktop/PD/Phospho-fill/Validation-allPDB/pdb_cache/3mv5.cif	TPO	TPO	OG1	CB	ok	1.592190813409625	123.92469414629522	-71.42979220509979	50.303273769299096	ARG:273	ARG	NH2	2.74821673783178	2.0	2.0	ARG:273	ARG	NH2	2.74821673783178	HOH:13	O	6.75589867722659	0.0	22.0	salt_bridge_like			intermediate				0.0	0.0		modified	1.592190813409625	55.04177121512157	170.56423144047545	same	toward				
P31749	3MVH	A	308	TPO_single	1	1	2.01	TPO	222		3	145-445,466-476	145-445,466-476	TPO	/mnt/c/Users/drpat/OneDrive - UGent/Desktop/PD/Phospho-fill/Validation-allPDB/pdb_cache/3mvh.cif	TPO	TPO	OG1	CB	ok	1.6551523506418668	115.08101628098665	-64.27581326221126	56.056350522067966	ARG:273	ARG	NH2	2.6705188774525808	2.0	2.0	ARG:273	ARG	NH2	2.6705188774525808	HOH:1059	O	2.6223727044648846	4.0	21.0	salt_bridge_like			exposed				0.0	0.0		modified	1.6551523506418668	49.431454567861095	54.15367181119307	same	toward				
P24941	3MY5	A	160	TPO_single	1	1	2.1	TPO	143		3	1-37,41-298	1-37,41-298	TPO	/mnt/c/Users/drpat/OneDrive - UGent/Desktop/PD/Phospho-fill/Validation-allPDB/pdb_cache/3my5.cif	TPO	TPO	OG1	CB	ok	1.6176119190969906	122.5717457977918	-71.77863749787839	50.72749239796795	ARG:126	ARG	NH2	2.703149948429097	3.0	3.0	ARG:126	ARG	NH2	2.703149948429097	HOH:492	O	2.546784982382075	1.0	23.0	salt_bridge_like			intermediate				0.0	0.0		modified	1.6176119190969906	40.575333130639	74.92810249851004	same	toward				
Q818Z9	3OT9	A	85	TPO_single	1	1	1.75	TPO	324		1	2-392	2-392	TPO	/mnt/c/Users/drpat/OneDrive - UGent/Desktop/PD/Phospho-fill/Validation-allPDB/pdb_cache/3ot9.cif	TPO	TPO	OG1	CB	ok	1.6232806814497824	121.5619539709484	-27.541218040582514	95.38531662247486	HIS:339	HIS	NE2	2.8527593618064033	1.0	3.0	ASP:156	ASP	OD2	2.5395800437521374	HOH:440	O	3.010114823581489	4.0	27.0	salt_bridge_like			exposed				0.0	0.0		modified	1.6232806814497824	70.20726475133748	48.76962757925913	same	lateral				
P47811	3PY3	A	180	TPO_mixed_with_PTR	1	2	2.1	TPO	261		2	1-354	1-354	TPO	/mnt/c/Users/drpat/OneDrive - UGent/Desktop/PD/Phospho-fill/Validation-allPDB/pdb_cache/3py3.cif	TPO	TPO	OG1	CB	ok	1.6289787929717285	111.65935240993616	-19.455186624825572	102.2094203112733	ARG:70	ARG	NH1	2.8869855919748777	3.0	4.0	ARG:70	ARG	NH1	2.8869855919748777	HOH:482	O	2.3426303130979123	2.0	22.0	salt_bridge_like			exposed	PTR:182	PTR	16.33842358155097	0.0	0.0		modified	1.6289787929717285	61.36371925986158	41.09990394347905	same	lateral				
Q13153	3Q52	A	423	TPO_single	1	1	1.801	TPO	288		1	250-542	250-542	TPO	/mnt/c/Users/drpat/OneDrive - UGent/Desktop/PD/Phospho-fill/Validation-allPDB/pdb_cache/3q52.cif	TPO	TPO	OG1	CB	ok	1.6416925293935738	121.75701289319929	-56.39501653067364	62.602236328116334	ARG:388	ARG	NH1	3.045019087267167	2.0	2.0	ARG:388	ARG	NH1	3.045019087267167	HOH:589	O	2.8257036699137643	3.0	21.0	salt_bridge_like			exposed				0.0	0.0		modified	1.6416925293935738	56.14225672710249	54.54193843353174	same	toward				
Q13153	3Q53	A	423	TPO_single	1	1	2.09	TPO	289		1	250-541	250-541	TPO	/mnt/c/Users/drpat/OneDrive - UGent/Desktop/PD/Phospho-fill/Validation-allPDB/pdb_cache/3q53.cif	TPO	TPO	OG1	CB	ok	1.606439488021838	119.22610426110673	-60.76616123398599	57.840939498738734	ARG:421	ARG	NH1	2.863117836222574	2.0	2.0	ARG:421	ARG	NH1	2.863117836222574	HOH:180	O	2.6307167027596137	2.0	21.0	salt_bridge_like			exposed				0.0	0.0		modified	1.606439488021838	7.483822592748134	70.35836001774317	same	toward				
P24941	3QHR	A	160	TPO_single	1	1	2.17	TPO	144		3	1-296	1-296	TPO	/mnt/c/Users/drpat/OneDrive - UGent/Desktop/PD/Phospho-fill/Validation-allPDB/pdb_cache/3qhr.cif	TPO	TPO	OG1	CB	ok	1.6139451290428704	111.20204015936069	-68.40813506422673	52.136939586256624	ARG:126	ARG	NH2	2.5313796496625045	3.0	3.0	ARG:126	ARG	NH2	2.5313796496625045	HOH:350	O	2.8586390108829036	1.0	22.0	salt_bridge_like			intermediate				0.0	0.0		modified	1.6139451290428704	40.63215415382058	70.80237813289196	same	toward				
P24941	3QHW	A	160	TPO_single	1	1	1.91	TPO	145		3	1-296	1-296	TPO	/mnt/c/Users/drpat/OneDrive - UGent/Desktop/PD/Phospho-fill/Validation-allPDB/pdb_cache/3qhw.cif	TPO	TPO	OG1	CB	ok	1.5578429795009483	118.84565800237648	-70.36200759648521	51.929526799179875	ARG:126	ARG	NH2	2.5114383884953924	3.0	3.0	ARG:126	ARG	NH2	2.5114383884953924	HOH:547	O	2.7171901553530726	1.0	22.0	salt_bridge_like			intermediate				0.0	0.0		modified	1.5578429795009483	43.49350295710382	69.23573064022564	same	toward				
P31749	3QKK	A	308	TPO_single	1	1	2.3	TPO	223		3	144-449,458-478	144-449,458-478	TPO	/mnt/c/Users/drpat/OneDrive - UGent/Desktop/PD/Phospho-fill/Validation-allPDB/pdb_cache/3qkk.cif	TPO	TPO	OG1	CB	ok	1.5932925821789328	122.4440178837032	-63.93607128991417	57.70136796423189	ARG:273	ARG	NH2	2.73260241812766	2.0	3.0	ARG:273	ARG	NH2	2.73260241812766	HOH:49	O	4.703043628799592	0.0	19.0	salt_bridge_like			intermediate				0.0	0.0		modified	1.5932925821789328	50.31733575770659	52.173670680171895	same	toward				
P31749	3QKL	A	308	TPO_single	1	1	1.9	TPO	224		3	144-448,466-478	144-448,466-478	TPO	/mnt/c/Users/drpat/OneDrive - UGent/Desktop/PD/Phospho-fill/Validation-allPDB/pdb_cache/3qkl.cif	TPO	TPO	OG1	CB	ok	1.625140905513146	122.61504250235686	-65.26098991766212	56.22616642761867	ARG:273	ARG	NH2	2.680385296396772	2.0	3.0	ARG:273	ARG	NH2	2.680385296396772	HOH:11	O	2.8878492149712676	1.0	21.0	salt_bridge_like			intermediate				0.0	0.0		modified	1.625140905513146	48.409929208463794	51.66856945896625	same	toward				
P31749	3QKM	A	308	TPO_single	1	1	2.2	TPO	225		3	144-451,457-478	144-451,457-478	TPO	/mnt/c/Users/drpat/OneDrive - UGent/Desktop/PD/Phospho-fill/Validation-allPDB/pdb_cache/3qkm.cif	TPO	TPO	OG1	CB	ok	1.613839398544795	120.69915611451208	-61.972886125245076	61.50640920029724	ARG:273	ARG	NH2	2.8925444642972	2.0	3.0	ARG:273	ARG	NH2	2.8925444642972	HOH:129	O	2.5201198911758094	2.0	17.0	salt_bridge_like			exposed				0.0	0.0		modified	1.613839398544795	46.581131097433634	48.932857411485486	same	toward				
Q94F62	3TL8	A	324	TPO_only_multi_4	4	4	2.5	TPO	339		7	273-576	273-576	TPO,TPO,TPO,TPO	/mnt/c/Users/drpat/OneDrive - UGent/Desktop/PD/Phospho-fill/Validation-allPDB/pdb_cache/3tl8.cif	TPO	TPO	OG1	CB	ok	1.5444154098927614	115.59759103099171	-40.43250018430538	82.27678942452796	LYS:320	LYS	NZ	2.5620400175176297	1.0	1.0	LYS:320	LYS	NZ	2.5620400175176297	HOH:99	O	2.4758440528286614	1.0	16.0	salt_bridge_like			intermediate	TPO:450	TPO	15.452685149902804	0.0	0.0		modified	1.5444154098927614	76.23129355987874	24.467693248395943	opposite	lateral				
Q94F62	3TL8	A	446	TPO_only_multi_4	4	4	2.5	TPO	339		7	273-576	273-576	TPO,TPO,TPO,TPO	/mnt/c/Users/drpat/OneDrive - UGent/Desktop/PD/Phospho-fill/Validation-allPDB/pdb_cache/3tl8.cif	TPO	TPO	OG1	CB	ok	1.5575095488036486	118.63216387313373	-48.71616506559494	72.74076846983493	HIS:447	HIS	CD2	3.0686692976735217	1.0	1.0	HIS:447	HIS	NE2	4.009932281532649				0.0	11.0	salt_bridge_like			intermediate	TPO:449	TPO	9.520328693350182	0.0	1.0	TPO:449@9.52	modified	1.5575095488036486	56.964042352146855		same	toward				
Q94F62	3TL8	A	449	TPO_only_multi_4	4	4	2.5	TPO	339		7	273-576	273-576	TPO,TPO,TPO,TPO	/mnt/c/Users/drpat/OneDrive - UGent/Desktop/PD/Phospho-fill/Validation-allPDB/pdb_cache/3tl8.cif	TPO	TPO	OG1	CB	ok	1.555985066650476	120.92156011179074	-29.307840476368916	91.84123931831358	HIS:447	HIS	CE1	2.6962051076345404	2.0	2.0	HIS:447	HIS	NE2	3.46357298103891	HOH:142	O	5.249657264575444	0.0	13.0	salt_bridge_like			intermediate	TPO:446	TPO	9.520328693350182	0.0	2.0	TPO:446@9.52;TPO:450@10.02	modified	1.555985066650476	81.80110041298514	112.59678735801562	same	lateral				
Q94F62	3TL8	A	450	TPO_only_multi_4	4	4	2.5	TPO	339		7	273-576	273-576	TPO,TPO,TPO,TPO	/mnt/c/Users/drpat/OneDrive - UGent/Desktop/PD/Phospho-fill/Validation-allPDB/pdb_cache/3tl8.cif	TPO	TPO	OG1	CB	ok	1.5778681414400486	124.20448673259094	-110.00788329796706	14.01914118666102	ARG:453	ARG	NE	2.8741424937406403	3.0	3.0	ARG:453	ARG	NE	2.8741424937406403	HOH:183	O	5.102630802919329	0.0	23.0	salt_bridge_like			intermediate	TPO:449	TPO	10.02426802688009	0.0	1.0	TPO:449@10.02	modified	1.5778681414400486	58.87560106279709	61.10517686350491	opposite	toward				
P24941	3TNW	A	160	TPO_single	1	1	2.0	TPO	146		3	1-37,41-298	1-37,41-298	TPO	/mnt/c/Users/drpat/OneDrive - UGent/Desktop/PD/Phospho-fill/Validation-allPDB/pdb_cache/3tnw.cif	TPO	TPO	OG1	CB	ok	1.6151119921340722	113.44566715310542	-65.95887779208144	51.38593674840831	ARG:150	ARG	NH1	2.6387531983993884	3.0	3.0	ARG:150	ARG	NH1	2.6387531983993884	HOH:435	O	2.6836254197350105	1.0	23.0	salt_bridge_like			intermediate				0.0	0.0		modified	1.6151119921340722	35.70346137916642	73.16136943426146	same	toward				
Q818Z9	3TWZ	A	85	TPO_single	1	1	1.75	TPO	325		1	3-393	3-393	TPO	/mnt/c/Users/drpat/OneDrive - UGent/Desktop/PD/Phospho-fill/Validation-allPDB/pdb_cache/3twz.cif	TPO	TPO	OG1	CB	ok	1.6183261146226675	120.98835386224086	-25.609398836448865	98.84506665525339	HIS:339	HIS	NE2	2.723354571988676	1.0	4.0	ASP:156	ASP	OD2	2.6816638771554673	HOH:528	O	2.3390558043919993	6.0	28.0	salt_bridge_like			exposed				0.0	0.0		modified	1.6183261146226675	73.97838770824572	23.45230572157412	same	lateral				
P24723	3TXO	A	656	TPO_single	1	1	2.05	TPO	111		2	353-506,516-679	353-506,516-679	TPO	/mnt/c/Users/drpat/OneDrive - UGent/Desktop/PD/Phospho-fill/Validation-allPDB/pdb_cache/3txo.cif	TPO	TPO	OG1	CB	ok	1.6383781884950057	127.50969241180405	-74.48983046012643	49.349554037217594	LYS:368	LYS	NZ	2.7140284751461867	4.0	4.0	LYS:368	LYS	NZ	2.7140284751461867	HOH:126	O	2.5485412229573554	1.0	18.0	salt_bridge_like			intermediate				0.0	0.0		modified	1.6383781884950057	47.98479751968756	44.36259386000087	same	toward				
Q8TZX0	3U02	B	18	TPO_single	1	1	2.399	TPO	337		1	1-9,16-250	1-9,16-250	TPO	/mnt/c/Users/drpat/OneDrive - UGent/Desktop/PD/Phospho-fill/Validation-allPDB/pdb_cache/3u02.cif	TPO	TPO	OG1	CB	ok	1.616342306330913	108.7046951933221	-63.68090397428253	56.088809264987304	ARG:53	ARG	CZ	6.153367333745645	0.0	0.0	THR:52	THR	OG1	3.5226009771862685	HOH:312	O	2.529083049293153	1.0	36.0	water_mediated_like			buried				0.0	0.0		modified	1.616342306330913	55.98461259614195	62.13487313488716	same	toward				
Q94F62	3UIM	A	312	TPO_mixed_with_SEP	5	6	2.2	TPO	340		7	272-321,327-573	272-321,327-573	TPO,TPO,TPO,TPO,TPO	/mnt/c/Users/drpat/OneDrive - UGent/Desktop/PD/Phospho-fill/Validation-allPDB/pdb_cache/3uim.cif	TPO	TPO	OG1	CB	ok	1.5597524788393284	121.74426608294667	91.3712306969893	-146.98376180721752	ARG:350	ARG	NH1	4.949306872632463	0.0	1.0	ASP:310	ASP	OD1	1.9971598070530892	HOH:160	O	4.504366392944189	0.0	21.0	hbond_like			intermediate	SEP:290	SEP	23.577106893819174	0.0	0.0		modified	1.5597524788393284	106.97984370074016	68.40293673547167	opposite	lateral				
Q94F62	3UIM	A	446	TPO_mixed_with_SEP	5	6	2.2	TPO	340		7	272-321,327-573	272-321,327-573	TPO,TPO,TPO,TPO,TPO	/mnt/c/Users/drpat/OneDrive - UGent/Desktop/PD/Phospho-fill/Validation-allPDB/pdb_cache/3uim.cif	TPO	TPO	OG1	CB	ok	1.5660979544552465	123.89166928732753	-31.02785751828334	86.43382411115905	HIS:447	HIS	ND1	2.59269655184693	2.0	2.0	HIS:447	HIS	ND1	2.59269655184693	HOH:53	O	7.962892476603553	0.0	16.0	salt_bridge_like			intermediate	TPO:449	TPO	8.11109516203586	0.0	1.0	TPO:449@8.11	modified	1.5660979544552465	62.99927543919161	27.068911547472506	same	lateral				
Q94F62	3UIM	A	449	TPO_mixed_with_SEP	5	6	2.2	TPO	340		7	272-321,327-573	272-321,327-573	TPO,TPO,TPO,TPO,TPO	/mnt/c/Users/drpat/OneDrive - UGent/Desktop/PD/Phospho-fill/Validation-allPDB/pdb_cache/3uim.cif	TPO	TPO	OG1	CB	ok	1.5648159832296713	123.90691828353607	-31.022534664917423	86.50630943642258	HIS:447	HIS	CE1	2.724410942841491	1.0	2.0	HIS:447	HIS	NE2	2.9368270709338593				0.0	11.0	salt_bridge_like			intermediate	TPO:446	TPO	8.11109516203586	0.0	2.0	TPO:446@8.11;TPO:450@9.56	modified	1.5648159832296713	83.95892515671541		opposite	lateral				
Q94F62	3UIM	A	450	TPO_mixed_with_SEP	5	6	2.2	TPO	340		7	272-321,327-573	272-321,327-573	TPO,TPO,TPO,TPO,TPO	/mnt/c/Users/drpat/OneDrive - UGent/Desktop/PD/Phospho-fill/Validation-allPDB/pdb_cache/3uim.cif	TPO	TPO	OG1	CB	ok	1.5597071852852324	121.72640435403046	91.40533271499949	-146.91541581577613	LYS:439	LYS	NZ	3.2168285341107254	3.0	3.0	LYS:439	LYS	NZ	3.2168285341107254	HOH:151	O	3.775418531362644	1.0	17.0	salt_bridge_like			intermediate	TPO:449	TPO	9.561594174777209	0.0	1.0	TPO:449@9.56	modified	1.5597071852852324	94.58873001866105	39.739134159509426	opposite	lateral				
Q94F62	3UIM	A	455	TPO_mixed_with_SEP	5	6	2.2	TPO	340		7	272-321,327-573	272-321,327-573	TPO,TPO,TPO,TPO,TPO	/mnt/c/Users/drpat/OneDrive - UGent/Desktop/PD/Phospho-fill/Validation-allPDB/pdb_cache/3uim.cif	TPO	TPO	OG1	CB	ok	1.5628545846394584	118.25474296859647	-68.27796331476192	56.3926773160497	HIS:458	HIS	ND1	2.941649694800201	1.0	2.0	HIS:458	HIS	ND1	2.941649694800201	HOH:35	O	5.017900548236802	0.0	23.0	salt_bridge_like			intermediate	TPO:450	TPO	17.374906404384877	0.0	0.0		modified	1.5628545846394584	31.171937467239825	43.786888438429166	same	toward				
Q818Z9	3UO0	A	85	TPO_single	1	1	2.3	TPO	326		1	2-392	2-392	TPO	/mnt/c/Users/drpat/OneDrive - UGent/Desktop/PD/Phospho-fill/Validation-allPDB/pdb_cache/3uo0.cif	TPO	TPO	OG1	CB	ok	1.610913110593183	125.98853194568727	9.812394765829225	131.897871370297	LYS:240	LYS	NZ	2.78073127009508	3.0	5.0	LYS:240	LYS	NZ	2.78073127009508	HOH:476	O	3.0550677109128346	3.0	28.0	salt_bridge_like			exposed				0.0	0.0		modified	1.610913110593183	38.78313055986596	68.9528944808987	same	toward				
P23443	3WE4	A	252	TPO_single	1	1	1.995	TPO	105		4	85-246,250-374	85-246,250-374	TPO	/mnt/c/Users/drpat/OneDrive - UGent/Desktop/PD/Phospho-fill/Validation-allPDB/pdb_cache/3we4.cif	TPO	TPO	OG1	CB	ok	1.6177910012052557	108.25221682706035	-68.76847617494988	52.90534338422586	ARG:267	ARG	NE	2.9635767619665243	2.0	2.0	THR:250	THR	OG1	2.1159973549602906	HOH:608	O	2.8175786537464567	2.0	23.0	salt_bridge_like			exposed				0.0	0.0		modified	1.6177910012052557	45.706767360709456	75.1192467881587	same	toward				
P23443	3WF5	A	252	TPO_single	1	1	2.099	TPO	106		4	85-127,140-374	85-127,140-374	TPO	/mnt/c/Users/drpat/OneDrive - UGent/Desktop/PD/Phospho-fill/Validation-allPDB/pdb_cache/3wf5.cif	TPO	TPO	OG1	CB	ok	1.6122532629125907	105.0677949863725	-72.80434069532386	51.00330491593631	ARG:267	ARG	NE	3.0201976008587996	2.0	2.0	THR:250	THR	OG1	2.2953692562034123	HOH:574	O	7.6665089692273	0.0	24.0	salt_bridge_like			buried				0.0	0.0		modified	1.6122532629125907	41.82115221887632	114.82708996930968	same	toward				
P23443	3WF6	A	252	TPO_single	1	1	2.031	TPO	107		4	85-127,140-374	85-127,140-374	TPO	/mnt/c/Users/drpat/OneDrive - UGent/Desktop/PD/Phospho-fill/Validation-allPDB/pdb_cache/3wf6.cif	TPO	TPO	OG1	CB	ok	1.6078189786014394	105.16284612571322	-63.03802891351328	60.65553494782082	ARG:267	ARG	NH2	3.0735656522263723	2.0	2.0	THR:250	THR	OG1	2.143447686226831	HOH:547	O	7.084027840121786	0.0	24.0	salt_bridge_like			buried				0.0	0.0		modified	1.6078189786014394	48.34528338091592	117.66681335568843	same	toward				
P23443	3WF7	A	252	TPO_single	1	1	1.85	TPO	108		4	83-246,250-374	83-246,250-374	TPO	/mnt/c/Users/drpat/OneDrive - UGent/Desktop/PD/Phospho-fill/Validation-allPDB/pdb_cache/3wf7.cif	TPO	TPO	OG1	CB	ok	1.610727610839639	108.26431928795235	-74.57435541758741	47.977074526822875	ARG:267	ARG	NE	2.6818886587543505	1.0	2.0	THR:250	THR	OG1	2.1510407676878027	HOH:677	O	2.5661741807637255	3.0	23.0	salt_bridge_like			exposed				0.0	0.0		modified	1.610727610839639	47.53264263879522	66.67360561102583	same	toward				
P23443	3WF8	A	252	TPO_single	1	1	1.975	TPO	109		4	85-372	85-372	TPO	/mnt/c/Users/drpat/OneDrive - UGent/Desktop/PD/Phospho-fill/Validation-allPDB/pdb_cache/3wf8.cif	TPO	TPO	OG1	CB	ok	1.6115813616939407	115.73537913115045	-24.269883381826187	95.81537013816907	ARG:267	ARG	NH2	2.5327449249016634	3.0	4.0	THR:250	THR	OG1	2.4563911674627352	HOH:571	O	2.5137198969620136	2.0	19.0	salt_bridge_like			exposed				0.0	0.0		modified	1.6115813616939407	53.41102586283111	42.58943202405888	same	toward				
P23443	3WF9	A	252	TPO_single	1	1	2.035	TPO	110		4	85-372	85-372	TPO	/mnt/c/Users/drpat/OneDrive - UGent/Desktop/PD/Phospho-fill/Validation-allPDB/pdb_cache/3wf9.cif	TPO	TPO	OG1	CB	ok	1.5967534111817703	113.80920770923197	-18.69730187773196	101.40295078871397	ARG:267	ARG	NH2	2.2644671175726936	3.0	4.0	ARG:267	ARG	NH2	2.2644671175726936	HOH:536	O	2.2747064455738943	3.0	21.0	salt_bridge_like			exposed				0.0	0.0		modified	1.5967534111817703	45.41872252526556	33.384479642275444	same	toward				
Q6DE08	3ZTX	B	248	TPO_single	1	1	1.95	TPO	312		1	78-99,105-355	78-99,105-355	TPO	/mnt/c/Users/drpat/OneDrive - UGent/Desktop/PD/Phospho-fill/Validation-allPDB/pdb_cache/3ztx.cif	TPO	TPO	OG1	CB	ok	1.5962059034277105	123.05667299638493	-61.047154864505984	65.22827759760246	ARG:215	ARG	NH1	2.660221003663639	3.0	4.0	ARG:215	ARG	NH1	2.660221003663639	HOH:2069	O	2.9380713787448767	1.0	26.0	salt_bridge_like			buried				0.0	0.0		modified	1.5962059034277105	57.22841474906835	59.88549028487313	same	toward				
Q6DE08	4B8M	B	248	TPO_single	1	1	1.85	TPO	313		1	78-357	78-357	TPO	/mnt/c/Users/drpat/OneDrive - UGent/Desktop/PD/Phospho-fill/Validation-allPDB/pdb_cache/4b8m.cif	TPO	TPO	OG1	CB	ok	1.6027453353531582	120.37020201739728	-55.87998279476268	66.66497014475325	ARG:215	ARG	NH1	2.74440197893284	3.0	4.0	ARG:215	ARG	NH1	2.74440197893284				0.0	25.0	salt_bridge_like			buried				0.0	0.0		modified	1.6027453353531582	57.03784560591003		same	toward				
P24941	4BCK	A	160	TPO_single	1	1	2.052	TPO	147		3	1-297	1-297	TPO	/mnt/c/Users/drpat/OneDrive - UGent/Desktop/PD/Phospho-fill/Validation-allPDB/pdb_cache/4bck.cif	TPO	TPO	OG1	CB	ok	1.6963272263030045	124.213297233541	-72.09802553240239	48.8628872586434	ARG:126	ARG	NH1	2.9182456553248812	3.0	3.0	ARG:126	ARG	NH1	2.9182456553248812	HOH:2155	O	2.4148856840763844	3.0	21.0	salt_bridge_like			exposed				0.0	0.0		modified	1.6963272263030045	53.990742576578455	71.97678152682438	same	toward				
P24941	4BCM	C	160	TPO_single	1	1	2.45	TPO	148		3	1-294	1-294	TPO	/mnt/c/Users/drpat/OneDrive - UGent/Desktop/PD/Phospho-fill/Validation-allPDB/pdb_cache/4bcm.cif	TPO	TPO	OG1	CB	ok	1.6071433532861448	117.21577152684266	-67.51047896672343	56.683521928294724	ARG:150	ARG	NH1	2.4487503278720357	3.0	3.0	ARG:150	ARG	NH1	2.4487503278720357	HOH:2009	O	3.9952852176488274	1.0	22.0	salt_bridge_like			intermediate				0.0	0.0		modified	1.6071433532861448	38.984695501327124	32.25162442564217	same	toward				
P24941	4BCN	A	160	TPO_single	1	1	2.1	TPO	149		3	1-38,41-298	1-38,41-298	TPO	/mnt/c/Users/drpat/OneDrive - UGent/Desktop/PD/Phospho-fill/Validation-allPDB/pdb_cache/4bcn.cif	TPO	TPO	OG1	CB	ok	1.6210622764181726	111.97948744719545	-66.45863500326807	54.021134767361396	ARG:126	ARG	NH1	2.6927959001982846	3.0	3.0	ARG:126	ARG	NH1	2.6927959001982846	HOH:2160	O	2.4640239187711797	3.0	23.0	salt_bridge_like			exposed				0.0	0.0		modified	1.6210622764181726	50.003628022708355	74.9800282914843	same	toward				
P24941	4BCO	A	160	TPO_single	1	1	2.05	TPO	150		3	1-298	1-298	TPO	/mnt/c/Users/drpat/OneDrive - UGent/Desktop/PD/Phospho-fill/Validation-allPDB/pdb_cache/4bco.cif	TPO	TPO	OG1	CB	ok	1.6092295018707587	120.00714031139339	-68.75324029895798	53.783985268754215	ARG:126	ARG	NH2	2.67342672578299	3.0	3.0	ARG:126	ARG	NH2	2.67342672578299	HOH:2112	O	2.599973185302683	2.0	23.0	salt_bridge_like			exposed				0.0	0.0		modified	1.6092295018707587	39.796784447740116	74.99509385015376	same	toward				
P24941	4BCP	A	160	TPO_single	1	1	2.26	TPO	151		3	1-298	1-298	TPO	/mnt/c/Users/drpat/OneDrive - UGent/Desktop/PD/Phospho-fill/Validation-allPDB/pdb_cache/4bcp.cif	TPO	TPO	OG1	CB	ok	1.6106427675332833	120.93704638289115	-67.19073911894016	53.764891445636806	ARG:126	ARG	NH2	2.7215481351499013	3.0	3.0	ARG:126	ARG	NH2	2.7215481351499013	HOH:2080	O	2.579404200953892	2.0	23.0	salt_bridge_like			exposed				0.0	0.0		modified	1.6106427675332833	41.055698221456	74.80693888275043	same	toward				
P24941	4BCQ	C	160	TPO_single	1	1	2.4	TPO	152		3	1-12,15-294	1-12,15-294	TPO	/mnt/c/Users/drpat/OneDrive - UGent/Desktop/PD/Phospho-fill/Validation-allPDB/pdb_cache/4bcq.cif	TPO	TPO	OG1	CB	ok	1.6142999080383795	109.32543511469005	-61.903970599169824	59.10394215015753	ARG:150	ARG	NH1	2.9156179738547263	3.0	3.0	ARG:150	ARG	NH1	2.9156179738547263	HOH:2043	O	2.853035964202747	2.0	19.0	salt_bridge_like			exposed				0.0	0.0		modified	1.6142999080383795	41.38395220191305	64.59033616874821	same	toward				
O14965	4BN1	A	287	TPO_only_multi_2	2	2	2.499	TPO	27		2	126-388	126-388	TPO,TPO	/mnt/c/Users/drpat/OneDrive - UGent/Desktop/PD/Phospho-fill/Validation-allPDB/pdb_cache/4bn1.cif	TPO	TPO	OG1	CB	ok	1.6435387207806347	117.46302933746081	-57.22290673837656	62.01306037429117	ARG:180	ARG	NH2	2.69930707612337	3.0	3.0	ARG:180	ARG	NH2	2.69930707612337	HOH:2024	O	3.8164609365705697	1.0	26.0	salt_bridge_like			buried	TPO:288	TPO	9.139735563081727	0.0	1.0	TPO:288@9.14	modified	1.6435387207806347	14.371309368795096	44.865669348252254	same	toward				
O14965	4BN1	A	288	TPO_only_multi_2	2	2	2.499	TPO	27		2	126-388	126-388	TPO,TPO	/mnt/c/Users/drpat/OneDrive - UGent/Desktop/PD/Phospho-fill/Validation-allPDB/pdb_cache/4bn1.cif	TPO	TPO	OG1	CB	ok	1.6397413253824227	117.0537354497027	22.06312014583021	146.03700869391008					0.0	0.0	CYS:290	CYS	SG	6.932837262345192				0.0	4.0	none_obvious			intermediate	TPO:287	TPO	9.139735563081727	0.0	1.0	TPO:287@9.14	modified	1.6397413253824227								
Q6DE08	4C2V	B	248	TPO_single	1	1	1.49	TPO	314		1	76-356	76-356	TPO	/mnt/c/Users/drpat/OneDrive - UGent/Desktop/PD/Phospho-fill/Validation-allPDB/pdb_cache/4c2v.cif	TPO	TPO	OG1	CB	ok	1.5660483039826978	121.22623459148845	-57.62555805926382	70.08435531953681	ARG:215	ARG	NH1	2.736544495148868	3.0	4.0	ARG:215	ARG	NH1	2.736544495148868	HOH:2057	O	2.7506608300806685	3.0	25.0	salt_bridge_like			exposed				0.0	0.0		modified	1.5660483039826978	57.468872181395476	82.27456161373529	same	toward				
Q6DE08	4C2W	B	248	TPO_single	1	1	1.7	TPO	315		1	78-355	78-355	TPO	/mnt/c/Users/drpat/OneDrive - UGent/Desktop/PD/Phospho-fill/Validation-allPDB/pdb_cache/4c2w.cif	TPO	TPO	OG1	CB	ok	1.5803514393488776	119.17406072047491	-54.74431240853936	69.86886296410945	ARG:246	ARG	NH2	2.8083632897165307	3.0	4.0	ARG:246	ARG	NH2	2.8083632897165307	HOH:2061	O	2.678259096785678	6.0	25.0	salt_bridge_like			exposed				0.0	0.0		modified	1.5803514393488776	21.028833808199863	51.11859773931954	same	toward				
P33981	4C4F	A	686	TPO_single	1	1	2.36	TPO	240		4	519-670,683-697,711-794	519-670,683-697,711-794	TPO	/mnt/c/Users/drpat/OneDrive - UGent/Desktop/PD/Phospho-fill/Validation-allPDB/pdb_cache/4c4f.cif	TPO	TPO	OG1	CB	ok	1.5933530900430843	115.03520879021792	-55.52674719511603	78.24659843874522	LYS:743	LYS	NZ	6.481296683721207	0.0	0.0	ASN:688	ASN	ND2	2.7997504164372526	HOH:2020	O	5.877905873735625	0.0	17.0	hbond_like			intermediate				0.0	0.0		modified	1.5933530900430843	86.95016117976503	153.6637552646087	same	lateral				
P33981	4C4J	A	686	TPO_single	1	1	2.5	TPO	241		4	519-675,684-699,709-794	519-675,684-699,709-794	TPO	/mnt/c/Users/drpat/OneDrive - UGent/Desktop/PD/Phospho-fill/Validation-allPDB/pdb_cache/4c4j.cif	TPO	TPO	OG1	CB	ok	1.6091155417383958	121.3903331565582	-7.322857822518382	116.69507504035165	LYS:614	LYS	NZ	4.002185748517088	0.0	1.0	ASN:688	ASN	OD1	3.6535173445343303	HOH:2008	O	3.6576481921897437	1.0	16.0	none_obvious			intermediate				0.0	0.0		modified	1.6091155417383958	16.907857833027478	60.2985365505865	same	toward				
O14965	4CEG	A	288	TPO_single	1	1	2.1	TPO	28		2	127-391	127-391	TPO	/mnt/c/Users/drpat/OneDrive - UGent/Desktop/PD/Phospho-fill/Validation-allPDB/pdb_cache/4ceg.cif	TPO	TPO	OG1	CB	ok	1.6226988065124104	111.2500693553378	-67.22721130875755	54.29079141798187	ARG:285	ARG	NH1	6.936984273557874	0.0	0.0	THR:287	THR	OG1	5.250757554193663	HOH:2044	O	6.3358378632542	0.0	8.0	none_obvious			intermediate				0.0	0.0		modified	1.6226988065124104	138.9134442304463	170.25948712202984	opposite	opposite				
P24941	4CFN	A	160	TPO_single	1	1	2.2	TPO	153		3	1-37,41-297	1-37,41-297	TPO	/mnt/c/Users/drpat/OneDrive - UGent/Desktop/PD/Phospho-fill/Validation-allPDB/pdb_cache/4cfn.cif	TPO	TPO	OG1	CB	ok	1.5935398560961005	120.73865519954568	-66.308104789315	57.53463480143398	ARG:126	ARG	NH1	2.687201332469609	3.0	3.0	ARG:126	ARG	NH1	2.687201332469609	HOH:2089	O	2.6559836553374225	2.0	22.0	salt_bridge_like			exposed				0.0	0.0		modified	1.5935398560961005	55.10391502814736	77.2323366767745	same	toward				
P24941	4CFU	A	160	TPO_single	1	1	2.2	TPO	154		3	1-38,41-298	1-38,41-298	TPO	/mnt/c/Users/drpat/OneDrive - UGent/Desktop/PD/Phospho-fill/Validation-allPDB/pdb_cache/4cfu.cif	TPO	TPO	OG1	CB	ok	1.6026686893617101	120.98238536465193	-69.45332270636307	51.97779955375913	ARG:126	ARG	NH2	2.7232312961259857	3.0	3.0	ARG:126	ARG	NH2	2.7232312961259857	HOH:2024	O	4.535012992884898	0.0	24.0	salt_bridge_like			buried				0.0	0.0		modified	1.6026686893617101	40.33842681747823	34.284709967174855	same	toward				
P24941	4CFV	A	160	TPO_single	1	1	2.0	TPO	155		3	1-298	1-298	TPO	/mnt/c/Users/drpat/OneDrive - UGent/Desktop/PD/Phospho-fill/Validation-allPDB/pdb_cache/4cfv.cif	TPO	TPO	OG1	CB	ok	1.6168028207552885	119.63755006875779	-67.84590703368657	50.7634512156241	ARG:126	ARG	NH2	2.7540743198699973	3.0	3.0	ARG:126	ARG	NH2	2.7540743198699973	HOH:2100	O	2.401868781757872	2.0	24.0	salt_bridge_like			exposed				0.0	0.0		modified	1.6168028207552885	40.15554741468058	72.49409136304794	same	toward				
P24941	4CFW	A	160	TPO_single	1	1	2.45	TPO	156		3	1-298	1-298	TPO	/mnt/c/Users/drpat/OneDrive - UGent/Desktop/PD/Phospho-fill/Validation-allPDB/pdb_cache/4cfw.cif	TPO	TPO	OG1	CB	ok	1.6213950563679085	120.05089769433542	-67.33043263991631	55.1853585749878	ARG:126	ARG	NH2	2.666448221417469	3.0	3.0	ARG:126	ARG	NH2	2.666448221417469	HOH:2088	O	2.669568187866687	2.0	24.0	salt_bridge_like			exposed				0.0	0.0		modified	1.6213950563679085	41.19319132132171	74.40384775340607	same	toward				
P33981	4CV9	A	686	TPO_single	1	1	2.5	TPO	242		4	519-669,684-699,711-794	519-669,684-699,711-794	TPO	/mnt/c/Users/drpat/OneDrive - UGent/Desktop/PD/Phospho-fill/Validation-allPDB/pdb_cache/4cv9.cif	TPO	TPO	OG1	CB	ok	1.5978397014377417	117.39019727278904	-44.26597423556798	88.35337475618488	LYS:649	LYS	CE	7.772990011427054	0.0	0.0	ASN:688	ASN	ND2	2.999565470590797				0.0	14.0	hbond_like			intermediate				0.0	0.0		modified	1.5978397014377417	120.68021426919131		opposite	opposite				
P33981	4CVA	A	686	TPO_single	1	1	2.5	TPO	243		4	519-669,684-698,710-794	519-669,684-698,710-794	TPO	/mnt/c/Users/drpat/OneDrive - UGent/Desktop/PD/Phospho-fill/Validation-allPDB/pdb_cache/4cva.cif	TPO	TPO	OG1	CB	ok	1.6353714165384592	118.27868060109185	-39.374361036802824	89.54157594727376	LYS:743	LYS	NZ	7.179264797776712	0.0	0.0	ASN:688	ASN	ND2	2.8157820447834676	HOH:2021	O	6.532204868406225	0.0	16.0	hbond_like			intermediate				0.0	0.0		modified	1.6353714165384592	102.866072404937	139.27933109718157	opposite	lateral				
Q13153	4DAW	A	423	TPO_single	1	1	2.0	TPO	290		1	249-542	249-542	TPO	/mnt/c/Users/drpat/OneDrive - UGent/Desktop/PD/Phospho-fill/Validation-allPDB/pdb_cache/4daw.cif	TPO	TPO	OG1	CB	ok	1.6137795467734775	121.38734743294359	-61.61525928870445	61.37224267060919	ARG:388	ARG	NH1	2.8997994896019357	2.0	2.0	ARG:388	ARG	NH1	2.8997994896019357	HOH:882	O	4.402351625735174	0.0	22.0	salt_bridge_like			intermediate				0.0	0.0		modified	1.6137795467734775	52.88506701884775	65.63141050163725	same	toward				
P31749	4EKL	A	308	TPO_single	1	1	2.0	TPO	226		3	144-451,457-478	144-451,457-478	TPO	/mnt/c/Users/drpat/OneDrive - UGent/Desktop/PD/Phospho-fill/Validation-allPDB/pdb_cache/4ekl.cif	TPO	TPO	OG1	CB	ok	1.6152840893198557	118.88259563986684	-64.87146894349492	62.36830010604287	ARG:273	ARG	NH2	2.7905710495377276	2.0	2.0	ARG:273	ARG	NH2	2.7905710495377276	HOH:723	O	2.4368625218776794	2.0	18.0	salt_bridge_like			exposed				0.0	0.0		modified	1.6152840893198557	48.635718845315715	48.17619500168984	same	toward				
P24941	4EOI	C	160	TPO_single	1	1	2.0	TPO	157		3	1-296	1-296	TPO	/mnt/c/Users/drpat/OneDrive - UGent/Desktop/PD/Phospho-fill/Validation-allPDB/pdb_cache/4eoi.cif	TPO	TPO	OG1	CB	ok	1.6136857995463494	121.10036660627779	-71.06368356833705	52.7660772639276	ARG:126	ARG	NH1	2.757174130081483	3.0	3.0	ARG:126	ARG	NH1	2.757174130081483	HOH:407	O	4.62972203199224	0.0	23.0	salt_bridge_like			intermediate				0.0	0.0		modified	1.6136857995463494	52.906053323915934	40.578028151732276	same	toward				
P24941	4EOJ	A	160	TPO_single	1	1	1.65	TPO	158		3	1-37,42-298	1-37,42-298	TPO	/mnt/c/Users/drpat/OneDrive - UGent/Desktop/PD/Phospho-fill/Validation-allPDB/pdb_cache/4eoj.cif	TPO	TPO	OG1	CB	ok	1.6267275249182687	121.80354528619264	-65.88913097605574	57.00367595990901	ARG:126	ARG	NH1	2.805205048743122	3.0	3.0	ARG:126	ARG	NH1	2.805205048743122	HOH:520	O	2.6514888111736776	4.0	24.0	salt_bridge_like			exposed				0.0	0.0		modified	1.6267275249182687	54.085398735795486	72.77260338686344	same	toward				
P24941	4EOL	C	160	TPO_single	1	1	2.4	TPO	159		3	1-297	1-297	TPO	/mnt/c/Users/drpat/OneDrive - UGent/Desktop/PD/Phospho-fill/Validation-allPDB/pdb_cache/4eol.cif	TPO	TPO	OG1	CB	ok	1.6105652535286392	122.36412360848972	-70.70520990969509	52.04835782095292	ARG:126	ARG	NH1	2.7508009068415813	3.0	3.0	ARG:126	ARG	NH1	2.7508009068415813	HOH:412	O	6.844814576049923	0.0	24.0	salt_bridge_like			buried				0.0	0.0		modified	1.6105652535286392	54.38444421264139	5.755711574272589	same	toward				
P24941	4EOM	A	160	TPO_single	1	1	2.1	TPO	160		3	1-37,40-297	1-37,40-297	TPO	/mnt/c/Users/drpat/OneDrive - UGent/Desktop/PD/Phospho-fill/Validation-allPDB/pdb_cache/4eom.cif	TPO	TPO	OG1	CB	ok	1.608393272411908	123.97512355828546	-75.61584583484448	46.76320677421827	ARG:126	ARG	NH2	2.776131289299008	3.0	3.0	ARG:126	ARG	NH2	2.776131289299008	HOH:445	O	4.722671967457306	0.0	23.0	salt_bridge_like			intermediate				0.0	0.0		modified	1.608393272411908	40.40483494357286	39.31578338434577	same	toward				
P24941	4EON	A	160	TPO_single	1	1	2.4	TPO	161		3	1-298	1-298	TPO	/mnt/c/Users/drpat/OneDrive - UGent/Desktop/PD/Phospho-fill/Validation-allPDB/pdb_cache/4eon.cif	TPO	TPO	OG1	CB	ok	1.6182061781498975	122.0130949031336	-66.75018484506488	56.52538127723706	ARG:126	ARG	NH1	2.7457506304688306	3.0	3.0	ARG:126	ARG	NH1	2.7457506304688306	HOH:403	O	7.006347150934114	0.0	24.0	salt_bridge_like			buried				0.0	0.0		modified	1.6182061781498975	52.509350380349055	164.46344920863012	same	toward				
P24941	4EOO	C	160	TPO_single	1	1	2.1	TPO	162		3	1-296	1-296	TPO	/mnt/c/Users/drpat/OneDrive - UGent/Desktop/PD/Phospho-fill/Validation-allPDB/pdb_cache/4eoo.cif	TPO	TPO	OG1	CB	ok	1.6142610706969924	121.2679708797942	-67.86280558307415	54.18296847736097	ARG:50	ARG	NH1	2.7946013700479306	3.0	3.0	ARG:50	ARG	NH1	2.7946013700479306	HOH:471	O	2.8602781212002704	1.0	24.0	salt_bridge_like			buried				0.0	0.0		modified	1.6142610706969924	23.493679179388792	64.40221083163638	same	toward				
P24941	4EOP	C	160	TPO_single	1	1	1.99	TPO	163		3	1-296	1-296	TPO	/mnt/c/Users/drpat/OneDrive - UGent/Desktop/PD/Phospho-fill/Validation-allPDB/pdb_cache/4eop.cif	TPO	TPO	OG1	CB	ok	1.6234769370358937	123.07551810934822	-73.04255288141229	48.74579157914102	ARG:126	ARG	NH2	2.8133852113671485	3.0	3.0	ARG:126	ARG	NH2	2.8133852113671485	HOH:509	O	2.6666270439206703	1.0	23.0	salt_bridge_like			intermediate				0.0	0.0		modified	1.6234769370358937	39.71953399800412	63.41596753075344	same	toward				
P24941	4EOQ	A	160	TPO_single	1	1	2.15	TPO	164		3	1-37,41-297	1-37,41-297	TPO	/mnt/c/Users/drpat/OneDrive - UGent/Desktop/PD/Phospho-fill/Validation-allPDB/pdb_cache/4eoq.cif	TPO	TPO	OG1	CB	ok	1.6195044169299586	122.33716771037571	-70.3202303478058	52.21145207361014	ARG:126	ARG	NH2	2.7839302372331205	3.0	3.0	ARG:126	ARG	NH2	2.7839302372331205	HOH:428	O	2.742995521217027	1.0	23.0	salt_bridge_like			intermediate				0.0	0.0		modified	1.6195044169299586	39.85133913075224	67.01398913603913	same	toward				
P24941	4EOR	A	160	TPO_single	1	1	2.2	TPO	165		3	1-37,42-297	1-37,42-297	TPO	/mnt/c/Users/drpat/OneDrive - UGent/Desktop/PD/Phospho-fill/Validation-allPDB/pdb_cache/4eor.cif	TPO	TPO	OG1	CB	ok	1.6130287137500263	121.09047077609416	-72.18457136682055	54.75981120573799	ARG:126	ARG	NH2	2.7598600162459004	3.0	3.0	ARG:126	ARG	NH2	2.7598600162459004	HOH:403	O	4.581148994599262	0.0	24.0	salt_bridge_like			buried				0.0	0.0		modified	1.6130287137500263	39.96824613064726	40.35461439714122	same	toward				
Q13153	4EQC	A	423	TPO_single	1	1	2.01	TPO	291		1	249-541	249-541	TPO	/mnt/c/Users/drpat/OneDrive - UGent/Desktop/PD/Phospho-fill/Validation-allPDB/pdb_cache/4eqc.cif	TPO	TPO	OG1	CB	ok	1.6109286374934284	121.25084403018674	-64.87455685646663	56.587954016639394	ARG:388	ARG	NH2	3.0086746323026237	2.0	2.0	ARG:388	ARG	NH2	3.0086746323026237	HOH:719	O	2.6415106488327136	3.0	22.0	salt_bridge_like			exposed				0.0	0.0		modified	1.6109286374934284	54.98319649584184	69.92375526727511	same	toward				
Q16539	4EWQ	A	180	TPO_single	1	1	2.1	TPO	302		2	5-169,172-353	5-169,172-353	TPO	/mnt/c/Users/drpat/OneDrive - UGent/Desktop/PD/Phospho-fill/Validation-allPDB/pdb_cache/4ewq.cif	TPO	TPO	OG1	CB	ok	1.5958522103990196	121.0708806606185	-19.61917669172889	102.09752353974811	HIS:64	HIS	NE2	3.232854651886797	1.0	3.0	GLU:178	GLU	OE1	3.024652204445203				0.0	15.0	salt_bridge_like			intermediate				0.0	0.0		modified	1.5958522103990196	36.59440551599273		same	toward				
P31749	4GV1	A	308	TPO_single	1	1	1.49	TPO	227		3	144-451,457-477	144-451,457-477	TPO	/mnt/c/Users/drpat/OneDrive - UGent/Desktop/PD/Phospho-fill/Validation-allPDB/pdb_cache/4gv1.cif	TPO	TPO	OG1	CB	ok	1.613965519297387	118.39347861376189	-60.798517769083446	61.375683971525326	ARG:273	ARG	NH2	2.851309543355821	2.0	3.0	ARG:273	ARG	NH2	2.851309543355821	HOH:685	O	2.548842600557769	5.0	21.0	salt_bridge_like			exposed				0.0	0.0		modified	1.613965519297387	44.762052920959285	51.11301747067404	same	toward				
P24941	4I3Z	A	160	TPO_single	1	1	2.05	TPO	166		3	1-296	1-296	TPO	/mnt/c/Users/drpat/OneDrive - UGent/Desktop/PD/Phospho-fill/Validation-allPDB/pdb_cache/4i3z.cif	TPO	TPO	OG1	CB	ok	1.5687337747242636	119.6929355836064	-69.0799971840067	53.357329971397995	ARG:126	ARG	NH2	2.4585518611878983	3.0	3.0	ARG:126	ARG	NH2	2.4585518611878983	HOH:495	O	3.0717220620771997	1.0	23.0	salt_bridge_like			intermediate				0.0	0.0		modified	1.5687337747242636	42.36145074611105	76.41254989310421	same	toward				
P24941	4II5	A	160	TPO_single	1	1	2.15	TPO	167		3	1-296	1-296	TPO	/mnt/c/Users/drpat/OneDrive - UGent/Desktop/PD/Phospho-fill/Validation-allPDB/pdb_cache/4ii5.cif	TPO	TPO	OG1	CB	ok	1.578055362192616	120.4904684976708	-65.21872693892853	56.92508602393422	ARG:126	ARG	NH2	2.7443511528023903	3.0	3.0	ARG:126	ARG	NH2	2.7443511528023903	HOH:404	O	2.9720056848969105	2.0	21.0	salt_bridge_like			exposed				0.0	0.0		modified	1.578055362192616	43.441466101823394	69.10356862886688	same	toward				
P28482	4IZA	A	185	TPO_mixed_with_PTR	1	2	1.93	TPO	211		2	11-358	11-358	TPO	/mnt/c/Users/drpat/OneDrive - UGent/Desktop/PD/Phospho-fill/Validation-allPDB/pdb_cache/4iza.cif	TPO	TPO	OG1	CB	ok	1.617774507005631	120.19937091906996	-63.97920678416916	62.25886400174179	HIS:180	HIS	ND1	2.7692139887816465	1.0	2.0	HIS:180	HIS	ND1	2.7692139887816465	HOH:783	O	4.676959384454015	0.0	26.0	salt_bridge_like			buried	PTR:187	PTR	15.038991097793065	0.0	0.0		modified	1.617774507005631	34.94521371719125	68.26659503929089	same	toward				
O96013	4JDJ	A	562	TPO_mixed_with_SEP	1	2	2.3	TPO	91		2	300-589	300-589	TPO	/mnt/c/Users/drpat/OneDrive - UGent/Desktop/PD/Phospho-fill/Validation-allPDB/pdb_cache/4jdj.cif	TPO	TPO	OG1	CB	ok	1.6369778601418474	122.87847218920578	-7.605956811784249	115.9559388430084	LYS:568	LYS	NZ	5.4851633923719225	0.0	1.0	GLU:565	GLU	OE2	3.0006352006012493	HOH:671	O	2.950101367927665	1.0	16.0	hbond_like			intermediate	SEP:474	SEP	22.67855786688671	0.0	0.0		modified	1.6369778601418474	77.22525993195863	80.0056545824636	same	lateral				
O96013	4JDK	A	562	TPO_mixed_with_SEP	1	2	2.4	TPO	92		2	300-589	300-589	TPO	/mnt/c/Users/drpat/OneDrive - UGent/Desktop/PD/Phospho-fill/Validation-allPDB/pdb_cache/4jdk.cif	TPO	TPO	OG1	CB	ok	1.6390315076390178	124.34440652894949	-7.2896614229752466	117.7961156424	HIS:432	HIS	ND1	7.239629299540839	0.0	0.0	GLU:565	GLU	OE2	2.685859309877788	HOH:648	O	2.778144956410051	1.0	17.0	hbond_like			intermediate	SEP:474	SEP	22.784484202495168	0.0	0.0		modified	1.6390315076390178	110.4160691606599	81.91290387970542	same	lateral				
P33981	4JS8	A	675	TPO_only_multi_2	2	2	1.94	TPO	244		4	515-675,684-698,709-793	515-675,684-698,709-793	TPO,TPO	/mnt/c/Users/drpat/OneDrive - UGent/Desktop/PD/Phospho-fill/Validation-allPDB/pdb_cache/4js8.cif	TPO	TPO	OG1	CB	ok	1.537604981760313	113.09361886020663	-36.042877579265536	85.5705622981813	LYS:529	LYS	NZ	2.8308770741731233	1.0	1.0	LYS:529	LYS	NZ	2.8308770741731233				0.0	11.0	salt_bridge_like			intermediate	TPO:686	TPO	17.356866595861682	0.0	0.0		modified	1.537604981760313	78.55975402037768		same	lateral				
P33981	4JS8	A	686	TPO_only_multi_2	2	2	1.94	TPO	244		4	515-675,684-698,709-793	515-675,684-698,709-793	TPO,TPO	/mnt/c/Users/drpat/OneDrive - UGent/Desktop/PD/Phospho-fill/Validation-allPDB/pdb_cache/4js8.cif	TPO	TPO	OG1	CB	ok	1.5629842444216502	118.40641759445198	18.25760008828414	138.20055683445642	LYS:614	LYS	CE	6.059926547525029	0.0	0.0	ASN:688	ASN	ND2	3.6240708010454545	HOH:972	O	2.8055719967396193	3.0	13.0	water_mediated_like			exposed	TPO:675	TPO	17.356866595861682	0.0	0.0		modified	1.5629842444216502	48.438048826331894	49.47930122276922	opposite	toward				
Q7DD94	4KAV	A	280	TPO_single	1	1	1.433	TPO	319		1	210-543	210-543	TPO	/mnt/c/Users/drpat/OneDrive - UGent/Desktop/PD/Phospho-fill/Validation-allPDB/pdb_cache/4kav.cif	TPO	TPO	OG1	CB	ok	3.542690360715878	86.38063509548766	100.4689796893197	-135.06690792327325	HIS:465	HIS	NE2	2.837076025577946	3.0	4.0	GLU:240	GLU	OE1	2.767741798725785	HOH:871	O	2.548281826204208	5.0	37.0	salt_bridge_like			exposed				0.0	0.0		modified	3.542690360715878	11.557914486329105	65.94878303452829	same	toward				
Q7DD94	4KAY	A	280	TPO_single	1	1	1.781	TPO	320		1	211-543	211-543	TPO	/mnt/c/Users/drpat/OneDrive - UGent/Desktop/PD/Phospho-fill/Validation-allPDB/pdb_cache/4kay.cif	TPO	TPO	OG1	CB	ok	1.6425985591519197	110.2513008826196	-63.57392349132352	56.301311395493705	HIS:383	HIS	NE2	2.531160816203237	3.0	4.0	HIS:383	HIS	NE2	2.531160816203237	HOH:773	O	4.424508568485038	0.0	29.0	salt_bridge_like			buried				0.0	0.0		modified	1.6425985591519197	41.88588014794718	89.70472697241243	same	toward				
M3TP73	4KUJ	B	275	TPO_only_multi_2	2	2	1.99	TPO	14		2	15-280	15-280	TPO,TPO	/mnt/c/Users/drpat/OneDrive - UGent/Desktop/PD/Phospho-fill/Validation-allPDB/pdb_cache/4kuj.cif	TPO	TPO	OG1	CB	ok	1.6278660886648582	122.9741685214203	-103.51776753998487	21.95001058208769	LYS:277	LYS	CE	3.9394121573743526	1.0	1.0	GLN:254	GLN	NE2	3.29807314870658	HOH:447	O	6.544510197314326	0.0	17.0	hbond_like			intermediate	TPO:279	TPO	12.64384515188274	0.0	0.0		modified	1.6278660886648582	97.12790569923462	107.78727267409906	opposite	lateral				
M3TP73	4KUJ	B	279	TPO_only_multi_2	2	2	1.99	TPO	14		2	15-280	15-280	TPO,TPO	/mnt/c/Users/drpat/OneDrive - UGent/Desktop/PD/Phospho-fill/Validation-allPDB/pdb_cache/4kuj.cif	TPO	TPO	OG1	CB	ok	1.6103131137319058	123.29478991217438	-82.16744134196256	39.25929831076839	HIS:187	HIS	ND1	2.560659096626006	1.0	1.0	THR:189	THR	OG1	2.538380786234126	HOH:459	O	5.600935018692701	0.0	32.0	salt_bridge_like			buried	TPO:275	TPO	12.64384515188274	0.0	0.0		modified	1.6103131137319058	30.026096610812644	88.6634679321896	same	toward				
Q818Z9	4LR7	A	85	TPO_single	1	1	2.1	TPO	327		1	2-392	2-392	TPO	/mnt/c/Users/drpat/OneDrive - UGent/Desktop/PD/Phospho-fill/Validation-allPDB/pdb_cache/4lr7.cif	TPO	TPO	OG1	CB	ok	1.6140889348947756	122.80153891277995	-30.66014887771371	92.6749200026807	HIS:339	HIS	NE2	2.6168731238600342	2.0	4.0	HIS:339	HIS	NE2	2.6168731238600342	HOH:667	O	2.9232034788867254	4.0	30.0	salt_bridge_like			exposed				0.0	0.0		modified	1.6140889348947756	63.81525286966927	70.18406474971688	same	lateral				
Q818Z9	4LR8	A	85	TPO_single	1	1	2.0	TPO	328		1	2-392	2-392	TPO	/mnt/c/Users/drpat/OneDrive - UGent/Desktop/PD/Phospho-fill/Validation-allPDB/pdb_cache/4lr8.cif	TPO	TPO	OG1	CB	ok	1.6029928375150766	116.25938991077017	-56.442953166891776	70.44355353604071	HIS:339	HIS	CE1	2.980196590948233	2.0	4.0	ASP:286	ASP	OD1	2.458202610359869	HOH:772	O	3.0211597873949776	2.0	41.0	salt_bridge_like			exposed				0.0	0.0		modified	1.6029928375150766	66.37898787701693	65.29841594881539	same	lateral				
Q818Z9	4LR9	A	85	TPO_single	1	1	2.1	TPO	329		1	2-392	2-392	TPO	/mnt/c/Users/drpat/OneDrive - UGent/Desktop/PD/Phospho-fill/Validation-allPDB/pdb_cache/4lr9.cif	TPO	TPO	OG1	CB	ok	1.618412599386446	123.31820474779605	-35.68673966707851	90.84838572155654	HIS:339	HIS	NE2	2.671808269156294	2.0	3.0	ASP:156	ASP	OD2	2.3763045747079863	HOH:594	O	2.9848302961614457	3.0	27.0	salt_bridge_like			exposed				0.0	0.0		modified	1.618412599386446	70.06930132865573	73.40089797801264	same	lateral				
Q818Z9	4LRA	A	85	TPO_single	1	1	2.0	TPO	330		1	2-392	2-392	TPO	/mnt/c/Users/drpat/OneDrive - UGent/Desktop/PD/Phospho-fill/Validation-allPDB/pdb_cache/4lra.cif	TPO	TPO	OG1	CB	ok	1.6273347339231514	122.8090459358754	-31.061704932179424	92.67760239167683	HIS:339	HIS	CE1	2.7981702009973386	1.0	4.0	ASP:156	ASP	OD2	2.4565505551876043	HOH:528	O	3.050292941788864	4.0	29.0	salt_bridge_like			exposed				0.0	0.0		modified	1.6273347339231514	80.62502567695262	74.09898812805932	same	lateral				
Q818Z9	4LRB	A	85	TPO_single	1	1	2.0	TPO	331		1	2-392	2-392	TPO	/mnt/c/Users/drpat/OneDrive - UGent/Desktop/PD/Phospho-fill/Validation-allPDB/pdb_cache/4lrb.cif	TPO	TPO	OG1	CB	ok	1.6248891583025364	121.85689677763989	-34.2107096215649	90.28761789523635	HIS:339	HIS	NE2	2.7523437631935708	1.0	3.0	ASP:156	ASP	OD2	2.5213456744149982	HOH:790	O	2.7995669670189964	5.0	27.0	salt_bridge_like			exposed				0.0	0.0		modified	1.6248891583025364	68.98522513382277	68.01278061249721	same	lateral				
Q818Z9	4LRC	A	85	TPO_single	1	1	1.89	TPO	332		1	2-392	2-392	TPO	/mnt/c/Users/drpat/OneDrive - UGent/Desktop/PD/Phospho-fill/Validation-allPDB/pdb_cache/4lrc.cif	TPO	TPO	OG1	CB	ok	1.6373080937647522	121.41149894184227	-23.30176726503956	99.6634792017096	HIS:339	HIS	NE2	2.9037032396142246	1.0	4.0	ASP:156	ASP	OD2	2.435950143971274	HOH:657	O	2.846255242520094	4.0	30.0	salt_bridge_like			exposed				0.0	0.0		modified	1.6373080937647522	70.65589368085519	50.28601084175891	same	lateral				
Q818Z9	4LRD	A	85	TPO_single	1	1	1.78	TPO	333		1	2-392	2-392	TPO	/mnt/c/Users/drpat/OneDrive - UGent/Desktop/PD/Phospho-fill/Validation-allPDB/pdb_cache/4lrd.cif	TPO	TPO	OG1	CB	ok	1.7585268668480822	120.57849233606682	-44.69088462882006	79.14822772622364	HIS:339	HIS	NE2	2.820006115102308	2.0	3.0	ASP:286	ASP	OD1	2.1348712635647544	HOH:519	O	0.6715666329238752	5.0	26.0	salt_bridge_like			exposed				0.0	0.0		modified	1.7585268668480822	55.143301642344085	12.056156381840884	same	toward				
Q818Z9	4LRE	A	85	TPO_single	1	1	2.1	TPO	334		1	2-392	2-392	TPO	/mnt/c/Users/drpat/OneDrive - UGent/Desktop/PD/Phospho-fill/Validation-allPDB/pdb_cache/4lre.cif	TPO	TPO	OG1	CB	ok	1.6016800654428431	121.04844852247209	-43.18047516839782	75.64649649434537	HIS:339	HIS	CE1	2.5941856331800843	2.0	3.0	ASP:286	ASP	OD1	2.3795281216692237	HOH:546	O	2.4334792146270683	3.0	30.0	salt_bridge_like			exposed				0.0	0.0		modified	1.6016800654428431	69.10474117322424	64.7117960712508	same	lateral				
Q818Z9	4LRF	A	85	TPO_single	1	1	2.0	TPO	335		1	2-392	2-392	TPO	/mnt/c/Users/drpat/OneDrive - UGent/Desktop/PD/Phospho-fill/Validation-allPDB/pdb_cache/4lrf.cif	TPO	TPO	OG1	CB	ok	1.6116313375037505	120.56719387289542	-37.072072937017495	88.06098705012347	HIS:339	HIS	CE1	2.765418217865228	1.0	3.0	ASP:286	ASP	OD1	2.8386729776927866	HOH:617	O	3.3559202920658167	2.0	40.0	salt_bridge_like			exposed				0.0	0.0		modified	1.6116313375037505	77.00948399887302	61.11065568263058	same	lateral				
Q9QZL0	4M69	A	231	TPO_mixed_with_SEP	1	3	2.497	TPO	425		3	12-168,183-312	12-168,183-312	TPO	/mnt/c/Users/drpat/OneDrive - UGent/Desktop/PD/Phospho-fill/Validation-allPDB/pdb_cache/4m69.cif	TPO	TPO	OG1	CB	ok	1.6070205107844937	120.2662734991236	-60.76850627194968	59.54785498409351	LYS:230	LYS	CE	5.46646520623976	0.0	2.0	ARG:235	ARG	NE	5.526619524341872	HOH:601	O	2.990671929403071	1.0	9.0	water_mediated_like			intermediate	SEP:232	SEP	6.426432887575282	1.0	1.0	SEP:232@6.43	modified	1.6070205107844937	94.34529018806795	95.53054506407132	same	lateral				
P20906	4MPJ	A	26	TPO_single	1	1	1.5	TPO	102		1	2-526	2-526	TPO	/mnt/c/Users/drpat/OneDrive - UGent/Desktop/PD/Phospho-fill/Validation-allPDB/pdb_cache/4mpj.cif	TPO	TPO	OG1	CB	ok	1.609515543469295	114.77831441249768	-68.45183204223937	50.25887910451599	HIS:70	HIS	CE1	3.8943834312272343	1.0	1.0	HIS:70	HIS	NE2	4.154148214224408	HOH:825	O	6.368221551377415	0.0	11.0	none_obvious			intermediate				0.0	0.0		modified	1.609515543469295	66.8354051510596	42.20924702430795	same	lateral				
Q8DTU0	4N7T	A	92	TPO_single	1	1	1.996	TPO	336		1	2-403	2-403	TPO	/mnt/c/Users/drpat/OneDrive - UGent/Desktop/PD/Phospho-fill/Validation-allPDB/pdb_cache/4n7t.cif	TPO	TPO	OG1	CB	ok	1.5555845343815038	120.74292948187689	-20.892667468118013	99.76189067481664	HIS:351	HIS	CE1	3.032527363713447	3.0	5.0	ASP:13	ASP	OD2	2.564420936110985	HOH:753	O	2.4228336220145272	2.0	32.0	salt_bridge_like			exposed				0.0	0.0		modified	1.5555845343815038	83.49532520697626	31.890806262433472	same	lateral				
M3TP73	4NL0	B	275	TPO_only_multi_2	2	2	2.41	TPO	15		2	15-280	15-280	TPO,TPO	/mnt/c/Users/drpat/OneDrive - UGent/Desktop/PD/Phospho-fill/Validation-allPDB/pdb_cache/4nl0.cif	TPO	TPO	OG1	CB	ok	1.6381616328446609	122.12238666975485	-98.01842129499686	28.346868573640375	LYS:277	LYS	CE	4.22650073977417	0.0	1.0	THR:276	THR	OG1	3.80934887538159	HOH:401	O	7.861642119488208	0.0	19.0	none_obvious			intermediate	TPO:279	TPO	12.653074995920443	0.0	0.0		modified	1.6381616328446609	96.86151544014119	146.5624732742608	opposite	lateral				
M3TP73	4NL0	B	279	TPO_only_multi_2	2	2	2.41	TPO	15		2	15-280	15-280	TPO,TPO	/mnt/c/Users/drpat/OneDrive - UGent/Desktop/PD/Phospho-fill/Validation-allPDB/pdb_cache/4nl0.cif	TPO	TPO	OG1	CB	ok	1.6135741307760627	122.82332840015691	-83.79719007473425	36.19852794639062	HIS:187	HIS	ND1	2.639077864795926	1.0	1.0	THR:189	THR	OG1	2.517272458180811	HOH:401	O	5.723294509726641	0.0	32.0	salt_bridge_like			buried	TPO:275	TPO	12.653074995920443	0.0	0.0		modified	1.6135741307760627	29.787808819711383	87.98990789833545	same	toward				
Q9NYV4	4NST	A	893	TPO_single	1	1	2.2	TPO	424		1	716-798,807-1046	716-798,807-1046	TPO	/mnt/c/Users/drpat/OneDrive - UGent/Desktop/PD/Phospho-fill/Validation-allPDB/pdb_cache/4nst.cif	TPO	TPO	OG1	CB	ok	1.6389616866859607	120.53883027518262	-80.59508783546704	37.10484492130431	ARG:882	ARG	NH1	2.7262613595928396	2.0	2.0	ARG:882	ARG	NH1	2.7262613595928396	HOH:1250	O	2.9327418152631024	2.0	18.0	salt_bridge_like			exposed				0.0	0.0		modified	1.6389616866859607	26.329691605768325	44.89990981603914	same	toward				
P33981	4O6L	A	675	TPO_mixed_with_SEP	2	3	2.38	TPO	245		4	515-677,686-699,711-793	515-677,686-699,711-793	TPO,TPO	/mnt/c/Users/drpat/OneDrive - UGent/Desktop/PD/Phospho-fill/Validation-allPDB/pdb_cache/4o6l.cif	TPO	TPO	OG1	CB	ok	1.6149382677848925	111.7804844183663	-41.57920823082708	80.44815465844596	LYS:529	LYS	NZ	4.266144115070775	0.0	1.0	LYS:529	LYS	NZ	4.266144115070775	HOH:1127	O	6.927286964110788	0.0	26.0	none_obvious			buried	SEP:677	SEP	4.15800788160236	2.0	2.0	TPO:676@5.87;SEP:677@4.16	modified	1.6149382677848925	98.41748524457012	79.57809012462273	same	lateral				
P33981	4O6L	A	676	TPO_mixed_with_SEP	2	3	2.38	TPO	245		4	515-677,686-699,711-793	515-677,686-699,711-793	TPO,TPO	/mnt/c/Users/drpat/OneDrive - UGent/Desktop/PD/Phospho-fill/Validation-allPDB/pdb_cache/4o6l.cif	TPO	TPO	OG1	CB	ok	1.6196644168264087	108.63358151791942	-38.50208316486176	80.49673339049696	LYS:529	LYS	NZ	4.379284997022796	0.0	1.0	LYS:529	LYS	NZ	4.379284997022796	HOH:1127	O	3.6318525301222464	1.0	12.0	none_obvious			intermediate	SEP:677	SEP	5.7488460040980405	2.0	2.0	TPO:675@5.87;SEP:677@5.75	modified	1.6196644168264087	125.93592833117745	34.97696557481096	opposite	opposite				
O22476	4OH4	A	1039	TPO_mixed_with_SEP	1	4	2.25	TPO	68		4	863-970,977-1160	863-970,977-1160	TPO	/mnt/c/Users/drpat/OneDrive - UGent/Desktop/PD/Phospho-fill/Validation-allPDB/pdb_cache/4oh4.cif	TPO	TPO	OG1	CB	ok	1.6236963608188981	111.54383094381973	-41.68212894048632	77.268344249239	HIS:1040	HIS	ND1	2.47340954043814	1.0	2.0	HIS:1040	HIS	ND1	2.47340954043814	HOH:1385	O	2.8496085508378095	1.0	9.0	salt_bridge_like			intermediate	SEP:1042	SEP	9.526142562363802	0.0	2.0	SEP:1042@9.53;SEP:1060@10.33	modified	1.6236963608188981	73.65317359315351	59.57278271141697	same	lateral				
P39984	4PSW	B	34	TPO_single	1	1	2.101	TPO	257		1	7-86,105-390	7-86,105-390	TPO	/mnt/c/Users/drpat/OneDrive - UGent/Desktop/PD/Phospho-fill/Validation-allPDB/pdb_cache/4psw.cif	TPO	TPO	OG1	CB	ok	1.638117432072591	120.06060616564504	92.50256190132863	-143.01343091233238	LYS:74	LYS	NZ	2.469627101067858	1.0	2.0	LYS:74	LYS	NZ	2.469627101067858	HOH:806	O	2.502970134209559	4.0	13.0	salt_bridge_like			exposed				0.0	0.0		modified	1.638117432072591	64.56958648666163	42.31253114441835	opposite	lateral				
Q14493	4QOZ	C	171	TPO_single	1	1	2.304	TPO	301		1	127-199	127-199	TPO	/mnt/c/Users/drpat/OneDrive - UGent/Desktop/PD/Phospho-fill/Validation-allPDB/pdb_cache/4qoz.cif	TPO	TPO	OG1	CB	ok	1.6432490925667378	112.54823776240958	-63.46080583499967	60.10436641623012	ARG:163	ARG	NH1	2.6130085009714525	3.0	4.0	TYR:151	TYR	OH	2.4642646107242	HOH:303	O	3.064411672521748	1.0	29.0	salt_bridge_like			buried				0.0	0.0		modified	1.6432490925667378	39.706651807962615	85.26082729976618	same	toward				
P21675	4RGW	A	1106	TPO_mixed_with_SEP	1	2	2.301	TPO	103		2	609-929,943-992,1075-1109	609-929,943-992,1075-1109	TPO	/mnt/c/Users/drpat/OneDrive - UGent/Desktop/PD/Phospho-fill/Validation-allPDB/pdb_cache/4rgw.cif	TPO	TPO	OG1	CB	ok	1.6116808031752423	109.52343399526195	-34.09207348589446	86.40289554611041					0.0	0.0								0.0	5.0	none_obvious			intermediate	SEP:1105	SEP	8.65883078417702	0.0	1.0	SEP:1105@8.66	modified	1.6116808031752423								
Q9NWZ3	4RMZ	A	342	TPO_mixed_with_SEP	2	3	2.2	TPO	360		4	165-216,221-336,340-458	165-216,221-336,340-458	TPO,TPO	/mnt/c/Users/drpat/OneDrive - UGent/Desktop/PD/Phospho-fill/Validation-allPDB/pdb_cache/4rmz.cif	TPO	TPO	OG1	CB	ok	1.6049227586760462	119.58596931374836	-43.834627752034294	81.4421821136045	LYS:441	LYS	NZ	2.76680162598981	1.0	2.0	LYS:441	LYS	NZ	2.76680162598981				0.0	9.0	salt_bridge_like			intermediate	TPO:345	TPO	15.586769248274647	0.0	0.0		modified	1.6049227586760462	88.64948763573742		opposite	lateral				
Q9NWZ3	4RMZ	A	345	TPO_mixed_with_SEP	2	3	2.2	TPO	360		4	165-216,221-336,340-458	165-216,221-336,340-458	TPO,TPO	/mnt/c/Users/drpat/OneDrive - UGent/Desktop/PD/Phospho-fill/Validation-allPDB/pdb_cache/4rmz.cif	TPO	TPO	OG1	CB	ok	1.6265378159143369	124.50966938421995	-80.03973403444942	44.97121637701046	ARG:334	ARG	NH2	2.7990082896157014	2.0	3.0	ARG:334	ARG	NH2	2.7990082896157014	HOH:653	O	7.781867082940195	0.0	25.0	salt_bridge_like			buried	SEP:346	SEP	5.33132764755067	1.0	1.0	SEP:346@5.33	modified	1.6265378159143369	43.87999698710892	143.6110760405927	same	toward				
Q8Y8H6	4UOR	A	307	TPO_single	1	1	2.194	TPO	338		1	227-644	227-644	TPO	/mnt/c/Users/drpat/OneDrive - UGent/Desktop/PD/Phospho-fill/Validation-allPDB/pdb_cache/4uor.cif	TPO	TPO	OG1	CB	ok	1.626263491073092	112.73522449195019	-65.01829856065876	55.74792012578534	HIS:422	HIS	NE2	2.803051461468722	2.0	3.0	HIS:422	HIS	NE2	2.803051461468722	HOH:2078	O	2.5731333755746215	3.0	31.0	salt_bridge_like			exposed				0.0	0.0		modified	1.626263491073092	50.516007646882294	42.440756951965724	same	toward				
P25321	4WIH	A	198	TPO_mixed_with_SEP	1	3	1.139	TPO	210		4	1-351	1-351	TPO	/mnt/c/Users/drpat/OneDrive - UGent/Desktop/PD/Phospho-fill/Validation-allPDB/pdb_cache/4wih.cif	TPO	TPO	OG1	CB	ok	1.6093008041244392	113.48006200311247	-62.51562810499888	56.660907464329085	LYS:190	LYS	NZ	2.688746619226742	3.0	3.0	THR:196	THR	OG1	2.5378421702616905	HOH:424	O	2.746390359335901	4.0	26.0	salt_bridge_like			exposed	SEP:339	SEP	30.706076506414366	0.0	0.0		modified	1.6093008041244392	25.72771676222877	82.57061777842833	same	toward				
O75385	4WNO	A	180	TPO_single	1	1	1.56	TPO	77		2	8-280	8-280	TPO	/mnt/c/Users/drpat/OneDrive - UGent/Desktop/PD/Phospho-fill/Validation-allPDB/pdb_cache/4wno.cif	TPO	TPO	OG1	CB	ok	1.618171670991036	114.36732286554452	-61.335011501700386	55.273897040471546	ARG:137	ARG	NH1	2.76489368313408	2.0	2.0	ARG:137	ARG	NH1	2.76489368313408	HOH:656	O	2.61654791294612	4.0	20.0	salt_bridge_like			exposed				0.0	0.0		modified	1.618171670991036	55.79039476342756	33.391783298934676	same	toward				
O75385	4WNP	A	180	TPO_single	1	1	1.88	TPO	78		2	7-280	7-280	TPO	/mnt/c/Users/drpat/OneDrive - UGent/Desktop/PD/Phospho-fill/Validation-allPDB/pdb_cache/4wnp.cif	TPO	TPO	OG1	CB	ok	1.604936765993919	113.82420635029438	-55.17783165180347	61.01780548337314	ARG:170	ARG	NH2	2.756589248649883	2.0	3.0	ARG:170	ARG	NH2	2.756589248649883	HOH:403	O	2.544834658533075	4.0	19.0	salt_bridge_like			exposed				0.0	0.0		modified	1.604936765993919	24.09067973737616	34.49931367956329	same	toward				
Q9NWZ3	4Y73	C	342	TPO_mixed_with_SEP	2	3	2.14	TPO	362		4	164-337,342-460	164-337,342-460	TPO,TPO	/mnt/c/Users/drpat/OneDrive - UGent/Desktop/PD/Phospho-fill/Validation-allPDB/pdb_cache/4y73.cif	TPO	TPO	OG1	CB	ok	1.547505888878464	117.59766788868558	-71.97344589420547	48.49359597739818	LYS:441	LYS	NZ	2.8005218510679204	2.0	2.0	LYS:441	LYS	NZ	2.8005218510679204	HOH:1106	O	2.869964118197433	1.0	14.0	salt_bridge_like			intermediate	TPO:345	TPO	15.116454703666928	0.0	0.0		modified	1.547505888878464	51.16620900131878	28.10814171888863	same	toward				
Q9NWZ3	4Y73	C	345	TPO_mixed_with_SEP	2	3	2.14	TPO	362		4	164-337,342-460	164-337,342-460	TPO,TPO	/mnt/c/Users/drpat/OneDrive - UGent/Desktop/PD/Phospho-fill/Validation-allPDB/pdb_cache/4y73.cif	TPO	TPO	OG1	CB	ok	1.5813591774584679	118.08137346819812	-97.68533238371356	30.693933763003773	ARG:334	ARG	NH1	2.8269380267616584	1.0	3.0	ARG:334	ARG	NH1	2.8269380267616584	HOH:1200	O	3.1047514769580453	1.0	21.0	salt_bridge_like			intermediate	SEP:346	SEP	5.894949146887628	1.0	1.0	SEP:346@5.89	modified	1.5813591774584679	51.785867338553565	94.72141967327038	same	toward				
Q9NWZ3	4YO6	A	342	TPO_mixed_with_SEP	2	3	2.32	TPO	363		4	163-216,222-337,341-459	163-216,222-337,341-459	TPO,TPO	/mnt/c/Users/drpat/OneDrive - UGent/Desktop/PD/Phospho-fill/Validation-allPDB/pdb_cache/4yo6.cif	TPO	TPO	OG1	CB	ok	1.5352277164206172	113.89012407200833	-70.56329979731737	46.96535708861052	LYS:441	LYS	NZ	2.624895674507419	2.0	2.0	LYS:441	LYS	NZ	2.624895674507419				0.0	17.0	salt_bridge_like			intermediate	TPO:345	TPO	15.12694205767437	0.0	0.0		modified	1.5352277164206172	71.02704652124463		same	lateral				
Q9NWZ3	4YO6	A	345	TPO_mixed_with_SEP	2	3	2.32	TPO	363		4	163-216,222-337,341-459	163-216,222-337,341-459	TPO,TPO	/mnt/c/Users/drpat/OneDrive - UGent/Desktop/PD/Phospho-fill/Validation-allPDB/pdb_cache/4yo6.cif	TPO	TPO	OG1	CB	ok	1.5513617799978627	117.09988090189658	-89.2626632834561	29.264667584110697	ARG:334	ARG	NH1	2.588081760512591	1.0	2.0	ARG:334	ARG	NH1	2.588081760512591	HOH:629	O	3.0304070931901776	1.0	22.0	salt_bridge_like			intermediate	SEP:346	SEP	5.830101979772431	1.0	1.0	SEP:346@5.83	modified	1.5513617799978627	52.53488274858735	82.04817889522694	same	toward				
Q13153	4ZLO	A	423	TPO_single	1	1	2.5	TPO	292		1	250-278,281-302,308-409,419-543	250-278,281-302,308-409,419-543	TPO	/mnt/c/Users/drpat/OneDrive - UGent/Desktop/PD/Phospho-fill/Validation-allPDB/pdb_cache/4zlo.cif	TPO	TPO	OG1	CB	ok	1.5648573125579173	111.9903674948508	-66.14317923853743	68.1734556920988					0.0	0.0	SER:422	SER	OG	4.779919149611395	HOH:712	O	2.7182657266880805	2.0	7.0	water_mediated_like			exposed				0.0	0.0		modified	1.5648573125579173		23.457751199837297						
Q9NWZ3	4ZTL	D	342	TPO_mixed_with_SEP	2	3	2.39	TPO	364		4	164-195,197-217,222-337,342-460	164-195,197-217,222-337,342-460	TPO,TPO	/mnt/c/Users/drpat/OneDrive - UGent/Desktop/PD/Phospho-fill/Validation-allPDB/pdb_cache/4ztl.cif	TPO	TPO	OG1	CB	ok	1.54323871330006	112.93446434493717	-71.55491321635266	49.10498792735712	LYS:367	LYS	NZ	2.788687278947914	2.0	2.0	LYS:367	LYS	NZ	2.788687278947914	HOH:632	O	7.891808973883103	0.0	14.0	salt_bridge_like			intermediate	TPO:345	TPO	15.068572220653275	0.0	0.0		modified	1.54323871330006	35.94489196973266	57.252956652803185	same	toward				
Q9NWZ3	4ZTL	D	345	TPO_mixed_with_SEP	2	3	2.39	TPO	364		4	164-195,197-217,222-337,342-460	164-195,197-217,222-337,342-460	TPO,TPO	/mnt/c/Users/drpat/OneDrive - UGent/Desktop/PD/Phospho-fill/Validation-allPDB/pdb_cache/4ztl.cif	TPO	TPO	OG1	CB	ok	1.5550507560867148	116.13210815788996	-73.70671280989254	46.42358387394417	ARG:347	ARG	NH1	2.8680565009519587	2.0	3.0	ARG:347	ARG	NH1	2.8680565009519587				0.0	25.0	salt_bridge_like			buried	SEP:346	SEP	5.463049770785069	1.0	1.0	SEP:346@5.46	modified	1.5550507560867148	56.467110040634935		same	toward				
Q9NWZ3	4ZTN	A	342	TPO_mixed_with_SEP	2	3	2.23	TPO	365		4	163-216,221-337,342-459	163-216,221-337,342-459	TPO,TPO	/mnt/c/Users/drpat/OneDrive - UGent/Desktop/PD/Phospho-fill/Validation-allPDB/pdb_cache/4ztn.cif	TPO	TPO	OG1	CB	ok	1.5493621316609945	116.36662531982651	-72.43641596680611	48.276239837066974	LYS:441	LYS	NZ	2.738225816129477	2.0	2.0	LYS:441	LYS	NZ	2.738225816129477				0.0	14.0	salt_bridge_like			intermediate	TPO:345	TPO	15.167932611618633	0.0	0.0		modified	1.5493621316609945	74.23416002622889		opposite	lateral				
Q9NWZ3	4ZTN	A	345	TPO_mixed_with_SEP	2	3	2.23	TPO	365		4	163-216,221-337,342-459	163-216,221-337,342-459	TPO,TPO	/mnt/c/Users/drpat/OneDrive - UGent/Desktop/PD/Phospho-fill/Validation-allPDB/pdb_cache/4ztn.cif	TPO	TPO	OG1	CB	ok	1.5614595154113249	119.36436824345022	-94.10625694057795	31.152971532521917	ARG:334	ARG	NH1	2.6924667760303787	1.0	3.0	ARG:334	ARG	NH1	2.6924667760303787				0.0	20.0	salt_bridge_like			intermediate	SEP:346	SEP	6.086050020562144	1.0	1.0	SEP:346@6.09	modified	1.5614595154113249	51.09022950137466		same	toward				
P33981	5AP0	A	686	TPO_single	1	1	2.15	TPO	246		4	519-669,683-698,711-795	519-669,683-698,711-795	TPO	/mnt/c/Users/drpat/OneDrive - UGent/Desktop/PD/Phospho-fill/Validation-allPDB/pdb_cache/5ap0.cif	TPO	TPO	OG1	CB	ok	1.5712395341693217	113.6931882308	-61.149021728199415	68.74553329990941	LYS:743	LYS	NZ	6.496581393410889	0.0	0.0	ASN:688	ASN	ND2	2.82081094773858	HOH:2044	O	5.587991860572909	0.0	19.0	hbond_like			intermediate				0.0	0.0		modified	1.5712395341693217	78.75001757018882	159.2868048497031	same	lateral				
P33981	5AP1	A	675	TPO_mixed_with_SEP	3	4	2.05	TPO	247		4	519-681,684-700,708-795	519-681,684-700,708-795	TPO,TPO,TPO	/mnt/c/Users/drpat/OneDrive - UGent/Desktop/PD/Phospho-fill/Validation-allPDB/pdb_cache/5ap1.cif	TPO	TPO	OG1	CB	ok	1.5706220287753572	118.1555435586565	-99.14494997524703	23.78823648838216					0.0	0.0					HOH:2080	O	2.683447543591727	5.0	22.0	water_mediated_like			exposed	SEP:677	SEP	4.728091288856524	2.0	2.0	TPO:676@5.83;SEP:677@4.73	modified	1.5706220287753572		39.80457748691537						
P33981	5AP1	A	676	TPO_mixed_with_SEP	3	4	2.05	TPO	247		4	519-681,684-700,708-795	519-681,684-700,708-795	TPO,TPO,TPO	/mnt/c/Users/drpat/OneDrive - UGent/Desktop/PD/Phospho-fill/Validation-allPDB/pdb_cache/5ap1.cif	TPO	TPO	OG1	CB	ok	1.5541647871065394	113.12541633199027	-44.49807992972958	79.27240687007817					0.0	0.0					HOH:2083	O	2.715788329344623	1.0	9.0	water_mediated_like			intermediate	TPO:675	TPO	5.832630900599625	2.0	2.0	TPO:675@5.83;SEP:677@6.15	modified	1.5541647871065394		63.42160789319291						
P33981	5AP1	A	686	TPO_mixed_with_SEP	3	4	2.05	TPO	247		4	519-681,684-700,708-795	519-681,684-700,708-795	TPO,TPO,TPO	/mnt/c/Users/drpat/OneDrive - UGent/Desktop/PD/Phospho-fill/Validation-allPDB/pdb_cache/5ap1.cif	TPO	TPO	OG1	CB	ok	1.5798501824083522	115.06391465645608	-60.0516545402291	71.0338734099867	LYS:743	LYS	NZ	6.285035854536634	0.0	0.0	ASN:688	ASN	ND2	2.796855965075585	HOH:2046	O	2.7434931847676545	2.0	15.0	hbond_like			exposed	TPO:675	TPO	17.25576864713943	0.0	0.0		modified	1.5798501824083522	83.75226795859481	56.42257857504488	same	lateral				
D3KVM3	5AZI	B	276	TPO_single	1	1	2.45	TPO	12		2	1-511	1-511	TPO	/mnt/c/Users/drpat/OneDrive - UGent/Desktop/PD/Phospho-fill/Validation-allPDB/pdb_cache/5azi.cif	TPO	TPO	OG1	CB	ok	1.6470212066365222	129.2777513338798	-39.545615293463996	79.10693061158732	HIS:33	HIS	CE1	6.707286535877232	0.0	0.0	THR:12	THR	OG1	2.8295903287898265	HOH:712	O	3.476919719888628	1.0	21.0	hbond_like			intermediate				0.0	0.0		modified	1.6470212066365222	49.93650687602959	25.8260729807463	opposite	toward				
Q9H8S9	5BRK	A	12	TPO_only_multi_2	2	2	2.3	TPO	347		2	10-21,27-101,106-212	10-21,27-101,106-212	TPO,TPO	/mnt/c/Users/drpat/OneDrive - UGent/Desktop/PD/Phospho-fill/Validation-allPDB/pdb_cache/5brk.cif	TPO	TPO	OG1	CB	ok	1.6105576406920201	111.82490718627197	-6.2301852237763935	111.71845828439174	ARG:157	ARG	NH2	2.628011274166598	3.0	3.0	ARG:157	ARG	NH2	2.628011274166598	HOH:405	O	2.2498029372958293	3.0	24.0	salt_bridge_like			exposed	TPO:35	TPO	30.120127917991102	0.0	0.0		modified	1.6105576406920201	60.14684788434908	71.39270370686195	same	lateral				
Q9H8S9	5BRK	A	35	TPO_only_multi_2	2	2	2.3	TPO	347		2	10-21,27-101,106-212	10-21,27-101,106-212	TPO,TPO	/mnt/c/Users/drpat/OneDrive - UGent/Desktop/PD/Phospho-fill/Validation-allPDB/pdb_cache/5brk.cif	TPO	TPO	OG1	CB	ok	1.6138489593776726	110.47645313593551	-12.067018825897831	110.2020045474611	LYS:184	LYS	NZ	2.6938548383092624	1.0	1.0	SER:38	SER	OG	2.241970288116985				0.0	22.0	salt_bridge_like			intermediate	TPO:12	TPO	30.120127917991102	0.0	0.0		modified	1.6138489593776726	28.824861316894896		opposite	toward				
O75385	5CI7	A	180	TPO_single	1	1	1.74	TPO	79		2	3-279	3-279	TPO	/mnt/c/Users/drpat/OneDrive - UGent/Desktop/PD/Phospho-fill/Validation-allPDB/pdb_cache/5ci7.cif	TPO	TPO	OG1	CB	ok	1.5916340628082486	114.75628218449951	-52.780927444480824	64.74661466444837	ARG:170	ARG	NH2	2.817673388859435	2.0	3.0	ARG:170	ARG	NH2	2.817673388859435	HOH:516	O	2.5726487307662484	3.0	21.0	salt_bridge_like			exposed				0.0	0.0		modified	1.5916340628082486	28.793501891581954	34.59500563469468	same	toward				
P24941	5CYI	A	160	TPO_single	1	1	2.0	TPO	168		3	1-298	1-298	TPO	/mnt/c/Users/drpat/OneDrive - UGent/Desktop/PD/Phospho-fill/Validation-allPDB/pdb_cache/5cyi.cif	TPO	TPO	OG1	CB	ok	1.6468558388234313	121.47508275345	-68.78966502048566	53.92979703781537	ARG:126	ARG	NH2	2.812656094274027	3.0	3.0	ARG:126	ARG	NH2	2.812656094274027	HOH:408	O	2.48015025776627	2.0	22.0	salt_bridge_like			exposed				0.0	0.0		modified	1.6468558388234313	40.38147737775263	75.08801198729493	same	toward				
Q13153	5DFP	A	423	TPO_single	1	1	2.2	TPO	293		1	249-541	249-541	TPO	/mnt/c/Users/drpat/OneDrive - UGent/Desktop/PD/Phospho-fill/Validation-allPDB/pdb_cache/5dfp.cif	TPO	TPO	OG1	CB	ok	1.6095523394287128	110.61387153049245	-63.48674932781902	55.665007148966154	ARG:421	ARG	NH1	3.0740812147156142	2.0	2.0	ARG:421	ARG	NH1	3.0740812147156142	HOH:702	O	2.0811672941366752	2.0	21.0	salt_bridge_like			exposed				0.0	0.0		modified	1.6095523394287128	8.908566795416332	61.742257364868344	same	toward				
Q13188	5DH3	A	174	TPO_only_multi_2	2	2	2.468	TPO	295		5	19-307	19-307	TPO,TPO	/mnt/c/Users/drpat/OneDrive - UGent/Desktop/PD/Phospho-fill/Validation-allPDB/pdb_cache/5dh3.cif	TPO	TPO	OG1	CB	ok	1.5659018612559188	119.34186034040862	-65.58754234801476	53.93043030769381	ARG:141	ARG	NH2	4.176934940676637	0.0	1.0	ARG:141	ARG	NH2	4.176934940676637				0.0	8.0	none_obvious			intermediate	TPO:180	TPO	19.704595157743363	0.0	0.0		modified	1.5659018612559188	58.72977884556888		same	toward				
Q13188	5DH3	A	180	TPO_only_multi_2	2	2	2.468	TPO	295		5	19-307	19-307	TPO,TPO	/mnt/c/Users/drpat/OneDrive - UGent/Desktop/PD/Phospho-fill/Validation-allPDB/pdb_cache/5dh3.cif	TPO	TPO	OG1	CB	ok	1.563625012145363	119.0410735907216	21.71475143330315	142.02953728805699	ARG:178	ARG	NE	2.3850408273733907	2.0	2.0	ARG:178	ARG	NE	2.3850408273733907	HOH:507	O	4.747597870236201	0.0	20.0	salt_bridge_like			intermediate	TPO:174	TPO	19.704595157743363	0.0	0.0		modified	1.563625012145363	64.53561738348756	85.07370023440598	opposite	lateral				
O14965	5DN3	A	288	TPO_single	1	1	2.05	TPO	29		2	125-389	125-389	TPO	/mnt/c/Users/drpat/OneDrive - UGent/Desktop/PD/Phospho-fill/Validation-allPDB/pdb_cache/5dn3.cif	TPO	TPO	OG1	CB	ok	1.5558384774503249	115.53015679492857	-69.12682073498092	54.579606605414256	LYS:143	LYS	NZ	2.888392385029276	1.0	2.0	LYS:143	LYS	NZ	2.888392385029276	HOH:539	O	2.7206832958446316	2.0	21.0	salt_bridge_like			exposed				0.0	0.0		modified	1.5558384774503249	40.78051596552457	35.67717871986269	same	toward				
O14965	5DNR	A	288	TPO_single	1	1	1.95	TPO	30		2	126-390	126-390	TPO	/mnt/c/Users/drpat/OneDrive - UGent/Desktop/PD/Phospho-fill/Validation-allPDB/pdb_cache/5dnr.cif	TPO	TPO	OG1	CB	ok	1.6097427924367955	120.50873946621616	-69.51153372396028	52.38936185261554	LYS:143	LYS	NZ	2.7728735653410417	1.0	2.0	LYS:143	LYS	NZ	2.7728735653410417	HOH:564	O	3.3207205331042293	1.0	19.0	salt_bridge_like			intermediate				0.0	0.0		modified	1.6097427924367955	35.696340010056154	82.12994906780519	same	toward				
O14965	5DT3	A	287	TPO_single	1	1	2.33	TPO	31		2	127-390	127-390	TPO	/mnt/c/Users/drpat/OneDrive - UGent/Desktop/PD/Phospho-fill/Validation-allPDB/pdb_cache/5dt3.cif	TPO	TPO	OG1	CB	ok	1.6207087138191538	124.98545908021147	-51.57544548518956	67.27653579122071	ARG:180	ARG	NH1	2.9823768096198378	2.0	4.0	ARG:180	ARG	NH1	2.9823768096198378	HOH:513	O	4.586452134366177	0.0	30.0	salt_bridge_like			buried				0.0	0.0		modified	1.6207087138191538	41.975321995555596	48.1360606643016	opposite	toward				
P42527	5DYJ	A	612	TPO_single	1	1	2.5	TPO	260		1	552-809	552-809	TPO	/mnt/c/Users/drpat/OneDrive - UGent/Desktop/PD/Phospho-fill/Validation-allPDB/pdb_cache/5dyj.cif	TPO	TPO	OG1	CB	ok	1.611267383960042	107.89811083187634	-83.49254659424909	37.28939743819165	LYS:615	LYS	CE	6.5431903184580875	0.0	0.0	THR:614	THR	OG1	3.473464793494297				0.0	13.0	hbond_like			intermediate				0.0	0.0		modified	1.611267383960042	101.64595642071416		opposite	lateral				
Q14004	5EFQ	C	871	TPO_single	1	1	2.0	TPO	299		1	697-775,785-1031	697-775,785-1031	TPO	/mnt/c/Users/drpat/OneDrive - UGent/Desktop/PD/Phospho-fill/Validation-allPDB/pdb_cache/5efq.cif	TPO	TPO	OG1	CB	ok	1.5687801906457135	120.88634904364937	-67.42278158789068	50.96323320771148	ARG:836	ARG	NH1	2.887974002214172	2.0	2.0	ARG:836	ARG	NH1	2.887974002214172	HOH:1240	O	7.76792742570372	0.0	16.0	salt_bridge_like			intermediate				0.0	0.0		modified	1.5687801906457135	57.83981844477877	7.179849921200044	same	toward				
O14965	5EW9	A	287	TPO_only_multi_2	2	2	2.181	TPO	32		2	127-280,286-390	127-280,286-390	TPO,TPO	/mnt/c/Users/drpat/OneDrive - UGent/Desktop/PD/Phospho-fill/Validation-allPDB/pdb_cache/5ew9.cif	TPO	TPO	OG1	CB	ok	1.6143259351017967	110.69814769303868	-65.50070093077306	53.86731640042529	ARG:286	ARG	NE	5.906165574380496	0.0	1.0	ARG:286	ARG	NE	5.906165574380496				0.0	5.0	none_obvious			intermediate	TPO:288	TPO	9.17657416028448	0.0	1.0	TPO:288@9.18	modified	1.6143259351017967	72.62395347168464		same	lateral				
O14965	5EW9	A	288	TPO_only_multi_2	2	2	2.181	TPO	32		2	127-280,286-390	127-280,286-390	TPO,TPO	/mnt/c/Users/drpat/OneDrive - UGent/Desktop/PD/Phospho-fill/Validation-allPDB/pdb_cache/5ew9.cif	TPO	TPO	OG1	CB	ok	1.6081526745062977	110.43682925360126	-29.696399873009273	87.03580035950472	HIS:176	HIS	CD2	7.261239635345743	0.0	0.0	GLN:177	GLN	OE1	4.816436197513103	HOH:1143	O	4.793411914506747	0.0	3.0	none_obvious			intermediate	TPO:287	TPO	9.17657416028448	0.0	1.0	TPO:287@9.18	modified	1.6081526745062977	4.811769203230182	26.604024866212146	same	toward				
Q6DE08	5EYK	B	248	TPO_single	1	1	1.93	TPO	316		1	81-356	81-356	TPO	/mnt/c/Users/drpat/OneDrive - UGent/Desktop/PD/Phospho-fill/Validation-allPDB/pdb_cache/5eyk.cif	TPO	TPO	OG1	CB	ok	1.528084283613278	113.21987566682725	-50.828895251547344	69.59331811093645	ARG:215	ARG	NH1	2.7566566859581227	3.0	4.0	ARG:215	ARG	NH1	2.7566566859581227	HOH:537	O	2.694835833055583	2.0	24.0	salt_bridge_like			exposed				0.0	0.0		modified	1.528084283613278	57.00728763030743	73.31097895868997	same	toward				
O14965	5G1X	A	288	TPO_single	1	1	1.72	TPO	33		2	126-389	126-389	TPO	/mnt/c/Users/drpat/OneDrive - UGent/Desktop/PD/Phospho-fill/Validation-allPDB/pdb_cache/5g1x.cif	TPO	TPO	OG1	CB	ok	1.6055147045596814	110.11040583433476	-42.56351041000361	76.07284633330659	ARG:180	ARG	NH1	2.611036329890093	3.0	5.0	ARG:180	ARG	NH1	2.611036329890093	HOH:2125	O	2.791697938674334	2.0	27.0	salt_bridge_like			exposed				0.0	0.0		modified	1.6055147045596814	40.39112625708332	91.04980172679913	same	toward				
Q9NYL2	5HES	A	161	TPO_single	1	1	2.14	TPO	423		1	6-161,168-299	6-161,168-299	TPO	/mnt/c/Users/drpat/OneDrive - UGent/Desktop/PD/Phospho-fill/Validation-allPDB/pdb_cache/5hes.cif	TPO	TPO	OG1	CB	ok	1.642793577326367	120.40904365551418	19.33602695912114	140.77184422901752	HIS:158	HIS	NE2	2.138426276780351	1.0	3.0	HIS:158	HIS	NE2	2.138426276780351				0.0	19.0	salt_bridge_like			intermediate				0.0	0.0		modified	1.642793577326367	52.95943726840354		opposite	toward				
P49841	5HLP	A	277	TPO_mixed_with_PTR	1	2	2.45	TPO	270		3	36-119,125-287,291-382	36-119,125-287,291-382	TPO	/mnt/c/Users/drpat/OneDrive - UGent/Desktop/PD/Phospho-fill/Validation-allPDB/pdb_cache/5hlp.cif	TPO	TPO	OG1	CB	ok	1.7394928106310257	132.05292936609513	-3.8982251144127984	121.81531213767275	ARG:282	ARG	NH2	7.486138071024372	0.0	0.0	GLN:280	GLN	NE2	4.263411228365871				0.0	14.0	none_obvious			intermediate	PTR:216	PTR	27.752071113307895	0.0	0.0		modified	1.7394928106310257	75.13427615173987		same	lateral				
Q6DE08	5K3Y	B	248	TPO_single	1	1	1.6	TPO	317		1	79-356	79-356	TPO	/mnt/c/Users/drpat/OneDrive - UGent/Desktop/PD/Phospho-fill/Validation-allPDB/pdb_cache/5k3y.cif	TPO	TPO	OG1	CB	ok	1.5291755152230428	113.55190964611849	-58.7786209506087	65.9277200522815	ARG:215	ARG	NH1	2.781982840117021	3.0	4.0	ARG:215	ARG	NH1	2.781982840117021	HOH:604	O	2.7839409502669397	2.0	25.0	salt_bridge_like			exposed				0.0	0.0		modified	1.5291755152230428	56.03198312649878	80.44973167682224	same	toward				
A0A0R6L508	5K4P	A	285	TPO_single	1	1	1.318	TPO	0		1	218-541	218-541	TPO	/mnt/c/Users/drpat/OneDrive - UGent/Desktop/PD/Phospho-fill/Validation-allPDB/pdb_cache/5k4p.cif	TPO	TPO	OG1	CB	ok	1.5764511644995483	121.771296149221	-66.5441102653899	45.841258746836544	HIS:466	HIS	NE2	3.2296068429198654	3.0	4.0	GLU:246	GLU	OE2	2.885591834105051	HOH:705	O	2.668128825738459	6.0	32.0	salt_bridge_like			exposed				0.0	0.0		modified	1.5764511644995483	81.07026413412578	68.10568467023788	same	lateral				
Q9NWZ3	5K72	A	345	TPO_mixed_with_SEP	1	2	2.22	TPO	366		4	164-216,226-335,343-458	164-216,226-335,343-458	TPO	/mnt/c/Users/drpat/OneDrive - UGent/Desktop/PD/Phospho-fill/Validation-allPDB/pdb_cache/5k72.cif	TPO	TPO	OG1	CB	ok	1.5721971484703328	118.39634595217122	-107.91414691073271	20.82418624228767	ARG:334	ARG	NH2	2.7946280931817706	2.0	3.0	ARG:334	ARG	NH2	2.7946280931817706	HOH:625	O	6.915634657781687	0.0	26.0	salt_bridge_like			buried	SEP:346	SEP	5.843332315195503	1.0	1.0	SEP:346@5.84	modified	1.5721971484703328	57.25251018726532	70.51436538429478	same	toward				
Q9NWZ3	5K75	C	345	TPO_mixed_with_SEP	1	2	2.03	TPO	367		4	164-215,221-336,343-458	164-215,221-336,343-458	TPO	/mnt/c/Users/drpat/OneDrive - UGent/Desktop/PD/Phospho-fill/Validation-allPDB/pdb_cache/5k75.cif	TPO	TPO	OG1	CB	ok	1.5836951352980455	127.35687607507278	106.98465874142562	-115.6789565630708	ARG:334	ARG	NH2	3.0489332278395094	1.0	3.0	ARG:334	ARG	NH2	3.0489332278395094	HOH:633	O	2.729775791051668	1.0	19.0	salt_bridge_like			intermediate	SEP:346	SEP	6.230883622533589	1.0	1.0	SEP:346@6.23	modified	1.5836951352980455	64.48689020660258	74.73275275971532	same	lateral				
Q9NWZ3	5K7G	C	345	TPO_mixed_with_SEP	1	2	2.23	TPO	368		4	164-216,220-335,343-458	164-216,220-335,343-458	TPO	/mnt/c/Users/drpat/OneDrive - UGent/Desktop/PD/Phospho-fill/Validation-allPDB/pdb_cache/5k7g.cif	TPO	TPO	OG1	CB	ok	1.5644144150705814	126.9475840741967	106.39799577536844	-116.11255261656734	ARG:334	ARG	NH2	2.81120923287534	1.0	2.0	ARG:334	ARG	NH2	2.81120923287534				0.0	21.0	salt_bridge_like			intermediate	SEP:346	SEP	6.253113624030784	1.0	1.0	SEP:346@6.25	modified	1.5644144150705814	64.036621583542		same	lateral				
Q9NWZ3	5K7I	A	345	TPO_mixed_with_SEP	1	2	2.31	TPO	369		4	164-215,226-252,257-335,343-458	164-215,226-252,257-335,343-458	TPO	/mnt/c/Users/drpat/OneDrive - UGent/Desktop/PD/Phospho-fill/Validation-allPDB/pdb_cache/5k7i.cif	TPO	TPO	OG1	CB	ok	1.5712839463868895	120.68735528500362	-78.9581418235772	51.10767966359117	ARG:334	ARG	NH2	2.808345716388075	1.0	3.0	ARG:334	ARG	NH2	2.808345716388075				0.0	26.0	salt_bridge_like			buried	SEP:346	SEP	5.8499249822011565	1.0	1.0	SEP:346@5.85	modified	1.5712839463868895	42.319957554146576		same	toward				
O14965	5L8K	A	288	TPO_single	1	1	1.79	TPO	34		2	126-392	126-392	TPO	/mnt/c/Users/drpat/OneDrive - UGent/Desktop/PD/Phospho-fill/Validation-allPDB/pdb_cache/5l8k.cif	TPO	TPO	OG1	CB	ok	1.6229163522891843	120.60399204272987	100.11812694588563	-128.90082279625813	ARG:255	ARG	NE	7.0509343258087815	0.0	0.0	THR:287	THR	OG1	6.305290871119386	HOH:601	O	1.4545547001698695	1.0	6.0	water_mediated_like			intermediate				0.0	0.0		modified	1.6229163522891843	90.55305669725547	42.17250427076479	opposite	lateral				
O14965	5L8L	A	288	TPO_single	1	1	1.67	TPO	35		2	126-389	126-389	TPO	/mnt/c/Users/drpat/OneDrive - UGent/Desktop/PD/Phospho-fill/Validation-allPDB/pdb_cache/5l8l.cif	TPO	TPO	OG1	CB	ok	1.6212001746222942	112.10859419207577	-77.53902296445824	45.25862828506871	ARG:255	ARG	NE	3.3838901033255184	1.0	2.0	ASP:256	ASP	OD1	2.7656365773974736	HOH:728	O	2.892478134848192	2.0	24.0	salt_bridge_like			exposed				0.0	0.0		modified	1.6212001746222942	82.34486950195824	65.24403248385705	opposite	lateral				
P41743	5LI1	A	412	TPO_mixed_with_SEP	2	3	2.0	TPO	258		3	248-455,466-589	248-455,466-589	TPO,TPO	/mnt/c/Users/drpat/OneDrive - UGent/Desktop/PD/Phospho-fill/Validation-allPDB/pdb_cache/5li1.cif	TPO	TPO	OG1	CB	ok	1.6222947462872042	110.57401179988973	-61.11848217493056	57.99439662716234	ARG:377	ARG	NH2	2.708995981274894	2.0	2.0	THR:410	THR	OG1	2.4966748317202874	HOH:756	O	2.7382670217093144	2.0	26.0	salt_bridge_like			exposed	TPO:564	TPO	27.69564044150715	0.0	0.0		modified	1.6222947462872042	51.85529150907911	68.66224459929644	same	toward				
P41743	5LI1	A	564	TPO_mixed_with_SEP	2	3	2.0	TPO	258		3	248-455,466-589	248-455,466-589	TPO,TPO	/mnt/c/Users/drpat/OneDrive - UGent/Desktop/PD/Phospho-fill/Validation-allPDB/pdb_cache/5li1.cif	TPO	TPO	OG1	CB	ok	1.6193489209707994	112.29911448259402	-71.12604825911974	49.17762286328488	LYS:286	LYS	NZ	2.5606760019971464	4.0	4.0	LYS:286	LYS	NZ	2.5606760019971464	HOH:772	O	2.8003035612785374	1.0	23.0	salt_bridge_like			intermediate	TPO:412	TPO	27.69564044150715	0.0	0.0		modified	1.6193489209707994	60.21425509388442	34.04199939041896	same	lateral				
P41743	5LI9	A	412	TPO_only_multi_2	2	2	1.79	TPO	259		3	248-453,466-589	248-453,466-589	TPO,TPO	/mnt/c/Users/drpat/OneDrive - UGent/Desktop/PD/Phospho-fill/Validation-allPDB/pdb_cache/5li9.cif	TPO	TPO	OG1	CB	ok	1.6078962209482277	109.19669349341153	-62.681067610111484	54.00256232667735	ARG:377	ARG	NH1	2.770736046657965	2.0	2.0	THR:410	THR	OG1	2.476894005045774	HOH:743	O	2.6309927475415757	5.0	26.0	salt_bridge_like			exposed	TPO:564	TPO	30.451759484224862	0.0	0.0		modified	1.6078962209482277	50.56088055635246	39.69601563623551	same	toward				
P41743	5LI9	A	564	TPO_only_multi_2	2	2	1.79	TPO	259		3	248-453,466-589	248-453,466-589	TPO,TPO	/mnt/c/Users/drpat/OneDrive - UGent/Desktop/PD/Phospho-fill/Validation-allPDB/pdb_cache/5li9.cif	TPO	TPO	OG1	CB	ok	1.6223842695717858	113.46187551674751	-69.1834531904837	50.33803687408214	LYS:267	LYS	NZ	2.6209949545611213	4.0	4.0	LYS:267	LYS	NZ	2.6209949545611213	HOH:748	O	2.648535109964408	3.0	25.0	salt_bridge_like			exposed	TPO:412	TPO	30.451759484224862	0.0	0.0		modified	1.6223842695717858	51.19299827529138	36.31822870616324	same	toward				
P24941	5LMK	A	160	TPO_single	1	1	2.4	TPO	169		3	1-38,41-298	1-38,41-298	TPO	/mnt/c/Users/drpat/OneDrive - UGent/Desktop/PD/Phospho-fill/Validation-allPDB/pdb_cache/5lmk.cif	TPO	TPO	OG1	CB	ok	1.612346603361173	121.83644643130837	-66.85081284017177	59.08775774625982	ARG:126	ARG	NH1	2.8179882705504	3.0	3.0	ARG:126	ARG	NH1	2.8179882705504	HOH:434	O	2.8503915568702975	1.0	23.0	salt_bridge_like			intermediate				0.0	0.0		modified	1.612346603361173	54.446185811301305	67.08428287095701	same	toward				
O22476	5LPB	A	1039	TPO_mixed_with_SEP	1	4	1.98	TPO	69		4	867-971,975-1087,1095-1160	867-971,975-1087,1095-1160	TPO	/mnt/c/Users/drpat/OneDrive - UGent/Desktop/PD/Phospho-fill/Validation-allPDB/pdb_cache/5lpb.cif	TPO	TPO	OG1	CB	ok	1.6109828120636551	107.9598169223809	-40.13971904249005	78.69048761370404	HIS:1040	HIS	ND1	2.500259505713423	1.0	1.0	HIS:1040	HIS	ND1	2.500259505713423	HOH:1304	O	6.413271354927027	0.0	9.0	salt_bridge_like			intermediate	SEP:1060	SEP	9.410572964646102	0.0	2.0	SEP:1042@9.70;SEP:1060@9.41	modified	1.6109828120636551	75.84516183680263	107.35440078791754	same	lateral				
O22476	5LPW	A	1039	TPO_mixed_with_SEP	1	4	2.431	TPO	70		4	866-971,975-1086,1095-1160	866-971,975-1086,1095-1160	TPO	/mnt/c/Users/drpat/OneDrive - UGent/Desktop/PD/Phospho-fill/Validation-allPDB/pdb_cache/5lpw.cif	TPO	TPO	OG1	CB	ok	1.61083009651768	106.7234955096629	-52.911660113459654	67.34066139761305	HIS:1040	HIS	ND1	2.703609379985803	1.0	1.0	HIS:1040	HIS	ND1	2.703609379985803				0.0	9.0	salt_bridge_like			intermediate	SEP:1042	SEP	9.215483307485732	0.0	2.0	SEP:1042@9.22;SEP:1060@11.45	modified	1.61083009651768	51.33242785317406		same	toward				
O22476	5LPY	A	1039	TPO_mixed_with_SEP	1	4	2.3	TPO	71		4	867-1086,1095-1160	867-1086,1095-1160	TPO	/mnt/c/Users/drpat/OneDrive - UGent/Desktop/PD/Phospho-fill/Validation-allPDB/pdb_cache/5lpy.cif	TPO	TPO	OG1	CB	ok	1.6110064983183559	109.10429148519593	-40.374665690381946	77.33634390713185	HIS:1040	HIS	ND1	2.4715876957627505	1.0	1.0	HIS:1040	HIS	ND1	2.4715876957627505	HOH:1305	O	6.742971810399664	0.0	9.0	salt_bridge_like			intermediate	SEP:1042	SEP	9.304502431809343	0.0	2.0	SEP:1042@9.30;SEP:1060@9.70	modified	1.6110064983183559	69.23644327523029	107.37976774792487	same	lateral				
O22476	5LPZ	A	1039	TPO_mixed_with_SEP	1	3	2.48	TPO	72		4	866-1086,1095-1124,1126-1160	866-1086,1095-1124,1126-1160	TPO	/mnt/c/Users/drpat/OneDrive - UGent/Desktop/PD/Phospho-fill/Validation-allPDB/pdb_cache/5lpz.cif	TPO	TPO	OG1	CB	ok	1.6094632502911268	107.66870479013438	-50.092350332935474	69.84712429946546	HIS:1040	HIS	ND1	2.3320444509164706	1.0	2.0	HIS:1040	HIS	ND1	2.3320444509164706	HOH:1309	O	7.361946352819417	0.0	9.0	salt_bridge_like			intermediate	SEP:1042	SEP	9.457416062091804	0.0	1.0	SEP:1042@9.46	modified	1.6094632502911268	64.46128623487218	59.78570961158928	same	lateral				
A0A0R6L508	5LRN	A	285	TPO_single	1	1	1.55	TPO	1		1	219-541	219-541	TPO	/mnt/c/Users/drpat/OneDrive - UGent/Desktop/PD/Phospho-fill/Validation-allPDB/pdb_cache/5lrn.cif	TPO	TPO	OG1	CB	ok	1.6265135285184622	117.87971839132211	-70.29780325448736	46.02625111341345	HIS:478	HIS	NE2	3.0056302871248657	3.0	4.0	GLU:246	GLU	OE2	2.8829622222934854	HOH:710	O	2.398230435383312	6.0	30.0	salt_bridge_like			exposed				0.0	0.0		modified	1.6265135285184622	41.18958504053736	66.16780480186054	same	toward				
O14965	5LXM	A	288	TPO_single	1	1	2.08	TPO	36		2	126-392	126-392	TPO	/mnt/c/Users/drpat/OneDrive - UGent/Desktop/PD/Phospho-fill/Validation-allPDB/pdb_cache/5lxm.cif	TPO	TPO	OG1	CB	ok	1.6123223733738878	109.71775714413332	-49.9873557019094	70.29217624109374	ARG:180	ARG	NH2	2.6229859830735083	3.0	5.0	ARG:180	ARG	NH2	2.6229859830735083	HOH:616	O	3.1659004582821724	1.0	29.0	salt_bridge_like			buried				0.0	0.0		modified	1.6123223733738878	38.97558062850045	66.90697939503443	same	toward				
P33981	5N87	A	686	TPO_single	1	1	2.29	TPO	248		4	519-670,683-698,710-794	519-670,683-698,710-794	TPO	/mnt/c/Users/drpat/OneDrive - UGent/Desktop/PD/Phospho-fill/Validation-allPDB/pdb_cache/5n87.cif	TPO	TPO	OG1	CB	ok	1.6151354779757623	118.76607153885958	-54.32928900169085	70.75185607678436	LYS:743	LYS	NZ	5.6692945118875855	0.0	1.0	ASN:688	ASN	ND2	2.5897099806502	HOH:1063	O	4.051228198312455	0.0	17.0	hbond_like			intermediate				0.0	0.0		modified	1.6151354779757623	74.59764632693441	74.01581162932196	same	lateral				
P33981	5N93	A	686	TPO_single	1	1	2.1	TPO	249		4	519-674,684-698,709-794	519-674,684-698,709-794	TPO	/mnt/c/Users/drpat/OneDrive - UGent/Desktop/PD/Phospho-fill/Validation-allPDB/pdb_cache/5n93.cif	TPO	TPO	OG1	CB	ok	1.6121805486746614	120.54824038574675	-58.08028434872004	66.06474145682517	LYS:743	LYS	NZ	6.034623762666625	0.0	0.0	ASN:688	ASN	ND2	2.6781179964087847	HOH:1017	O	4.916054637551291	0.0	15.0	hbond_like			intermediate				0.0	0.0		modified	1.6121805486746614	78.37510947193171	77.64197355326725	same	lateral				
P33981	5N9S	A	686	TPO_single	1	1	2.3	TPO	250		4	519-673,681-697,710-794	519-673,681-697,710-794	TPO	/mnt/c/Users/drpat/OneDrive - UGent/Desktop/PD/Phospho-fill/Validation-allPDB/pdb_cache/5n9s.cif	TPO	TPO	OG1	CB	ok	1.6056787313773726	118.9183236189426	-55.62239742681741	68.33020144026455	LYS:743	LYS	NZ	5.471187103001079	0.0	1.0	ASN:688	ASN	ND2	2.724464910754674	HOH:1044	O	4.597410664911314	0.0	19.0	hbond_like			intermediate				0.0	0.0		modified	1.6056787313773726	72.11829975259948	32.59693465608298	same	lateral				
P48730	5OKT	A	220	TPO_single	1	1	2.13	TPO	262		2	4-157,163-294	4-157,163-294	TPO	/mnt/c/Users/drpat/OneDrive - UGent/Desktop/PD/Phospho-fill/Validation-allPDB/pdb_cache/5okt.cif	TPO	TPO	OG1	CB	ok	1.6084579189395867	108.39740809236933	-71.03052000450901	49.35609617977732	ARG:227	ARG	NH2	7.660163664597522	0.0	0.0	GLU:226	GLU	OE2	4.003114689387181				0.0	19.0	none_obvious			intermediate				0.0	0.0		modified	1.6084579189395867	109.85218064676239		opposite	lateral				
O14965	5ORL	A	288	TPO_single	1	1	1.69	TPO	37		2	127-391	127-391	TPO	/mnt/c/Users/drpat/OneDrive - UGent/Desktop/PD/Phospho-fill/Validation-allPDB/pdb_cache/5orl.cif	TPO	TPO	OG1	CB	ok	1.6316228789229106	114.48639494386822	-72.35620995069247	49.171695519788514	ARG:285	ARG	NH1	6.974181174197987	0.0	0.0	THR:287	THR	OG1	5.414795489678144	HOH:574	O	6.215599445307752	0.0	9.0	none_obvious			intermediate				0.0	0.0		modified	1.6316228789229106	139.96962139892028	168.44271821610806	opposite	opposite				
O14965	5ORN	A	288	TPO_single	1	1	2.19	TPO	38		2	127-391	127-391	TPO	/mnt/c/Users/drpat/OneDrive - UGent/Desktop/PD/Phospho-fill/Validation-allPDB/pdb_cache/5orn.cif	TPO	TPO	OG1	CB	ok	1.6303715508575212	116.04952883932505	-62.37290270455025	61.594853270990605	ARG:285	ARG	NH1	6.7963543768999	0.0	0.0	THR:287	THR	OG1	3.680805617192409				0.0	7.0	none_obvious			intermediate				0.0	0.0		modified	1.6303715508575212	138.55935158360072		opposite	opposite				
O14965	5ORO	A	288	TPO_single	1	1	2.12	TPO	39		2	127-391	127-391	TPO	/mnt/c/Users/drpat/OneDrive - UGent/Desktop/PD/Phospho-fill/Validation-allPDB/pdb_cache/5oro.cif	TPO	TPO	OG1	CB	ok	1.616572549123643	109.57212308784095	-57.439083745185755	65.44346401218951	ARG:285	ARG	NH1	7.070438362950998	0.0	0.0	THR:287	THR	OG1	4.109466881104237				0.0	7.0	none_obvious			intermediate				0.0	0.0		modified	1.616572549123643	147.67011135565423		opposite	opposite				
O14965	5ORP	A	288	TPO_single	1	1	2.19	TPO	40		2	127-391	127-391	TPO	/mnt/c/Users/drpat/OneDrive - UGent/Desktop/PD/Phospho-fill/Validation-allPDB/pdb_cache/5orp.cif	TPO	TPO	OG1	CB	ok	1.6213837410098535	112.44679149262461	-63.56223933812208	57.06478979456814	ARG:285	ARG	NH1	7.011018608025765	0.0	0.0	THR:287	THR	OG1	5.672709039888037				0.0	6.0	none_obvious			intermediate				0.0	0.0		modified	1.6213837410098535	143.21455593209174		opposite	opposite				
O14965	5ORR	A	288	TPO_single	1	1	2.09	TPO	41		2	127-391	127-391	TPO	/mnt/c/Users/drpat/OneDrive - UGent/Desktop/PD/Phospho-fill/Validation-allPDB/pdb_cache/5orr.cif	TPO	TPO	OG1	CB	ok	1.6110775090312461	107.3745296175171	-64.40361502629787	57.959440601688435	ARG:285	ARG	NH1	7.014629014242934	0.0	0.0	THR:287	THR	OG1	5.457630702352017	HOH:560	O	3.208440896826125	1.0	8.0	water_mediated_like			intermediate				0.0	0.0		modified	1.6110775090312461	140.42221013886913	35.83663227293982	opposite	opposite				
O14965	5ORS	A	288	TPO_single	1	1	1.98	TPO	42		2	127-391	127-391	TPO	/mnt/c/Users/drpat/OneDrive - UGent/Desktop/PD/Phospho-fill/Validation-allPDB/pdb_cache/5ors.cif	TPO	TPO	OG1	CB	ok	1.6185453874920057	109.91577341932987	-70.02309150081501	53.339824252599804	ARG:285	ARG	NH1	6.725406871985571	0.0	0.0	THR:287	THR	OG1	5.281452173466052	HOH:622	O	4.624654775916822	0.0	8.0	none_obvious			intermediate				0.0	0.0		modified	1.6185453874920057	135.12986074714837	60.80859747572883	opposite	opposite				
O14965	5ORV	A	288	TPO_single	1	1	1.88	TPO	43		2	127-391	127-391	TPO	/mnt/c/Users/drpat/OneDrive - UGent/Desktop/PD/Phospho-fill/Validation-allPDB/pdb_cache/5orv.cif	TPO	TPO	OG1	CB	ok	1.6196628108793452	110.78604591568133	-68.92670918506884	52.87203405762169	ARG:285	ARG	NH1	6.817289734502959	0.0	0.0	THR:287	THR	OG1	5.3847560235550525	HOH:592	O	5.608684738942002	0.0	7.0	none_obvious			intermediate				0.0	0.0		modified	1.6196628108793452	138.33209495021023	76.34853097591568	opposite	opposite				
O14965	5ORW	A	288	TPO_single	1	1	2.0	TPO	44		2	127-391	127-391	TPO	/mnt/c/Users/drpat/OneDrive - UGent/Desktop/PD/Phospho-fill/Validation-allPDB/pdb_cache/5orw.cif	TPO	TPO	OG1	CB	ok	1.620187646694938	111.92626813660641	-65.28457228428849	56.96631376514633	ARG:285	ARG	NH1	6.763921506048595	0.0	0.0	THR:287	THR	OG1	5.461640239866393				0.0	7.0	none_obvious			intermediate				0.0	0.0		modified	1.620187646694938	138.26909179707116		opposite	opposite				
O14965	5ORX	A	288	TPO_single	1	1	1.88	TPO	45		2	127-391	127-391	TPO	/mnt/c/Users/drpat/OneDrive - UGent/Desktop/PD/Phospho-fill/Validation-allPDB/pdb_cache/5orx.cif	TPO	TPO	OG1	CB	ok	1.616605269450133	111.35716499094598	-67.53551271465447	55.88473697963573	ARG:285	ARG	NH1	7.033123651462487	0.0	0.0	THR:287	THR	OG1	5.250260687905292				0.0	8.0	none_obvious			intermediate				0.0	0.0		modified	1.616605269450133	144.38472828388188		opposite	opposite				
O14965	5ORY	A	288	TPO_single	1	1	1.99	TPO	46		2	127-391	127-391	TPO	/mnt/c/Users/drpat/OneDrive - UGent/Desktop/PD/Phospho-fill/Validation-allPDB/pdb_cache/5ory.cif	TPO	TPO	OG1	CB	ok	1.6096901412844835	106.71167915103824	-63.21015232126012	58.99145910553997	ARG:285	ARG	NH1	6.941568724710536	0.0	0.0	THR:287	THR	OG1	5.488280310136769				0.0	7.0	none_obvious			intermediate				0.0	0.0		modified	1.6096901412844835	142.1113610833495		opposite	opposite				
O14965	5ORZ	A	288	TPO_single	1	1	1.92	TPO	47		2	127-391	127-391	TPO	/mnt/c/Users/drpat/OneDrive - UGent/Desktop/PD/Phospho-fill/Validation-allPDB/pdb_cache/5orz.cif	TPO	TPO	OG1	CB	ok	1.6099161958788795	106.93063368528992	-59.53547911729772	62.307195986175984	ARG:285	ARG	NH1	7.1661749843659495	0.0	0.0	THR:287	THR	OG1	5.747776100318202	HOH:584	O	7.375346619376687	0.0	6.0	none_obvious			intermediate				0.0	0.0		modified	1.6099161958788795	145.80709853374233	133.9335332376603	opposite	opposite				
O14965	5OS0	A	288	TPO_single	1	1	1.74	TPO	48		2	127-391	127-391	TPO	/mnt/c/Users/drpat/OneDrive - UGent/Desktop/PD/Phospho-fill/Validation-allPDB/pdb_cache/5os0.cif	TPO	TPO	OG1	CB	ok	1.6220880582603487	110.41537909829275	-66.42274315890988	56.33445827476668	ARG:285	ARG	NH1	6.3813496225058906	0.0	0.0	THR:287	THR	OG1	5.43732949845496	HOH:560	O	2.982025660928297	1.0	8.0	water_mediated_like			intermediate				0.0	0.0		modified	1.6220880582603487	136.68681845646836	39.55829364284265	opposite	opposite				
O14965	5OS1	A	288	TPO_single	1	1	1.9	TPO	49		2	127-391	127-391	TPO	/mnt/c/Users/drpat/OneDrive - UGent/Desktop/PD/Phospho-fill/Validation-allPDB/pdb_cache/5os1.cif	TPO	TPO	OG1	CB	ok	1.6200735679411642	109.66936159833313	-64.72693200887637	58.4031792204087	ARG:285	ARG	NH1	6.967280508486046	0.0	0.0	THR:287	THR	OG1	5.517206898778471	HOH:539	O	6.470897327301407	0.0	7.0	none_obvious			intermediate				0.0	0.0		modified	1.6200735679411642	139.45606893830734	170.388513173301	opposite	opposite				
O14965	5OS3	A	288	TPO_single	1	1	1.81	TPO	50		2	127-391	127-391	TPO	/mnt/c/Users/drpat/OneDrive - UGent/Desktop/PD/Phospho-fill/Validation-allPDB/pdb_cache/5os3.cif	TPO	TPO	OG1	CB	ok	1.6226688057666205	111.08005030931417	-70.43652268654138	51.78974723948313	ARG:285	ARG	NH1	6.96707838281145	0.0	0.0	THR:287	THR	OG1	5.188569626168201	HOH:585	O	7.388606411980069	0.0	8.0	none_obvious			intermediate				0.0	0.0		modified	1.6226688057666205	137.3642638306354	29.647081881977854	opposite	opposite				
O14965	5OS4	A	288	TPO_single	1	1	1.88	TPO	51		2	127-391	127-391	TPO	/mnt/c/Users/drpat/OneDrive - UGent/Desktop/PD/Phospho-fill/Validation-allPDB/pdb_cache/5os4.cif	TPO	TPO	OG1	CB	ok	1.6185723912150758	111.17238016752638	-62.34184529893654	60.233239583813585	ARG:285	ARG	NH1	6.915582848810233	0.0	0.0	THR:287	THR	OG1	3.66082265160705	HOH:550	O	7.266411785836426	0.0	6.0	none_obvious			intermediate				0.0	0.0		modified	1.6185723912150758	142.95375280501545	35.27219257369394	opposite	opposite				
O14965	5OS5	A	288	TPO_single	1	1	1.74	TPO	52		2	125-392	125-392	TPO	/mnt/c/Users/drpat/OneDrive - UGent/Desktop/PD/Phospho-fill/Validation-allPDB/pdb_cache/5os5.cif	TPO	TPO	OG1	CB	ok	1.615565342825485	109.09313225812924	-59.09763246020647	63.04534874956364	ARG:285	ARG	NH1	7.01534183720525	0.0	0.0	THR:287	THR	OG1	5.447108753181089	HOH:512	O	2.5397072738710675	2.0	7.0	water_mediated_like			exposed				0.0	0.0		modified	1.615565342825485	136.27025659875036	52.697562530911554	opposite	opposite				
O14965	5OS6	A	288	TPO_single	1	1	2.2	TPO	53		2	127-391	127-391	TPO	/mnt/c/Users/drpat/OneDrive - UGent/Desktop/PD/Phospho-fill/Validation-allPDB/pdb_cache/5os6.cif	TPO	TPO	OG1	CB	ok	1.6234425233680545	113.51694170346157	-71.95171964934812	49.817458260535716	ARG:285	ARG	NH1	6.789404144673532	0.0	0.0	THR:287	THR	OG1	5.2337193812621035				0.0	8.0	none_obvious			intermediate				0.0	0.0		modified	1.6234425233680545	132.77804783741578		opposite	opposite				
O14965	5OSD	A	288	TPO_single	1	1	1.99	TPO	54		2	125-391	125-391	TPO	/mnt/c/Users/drpat/OneDrive - UGent/Desktop/PD/Phospho-fill/Validation-allPDB/pdb_cache/5osd.cif	TPO	TPO	OG1	CB	ok	1.6102890968870083	107.25579502334858	-65.593620432496	56.69082401724507	ARG:285	ARG	NH1	6.786710127342324	0.0	0.0	THR:287	THR	OG1	5.50364911989342				0.0	8.0	none_obvious			intermediate				0.0	0.0		modified	1.6102890968870083	137.1669508226558		opposite	opposite				
O14965	5OSE	A	288	TPO_single	1	1	1.9	TPO	55		2	127-391	127-391	TPO	/mnt/c/Users/drpat/OneDrive - UGent/Desktop/PD/Phospho-fill/Validation-allPDB/pdb_cache/5ose.cif	TPO	TPO	OG1	CB	ok	1.618459172238029	110.49229206080605	-66.96524423779816	55.69020679118775	ARG:285	ARG	NH1	6.934377567339128	0.0	0.0	THR:287	THR	OG1	3.6893368439794796				0.0	7.0	none_obvious			intermediate				0.0	0.0		modified	1.618459172238029	135.16451420985305		opposite	opposite				
O14965	5OSF	A	288	TPO_single	1	1	1.89	TPO	56		2	127-391	127-391	TPO	/mnt/c/Users/drpat/OneDrive - UGent/Desktop/PD/Phospho-fill/Validation-allPDB/pdb_cache/5osf.cif	TPO	TPO	OG1	CB	ok	1.6684683982013313	122.00122510580563	-72.38370702345946	54.18135183391306	ARG:285	ARG	NH1	7.182682104839224	0.0	0.0	THR:287	THR	OG1	5.555539462176309				0.0	7.0	none_obvious			intermediate				0.0	0.0		modified	1.6684683982013313	133.07409290304145		opposite	opposite				
Q9NWZ3	5T1S	C	342	TPO_mixed_with_SEP	2	3	2.3	TPO	370		4	164-215,221-336,342-460	164-215,221-336,342-460	TPO,TPO	/mnt/c/Users/drpat/OneDrive - UGent/Desktop/PD/Phospho-fill/Validation-allPDB/pdb_cache/5t1s.cif	TPO	TPO	OG1	CB	ok	1.5516766069371488	113.11680932434237	-70.42544227634079	50.619402734816454	LYS:367	LYS	NZ	2.7114588423753077	2.0	2.0	LYS:367	LYS	NZ	2.7114588423753077	HOH:10027	O	5.836505686932195	0.0	15.0	salt_bridge_like			intermediate	TPO:345	TPO	15.166652568641183	0.0	0.0		modified	1.5516766069371488	38.14303282037806	135.53210303563097	same	toward				
Q9NWZ3	5T1S	C	345	TPO_mixed_with_SEP	2	3	2.3	TPO	370		4	164-215,221-336,342-460	164-215,221-336,342-460	TPO,TPO	/mnt/c/Users/drpat/OneDrive - UGent/Desktop/PD/Phospho-fill/Validation-allPDB/pdb_cache/5t1s.cif	TPO	TPO	OG1	CB	ok	1.5593349128181868	117.4146922847924	-98.06841147983454	23.70177953990367	ARG:334	ARG	NH2	2.7927763909228656	1.0	3.0	ARG:334	ARG	NH2	2.7927763909228656				0.0	22.0	salt_bridge_like			intermediate	SEP:346	SEP	5.967191578040735	1.0	1.0	SEP:346@5.97	modified	1.5593349128181868	52.00526475275185		same	toward				
Q9NWZ3	5T1T	C	342	TPO_mixed_with_SEP	2	3	2.34	TPO	371		4	164-216,221-337,342-460	164-216,221-337,342-460	TPO,TPO	/mnt/c/Users/drpat/OneDrive - UGent/Desktop/PD/Phospho-fill/Validation-allPDB/pdb_cache/5t1t.cif	TPO	TPO	OG1	CB	ok	1.5450745673745327	112.65991291192451	-66.82858715761779	55.397233283997046	LYS:367	LYS	NZ	2.6566536948107755	2.0	2.0	LYS:367	LYS	NZ	2.6566536948107755				0.0	13.0	salt_bridge_like			intermediate	TPO:345	TPO	15.227461772482956	0.0	0.0		modified	1.5450745673745327	50.529336961971		same	toward				
Q9NWZ3	5T1T	C	345	TPO_mixed_with_SEP	2	3	2.34	TPO	371		4	164-216,221-337,342-460	164-216,221-337,342-460	TPO,TPO	/mnt/c/Users/drpat/OneDrive - UGent/Desktop/PD/Phospho-fill/Validation-allPDB/pdb_cache/5t1t.cif	TPO	TPO	OG1	CB	ok	1.5523931681870036	117.30154275682217	-91.13943307637928	27.824585276091238	ARG:334	ARG	NH1	2.855732234397771	1.0	3.0	ARG:334	ARG	NH1	2.855732234397771	HOH:10005	O	7.581768878091911	0.0	22.0	salt_bridge_like			intermediate	SEP:346	SEP	5.999480129593885	1.0	1.0	SEP:346@6.00	modified	1.5523931681870036	52.01052190872249	144.52051609981874	same	toward				
Q9KJX5	5TJ3	A	79	TPO_single	1	1	1.7	TPO	349		1	24-372,375-545	24-372,375-545	TPO	/mnt/c/Users/drpat/OneDrive - UGent/Desktop/PD/Phospho-fill/Validation-allPDB/pdb_cache/5tj3.cif	TPO	TPO	OG1	CB	ok	1.6009770104541914	106.40672594409082	-64.09427656315809	56.537722235722775	ARG:164	ARG	NH2	2.371145323566317	5.0	5.0	ARG:164	ARG	NH2	2.371145323566317	HOH:896	O	2.7605864602319987	2.0	39.0	salt_bridge_like			exposed				0.0	0.0		modified	1.6009770104541914	48.1685859819889	8.157500479789341	same	toward				
Q9NWZ3	5UIS	B	345	TPO_single	1	1	2.5	TPO	372		4	165-216,224-253,257-336,344-405,408-458	165-216,224-253,257-336,344-405,408-458	TPO	/mnt/c/Users/drpat/OneDrive - UGent/Desktop/PD/Phospho-fill/Validation-allPDB/pdb_cache/5uis.cif	TPO	TPO	OG1	CB	ok	1.5399060164687512	116.91153670045748	-100.24283516183047	31.25987582435939	ARG:334	ARG	NH1	2.9453275051891885	1.0	2.0	ARG:334	ARG	NH1	2.9453275051891885				0.0	19.0	salt_bridge_like			intermediate				0.0	0.0		modified	1.5399060164687512	50.0047203338188		same	toward				
Q9NWZ3	5UIT	A	345	TPO_mixed_with_SEP	1	2	1.84	TPO	373		4	162-215,222-336,342-458	162-215,222-336,342-458	TPO	/mnt/c/Users/drpat/OneDrive - UGent/Desktop/PD/Phospho-fill/Validation-allPDB/pdb_cache/5uit.cif	TPO	TPO	OG1	CB	ok	1.587722745711411	115.71766705526721	-97.84474603026729	19.751209565110667	ARG:334	ARG	NH1	2.604555762455676	1.0	3.0	ARG:334	ARG	NH1	2.604555762455676	HOH:608	O	3.03521784270396	2.0	23.0	salt_bridge_like			exposed	SEP:346	SEP	5.9899581063956395	1.0	1.0	SEP:346@5.99	modified	1.587722745711411	52.92417213190584	90.21031287173318	same	toward				
Q9NWZ3	5UIU	B	342	TPO_mixed_with_SEP	2	3	2.02	TPO	374		4	164-336,342-458	164-336,342-458	TPO,TPO	/mnt/c/Users/drpat/OneDrive - UGent/Desktop/PD/Phospho-fill/Validation-allPDB/pdb_cache/5uiu.cif	TPO	TPO	OG1	CB	ok	1.5773402346330423	117.39324192050498	97.34370708553958	-129.72901506171877	LYS:441	LYS	CE	3.22147734318879	2.0	2.0	THR:365	THR	OG1	3.060369327248322	HOH:4130	O	2.665927738422623	1.0	15.0	salt_bridge_like			intermediate	TPO:345	TPO	15.011167875690393	0.0	0.0		modified	1.5773402346330423	75.32588230654598	41.97107702394192	opposite	lateral				
Q9NWZ3	5UIU	B	345	TPO_mixed_with_SEP	2	3	2.02	TPO	374		4	164-336,342-458	164-336,342-458	TPO,TPO	/mnt/c/Users/drpat/OneDrive - UGent/Desktop/PD/Phospho-fill/Validation-allPDB/pdb_cache/5uiu.cif	TPO	TPO	OG1	CB	ok	1.5724598669613292	118.03564943420554	-81.57514487092647	37.59073832951135	ARG:334	ARG	NH2	2.71210739898713	1.0	3.0	ARG:334	ARG	NH2	2.71210739898713	HOH:4144	O	2.708431175091471	2.0	20.0	salt_bridge_like			exposed	SEP:346	SEP	6.08403458386709	1.0	1.0	SEP:346@6.08	modified	1.5724598669613292	43.838867641154565	42.86290039502193	same	toward				
P28482	5V60	A	185	TPO_mixed_with_PTR	1	2	2.18	TPO	212		2	10-358	10-358	TPO	/mnt/c/Users/drpat/OneDrive - UGent/Desktop/PD/Phospho-fill/Validation-allPDB/pdb_cache/5v60.cif	TPO	TPO	OG1	CB	ok	1.6261968101142794	115.46985545057646	-64.47773558607538	56.517360323367214	ARG:148	ARG	NH2	2.7149197038548247	3.0	3.0	ARG:148	ARG	NH2	2.7149197038548247	HOH:504	O	2.5461864982271325	2.0	26.0	salt_bridge_like			exposed	PTR:187	PTR	15.686066609386572	0.0	0.0		modified	1.6261968101142794	42.743871069282655	76.31585376438967	same	toward				
P28482	5V61	A	185	TPO_mixed_with_PTR	1	2	2.2	TPO	213		2	10-359	10-359	TPO	/mnt/c/Users/drpat/OneDrive - UGent/Desktop/PD/Phospho-fill/Validation-allPDB/pdb_cache/5v61.cif	TPO	TPO	OG1	CB	ok	1.6309200479404988	115.00383323200285	-66.01554123047492	53.923385191644215	ARG:70	ARG	NH1	2.788132303082216	3.0	4.0	ARG:70	ARG	NH1	2.788132303082216	HOH:567	O	4.224972076420472	0.0	25.0	salt_bridge_like			buried	PTR:187	PTR	15.706177129106758	0.0	0.0		modified	1.6309200479404988	27.040700109924504	137.69658434508088	same	toward				
P28482	5V62	A	185	TPO_mixed_with_PTR	1	2	1.9	TPO	214		2	10-360	10-360	TPO	/mnt/c/Users/drpat/OneDrive - UGent/Desktop/PD/Phospho-fill/Validation-allPDB/pdb_cache/5v62.cif	TPO	TPO	OG1	CB	ok	1.5996766099557544	112.42093981533506	-67.0766218072775	52.5861970168857	ARG:70	ARG	NH1	2.7432496447531176	3.0	3.0	ARG:70	ARG	NH1	2.7432496447531176	HOH:678	O	4.387713124625225	0.0	25.0	salt_bridge_like			buried	PTR:187	PTR	15.737617824627625	0.0	0.0		modified	1.5996766099557544	26.97194732297083	40.28854600002897	same	toward				
Q99640	5VCV	A	260	TPO_single	1	1	1.92	TPO	342		1	75-361	75-361	TPO	/mnt/c/Users/drpat/OneDrive - UGent/Desktop/PD/Phospho-fill/Validation-allPDB/pdb_cache/5vcv.cif	TPO	TPO	OG1	CB	ok	1.6235008089846206	112.908524713027	-78.12926147496071	45.329199528202075	LYS:163	LYS	NZ	5.848504259002519	0.0	1.0	GLU:257	GLU	OE2	2.9562922156851776	HOH:502	O	2.0551933240946494	3.0	9.0	hbond_like			exposed				0.0	0.0		modified	1.6235008089846206	109.46500231945265	42.92988680133423	opposite	lateral				
P00517	5VHB	A	198	TPO_mixed_with_SEP	1	3	1.61	TPO	93		4	19-317,323-351	19-317,323-351	TPO	/mnt/c/Users/drpat/OneDrive - UGent/Desktop/PD/Phospho-fill/Validation-allPDB/pdb_cache/5vhb.cif	TPO	TPO	OG1	CB	ok	1.566729392732294	115.74253269267709	-63.46105759651171	58.59947715550653	HIS:88	HIS	NE2	2.772009944738375	3.0	3.0	THR:196	THR	OG1	2.608654872673877	HOH:557	O	2.716888787729991	4.0	24.0	salt_bridge_like			exposed	SEP:339	SEP	31.16737055845719	0.0	0.0		modified	1.566729392732294	74.41965443639015	69.97345595778289	opposite	lateral				
P00517	5VI9	A	198	TPO_single	1	1	1.95	TPO	94		4	15-41,48-317,342-351	15-41,48-317,342-351	TPO	/mnt/c/Users/drpat/OneDrive - UGent/Desktop/PD/Phospho-fill/Validation-allPDB/pdb_cache/5vi9.cif	TPO	TPO	OG1	CB	ok	1.5298508142790561	114.22946195888724	-70.08117096119632	58.92400190051818	ARG:166	ARG	NH1	2.7101392260077315	2.0	3.0	THR:196	THR	OG1	2.6518634808027546	HOH:563	O	2.7371224178594433	2.0	21.0	salt_bridge_like			exposed				0.0	0.0		modified	1.5298508142790561	49.75379798807971	70.61962647145786	same	toward				
P00517	5VIB	A	198	TPO_single	1	1	2.37	TPO	95		4	19-317,327-331,347-351	19-317,327-331,347-351	TPO	/mnt/c/Users/drpat/OneDrive - UGent/Desktop/PD/Phospho-fill/Validation-allPDB/pdb_cache/5vib.cif	TPO	TPO	OG1	CB	ok	1.5641679007957412	117.44377958179979	-71.07998020502144	52.648427463625445	ARG:166	ARG	NH2	2.7761669707505434	3.0	3.0	THR:196	THR	OG1	2.602308782115138	HOH:508	O	2.6822366157377284	2.0	24.0	salt_bridge_like			exposed				0.0	0.0		modified	1.5641679007957412	49.6229763043451	62.02732889136678	same	toward				
Q9NWZ3	5W85	B	342	TPO_mixed_with_SEP	2	3	2.25	TPO	375		4	164-194,197-215,224-336,341-459	164-194,197-215,224-336,341-459	TPO,TPO	/mnt/c/Users/drpat/OneDrive - UGent/Desktop/PD/Phospho-fill/Validation-allPDB/pdb_cache/5w85.cif	TPO	TPO	OG1	CB	ok	1.5534139071951742	116.71441801888635	-62.048327270837724	61.26450566978695	LYS:367	LYS	NZ	2.7862800401756247	2.0	2.0	LYS:367	LYS	NZ	2.7862800401756247				0.0	20.0	salt_bridge_like			intermediate	TPO:345	TPO	15.026370449882375	0.0	0.0		modified	1.5534139071951742	38.582054559215		same	toward				
Q9NWZ3	5W85	B	345	TPO_mixed_with_SEP	2	3	2.25	TPO	375		4	164-194,197-215,224-336,341-459	164-194,197-215,224-336,341-459	TPO,TPO	/mnt/c/Users/drpat/OneDrive - UGent/Desktop/PD/Phospho-fill/Validation-allPDB/pdb_cache/5w85.cif	TPO	TPO	OG1	CB	ok	1.5621311558899078	117.8513221476023	-80.9431761326543	45.89453356346232	ARG:334	ARG	NH2	2.8063032036174564	1.0	3.0	ARG:334	ARG	NH2	2.8063032036174564				0.0	25.0	salt_bridge_like			buried	SEP:346	SEP	5.364015405463849	1.0	1.0	SEP:346@5.36	modified	1.5621311558899078	43.31152029963259		same	toward				
A1YYW7	5XWI	A	89	TPO_single	1	1	1.872	TPO	11		1	30-379,390-403,418-556	30-379,390-403,418-556	TPO	/mnt/c/Users/drpat/OneDrive - UGent/Desktop/PD/Phospho-fill/Validation-allPDB/pdb_cache/5xwi.cif	TPO	TPO	OG1	CB	ok	1.6040748328165617	116.11370888757618	-67.29802326065764	51.66879514038099	ARG:173	ARG	NH2	2.540271208894482	5.0	5.0	ARG:173	ARG	NH2	2.540271208894482	HOH:702	O	2.3802384163730097	2.0	40.0	salt_bridge_like			exposed				0.0	0.0		modified	1.6040748328165617	53.62820880519821	4.668748197512769	same	toward				
O43781	5Y86	A	512	TPO_mixed_with_PTRSEP	1	4	1.9	TPO	76		4	138-532	138-532	TPO	/mnt/c/Users/drpat/OneDrive - UGent/Desktop/PD/Phospho-fill/Validation-allPDB/pdb_cache/5y86.cif	TPO	TPO	OG1	CB	ok	1.6747388975203255	110.0237251770525	-19.933260260650417	103.47039877544475	HIS:327	HIS	CE1	3.30624191950058	1.0	2.0	HIS:327	HIS	NE2	3.5817945469989403	HOH:701	O	2.1482842078050473	2.0	25.0	salt_bridge_like			exposed	SEP:350	SEP	22.197757175637907	0.0	0.0		modified	1.6747388975203255	48.61173116513756	56.85056233154608	same	toward				
P24941	6ATH	A	160	TPO_single	1	1	1.82	TPO	170		3	17-37,42-298	17-37,42-298	TPO	/mnt/c/Users/drpat/OneDrive - UGent/Desktop/PD/Phospho-fill/Validation-allPDB/pdb_cache/6ath.cif	TPO	TPO	OG1	CB	ok	1.6186212324581202	111.7518951991709	-67.09837046040619	51.57999434622465	ARG:126	ARG	NH2	2.6838789252636817	3.0	3.0	ARG:126	ARG	NH2	2.6838789252636817	HOH:453	O	2.7234360342664394	4.0	23.0	salt_bridge_like			exposed				0.0	0.0		modified	1.6186212324581202	35.052870107114636	72.53965772612176	same	toward				
Q13976	6BDL	A	517	TPO_single	1	1	1.96	TPO	296		1	337-671	337-671	TPO	/mnt/c/Users/drpat/OneDrive - UGent/Desktop/PD/Phospho-fill/Validation-allPDB/pdb_cache/6bdl.cif	TPO	TPO	OG1	CB	ok	1.6078841919256943	106.70728794930166	-65.72278338558326	54.38105346408262	ARG:483	ARG	NH1	2.6112334244370063	3.0	4.0	THR:515	THR	OG1	2.324579555613487	HOH:920	O	2.8332360189444716	1.0	25.0	salt_bridge_like			buried				0.0	0.0		modified	1.6078841919256943	51.232216071442465	67.36455111061252	same	toward				
Q13976	6BG2	C	517	TPO_single	1	1	1.83	TPO	297		1	336-671	337-671	TPO	/mnt/c/Users/drpat/OneDrive - UGent/Desktop/PD/Phospho-fill/Validation-allPDB/pdb_cache/6bg2.cif	TPO	TPO	OG1	CB	ok	1.6117323113286752	110.22478151296524	-65.14399698430047	53.11406752061407	LYS:507	LYS	NZ	2.677958633101478	3.0	4.0	THR:515	THR	OG1	2.4403302128344793	HOH:847	O	2.5972868105433116	4.0	23.0	salt_bridge_like			exposed				0.0	0.0		modified	1.6117323113286752	24.102150719441426	33.611167921544315	same	toward				
P31749	6BUU	A	308	TPO_mixed_with_SEP	1	3	2.4	TPO	228		3	144-450,463-478	144-450,463-478	TPO	/mnt/c/Users/drpat/OneDrive - UGent/Desktop/PD/Phospho-fill/Validation-allPDB/pdb_cache/6buu.cif	TPO	TPO	OG1	CB	ok	1.6812599388360676	118.80712902547462	-70.20153157439672	53.0905887096664	ARG:273	ARG	NH1	2.3897711001550865	2.0	2.0	ARG:273	ARG	NH1	2.3897711001550865	HOH:665	O	4.184777062887969	0.0	20.0	salt_bridge_like			intermediate	SEP:473	SEP	27.000016196549844	0.0	0.0		modified	1.6812599388360676	53.35496098961884	131.09842545435495	same	toward				
Q13976	6C0T	A	517	TPO_single	1	1	1.98	TPO	298		1	337-671	337-671	TPO	/mnt/c/Users/drpat/OneDrive - UGent/Desktop/PD/Phospho-fill/Validation-allPDB/pdb_cache/6c0t.cif	TPO	TPO	OG1	CB	ok	1.5933050955002086	118.81002573947575	-66.78817596443825	55.443529624143345	HIS:405	HIS	NE2	2.7579328543973936	3.0	4.0	THR:515	THR	OG1	2.4438587992183276	HOH:837	O	2.7132305605241847	2.0	23.0	salt_bridge_like			exposed				0.0	0.0		modified	1.5933050955002086	74.14943144288269	62.82036829677396	opposite	lateral				
P31749	6CCY	A	308	TPO_single	1	1	2.18	TPO	229		3	144-450	144-450	TPO	/mnt/c/Users/drpat/OneDrive - UGent/Desktop/PD/Phospho-fill/Validation-allPDB/pdb_cache/6ccy.cif	TPO	TPO	OG1	CB	ok	1.5664611947179452	114.2963222918297	-60.838406788301	62.77847183182651	ARG:273	ARG	NH2	2.7558303182754056	2.0	2.0	ARG:273	ARG	NH2	2.7558303182754056	HOH:607	O	2.607162337408116	2.0	19.0	salt_bridge_like			exposed				0.0	0.0		modified	1.5664611947179452	53.180728254346924	47.32279211679655	same	toward				
Q96RR4	6CMJ	A	462	TPO_mixed_with_SEP	1	3	2.4	TPO	341		5	161-206,222-463	161-206,222-463	TPO	/mnt/c/Users/drpat/OneDrive - UGent/Desktop/PD/Phospho-fill/Validation-allPDB/pdb_cache/6cmj.cif	TPO	TPO	OG1	CB	ok	1.6248678163495351	116.7678453073895	-47.35363553175205	76.09786098821289					0.0	0.0	TYR:305	TYR	OH	2.538764149432197	HOH:656	O	5.804253376536408	0.0	8.0	hbond_like			intermediate	SEP:345	SEP	29.9436712558608	0.0	0.0		modified	1.6248678163495351		38.47673805474152						
Q99683	6E2M	A	838	TPO_single	1	1	2.253	TPO	343		2	670-712,718-747,749-830,834-939	670-712,718-747,749-830,834-939	TPO	/mnt/c/Users/drpat/OneDrive - UGent/Desktop/PD/Phospho-fill/Validation-allPDB/pdb_cache/6e2m.cif	TPO	TPO	OG1	CB	ok	1.5942682651644589	113.01885385949163	-46.827639744461294	72.33673790805874	ARG:802	ARG	NH1	2.701090102162061	2.0	2.0	ARG:802	ARG	NH1	2.701090102162061				0.0	23.0	salt_bridge_like			intermediate				0.0	0.0		modified	1.5942682651644589	51.981249687973026		same	toward				
Q99683	6E2N	A	838	TPO_single	1	1	2.098	TPO	344		2	670-713,717-831,835-939	670-713,717-831,835-939	TPO	/mnt/c/Users/drpat/OneDrive - UGent/Desktop/PD/Phospho-fill/Validation-allPDB/pdb_cache/6e2n.cif	TPO	TPO	OG1	CB	ok	1.6038462169524077	105.26843514734423	-73.66311949444949	48.082325699194016	ARG:802	ARG	NH1	2.37807394350108	2.0	2.0	ARG:802	ARG	NH1	2.37807394350108	HOH:1171	O	4.717516158166441	0.0	25.0	salt_bridge_like			buried				0.0	0.0		modified	1.6038462169524077	37.9610807399231	44.5422923141442	same	toward				
Q99683	6E2O	A	838	TPO_single	1	1	2.389	TPO	345		2	670-713,716-830,835-939	670-713,716-830,835-939	TPO	/mnt/c/Users/drpat/OneDrive - UGent/Desktop/PD/Phospho-fill/Validation-allPDB/pdb_cache/6e2o.cif	TPO	TPO	OG1	CB	ok	1.603042491493675	108.12278327341043	-70.12140026439424	49.276019404444334	LYS:827	LYS	NZ	2.20226094914927	2.0	2.0	LYS:827	LYS	NZ	2.20226094914927	HOH:1127	O	7.879618206471548	0.0	25.0	salt_bridge_like			buried				0.0	0.0		modified	1.603042491493675	26.782907096101315	31.136560850147905	same	toward				
P00517	6E99	A	198	TPO_mixed_with_SEP	1	2	1.88	TPO	96		4	19-351	19-351	TPO	/mnt/c/Users/drpat/OneDrive - UGent/Desktop/PD/Phospho-fill/Validation-allPDB/pdb_cache/6e99.cif	TPO	TPO	OG1	CB	ok	1.5525031897183168	116.05374057998424	-62.10061868777965	61.43715187471509	ARG:166	ARG	NH1	2.7890279483594953	3.0	3.0	THR:196	THR	OG1	2.6419867798224432	HOH:766	O	2.7395236836326955	3.0	23.0	salt_bridge_like			exposed	SEP:339	SEP	31.7558216287762	0.0	0.0		modified	1.5525031897183168	52.504326475062584	77.5442390300849	same	toward				
P48730	6F1W	A	220	TPO_single	1	1	1.864	TPO	263		2	3-18,21-43,47-292	3-18,21-43,47-292	TPO	/mnt/c/Users/drpat/OneDrive - UGent/Desktop/PD/Phospho-fill/Validation-allPDB/pdb_cache/6f1w.cif	TPO	TPO	OG1	CB	ok	1.611365144277457	109.36971357688182	-32.39630532053849	87.02408514428521					0.0	0.0					HOH:587	O	7.394058982199164	0.0	14.0	none_obvious			intermediate				0.0	0.0		modified	1.611365144277457		135.0701224772397						
Q9NWZ3	6F3D	B	345	TPO_mixed_with_SEP	1	2	2.38	TPO	376		4	164-217,221-336,344-458	164-217,221-336,344-458	TPO	/mnt/c/Users/drpat/OneDrive - UGent/Desktop/PD/Phospho-fill/Validation-allPDB/pdb_cache/6f3d.cif	TPO	TPO	OG1	CB	ok	1.595585164532134	122.93299141864497	-89.00231656975906	38.38212923470758	ARG:334	ARG	NH2	2.7952737151937637	1.0	2.0	ARG:334	ARG	NH2	2.7952737151937637	HOH:619	O	3.0624768055663734	1.0	22.0	salt_bridge_like			intermediate	SEP:346	SEP	5.705259545539406	1.0	1.0	SEP:346@5.71	modified	1.595585164532134	54.5383666830862	88.95629266632773	same	toward				
Q9NWZ3	6F3G	A	342	TPO_mixed_with_SEP	2	3	2.37	TPO	377		4	164-187,190-194,198-216,222-254,257-335,342-458	164-187,190-194,198-216,222-254,257-335,342-458	TPO,TPO	/mnt/c/Users/drpat/OneDrive - UGent/Desktop/PD/Phospho-fill/Validation-allPDB/pdb_cache/6f3g.cif	TPO	TPO	OG1	CB	ok	1.5593547373936627	123.35999231193524	-83.9601381243847	30.90172597881865	LYS:367	LYS	NZ	3.3313577311491156	2.0	2.0	LYS:367	LYS	NZ	3.3313577311491156	HOH:630	O	7.561964716226309	0.0	11.0	salt_bridge_like			intermediate	TPO:345	TPO	15.472622885387223	0.0	0.0		modified	1.5593547373936627	30.0985178072225	41.84802973543768	same	toward				
Q9NWZ3	6F3G	A	345	TPO_mixed_with_SEP	2	3	2.37	TPO	377		4	164-187,190-194,198-216,222-254,257-335,342-458	164-187,190-194,198-216,222-254,257-335,342-458	TPO,TPO	/mnt/c/Users/drpat/OneDrive - UGent/Desktop/PD/Phospho-fill/Validation-allPDB/pdb_cache/6f3g.cif	TPO	TPO	OG1	CB	ok	1.5729387061136062	118.28932072838893	-97.87231420221578	32.28972888660336	ARG:334	ARG	NH1	2.6929516497903117	1.0	2.0	ARG:334	ARG	NH1	2.6929516497903117	HOH:624	O	3.0959695826133355	1.0	21.0	salt_bridge_like			intermediate	SEP:346	SEP	6.5929456046603505	1.0	1.0	SEP:346@6.59	modified	1.5729387061136062	50.37292034900324	57.08003793992467	same	toward				
Q9NWZ3	6F3I	B	345	TPO_mixed_with_SEP	1	2	2.14	TPO	379		4	164-215,223-336,344-458	164-215,223-336,344-458	TPO	/mnt/c/Users/drpat/OneDrive - UGent/Desktop/PD/Phospho-fill/Validation-allPDB/pdb_cache/6f3i.cif	TPO	TPO	OG1	CB	ok	1.5483291489849687	117.27721228292782	-93.92448140337456	36.778090131454235	ARG:334	ARG	NH2	2.8556718116875035	1.0	2.0	ARG:334	ARG	NH2	2.8556718116875035	HOH:608	O	3.1004126171003166	1.0	22.0	salt_bridge_like			intermediate	SEP:346	SEP	5.5986876222560005	1.0	1.0	SEP:346@5.60	modified	1.5483291489849687	52.21328016998342	96.46767047625968	same	toward				
P49759	6G33	A	342	TPO_mixed_with_SEP	1	2	2.05	TPO	268		2	148-482	148-482	TPO	/mnt/c/Users/drpat/OneDrive - UGent/Desktop/PD/Phospho-fill/Validation-allPDB/pdb_cache/6g33.cif	TPO	TPO	OG1	CB	ok	1.651771925685439	131.48317136418308	-60.72999521154902	61.44182945273097	ARG:346	ARG	NH2	4.230484679426989	0.0	1.0	SER:384	SER	OG	3.961409335591005	HOH:611	O	4.642884828742295	0.0	12.0	none_obvious			intermediate	SEP:341	SEP	8.25504958566295	0.0	1.0	SEP:341@8.26	modified	1.651771925685439	106.28791585616307	56.362747180415205	opposite	lateral				
Q9UQB9	6GR8	A	39	TPO_only_multi_2	2	2	1.75	TPO	430		2	36-303	36-303	TPO,TPO	/mnt/c/Users/drpat/OneDrive - UGent/Desktop/PD/Phospho-fill/Validation-allPDB/pdb_cache/6gr8.cif	TPO	TPO	OG1	CB	ok	1.64381689564859	107.22029017218406	-29.561344081096635	95.95922347242279	ARG:37	ARG	NH1	3.8534774028811873	1.0	1.0	ASP:41	ASP	OD2	3.080334819948419	HOH:674	O	3.9189001762864515	1.0	18.0	hbond_like			intermediate	TPO:198	TPO	34.6326942163405	0.0	0.0		modified	1.64381689564859	73.04848573437384	79.33287824624533	opposite	lateral				
Q9UQB9	6GR8	A	198	TPO_only_multi_2	2	2	1.75	TPO	430		2	36-303	36-303	TPO,TPO	/mnt/c/Users/drpat/OneDrive - UGent/Desktop/PD/Phospho-fill/Validation-allPDB/pdb_cache/6gr8.cif	TPO	TPO	OG1	CB	ok	1.6376985395112151	113.96638459829481	-44.46276885889688	76.76996081980839	ARG:165	ARG	NH1	2.7617133738104847	3.0	4.0	ARG:165	ARG	NH1	2.7617133738104847	HOH:579	O	2.7311365725780865	5.0	25.0	salt_bridge_like			exposed	TPO:39	TPO	34.6326942163405	0.0	0.0		modified	1.6376985395112151	42.96317466797317	75.6232313061706	same	toward				
Q9UQB9	6GR9	A	39	TPO_only_multi_2	2	2	2.25	TPO	431		2	37-305	37-305	TPO,TPO	/mnt/c/Users/drpat/OneDrive - UGent/Desktop/PD/Phospho-fill/Validation-allPDB/pdb_cache/6gr9.cif	TPO	TPO	OG1	CB	ok	1.6244157542889324	111.8029513095912	-25.68127903007583	97.32269242236221	LYS:63	LYS	NZ	7.580459904513064	0.0	0.0	ASP:41	ASP	OD2	3.2831485995743304	HOH:616	O	4.187180755965595	0.0	19.0	hbond_like			intermediate	TPO:198	TPO	37.45382463371964	0.0	0.0		modified	1.6244157542889324	86.21401634269955	90.51666428963667	same	lateral				
Q9UQB9	6GR9	A	198	TPO_only_multi_2	2	2	2.25	TPO	431		2	37-305	37-305	TPO,TPO	/mnt/c/Users/drpat/OneDrive - UGent/Desktop/PD/Phospho-fill/Validation-allPDB/pdb_cache/6gr9.cif	TPO	TPO	OG1	CB	ok	1.6042706890285159	116.77214871928349	-72.92755547625335	50.45151099528295	ARG:165	ARG	NH2	2.75553662791442	2.0	2.0	ARG:165	ARG	NH2	2.75553662791442	HOH:502	O	2.3083644836206743	2.0	20.0	salt_bridge_like			exposed	TPO:39	TPO	37.45382463371964	0.0	0.0		modified	1.6042706890285159	58.080386726453995	60.470284877399514	same	toward				
P24941	6GUC	C	160	TPO_single	1	1	2.0	TPO	171		3	1-296	1-296	TPO	/mnt/c/Users/drpat/OneDrive - UGent/Desktop/PD/Phospho-fill/Validation-allPDB/pdb_cache/6guc.cif	TPO	TPO	OG1	CB	ok	1.6563772072702114	113.77862217078962	-65.83824092774299	54.66605716002223	ARG:150	ARG	NH1	2.834383023898394	3.0	3.0	ARG:150	ARG	NH1	2.834383023898394	HOH:424	O	2.70382275582552	1.0	23.0	salt_bridge_like			intermediate				0.0	0.0		modified	1.6563772072702114	42.71473792198217	64.09575196558642	same	toward				
P24941	6GUE	A	160	TPO_single	1	1	1.99	TPO	172		3	1-35,41-298	1-35,41-298	TPO	/mnt/c/Users/drpat/OneDrive - UGent/Desktop/PD/Phospho-fill/Validation-allPDB/pdb_cache/6gue.cif	TPO	TPO	OG1	CB	ok	1.6106226764804015	106.82231145612917	-73.30760205559434	48.606329233423985	ARG:126	ARG	NH1	2.622983058256669	3.0	3.0	ARG:126	ARG	NH1	2.622983058256669	HOH:405	O	2.3776747625105292	2.0	23.0	salt_bridge_like			exposed				0.0	0.0		modified	1.6106226764804015	43.67445082670939	71.03410436496496	same	toward				
P24941	6GVA	A	160	TPO_single	1	1	2.15	TPO	173		3	1-38,41-290	1-38,41-290	TPO	/mnt/c/Users/drpat/OneDrive - UGent/Desktop/PD/Phospho-fill/Validation-allPDB/pdb_cache/6gva.cif	TPO	TPO	OG1	CB	ok	1.6300681400407568	110.09135486842648	-72.26878292057937	49.69537484009407	ARG:126	ARG	NH2	2.808339455701132	3.0	3.0	ARG:126	ARG	NH2	2.808339455701132	HOH:428	O	2.7117944380971375	2.0	22.0	salt_bridge_like			exposed				0.0	0.0		modified	1.6300681400407568	34.75694194014156	67.83953078343616	same	toward				
O94804	6HXF	C	185	TPO_mixed_with_SEP	2	3	2.09	TPO	89		3	24-70,72-312	24-70,72-312	TPO,TPO	/mnt/c/Users/drpat/OneDrive - UGent/Desktop/PD/Phospho-fill/Validation-allPDB/pdb_cache/6hxf.cif	TPO	TPO	OG1	CB	ok	1.625892464812037	117.23366427431797	113.4216512883176	-119.73119306993652	ARG:152	ARG	NE	2.5599573954268733	1.0	1.0	ARG:152	ARG	NE	2.5599573954268733				0.0	12.0	salt_bridge_like			intermediate	SEP:191	SEP	17.14002483425058	0.0	0.0		modified	1.625892464812037	46.86964248212159		same	toward				
O94804	6HXF	C	208	TPO_mixed_with_SEP	2	3	2.09	TPO	89		3	24-70,72-312	24-70,72-312	TPO,TPO	/mnt/c/Users/drpat/OneDrive - UGent/Desktop/PD/Phospho-fill/Validation-allPDB/pdb_cache/6hxf.cif	TPO	TPO	OG1	CB	ok	1.6140841291181323	110.19126508114097	-82.85416961815072	39.49165425447413					0.0	0.0	ASP:190	ASP	OD1	2.818452333723767	HOH:504	O	2.095547685281423	2.0	11.0	hbond_like			exposed	SEP:191	SEP	12.064437462873197	0.0	0.0		modified	1.6140841291181323		42.99272799951956						
P9WI81	6I2P	A	171	TPO_only_multi_2	2	2	2.37	TPO	279		2	1-161,168-278	1-161,168-278	TPO,TPO	/mnt/c/Users/drpat/OneDrive - UGent/Desktop/PD/Phospho-fill/Validation-allPDB/pdb_cache/6i2p.cif	TPO	TPO	OG1	CB	ok	1.5227215696019807	115.16930420495702	-67.47993222133128	56.122983509170105	ARG:58	ARG	NH2	2.984583790664335	1.0	1.0	ARG:58	ARG	NH2	2.984583790664335	HOH:405	O	2.6825458120742494	2.0	12.0	salt_bridge_like			exposed	TPO:173	TPO	11.855881921039261	0.0	1.0	TPO:173@11.86	modified	1.5227215696019807	33.35765166636648	37.23618213210004	same	toward				
P9WI81	6I2P	A	173	TPO_only_multi_2	2	2	2.37	TPO	279		2	1-161,168-278	1-161,168-278	TPO,TPO	/mnt/c/Users/drpat/OneDrive - UGent/Desktop/PD/Phospho-fill/Validation-allPDB/pdb_cache/6i2p.cif	TPO	TPO	OG1	CB	ok	1.5592786777233767	115.53397844027808	-72.18375278964164	47.15324282310049	ARG:55	ARG	NH1	7.197881494898001	0.0	0.0	GLU:59	GLU	OE1	4.2195520455570055	HOH:464	O	5.339351339446034	0.0	11.0	none_obvious			intermediate	TPO:171	TPO	11.855881921039261	0.0	1.0	TPO:171@11.86	modified	1.5592786777233767	96.11067035953616	115.92304706285748	opposite	lateral				
O14965	6I2U	A	287	TPO_only_multi_2	2	2	2.5	TPO	57		2	127-391	127-391	TPO,TPO	/mnt/c/Users/drpat/OneDrive - UGent/Desktop/PD/Phospho-fill/Validation-allPDB/pdb_cache/6i2u.cif	TPO	TPO	OG1	CB	ok	1.6193661644694717	113.3211876140581	-61.15503642375378	57.009927694413754	ARG:180	ARG	NH2	2.5532162030516217	3.0	3.0	ARG:180	ARG	NH2	2.5532162030516217				0.0	30.0	salt_bridge_like			buried	TPO:288	TPO	8.890259727365335	0.0	1.0	TPO:288@8.89	modified	1.6193661644694717	37.03921020363342		same	toward				
O14965	6I2U	A	288	TPO_only_multi_2	2	2	2.5	TPO	57		2	127-391	127-391	TPO,TPO	/mnt/c/Users/drpat/OneDrive - UGent/Desktop/PD/Phospho-fill/Validation-allPDB/pdb_cache/6i2u.cif	TPO	TPO	OG1	CB	ok	1.625482931614942	113.01284751217058	-49.037763264355505	73.53447082599843	ARG:285	ARG	NH1	6.865500813241513	0.0	0.0	ARG:285	ARG	NH1	6.865500813241513	HOH:621	O	7.591512185417206	0.0	5.0	none_obvious			intermediate	TPO:287	TPO	8.890259727365335	0.0	1.0	TPO:287@8.89	modified	1.625482931614942	156.6482046903332	129.1961012040147	opposite	opposite				
Q9I6W2	6KKO	C	68	TPO_single	1	1	2.099	TPO	348		1	1-126	1-126	TPO	/mnt/c/Users/drpat/OneDrive - UGent/Desktop/PD/Phospho-fill/Validation-allPDB/pdb_cache/6kko.cif	TPO	TPO	OG1	CB	ok	1.616995319841593	109.73560599719178	-41.06595659876817	81.59905961224675	LYS:72	LYS	NZ	3.170742403226776	1.0	1.0	LYS:72	LYS	NZ	3.170742403226776	HOH:1209	O	2.6507793633058045	2.0	8.0	salt_bridge_like			exposed				0.0	0.0		modified	1.616995319841593	42.90126970640671	91.84722350465368	same	toward				
A0A0R6L508	6LI4	A	285	TPO_single	1	1	1.78	TPO	2		1	219-541	219-541	TPO	/mnt/c/Users/drpat/OneDrive - UGent/Desktop/PD/Phospho-fill/Validation-allPDB/pdb_cache/6li4.cif	TPO	TPO	OG1	CB	ok	1.63120458617771	110.92720544851743	-71.37028956015288	46.68301890265982	HIS:478	HIS	NE2	2.641200097895714	3.0	4.0	HIS:478	HIS	NE2	2.641200097895714	HOH:745	O	2.686493940606789	1.0	31.0	salt_bridge_like			buried				0.0	0.0		modified	1.63120458617771	39.77365248147541	58.59572426012872	same	toward				
A0A0R6L508	6LI5	A	285	TPO_single	1	1	1.82	TPO	3		1	219-541	219-541	TPO	/mnt/c/Users/drpat/OneDrive - UGent/Desktop/PD/Phospho-fill/Validation-allPDB/pdb_cache/6li5.cif	TPO	TPO	OG1	CB	ok	1.6424952499859458	108.66406234214561	-69.53538139782161	52.60007098868117	HIS:478	HIS	NE2	2.741923994901609	3.0	4.0	HIS:478	HIS	NE2	2.741923994901609	HOH:616	O	5.18016420759531	0.0	27.0	salt_bridge_like			buried				0.0	0.0		modified	1.6424952499859458	48.89032895020694	53.592299903244765	same	toward				
A0A0R6L508	6LI6	A	285	TPO_single	1	1	1.68	TPO	4		1	219-541	219-541	TPO	/mnt/c/Users/drpat/OneDrive - UGent/Desktop/PD/Phospho-fill/Validation-allPDB/pdb_cache/6li6.cif	TPO	TPO	OG1	CB	ok	1.5968579728305279	123.1225641049514	-74.80073743848304	47.38854475149402	HIS:478	HIS	NE2	3.0535920011649584	3.0	4.0	HIS:478	HIS	NE2	3.0535920011649584	HOH:788	O	2.8229222459993912	1.0	31.0	salt_bridge_like			buried				0.0	0.0		modified	1.5968579728305279	40.98928897450361	64.9938720836785	same	toward				
Q9NWZ3	6LXY	B	345	TPO_mixed_with_SEP	1	2	2.19	TPO	380		4	163-459	163-459	TPO	/mnt/c/Users/drpat/OneDrive - UGent/Desktop/PD/Phospho-fill/Validation-allPDB/pdb_cache/6lxy.cif	TPO	TPO	OG1	CB	ok	1.56980858426427	119.97298445683623	-90.60646881181634	34.15172854467027	ARG:334	ARG	NH1	2.906553390879979	1.0	2.0	ARG:334	ARG	NH1	2.906553390879979				0.0	20.0	salt_bridge_like			intermediate	SEP:346	SEP	5.748581920627722	1.0	1.0	SEP:346@5.75	modified	1.56980858426427	52.623793053387466		same	toward				
Q9NWZ3	6MOM	D	342	TPO_mixed_with_SEP	2	3	2.1	TPO	381		4	164-459	164-459	TPO,TPO	/mnt/c/Users/drpat/OneDrive - UGent/Desktop/PD/Phospho-fill/Validation-allPDB/pdb_cache/6mom.cif	TPO	TPO	OG1	CB	ok	1.6216803332409648	107.29583680600766	-67.2706929077837	56.152063647556346	LYS:441	LYS	CE	3.019081296457649	2.0	2.0	LYS:367	LYS	NZ	3.1658877075486096	HOH:723	O	4.8978149069443795	0.0	19.0	salt_bridge_like			intermediate	TPO:345	TPO	15.076596802579061	0.0	0.0		modified	1.6216803332409648	60.09005860416728	89.15827520931127	same	lateral				
Q9NWZ3	6MOM	D	345	TPO_mixed_with_SEP	2	3	2.1	TPO	381		4	164-459	164-459	TPO,TPO	/mnt/c/Users/drpat/OneDrive - UGent/Desktop/PD/Phospho-fill/Validation-allPDB/pdb_cache/6mom.cif	TPO	TPO	OG1	CB	ok	1.627126546541658	113.70755555357022	-90.46425932211632	30.830114559055303	ARG:334	ARG	NH2	2.5846412899605347	1.0	2.0	ARG:334	ARG	NH2	2.5846412899605347	HOH:624	O	2.8240840563598972	1.0	23.0	salt_bridge_like			intermediate	SEP:346	SEP	5.77261197010536	1.0	1.0	SEP:346@5.77	modified	1.627126546541658	44.62227787522845	89.03771471930686	same	toward				
Q9NWZ3	6N8G	C	342	TPO_mixed_with_SEP	2	3	2.0	TPO	382		4	164-216,220-336,341-459	164-216,220-336,341-459	TPO,TPO	/mnt/c/Users/drpat/OneDrive - UGent/Desktop/PD/Phospho-fill/Validation-allPDB/pdb_cache/6n8g.cif	TPO	TPO	OG1	CB	ok	1.6288883383528905	118.66473734273544	-82.41422303516224	38.22232288928589	LYS:441	LYS	NZ	2.7367026101318968	2.0	2.0	LYS:441	LYS	NZ	2.7367026101318968	HOH:614	O	7.217613032246815	0.0	23.0	salt_bridge_like			intermediate	TPO:345	TPO	14.689227120363217	0.0	0.0		modified	1.6288883383528905	83.54909620424493	40.077469945459384	opposite	lateral				
Q9NWZ3	6N8G	C	345	TPO_mixed_with_SEP	2	3	2.0	TPO	382		4	164-216,220-336,341-459	164-216,220-336,341-459	TPO,TPO	/mnt/c/Users/drpat/OneDrive - UGent/Desktop/PD/Phospho-fill/Validation-allPDB/pdb_cache/6n8g.cif	TPO	TPO	OG1	CB	ok	1.6335826785402823	116.6841144002156	-83.81076289125069	40.37298495361406	ARG:334	ARG	NH2	2.6958241560619105	1.0	3.0	ARG:334	ARG	NH2	2.6958241560619105	HOH:601	O	2.773840123955835	1.0	20.0	salt_bridge_like			intermediate	SEP:346	SEP	5.850773643396674	1.0	1.0	SEP:346@5.85	modified	1.6335826785402823	46.816599993224855	87.24831930336765	same	toward				
P31749	6NPZ	B	308	TPO_mixed_with_SEP	1	3	2.12	TPO	230		3	141-449,464-477	141-449,464-477	TPO	/mnt/c/Users/drpat/OneDrive - UGent/Desktop/PD/Phospho-fill/Validation-allPDB/pdb_cache/6npz.cif	TPO	TPO	OG1	CB	ok	1.6546494348161136	115.37547417956948	-59.10949592436025	63.16779953367588	ARG:273	ARG	NH2	2.901528901785431	2.0	2.0	ARG:273	ARG	NH2	2.901528901785431	HOH:606	O	2.4403399815510958	4.0	21.0	salt_bridge_like			exposed	SEP:473	SEP	26.422584220930336	0.0	0.0		modified	1.6546494348161136	47.29015886391308	48.55038671861001	same	toward				
Q9NWZ3	6O8U	C	345	TPO_mixed_with_SEP	1	2	1.8	TPO	383		4	163-336,341-458	163-336,341-458	TPO	/mnt/c/Users/drpat/OneDrive - UGent/Desktop/PD/Phospho-fill/Validation-allPDB/pdb_cache/6o8u.cif	TPO	TPO	OG1	CB	ok	1.6251570924435992	115.45178169246742	-97.03276259242716	28.053070841849802	ARG:334	ARG	NH1	2.9012148731429375	2.0	3.0	ARG:334	ARG	NH1	2.9012148731429375	HOH:637	O	3.198533998633534	1.0	25.0	salt_bridge_like			buried	SEP:346	SEP	6.242386686862136	1.0	1.0	SEP:346@6.24	modified	1.6251570924435992	59.63826740077748	98.42206267584827	same	toward				
Q9NWZ3	6O94	B	342	TPO_mixed_with_SEP	2	3	1.98	TPO	384		4	162-336,341-458	162-336,341-458	TPO,TPO	/mnt/c/Users/drpat/OneDrive - UGent/Desktop/PD/Phospho-fill/Validation-allPDB/pdb_cache/6o94.cif	TPO	TPO	OG1	CB	ok	1.5498270863517385	114.39678234342006	-63.792445109380104	62.69072628207851	LYS:441	LYS	NZ	2.7971109493182857	2.0	2.0	LYS:441	LYS	NZ	2.7971109493182857	HOH:630	O	7.374352407482155	0.0	16.0	salt_bridge_like			intermediate	TPO:345	TPO	15.441350041083824	0.0	0.0		modified	1.5498270863517385	72.38820749396388	72.1724191902729	opposite	lateral				
Q9NWZ3	6O94	B	345	TPO_mixed_with_SEP	2	3	1.98	TPO	384		4	162-336,341-458	162-336,341-458	TPO,TPO	/mnt/c/Users/drpat/OneDrive - UGent/Desktop/PD/Phospho-fill/Validation-allPDB/pdb_cache/6o94.cif	TPO	TPO	OG1	CB	ok	1.5365824523164529	119.06159933341563	-80.30630892740913	45.29945587087524	ARG:334	ARG	NH2	2.765661513777925	2.0	3.0	ARG:334	ARG	NH2	2.765661513777925	HOH:648	O	2.7378995109513644	2.0	27.0	salt_bridge_like			exposed	SEP:346	SEP	6.110008918043983	1.0	1.0	SEP:346@6.11	modified	1.5365824523164529	43.369836695011564	82.6998344980973	same	toward				
Q9NWZ3	6O95	A	342	TPO_mixed_with_SEP	2	3	1.77	TPO	385		4	162-254,257-336,342-459	162-254,257-336,342-459	TPO,TPO	/mnt/c/Users/drpat/OneDrive - UGent/Desktop/PD/Phospho-fill/Validation-allPDB/pdb_cache/6o95.cif	TPO	TPO	OG1	CB	ok	1.5415458826704191	117.8601358165391	-78.02158505180208	43.979774937352104	LYS:441	LYS	NZ	2.7640427248008943	2.0	2.0	LYS:441	LYS	NZ	2.7640427248008943	HOH:791	O	4.186207445279401	0.0	16.0	salt_bridge_like			intermediate	TPO:345	TPO	14.778056465691034	0.0	0.0		modified	1.5415458826704191	74.73655522330668	52.253152635475224	same	lateral				
Q9NWZ3	6O95	A	345	TPO_mixed_with_SEP	2	3	1.77	TPO	385		4	162-254,257-336,342-459	162-254,257-336,342-459	TPO,TPO	/mnt/c/Users/drpat/OneDrive - UGent/Desktop/PD/Phospho-fill/Validation-allPDB/pdb_cache/6o95.cif	TPO	TPO	OG1	CB	ok	1.5700122611873288	119.07357102960266	-101.46369600963006	27.806602146983344	ARG:334	ARG	NH2	2.8076580548196812	1.0	2.0	ARG:334	ARG	NH2	2.8076580548196812	HOH:642	O	2.904864790913926	1.0	22.0	salt_bridge_like			intermediate	SEP:346	SEP	5.795573892922222	1.0	1.0	SEP:346@5.80	modified	1.5700122611873288	48.475006342298	93.15907972072101	same	toward				
P28482	6OPH	A	185	TPO_single	1	2	2.4	TPO	215		2	11-358	11-358	TPO	/mnt/c/Users/drpat/OneDrive - UGent/Desktop/PD/Phospho-fill/Validation-allPDB/pdb_cache/6oph.cif	PTR	PTR	OH	CZ	ok	1.574659966433327	125.45456281811842			ARG:189	ARG	NE	2.7475270309107724	2.0	2.0	ARG:189	ARG	NE	2.7475270309107724				0.0	17.0	salt_bridge_like			intermediate	TPO:183	TPO	15.527909853392542	0.0	0.0		modified	1.574659966433327	31.801382934951327		same	toward	72.62395406400377	-106.3081405287586	72.62395406400377	-106.3081405287586
O75385	6QAS	A	180	TPO_mixed_with_SEP	1	2	1.75	TPO	80		2	8-281	8-281	TPO	/mnt/c/Users/drpat/OneDrive - UGent/Desktop/PD/Phospho-fill/Validation-allPDB/pdb_cache/6qas.cif	TPO	TPO	OG1	CB	ok	1.6080487625742133	120.59170002078469	-59.26866537517481	62.434505806199326	ARG:137	ARG	NH2	2.7938546163792104	2.0	2.0	ARG:137	ARG	NH2	2.7938546163792104	HOH:434	O	2.621898038015905	4.0	20.0	salt_bridge_like			exposed	SEP:87	SEP	27.286914491144927	0.0	0.0		modified	1.6080487625742133	58.99648272919467	74.80218521987662	same	toward				
O14965	6R4A	A	288	TPO_single	1	1	1.937	TPO	58		2	127-391	127-391	TPO	/mnt/c/Users/drpat/OneDrive - UGent/Desktop/PD/Phospho-fill/Validation-allPDB/pdb_cache/6r4a.cif	TPO	TPO	OG1	CB	ok	1.6175472064818157	110.46631679495452	-68.40868807157416	52.44625723101457	ARG:285	ARG	NH1	6.933622871055764	0.0	0.0	THR:287	THR	OG1	5.3483351519171425	HOH:601	O	2.068833580374737	1.0	8.0	water_mediated_like			intermediate				0.0	0.0		modified	1.6175472064818157	136.6965915803213	51.27251227032325	opposite	opposite				
O14965	6R4B	A	288	TPO_single	1	1	2.15	TPO	59		2	127-391	127-391	TPO	/mnt/c/Users/drpat/OneDrive - UGent/Desktop/PD/Phospho-fill/Validation-allPDB/pdb_cache/6r4b.cif	TPO	TPO	OG1	CB	ok	1.6175399804566615	111.3287153647518	-63.36433704992924	58.87265022869671	ARG:285	ARG	NH1	7.0729678560507825	0.0	0.0	THR:287	THR	OG1	5.457792713298443				0.0	8.0	none_obvious			intermediate				0.0	0.0		modified	1.6175399804566615	138.87055133319055		opposite	opposite				
O14965	6R4C	A	288	TPO_single	1	1	2.04	TPO	60		2	127-391	127-391	TPO	/mnt/c/Users/drpat/OneDrive - UGent/Desktop/PD/Phospho-fill/Validation-allPDB/pdb_cache/6r4c.cif	TPO	TPO	OG1	CB	ok	1.6225378962086894	111.01878202607243	-62.76664891577597	58.82642728175033	HIS:176	HIS	CE1	7.035133277358334	0.0	0.0	THR:287	THR	OG1	5.449825507139976				0.0	7.0	none_obvious			intermediate				0.0	0.0		modified	1.6225378962086894	58.72764785116179		same	toward				
O14965	6R4D	A	288	TPO_single	1	1	2.009	TPO	61		2	127-391	127-391	TPO	/mnt/c/Users/drpat/OneDrive - UGent/Desktop/PD/Phospho-fill/Validation-allPDB/pdb_cache/6r4d.cif	TPO	TPO	OG1	CB	ok	1.6153418700297304	109.78856905279038	-52.45180901459621	69.5889345898998	ARG:285	ARG	NH2	7.556471804130147	0.0	0.0	THR:287	THR	OG1	5.945941045448378	HOH:695	O	4.1200491130133665	0.0	5.0	none_obvious			intermediate				0.0	0.0		modified	1.6153418700297304	169.0787364921348	57.91196260012933	opposite	opposite				
Q9UKE5	6RA7	A	181	TPO_only_multi_2	2	2	1.2	TPO	426		2	13-314	13-314	TPO,TPO	/mnt/c/Users/drpat/OneDrive - UGent/Desktop/PD/Phospho-fill/Validation-allPDB/pdb_cache/6ra7.cif	TPO	TPO	OG1	CB	ok	1.5136075081690141	116.42812936787954	-59.55517742498028	62.40578713519995	LYS:148	LYS	NZ	2.7870571922563707	1.0	1.0	LYS:148	LYS	NZ	2.7870571922563707	HOH:511	O	2.6601824809655334	6.0	9.0	salt_bridge_like			exposed	TPO:187	TPO	19.138589741210875	0.0	0.0		modified	1.5136075081690141	84.76848618403687	32.50078689774535	opposite	lateral				
Q9UKE5	6RA7	A	187	TPO_only_multi_2	2	2	1.2	TPO	426		2	13-314	13-314	TPO,TPO	/mnt/c/Users/drpat/OneDrive - UGent/Desktop/PD/Phospho-fill/Validation-allPDB/pdb_cache/6ra7.cif	TPO	TPO	OG1	CB	ok	1.5762375919853784	119.0483306489153	-65.66107927297486	54.38009267194449	ARG:185	ARG	NH2	2.8829068924328807	2.0	2.0	ARG:185	ARG	NH2	2.8829068924328807	HOH:538	O	2.7108149439018514	4.0	21.0	salt_bridge_like			exposed	TPO:181	TPO	19.138589741210875	0.0	0.0		modified	1.5762375919853784	13.142877038624777	74.48970531000943	same	toward				
Q9NWZ3	6RFI	B	345	TPO_mixed_with_SEP	1	2	2.31	TPO	387		4	164-215,223-335,344-458	164-215,223-335,344-458	TPO	/mnt/c/Users/drpat/OneDrive - UGent/Desktop/PD/Phospho-fill/Validation-allPDB/pdb_cache/6rfi.cif	TPO	TPO	OG1	CB	ok	1.5807762974691233	120.04321933674646	-84.10865566683819	43.105760553672326	ARG:334	ARG	NH1	2.805482765168332	1.0	2.0	ARG:334	ARG	NH1	2.805482765168332				0.0	23.0	salt_bridge_like			intermediate	SEP:346	SEP	5.674223743329039	1.0	1.0	SEP:346@5.67	modified	1.5807762974691233	50.04680224786539		same	toward				
P24941	6RIJ	A	160	TPO_single	1	1	2.2	TPO	174		3	1-290	1-290	TPO	/mnt/c/Users/drpat/OneDrive - UGent/Desktop/PD/Phospho-fill/Validation-allPDB/pdb_cache/6rij.cif	TPO	TPO	OG1	CB	ok	1.6300566700036376	115.66515399549316	-67.78539557008644	56.05233637389146	ARG:150	ARG	NH2	2.7763796745118468	3.0	3.0	ARG:150	ARG	NH2	2.7763796745118468	HOH:402	O	2.3853291280648046	1.0	23.0	salt_bridge_like			intermediate				0.0	0.0		modified	1.6300566700036376	41.37587629138361	64.8352289759391	same	toward				
P61006	6RIR	B	72	TPO_single	1	1	1.767	TPO	276		2	2-176	2-176	TPO	/mnt/c/Users/drpat/OneDrive - UGent/Desktop/PD/Phospho-fill/Validation-allPDB/pdb_cache/6rir.cif	TPO	TPO	OG1	CB	ok	1.612429386522297	111.0264157823184	-65.09666500288527	52.12608200986754	ARG:71	ARG	NE	7.026300506172562	0.0	0.0	GLU:68	GLU	OE2	5.861403979219355	HOH:1009	O	2.510559210745719	4.0	10.0	water_mediated_like			exposed				0.0	0.0		modified	1.612429386522297	88.08134658236092	70.49348986884023	same	lateral				
P24941	6SG4	A	160	TPO_single	1	1	2.43	TPO	175		3	28-35,41-294	28-35,41-294	TPO	/mnt/c/Users/drpat/OneDrive - UGent/Desktop/PD/Phospho-fill/Validation-allPDB/pdb_cache/6sg4.cif	TPO	TPO	OG1	CB	ok	1.597413894430933	122.05498076458257	-60.27891763767453	62.69335758774771	ARG:126	ARG	NH1	2.7570299461469574	3.0	3.0	ARG:126	ARG	NH1	2.7570299461469574	HOH:314	O	2.7012717173262617	1.0	23.0	salt_bridge_like			intermediate				0.0	0.0		modified	1.597413894430933	53.51121755109105	62.01199521072763	same	toward				
Q9NWZ3	6THX	B	345	TPO_mixed_with_SEP	1	2	1.99	TPO	388		4	164-215,223-336,342-458	164-215,223-336,342-458	TPO	/mnt/c/Users/drpat/OneDrive - UGent/Desktop/PD/Phospho-fill/Validation-allPDB/pdb_cache/6thx.cif	TPO	TPO	OG1	CB	ok	1.5655623640210987	118.84633772353773	-86.28284542580057	42.90795620046786	ARG:334	ARG	NH1	2.8063523075768506	1.0	3.0	ARG:334	ARG	NH1	2.8063523075768506				0.0	19.0	salt_bridge_like			intermediate	SEP:346	SEP	6.4104958578251745	1.0	1.0	SEP:346@6.41	modified	1.5655623640210987	48.554956180914786		same	toward				
Q9NWZ3	6THZ	B	345	TPO_mixed_with_SEP	1	2	2.38	TPO	389		4	164-215,223-336,342-458	164-215,223-336,342-458	TPO	/mnt/c/Users/drpat/OneDrive - UGent/Desktop/PD/Phospho-fill/Validation-allPDB/pdb_cache/6thz.cif	TPO	TPO	OG1	CB	ok	1.5752399791020408	117.62675182902963	-83.2365073392735	47.97527177650357	ARG:334	ARG	NH1	3.1100420431613114	1.0	2.0	ARG:334	ARG	NH1	3.1100420431613114				0.0	18.0	salt_bridge_like			intermediate	SEP:346	SEP	6.904163878902132	1.0	1.0	SEP:346@6.90	modified	1.5752399791020408	46.548466808554515		same	toward				
Q9NWZ3	6TI8	C	345	TPO_mixed_with_SEP	1	2	2.32	TPO	390		4	164-216,221-335,343-459	164-216,221-335,343-459	TPO	/mnt/c/Users/drpat/OneDrive - UGent/Desktop/PD/Phospho-fill/Validation-allPDB/pdb_cache/6ti8.cif	TPO	TPO	OG1	CB	ok	1.571190371672661	119.70188068275935	-87.76724831192547	42.107493753853525	ARG:334	ARG	NH1	2.872000308608523	1.0	2.0	ARG:334	ARG	NH1	2.872000308608523				0.0	22.0	salt_bridge_like			intermediate	SEP:346	SEP	5.976285843547865	1.0	1.0	SEP:346@5.98	modified	1.571190371672661	49.76064888449539		same	toward				
P33981	6TNC	A	686	TPO_single	1	1	2.3	TPO	251		4	516-673,684-698,709-794	516-673,684-698,709-794	TPO	/mnt/c/Users/drpat/OneDrive - UGent/Desktop/PD/Phospho-fill/Validation-allPDB/pdb_cache/6tnc.cif	TPO	TPO	OG1	CB	ok	1.6435408572750156	112.95544372503981	-59.041424119665045	67.84232101343243	LYS:743	LYS	NZ	5.510836584292047	0.0	1.0	ASN:688	ASN	ND2	2.7740724655959372	HOH:1006	O	4.96105871250221	0.0	13.0	hbond_like			intermediate				0.0	0.0		modified	1.6435408572750156	90.98999721472131	32.43068487350515	same	lateral				
Q9NWZ3	6UYA	D	342	TPO_mixed_with_SEP	2	3	1.74	TPO	391		4	162-335,342-458	162-335,342-458	TPO,TPO	/mnt/c/Users/drpat/OneDrive - UGent/Desktop/PD/Phospho-fill/Validation-allPDB/pdb_cache/6uya.cif	TPO	TPO	OG1	CB	ok	1.5462443576883231	113.99814682887086	-68.41535586969944	52.46113292254735	LYS:441	LYS	NZ	2.7919522715649987	2.0	2.0	LYS:441	LYS	NZ	2.7919522715649987	HOH:720	O	6.169324648446752	0.0	11.0	salt_bridge_like			intermediate	TPO:345	TPO	15.654507180279936	0.0	0.0		modified	1.5462443576883231	59.94002573294171	141.7869985867429	same	toward				
Q9NWZ3	6UYA	D	345	TPO_mixed_with_SEP	2	3	1.74	TPO	391		4	162-335,342-458	162-335,342-458	TPO,TPO	/mnt/c/Users/drpat/OneDrive - UGent/Desktop/PD/Phospho-fill/Validation-allPDB/pdb_cache/6uya.cif	TPO	TPO	OG1	CB	ok	1.5483565275894655	118.42475492339193	-80.08145899877223	44.242474833217386	ARG:334	ARG	NH1	2.7948966854217336	1.0	2.0	ARG:334	ARG	NH1	2.7948966854217336	HOH:653	O	2.725408752123713	1.0	21.0	salt_bridge_like			intermediate	SEP:346	SEP	6.06793034270826	1.0	1.0	SEP:346@6.07	modified	1.5483565275894655	48.07927401701274	83.23281481442008	same	toward				
O14965	6VPH	A	287	TPO_only_multi_2	2	2	2.14	TPO	62		2	123-389	123-389	TPO,TPO	/mnt/c/Users/drpat/OneDrive - UGent/Desktop/PD/Phospho-fill/Validation-allPDB/pdb_cache/6vph.cif	TPO	TPO	OG1	CB	ok	1.6147730971870586	116.0529599914746	81.70207521045809	-151.30061696143193	LYS:171	LYS	NZ	3.7303911558196376	1.0	1.0	LYS:171	LYS	NZ	3.7303911558196376	HOH:721	O	3.9755495153968523	1.0	7.0	none_obvious			intermediate	TPO:288	TPO	8.4660890872306	0.0	1.0	TPO:288@8.47	modified	1.6147730971870586	57.221357266502835	60.004816147318195	same	toward				
O14965	6VPH	A	288	TPO_only_multi_2	2	2	2.14	TPO	62		2	123-389	123-389	TPO,TPO	/mnt/c/Users/drpat/OneDrive - UGent/Desktop/PD/Phospho-fill/Validation-allPDB/pdb_cache/6vph.cif	TPO	TPO	OG1	CB	ok	1.6006733052853266	106.02250389064658	-44.50217568327014	72.1633797546185	ARG:286	ARG	NH1	2.9571073512878403	1.0	1.0	ARG:286	ARG	NH1	2.9571073512878403	HOH:821	O	2.9709781374139896	2.0	19.0	salt_bridge_like			exposed	TPO:287	TPO	8.4660890872306	0.0	1.0	TPO:287@8.47	modified	1.6006733052853266	66.75659846148005	4.4150312473493365	same	lateral				
O14965	6VPL	A	288	TPO_single	1	1	1.86	TPO	63		2	104,125-282,287-389	104,125-282,287-389	TPO	/mnt/c/Users/drpat/OneDrive - UGent/Desktop/PD/Phospho-fill/Validation-allPDB/pdb_cache/6vpl.cif	TPO	TPO	OG1	CB	ok	1.6170125693773005	109.37378624529788	-47.66456577436756	71.81257458173673					0.0	0.0	THR:292	THR	OG1	6.740280024110974	HOH:747	O	2.5734680032426724	1.0	4.0	water_mediated_like			intermediate				0.0	0.0		modified	1.6170125693773005		27.764572982705825						
O14965	6VPM	A	288	TPO_single	1	1	1.58	TPO	64		2	125-282,287-389	125-282,287-389	TPO	/mnt/c/Users/drpat/OneDrive - UGent/Desktop/PD/Phospho-fill/Validation-allPDB/pdb_cache/6vpm.cif	TPO	TPO	OG1	CB	ok	1.641297103773112	109.50882897456887	-46.244278956066175	72.2086480114173					0.0	0.0					HOH:724	O	2.5428509240777486	1.0	4.0	water_mediated_like			intermediate				0.0	0.0		modified	1.641297103773112		28.17647664550966						
Q9NWZ3	6VQL	A	345	TPO_mixed_with_SEP	1	2	2.069	TPO	392		4	162-217,220-336,343-458	162-217,220-336,343-458	TPO	/mnt/c/Users/drpat/OneDrive - UGent/Desktop/PD/Phospho-fill/Validation-allPDB/pdb_cache/6vql.cif	TPO	TPO	OG1	CB	ok	1.556408269454317	117.26965011226973	-96.4079312173268	27.18222047765016	ARG:334	ARG	NH1	3.405920377742666	1.0	2.0	ARG:334	ARG	NH1	3.405920377742666				0.0	20.0	salt_bridge_like			intermediate	SEP:346	SEP	5.244065717272535	1.0	1.0	SEP:346@5.24	modified	1.556408269454317	48.10147327068963		same	toward				
Q9NWZ3	6VQL	C	342	TPO_mixed_with_SEP	2	3	2.069	TPO	393		4	163-216,222-335,340-458	163-216,222-335,340-458	TPO,TPO	/mnt/c/Users/drpat/OneDrive - UGent/Desktop/PD/Phospho-fill/Validation-allPDB/pdb_cache/6vql.cif	TPO	TPO	OG1	CB	ok	1.5679321086192317	119.71229541701217	-71.46933823308967	48.34063297750013	LYS:441	LYS	NZ	3.125436413895545	2.0	2.0	THR:365	THR	OG1	2.942518371380696				0.0	26.0	salt_bridge_like			buried	TPO:345	TPO	15.475553596554919	0.0	0.0		modified	1.5679321086192317	85.9080725604858		opposite	lateral				
Q16539	6ZQS	A	180	TPO_mixed_with_PTR	1	2	1.95	TPO	303		2	4-353	4-353	TPO	/mnt/c/Users/drpat/OneDrive - UGent/Desktop/PD/Phospho-fill/Validation-allPDB/pdb_cache/6zqs.cif	TPO	TPO	OG1	CB	ok	1.6249822211383709	114.51047344780255	-69.8432156924421	52.95763693501782	ARG:70	ARG	NH2	2.608763781086022	4.0	5.0	ARG:70	ARG	NH2	2.608763781086022	HOH:552	O	2.6509938282365946	2.0	24.0	salt_bridge_like			exposed	PTR:182	PTR	14.993531244141597	0.0	0.0		modified	1.6249822211383709	27.80538097621139	76.15627279459662	same	toward				
P24941	7ACK	A	160	TPO_single	1	1	1.8	TPO	176		3	1-294	1-294	TPO	/mnt/c/Users/drpat/OneDrive - UGent/Desktop/PD/Phospho-fill/Validation-allPDB/pdb_cache/7ack.cif	TPO	TPO	OG1	CB	ok	1.628809634579796	108.11122937255048	-70.85999674222128	51.02502514460282	ARG:126	ARG	NH2	2.7125440992352474	3.0	3.0	ARG:126	ARG	NH2	2.7125440992352474	HOH:404	O	2.447192045598989	2.0	23.0	salt_bridge_like			exposed				0.0	0.0		modified	1.628809634579796	37.372331158930294	70.8732791217643	same	toward				
Q9NWZ3	7C2V	A	342	TPO_mixed_with_SEP	2	3	2.44	TPO	394		4	163-216,221-337,342-459	163-216,221-337,342-459	TPO,TPO	/mnt/c/Users/drpat/OneDrive - UGent/Desktop/PD/Phospho-fill/Validation-allPDB/pdb_cache/7c2v.cif	TPO	TPO	OG1	CB	ok	1.6428591270403394	113.31331931152053	-35.39392240607937	87.49443885285798	LYS:367	LYS	NZ	3.160657587387159	2.0	2.0	GLU:363	GLU	OE1	3.015243903072179	HOH:2129	O	4.039982548969261	0.0	17.0	salt_bridge_like			intermediate	TPO:345	TPO	14.83905571736213	0.0	0.0		modified	1.6428591270403394	46.1826211486328	86.80563487949618	same	toward				
Q9NWZ3	7C2V	A	345	TPO_mixed_with_SEP	2	3	2.44	TPO	394		4	163-216,221-337,342-459	163-216,221-337,342-459	TPO,TPO	/mnt/c/Users/drpat/OneDrive - UGent/Desktop/PD/Phospho-fill/Validation-allPDB/pdb_cache/7c2v.cif	TPO	TPO	OG1	CB	ok	1.6439534452211937	116.04258088165905	-83.48907930128895	41.96471652694488	ARG:334	ARG	NH2	2.8070736535949976	1.0	3.0	ARG:334	ARG	NH2	2.8070736535949976	HOH:2158	O	5.80856207505479	0.0	23.0	salt_bridge_like			intermediate	SEP:346	SEP	5.776469778698717	1.0	1.0	SEP:346@5.78	modified	1.6439534452211937	40.51934791128561	109.90251331867601	same	toward				
P33981	7CHN	A	675	TPO_mixed_with_SEP	3	4	2.4	TPO	252		4	515-616,619-679,684-699,710-795	515-616,619-679,684-699,710-795	TPO,TPO,TPO	/mnt/c/Users/drpat/OneDrive - UGent/Desktop/PD/Phospho-fill/Validation-allPDB/pdb_cache/7chn.cif	TPO	TPO	OG1	CB	ok	1.5987609830834963	108.06452022475976	-78.17134215950271	41.50026482445513					0.0	0.0								0.0	19.0	none_obvious			intermediate	SEP:677	SEP	4.265400748842972	2.0	2.0	TPO:676@5.44;SEP:677@4.27	modified	1.5987609830834963								
P33981	7CHN	A	676	TPO_mixed_with_SEP	3	4	2.4	TPO	252		4	515-616,619-679,684-699,710-795	515-616,619-679,684-699,710-795	TPO,TPO,TPO	/mnt/c/Users/drpat/OneDrive - UGent/Desktop/PD/Phospho-fill/Validation-allPDB/pdb_cache/7chn.cif	TPO	TPO	OG1	CB	ok	1.6134708970071414	108.69942802201538	-25.286073431836503	94.10094020297458	LYS:529	LYS	NZ	7.392412665701678	0.0	0.0	LYS:529	LYS	NZ	7.392412665701678				0.0	8.0	none_obvious			intermediate	TPO:675	TPO	5.441676515175248	2.0	2.0	TPO:675@5.44;SEP:677@6.02	modified	1.6134708970071414	93.55288612431191		opposite	lateral				
P33981	7CHN	A	686	TPO_mixed_with_SEP	3	4	2.4	TPO	252		4	515-616,619-679,684-699,710-795	515-616,619-679,684-699,710-795	TPO,TPO,TPO	/mnt/c/Users/drpat/OneDrive - UGent/Desktop/PD/Phospho-fill/Validation-allPDB/pdb_cache/7chn.cif	TPO	TPO	OG1	CB	ok	1.6191341433290467	104.20022294492485	-59.09684098948914	60.10207117153876	LYS:743	LYS	NZ	5.88163829028884	0.0	1.0	ASN:688	ASN	ND2	2.488713786129766	HOH:915	O	5.062736896634497	0.0	18.0	hbond_like			intermediate	TPO:675	TPO	17.23911972956965	0.0	0.0		modified	1.6191341433290467	83.40699312683698	81.95654548980339	same	lateral				
P33981	7CHT	A	675	TPO_mixed_with_SEP	3	4	2.4	TPO	253		4	515-678,686-698,711-794	515-678,686-698,711-794	TPO,TPO,TPO	/mnt/c/Users/drpat/OneDrive - UGent/Desktop/PD/Phospho-fill/Validation-allPDB/pdb_cache/7cht.cif	TPO	TPO	OG1	CB	ok	1.615813421244894	112.33713599484221	-105.638049057568	17.51165430211746					0.0	0.0					HOH:901	O	1.977699573396089	4.0	19.0	water_mediated_like			exposed	SEP:677	SEP	4.810470214659044	2.0	2.0	TPO:676@5.87;SEP:677@4.81	modified	1.615813421244894		41.68528789596464						
P33981	7CHT	A	676	TPO_mixed_with_SEP	3	4	2.4	TPO	253		4	515-678,686-698,711-794	515-678,686-698,711-794	TPO,TPO,TPO	/mnt/c/Users/drpat/OneDrive - UGent/Desktop/PD/Phospho-fill/Validation-allPDB/pdb_cache/7cht.cif	TPO	TPO	OG1	CB	ok	1.6084363910474242	109.4882563382573	-30.40313893127378	89.86549203052253					0.0	0.0					HOH:906	O	2.68007223891476	2.0	9.0	water_mediated_like			exposed	TPO:675	TPO	5.874256219834282	2.0	2.0	TPO:675@5.87;SEP:677@6.41	modified	1.6084363910474242		88.92137733963278						
P33981	7CHT	A	686	TPO_mixed_with_SEP	3	4	2.4	TPO	253		4	515-678,686-698,711-794	515-678,686-698,711-794	TPO,TPO,TPO	/mnt/c/Users/drpat/OneDrive - UGent/Desktop/PD/Phospho-fill/Validation-allPDB/pdb_cache/7cht.cif	TPO	TPO	OG1	CB	ok	1.6127468800880553	108.55797804636397	-91.71405284240019	30.586559479174806	LYS:743	LYS	NZ	6.147758284165519	0.0	0.0	ASN:688	ASN	ND2	2.6629187558382443	HOH:905	O	4.904219686371299	0.0	16.0	hbond_like			intermediate	TPO:675	TPO	17.07156372845594	0.0	0.0		modified	1.6127468800880553	108.80269108747183	42.46674608419994	opposite	lateral				
P33981	7CIL	A	686	TPO_single	1	1	2.3	TPO	254		4	515-674,684-700,708-795	515-674,684-700,708-795	TPO	/mnt/c/Users/drpat/OneDrive - UGent/Desktop/PD/Phospho-fill/Validation-allPDB/pdb_cache/7cil.cif	TPO	TPO	OG1	CB	ok	1.61974254530775	107.68693351504487	-52.954809060375	66.13034745676222	LYS:743	LYS	NZ	6.1821754656124455	0.0	0.0	ASN:688	ASN	ND2	2.489885500204632	HOH:918	O	7.505501871067754	0.0	18.0	hbond_like			intermediate				0.0	0.0		modified	1.61974254530775	86.31731016269428	62.56429358856779	same	lateral				
P33981	7CJA	A	675	TPO_only_multi_2	2	2	2.49	TPO	255		4	515-675,684-700,711-795	515-675,684-700,711-795	TPO,TPO	/mnt/c/Users/drpat/OneDrive - UGent/Desktop/PD/Phospho-fill/Validation-allPDB/pdb_cache/7cja.cif	TPO	TPO	OG1	CB	ok	1.6129122883335552	107.37341811791981	-37.81645092812465	84.49887044264624	LYS:529	LYS	NZ	7.676085488032707	0.0	0.0	LYS:529	LYS	NZ	7.676085488032707				0.0	2.0	none_obvious			intermediate	TPO:686	TPO	17.231606661866564	0.0	0.0		modified	1.6129122883335552	110.30939136202794		same	lateral				
P33981	7CJA	A	686	TPO_only_multi_2	2	2	2.49	TPO	255		4	515-675,684-700,711-795	515-675,684-700,711-795	TPO,TPO	/mnt/c/Users/drpat/OneDrive - UGent/Desktop/PD/Phospho-fill/Validation-allPDB/pdb_cache/7cja.cif	TPO	TPO	OG1	CB	ok	1.6188566524454508	104.85937259236589	16.24517007535004	137.15754298392622	LYS:614	LYS	NZ	4.409770258808534	0.0	2.0	ASN:688	ASN	ND2	2.403719846247777	HOH:902	O	5.384885923634725	0.0	17.0	hbond_like			intermediate	TPO:675	TPO	17.231606661866564	0.0	0.0		modified	1.6188566524454508	50.87540408595891	97.59842413219837	same	toward				
Q79V60	7DY1	D	432	TPO_mixed_with_SEP	1	2	2.2	TPO	318		2	18-112,126-152,156-247,254-497	18-112,126-152,156-247,254-497	TPO	/mnt/c/Users/drpat/OneDrive - UGent/Desktop/PD/Phospho-fill/Validation-allPDB/pdb_cache/7dy1.cif	TPO	TPO	OG1	CB	ok	1.6354773422399962	124.09461192974891	-36.630554265112316	84.30617583994545	ARG:393	ARG	NH2	3.3109829041215812	1.0	1.0	ARG:393	ARG	NH2	3.3109829041215812	HOH:701	O	1.8562985342457157	2.0	9.0	salt_bridge_like			exposed	SEP:431	SEP	7.59080536262357	1.0	1.0	SEP:431@7.59	modified	1.6354773422399962	71.88840892499303	40.56314528505847	same	lateral				
P24941	7KJS	A	160	TPO_single	1	1	2.187	TPO	177		3	1-297	1-297	TPO	/mnt/c/Users/drpat/OneDrive - UGent/Desktop/PD/Phospho-fill/Validation-allPDB/pdb_cache/7kjs.cif	TPO	TPO	OG1	CB	ok	1.5852360776957335	114.55132768215324	-68.99802414718998	57.309558006132534	ARG:126	ARG	NH2	2.7173939296878586	3.0	3.0	ARG:126	ARG	NH2	2.7173939296878586	HOH:427	O	2.7387210757813616	1.0	22.0	salt_bridge_like			intermediate				0.0	0.0		modified	1.5852360776957335	38.287020793887216	69.51433210910771	same	toward				
Q564N5	7L74	A	56	TPO_only_multi_3	3	3	2.25	TPO	306		3	54-594	54-594	TPO,TPO,TPO	/mnt/c/Users/drpat/OneDrive - UGent/Desktop/PD/Phospho-fill/Validation-allPDB/pdb_cache/7l74.cif	TPO	TPO	OG1	CB	ok	1.7120785257302615	130.52500629406507	39.42159141759294	164.5363499018917					0.0	0.0	ASP:60	ASP	OD1	7.641393825701729	HOH:1034	O	5.8370834265977525	0.0	2.0	none_obvious			intermediate	TPO:74	TPO	19.450553596166078	0.0	0.0		modified	1.7120785257302615		79.07135115433098						
Q564N5	7L74	A	74	TPO_only_multi_3	3	3	2.25	TPO	306		3	54-594	54-594	TPO,TPO,TPO	/mnt/c/Users/drpat/OneDrive - UGent/Desktop/PD/Phospho-fill/Validation-allPDB/pdb_cache/7l74.cif	TPO	TPO	OG1	CB	ok	1.666162992932837	120.36315218623561	-34.760998555132055	90.19173280277204	LYS:131	LYS	CE	6.784559292826831	0.0	0.0	GLN:73	GLN	OE1	5.871043501525044	HOH:969	O	6.02294993884155	0.0	5.0	none_obvious			intermediate	TPO:79	TPO	15.521837697792265	0.0	0.0		modified	1.666162992932837	77.15076494739363	127.63026941678879	opposite	lateral				
Q564N5	7L74	A	79	TPO_only_multi_3	3	3	2.25	TPO	306		3	54-594	54-594	TPO,TPO,TPO	/mnt/c/Users/drpat/OneDrive - UGent/Desktop/PD/Phospho-fill/Validation-allPDB/pdb_cache/7l74.cif	TPO	TPO	OG1	CB	ok	1.676123240571809	127.31316375569362	-28.187912317753526	95.5208386334615					0.0	0.0	THR:82	THR	OG1	6.988877314880213	HOH:820	O	2.4761170472935756	1.0	9.0	water_mediated_like			intermediate	TPO:74	TPO	15.521837697792265	0.0	0.0		modified	1.676123240571809		57.560377665148216						
P61006	7LWB	A	72	TPO_single	1	1	1.9	TPO	277		2	1-180	1-180	TPO	/mnt/c/Users/drpat/OneDrive - UGent/Desktop/PD/Phospho-fill/Validation-allPDB/pdb_cache/7lwb.cif	TPO	TPO	OG1	CB	ok	1.5762822264461596	106.0151302776376	-59.895750628634076	60.668435812744555	ARG:71	ARG	NE	7.509076738520963	0.0	0.0	GLU:68	GLU	OE2	6.419785625048975	HOH:1011	O	2.5854028892078067	3.0	8.0	water_mediated_like			exposed				0.0	0.0		modified	1.5762822264461596	90.62399291560101	35.5438500355213	same	lateral				
Q9Y572	7MON	B	224	TPO_mixed_with_SEP	1	2	2.23	TPO	434		2	5-27,33-85,88-163,176-193,197-311	5-27,33-85,88-163,176-193,197-311	TPO	/mnt/c/Users/drpat/OneDrive - UGent/Desktop/PD/Phospho-fill/Validation-allPDB/pdb_cache/7mon.cif	TPO	TPO	OG1	CB	ok	1.6127612243911131	110.31179792946998	-23.304044809768307	93.49251898542954					0.0	0.0	GLU:225	GLU	OE2	4.7220385811553935	HOH:545	O	3.8382418226739143	1.0	7.0	none_obvious			intermediate	SEP:227	SEP	11.53160380960614	0.0	1.0	SEP:227@11.53	modified	1.6127612243911131		120.19315514343053						
O75531	7NDY	A	3	TPO_mixed_with_SEP	1	2	1.44	TPO	88		2	2-89	2-89	TPO	/mnt/c/Users/drpat/OneDrive - UGent/Desktop/PD/Phospho-fill/Validation-allPDB/pdb_cache/7ndy.cif	TPO	TPO	OG1	CB	ok	1.5822496464248463	115.79969095344833	-64.13069404731355	49.385678451705104	LYS:72	LYS	NZ	2.759711323459979	1.0	1.0	LYS:72	LYS	NZ	2.759711323459979	HOH:117	O	2.6577655866058634	2.0	9.0	salt_bridge_like			exposed	SEP:4	SEP	7.884048215019618	1.0	1.0	SEP:4@7.88	modified	1.5822496464248463	65.8183524084087	80.57796909257318	opposite	lateral				
Q14004	7NXJ	A	871	TPO_single	1	1	2.36	TPO	300		1	695-776,781-1023	695-776,781-1023	TPO	/mnt/c/Users/drpat/OneDrive - UGent/Desktop/PD/Phospho-fill/Validation-allPDB/pdb_cache/7nxj.cif	TPO	TPO	OG1	CB	ok	1.6106378419925915	108.94632799020754	-66.72453818731663	53.07321317050954	ARG:836	ARG	NH1	3.124252080508634	2.0	2.0	ARG:836	ARG	NH1	3.124252080508634				0.0	15.0	salt_bridge_like			intermediate				0.0	0.0		modified	1.6106378419925915	37.21904597800624		same	toward				
P48730	7NZY	A	220	TPO_single	1	1	1.85	TPO	264		2	4-157,163-294	4-157,163-294	TPO	/mnt/c/Users/drpat/OneDrive - UGent/Desktop/PD/Phospho-fill/Validation-allPDB/pdb_cache/7nzy.cif	TPO	TPO	OG1	CB	ok	1.6091927057319064	106.93600962066583	-39.50364104546933	80.17404732590612	ARG:227	ARG	NH2	7.6630216582510595	0.0	0.0	GLN:223	GLN	OE1	4.903392582197893	HOH:438	O	2.6004746366708043	1.0	18.0	water_mediated_like			intermediate				0.0	0.0		modified	1.6091927057319064	101.51396349772399	23.082857024341166	opposite	lateral				
P28482	7OPM	A	185	TPO_mixed_with_PTR	1	2	2.45	TPO	216		2	1-360	1-360	TPO	/mnt/c/Users/drpat/OneDrive - UGent/Desktop/PD/Phospho-fill/Validation-allPDB/pdb_cache/7opm.cif	TPO	TPO	OG1	CB	ok	1.6096536419995782	108.5620360862706	-72.2569628085603	48.43758644163799	ARG:148	ARG	NH1	2.3117607547930485	3.0	4.0	ARG:148	ARG	NH1	2.3117607547930485				0.0	25.0	salt_bridge_like			buried	PTR:187	PTR	15.16574796421247	0.0	0.0		modified	1.6096536419995782	48.23188312508131		same	toward				
P48730	7P7F	A	220	TPO_single	1	1	1.96	TPO	265		2	3-294	3-294	TPO	/mnt/c/Users/drpat/OneDrive - UGent/Desktop/PD/Phospho-fill/Validation-allPDB/pdb_cache/7p7f.cif	TPO	TPO	OG1	CB	ok	1.631436154015809	124.46366870048007	34.176957014202706	158.4701408436131	ARG:222	ARG	NE	4.528158693334853	0.0	1.0	GLN:223	GLN	OE1	4.276034367198146				0.0	18.0	none_obvious			intermediate				0.0	0.0		modified	1.631436154015809	54.60684727863693		same	toward				
P48730	7P7G	A	220	TPO_single	1	1	1.7	TPO	266		2	8-294	8-294	TPO	/mnt/c/Users/drpat/OneDrive - UGent/Desktop/PD/Phospho-fill/Validation-allPDB/pdb_cache/7p7g.cif	TPO				missing_anchor_or_base																																							
Q9NWZ3	7QG1	B	345	TPO_mixed_with_SEP	1	2	2.07	TPO	395		4	164-216,223-336,344-458	164-216,223-336,344-458	TPO	/mnt/c/Users/drpat/OneDrive - UGent/Desktop/PD/Phospho-fill/Validation-allPDB/pdb_cache/7qg1.cif	TPO	TPO	OG1	CB	ok	1.5679790669043614	119.04467726220301	-95.58281217752591	33.764132486210244	ARG:334	ARG	NH1	2.766540351038157	1.0	2.0	ARG:334	ARG	NH1	2.766540351038157	HOH:614	O	2.762651098720677	1.0	20.0	salt_bridge_like			intermediate	SEP:346	SEP	6.196168817261104	1.0	1.0	SEP:346@6.20	modified	1.5679790669043614	51.13767396164014	89.16406913319557	same	toward				
Q9NWZ3	7QG3	A	342	TPO_mixed_with_SEP	2	3	2.11	TPO	396		4	164-187,190-216,222-252,257-335,342-458	164-187,190-216,222-252,257-335,342-458	TPO,TPO	/mnt/c/Users/drpat/OneDrive - UGent/Desktop/PD/Phospho-fill/Validation-allPDB/pdb_cache/7qg3.cif	TPO	TPO	OG1	CB	ok	1.545423184588696	117.95310713650902	-53.319504856489445	69.51838653077164	LYS:367	LYS	NZ	3.2570623052612855	2.0	2.0	LYS:367	LYS	NZ	3.2570623052612855				0.0	13.0	salt_bridge_like			intermediate	TPO:345	TPO	15.708206305100838	0.0	0.0		modified	1.545423184588696	40.207231458555604		same	toward				
Q9NWZ3	7QG3	A	345	TPO_mixed_with_SEP	2	3	2.11	TPO	396		4	164-187,190-216,222-252,257-335,342-458	164-187,190-216,222-252,257-335,342-458	TPO,TPO	/mnt/c/Users/drpat/OneDrive - UGent/Desktop/PD/Phospho-fill/Validation-allPDB/pdb_cache/7qg3.cif	TPO	TPO	OG1	CB	ok	1.565561418439615	119.4535499876673	-86.68486622402877	42.21169289995584	ARG:334	ARG	NH1	2.7796745720895175	1.0	2.0	ARG:334	ARG	NH1	2.7796745720895175				0.0	17.0	salt_bridge_like			intermediate	SEP:346	SEP	7.239297701751902	1.0	1.0	SEP:346@7.24	modified	1.565561418439615	47.656965006060005		same	toward				
Q9NWZ3	7QG5	B	345	TPO_mixed_with_SEP	1	2	2.3	TPO	398		4	164-215,224-335,342-458	164-215,224-335,342-458	TPO	/mnt/c/Users/drpat/OneDrive - UGent/Desktop/PD/Phospho-fill/Validation-allPDB/pdb_cache/7qg5.cif	TPO	TPO	OG1	CB	ok	1.543842969094555	116.28434619597688	-94.23776030419798	32.78092094107544	ARG:334	ARG	NH1	2.6699026126956915	1.0	2.0	ARG:334	ARG	NH1	2.6699026126956915	HOH:622	O	2.814761742505035	1.0	21.0	salt_bridge_like			intermediate	SEP:346	SEP	6.051694367685843	1.0	1.0	SEP:346@6.05	modified	1.543842969094555	50.09561051184368	85.23302005789934	same	toward				
P24941	7QHL	C	160	TPO_single	1	1	1.7	TPO	178		3	1-12,17-37,41-294	1-12,17-37,41-294	TPO	/mnt/c/Users/drpat/OneDrive - UGent/Desktop/PD/Phospho-fill/Validation-allPDB/pdb_cache/7qhl.cif	TPO	TPO	OG1	CB	ok	1.5991464643840907	121.44858333622271	-71.09616939725476	51.77239352979894	ARG:150	ARG	NE	2.6981390831621317	3.0	3.0	ARG:150	ARG	NE	2.6981390831621317	HOH:419	O	2.4982181807717616	3.0	23.0	salt_bridge_like			exposed				0.0	0.0		modified	1.5991464643840907	30.97792161139265	68.34315052526999	same	toward				
O00418	7SHQ	A	348	TPO_single	1	1	2.34	TPO	16		1	78-339,344-358,496-648,662-723	78-339,344-358,496-648,662-723	TPO	/mnt/c/Users/drpat/OneDrive - UGent/Desktop/PD/Phospho-fill/Validation-allPDB/pdb_cache/7shq.cif	TPO	TPO	OG1	CB	ok	1.6086700789876658	107.81409035338548	-68.00121567420199	54.63406968008834	ARG:252	ARG	NE	2.5436985903790914	2.0	2.0	ARG:252	ARG	NE	2.5436985903790914	HOH:974	O	2.9347634049415983	1.0	35.0	salt_bridge_like			buried				0.0	0.0		modified	1.6086700789876658	37.102062295798916	62.350168462183504	same	toward				
P36495	7VCF	A	1795	TPO_single	1	1	2.5	TPO	256		1	8-96,104-432,467-488,535-586,597-668,678-759,801-981,1045-1106,1125-1182,1224-1263,1347-1491,1566-1674,1685-1828,1847-1855,1888-1989	8-96,104-432,467-488,535-586,597-668,678-759,801-981,1045-1106,1125-1182,1224-1263,1347-1491,1566-1674,1685-1828,1847-1855,1888-1989	TPO	/mnt/c/Users/drpat/OneDrive - UGent/Desktop/PD/Phospho-fill/Validation-allPDB/pdb_cache/7vcf.cif	TPO	TPO	OG1	CB	ok	1.6041110164118042	111.13672031028973	-66.40282320917274	59.53476536187306	ARG:1797	ARG	NH2	3.3135211943963268	1.0	1.0	THR:1131	THR	OG1	3.139740511736592				0.0	23.0	salt_bridge_like			intermediate				0.0	0.0		modified	1.6041110164118042	76.088994445066		opposite	lateral				
A0A2K3D4W3	7VCF	C	328	TPO_single	1	1	2.5	TPO	10		1	256-472	256-472	TPO	/mnt/c/Users/drpat/OneDrive - UGent/Desktop/PD/Phospho-fill/Validation-allPDB/pdb_cache/7vcf.cif	TPO	TPO	OG1	CB	ok	1.604815225723402	110.21057005930768	-58.217824840677686	65.56114516550834					0.0	0.0	ASP:329	ASP	OD2	5.715411207871988				0.0	8.0	none_obvious			intermediate				0.0	0.0		modified	1.604815225723402								
Q00526	7XQK	A	160	TPO_single	1	1	2.25	TPO	280		1	3-288	3-288	TPO	/mnt/c/Users/drpat/OneDrive - UGent/Desktop/PD/Phospho-fill/Validation-allPDB/pdb_cache/7xqk.cif	TPO	TPO	OG1	CB	ok	1.630229553466687	119.43437579709563	-68.0687455037902	53.64255037426828	ARG:126	ARG	NH1	2.7687942257544953	3.0	3.0	ARG:126	ARG	NH1	2.7687942257544953	HOH:522	O	2.6118516037228185	2.0	23.0	salt_bridge_like			exposed				0.0	0.0		modified	1.630229553466687	52.16534835267865	70.11343488837458	same	toward				
Q9UKE5	7XZQ	A	181	TPO_only_multi_2	2	2	2.09	TPO	427		2	11-310	11-310	TPO,TPO	/mnt/c/Users/drpat/OneDrive - UGent/Desktop/PD/Phospho-fill/Validation-allPDB/pdb_cache/7xzq.cif	TPO	TPO	OG1	CB	ok	1.6114899357012653	109.25242580464656	-74.52189784440677	46.418128752573246	LYS:148	LYS	NZ	2.5569699475221386	1.0	1.0	LYS:148	LYS	NZ	2.5569699475221386				0.0	8.0	salt_bridge_like			intermediate	TPO:187	TPO	18.940835137419743	0.0	0.0		modified	1.6114899357012653	95.75740960697419		opposite	lateral				
Q9UKE5	7XZQ	A	187	TPO_only_multi_2	2	2	2.09	TPO	427		2	11-310	11-310	TPO,TPO	/mnt/c/Users/drpat/OneDrive - UGent/Desktop/PD/Phospho-fill/Validation-allPDB/pdb_cache/7xzq.cif	TPO	TPO	OG1	CB	ok	1.625355409385317	112.04683324791891	-55.17815280136962	63.85335721543356	ARG:185	ARG	NE	2.743997903039015	2.0	2.0	ARG:185	ARG	NE	2.743997903039015	HOH:1532	O	2.656278660315104	1.0	21.0	salt_bridge_like			intermediate	TPO:181	TPO	18.940835137419743	0.0	0.0		modified	1.625355409385317	19.502275880654533	53.22340329648454	same	toward				
Q9UKE5	7XZR	B	181	TPO_only_multi_2	2	2	2.26	TPO	428		2	12-312	12-312	TPO,TPO	/mnt/c/Users/drpat/OneDrive - UGent/Desktop/PD/Phospho-fill/Validation-allPDB/pdb_cache/7xzr.cif	TPO	TPO	OG1	CB	ok	1.620387433576583	110.88711815526655	-68.4828663693532	56.2890362982086	LYS:148	LYS	CE	3.9794235402994294	1.0	1.0	LYS:148	LYS	NZ	4.089886922995875				0.0	9.0	none_obvious			intermediate	TPO:187	TPO	19.01800711064859	0.0	0.0		modified	1.620387433576583	104.69789399341103		opposite	lateral				
Q9UKE5	7XZR	B	187	TPO_only_multi_2	2	2	2.26	TPO	428		2	12-312	12-312	TPO,TPO	/mnt/c/Users/drpat/OneDrive - UGent/Desktop/PD/Phospho-fill/Validation-allPDB/pdb_cache/7xzr.cif	TPO	TPO	OG1	CB	ok	1.6197256426261093	114.11447243169509	-58.69259920504668	57.51816496054924	ARG:185	ARG	NE	2.9047230910357316	2.0	2.0	ARG:185	ARG	NE	2.9047230910357316	HOH:1502	O	2.2601113879647783	2.0	20.0	salt_bridge_like			exposed	TPO:181	TPO	19.01800711064859	0.0	0.0		modified	1.6197256426261093	17.93462825903973	67.20770762069904	same	toward				
A0A0R6L508	7YJP	A	285	TPO_single	1	1	1.88	TPO	5		1	219-541	219-541	TPO	/mnt/c/Users/drpat/OneDrive - UGent/Desktop/PD/Phospho-fill/Validation-allPDB/pdb_cache/7yjp.cif	TPO	TPO	OG1	CB	ok	1.60790420711642	122.93415547898795	-69.17973536426818	51.92902490962083	HIS:478	HIS	NE2	3.0607593895904577	3.0	4.0	HIS:478	HIS	NE2	3.0607593895904577	HOH:734	O	5.020532398305882	0.0	30.0	salt_bridge_like			buried				0.0	0.0		modified	1.60790420711642	45.778934036799	47.632622331228006	same	toward				
A0A0R6L508	7YJQ	A	285	TPO_single	1	1	1.6	TPO	6		1	219-541	219-541	TPO	/mnt/c/Users/drpat/OneDrive - UGent/Desktop/PD/Phospho-fill/Validation-allPDB/pdb_cache/7yjq.cif	TPO	TPO	OG1	CB	ok	1.6393805341179852	116.79809575220013	-76.72679126610795	40.011845071787235	HIS:478	HIS	NE2	2.7485520551287084	3.0	4.0	HIS:478	HIS	NE2	2.7485520551287084	HOH:758	O	2.7446791869200116	1.0	32.0	salt_bridge_like			buried				0.0	0.0		modified	1.6393805341179852	39.07247256575257	60.606360525070755	same	toward				
A0A0R6L508	7YJR	A	285	TPO_single	1	1	2.3	TPO	7		1	219-541	219-541	TPO	/mnt/c/Users/drpat/OneDrive - UGent/Desktop/PD/Phospho-fill/Validation-allPDB/pdb_cache/7yjr.cif	TPO	TPO	OG1	CB	ok	1.6287522449966305	112.72415220852767	-68.84734992544395	51.48145931004561	HIS:478	HIS	NE2	2.7266052564305023	3.0	4.0	HIS:478	HIS	NE2	2.7266052564305023	HOH:703	O	5.064203149013487	0.0	29.0	salt_bridge_like			buried				0.0	0.0		modified	1.6287522449966305	47.340623372373074	49.964547361247234	same	toward				
A0A0R6L508	7YJS	A	285	TPO_single	1	1	2.5	TPO	8		1	219-541	219-541	TPO	/mnt/c/Users/drpat/OneDrive - UGent/Desktop/PD/Phospho-fill/Validation-allPDB/pdb_cache/7yjs.cif	TPO	TPO	OG1	CB	ok	1.597955766104412	112.3239434830089	-62.54279868945651	57.19705658537112	HIS:478	HIS	NE2	2.6001458823922565	3.0	4.0	HIS:478	HIS	NE2	2.6001458823922565	HOH:710	O	5.109233714730757	0.0	28.0	salt_bridge_like			buried				0.0	0.0		modified	1.597955766104412	46.61943620749533	46.09867464868946	same	toward				
A0A0R6L508	7YJT	A	285	TPO_single	1	1	2.1	TPO	9		1	219-541	219-541	TPO	/mnt/c/Users/drpat/OneDrive - UGent/Desktop/PD/Phospho-fill/Validation-allPDB/pdb_cache/7yjt.cif	TPO	TPO	OG1	CB	ok	1.6312826360792112	115.72396791151697	-79.09077108015155	38.26194898054927	HIS:478	HIS	NE2	2.6678244755642875	3.0	4.0	HIS:478	HIS	NE2	2.6678244755642875	HOH:701	O	2.4595647164408296	1.0	30.0	salt_bridge_like			buried				0.0	0.0		modified	1.6312826360792112	39.08262164119678	60.27679640163559	same	toward				
O00506	7Z4V	A	174	TPO_single	1	1	1.644	TPO	22		1	3-27,30-293	3-27,30-293	TPO	/mnt/c/Users/drpat/OneDrive - UGent/Desktop/PD/Phospho-fill/Validation-allPDB/pdb_cache/7z4v.cif	TPO	TPO	OG1	CB	ok	1.555093881876463	116.78747466451013	-51.076749829708085	66.75983838152521	ARG:172	ARG	NH2	2.558248820846952	2.0	2.0	ARG:172	ARG	NH2	2.558248820846952	HOH:415	O	2.6011393047958467	4.0	21.0	salt_bridge_like			exposed				0.0	0.0		modified	1.555093881876463	20.879672131352013	28.35245885452728	same	toward				
O14965	7ZTL	A	288	TPO_single	1	1	1.9	TPO	65		2	126-389	126-389	TPO	/mnt/c/Users/drpat/OneDrive - UGent/Desktop/PD/Phospho-fill/Validation-allPDB/pdb_cache/7ztl.cif	TPO	TPO	OG1	CB	ok	1.6125866947562875	113.15660882721201	-49.47086879225839	69.41981960479883	ARG:180	ARG	NH1	2.488177466151815	3.0	5.0	ARG:180	ARG	NH1	2.488177466151815	HOH:693	O	3.1728970758777675	2.0	27.0	salt_bridge_like			exposed				0.0	0.0		modified	1.6125866947562875	40.09336785533969	71.88055087443784	same	toward				
O14965	8C14	A	288	TPO_single	1	1	1.93	TPO	66		2	126-389	126-389	TPO	/mnt/c/Users/drpat/OneDrive - UGent/Desktop/PD/Phospho-fill/Validation-allPDB/pdb_cache/8c14.cif	TPO	TPO	OG1	CB	ok	1.5586691671478545	115.77421314121077	-92.72294800823164	40.77317063595012	LYS:143	LYS	CE	3.3569958526166497	1.0	2.0	LYS:143	LYS	NZ	3.5789864502037285	HOH:566	O	2.771571215419086	4.0	22.0	salt_bridge_like			exposed				0.0	0.0		modified	1.5586691671478545	27.795737277669446	71.82676405644237	same	toward				
O00418	8FNY	A	348	TPO_single	1	1	2.22	TPO	17		1	77-357,495-515,517-542,544-648,662-725	77-357,495-515,517-542,544-648,662-725	TPO	/mnt/c/Users/drpat/OneDrive - UGent/Desktop/PD/Phospho-fill/Validation-allPDB/pdb_cache/8fny.cif	TPO	TPO	OG1	CB	ok	1.6266881302320093	111.11489274391518	-54.51036104277072	62.33405920746199	ARG:252	ARG	NE	2.66127209762664	2.0	2.0	ARG:252	ARG	NE	2.66127209762664	HOH:961	O	5.436077613159926	0.0	39.0	salt_bridge_like			buried				0.0	0.0		modified	1.6266881302320093	33.4888145530038	96.91262230271056	same	toward				
P24723	8FP1	A	513	TPO_only_multi_2	2	2	1.85	TPO	112		2	349-676	349-676	TPO,TPO	/mnt/c/Users/drpat/OneDrive - UGent/Desktop/PD/Phospho-fill/Validation-allPDB/pdb_cache/8fp1.cif	TPO	TPO	OG1	CB	ok	1.5537756872344413	113.66686427700161	-57.515888812282796	63.861335952765224	ARG:478	ARG	NH1	2.7563294757721173	2.0	2.0	THR:511	THR	OG1	2.3669598484237397	HOH:9203	O	2.9931606592482596	1.0	20.0	salt_bridge_like			intermediate	TPO:656	TPO	29.69697782019264	0.0	0.0		modified	1.5537756872344413	51.20748403443246	72.06500752528241	same	toward				
P24723	8FP1	A	656	TPO_only_multi_2	2	2	1.85	TPO	112		2	349-676	349-676	TPO,TPO	/mnt/c/Users/drpat/OneDrive - UGent/Desktop/PD/Phospho-fill/Validation-allPDB/pdb_cache/8fp1.cif	TPO	TPO	OG1	CB	ok	1.6040882504865173	115.85088694397908	-50.18743859779637	71.80085171790401	LYS:368	LYS	NZ	3.0659615602792396	3.0	4.0	GLU:652	GLU	OE2	2.599018645291149	HOH:9179	O	2.814596410623308	1.0	19.0	salt_bridge_like			intermediate	TPO:513	TPO	29.69697782019264	0.0	0.0		modified	1.6040882504865173	18.751948476434414	21.799048465869735	same	toward				
P24723	8FP3	A	513	TPO_only_multi_2	2	2	2.3	TPO	113		2	349-679	349-679	TPO,TPO	/mnt/c/Users/drpat/OneDrive - UGent/Desktop/PD/Phospho-fill/Validation-allPDB/pdb_cache/8fp3.cif	TPO	TPO	OG1	CB	ok	1.578346501047152	116.41983346382231	-58.70847309301591	63.26180539444199	LYS:502	LYS	NZ	2.7429080541432076	2.0	2.0	THR:511	THR	OG1	2.530985286133427	HOH:9117	O	2.689434504993695	1.0	20.0	salt_bridge_like			intermediate	TPO:656	TPO	29.851245670578155	0.0	0.0		modified	1.578346501047152	14.008511741410688	71.80845581889542	same	toward				
P24723	8FP3	A	656	TPO_only_multi_2	2	2	2.3	TPO	113		2	349-679	349-679	TPO,TPO	/mnt/c/Users/drpat/OneDrive - UGent/Desktop/PD/Phospho-fill/Validation-allPDB/pdb_cache/8fp3.cif	TPO	TPO	OG1	CB	ok	1.6091556047078615	107.948134490467	-7.980446366440901	114.35808953161902	LYS:387	LYS	NZ	2.720613106108144	1.0	3.0	LYS:387	LYS	NZ	2.720613106108144	HOH:9134	O	4.380382136421412	0.0	14.0	salt_bridge_like			intermediate	TPO:513	TPO	29.851245670578155	0.0	0.0		modified	1.6091556047078615	54.882719652945845	59.80792491342022	opposite	toward				
O00418	8GM4	A	348	TPO_single	1	1	2.12	TPO	18		1	79-247,249-338,346-357,516-541,544-647,662-722	79-247,249-338,346-357,516-541,544-647,662-722	TPO	/mnt/c/Users/drpat/OneDrive - UGent/Desktop/PD/Phospho-fill/Validation-allPDB/pdb_cache/8gm4.cif	TPO	TPO	OG1	CB	ok	1.6027625463962072	111.3298160220515	-49.44025356265625	69.5391602060518	ARG:252	ARG	NE	2.4544627228921216	2.0	3.0	ARG:252	ARG	NE	2.4544627228921216	HOH:924	O	2.5104919518184983	1.0	36.0	salt_bridge_like			buried				0.0	0.0		modified	1.6027625463962072	34.316645896289046	52.46826426365697	same	toward				
O00418	8GM5	A	348	TPO_single	1	1	2.12	TPO	19		1	79-247,249-339,344-357,498-509,514-541,544-647,662-722	79-247,249-339,344-357,498-509,514-541,544-647,662-722	TPO	/mnt/c/Users/drpat/OneDrive - UGent/Desktop/PD/Phospho-fill/Validation-allPDB/pdb_cache/8gm5.cif	TPO	TPO	OG1	CB	ok	1.6113516050904744	110.29469991339528	-56.5268747544471	63.3341543187654	ARG:252	ARG	NE	2.738168817269407	2.0	3.0	ARG:252	ARG	NE	2.738168817269407	HOH:914	O	2.395401437954688	2.0	38.0	salt_bridge_like			exposed				0.0	0.0		modified	1.6113516050904744	32.030727996166796	43.52330215972321	same	toward				
P24941	8H6P	A	160	TPO_single	1	1	2.44	TPO	179		3	1-297	1-297	TPO	/mnt/c/Users/drpat/OneDrive - UGent/Desktop/PD/Phospho-fill/Validation-allPDB/pdb_cache/8h6p.cif	TPO	TPO	OG1	CB	ok	1.6081282661297194	131.35714556223274	92.3294637349812	-142.3626007343485	ARG:126	ARG	NH2	3.070677333379226	1.0	3.0	ARG:126	ARG	NH2	3.070677333379226				0.0	14.0	salt_bridge_like			intermediate				0.0	0.0		modified	1.6081282661297194	80.92526804652408		opposite	lateral				
O75385	8P5G	B	180	TPO_single	1	1	2.019	TPO	81		2	8-148,154-279	8-148,154-279	TPO	/mnt/c/Users/drpat/OneDrive - UGent/Desktop/PD/Phospho-fill/Validation-allPDB/pdb_cache/8p5g.cif	TPO	TPO	OG1	CB	ok	1.6088847713832786	118.10644761602255	-58.28090299360632	65.30564306216344	ARG:137	ARG	NH1	2.805373289079585	2.0	2.0	ARG:137	ARG	NH1	2.805373289079585	HOH:417	O	2.5656290770639325	4.0	19.0	salt_bridge_like			exposed				0.0	0.0		modified	1.6088847713832786	57.70786174564972	34.65643805327218	same	toward				
O75385	8P5H	A	180	TPO_single	1	1	1.941	TPO	82		2	8-149,154-280	8-149,154-280	TPO	/mnt/c/Users/drpat/OneDrive - UGent/Desktop/PD/Phospho-fill/Validation-allPDB/pdb_cache/8p5h.cif	TPO	TPO	OG1	CB	ok	1.6274776818597718	118.32173038989363	-59.752757294726756	60.9874724272398	ARG:137	ARG	NH1	2.8332958929867753	2.0	2.0	ARG:137	ARG	NH1	2.8332958929867753	HOH:411	O	2.5329620740854657	3.0	19.0	salt_bridge_like			exposed				0.0	0.0		modified	1.6274776818597718	58.0190200669687	35.519481231681	same	toward				
O75385	8P5I	B	180	TPO_single	1	1	1.829	TPO	83		2	8-280	8-280	TPO	/mnt/c/Users/drpat/OneDrive - UGent/Desktop/PD/Phospho-fill/Validation-allPDB/pdb_cache/8p5i.cif	TPO	TPO	OG1	CB	ok	1.6566082687400911	117.43127461935437	-62.87467262742411	59.65583855262022	ARG:137	ARG	NH1	2.8342085650173807	2.0	2.0	ARG:137	ARG	NH1	2.8342085650173807	HOH:416	O	2.589049982324538	5.0	19.0	salt_bridge_like			exposed				0.0	0.0		modified	1.6566082687400911	57.41102764829754	77.62256253264773	same	toward				
O75385	8P5J	A	180	TPO_single	1	1	2.164	TPO	84		2	8-149,153-279	8-149,153-279	TPO	/mnt/c/Users/drpat/OneDrive - UGent/Desktop/PD/Phospho-fill/Validation-allPDB/pdb_cache/8p5j.cif	TPO	TPO	OG1	CB	ok	1.6361234451214945	120.97501298532399	-59.85487784179593	62.59020425626083	ARG:137	ARG	NH1	2.8095195587866697	2.0	2.0	ARG:137	ARG	NH1	2.8095195587866697	HOH:401	O	2.333997703324242	4.0	20.0	salt_bridge_like			exposed				0.0	0.0		modified	1.6361234451214945	61.51805535683462	73.37319199803174	same	lateral				
O75385	8P5K	B	180	TPO_single	1	1	2.209	TPO	85		2	8-280	8-280	TPO	/mnt/c/Users/drpat/OneDrive - UGent/Desktop/PD/Phospho-fill/Validation-allPDB/pdb_cache/8p5k.cif	TPO	TPO	OG1	CB	ok	1.6285700960010323	120.65825516933326	-60.912597868296075	60.050090043008154	ARG:137	ARG	NH1	2.751032170641907	2.0	2.0	ARG:137	ARG	NH1	2.751032170641907	HOH:403	O	2.4000541115519667	5.0	19.0	salt_bridge_like			exposed				0.0	0.0		modified	1.6285700960010323	59.82198220189985	76.07045975570381	same	toward				
O75385	8P5L	A	180	TPO_single	1	1	1.836	TPO	86		2	8-149,154-280	8-149,154-280	TPO	/mnt/c/Users/drpat/OneDrive - UGent/Desktop/PD/Phospho-fill/Validation-allPDB/pdb_cache/8p5l.cif	TPO	TPO	OG1	CB	ok	1.6166436523967336	120.59080524644962	-60.85758110302513	62.755105715451826	ARG:137	ARG	NH1	2.807740974831168	2.0	3.0	ARG:137	ARG	NH1	2.807740974831168	HOH:425	O	2.6137489256528132	5.0	19.0	salt_bridge_like			exposed				0.0	0.0		modified	1.6166436523967336	58.73978262591835	34.2494640797542	same	toward				
Q13043	8PAV	B	177	TPO_only_multi_2	2	2	1.9	TPO	283		2	14-38,42-299	14-38,42-299	TPO,TPO	/mnt/c/Users/drpat/OneDrive - UGent/Desktop/PD/Phospho-fill/Validation-allPDB/pdb_cache/8pav.cif	TPO	TPO	OG1	CB	ok	1.6133683701888022	124.74607452935793	-27.695303098638426	92.46231791026274	ARG:181	ARG	NH2	6.061945128295434	0.0	0.0	THR:175	THR	OG1	2.833311040186078	HOH:1249	O	4.8857960229179165	0.0	11.0	hbond_like			intermediate	TPO:183	TPO	12.409713517639178	0.0	0.0		modified	1.6133683701888022	70.52073499243176	63.32148032222971	same	lateral				
Q13043	8PAV	B	183	TPO_only_multi_2	2	2	1.9	TPO	283		2	14-38,42-299	14-38,42-299	TPO,TPO	/mnt/c/Users/drpat/OneDrive - UGent/Desktop/PD/Phospho-fill/Validation-allPDB/pdb_cache/8pav.cif	TPO	TPO	OG1	CB	ok	1.6450945771090817	120.20074073920885	-60.8406500459701	61.49185591898901	ARG:181	ARG	NH1	2.7530260159406503	2.0	2.0	ARG:181	ARG	NH1	2.7530260159406503	HOH:1122	O	2.5452040912148375	4.0	20.0	salt_bridge_like			exposed	TPO:177	TPO	12.409713517639178	0.0	0.0		modified	1.6450945771090817	23.569978562729194	70.44938073475483	same	toward				
Q13043	8PAW	B	177	TPO_only_multi_2	2	2	2.14	TPO	284		2	14-40,42-299	14-40,42-299	TPO,TPO	/mnt/c/Users/drpat/OneDrive - UGent/Desktop/PD/Phospho-fill/Validation-allPDB/pdb_cache/8paw.cif	TPO	TPO	OG1	CB	ok	1.6331067051137926	124.33400031709307	-46.21284783451893	75.05104752754787	ARG:181	ARG	NH2	6.5598685989901435	0.0	0.0	THR:175	THR	OG1	2.8949007895039105	HOH:1216	O	5.972204182046483	0.0	11.0	hbond_like			intermediate	TPO:183	TPO	12.677295445586873	0.0	0.0		modified	1.6331067051137926	63.50392540239679	108.63326374055568	same	lateral				
Q13043	8PAW	B	183	TPO_only_multi_2	2	2	2.14	TPO	284		2	14-40,42-299	14-40,42-299	TPO,TPO	/mnt/c/Users/drpat/OneDrive - UGent/Desktop/PD/Phospho-fill/Validation-allPDB/pdb_cache/8paw.cif	TPO	TPO	OG1	CB	ok	1.6506313215037438	121.11302872382046	-56.93764236811377	65.30795467665726	ARG:181	ARG	NH1	2.748775159744277	2.0	2.0	ARG:181	ARG	NH1	2.748775159744277	HOH:1104	O	2.439692049688491	2.0	20.0	salt_bridge_like			exposed	TPO:177	TPO	12.677295445586873	0.0	0.0		modified	1.6506313215037438	26.055619189393525	67.95128832967427	same	toward				
P50613	8PYR	A	170	TPO_mixed_with_SEP	1	2	2.15	TPO	271		2	46-311	46-311	TPO	/mnt/c/Users/drpat/OneDrive - UGent/Desktop/PD/Phospho-fill/Validation-allPDB/pdb_cache/8pyr.cif	TPO	TPO	OG1	CB	ok	1.6660153198868972	128.45220832703507	96.73467595538688	-137.36717993284768	ARG:61	ARG	NH2	2.4827994059408773	3.0	3.0	ARG:61	ARG	NH2	2.4827994059408773	HOH:546	O	2.9834637379984352	1.0	21.0	salt_bridge_like			intermediate	SEP:164	SEP	14.340996871664363	0.0	0.0		modified	1.6660153198868972	40.12848472866718	50.831771699605895	same	toward				
P19525	8QEL	B	446	TPO_single	1	1	2.451	TPO	101		2	258-337,344,358-541	258-337,344,358-541	TPO	/mnt/c/Users/drpat/OneDrive - UGent/Desktop/PD/Phospho-fill/Validation-allPDB/pdb_cache/8qel.cif	TPO	TPO	OG1	CB	ok	1.5469238906239897	113.7161587695361	-64.13538251007184	59.74415135643877	ARG:413	ARG	NH1	2.7303155116074143	3.0	4.0	ARG:413	ARG	NH1	2.7303155116074143				0.0	23.0	salt_bridge_like			intermediate				0.0	0.0		modified	1.5469238906239897	39.97292508028266		same	toward				
Q9Y2K2	8R4U	A	221	TPO_single	1	1	2.416	TPO	432		1	61-337,344-384	61-337,344-384	TPO	/mnt/c/Users/drpat/OneDrive - UGent/Desktop/PD/Phospho-fill/Validation-allPDB/pdb_cache/8r4u.cif	TPO	TPO	OG1	CB	ok	1.530014868741596	117.30231137722883	-51.78778724479369	65.17148303250683	ARG:187	ARG	NH2	2.5623484726541323	1.0	2.0	ARG:187	ARG	NH2	2.5623484726541323				0.0	21.0	salt_bridge_like			intermediate				0.0	0.0		modified	1.530014868741596	58.20709262261987		same	toward				
Q9Y2K2	8R4V	C	221	TPO_single	1	1	1.9	TPO	433		1	61-337,344-385	61-337,344-385	TPO	/mnt/c/Users/drpat/OneDrive - UGent/Desktop/PD/Phospho-fill/Validation-allPDB/pdb_cache/8r4v.cif	TPO	TPO	OG1	CB	ok	1.6100530885395432	117.96915258899743	-42.75130682163782	79.88388606903273	ARG:187	ARG	NH2	2.733401626929751	2.0	2.0	ARG:187	ARG	NH2	2.733401626929751	HOH:531	O	7.070488683361457	0.0	19.0	salt_bridge_like			intermediate				0.0	0.0		modified	1.6100530885395432	53.50802213999496	163.66538367008275	same	toward				
Q9NWZ3	8SCE	B	342	TPO_mixed_with_SEP	2	3	1.89	TPO	399		4	164-216,220-336,342-458	164-216,220-336,342-458	TPO,TPO	/mnt/c/Users/drpat/OneDrive - UGent/Desktop/PD/Phospho-fill/Validation-allPDB/pdb_cache/8sce.cif	TPO	TPO	OG1	CB	ok	1.545725154640291	119.00094836501144	-81.63541351077968	40.110953679837465	LYS:441	LYS	NZ	2.8033250087481667	2.0	2.0	LYS:441	LYS	NZ	2.8033250087481667	HOH:736	O	5.415870255985412	0.0	17.0	salt_bridge_like			intermediate	TPO:345	TPO	15.35910694237273	0.0	0.0		modified	1.545725154640291	73.00815410676218	50.36013249531289	same	lateral				
Q9NWZ3	8SCE	B	345	TPO_mixed_with_SEP	2	3	1.89	TPO	399		4	164-216,220-336,342-458	164-216,220-336,342-458	TPO,TPO	/mnt/c/Users/drpat/OneDrive - UGent/Desktop/PD/Phospho-fill/Validation-allPDB/pdb_cache/8sce.cif	TPO	TPO	OG1	CB	ok	1.561795363130238	118.21017114673153	-101.05318091637795	26.61168876625453	ARG:334	ARG	NH2	2.8091774942525203	1.0	2.0	ARG:334	ARG	NH2	2.8091774942525203	HOH:702	O	6.59538868221403	0.0	20.0	salt_bridge_like			intermediate	SEP:346	SEP	5.625265586980043	1.0	1.0	SEP:346@5.63	modified	1.561795363130238	56.08510429021273	62.7043839601697	same	toward				
P00517	8SF8	A	198	TPO_mixed_with_SEP	1	3	1.7	TPO	97		4	13-351	13-351	TPO	/mnt/c/Users/drpat/OneDrive - UGent/Desktop/PD/Phospho-fill/Validation-allPDB/pdb_cache/8sf8.cif	TPO	TPO	OG1	CB	ok	1.642852179038474	107.72375099035334	-62.698977333159114	57.95222510531636	ARG:166	ARG	NH1	2.361635712401242	3.0	3.0	ARG:166	ARG	NH1	2.361635712401242	HOH:656	O	2.8330547723161477	3.0	25.0	salt_bridge_like			exposed	SEP:339	SEP	30.8545422580152	0.0	0.0		modified	1.642852179038474	43.12975676363001	83.89528940529128	same	toward				
O75385	8SV9	A	180	TPO_mixed_with_SEP	1	2	2.3	TPO	87		2	8-281	8-281	TPO	/mnt/c/Users/drpat/OneDrive - UGent/Desktop/PD/Phospho-fill/Validation-allPDB/pdb_cache/8sv9.cif	TPO	TPO	OG1	CB	ok	1.6059477103083346	109.38642319111833	-56.06274189317672	62.91669009102522	ARG:137	ARG	NH1	2.7116889883785227	2.0	2.0	ARG:137	ARG	NH1	2.7116889883785227	HOH:409	O	2.6118590657549183	4.0	20.0	salt_bridge_like			exposed	SEP:87	SEP	27.551802746659224	0.0	0.0		modified	1.6059477103083346	57.575195366778246	32.28147809838537	same	toward				
Q9NWZ3	8TVM	B	342	TPO_mixed_with_SEP	2	3	2.1	TPO	400		4	164-217,220-336,342-459	164-217,220-336,342-459	TPO,TPO	/mnt/c/Users/drpat/OneDrive - UGent/Desktop/PD/Phospho-fill/Validation-allPDB/pdb_cache/8tvm.cif	TPO	TPO	OG1	CB	ok	1.6152347605767905	112.28781057160815	-78.74740693560422	42.875878470094506	LYS:441	LYS	NZ	3.275984771954238	2.0	2.0	LYS:441	LYS	NZ	3.275984771954238				0.0	14.0	salt_bridge_like			intermediate	TPO:345	TPO	15.04452138064028	0.0	0.0		modified	1.6152347605767905	63.45900298978674		same	lateral				
Q9NWZ3	8TVM	B	345	TPO_mixed_with_SEP	2	3	2.1	TPO	400		4	164-217,220-336,342-459	164-217,220-336,342-459	TPO,TPO	/mnt/c/Users/drpat/OneDrive - UGent/Desktop/PD/Phospho-fill/Validation-allPDB/pdb_cache/8tvm.cif	TPO	TPO	OG1	CB	ok	1.6124172677540503	109.25219390750689	-70.88230379937967	47.439141710119095	ARG:334	ARG	NH1	2.95934600647394	1.0	2.0	ARG:334	ARG	NH1	2.95934600647394				0.0	21.0	salt_bridge_like			intermediate	SEP:346	SEP	5.605176287473408	1.0	1.0	SEP:346@5.61	modified	1.6124172677540503	45.546631326747395		same	toward				
Q9NWZ3	8TVN	B	342	TPO_mixed_with_SEP	2	3	1.95	TPO	401		4	164-216,220-255,257-335,342-459	164-216,220-255,257-335,342-459	TPO,TPO	/mnt/c/Users/drpat/OneDrive - UGent/Desktop/PD/Phospho-fill/Validation-allPDB/pdb_cache/8tvn.cif	TPO	TPO	OG1	CB	ok	1.5944661363967345	125.01457311796851	97.39906319104402	-136.7112982770804	LYS:367	LYS	NZ	2.6958917064435033	2.0	2.0	LYS:367	LYS	NZ	2.6958917064435033	HOH:603	O	2.3223253341995096	1.0	14.0	salt_bridge_like			intermediate	TPO:345	TPO	15.042792086364228	0.0	0.0		modified	1.5944661363967345	11.086524961471625	34.693154040073104	same	toward				
Q9NWZ3	8TVN	B	345	TPO_mixed_with_SEP	2	3	1.95	TPO	401		4	164-216,220-255,257-335,342-459	164-216,220-255,257-335,342-459	TPO,TPO	/mnt/c/Users/drpat/OneDrive - UGent/Desktop/PD/Phospho-fill/Validation-allPDB/pdb_cache/8tvn.cif	TPO	TPO	OG1	CB	ok	1.6302372058276642	111.01975710437455	-97.08203532952903	23.89331042105444	ARG:347	ARG	NH2	3.088879996322926	1.0	2.0	ARG:347	ARG	NH2	3.088879996322926	HOH:623	O	2.6235189443697196	2.0	23.0	salt_bridge_like			exposed	SEP:346	SEP	5.9150819862907555	1.0	1.0	SEP:346@5.92	modified	1.6302372058276642	45.84430576939309	51.26152339936361	same	toward				
Q9NWZ3	8TX0	B	342	TPO_mixed_with_SEP	2	3	2.0	TPO	402		4	164-337,342-459	164-337,342-459	TPO,TPO	/mnt/c/Users/drpat/OneDrive - UGent/Desktop/PD/Phospho-fill/Validation-allPDB/pdb_cache/8tx0.cif	TPO	TPO	OG1	CB	ok	1.6144939152517164	126.06757121646629	73.63758507425528	-166.40736345396317	LYS:441	LYS	NZ	2.719558265574143	2.0	2.0	LYS:441	LYS	NZ	2.719558265574143	HOH:667	O	4.806371957795325	0.0	16.0	salt_bridge_like			intermediate	TPO:345	TPO	15.243436561727899	0.0	0.0		modified	1.6144939152517164	48.75093201869326	92.62446701806357	same	toward				
Q9NWZ3	8TX0	B	345	TPO_mixed_with_SEP	2	3	2.0	TPO	402		4	164-337,342-459	164-337,342-459	TPO,TPO	/mnt/c/Users/drpat/OneDrive - UGent/Desktop/PD/Phospho-fill/Validation-allPDB/pdb_cache/8tx0.cif	TPO	TPO	OG1	CB	ok	1.620275761307411	112.0964562726537	-74.46610299369178	45.34129052908893	ARG:334	ARG	NH2	2.7346624406928637	1.0	2.0	ARG:334	ARG	NH2	2.7346624406928637	HOH:709	O	3.5882410376328284	1.0	20.0	salt_bridge_like			intermediate	SEP:346	SEP	5.597749069948841	1.0	1.0	SEP:346@5.60	modified	1.620275761307411	43.50369296390882	47.3659720011146	same	toward				
P17252	8U37	A	497	TPO_only_multi_2	2	2	2.48	TPO	99		3	332-617,633-666	332-617,633-666	TPO,TPO	/mnt/c/Users/drpat/OneDrive - UGent/Desktop/PD/Phospho-fill/Validation-allPDB/pdb_cache/8u37.cif	TPO	TPO	OG1	CB	ok	1.6119092990577504	108.64650604148021	-63.93629037014471	61.5704591459694	LYS:486	LYS	NZ	2.3314871892025404	2.0	2.0	LYS:486	LYS	NZ	2.3314871892025404				0.0	21.0	salt_bridge_like			intermediate	TPO:638	TPO	29.25573640466868	0.0	0.0		modified	1.6119092990577504	27.683102538502922		same	toward				
P17252	8U37	A	638	TPO_only_multi_2	2	2	2.48	TPO	99		3	332-617,633-666	332-617,633-666	TPO,TPO	/mnt/c/Users/drpat/OneDrive - UGent/Desktop/PD/Phospho-fill/Validation-allPDB/pdb_cache/8u37.cif	TPO	TPO	OG1	CB	ok	1.6097023216578474	106.72126623169456	-34.482949192934264	85.76005388952555	ARG:412	ARG	NH2	2.6296610219774026	3.0	3.0	ARG:412	ARG	NH2	2.6296610219774026				0.0	14.0	salt_bridge_like			intermediate	TPO:497	TPO	29.25573640466868	0.0	0.0		modified	1.6097023216578474	75.0468600011678		same	lateral				
P28482	8U8J	A	185	TPO_single	1	2	2.1	TPO	217		2	7-358	7-358	TPO	/mnt/c/Users/drpat/OneDrive - UGent/Desktop/PD/Phospho-fill/Validation-allPDB/pdb_cache/8u8j.cif	PTR	PTR	OH	CZ	ok	1.6161670493626463	123.02685802358081			ARG:192	ARG	NH2	2.628615527728936	2.0	2.0	ARG:192	ARG	NH2	2.628615527728936	HOH:531	O	2.5824977229424273	3.0	19.0	salt_bridge_like			exposed	TPO:183	TPO	15.51784410913039	0.0	0.0		modified	1.6161670493626463	63.04294968386903	48.28726296407127	same	lateral	87.92472943496114	-91.43497176639545	87.92472943496114	-91.43497176639545
P28482	8U8K	A	185	TPO_single	1	2	2.1	TPO	218		2	10-358	10-358	TPO	/mnt/c/Users/drpat/OneDrive - UGent/Desktop/PD/Phospho-fill/Validation-allPDB/pdb_cache/8u8k.cif	PTR	PTR	OH	CZ	ok	1.6141929081174127	123.19940668360722			ARG:189	ARG	NH2	2.6511125979981527	2.0	2.0	ARG:189	ARG	NH2	2.6511125979981527	HOH:532	O	2.5843401700516413	1.0	19.0	salt_bridge_like			intermediate	TPO:183	TPO	15.581726448144586	0.0	0.0		modified	1.6141929081174127	31.935277874972062	29.463116600960202	same	toward	94.64032702872922	-83.9183415891962	94.64032702872922	-83.9183415891962
Q9NWZ3	8UCB	D	342	TPO_mixed_with_SEP	2	3	1.85	TPO	403		4	163-219,221-336,342-459	163-219,221-336,342-459	TPO,TPO	/mnt/c/Users/drpat/OneDrive - UGent/Desktop/PD/Phospho-fill/Validation-allPDB/pdb_cache/8ucb.cif	TPO	TPO	OG1	CB	ok	1.6199811741032109	110.9562557557969	-93.78263045121287	32.3979650738534	LYS:367	LYS	NZ	3.0190654998917887	1.0	1.0	LYS:367	LYS	NZ	3.0190654998917887	HOH:670	O	2.8467497552177115	2.0	11.0	salt_bridge_like			exposed	TPO:345	TPO	15.125289181055983	0.0	0.0		modified	1.6199811741032109	25.974375041868356	70.07209857386704	same	toward				
Q9NWZ3	8UCB	D	345	TPO_mixed_with_SEP	2	3	1.85	TPO	403		4	163-219,221-336,342-459	163-219,221-336,342-459	TPO,TPO	/mnt/c/Users/drpat/OneDrive - UGent/Desktop/PD/Phospho-fill/Validation-allPDB/pdb_cache/8ucb.cif	TPO	TPO	OG1	CB	ok	1.6144823762201919	108.35348650125565	-75.86854420577546	44.69466508170955	ARG:334	ARG	NH2	2.4484673124021077	1.0	3.0	ARG:334	ARG	NH2	2.4484673124021077	HOH:614	O	2.7486710052896495	3.0	21.0	salt_bridge_like			exposed	SEP:346	SEP	5.955588338123072	1.0	1.0	SEP:346@5.96	modified	1.6144823762201919	40.46308945725609	88.78721439588969	same	toward				
Q9NWZ3	8UCC	A	345	TPO_mixed_with_SEP	1	2	1.8	TPO	405		4	160-336,342-459	160-336,342-459	TPO	/mnt/c/Users/drpat/OneDrive - UGent/Desktop/PD/Phospho-fill/Validation-allPDB/pdb_cache/8ucc.cif	TPO	TPO	OG1	CB	ok	1.6242962172638284	114.10722388389006	-81.96641311389679	35.068693336017965	ARG:334	ARG	NH1	2.8973032053062973	1.0	2.0	ARG:334	ARG	NH1	2.8973032053062973	HOH:606	O	3.080809585803682	1.0	17.0	salt_bridge_like			intermediate				0.0	0.0		modified	1.6242962172638284	49.851422601596084	95.20342521171588	same	toward				
P49759	8UWN	A	342	TPO_mixed_with_SEP	1	2	1.8	TPO	269		2	148-482	148-482	TPO	/mnt/c/Users/drpat/OneDrive - UGent/Desktop/PD/Phospho-fill/Validation-allPDB/pdb_cache/8uwn.cif	TPO	TPO	OG1	CB	ok	1.6266217513316998	116.45378140905389	-66.42503398269587	56.249570688309305	ARG:198	ARG	NH1	3.3751330639854698	1.0	1.0	ARG:198	ARG	NH1	3.3751330639854698	HOH:1240	O	2.765622963278336	4.0	11.0	salt_bridge_like			exposed	SEP:341	SEP	5.610639909098451	1.0	1.0	SEP:341@5.61	modified	1.6266217513316998	31.99369438366435	68.70303998224287	same	toward				
Q9NWZ3	8V2F	C	342	TPO_mixed_with_SEP	2	3	2.09	TPO	407		4	160-459	160-459	TPO,TPO	/mnt/c/Users/drpat/OneDrive - UGent/Desktop/PD/Phospho-fill/Validation-allPDB/pdb_cache/8v2f.cif	TPO	TPO	OG1	CB	ok	1.600395117383551	118.2051785283943	-75.39830314124409	48.048237704497716	LYS:441	LYS	NZ	2.3943831136065956	2.0	2.0	LYS:441	LYS	NZ	2.3943831136065956	HOH:714	O	4.796066433654856	0.0	21.0	salt_bridge_like			intermediate	TPO:345	TPO	15.099211113724024	0.0	0.0		modified	1.600395117383551	64.23941103909888	34.362810572510476	same	lateral				
Q9NWZ3	8V2F	C	345	TPO_mixed_with_SEP	2	3	2.09	TPO	407		4	160-459	160-459	TPO,TPO	/mnt/c/Users/drpat/OneDrive - UGent/Desktop/PD/Phospho-fill/Validation-allPDB/pdb_cache/8v2f.cif	TPO	TPO	OG1	CB	ok	1.619665429572878	123.31076490663831	-101.5269286961632	20.902069451767336	ARG:334	ARG	NH1	2.4172790124637538	1.0	3.0	ARG:334	ARG	NH1	2.4172790124637538	HOH:614	O	2.649991860975021	2.0	24.0	salt_bridge_like			exposed	SEP:346	SEP	5.94386287485879	1.0	1.0	SEP:346@5.94	modified	1.619665429572878	49.55580327778812	88.02290771555796	same	toward				
Q9NWZ3	8V2L	B	342	TPO_mixed_with_SEP	2	3	2.43	TPO	408		4	163-336,342-459	163-336,342-459	TPO,TPO	/mnt/c/Users/drpat/OneDrive - UGent/Desktop/PD/Phospho-fill/Validation-allPDB/pdb_cache/8v2l.cif	TPO	TPO	OG1	CB	ok	1.626539220784215	126.3985350387668	86.09295437324097	-150.79565951748137	LYS:441	LYS	NZ	2.67875574007984	2.0	2.0	LYS:441	LYS	NZ	2.67875574007984	HOH:701	O	4.63753052977106	0.0	18.0	salt_bridge_like			intermediate	TPO:345	TPO	14.257086420673213	0.0	0.0		modified	1.626539220784215	73.25688318750666	78.90557536666559	opposite	lateral				
Q9NWZ3	8V2L	B	345	TPO_mixed_with_SEP	2	3	2.43	TPO	408		4	163-336,342-459	163-336,342-459	TPO,TPO	/mnt/c/Users/drpat/OneDrive - UGent/Desktop/PD/Phospho-fill/Validation-allPDB/pdb_cache/8v2l.cif	TPO	TPO	OG1	CB	ok	1.612229824768706	120.69689193901841	-101.7249588608735	21.710531950846093	ARG:334	ARG	NH1	2.2876148551224937	1.0	3.0	ARG:334	ARG	NH1	2.2876148551224937	HOH:615	O	2.527302304773701	1.0	24.0	salt_bridge_like			buried	SEP:346	SEP	5.354496649983867	1.0	1.0	SEP:346@5.35	modified	1.612229824768706	35.69954213836191	88.30903453504251	same	toward				
P24941	8VQ3	A	160	TPO_single	1	1	1.84	TPO	180		3	1-297	1-297	TPO	/mnt/c/Users/drpat/OneDrive - UGent/Desktop/PD/Phospho-fill/Validation-allPDB/pdb_cache/8vq3.cif	TPO	TPO	OG1	CB	ok	1.6128397846554465	121.9148352852566	-31.319694886492844	90.30696542684956					0.0	0.0	THR:158	THR	OG1	6.822221818443237	HOH:591	O	4.125825718273992	0.0	3.0	none_obvious			intermediate				0.0	0.0		modified	1.6128397846554465		106.7696976146513						
P24941	8VQ4	A	160	TPO_single	1	1	1.9	TPO	181		3	1-160,164-297	1-160,164-297	TPO	/mnt/c/Users/drpat/OneDrive - UGent/Desktop/PD/Phospho-fill/Validation-allPDB/pdb_cache/8vq4.cif	TPO	TPO	OG1	CB	ok	1.6154723579713868	122.12323702249333	-70.44646981501877	51.48920884703583	ARG:157	ARG	NH2	6.088039738675081	0.0	0.0	ARG:157	ARG	NH2	6.088039738675081	HOH:512	O	5.6558954123717475	0.0	4.0	none_obvious			intermediate				0.0	0.0		modified	1.6154723579713868	36.09728887253547	55.89328091610991	same	toward				
Q9NWZ3	8W3W	A	342	TPO_mixed_with_SEP	2	3	1.976	TPO	409		4	162-460	162-460	TPO,TPO	/mnt/c/Users/drpat/OneDrive - UGent/Desktop/PD/Phospho-fill/Validation-allPDB/pdb_cache/8w3w.cif	TPO	TPO	OG1	CB	ok	1.5546536795704158	111.03248355805862	-62.77674450320834	57.865498720706235	LYS:441	LYS	NZ	2.7443184382366943	2.0	2.0	LYS:441	LYS	NZ	2.7443184382366943	HOH:637	O	7.097631712915107	0.0	19.0	salt_bridge_like			intermediate	TPO:345	TPO	15.227038600908537	0.0	0.0		modified	1.5546536795704158	66.67723370311782	67.0646064289073	opposite	lateral				
Q9NWZ3	8W3W	A	345	TPO_mixed_with_SEP	2	3	1.976	TPO	409		4	162-460	162-460	TPO,TPO	/mnt/c/Users/drpat/OneDrive - UGent/Desktop/PD/Phospho-fill/Validation-allPDB/pdb_cache/8w3w.cif	TPO	TPO	OG1	CB	ok	1.5392235068886584	116.88113981604418	-103.9460489953067	22.347873970524375	ARG:334	ARG	NH2	2.6832593519548267	1.0	2.0	ARG:334	ARG	NH2	2.6832593519548267	HOH:642	O	2.7374811393142746	1.0	22.0	salt_bridge_like			intermediate	SEP:346	SEP	6.026263400697707	1.0	1.0	SEP:346@6.03	modified	1.5392235068886584	50.10709096538197	89.58715037202711	same	toward				
Q9NWZ3	8W3X	A	342	TPO_mixed_with_SEP	2	3	1.765	TPO	410		4	162-216,222-336,342-460	162-216,222-336,342-460	TPO,TPO	/mnt/c/Users/drpat/OneDrive - UGent/Desktop/PD/Phospho-fill/Validation-allPDB/pdb_cache/8w3x.cif	TPO	TPO	OG1	CB	ok	1.5937253463599934	125.92038986356148	123.3855082026933	-107.43873927323973	LYS:367	LYS	NZ	3.2957519319826294	2.0	2.0	LYS:367	LYS	NZ	3.2957519319826294	HOH:626	O	2.808281290680664	1.0	12.0	salt_bridge_like			intermediate	TPO:345	TPO	15.259774567484653	0.0	0.0		modified	1.5937253463599934	72.67193289248343	99.93936625236687	same	lateral				
Q9NWZ3	8W3X	A	345	TPO_mixed_with_SEP	2	3	1.765	TPO	410		4	162-216,222-336,342-460	162-216,222-336,342-460	TPO,TPO	/mnt/c/Users/drpat/OneDrive - UGent/Desktop/PD/Phospho-fill/Validation-allPDB/pdb_cache/8w3x.cif	TPO	TPO	OG1	CB	ok	1.5535948416916279	117.20715404373126	-101.45912024611366	21.95943151283352	ARG:334	ARG	NH1	2.70835863801035	1.0	2.0	ARG:334	ARG	NH1	2.70835863801035	HOH:613	O	2.7795082989252444	1.0	22.0	salt_bridge_like			intermediate	SEP:346	SEP	6.025132675577058	1.0	1.0	SEP:346@6.03	modified	1.5535948416916279	50.84436367227576	91.89832121343042	same	toward				
Q13153	8X5Z	A	423	TPO_single	1	1	1.8	TPO	294		1	249-278,282-543	249-278,282-543	TPO	/mnt/c/Users/drpat/OneDrive - UGent/Desktop/PD/Phospho-fill/Validation-allPDB/pdb_cache/8x5z.cif	TPO	TPO	OG1	CB	ok	1.633431961870518	116.79893834495155	-55.40264565553649	67.49729901504149	ARG:388	ARG	NH1	2.870076439548724	2.0	2.0	ARG:388	ARG	NH1	2.870076439548724	HOH:753	O	2.9425578629683073	2.0	21.0	salt_bridge_like			exposed				0.0	0.0		modified	1.633431961870518	52.55918345555459	67.92678653216986	same	toward				
Q9UKE5	8ZML	A	181	TPO_only_multi_2	2	2	2.489	TPO	429		2	11-293,295-312	11-293,295-312	TPO,TPO	/mnt/c/Users/drpat/OneDrive - UGent/Desktop/PD/Phospho-fill/Validation-allPDB/pdb_cache/8zml.cif	TPO	TPO	OG1	CB	ok	1.6153778925151385	122.53771038242041	-67.3665597667065	54.91995855644849	LYS:148	LYS	NZ	3.294426903638082	1.0	2.0	LYS:148	LYS	NZ	3.294426903638082				0.0	10.0	salt_bridge_like			intermediate	TPO:187	TPO	18.989789232306737	0.0	0.0		modified	1.6153778925151385	88.90375193306669		opposite	lateral				
Q9UKE5	8ZML	A	187	TPO_only_multi_2	2	2	2.489	TPO	429		2	11-293,295-312	11-293,295-312	TPO,TPO	/mnt/c/Users/drpat/OneDrive - UGent/Desktop/PD/Phospho-fill/Validation-allPDB/pdb_cache/8zml.cif	TPO	TPO	OG1	CB	ok	1.6116558881892649	122.17187404988167	-55.67007645520078	66.37442538219686	ARG:152	ARG	NH1	2.8838725815920223	2.0	2.0	ARG:152	ARG	NH1	2.8838725815920223	HOH:525	O	2.7506368926544416	2.0	21.0	salt_bridge_like			exposed	TPO:181	TPO	18.989789232306737	0.0	0.0		modified	1.6116558881892649	59.41387387585714	32.80501389438051	same	toward				
Q2VRL0	9BCZ	A	331	TPO_mixed_with_SEP	1	2	1.99	TPO	305		2	1-332,370-637	1-332,370-637	TPO	/mnt/c/Users/drpat/OneDrive - UGent/Desktop/PD/Phospho-fill/Validation-allPDB/pdb_cache/9bcz.cif	TPO	TPO	OG1	CB	ok	1.6292198896012384	118.17189641593978	-26.188935191841768	97.93586917839698	HIS:217	HIS	NE2	2.7520074099295515	2.0	2.0	HIS:217	HIS	NE2	2.7520074099295515	HOH:817	O	2.5488013497164363	2.0	24.0	salt_bridge_like			exposed	SEP:326	SEP	18.087379496999706	0.0	0.0		modified	1.6292198896012384	16.465060299659584	40.32445444837966	same	toward				
P24941	9BJC	A	160	TPO_single	1	1	2.22	TPO	182		3	1-296	1-296	TPO	/mnt/c/Users/drpat/OneDrive - UGent/Desktop/PD/Phospho-fill/Validation-allPDB/pdb_cache/9bjc.cif	TPO	TPO	OG1	CB	ok	1.6397569616503564	114.42153105681703	-68.87432051286842	52.35222492401035	ARG:126	ARG	NH2	2.5945742778632974	3.0	3.0	ARG:126	ARG	NH2	2.5945742778632974	HOH:412	O	2.6345929753768966	2.0	23.0	salt_bridge_like			exposed				0.0	0.0		modified	1.6397569616503564	37.56927666319564	67.39104255392371	same	toward				
J3QSS1	9BWT	A	55	TPO_mixed_with_SEP	2	3	2.5	TPO	13		3	52-93,132-782,815-1019	52-93,132-782,815-1019	TPO,TPO	/mnt/c/Users/drpat/OneDrive - UGent/Desktop/PD/Phospho-fill/Validation-allPDB/pdb_cache/9bwt.cif	TPO	TPO	OG1	CB	ok	1.607912494386652	106.76831472676209	-78.3452505363864	41.7876280233524	ARG:54	ARG	NE	3.319801278316644	1.0	1.0	ARG:54	ARG	NE	3.319801278316644				0.0	11.0	salt_bridge_like			intermediate	TPO:60	TPO	15.30048205115945	0.0	0.0		modified	1.607912494386652	35.86953770348026		same	toward				
J3QSS1	9BWT	A	60	TPO_mixed_with_SEP	2	3	2.5	TPO	13		3	52-93,132-782,815-1019	52-93,132-782,815-1019	TPO,TPO	/mnt/c/Users/drpat/OneDrive - UGent/Desktop/PD/Phospho-fill/Validation-allPDB/pdb_cache/9bwt.cif	TPO	TPO	OG1	CB	ok	1.6059231932333744	107.1571661218189	-82.19661323513681	37.015685099600994					0.0	0.0	ASP:62	ASP	OD2	4.933743244283645	HOH:1404	O	7.330254158450839	0.0	12.0	none_obvious			intermediate	TPO:55	TPO	15.30048205115945	0.0	0.0		modified	1.6059231932333744		167.06788671142985						
O14965	9BZG	A	288	TPO_single	1	1	1.8	TPO	67		2	127-388	127-388	TPO	/mnt/c/Users/drpat/OneDrive - UGent/Desktop/PD/Phospho-fill/Validation-allPDB/pdb_cache/9bzg.cif	TPO	TPO	OG1	CB	ok	1.6055876894492178	112.1854940652625	-65.6761574534454	54.51152514011296	HIS:280	HIS	ND1	2.6249900595805324	1.0	2.0	HIS:280	HIS	ND1	2.6249900595805324	HOH:660	O	2.85308097724873	2.0	30.0	salt_bridge_like			exposed				0.0	0.0		modified	1.6055876894492178	33.608033367120804	72.01643553552077	same	toward				
P55011	9C0H	A	212	TPO_only_multi_2	2	2	2.5	TPO	275		3	207-231,236-250,282-926,1022-1212	207-231,236-250,282-926,1022-1212	TPO,TPO	/mnt/c/Users/drpat/OneDrive - UGent/Desktop/PD/Phospho-fill/Validation-allPDB/pdb_cache/9c0h.cif	TPO	TPO	OG1	CB	ok	1.6063504780949747	107.41919888084344	-48.9759356909982	71.45740429233756	ARG:211	ARG	NH2	3.5319010185023423	1.0	2.0	ARG:211	ARG	NH2	3.5319010185023423				0.0	11.0	none_obvious			intermediate	TPO:217	TPO	15.049551272368916	0.0	0.0		modified	1.6063504780949747	36.787174376429306		same	toward				
P55011	9C0H	A	217	TPO_only_multi_2	2	2	2.5	TPO	275		3	207-231,236-250,282-926,1022-1212	207-231,236-250,282-926,1022-1212	TPO,TPO	/mnt/c/Users/drpat/OneDrive - UGent/Desktop/PD/Phospho-fill/Validation-allPDB/pdb_cache/9c0h.cif	TPO	TPO	OG1	CB	ok	1.6079113985167477	107.35742973544983	-77.7668738222157	41.9148137152136					0.0	0.0	ASP:219	ASP	OD2	5.005217066558778				0.0	12.0	none_obvious			intermediate	TPO:212	TPO	15.049551272368916	0.0	0.0		modified	1.6079113985167477								
P24941	9ESJ	A	160	TPO_single	1	1	2.37	TPO	183		3	1-296	1-296	TPO	/mnt/c/Users/drpat/OneDrive - UGent/Desktop/PD/Phospho-fill/Validation-allPDB/pdb_cache/9esj.cif	TPO	TPO	OG1	CB	ok	1.6068731278992316	123.26292706331351	-65.48891294221268	55.419954710501756	ARG:126	ARG	NH1	2.7096152013331927	3.0	3.0	ARG:126	ARG	NH1	2.7096152013331927	HOH:715	O	2.577637832668862	2.0	23.0	salt_bridge_like			exposed				0.0	0.0		modified	1.6068731278992316	57.20891156429369	73.08656031977014	same	toward				
P24941	9ESK	A	160	TPO_single	1	1	2.398	TPO	184		3	1-298	1-298	TPO	/mnt/c/Users/drpat/OneDrive - UGent/Desktop/PD/Phospho-fill/Validation-allPDB/pdb_cache/9esk.cif	TPO	TPO	OG1	CB	ok	1.6190355281643016	120.05007865540802	-60.274078861496626	62.52260255665735	ARG:126	ARG	NH1	2.790178408149049	3.0	3.0	ARG:126	ARG	NH1	2.790178408149049	HOH:718	O	2.674692014392845	1.0	23.0	salt_bridge_like			intermediate				0.0	0.0		modified	1.6190355281643016	56.925684615044375	60.54515265192835	same	toward				
P24941	9ESL	A	160	TPO_single	1	1	2.392	TPO	185		3	1-297	1-297	TPO	/mnt/c/Users/drpat/OneDrive - UGent/Desktop/PD/Phospho-fill/Validation-allPDB/pdb_cache/9esl.cif	TPO	TPO	OG1	CB	ok	1.6081751205598553	118.13828674780997	-68.01580753521658	54.679146464384196	ARG:126	ARG	NH1	2.7348620781219832	3.0	3.0	ARG:126	ARG	NH1	2.7348620781219832	HOH:408	O	2.5191200001927028	2.0	23.0	salt_bridge_like			exposed				0.0	0.0		modified	1.6081751205598553	53.96846307182933	68.84103834106566	same	toward				
P24941	9ESN	C	160	TPO_single	1	1	2.393	TPO	186		3	1-296	1-296	TPO	/mnt/c/Users/drpat/OneDrive - UGent/Desktop/PD/Phospho-fill/Validation-allPDB/pdb_cache/9esn.cif	TPO	TPO	OG1	CB	ok	1.6225213009615362	122.16656049662627	-67.52709313417924	55.00697105096769	ARG:126	ARG	NH2	2.640551055179854	3.0	3.0	ARG:126	ARG	NH2	2.640551055179854	HOH:616	O	2.681793079874017	1.0	23.0	salt_bridge_like			intermediate				0.0	0.0		modified	1.6225213009615362	37.62696546826637	60.059540907453616	same	toward				
P24941	9ESO	A	160	TPO_single	1	1	2.396	TPO	187		3	1-298	1-298	TPO	/mnt/c/Users/drpat/OneDrive - UGent/Desktop/PD/Phospho-fill/Validation-allPDB/pdb_cache/9eso.cif	TPO	TPO	OG1	CB	ok	1.6300845984358712	119.35187919265513	-66.3229626948584	57.69321046184589	ARG:126	ARG	NH1	2.7800071186400266	3.0	3.0	ARG:126	ARG	NH1	2.7800071186400266	HOH:415	O	2.5833221506689923	2.0	23.0	salt_bridge_like			exposed				0.0	0.0		modified	1.6300845984358712	53.613291122658445	62.11478678059669	same	toward				
P24941	9ESP	C	160	TPO_single	1	1	2.381	TPO	188		3	1-296	1-296	TPO	/mnt/c/Users/drpat/OneDrive - UGent/Desktop/PD/Phospho-fill/Validation-allPDB/pdb_cache/9esp.cif	TPO	TPO	OG1	CB	ok	1.6135247050328472	122.87507729364378	-68.88562027716665	52.616251291843994	ARG:126	ARG	NH2	2.869380515842434	3.0	3.0	ARG:126	ARG	NH2	2.869380515842434	HOH:611	O	2.5762619915843796	2.0	23.0	salt_bridge_like			exposed				0.0	0.0		modified	1.6135247050328472	38.078447800622826	68.29962898163514	same	toward				
P24941	9ESQ	A	160	TPO_single	1	1	2.38	TPO	189		3	1-296	1-296	TPO	/mnt/c/Users/drpat/OneDrive - UGent/Desktop/PD/Phospho-fill/Validation-allPDB/pdb_cache/9esq.cif	TPO	TPO	OG1	CB	ok	1.5964178756705518	121.71138792336762	-67.76871575957684	54.77308503716401	ARG:126	ARG	NH1	2.7954912761715205	3.0	3.0	ARG:126	ARG	NH1	2.7954912761715205	HOH:739	O	2.6980681123499393	1.0	23.0	salt_bridge_like			intermediate				0.0	0.0		modified	1.5964178756705518	54.756690996412544	59.5621515266242	same	toward				
P24941	9ESR	A	160	TPO_single	1	1	2.388	TPO	190		3	1-296	1-296	TPO	/mnt/c/Users/drpat/OneDrive - UGent/Desktop/PD/Phospho-fill/Validation-allPDB/pdb_cache/9esr.cif	TPO	TPO	OG1	CB	ok	1.606622766386253	122.63280616466344	-70.40444498359109	51.52973067122368	ARG:126	ARG	NH1	2.701722313878284	3.0	3.0	ARG:126	ARG	NH1	2.701722313878284	HOH:403	O	2.503969463977269	2.0	23.0	salt_bridge_like			exposed				0.0	0.0		modified	1.606622766386253	54.44844580889518	69.74610747341752	same	toward				
P24941	9ESS	A	160	TPO_single	1	1	2.44	TPO	191		3	1-298	1-298	TPO	/mnt/c/Users/drpat/OneDrive - UGent/Desktop/PD/Phospho-fill/Validation-allPDB/pdb_cache/9ess.cif	TPO	TPO	OG1	CB	ok	1.6186133116864938	120.78048905069086	-70.52904008527585	52.42618439416388	ARG:126	ARG	NH2	2.76912463125016	3.0	3.0	ARG:126	ARG	NH2	2.76912463125016	HOH:713	O	4.6771444009222165	0.0	23.0	salt_bridge_like			intermediate				0.0	0.0		modified	1.6186133116864938	52.090937714830176	34.952422090215656	same	toward				
P24941	9ESU	A	160	TPO_single	1	1	2.396	TPO	192		3	1-298	1-298	TPO	/mnt/c/Users/drpat/OneDrive - UGent/Desktop/PD/Phospho-fill/Validation-allPDB/pdb_cache/9esu.cif	TPO	TPO	OG1	CB	ok	1.6043650982553679	122.0401131040526	-62.89483213190759	59.85305162301408	ARG:126	ARG	NH1	2.8254522319044115	3.0	3.0	ARG:126	ARG	NH1	2.8254522319044115	HOH:473	O	2.9795822795243208	1.0	23.0	salt_bridge_like			intermediate				0.0	0.0		modified	1.6043650982553679	57.24134003446739	57.491326067206955	same	toward				
P24941	9ESV	A	160	TPO_single	1	1	2.397	TPO	193		3	1-298	1-298	TPO	/mnt/c/Users/drpat/OneDrive - UGent/Desktop/PD/Phospho-fill/Validation-allPDB/pdb_cache/9esv.cif	TPO	TPO	OG1	CB	ok	1.6088397143646187	118.52664406472023	-72.05177955656329	49.81687658934381	ARG:126	ARG	NH2	2.7441107583423157	3.0	3.0	ARG:126	ARG	NH2	2.7441107583423157	HOH:705	O	2.501852382999679	1.0	23.0	salt_bridge_like			intermediate				0.0	0.0		modified	1.6088397143646187	38.287503042227435	74.39258367403018	same	toward				
P24941	9ESW	A	160	TPO_single	1	1	2.38	TPO	194		3	1-294	1-294	TPO	/mnt/c/Users/drpat/OneDrive - UGent/Desktop/PD/Phospho-fill/Validation-allPDB/pdb_cache/9esw.cif	TPO	TPO	OG1	CB	ok	1.6254865499976956	118.36933863022678	-66.64087291922765	55.60092022138293	ARG:126	ARG	NH1	2.8622172686348133	3.0	3.0	ARG:126	ARG	NH1	2.8622172686348133	HOH:423	O	2.6522396362588645	1.0	23.0	salt_bridge_like			intermediate				0.0	0.0		modified	1.6254865499976956	54.53335427520686	69.24466730821352	same	toward				
P24941	9ESX	C	160	TPO_single	1	1	2.37	TPO	195		3	1-296	1-296	TPO	/mnt/c/Users/drpat/OneDrive - UGent/Desktop/PD/Phospho-fill/Validation-allPDB/pdb_cache/9esx.cif	TPO	TPO	OG1	CB	ok	1.6265114516649732	118.0455745826148	-65.06448338951475	58.55133822240761	ARG:126	ARG	NH2	2.6410149138311936	3.0	3.0	ARG:126	ARG	NH2	2.6410149138311936	HOH:624	O	2.7717442510510226	1.0	23.0	salt_bridge_like			intermediate				0.0	0.0		modified	1.6265114516649732	37.68342720678322	59.48022479859241	same	toward				
P24941	9ESY	A	160	TPO_single	1	1	2.394	TPO	196		3	1-296	1-296	TPO	/mnt/c/Users/drpat/OneDrive - UGent/Desktop/PD/Phospho-fill/Validation-allPDB/pdb_cache/9esy.cif	TPO	TPO	OG1	CB	ok	1.596790735872186	121.18888862856467	-67.11170915130225	54.724597831009156	ARG:150	ARG	NE	2.799131590386166	3.0	3.0	ARG:150	ARG	NE	2.799131590386166	HOH:717	O	2.610783368816567	2.0	23.0	salt_bridge_like			exposed				0.0	0.0		modified	1.596790735872186	26.66566853892313	69.58374822288421	same	toward				
P24941	9ESZ	C	160	TPO_single	1	1	2.42	TPO	197		3	1-296	1-296	TPO	/mnt/c/Users/drpat/OneDrive - UGent/Desktop/PD/Phospho-fill/Validation-allPDB/pdb_cache/9esz.cif	TPO	TPO	OG1	CB	ok	1.6204559606012032	122.6317488771112	-69.85168111459909	52.02898906419392	ARG:150	ARG	NE	2.6598000129506953	3.0	3.0	ARG:150	ARG	NE	2.6598000129506953	HOH:618	O	2.6685030485540433	2.0	21.0	salt_bridge_like			exposed				0.0	0.0		modified	1.6204559606012032	34.068452862956995	71.8772499352155	same	toward				
P24941	9ET0	A	160	TPO_single	1	1	2.239	TPO	198		3	1-298	1-298	TPO	/mnt/c/Users/drpat/OneDrive - UGent/Desktop/PD/Phospho-fill/Validation-allPDB/pdb_cache/9et0.cif	TPO	TPO	OG1	CB	ok	1.6176275708074588	120.11635636479458	-68.3657147764969	53.335702565703244	ARG:150	ARG	NE	2.734958035877691	3.0	3.0	ARG:150	ARG	NE	2.734958035877691	HOH:422	O	2.666571522201164	2.0	23.0	salt_bridge_like			exposed				0.0	0.0		modified	1.6176275708074588	33.300362237597255	64.41036451076812	same	toward				
P24941	9ET1	A	160	TPO_single	1	1	2.394	TPO	199		3	1-298	1-298	TPO	/mnt/c/Users/drpat/OneDrive - UGent/Desktop/PD/Phospho-fill/Validation-allPDB/pdb_cache/9et1.cif	TPO	TPO	OG1	CB	ok	1.6228774638149186	121.94873901068799	-64.43389001568421	58.137196820119016	ARG:126	ARG	NH1	2.8060980213681073	3.0	3.0	ARG:126	ARG	NH1	2.8060980213681073	HOH:404	O	2.5562148105824387	2.0	23.0	salt_bridge_like			exposed				0.0	0.0		modified	1.6228774638149186	54.752196680196256	68.7378815112799	same	toward				
P24941	9ET2	A	160	TPO_single	1	1	2.37	TPO	200		3	1-298	1-298	TPO	/mnt/c/Users/drpat/OneDrive - UGent/Desktop/PD/Phospho-fill/Validation-allPDB/pdb_cache/9et2.cif	TPO	TPO	OG1	CB	ok	1.6091107843749572	119.88790644711261	-66.22608271482736	55.69043713816281	ARG:126	ARG	NH2	2.807908767875526	3.0	4.0	ARG:126	ARG	NH2	2.807908767875526	HOH:415	O	2.577035279160251	2.0	22.0	salt_bridge_like			exposed				0.0	0.0		modified	1.6091107843749572	38.59086444151126	71.22962951016112	same	toward				
P24941	9ET7	C	160	TPO_single	1	1	2.312	TPO	201		3	1-296	1-296	TPO	/mnt/c/Users/drpat/OneDrive - UGent/Desktop/PD/Phospho-fill/Validation-allPDB/pdb_cache/9et7.cif	TPO	TPO	OG1	CB	ok	1.6150001141155366	120.82654972081329	-67.38400635021246	56.016667299664874	ARG:126	ARG	NH2	2.7131797138520204	3.0	3.0	ARG:126	ARG	NH2	2.7131797138520204	HOH:421	O	2.7772036695323936	1.0	23.0	salt_bridge_like			intermediate				0.0	0.0		modified	1.6150001141155366	39.186984317155165	59.38624565540055	same	toward				
P24941	9ETP	A	160	TPO_single	1	1	2.48	TPO	202		3	1-37,41-297	1-37,41-297	TPO	/mnt/c/Users/drpat/OneDrive - UGent/Desktop/PD/Phospho-fill/Validation-allPDB/pdb_cache/9etp.cif	TPO	TPO	OG1	CB	ok	1.615450639519122	116.85894926739783	-64.16350771009657	57.034153793451935	ARG:126	ARG	NH1	2.7511474723712226	3.0	3.0	ARG:126	ARG	NH1	2.7511474723712226	HOH:714	O	2.490094555684203	2.0	23.0	salt_bridge_like			exposed				0.0	0.0		modified	1.615450639519122	54.7987679237557	69.6998546223709	same	toward				
O43318	9FPD	A	187	TPO_mixed_with_SEP	1	2	2.402	TPO	75		2	31-182,186-303	31-182,186-303	TPO	/mnt/c/Users/drpat/OneDrive - UGent/Desktop/PD/Phospho-fill/Validation-allPDB/pdb_cache/9fpd.cif	TPO	TPO	OG1	CB	ok	1.5500390617009887	116.93137735716749	-22.55577193457371	97.93880321135033	ARG:155	ARG	NH1	2.6044730260050066	1.0	3.0	ARG:155	ARG	NH1	2.6044730260050066				0.0	15.0	salt_bridge_like			intermediate	SEP:192	SEP	17.765002043500115	0.0	0.0		modified	1.5500390617009887	46.52572444835655		same	toward				
P24941	9GLA	A	160	TPO_single	1	1	2.18	TPO	203		3	2-38,40-294	2-38,40-294	TPO	/mnt/c/Users/drpat/OneDrive - UGent/Desktop/PD/Phospho-fill/Validation-allPDB/pdb_cache/9gla.cif	TPO	TPO	OG1	CB	ok	1.658775351247148	121.73358618735726	-71.7377062297168	50.98943782648734	ARG:126	ARG	NH2	2.671527512279654	3.0	3.0	ARG:126	ARG	NH2	2.671527512279654	HOH:403	O	2.495166533201772	1.0	23.0	salt_bridge_like			intermediate				0.0	0.0		modified	1.658775351247148	41.043804681328	63.2977955913706	same	toward				
P15713	9GY2	B	176	TPO_single	1	1	1.57	TPO	98		1	41-579,585-692	41-579,585-692	TPO	/mnt/c/Users/drpat/OneDrive - UGent/Desktop/PD/Phospho-fill/Validation-allPDB/pdb_cache/9gy2.cif	TPO	TPO	OG1	CB	ok	1.6367390027998003	115.97353157009046	-68.96741323819033	48.55245078675241	HIS:118	HIS	NE2	2.836529166440333	2.0	2.0	HIS:118	HIS	NE2	2.836529166440333	HOH:884	O	2.6698604873433696	4.0	32.0	salt_bridge_like			exposed				0.0	0.0		modified	1.6367390027998003	32.73321691576353	38.73136635506104	same	toward				
Q9NUL5	9KBO	A	250	TPO_mixed_with_SEP	2	4	2.0	TPO	350		4	2-278	2-278	TPO,TPO	/mnt/c/Users/drpat/OneDrive - UGent/Desktop/PD/Phospho-fill/Validation-allPDB/pdb_cache/9kbo.cif	TPO	TPO	OG1	CB	ok	1.5960984812580092	112.45749868313392	-58.1683487552388	62.19262229101968	HIS:244	HIS	NE2	2.5843055292618526	3.0	3.0	HIS:244	HIS	NE2	2.5843055292618526	HOH:486	O	2.877552920953386	1.0	40.0	salt_bridge_like			buried	SEP:249	SEP	5.922563270554942	1.0	2.0	SEP:249@5.92;TPO:253@11.18	modified	1.5960984812580092	55.79861771573814	58.56961543616225	opposite	toward				
Q9NUL5	9KBO	A	253	TPO_mixed_with_SEP	2	4	2.0	TPO	350		4	2-278	2-278	TPO,TPO	/mnt/c/Users/drpat/OneDrive - UGent/Desktop/PD/Phospho-fill/Validation-allPDB/pdb_cache/9kbo.cif	TPO	TPO	OG1	CB	ok	1.615966049206419	127.46318412534129	56.82941621426669	177.16542054823537	ARG:131	ARG	NH1	2.697809630875431	3.0	5.0	ARG:131	ARG	NH1	2.697809630875431	HOH:405	O	2.348444580490216	2.0	33.0	salt_bridge_like			exposed	TPO:250	TPO	11.180655771530542	0.0	1.0	TPO:250@11.18	modified	1.615966049206419	64.17473134156823	64.859695439998	opposite	lateral				
Q9NWZ3	9NA2	A	342	TPO_mixed_with_SEP	2	3	1.99	TPO	411		4	164-337,340-458	164-337,340-458	TPO,TPO	/mnt/c/Users/drpat/OneDrive - UGent/Desktop/PD/Phospho-fill/Validation-allPDB/pdb_cache/9na2.cif	TPO	TPO	OG1	CB	ok	1.6228720857959407	112.11193427750149	-57.96896788010772	63.4260944436553	LYS:367	LYS	CE	3.2614617477953423	2.0	2.0	GLN:341	GLN	OE1	2.661553486990733	HOH:626	O	4.13334688463859	0.0	24.0	salt_bridge_like			buried	TPO:345	TPO	15.332993377399733	0.0	0.0		modified	1.6228720857959407	47.79384448495231	54.18723604935294	same	toward				
Q9NWZ3	9NA2	A	345	TPO_mixed_with_SEP	2	3	1.99	TPO	411		4	164-337,340-458	164-337,340-458	TPO,TPO	/mnt/c/Users/drpat/OneDrive - UGent/Desktop/PD/Phospho-fill/Validation-allPDB/pdb_cache/9na2.cif	TPO	TPO	OG1	CB	ok	1.614511418429538	113.69946576891702	-68.40611391147839	50.51709287659319	ARG:334	ARG	NH2	2.657051129500155	1.0	3.0	ARG:334	ARG	NH2	2.657051129500155	HOH:621	O	2.6356021320933363	1.0	23.0	salt_bridge_like			intermediate	SEP:346	SEP	4.96811944370183	1.0	1.0	SEP:346@4.97	modified	1.614511418429538	40.693459652590796	83.10823044146048	same	toward				
Q9NWZ3	9NA3	A	342	TPO_mixed_with_SEP	2	3	2.1	TPO	412		4	164-217,221-254,258-336,342-458	164-217,221-254,258-336,342-458	TPO,TPO	/mnt/c/Users/drpat/OneDrive - UGent/Desktop/PD/Phospho-fill/Validation-allPDB/pdb_cache/9na3.cif	TPO	TPO	OG1	CB	ok	1.6103126478698737	107.30691288134844	-53.219413153399174	66.68691339610645	LYS:441	LYS	NZ	2.7154804280160376	2.0	2.0	LYS:441	LYS	NZ	2.7154804280160376				0.0	11.0	salt_bridge_like			intermediate	TPO:345	TPO	15.385254784318478	0.0	0.0		modified	1.6103126478698737	72.66604620722444		opposite	lateral				
Q9NWZ3	9NA3	A	345	TPO_mixed_with_SEP	2	3	2.1	TPO	412		4	164-217,221-254,258-336,342-458	164-217,221-254,258-336,342-458	TPO,TPO	/mnt/c/Users/drpat/OneDrive - UGent/Desktop/PD/Phospho-fill/Validation-allPDB/pdb_cache/9na3.cif	TPO	TPO	OG1	CB	ok	1.6114508138567492	108.74321391943391	-95.07967786811544	24.41146550838238	ARG:334	ARG	NH1	2.4878281540040503	1.0	3.0	ARG:334	ARG	NH1	2.4878281540040503	HOH:641	O	2.972103928256148	1.0	22.0	salt_bridge_like			intermediate	SEP:346	SEP	5.76573529090841	1.0	1.0	SEP:346@5.77	modified	1.6114508138567492	50.6717514967279	88.09609853975454	same	toward				
Q9NWZ3	9NA4	C	342	TPO_mixed_with_SEP	2	3	2.33	TPO	413		4	164-216,221-254,257-336,342-459	164-216,221-254,257-336,342-459	TPO,TPO	/mnt/c/Users/drpat/OneDrive - UGent/Desktop/PD/Phospho-fill/Validation-allPDB/pdb_cache/9na4.cif	TPO	TPO	OG1	CB	ok	1.6105661938911255	108.1818322469888	-68.93204886253281	51.01295291531818	LYS:441	LYS	NZ	2.7439704564106795	2.0	2.0	LYS:441	LYS	NZ	2.7439704564106795				0.0	13.0	salt_bridge_like			intermediate	TPO:345	TPO	15.691261798693017	0.0	0.0		modified	1.6105661938911255	71.12612411000481		same	lateral				
Q9NWZ3	9NA4	C	345	TPO_mixed_with_SEP	2	3	2.33	TPO	413		4	164-216,221-254,257-336,342-459	164-216,221-254,257-336,342-459	TPO,TPO	/mnt/c/Users/drpat/OneDrive - UGent/Desktop/PD/Phospho-fill/Validation-allPDB/pdb_cache/9na4.cif	TPO	TPO	OG1	CB	ok	1.611225118293275	109.02025586002323	-77.34537518512234	40.9993567325638	ARG:334	ARG	NH2	2.7386115737174617	1.0	3.0	ARG:334	ARG	NH2	2.7386115737174617	HOH:623	O	4.87027894488631	0.0	20.0	salt_bridge_like			intermediate	SEP:346	SEP	6.207843134861147	1.0	1.0	SEP:346@6.21	modified	1.611225118293275	40.41202121962966	60.773754662103734	same	toward				
Q9NWZ3	9NA5	A	342	TPO_mixed_with_SEP	2	3	1.73	TPO	414		4	162-217,220-336,341-458	162-217,220-336,341-458	TPO,TPO	/mnt/c/Users/drpat/OneDrive - UGent/Desktop/PD/Phospho-fill/Validation-allPDB/pdb_cache/9na5.cif	TPO	TPO	OG1	CB	ok	1.6104057509351033	108.06408346042632	-66.76135615880173	54.19844800785926	LYS:441	LYS	NZ	3.6001422619357855	1.0	1.0	LYS:441	LYS	NZ	3.6001422619357855	HOH:604	O	4.53462844122436	0.0	13.0	none_obvious			intermediate	TPO:345	TPO	15.283071600568892	0.0	0.0		modified	1.6104057509351033	100.11458661707	155.3279434389899	opposite	lateral				
Q9NWZ3	9NA5	A	345	TPO_mixed_with_SEP	2	3	1.73	TPO	414		4	162-217,220-336,341-458	162-217,220-336,341-458	TPO,TPO	/mnt/c/Users/drpat/OneDrive - UGent/Desktop/PD/Phospho-fill/Validation-allPDB/pdb_cache/9na5.cif	TPO	TPO	OG1	CB	ok	1.6073710088302264	110.77814315485595	-83.08224934853989	35.35488909661026	ARG:334	ARG	NH2	2.7112191442105877	1.0	3.0	ARG:334	ARG	NH2	2.7112191442105877	HOH:609	O	2.367550310922627	2.0	22.0	salt_bridge_like			exposed	SEP:346	SEP	5.497773695871026	1.0	1.0	SEP:346@5.50	modified	1.6073710088302264	44.62350698733594	56.719709214171324	same	toward				
Q9NWZ3	9NA6	C	342	TPO_mixed_with_SEP	2	3	2.14	TPO	415		4	165-216,220-336,342-458	165-216,220-336,342-458	TPO,TPO	/mnt/c/Users/drpat/OneDrive - UGent/Desktop/PD/Phospho-fill/Validation-allPDB/pdb_cache/9na6.cif	TPO	TPO	OG1	CB	ok	1.6209663936919727	109.9635919640455	-93.96565861619568	25.59203003987781	LYS:441	LYS	NZ	2.5995848214538797	2.0	2.0	LYS:441	LYS	NZ	2.5995848214538797	HOH:697	O	5.317322321631645	0.0	18.0	salt_bridge_like			intermediate	TPO:345	TPO	15.093054039157344	0.0	0.0		modified	1.6209663936919727	90.3968628553566	15.702668165632025	opposite	lateral				
Q9NWZ3	9NA6	C	345	TPO_mixed_with_SEP	2	3	2.14	TPO	415		4	165-216,220-336,342-458	165-216,220-336,342-458	TPO,TPO	/mnt/c/Users/drpat/OneDrive - UGent/Desktop/PD/Phospho-fill/Validation-allPDB/pdb_cache/9na6.cif	TPO	TPO	OG1	CB	ok	1.6112687134909314	108.42121610326218	-86.23202796222525	33.149880603216964	ARG:334	ARG	NH2	2.4028071187957427	2.0	3.0	ARG:334	ARG	NH2	2.4028071187957427	HOH:651	O	2.7968407052381186	1.0	25.0	salt_bridge_like			buried	SEP:346	SEP	5.611187958213595	1.0	1.0	SEP:346@5.61	modified	1.6112687134909314	42.937770243825916	83.01555204265658	same	toward				
P24941	9OB2	A	160	TPO_single	1	1	2.12	TPO	204		3	1-298	1-298	TPO	/mnt/c/Users/drpat/OneDrive - UGent/Desktop/PD/Phospho-fill/Validation-allPDB/pdb_cache/9ob2.cif	TPO	TPO	OG1	CB	ok	1.7165545034323793	119.03922054372086	-61.8858407279038	60.75931543021586	ARG:126	ARG	NH2	2.7363253519542194	3.0	3.0	ARG:126	ARG	NH2	2.7363253519542194	HOH:428	O	2.841581960900154	1.0	23.0	salt_bridge_like			intermediate				0.0	0.0		modified	1.7165545034323793	37.329515957229674	65.46109302510791	same	toward				
P24941	9OB3	A	160	TPO_single	1	1	1.98	TPO	205		3	1-298	1-298	TPO	/mnt/c/Users/drpat/OneDrive - UGent/Desktop/PD/Phospho-fill/Validation-allPDB/pdb_cache/9ob3.cif	TPO	TPO	OG1	CB	ok	1.7235994006315971	119.41602488421057	-76.44482943703774	46.82784065255468	ARG:126	ARG	NH2	2.794787684540447	3.0	3.0	ARG:126	ARG	NH2	2.794787684540447	HOH:429	O	2.9011673372135123	2.0	23.0	salt_bridge_like			exposed				0.0	0.0		modified	1.7235994006315971	43.535171287647685	66.79559575371749	same	toward				
P24941	9OB4	A	160	TPO_single	1	1	1.95	TPO	206		3	1-298	1-298	TPO	/mnt/c/Users/drpat/OneDrive - UGent/Desktop/PD/Phospho-fill/Validation-allPDB/pdb_cache/9ob4.cif	TPO	TPO	OG1	CB	ok	1.7196628770283837	118.7224650596446	-73.21493534855638	48.735634840410164	ARG:126	ARG	NH2	2.7756576982471164	3.0	3.0	ARG:126	ARG	NH2	2.7756576982471164	HOH:436	O	3.033878984676843	1.0	23.0	salt_bridge_like			intermediate				0.0	0.0		modified	1.7196628770283837	42.905530064987296	71.53494987307877	same	toward				
P24941	9OB5	A	160	TPO_single	1	1	2.1	TPO	207		3	1-298	1-298	TPO	/mnt/c/Users/drpat/OneDrive - UGent/Desktop/PD/Phospho-fill/Validation-allPDB/pdb_cache/9ob5.cif	TPO	TPO	OG1	CB	ok	1.7146847297948182	118.6935721901073	-61.91083435663089	59.894027224152616	ARG:126	ARG	NH1	2.725042429778143	3.0	3.0	ARG:126	ARG	NH1	2.725042429778143	HOH:416	O	4.157506197334715	0.0	22.0	salt_bridge_like			intermediate				0.0	0.0		modified	1.7146847297948182	55.269079347387965	29.292505978367643	same	toward				
P24941	9OB6	A	160	TPO_single	1	1	2.0	TPO	208		3	1-298	1-298	TPO	/mnt/c/Users/drpat/OneDrive - UGent/Desktop/PD/Phospho-fill/Validation-allPDB/pdb_cache/9ob6.cif	TPO	TPO	OG1	CB	ok	1.7161172177917883	118.76106604684841	-65.46624391285522	57.27963079925461	ARG:150	ARG	NE	2.619832470239214	3.0	3.0	ARG:150	ARG	NE	2.619832470239214	HOH:420	O	2.7314098606022443	1.0	23.0	salt_bridge_like			intermediate				0.0	0.0		modified	1.7161172177917883	31.062242705084923	63.05839609288369	same	toward				
O00418	9PCQ	A	348	TPO_single	1	1	2.3	TPO	20		1	79-338,346-357,496-514,516-542,544-647,661-723	79-338,346-357,496-514,516-542,544-647,661-723	TPO	/mnt/c/Users/drpat/OneDrive - UGent/Desktop/PD/Phospho-fill/Validation-allPDB/pdb_cache/9pcq.cif	TPO	TPO	OG1	CB	ok	1.6079547182497231	108.42228556758418	-50.082572209107084	70.38316478537195	ARG:252	ARG	NE	2.5115213614308347	2.0	2.0	ARG:252	ARG	NE	2.5115213614308347	HOH:964	O	5.396382527857245	0.0	38.0	salt_bridge_like			buried				0.0	0.0		modified	1.6079547182497231	36.65201712170408	86.18405101204957	same	toward				
Q9NWZ3	9PSS	A	342	TPO_mixed_with_SEP	2	3	1.93	TPO	416		4	164-215,222-336,342-458	164-215,222-336,342-458	TPO,TPO	/mnt/c/Users/drpat/OneDrive - UGent/Desktop/PD/Phospho-fill/Validation-allPDB/pdb_cache/9pss.cif	TPO	TPO	OG1	CB	ok	1.7165163906112708	120.1835628221491	-83.17965064035171	39.07270879231409	LYS:367	LYS	NZ	2.34523742253538	2.0	2.0	LYS:367	LYS	NZ	2.34523742253538	HOH:614	O	7.530601142897896	0.0	17.0	salt_bridge_like			intermediate	TPO:345	TPO	15.255586425539997	0.0	0.0		modified	1.7165163906112708	29.175961383236444	46.38339352484146	same	toward				
Q9NWZ3	9PSS	A	345	TPO_mixed_with_SEP	2	3	1.93	TPO	416		4	164-215,222-336,342-458	164-215,222-336,342-458	TPO,TPO	/mnt/c/Users/drpat/OneDrive - UGent/Desktop/PD/Phospho-fill/Validation-allPDB/pdb_cache/9pss.cif	TPO	TPO	OG1	CB	ok	1.7327424254560273	121.65698804652118	-92.09763360625738	31.03728689716441	ARG:334	ARG	NH1	3.016307551765355	1.0	2.0	ARG:334	ARG	NH1	3.016307551765355	HOH:611	O	7.923189393671654	0.0	21.0	salt_bridge_like			intermediate	SEP:346	SEP	4.955561357418477	1.0	1.0	SEP:346@4.96	modified	1.7327424254560273	51.48778546451554	126.49147314979338	same	toward				
Q9NWZ3	9PST	A	345	TPO_mixed_with_SEP	1	2	2.12	TPO	417		4	165-216,220-336,343-458	165-216,220-336,343-458	TPO	/mnt/c/Users/drpat/OneDrive - UGent/Desktop/PD/Phospho-fill/Validation-allPDB/pdb_cache/9pst.cif	TPO	TPO	OG1	CB	ok	1.7227131010233645	119.48603060375927	-85.82953732755038	37.17645781867377	ARG:334	ARG	NH2	2.2190381013644607	1.0	2.0	ARG:334	ARG	NH2	2.2190381013644607	HOH:640	O	2.631848716064123	1.0	22.0	salt_bridge_like			intermediate	SEP:346	SEP	5.692753807987381	1.0	1.0	SEP:346@5.69	modified	1.7227131010233645	45.61729747981019	87.13891045386536	same	toward				
Q9NWZ3	9PST	B	342	TPO_mixed_with_SEP	2	3	2.12	TPO	418		4	164-185,188-216,221-254,257-336,342-458	164-185,188-216,221-254,257-336,342-458	TPO,TPO	/mnt/c/Users/drpat/OneDrive - UGent/Desktop/PD/Phospho-fill/Validation-allPDB/pdb_cache/9pst.cif	TPO	TPO	OG1	CB	ok	1.7245300341528855	119.52374167853438	-42.88548949888752	86.09806797157769	LYS:441	LYS	NZ	2.4564559899601255	2.0	2.0	LYS:441	LYS	NZ	2.4564559899601255	HOH:697	O	3.3284036740235443	1.0	16.0	salt_bridge_like			intermediate	TPO:345	TPO	14.984108800575623	0.0	0.0		modified	1.7245300341528855	40.95959891421432	75.2442445524788	same	toward				
Q9NWZ3	9PSU	B	345	TPO_mixed_with_SEP	1	2	2.43	TPO	419		4	164-216,222-337,342-458	164-216,222-337,342-458	TPO	/mnt/c/Users/drpat/OneDrive - UGent/Desktop/PD/Phospho-fill/Validation-allPDB/pdb_cache/9psu.cif	TPO	TPO	OG1	CB	ok	1.6097392094211431	109.31771979650097	-37.58361987209203	81.31943446540367	ARG:334	ARG	NH2	3.1455750101018003	1.0	3.0	ARG:334	ARG	NH2	3.1455750101018003				0.0	20.0	salt_bridge_like			intermediate	SEP:346	SEP	7.675152488498537	1.0	1.0	SEP:346@7.68	modified	1.6097392094211431	18.63564735203809		same	toward				
Q9NWZ3	9R9G	A	345	TPO_mixed_with_SEP	1	2	1.88	TPO	420		4	163-216,222-335,341-458	163-216,222-335,341-458	TPO	/mnt/c/Users/drpat/OneDrive - UGent/Desktop/PD/Phospho-fill/Validation-allPDB/pdb_cache/9r9g.cif	TPO	TPO	OG1	CB	ok	1.5584408764854247	117.65683367490689	-99.72082319256553	27.66975385377193	ARG:334	ARG	NH2	2.7122976111336228	2.0	3.0	ARG:334	ARG	NH2	2.7122976111336228	HOH:624	O	2.765181395010184	3.0	26.0	salt_bridge_like			exposed	SEP:346	SEP	5.979032089601584	1.0	1.0	SEP:346@5.98	modified	1.5584408764854247	51.94061729669423	45.87704283157386	same	toward				
Q9NWZ3	9R9J	B	345	TPO_mixed_with_SEP	1	2	2.39	TPO	421		4	161-217,222-254,257-337,342-458	161-217,222-254,257-337,342-458	TPO	/mnt/c/Users/drpat/OneDrive - UGent/Desktop/PD/Phospho-fill/Validation-allPDB/pdb_cache/9r9j.cif	TPO	TPO	OG1	CB	ok	1.5672113331907906	120.049856443814	-99.86422238934193	28.31288973421018	ARG:334	ARG	NH1	2.8570058144100137	1.0	2.0	ARG:334	ARG	NH1	2.8570058144100137	HOH:605	O	2.644900537651243	3.0	23.0	salt_bridge_like			exposed	SEP:346	SEP	5.957381645975202	1.0	1.0	SEP:346@5.96	modified	1.5672113331907906	48.88993610484906	56.3999297036398	same	toward				
Q9NWZ3	9R9K	B	345	TPO_mixed_with_SEP	1	2	1.87	TPO	422		4	158-216,223-335,343-460	158-216,223-335,343-460	TPO	/mnt/c/Users/drpat/OneDrive - UGent/Desktop/PD/Phospho-fill/Validation-allPDB/pdb_cache/9r9k.cif	TPO	TPO	OG1	CB	ok	1.5662577974210496	119.26181036221993	-104.88852464779234	16.03215714012353	ARG:334	ARG	NH2	2.561714804577283	2.0	3.0	ARG:334	ARG	NH2	2.561714804577283	HOH:605	O	2.8944555492775357	1.0	27.0	salt_bridge_like			buried	SEP:346	SEP	5.802404331761216	1.0	1.0	SEP:346@5.80	modified	1.5662577974210496	50.05496537710244	91.08558657510466	same	toward				
Q16539	9YLH	A	180	TPO_single	1	1	2.02	TPO	304		2	5-167,178-353	5-167,178-353	TPO	/mnt/c/Users/drpat/OneDrive - UGent/Desktop/PD/Phospho-fill/Validation-allPDB/pdb_cache/9ylh.cif	TPO	TPO	OG1	CB	ok	1.6136510949531255	107.79523604897943	-14.717626732484264	105.00706768888637	HIS:64	HIS	NE2	3.238256657197018	1.0	2.0	HIS:64	HIS	NE2	3.238256657197018				0.0	13.0	salt_bridge_like			intermediate				0.0	0.0		modified	1.6136510949531255	30.801704581021554		same	toward				
