acc_id	pdb_id	chain_id	target_position	subset_class	n_target_sites	n_context_sites	input_resolution	expected_resname	source_row_index	master_phospho_sites	master_site_count	mapped_uniprot_range	observed_uniprot_range	target_site_residues	structure_file	actual_resname	residue_class	anchor_atom	base_atom	status	d_anchor_p	angle_base_anchor_p	torsion_N_CA_CB_OG	nearest_basic_label	nearest_basic_resname	nearest_basic_atom	nearest_basic_dist	n_basic_within4	n_basic_within6	nearest_polar_label	nearest_polar_resname	nearest_polar_atom	nearest_polar_dist	nearest_water_label	nearest_water_atom	nearest_water_dist	n_water_within4	nonwater_heavy_within6	interaction_class	secondary_structure	rsa	exposure_class	nearest_other_ptm_label	nearest_other_ptm_resname	nearest_other_ptm_dist	n_other_ptm_within8	n_other_ptm_within12	other_ptm_neighbors	audit_mode
P08200	1AI2	A	113	SER_single	1	1	1.9	SER	112		1	3-416	3-416	SER	/mnt/c/Users/drpat/OneDrive - UGent/Desktop/PD/Phospho-fill/Validation-allPDB/pdb_cache/1ai2.cif	SER	SER	OG	CB	ok			-3.0180543836547415	ARG:119	ARG	NH1	5.691852252240949	0.0	1.0	THR:105	THR	OG1	4.3020078247394204	HOH:507	O	5.161928963581652	0.0	34.0	none_obvious			buried				0.0	0.0		unmodified
P08200	1AI3	A	113	SER_single	1	1	1.9	SER	113		1	3-416	3-416	SER	/mnt/c/Users/drpat/OneDrive - UGent/Desktop/PD/Phospho-fill/Validation-allPDB/pdb_cache/1ai3.cif	SER	SER	OG	CB	ok			-2.243282651536823	ARG:119	ARG	NH1	6.757805190030489	0.0	0.0	THR:105	THR	OG1	4.259509654042714	HOH:765	O	4.165203033713925	0.0	32.0	none_obvious			buried				0.0	0.0		unmodified
P20906	1BFD	A	26	SER_single	1	1	1.6	SER	200		1	2-524	2-524	SER	/mnt/c/Users/drpat/OneDrive - UGent/Desktop/PD/Phospho-fill/Validation-allPDB/pdb_cache/1bfd.cif	SER	SER	OG	CB	ok			-123.32214241635477	HIS:70	HIS	CE1	3.925563537280835	1.0	1.0	ASN:27	ASN	OD1	4.04559046184348	HOH:614	O	2.8448905708404046	2.0	21.0	water_mediated_like			exposed				0.0	0.0		unmodified
P08200	1BL5	A	113	SER_single	1	1	2.5	SER	114		1	3-416	3-416	SER	/mnt/c/Users/drpat/OneDrive - UGent/Desktop/PD/Phospho-fill/Validation-allPDB/pdb_cache/1bl5.cif	SER	SER	OG	CB	ok			-30.30085959945559	ARG:112	ARG	NH1	6.856128864473233	0.0	0.0	THR:105	THR	OG1	4.3056004998584685	HOH:479	O	3.72180554328775	1.0	30.0	none_obvious			buried				0.0	0.0		unmodified
P08200	1CW1	A	113	SER_single	1	1	2.1	SER	115		1	2-416	2-416	SER	/mnt/c/Users/drpat/OneDrive - UGent/Desktop/PD/Phospho-fill/Validation-allPDB/pdb_cache/1cw1.cif	SER	SER	OG	CB	ok			-21.271102661942507	ARG:119	ARG	NH2	5.842165943365156	0.0	1.0	THR:105	THR	OG1	4.534790226116319	HOH:596	O	4.708715946123218	0.0	34.0	none_obvious			buried				0.0	0.0		unmodified
P08200	1CW4	A	113	SER_single	1	1	2.1	SER	116		1	2-416	2-416	SER	/mnt/c/Users/drpat/OneDrive - UGent/Desktop/PD/Phospho-fill/Validation-allPDB/pdb_cache/1cw4.cif	SER	SER	OG	CB	ok			-12.311391585403388	ARG:119	ARG	NH2	5.840454987269123	0.0	1.0	ASN:115	ASN	ND2	4.332734548634895	HOH:580	O	4.4367697815394855	0.0	32.0	none_obvious			buried				0.0	0.0		unmodified
P08200	1GRP	A	113	SER_single	1	1	2.5	SER	117		1	3-416	3-416	SER	/mnt/c/Users/drpat/OneDrive - UGent/Desktop/PD/Phospho-fill/Validation-allPDB/pdb_cache/1grp.cif	SER	SER	OG	CB	ok			-2.4084775343991796	ARG:119	ARG	NH1	6.325323068120216	0.0	0.0	THR:105	THR	OG1	4.6642099115487134				0.0	31.0	none_obvious			buried				0.0	0.0		unmodified
O32723	1H4Y	A	57	SER_single	1	1	1.61	SER	22		1	2-116	2-116	SER	/mnt/c/Users/drpat/OneDrive - UGent/Desktop/PD/Phospho-fill/Validation-allPDB/pdb_cache/1h4y.cif	SER	SER	OG	CB	ok			-116.2235232627697					0.0	0.0	ASP:56	ASP	OD1	4.655437853537606	HOH:2048	O	3.2251770577111594	1.0	13.0	water_mediated_like			intermediate				0.0	0.0		unmodified
P08200	1IDC	A	113	SER_single	1	1	2.5	SER	118		1	3-416	3-416	SER	/mnt/c/Users/drpat/OneDrive - UGent/Desktop/PD/Phospho-fill/Validation-allPDB/pdb_cache/1idc.cif	SER	SER	OG	CB	ok			14.145090827341585	ARG:119	ARG	NH2	6.802352294997575	0.0	0.0	ASN:115	ASN	OD1	3.920385449906406				0.0	28.0	none_obvious			buried				0.0	0.0		unmodified
P08200	1IDD	A	113	SER_single	1	1	2.5	SER	119		1	3-416	3-416	SER	/mnt/c/Users/drpat/OneDrive - UGent/Desktop/PD/Phospho-fill/Validation-allPDB/pdb_cache/1idd.cif	SER	SER	OG	CB	ok			9.825100810683683	ARG:119	ARG	NH2	5.813305602323423	0.0	1.0	THR:105	THR	OG1	4.278397078912876				0.0	29.0	none_obvious			buried				0.0	0.0		unmodified
P08200	1IDE	A	113	SER_single	1	1	2.5	SER	120		1	3-416	3-416	SER	/mnt/c/Users/drpat/OneDrive - UGent/Desktop/PD/Phospho-fill/Validation-allPDB/pdb_cache/1ide.cif	SER	SER	OG	CB	ok			-16.097134614856316	ARG:119	ARG	NH1	6.5639937537221735	0.0	0.0	THR:105	THR	OG1	4.313376194762324				0.0	32.0	none_obvious			buried				0.0	0.0		unmodified
P08200	1IDF	A	113	SER_single	1	1	2.5	SER	121		1	3-416	3-416	SER	/mnt/c/Users/drpat/OneDrive - UGent/Desktop/PD/Phospho-fill/Validation-allPDB/pdb_cache/1idf.cif	SER	SER	OG	CB	ok			12.30656603876743	ARG:119	ARG	NH2	6.118119724472319	0.0	0.0	THR:105	THR	OG1	4.346579788537055				0.0	20.0	none_obvious			intermediate				0.0	0.0		unmodified
P08200	1ISO	A	113	SER_single	1	1	1.9	SER	122		1	3-416	3-416	SER	/mnt/c/Users/drpat/OneDrive - UGent/Desktop/PD/Phospho-fill/Validation-allPDB/pdb_cache/1iso.cif	SER	SER	OG	CB	ok			-6.280033111597485	ARG:119	ARG	NH1	5.698790691892216	0.0	1.0	THR:105	THR	OG1	4.262327760330822	HOH:558	O	2.7323326089871616	1.0	32.0	water_mediated_like			buried				0.0	0.0		unmodified
P0A6F5	1KP8	A	43	SER_single	1	1	2.0	SER	137		1	2-526	2-526	SER	/mnt/c/Users/drpat/OneDrive - UGent/Desktop/PD/Phospho-fill/Validation-allPDB/pdb_cache/1kp8.cif	SER	SER	OG	CB	ok			-119.52242738058797	LYS:42	LYS	CE	7.74301550051625	0.0	0.0								0.0	15.0	none_obvious			intermediate				0.0	0.0		unmodified
O06976	1MO1	A	46	SER_single	1	1	1.8	SER	17		1	1-85	1-85	SER	/mnt/c/Users/drpat/OneDrive - UGent/Desktop/PD/Phospho-fill/Validation-allPDB/pdb_cache/1mo1.cif	SER	SER	OG	CB	ok			-11.682709165178116					0.0	0.0	ASN:43	ASN	ND2	5.160083046071944	HOH:603	O	2.8367369638149964	1.0	30.0	water_mediated_like			buried				0.0	0.0		unmodified
O06976	1MU4	A	46	SER_single	1	1	1.8	SER	18		1	1-85	1-85	SER	/mnt/c/Users/drpat/OneDrive - UGent/Desktop/PD/Phospho-fill/Validation-allPDB/pdb_cache/1mu4.cif	SER	SER	OG	CB	ok			-13.084474196134517					0.0	0.0	ASN:43	ASN	ND2	5.118760662621508	HOH:154	O	2.8513562147460636	1.0	28.0	water_mediated_like			buried				0.0	0.0		unmodified
Q15843	1NDD	A	65	SER_single	1	1	1.6	SER	620		1	1-74	1-74	SER	/mnt/c/Users/drpat/OneDrive - UGent/Desktop/PD/Phospho-fill/Validation-allPDB/pdb_cache/1ndd.cif	SER	SER	OG	CB	ok			105.64588662635299					0.0	0.0	TYR:45	TYR	OH	3.5798171267255827	HOH:1062	O	4.576736824109712	0.0	35.0	none_obvious			buried				0.0	0.0		unmodified
P04150	1NHZ	A	617	SER_single	1	1	2.3	SER	56		2	530-759,768-776	530-759,768-776	SER	/mnt/c/Users/drpat/OneDrive - UGent/Desktop/PD/Phospho-fill/Validation-allPDB/pdb_cache/1nhz.cif	SER	SER	OG	CB	ok			106.74943350702047	HIS:654	HIS	CE1	5.175126487799977	0.0	1.0	ASN:619	ASN	ND2	4.880747616600204	HOH:85	O	4.555503677327864	0.0	14.0	none_obvious			intermediate				0.0	0.0		unmodified
P08200	1P8F	A	113	SER_single	1	1	1.85	SER	123		1	1-416	1-416	SER	/mnt/c/Users/drpat/OneDrive - UGent/Desktop/PD/Phospho-fill/Validation-allPDB/pdb_cache/1p8f.cif	SER	SER	OG	CB	ok			-9.826390859819849	ARG:119	ARG	NH1	5.792416975425532	0.0	1.0	THR:105	THR	OG1	4.356867817780257	HOH:1037	O	5.093960607367157	0.0	33.0	none_obvious			buried				0.0	0.0		unmodified
P08200	1PB1	A	113	SER_single	1	1	1.7	SER	124		1	1-416	1-416	SER	/mnt/c/Users/drpat/OneDrive - UGent/Desktop/PD/Phospho-fill/Validation-allPDB/pdb_cache/1pb1.cif	SER	SER	OG	CB	ok			-5.134219334166015	ARG:119	ARG	NH1	5.81427504959926	0.0	1.0	ASN:115	ASN	OD1	4.1463501259089535	HOH:1014	O	4.042179528258624	0.0	34.0	none_obvious			buried				0.0	0.0		unmodified
P08200	1PB3	A	113	SER_single	1	1	1.7	SER	125		1	1-416	1-416	SER	/mnt/c/Users/drpat/OneDrive - UGent/Desktop/PD/Phospho-fill/Validation-allPDB/pdb_cache/1pb3.cif	SER	SER	OG	CB	ok			-8.963504522818893	ARG:119	ARG	NH1	5.807747608882612	0.0	1.0	ASN:115	ASN	OD1	4.393073225758484	HOH:989	O	4.758309396675009	0.0	27.0	none_obvious			buried				0.0	0.0		unmodified
P20906	1PI3	A	26	SER_single	1	1	1.2	SER	201		1	2-524	2-524	SER	/mnt/c/Users/drpat/OneDrive - UGent/Desktop/PD/Phospho-fill/Validation-allPDB/pdb_cache/1pi3.cif	SER	SER	OG	CB	ok			-123.20093317089038	HIS:70	HIS	CE1	5.110781018981358	0.0	1.0	ASN:27	ASN	OD1	4.244055357533882	HOH:614	O	2.6343656593445512	2.0	17.0	water_mediated_like			exposed				0.0	0.0		unmodified
Q13526	1PIN	A	72	SER_single	1	1	1.35	SER	444		1	6-39,45-163	6-39,45-163	SER	/mnt/c/Users/drpat/OneDrive - UGent/Desktop/PD/Phospho-fill/Validation-allPDB/pdb_cache/1pin.cif	SER	SER	OG	CB	ok			-106.60167932168032	LYS:63	LYS	CE	5.775824299270047	0.0	2.0	ASP:112	ASP	OD1	2.705716876973729	HOH:1008	O	4.326466002198959	0.0	49.0	hbond_like			buried				0.0	0.0		unmodified
P68400	1PJK	A	2	SER_single	1	1	2.5	SER	309		1	2-332	2-332	SER	/mnt/c/Users/drpat/OneDrive - UGent/Desktop/PD/Phospho-fill/Validation-allPDB/pdb_cache/1pjk.cif	SER	SER	OG	CB	ok			-8.589209787949049					0.0	0.0	GLU:264	GLU	OE1	5.877297285874465	HOH:371	O	5.781218141284509	0.0	18.0	none_obvious			intermediate				0.0	0.0		unmodified
P20906	1PO7	A	26	SER_single	1	1	1.2	SER	202		1	2-525	2-525	SER	/mnt/c/Users/drpat/OneDrive - UGent/Desktop/PD/Phospho-fill/Validation-allPDB/pdb_cache/1po7.cif	SER	SER	OG	CB	ok			-120.66827264212996	HIS:70	HIS	CE1	4.261331274633674	0.0	1.0	ASN:27	ASN	OD1	4.156541297343307	HOH:616	O	2.820746823479646	4.0	18.0	water_mediated_like			exposed				0.0	0.0		unmodified
P07515	1PTF	A	46	SER_single	1	1	1.6	SER	99		1	1-87	1-87	SER	/mnt/c/Users/drpat/OneDrive - UGent/Desktop/PD/Phospho-fill/Validation-allPDB/pdb_cache/1ptf.cif	SER	SER	OG	CB	ok			-11.969774875676093					0.0	0.0	ASN:43	ASN	OD1	5.8261510657894755	HOH:92	O	4.565218741060988	0.0	26.0	none_obvious			buried				0.0	0.0		unmodified
P20906	1Q6Z	A	26	SER_single	1	1	1.0	SER	203		1	2-525	2-525	SER	/mnt/c/Users/drpat/OneDrive - UGent/Desktop/PD/Phospho-fill/Validation-allPDB/pdb_cache/1q6z.cif	SER	SER	OG	CB	ok			-122.04001261994526	HIS:70	HIS	CE1	4.294151964254212	0.0	1.0	ASN:27	ASN	OD1	4.13533034355102	HOH:628	O	2.7466110553691405	4.0	18.0	water_mediated_like			exposed				0.0	0.0		unmodified
Q02750	1S9J	A	218	SER_single	1	1	2.4	SER	429		2	62-220,224-275,306-382	62-220,224-275,306-382	SER	/mnt/c/Users/drpat/OneDrive - UGent/Desktop/PD/Phospho-fill/Validation-allPDB/pdb_cache/1s9j.cif	SER	SER	OG	CB	ok			121.45634440827007					0.0	0.0	GLN:214	GLN	OE1	3.882101077910788				0.0	35.0	none_obvious			buried				0.0	0.0		unmodified
P08200	1SJS	A	113	SER_single	1	1	2.42	SER	126		1	2-416	2-416	SER	/mnt/c/Users/drpat/OneDrive - UGent/Desktop/PD/Phospho-fill/Validation-allPDB/pdb_cache/1sjs.cif	SER	SER	OG	CB	ok			35.2452742218193	ARG:112	ARG	NE	7.654286301680501	0.0	0.0	ASN:115	ASN	ND2	5.109512909433132	HOH:557	O	3.7550323581575693	1.0	21.0	none_obvious			intermediate				0.0	0.0		unmodified
P0A6F5	1SX3	A	43	SER_single	1	1	2.0	SER	138		1	2-526	2-526	SER	/mnt/c/Users/drpat/OneDrive - UGent/Desktop/PD/Phospho-fill/Validation-allPDB/pdb_cache/1sx3.cif	SER	SER	OG	CB	ok			-98.03188149409465					0.0	0.0	ASP:41	ASP	OD1	7.971708666622677				0.0	15.0	none_obvious			intermediate				0.0	0.0		unmodified
Q9X1F5	1VC1	A	59	SER_single	1	1	2.0	SER	715		1	1-110	1-110	SER	/mnt/c/Users/drpat/OneDrive - UGent/Desktop/PD/Phospho-fill/Validation-allPDB/pdb_cache/1vc1.cif	SER	SER	OG	CB	ok			-110.37264417975243					0.0	0.0	ASP:58	ASP	OD1	5.013519196801714	HOH:133	O	2.340431796607266	3.0	12.0	water_mediated_like			exposed				0.0	0.0		unmodified
Q15843	1XT9	B	65	SER_single	1	1	2.2	SER	621		1	1-76	1-76	SER	/mnt/c/Users/drpat/OneDrive - UGent/Desktop/PD/Phospho-fill/Validation-allPDB/pdb_cache/1xt9.cif	SER	SER	OG	CB	ok			99.6247600083531					0.0	0.0	TYR:45	TYR	OH	2.8487673015959145	HOH:95	O	4.141566914923396	0.0	37.0	hbond_like			buried				0.0	0.0		unmodified
P11309	1YHS	A	276	SER_single	1	1	2.15	SER	143		2	33-79,84-305	33-79,84-305	SER	/mnt/c/Users/drpat/OneDrive - UGent/Desktop/PD/Phospho-fill/Validation-allPDB/pdb_cache/1yhs.cif	SER	SER	OG	CB	ok			-109.7922128396841	ARG:274	ARG	NE	4.166833516068456	0.0	1.0	ARG:274	ARG	NE	4.166833516068456	HOH:340	O	3.1732506443048725	1.0	23.0	water_mediated_like			intermediate	SEP:261	SEP	26.96083586771702	0.0	0.0		unmodified
P11309	1YI3	A	276	SER_single	1	1	2.5	SER	144		2	33-79,84-305	33-79,84-305	SER	/mnt/c/Users/drpat/OneDrive - UGent/Desktop/PD/Phospho-fill/Validation-allPDB/pdb_cache/1yi3.cif	SER	SER	OG	CB	ok			-111.31957112076019	ARG:274	ARG	NE	4.444730570718981	0.0	1.0	ASP:277	ASP	OD2	4.176872373247012	HOH:404	O	6.298508614035632	0.0	23.0	none_obvious			intermediate	SEP:261	SEP	26.68393644435285	0.0	0.0		unmodified
P11309	1YI4	A	276	SER_single	1	1	2.4	SER	145		2	33-79,84-305	33-79,84-305	SER	/mnt/c/Users/drpat/OneDrive - UGent/Desktop/PD/Phospho-fill/Validation-allPDB/pdb_cache/1yi4.cif	SER	SER	OG	CB	ok			-113.10551365332807	ARG:274	ARG	NE	3.359722868303932	1.0	1.0	ARG:274	ARG	NE	3.359722868303932	HOH:342	O	3.6553838844120996	1.0	24.0	salt_bridge_like			buried	SEP:261	SEP	26.546183118521686	0.0	0.0		unmodified
P20906	1YNO	A	26	SER_single	1	1	1.22	SER	204		1	2-525	2-525	SER	/mnt/c/Users/drpat/OneDrive - UGent/Desktop/PD/Phospho-fill/Validation-allPDB/pdb_cache/1yno.cif	SER	SER	OG	CB	ok			-122.17870253335084	HIS:70	HIS	CE1	4.245190880615713	0.0	1.0	ASN:27	ASN	OD1	4.140117477131984	HOH:975	O	2.6029802652074583	4.0	19.0	water_mediated_like			exposed				0.0	0.0		unmodified
P80386	1Z0M	A	108	SER_single	1	1	1.91	SER	400		1	77-163	77-163	SER	/mnt/c/Users/drpat/OneDrive - UGent/Desktop/PD/Phospho-fill/Validation-allPDB/pdb_cache/1z0m.cif	SER	SER	OG	CB	ok			-23.22443416822241					0.0	0.0	GLN:109	GLN	OE1	2.8922317290216046	HOH:265	O	6.434032660343926	0.0	23.0	hbond_like			intermediate				0.0	0.0		unmodified
P80386	1Z0N	A	108	SER_single	1	1	1.49	SER	401		1	77-163	77-163	SER	/mnt/c/Users/drpat/OneDrive - UGent/Desktop/PD/Phospho-fill/Validation-allPDB/pdb_cache/1z0n.cif	SER	SER	OG	CB	ok			1.638459878750967					0.0	0.0	GLN:109	GLN	OE1	3.7668512021199363	HOH:1303	O	2.9330687489423473	1.0	18.0	water_mediated_like			intermediate				0.0	0.0		unmodified
Q13526	1ZCN	A	72	SER_single	1	1	1.9	SER	445		1	7-15,18-38,51-163	7-15,18-38,51-163	SER	/mnt/c/Users/drpat/OneDrive - UGent/Desktop/PD/Phospho-fill/Validation-allPDB/pdb_cache/1zcn.cif	SER	SER	OG	CB	ok			-103.79276266585889	ARG:74	ARG	NE	5.5894169355528955	0.0	1.0	ASP:112	ASP	OD1	2.646728453574398	HOH:412	O	4.171111305619327	0.0	46.0	hbond_like			buried				0.0	0.0		unmodified
Q14653	1ZOQ	A	386	SER_single	1	1	2.37	SER	618		2	196-386	196-386	SER	/mnt/c/Users/drpat/OneDrive - UGent/Desktop/PD/Phospho-fill/Validation-allPDB/pdb_cache/1zoq.cif	SER	SER	OG	CB	ok			116.82478118489202	ARG:380	ARG	NH1	4.663011820746192	0.0	1.0	ARG:380	ARG	NH1	4.663011820746192	HOH:403	O	2.502456398062023	2.0	23.0	water_mediated_like			exposed				0.0	0.0		unmodified
Q15843	2BKR	B	65	SER_single	1	1	1.9	SER	622		1	1-76	1-76	SER	/mnt/c/Users/drpat/OneDrive - UGent/Desktop/PD/Phospho-fill/Validation-allPDB/pdb_cache/2bkr.cif	SER	SER	OG	CB	ok			111.11824154380838					0.0	0.0	TYR:45	TYR	OH	2.7753203586454065	HOH:2055	O	4.514654924092264	0.0	37.0	hbond_like			buried				0.0	0.0		unmodified
O43318	2EVA	A	192	SER_single	1	1	2.0	SER	23		2	31-178,191-305	31-178,191-305	SER	/mnt/c/Users/drpat/OneDrive - UGent/Desktop/PD/Phospho-fill/Validation-allPDB/pdb_cache/2eva.cif	SER	SER	OG	CB	ok			130.55314520760933	LYS:158	LYS	NZ	4.2033509713342685	0.0	1.0	LYS:158	LYS	NZ	4.2033509713342685	HOH:692	O	3.3008619894055484	4.0	15.0	water_mediated_like			exposed				0.0	0.0		unmodified
O43741	2F15	A	108	SER_single	1	1	2.0	SER	37		1	75-163	75-163	SER	/mnt/c/Users/drpat/OneDrive - UGent/Desktop/PD/Phospho-fill/Validation-allPDB/pdb_cache/2f15.cif	SER	SER	OG	CB	ok			115.77847183599845	HIS:109	HIS	CD2	5.540824357459724	0.0	1.0	HIS:109	HIS	NE2	6.140442501346572				0.0	16.0	none_obvious			intermediate				0.0	0.0		unmodified
Q13526	2F21	A	72	SER_single	1	1	1.5	SER	446		1	1-18,20-39,49-163	1-18,20-39,49-163	SER	/mnt/c/Users/drpat/OneDrive - UGent/Desktop/PD/Phospho-fill/Validation-allPDB/pdb_cache/2f21.cif	SER	SER	OG	CB	ok			-100.32429692085373	ARG:74	ARG	NE	5.844790962424651	0.0	1.0	ASP:112	ASP	OD1	2.7273265890210534	HOH:411	O	4.326625213924431	0.0	47.0	hbond_like			buried				0.0	0.0		unmodified
P08877	2HPR	A	46	SER_single	1	1	2.0	SER	136		1	2-88	2-88	SER	/mnt/c/Users/drpat/OneDrive - UGent/Desktop/PD/Phospho-fill/Validation-allPDB/pdb_cache/2hpr.cif	SER	SER	OG	CB	ok			-21.323576250504374					0.0	0.0	ASN:43	ASN	ND2	5.717831570967285	HOH:187	O	3.0827196830713803	1.0	25.0	water_mediated_like			buried				0.0	0.0		unmodified
Q13526	2ITK	A	72	SER_single	1	1	1.45	SER	447		1	7-38,51-163	7-38,51-163	SER	/mnt/c/Users/drpat/OneDrive - UGent/Desktop/PD/Phospho-fill/Validation-allPDB/pdb_cache/2itk.cif	SER	SER	OG	CB	ok			-103.59490250198266	ARG:74	ARG	NE	5.906507268160171	0.0	1.0	ASP:112	ASP	OD1	2.7033573518954377	HOH:319	O	4.2958135629547725	0.0	44.0	hbond_like			buried				0.0	0.0		unmodified
Q9KWY4	2IUC	B	84	SER_single	1	1	1.95	SER	649		1	30-315,320-375	30-315,320-375	SER	/mnt/c/Users/drpat/OneDrive - UGent/Desktop/PD/Phospho-fill/Validation-allPDB/pdb_cache/2iuc.cif	SER	SER	OG	CB	ok			125.53036525185769	HIS:302	HIS	NE2	3.535590051747132	1.0	4.0	ASP:301	ASP	OD2	3.2124506665912858	HOH:2060	O	3.15071019142393	1.0	43.0	hbond_like			buried				0.0	0.0		unmodified
P11309	2OBJ	A	276	SER_single	1	1	2.5	SER	146		2	33-305	33-305	SER	/mnt/c/Users/drpat/OneDrive - UGent/Desktop/PD/Phospho-fill/Validation-allPDB/pdb_cache/2obj.cif	SER	SER	OG	CB	ok			-116.170807810955	ARG:274	ARG	NE	4.0196420473234795	0.0	1.0	ARG:274	ARG	NE	4.0196420473234795	HOH:409	O	6.984256041401967	0.0	23.0	none_obvious			intermediate	SEP:261	SEP	26.777957198174256	0.0	0.0		unmodified
Q9NWZ3	2OIB	D	284	SER_single	1	1	2.0	SER	651		4	162-187,189-215,222-459	162-187,189-215,222-459	SER	/mnt/c/Users/drpat/OneDrive - UGent/Desktop/PD/Phospho-fill/Validation-allPDB/pdb_cache/2oib.cif	SER	SER	OG	CB	ok			-107.58540613579895	HIS:286	HIS	CD2	5.006362836499755	0.0	1.0	ASP:420	ASP	OD2	3.8072878428923156	HOH:1099	O	2.8111411673086506	1.0	28.0	water_mediated_like			buried	TPO:342	TPO	37.8816889675701	0.0	0.0		unmodified
Q9NWZ3	2OIC	D	284	SER_single	1	1	2.4	SER	652		4	161-215,226-337,340-459	161-215,226-337,340-459	SER	/mnt/c/Users/drpat/OneDrive - UGent/Desktop/PD/Phospho-fill/Validation-allPDB/pdb_cache/2oic.cif	SER	SER	OG	CB	ok			-119.91074481736476	HIS:286	HIS	CD2	5.332139312100006	0.0	1.0	ASP:420	ASP	OD2	3.9032563121963513	HOH:2026	O	3.3944450418900836	1.0	28.0	water_mediated_like			buried	TPO:342	TPO	37.340541352559136	0.0	0.0		unmodified
Q9NWZ3	2OID	D	284	SER_single	1	1	2.3	SER	653		4	164-195,197-215,231-337,341-459	164-195,197-215,231-337,341-459	SER	/mnt/c/Users/drpat/OneDrive - UGent/Desktop/PD/Phospho-fill/Validation-allPDB/pdb_cache/2oid.cif	SER	SER	OG	CB	ok			-117.32641787607461	HIS:286	HIS	CD2	4.940331174325764	0.0	1.0	ASP:420	ASP	OD2	3.881638755314297	HOH:1128	O	2.832940442573938	1.0	29.0	water_mediated_like			buried	TPO:342	TPO	37.9878624276569	0.0	0.0		unmodified
O31465	2OSU	A	74	SER_single	1	1	2.29	SER	20		1	1-8,12-101,118-283,287-327	1-8,12-101,118-283,287-327	SER	/mnt/c/Users/drpat/OneDrive - UGent/Desktop/PD/Phospho-fill/Validation-allPDB/pdb_cache/2osu.cif	SER	SER	OG	CB	ok			111.33281922492917	LYS:77	LYS	NZ	3.041202870721922	1.0	2.0	TYR:253	TYR	OH	2.613384258580741	HOH:456	O	3.8149781546553396	1.0	35.0	salt_bridge_like			buried				0.0	0.0		unmodified
P68400	2PVR	A	2	SER_single	1	1	1.605	SER	310		1	2-329	2-329	SER	/mnt/c/Users/drpat/OneDrive - UGent/Desktop/PD/Phospho-fill/Validation-allPDB/pdb_cache/2pvr.cif	SER	SER	OG	CB	ok			108.64443179026811					0.0	0.0	ASN:262	ASN	ND2	6.206977821166896	HOH:6158	O	7.748608789317035	0.0	3.0	none_obvious			intermediate				0.0	0.0		unmodified
Q13526	2Q5A	A	72	SER_single	1	1	1.5	SER	448		1	7-38,51-163	7-38,51-163	SER	/mnt/c/Users/drpat/OneDrive - UGent/Desktop/PD/Phospho-fill/Validation-allPDB/pdb_cache/2q5a.cif	SER	SER	OG	CB	ok			-103.06133614548962	ARG:74	ARG	NE	5.8657583776450695	0.0	1.0	ASP:112	ASP	OD1	2.713837670348323	HOH:312	O	4.404412807880429	0.0	42.0	hbond_like			buried				0.0	0.0		unmodified
Q9H2G2	2UV2	A	189	SER_single	1	1	2.3	SER	635		2	21-42,45-308	21-42,45-308	SER	/mnt/c/Users/drpat/OneDrive - UGent/Desktop/PD/Phospho-fill/Validation-allPDB/pdb_cache/2uv2.cif	SER	SER	OG	CB	ok			40.29395759418608					0.0	0.0								0.0	13.0	none_obvious			intermediate	TPO:183	TPO	11.520159326027377	0.0	1.0	TPO:183@11.52	unmodified
P20906	2V3W	A	26	SER_single	1	1	2.2	SER	205		1	2-527	2-527	SER	/mnt/c/Users/drpat/OneDrive - UGent/Desktop/PD/Phospho-fill/Validation-allPDB/pdb_cache/2v3w.cif	SER	SER	OG	CB	ok			-113.50830163890951	HIS:70	HIS	CE1	3.6815295074337886	1.0	1.0	ASN:27	ASN	OD1	3.654002697974109	HOH:2010	O	2.6772417481820914	1.0	27.0	water_mediated_like			buried				0.0	0.0		unmodified
Q13627	2VX3	A	301	SER_single	1	1	2.4	SER	562		2	135-481	135-481	SER	/mnt/c/Users/drpat/OneDrive - UGent/Desktop/PD/Phospho-fill/Validation-allPDB/pdb_cache/2vx3.cif	SER	SER	OG	CB	ok			-119.06423869343332	LYS:264	LYS	CE	4.740548260065617	0.0	1.0	GLN:268	GLN	NE2	4.887437206314147	HOH:2036	O	6.139935433939	0.0	17.0	none_obvious			intermediate	PTR:321	PTR	32.809300179694375	0.0	0.0		unmodified
Q2RIF5	2VY9	A	58	SER_single	1	1	2.3	SER	625		1	6-120	6-120	SER	/mnt/c/Users/drpat/OneDrive - UGent/Desktop/PD/Phospho-fill/Validation-allPDB/pdb_cache/2vy9.cif	SER	SER	OG	CB	ok			5.671535593424745	ARG:62	ARG	NH1	2.2126221369426675	1.0	1.0	ARG:62	ARG	NH1	2.2126221369426675				0.0	16.0	salt_bridge_like			intermediate				0.0	0.0		unmodified
P23874	2WIU	A	150	SER_single	1	1	2.35	SER	233		1	2-108,112-132,135-437	2-108,112-132,135-437	SER	/mnt/c/Users/drpat/OneDrive - UGent/Desktop/PD/Phospho-fill/Validation-allPDB/pdb_cache/2wiu.cif	SER	SER	OG	CB	ok			13.574841952174712	ARG:72	ARG	NH2	7.597462776714077	0.0	0.0	SER:97	SER	OG	4.229319370957325	HOH:2024	O	4.277348060329233	0.0	38.0	none_obvious			buried				0.0	0.0		unmodified
Q13627	2WO6	A	301	SER_single	1	1	2.5	SER	563		2	133-408,413-481	133-408,413-481	SER	/mnt/c/Users/drpat/OneDrive - UGent/Desktop/PD/Phospho-fill/Validation-allPDB/pdb_cache/2wo6.cif	SER	SER	OG	CB	ok			-109.00060298435837	LYS:264	LYS	NZ	4.313971667865878	0.0	1.0	LYS:264	LYS	NZ	4.313971667865878	HOH:2086	O	3.4910256011077103	1.0	20.0	water_mediated_like			intermediate	PTR:321	PTR	32.73659236123249	0.0	0.0		unmodified
P11309	2XIY	A	276	SER_single	1	1	2.2	SER	147		2	33-306	33-306	SER	/mnt/c/Users/drpat/OneDrive - UGent/Desktop/PD/Phospho-fill/Validation-allPDB/pdb_cache/2xiy.cif	SER	SER	OG	CB	ok			-106.61864859485787	ARG:274	ARG	NE	3.1630712112870722	1.0	1.0	ARG:274	ARG	NE	3.1630712112870722	HOH:2113	O	6.17780315193314	0.0	24.0	salt_bridge_like			buried	SEP:261	SEP	26.853987832324346	0.0	0.0		unmodified
P11309	2XIZ	A	276	SER_single	1	1	2.21	SER	148		2	33-306	33-306	SER	/mnt/c/Users/drpat/OneDrive - UGent/Desktop/PD/Phospho-fill/Validation-allPDB/pdb_cache/2xiz.cif	SER	SER	OG	CB	ok			-111.5762502569441	ARG:274	ARG	NE	2.960806717939545	1.0	1.0	ARG:274	ARG	NE	2.960806717939545	HOH:2049	O	6.357677854310133	0.0	24.0	salt_bridge_like			buried	SEP:261	SEP	26.933715514645574	0.0	0.0		unmodified
P11309	2XJ1	A	276	SER_single	1	1	2.13	SER	149		2	33-306	33-306	SER	/mnt/c/Users/drpat/OneDrive - UGent/Desktop/PD/Phospho-fill/Validation-allPDB/pdb_cache/2xj1.cif	SER	SER	OG	CB	ok			-101.04525285688075	ARG:274	ARG	NH1	3.6775787900812174	1.0	1.0	ARG:274	ARG	NH1	3.6775787900812174	HOH:2092	O	3.7153986496237157	1.0	24.0	none_obvious			buried	SEP:261	SEP	26.595182301218784	0.0	0.0		unmodified
P11309	2XJ2	A	276	SER_single	1	1	2.2	SER	150		2	33-306	33-306	SER	/mnt/c/Users/drpat/OneDrive - UGent/Desktop/PD/Phospho-fill/Validation-allPDB/pdb_cache/2xj2.cif	SER	SER	OG	CB	ok			-99.369043939286	ARG:274	ARG	NE	2.742680550898283	1.0	1.0	ARG:274	ARG	NE	2.742680550898283	HOH:2126	O	4.239987538973972	0.0	24.0	salt_bridge_like			buried	SEP:261	SEP	26.674154339858397	0.0	0.0		unmodified
Q13526	2XP3	A	72	SER_single	1	1	2.0	SER	449		1	7-38,51-163	7-38,51-163	SER	/mnt/c/Users/drpat/OneDrive - UGent/Desktop/PD/Phospho-fill/Validation-allPDB/pdb_cache/2xp3.cif	SER	SER	OG	CB	ok			-104.04565060223054	LYS:63	LYS	CE	5.9696217044917566	0.0	1.0	ASP:112	ASP	OD1	2.6588718246779766	HOH:2066	O	4.139570143594611	0.0	43.0	hbond_like			buried				0.0	0.0		unmodified
Q13526	2XP4	A	72	SER_single	1	1	1.8	SER	450		1	7-37,51-163	7-37,51-163	SER	/mnt/c/Users/drpat/OneDrive - UGent/Desktop/PD/Phospho-fill/Validation-allPDB/pdb_cache/2xp4.cif	SER	SER	OG	CB	ok			-110.12318130612096	LYS:63	LYS	CE	5.8234718894591335	0.0	2.0	ASP:112	ASP	OD1	2.79347112692958	HOH:2089	O	4.320429766142284	0.0	45.0	hbond_like			buried				0.0	0.0		unmodified
Q13526	2XP5	A	72	SER_single	1	1	1.9	SER	451		1	7-38,51-163	7-38,51-163	SER	/mnt/c/Users/drpat/OneDrive - UGent/Desktop/PD/Phospho-fill/Validation-allPDB/pdb_cache/2xp5.cif	SER	SER	OG	CB	ok			-108.02184418667844	LYS:63	LYS	CE	5.865368081595994	0.0	2.0	ASP:112	ASP	OD1	2.7723841222095995	HOH:2090	O	4.216558945284589	0.0	47.0	hbond_like			buried				0.0	0.0		unmodified
Q13526	2XP6	A	72	SER_single	1	1	1.9	SER	452		1	7-38,51-163	7-38,51-163	SER	/mnt/c/Users/drpat/OneDrive - UGent/Desktop/PD/Phospho-fill/Validation-allPDB/pdb_cache/2xp6.cif	SER	SER	OG	CB	ok			-100.9842628567132	LYS:63	LYS	CE	5.87903392804676	0.0	2.0	ASP:112	ASP	OD1	2.8006588585431995	HOH:2068	O	4.340147905226461	0.0	45.0	hbond_like			buried				0.0	0.0		unmodified
Q13526	2XP7	A	72	SER_single	1	1	2.0	SER	453		1	7-38,51-163	7-38,51-163	SER	/mnt/c/Users/drpat/OneDrive - UGent/Desktop/PD/Phospho-fill/Validation-allPDB/pdb_cache/2xp7.cif	SER	SER	OG	CB	ok			-110.64498161167076	LYS:63	LYS	CE	5.572211910701172	0.0	2.0	ASP:112	ASP	OD1	2.5232457426993333	HOH:2102	O	3.827385865143619	1.0	46.0	hbond_like			buried				0.0	0.0		unmodified
Q13526	2XP8	A	72	SER_single	1	1	2.1	SER	454		1	7-38,51-163	7-38,51-163	SER	/mnt/c/Users/drpat/OneDrive - UGent/Desktop/PD/Phospho-fill/Validation-allPDB/pdb_cache/2xp8.cif	SER	SER	OG	CB	ok			-106.97810811946529	LYS:63	LYS	NZ	6.039340540136658	0.0	0.0	ASP:112	ASP	OD1	2.656339625884095	HOH:2012	O	4.309053510183653	0.0	41.0	hbond_like			buried				0.0	0.0		unmodified
Q13526	2XP9	A	72	SER_single	1	1	1.9	SER	455		1	7-37,51-163	7-37,51-163	SER	/mnt/c/Users/drpat/OneDrive - UGent/Desktop/PD/Phospho-fill/Validation-allPDB/pdb_cache/2xp9.cif	SER	SER	OG	CB	ok			-106.14783520876296	LYS:63	LYS	CE	5.7839098673543266	0.0	2.0	ASP:112	ASP	OD1	2.722874006008091	HOH:2112	O	4.271937701014205	0.0	44.0	hbond_like			buried				0.0	0.0		unmodified
Q13526	2XPA	A	72	SER_single	1	1	1.9	SER	456		1	7-39,51-163	7-39,51-163	SER	/mnt/c/Users/drpat/OneDrive - UGent/Desktop/PD/Phospho-fill/Validation-allPDB/pdb_cache/2xpa.cif	SER	SER	OG	CB	ok			-113.23427264432307	LYS:63	LYS	CE	5.737726972541135	0.0	2.0	ASP:112	ASP	OD2	2.6954176056517194	HOH:2082	O	4.221728083079442	0.0	46.0	hbond_like			buried				0.0	0.0		unmodified
Q13526	2XPB	A	72	SER_single	1	1	2.0	SER	457		1	7-39,51-163	7-39,51-163	SER	/mnt/c/Users/drpat/OneDrive - UGent/Desktop/PD/Phospho-fill/Validation-allPDB/pdb_cache/2xpb.cif	SER	SER	OG	CB	ok			-108.91938470231722	ARG:74	ARG	NE	5.733280237215228	0.0	2.0	ASP:112	ASP	OD2	2.5951409472694316	HOH:2071	O	4.115840848414948	0.0	45.0	hbond_like			buried				0.0	0.0		unmodified
O43318	2YIY	A	192	SER_single	1	1	2.49	SER	24		2	31-177,191-303	31-177,191-303	SER	/mnt/c/Users/drpat/OneDrive - UGent/Desktop/PD/Phospho-fill/Validation-allPDB/pdb_cache/2yiy.cif	SER	SER	OG	CB	ok			118.45312755327943	LYS:158	LYS	NZ	2.785825600764587	1.0	1.0	ASP:156	ASP	OD1	2.6802098722879273	HOH:2111	O	4.292647549194314	0.0	21.0	salt_bridge_like			intermediate				0.0	0.0		unmodified
P68400	2ZJW	A	2	SER_single	1	1	2.4	SER	311		1	1-332	1-332	SER	/mnt/c/Users/drpat/OneDrive - UGent/Desktop/PD/Phospho-fill/Validation-allPDB/pdb_cache/2zjw.cif	SER	SER	OG	CB	ok			119.39493454391808					0.0	0.0	ASN:262	ASN	ND2	3.8946421672554004	HOH:427	O	3.180703521823118	1.0	15.0	water_mediated_like			intermediate				0.0	0.0		unmodified
Q13526	2ZQS	A	72	SER_single	1	1	1.902	SER	458		1	6-39,45-163	6-39,45-163	SER	/mnt/c/Users/drpat/OneDrive - UGent/Desktop/PD/Phospho-fill/Validation-allPDB/pdb_cache/2zqs.cif	SER	SER	OG	CB	ok			-103.32223809742133	LYS:63	LYS	NZ	5.499704186954584	0.0	2.0	ASP:112	ASP	OD1	2.621983747430903	HOH:411	O	4.335961835699928	0.0	48.0	hbond_like			buried				0.0	0.0		unmodified
Q13526	2ZQT	A	72	SER_single	1	1	1.462	SER	459		1	6-39,45-163	6-39,45-163	SER	/mnt/c/Users/drpat/OneDrive - UGent/Desktop/PD/Phospho-fill/Validation-allPDB/pdb_cache/2zqt.cif	SER	SER	OG	CB	ok			-101.75919378048704	ARG:74	ARG	NE	5.867726690590016	0.0	2.0	ASP:112	ASP	OD1	2.7571413706502823	HOH:313	O	4.300249082005812	0.0	47.0	hbond_like			buried				0.0	0.0		unmodified
Q13526	2ZQU	A	72	SER_single	1	1	2.5	SER	460		1	6-39,45-163	6-39,45-163	SER	/mnt/c/Users/drpat/OneDrive - UGent/Desktop/PD/Phospho-fill/Validation-allPDB/pdb_cache/2zqu.cif	SER	SER	OG	CB	ok			-102.12251708758056	ARG:74	ARG	NE	5.841865485416541	0.0	2.0	ASP:112	ASP	OD1	2.649275699682027	HOH:504	O	4.5090653106080225	0.0	46.0	hbond_like			buried				0.0	0.0		unmodified
Q13526	2ZQV	A	72	SER_single	1	1	2.498	SER	461		1	6-39,45-163	6-39,45-163	SER	/mnt/c/Users/drpat/OneDrive - UGent/Desktop/PD/Phospho-fill/Validation-allPDB/pdb_cache/2zqv.cif	SER	SER	OG	CB	ok			-97.91507621812084	LYS:63	LYS	CE	5.305443136239471	0.0	2.0	ASP:112	ASP	OD1	2.6793655994975767	HOH:188	O	4.162767580267777	0.0	46.0	hbond_like			buried				0.0	0.0		unmodified
Q13526	2ZR4	A	72	SER_single	1	1	2.0	SER	462		1	6-39,45-163	6-39,45-163	SER	/mnt/c/Users/drpat/OneDrive - UGent/Desktop/PD/Phospho-fill/Validation-allPDB/pdb_cache/2zr4.cif	SER	SER	OG	CB	ok			-108.17184036492613	ARG:74	ARG	NH1	5.741959774334754	0.0	1.0	ASP:112	ASP	OD1	2.7312666115737225	HOH:1008	O	4.389639538332702	0.0	48.0	hbond_like			buried				0.0	0.0		unmodified
P68400	3AMY	A	2	SER_single	1	1	2.3	SER	312		1	2-45,51-103,108-328	2-45,51-103,108-328	SER	/mnt/c/Users/drpat/OneDrive - UGent/Desktop/PD/Phospho-fill/Validation-allPDB/pdb_cache/3amy.cif	SER	SER	OG	CB	ok			25.7514544459154					0.0	0.0	ASN:262	ASN	ND2	4.280939099806241				0.0	9.0	none_obvious			intermediate				0.0	0.0		unmodified
P68400	3AT2	A	2	SER_single	1	1	1.6	SER	313		1	2-335	2-335	SER	/mnt/c/Users/drpat/OneDrive - UGent/Desktop/PD/Phospho-fill/Validation-allPDB/pdb_cache/3at2.cif	SER	SER	OG	CB	ok			31.301152430896874					0.0	0.0	ASN:262	ASN	ND2	2.913369741923416	HOH:671	O	2.7100791165588713	3.0	11.0	hbond_like			exposed				0.0	0.0		unmodified
P68400	3AT4	A	2	SER_single	1	1	2.2	SER	314		1	2-332	2-332	SER	/mnt/c/Users/drpat/OneDrive - UGent/Desktop/PD/Phospho-fill/Validation-allPDB/pdb_cache/3at4.cif	SER	SER	OG	CB	ok			10.56749594763376					0.0	0.0	ASN:262	ASN	ND2	2.9544312387965372	HOH:413	O	2.8495734842207088	1.0	11.0	hbond_like			intermediate				0.0	0.0		unmodified
P68400	3AXW	A	2	SER_single	1	1	2.5	SER	315		1	2-330	2-330	SER	/mnt/c/Users/drpat/OneDrive - UGent/Desktop/PD/Phospho-fill/Validation-allPDB/pdb_cache/3axw.cif	SER	SER	OG	CB	ok			6.89449684739502					0.0	0.0	ASN:262	ASN	ND2	3.2099191671728957	HOH:379	O	5.33101892182666	0.0	10.0	hbond_like			intermediate				0.0	0.0		unmodified
P11309	3BGQ	A	276	SER_single	1	1	2.0	SER	151		2	33-305	33-305	SER	/mnt/c/Users/drpat/OneDrive - UGent/Desktop/PD/Phospho-fill/Validation-allPDB/pdb_cache/3bgq.cif	SER	SER	OG	CB	ok			-118.68411619660013	ARG:274	ARG	NE	4.334168445452069	0.0	1.0	ASP:277	ASP	OD2	4.291058662392864	HOH:424	O	3.252433207484912	1.0	22.0	water_mediated_like			intermediate	SEP:261	SEP	27.19537263459405	0.0	0.0		unmodified
P11309	3BGZ	A	276	SER_single	1	1	2.4	SER	152		2	33-79,85-305	33-79,85-305	SER	/mnt/c/Users/drpat/OneDrive - UGent/Desktop/PD/Phospho-fill/Validation-allPDB/pdb_cache/3bgz.cif	SER	SER	OG	CB	ok			-119.82395988020585	ARG:274	ARG	NH2	3.7441163823869976	1.0	1.0	ARG:274	ARG	NH2	3.7441163823869976	HOH:372	O	2.856831039485193	1.0	23.0	water_mediated_like			intermediate	SEP:261	SEP	27.013367347018686	0.0	0.0		unmodified
P50750	3BLH	A	306	SER_single	1	1	2.48	SER	277		2	8-50,55-87,98-176,182-259,267-325	8-50,55-87,98-176,182-259,267-325	SER	/mnt/c/Users/drpat/OneDrive - UGent/Desktop/PD/Phospho-fill/Validation-allPDB/pdb_cache/3blh.cif	SER	SER	OG	CB	ok			-129.42740734596583	HIS:141	HIS	ND1	4.469253239930789	0.0	1.0	HIS:141	HIS	ND1	4.469253239930789	HOH:345	O	2.872660857783515	2.0	38.0	water_mediated_like			exposed	TPO:186	TPO	21.73130206986386	0.0	0.0		unmodified
P04150	3BQD	A	617	SER_single	1	1	2.5	SER	57		2	525-777	525-777	SER	/mnt/c/Users/drpat/OneDrive - UGent/Desktop/PD/Phospho-fill/Validation-allPDB/pdb_cache/3bqd.cif	SER	SER	OG	CB	ok			118.11564785794936					0.0	0.0	SER:616	SER	OG	4.805663132170923	HOH:50	O	7.573529339591249	0.0	6.0	none_obvious			intermediate				0.0	0.0		unmodified
O31465	3BRM	B	74	SER_single	1	1	2.29	SER	21		1	13-101,120-281,287-327	13-101,120-281,287-327	SER	/mnt/c/Users/drpat/OneDrive - UGent/Desktop/PD/Phospho-fill/Validation-allPDB/pdb_cache/3brm.cif	SER	SER	OG	CB	ok			114.41412112027741	LYS:77	LYS	NZ	3.2484694238832046	1.0	2.0	TYR:253	TYR	OH	3.00208093844102	HOH:514	O	6.280555851329563	0.0	40.0	salt_bridge_like			buried				0.0	0.0		unmodified
P9WKD3	3CG5	A	84	SER_single	1	1	1.7	SER	409		1	43-307	43-307	SER	/mnt/c/Users/drpat/OneDrive - UGent/Desktop/PD/Phospho-fill/Validation-allPDB/pdb_cache/3cg5.cif	SER	SER	OG	CB	ok			90.79299954946646	LYS:87	LYS	NZ	2.8671720179462477	1.0	2.0	SER:142	SER	OG	2.69162551419984	HOH:441	O	3.079555815055803	1.0	44.0	salt_bridge_like			buried				0.0	0.0		unmodified
P11309	3CY3	A	276	SER_single	1	1	2.15	SER	153		2	33-81,84-305	33-81,84-305	SER	/mnt/c/Users/drpat/OneDrive - UGent/Desktop/PD/Phospho-fill/Validation-allPDB/pdb_cache/3cy3.cif	SER	SER	OG	CB	ok			-112.35426939741582	ARG:274	ARG	NE	4.342797372479535	0.0	1.0	ASP:277	ASP	OD1	4.305578558703056	HOH:562	O	3.4778935523056522	1.0	20.0	water_mediated_like			intermediate	SEP:261	SEP	26.284256147372197	0.0	0.0		unmodified
P23874	3DNT	B	150	SER_single	1	1	1.66	SER	234		1	3-183,198-435	3-183,198-435	SER	/mnt/c/Users/drpat/OneDrive - UGent/Desktop/PD/Phospho-fill/Validation-allPDB/pdb_cache/3dnt.cif	SER	SER	OG	CB	ok			4.084345241668297	ARG:72	ARG	NH2	7.794089165739429	0.0	0.0	SER:97	SER	OG	4.789793552009879	HOH:876	O	4.637669291832493	0.0	42.0	none_obvious			buried				0.0	0.0		unmodified
P23874	3DNU	A	150	SER_single	1	1	1.54	SER	235		1	2-109,114-134,146-184,196-437	2-109,114-134,146-184,196-437	SER	/mnt/c/Users/drpat/OneDrive - UGent/Desktop/PD/Phospho-fill/Validation-allPDB/pdb_cache/3dnu.cif	SER	SER	OG	CB	ok			2.942840526905504					0.0	0.0	SER:97	SER	OG	5.126969753073112	HOH:1167	O	3.359594484052322	1.0	37.0	water_mediated_like			buried				0.0	0.0		unmodified
Q02750	3DV3	A	218	SER_single	1	1	2.3	SER	430		2	62-221,225-275,307-382	62-221,225-275,307-382	SER	/mnt/c/Users/drpat/OneDrive - UGent/Desktop/PD/Phospho-fill/Validation-allPDB/pdb_cache/3dv3.cif	SER	SER	OG	CB	ok			115.1259710934943					0.0	0.0	GLN:214	GLN	NE2	2.9899440870922707	HOH:9041	O	6.840008553557255	0.0	33.0	hbond_like			buried				0.0	0.0		unmodified
P9WKD3	3DWZ	A	84	SER_single	1	1	1.8	SER	410		1	43-307	43-307	SER	/mnt/c/Users/drpat/OneDrive - UGent/Desktop/PD/Phospho-fill/Validation-allPDB/pdb_cache/3dwz.cif	SER	SER	OG	CB	ok			101.77952522172559	LYS:87	LYS	NZ	3.105010191296555	1.0	2.0	SER:142	SER	OG	3.0296602651951625	HOH:572	O	2.731932193707854	1.0	45.0	salt_bridge_like			buried				0.0	0.0		unmodified
Q02750	3EQC	A	218	SER_single	1	1	1.8	SER	431		2	39-220,224-277,307-382	39-220,224-277,307-382	SER	/mnt/c/Users/drpat/OneDrive - UGent/Desktop/PD/Phospho-fill/Validation-allPDB/pdb_cache/3eqc.cif	SER	SER	OG	CB	ok			137.9771558018825					0.0	0.0	GLN:214	GLN	OE1	2.399608117379144				0.0	32.0	hbond_like			buried				0.0	0.0		unmodified
P11309	3F2A	A	276	SER_single	1	1	1.9	SER	154		2	32-308	32-308	SER	/mnt/c/Users/drpat/OneDrive - UGent/Desktop/PD/Phospho-fill/Validation-allPDB/pdb_cache/3f2a.cif	SER	SER	OG	CB	ok			-113.67058889870403	ARG:274	ARG	NE	3.867693801501688	1.0	1.0	ARG:274	ARG	NE	3.867693801501688	HOH:418	O	3.207937048789741	1.0	24.0	water_mediated_like			buried	SEP:261	SEP	26.486719852455774	0.0	0.0		unmodified
P35557	3F9M	A	411	SER_single	1	1	1.5	SER	253		1	12-93,98-458	12-93,98-397,399-458	SER	/mnt/c/Users/drpat/OneDrive - UGent/Desktop/PD/Phospho-fill/Validation-allPDB/pdb_cache/3f9m.cif	SER	SER	OG	CB	ok			-122.39557949984007					0.0	0.0	THR:228	THR	OG1	5.589242704103261	HOH:660	O	2.6610137260493065	5.0	23.0	water_mediated_like			exposed				0.0	0.0		unmodified
P35557	3FGU	A	411	SER_single	1	1	2.15	SER	254		1	12-66,69-93,97-140,143-458	12-66,69-93,97-140,143-458	SER	/mnt/c/Users/drpat/OneDrive - UGent/Desktop/PD/Phospho-fill/Validation-allPDB/pdb_cache/3fgu.cif	SER	SER	OG	CB	ok			-116.04283261275513					0.0	0.0	THR:228	THR	OG1	5.914725723094425	HOH:645	O	5.148255567622074	0.0	47.0	none_obvious			buried				0.0	0.0		unmodified
P68400	3FWQ	A	2	SER_single	1	1	2.3	SER	316		1	2-335	2-335	SER	/mnt/c/Users/drpat/OneDrive - UGent/Desktop/PD/Phospho-fill/Validation-allPDB/pdb_cache/3fwq.cif	SER	SER	OG	CB	ok			-124.11024643030564					0.0	0.0	GLU:264	GLU	OE2	4.571905620055856				0.0	6.0	none_obvious			intermediate				0.0	0.0		unmodified
P20906	3FZN	A	26	SER_single	1	1	1.62	SER	206		1	2-524	2-524	SER	/mnt/c/Users/drpat/OneDrive - UGent/Desktop/PD/Phospho-fill/Validation-allPDB/pdb_cache/3fzn.cif	SER	SER	OG	CB	ok			-118.27678294129895	HIS:70	HIS	CE1	4.009392587634445	0.0	1.0	ASN:27	ASN	OD1	3.90723861526013	HOH:1275	O	2.75978047717044	1.0	20.0	water_mediated_like			intermediate				0.0	0.0		unmodified
P52956	3GBS	A	126	SER_single	1	1	1.75	SER	279		1	26-212	26-212	SER	/mnt/c/Users/drpat/OneDrive - UGent/Desktop/PD/Phospho-fill/Validation-allPDB/pdb_cache/3gbs.cif	SER	SER	OG	CB	ok			32.64419472977059	HIS:194	HIS	NE2	2.6394964578374274	1.0	1.0	HIS:194	HIS	NE2	2.6394964578374274	HOH:247	O	4.615711327050003	0.0	34.0	salt_bridge_like			buried				0.0	0.0		unmodified
P68400	3H30	A	2	SER_single	1	1	1.56	SER	317		1	2-334	2-334	SER	/mnt/c/Users/drpat/OneDrive - UGent/Desktop/PD/Phospho-fill/Validation-allPDB/pdb_cache/3h30.cif	SER	SER	OG	CB	ok			31.269008028729814					0.0	0.0	ASN:262	ASN	ND2	4.81450017395574	HOH:365	O	3.898191585516388	1.0	7.0	none_obvious			intermediate				0.0	0.0		unmodified
Q13526	3I6C	A	72	SER_single	1	1	1.3	SER	463		1	51-163	51-163	SER	/mnt/c/Users/drpat/OneDrive - UGent/Desktop/PD/Phospho-fill/Validation-allPDB/pdb_cache/3i6c.cif	SER	SER	OG	CB	ok			-101.74864669063541	LYS:63	LYS	CE	5.742824188593035	0.0	2.0	ASP:112	ASP	OD1	2.727847677128873	HOH:1	O	4.273160237149344	0.0	46.0	hbond_like			buried				0.0	0.0		unmodified
Q9F4L3	3IAE	A	28	SER_single	1	1	2.3	SER	634		1	2-555	2-555	SER	/mnt/c/Users/drpat/OneDrive - UGent/Desktop/PD/Phospho-fill/Validation-allPDB/pdb_cache/3iae.cif	SER	SER	OG	CB	ok			116.44450387001949	HIS:26	HIS	NE2	4.783880598115736	0.0	2.0	HIS:26	HIS	NE2	4.783880598115736	HOH:577	O	6.3518765460646485	0.0	12.0	none_obvious			intermediate				0.0	0.0		unmodified
P08200	3ICD	A	113	SER_single	1	1	2.5	SER	127		1	3-416	3-416	SER	/mnt/c/Users/drpat/OneDrive - UGent/Desktop/PD/Phospho-fill/Validation-allPDB/pdb_cache/3icd.cif	SER	SER	OG	CB	ok			-6.1582438133567985	ARG:119	ARG	NH1	6.00742124273553	0.0	0.0	THR:105	THR	OG1	4.584789038075841	HOH:557	O	2.701314324536812	1.0	26.0	water_mediated_like			buried				0.0	0.0		unmodified
P35557	3ID8	A	411	SER_single	1	1	2.4	SER	255		1	12-94,98-457	12-94,98-457	SER	/mnt/c/Users/drpat/OneDrive - UGent/Desktop/PD/Phospho-fill/Validation-allPDB/pdb_cache/3id8.cif	SER	SER	OG	CB	ok			-122.19309494574672					0.0	0.0	THR:228	THR	OG1	5.707032396308338	HOH:590	O	5.603189976827525	0.0	43.0	none_obvious			buried				0.0	0.0		unmodified
P35557	3IDH	A	411	SER_single	1	1	2.14	SER	256		1	12-457	12-65,69-139,143-457	SER	/mnt/c/Users/drpat/OneDrive - UGent/Desktop/PD/Phospho-fill/Validation-allPDB/pdb_cache/3idh.cif	SER	SER	OG	CB	ok			-124.37039760201247					0.0	0.0	THR:228	THR	OG1	5.5966890123900725	HOH:585	O	3.439854060027452	2.0	21.0	water_mediated_like			exposed				0.0	0.0		unmodified
Q13526	3IK8	A	72	SER_single	1	1	1.85	SER	464		1	51-163	51-163	SER	/mnt/c/Users/drpat/OneDrive - UGent/Desktop/PD/Phospho-fill/Validation-allPDB/pdb_cache/3ik8.cif	SER	SER	OG	CB	ok			-106.87946416907577	ARG:74	ARG	NE	5.718662379769722	0.0	1.0	ASP:112	ASP	OD1	2.871353425888439	HOH:209	O	4.364153960988776	0.0	45.0	hbond_like			buried				0.0	0.0		unmodified
Q13526	3IKD	A	72	SER_single	1	1	2.0	SER	465		1	51-163	51-163	SER	/mnt/c/Users/drpat/OneDrive - UGent/Desktop/PD/Phospho-fill/Validation-allPDB/pdb_cache/3ikd.cif	SER	SER	OG	CB	ok			-100.41625407364039	ARG:74	ARG	NE	5.643526142502263	0.0	2.0	ASP:112	ASP	OD1	3.033901419967925	HOH:166	O	4.235936985817967	0.0	45.0	hbond_like			buried				0.0	0.0		unmodified
Q13526	3IKG	A	72	SER_single	1	1	1.86	SER	466		1	51-163	51-163	SER	/mnt/c/Users/drpat/OneDrive - UGent/Desktop/PD/Phospho-fill/Validation-allPDB/pdb_cache/3ikg.cif	SER	SER	OG	CB	ok			-108.50212010319288	ARG:74	ARG	NE	5.634719419999196	0.0	1.0	ASP:112	ASP	OD1	2.670986703826087	HOH:6	O	4.240532960044732	0.0	45.0	hbond_like			buried				0.0	0.0		unmodified
P35557	3IMX	A	411	SER_single	1	1	2.0	SER	257		1	16-93,98-461	16-93,98-461	SER	/mnt/c/Users/drpat/OneDrive - UGent/Desktop/PD/Phospho-fill/Validation-allPDB/pdb_cache/3imx.cif	SER	SER	OG	CB	ok			-116.61599176888866	LYS:414	LYS	CE	7.879751874311757	0.0	0.0	THR:228	THR	OG1	5.133885666549648	HOH:588	O	3.0176202044120197	2.0	22.0	water_mediated_like			exposed				0.0	0.0		unmodified
P9WKD3	3IQA	A	84	SER_single	1	1	2.2	SER	411		1	43-307	43-307	SER	/mnt/c/Users/drpat/OneDrive - UGent/Desktop/PD/Phospho-fill/Validation-allPDB/pdb_cache/3iqa.cif	SER	SER	OG	CB	ok			124.53969854781761	LYS:87	LYS	NZ	3.0443149335486135	1.0	2.0	SER:142	SER	OG	3.043684772981051	HOH:336	O	3.0632725188600953	1.0	48.0	salt_bridge_like			buried				0.0	0.0		unmodified
P68400	3JUH	A	2	SER_single	1	1	1.66	SER	318		1	2-335	2-335	SER	/mnt/c/Users/drpat/OneDrive - UGent/Desktop/PD/Phospho-fill/Validation-allPDB/pdb_cache/3juh.cif	SER	SER	OG	CB	ok			-160.5117352192599					0.0	0.0	ASN:262	ASN	OD1	6.3065755217991555	HOH:445	O	3.7710744162023917	1.0	2.0	none_obvious			intermediate				0.0	0.0		unmodified
Q13526	3JYJ	A	72	SER_single	1	1	1.87	SER	467		1	51-163	51-163	SER	/mnt/c/Users/drpat/OneDrive - UGent/Desktop/PD/Phospho-fill/Validation-allPDB/pdb_cache/3jyj.cif	SER	SER	OG	CB	ok			-105.08412628144076	ARG:74	ARG	NE	5.558525954293505	0.0	2.0	ASP:112	ASP	OD1	2.8199022762948283	HOH:31	O	4.435740865693535	0.0	47.0	hbond_like			buried				0.0	0.0		unmodified
Q13526	3KAB	A	72	SER_single	1	1	2.19	SER	468		1	7-38,51-163	7-38,51-163	SER	/mnt/c/Users/drpat/OneDrive - UGent/Desktop/PD/Phospho-fill/Validation-allPDB/pdb_cache/3kab.cif	SER	SER	OG	CB	ok			-107.98132442201779	LYS:63	LYS	CE	5.4527157526972045	0.0	2.0	ASP:112	ASP	OD1	2.749777989607305	HOH:223	O	4.426520983179465	0.0	44.0	hbond_like			buried				0.0	0.0		unmodified
Q13526	3KAC	B	72	SER_single	1	1	2.0	SER	469		1	49-163	49-163	SER	/mnt/c/Users/drpat/OneDrive - UGent/Desktop/PD/Phospho-fill/Validation-allPDB/pdb_cache/3kac.cif	SER	SER	OG	CB	ok			-103.60059243093075	ARG:74	ARG	NE	5.749897728697503	0.0	2.0	ASP:112	ASP	OD1	2.632376600020809	HOH:28	O	4.20479389772689	0.0	45.0	hbond_like			buried				0.0	0.0		unmodified
Q13526	3KAD	A	72	SER_single	1	1	1.95	SER	470		1	7-38,51-163	7-38,51-163	SER	/mnt/c/Users/drpat/OneDrive - UGent/Desktop/PD/Phospho-fill/Validation-allPDB/pdb_cache/3kad.cif	SER	SER	OG	CB	ok			-107.03972710542632	LYS:63	LYS	CE	5.679745405274059	0.0	2.0	ASP:112	ASP	OD1	2.6724952489714306	HOH:249	O	4.356795973539759	0.0	46.0	hbond_like			buried				0.0	0.0		unmodified
Q13526	3KAF	A	72	SER_single	1	1	2.3	SER	471		1	7-38,51-163	7-38,51-163	SER	/mnt/c/Users/drpat/OneDrive - UGent/Desktop/PD/Phospho-fill/Validation-allPDB/pdb_cache/3kaf.cif	SER	SER	OG	CB	ok			-107.73090302760876	LYS:63	LYS	NZ	5.442967300167035	0.0	1.0	ASP:112	ASP	OD1	2.9607852028519517	HOH:196	O	5.433300946082627	0.0	43.0	hbond_like			buried				0.0	0.0		unmodified
Q13526	3KAG	A	72	SER_single	1	1	1.9	SER	472		1	7-38,51-163	7-38,51-163	SER	/mnt/c/Users/drpat/OneDrive - UGent/Desktop/PD/Phospho-fill/Validation-allPDB/pdb_cache/3kag.cif	SER	SER	OG	CB	ok			-105.37924875136865	LYS:63	LYS	NZ	5.834472068459083	0.0	2.0	ASP:112	ASP	OD1	2.7652485123111927	HOH:223	O	4.3640010380349485	0.0	46.0	hbond_like			buried				0.0	0.0		unmodified
Q13526	3KAH	A	72	SER_single	1	1	2.3	SER	473		1	7-38,51-163	7-38,51-163	SER	/mnt/c/Users/drpat/OneDrive - UGent/Desktop/PD/Phospho-fill/Validation-allPDB/pdb_cache/3kah.cif	SER	SER	OG	CB	ok			-104.37230691676864	ARG:74	ARG	NE	5.6800109645846595	0.0	2.0	ASP:112	ASP	OD1	2.8066026040343406	HOH:199	O	4.179304971266364	0.0	45.0	hbond_like			buried				0.0	0.0		unmodified
Q13526	3KAI	A	72	SER_single	1	1	1.9	SER	474		1	7-38,51-163	7-38,51-163	SER	/mnt/c/Users/drpat/OneDrive - UGent/Desktop/PD/Phospho-fill/Validation-allPDB/pdb_cache/3kai.cif	SER	SER	OG	CB	ok			-99.78156153649502	LYS:63	LYS	CE	5.82666578529003	0.0	2.0	ASP:112	ASP	OD1	2.760291597233626	HOH:208	O	4.29281683566719	0.0	44.0	hbond_like			buried				0.0	0.0		unmodified
Q13526	3KCE	A	72	SER_single	1	1	1.9	SER	475		1	6-38,51-163	6-38,51-163	SER	/mnt/c/Users/drpat/OneDrive - UGent/Desktop/PD/Phospho-fill/Validation-allPDB/pdb_cache/3kce.cif	SER	SER	OG	CB	ok			-106.60595502515542	ARG:74	ARG	NE	5.889971460500955	0.0	1.0	ASP:112	ASP	OD1	2.700951070924641	HOH:205	O	4.24790641040364	0.0	43.0	hbond_like			buried				0.0	0.0		unmodified
P9WKD3	3M6B	A	84	SER_single	1	1	1.3	SER	412		1	43-307	43-307	SER	/mnt/c/Users/drpat/OneDrive - UGent/Desktop/PD/Phospho-fill/Validation-allPDB/pdb_cache/3m6b.cif	SER	SER	OG	CB	ok			108.80202104643178	LYS:87	LYS	NZ	3.2076136008086453	1.0	2.0	SER:142	SER	OG	3.0112129759492583	HOH:21	O	2.9719097064076956	1.0	48.0	salt_bridge_like			buried				0.0	0.0		unmodified
P9WKD3	3M6H	A	84	SER_single	1	1	1.994	SER	413		1	43-307	43-307	SER	/mnt/c/Users/drpat/OneDrive - UGent/Desktop/PD/Phospho-fill/Validation-allPDB/pdb_cache/3m6h.cif	SER	SER	OG	CB	ok			106.834762435908	LYS:87	LYS	NZ	2.8474992439222735	1.0	2.0	SER:142	SER	OG	2.808119890136965	HOH:373	O	3.1980404966020255	1.0	47.0	salt_bridge_like			buried				0.0	0.0		unmodified
P11309	3MA3	A	276	SER_single	1	1	2.3	SER	155		2	37-45,48-305	37-45,48-305	SER	/mnt/c/Users/drpat/OneDrive - UGent/Desktop/PD/Phospho-fill/Validation-allPDB/pdb_cache/3ma3.cif	SER	SER	OG	CB	ok			-128.05947697285617					0.0	0.0	ASP:277	ASP	OD1	4.267821972839971	HOH:357	O	2.81467071153058	1.0	19.0	water_mediated_like			intermediate	SEP:261	SEP	26.28715295733246	0.0	0.0		unmodified
P68400	3MB7	A	2	SER_single	1	1	1.65	SER	319		1	2-331	2-331	SER	/mnt/c/Users/drpat/OneDrive - UGent/Desktop/PD/Phospho-fill/Validation-allPDB/pdb_cache/3mb7.cif	SER	SER	OG	CB	ok			-117.80118661990345					0.0	0.0	ASN:262	ASN	ND2	6.4031293259905				0.0	4.0	none_obvious			intermediate				0.0	0.0		unmodified
P50750	3MI9	A	306	SER_single	1	1	2.1	SER	278		2	8-88,97-344	8-88,97-344	SER	/mnt/c/Users/drpat/OneDrive - UGent/Desktop/PD/Phospho-fill/Validation-allPDB/pdb_cache/3mi9.cif	SER	SER	OG	CB	ok			-112.06546391250919	HIS:141	HIS	ND1	4.791179761916064	0.0	1.0	HIS:141	HIS	ND1	4.791179761916064	HOH:441	O	3.0326159562879234	2.0	41.0	water_mediated_like			exposed	TPO:186	TPO	21.762752657518003	0.0	0.0		unmodified
P9WKD3	3N6I	A	84	SER_single	1	1	2.0	SER	414		1	43-307	43-307	SER	/mnt/c/Users/drpat/OneDrive - UGent/Desktop/PD/Phospho-fill/Validation-allPDB/pdb_cache/3n6i.cif	SER	SER	OG	CB	ok			103.94958676552395	LYS:87	LYS	NZ	2.8187871846104593	1.0	2.0	LYS:87	LYS	NZ	2.8187871846104593	HOH:575	O	3.009171607398394	2.0	42.0	salt_bridge_like			exposed				0.0	0.0		unmodified
P9WKD3	3N7W	A	84	SER_single	1	1	1.7	SER	415		1	43-307	43-307	SER	/mnt/c/Users/drpat/OneDrive - UGent/Desktop/PD/Phospho-fill/Validation-allPDB/pdb_cache/3n7w.cif	SER	SER	OG	CB	ok			110.56807993951404	LYS:87	LYS	NZ	3.0277029541987432	1.0	2.0	SER:142	SER	OG	2.8434283891625403	HOH:476	O	3.046520254666659	2.0	46.0	salt_bridge_like			exposed				0.0	0.0		unmodified
P9WKD3	3N8L	A	84	SER_single	1	1	1.4	SER	416		1	43-307	43-307	SER	/mnt/c/Users/drpat/OneDrive - UGent/Desktop/PD/Phospho-fill/Validation-allPDB/pdb_cache/3n8l.cif	SER	SER	OG	CB	ok			111.40535259668933	LYS:87	LYS	NZ	2.989374865638497	1.0	2.0	LYS:87	LYS	NZ	2.989374865638497	HOH:568	O	2.8275742149861025	2.0	43.0	salt_bridge_like			exposed				0.0	0.0		unmodified
P9WKD3	3N8R	A	84	SER_single	1	1	1.41	SER	417		1	43-307	43-307	SER	/mnt/c/Users/drpat/OneDrive - UGent/Desktop/PD/Phospho-fill/Validation-allPDB/pdb_cache/3n8r.cif	SER	SER	OG	CB	ok			109.86121277476315	LYS:87	LYS	NZ	3.098489207255321	1.0	2.0	LYS:87	LYS	NZ	3.098489207255321	HOH:19	O	2.8505099188139655	2.0	43.0	salt_bridge_like			exposed				0.0	0.0		unmodified
P9WKD3	3N8S	A	84	SER_single	1	1	2.0	SER	418		1	43-307	43-307	SER	/mnt/c/Users/drpat/OneDrive - UGent/Desktop/PD/Phospho-fill/Validation-allPDB/pdb_cache/3n8s.cif	SER	SER	OG	CB	ok			104.55633153461045	LYS:87	LYS	NZ	2.9130907868874583	1.0	2.0	SER:142	SER	OG	2.7242850535580154	HOH:340	O	3.1394042657362777	2.0	46.0	salt_bridge_like			exposed				0.0	0.0		unmodified
P9WKD3	3NBL	A	84	SER_single	1	1	2.0	SER	419		1	43-183,188-307	43-183,188-307	SER	/mnt/c/Users/drpat/OneDrive - UGent/Desktop/PD/Phospho-fill/Validation-allPDB/pdb_cache/3nbl.cif	SER	SER	OG	CB	ok			117.55004345779135	LYS:87	LYS	NZ	2.917732603250073	1.0	2.0	LYS:87	LYS	NZ	2.917732603250073	HOH:14	O	3.018246923511807	2.0	41.0	salt_bridge_like			exposed				0.0	0.0		unmodified
P9WKD3	3NC8	A	84	SER_single	1	1	1.5	SER	420		1	43-307	43-307	SER	/mnt/c/Users/drpat/OneDrive - UGent/Desktop/PD/Phospho-fill/Validation-allPDB/pdb_cache/3nc8.cif	SER	SER	OG	CB	ok			108.50258127310242	LYS:87	LYS	NZ	3.067962433889653	1.0	2.0	SER:142	SER	OG	3.0356406006124756	HOH:366	O	2.8870828859768745	2.0	40.0	salt_bridge_like			exposed				0.0	0.0		unmodified
P9WKD3	3NDE	A	84	SER_single	1	1	1.7	SER	421		1	43-307	43-307	SER	/mnt/c/Users/drpat/OneDrive - UGent/Desktop/PD/Phospho-fill/Validation-allPDB/pdb_cache/3nde.cif	SER	SER	OG	CB	ok			105.85505383016644	LYS:87	LYS	NZ	2.968959636266221	1.0	2.0	SER:142	SER	OG	2.8323278401512124	HOH:616	O	3.1700283459127383	1.0	46.0	salt_bridge_like			buried				0.0	0.0		unmodified
P9WKD3	3NDG	A	84	SER_single	1	1	1.9	SER	422		1	43-307	43-307	SER	/mnt/c/Users/drpat/OneDrive - UGent/Desktop/PD/Phospho-fill/Validation-allPDB/pdb_cache/3ndg.cif	SER	SER	OG	CB	ok			125.09066303541647	LYS:87	LYS	NZ	3.0780401128568364	1.0	2.0	LYS:87	LYS	NZ	3.0780401128568364	HOH:472	O	3.6264614086015157	1.0	45.0	salt_bridge_like			buried				0.0	0.0		unmodified
P68400	3NSZ	A	2	SER_single	1	1	1.3	SER	320		1	2-328	2-328	SER	/mnt/c/Users/drpat/OneDrive - UGent/Desktop/PD/Phospho-fill/Validation-allPDB/pdb_cache/3nsz.cif	SER	SER	OG	CB	ok			-124.59809492638288					0.0	0.0	ASN:262	ASN	ND2	3.7150886181274094	HOH:592	O	5.797703959824735	0.0	9.0	none_obvious			intermediate				0.0	0.0		unmodified
Q13526	3NTP	A	72	SER_single	1	1	1.762	SER	476		1	6-38,50-163	6-38,50-163	SER	/mnt/c/Users/drpat/OneDrive - UGent/Desktop/PD/Phospho-fill/Validation-allPDB/pdb_cache/3ntp.cif	SER	SER	OG	CB	ok			-100.26403159305647	ARG:74	ARG	NE	6.056406371771232	0.0	0.0	ASP:112	ASP	OD1	2.7161998250554613	HOH:173	O	4.419593088371261	0.0	42.0	hbond_like			buried				0.0	0.0		unmodified
P9WKD3	3NY4	A	84	SER_single	1	1	1.22	SER	423		1	43-307	43-307	SER	/mnt/c/Users/drpat/OneDrive - UGent/Desktop/PD/Phospho-fill/Validation-allPDB/pdb_cache/3ny4.cif	SER	SER	OG	CB	ok			108.71969250458723	LYS:250	LYS	NZ	4.681767497104355	0.0	1.0	GLU:182	GLU	OE2	3.8285030699228724	HOH:332	O	2.6668478674449805	3.0	46.0	water_mediated_like			exposed				0.0	0.0		unmodified
P33284	3O08	B	15	SER_single	1	1	2.0	SER	248		1	7-485	7-485	SER	/mnt/c/Users/drpat/OneDrive - UGent/Desktop/PD/Phospho-fill/Validation-allPDB/pdb_cache/3o08.cif	SER	SER	OG	CB	ok			1.2111581406284433	LYS:378	LYS	NZ	4.898199737925144	0.0	1.0	LYS:378	LYS	NZ	4.898199737925144	HOH:672	O	4.592622900866447	0.0	15.0	none_obvious			intermediate				0.0	0.0		unmodified
P33284	3O1W	A	15	SER_single	1	1	1.66	SER	249		1	2-485	2-485	SER	/mnt/c/Users/drpat/OneDrive - UGent/Desktop/PD/Phospho-fill/Validation-allPDB/pdb_cache/3o1w.cif	SER	SER	OG	CB	ok			-14.063894721650845	LYS:378	LYS	NZ	4.528024131050874	0.0	1.0	LYS:378	LYS	NZ	4.528024131050874	HOH:809	O	4.0997334104146965	0.0	15.0	none_obvious			intermediate				0.0	0.0		unmodified
P33284	3O4W	A	15	SER_single	1	1	1.61	SER	250		1	2-485	2-485	SER	/mnt/c/Users/drpat/OneDrive - UGent/Desktop/PD/Phospho-fill/Validation-allPDB/pdb_cache/3o4w.cif	SER	SER	OG	CB	ok			-12.058786618133057	LYS:378	LYS	NZ	4.837277355166258	0.0	1.0	LYS:378	LYS	NZ	4.837277355166258	HOH:559	O	2.8311972156347784	1.0	19.0	water_mediated_like			intermediate				0.0	0.0		unmodified
P33284	3O5B	A	15	SER_single	1	1	1.97	SER	251		1	7-485	7-485	SER	/mnt/c/Users/drpat/OneDrive - UGent/Desktop/PD/Phospho-fill/Validation-allPDB/pdb_cache/3o5b.cif	SER	SER	OG	CB	ok			-20.74849234954831	LYS:378	LYS	NZ	4.608739417510903	0.0	1.0	LYS:378	LYS	NZ	4.608739417510903	HOH:655	O	4.2170579981969984	0.0	18.0	none_obvious			intermediate				0.0	0.0		unmodified
P33284	3O8M	A	15	SER_single	1	1	1.42	SER	252		1	14-485	14-485	SER	/mnt/c/Users/drpat/OneDrive - UGent/Desktop/PD/Phospho-fill/Validation-allPDB/pdb_cache/3o8m.cif	SER	SER	OG	CB	ok			36.29016753267959	LYS:378	LYS	CE	7.818138935826389	0.0	0.0	ASP:18	ASP	OD1	6.949900127393676	HOH:1045	O	7.137041270955789	0.0	10.0	none_obvious			intermediate				0.0	0.0		unmodified
Q13526	3ODK	A	72	SER_single	1	1	2.3	SER	477		1	7-38,51-163	7-38,51-163	SER	/mnt/c/Users/drpat/OneDrive - UGent/Desktop/PD/Phospho-fill/Validation-allPDB/pdb_cache/3odk.cif	SER	SER	OG	CB	ok			-103.81380367901298	LYS:63	LYS	CE	5.752282995480447	0.0	1.0	ASP:112	ASP	OD1	2.767084038374346	HOH:182	O	6.599368497060176	0.0	44.0	hbond_like			buried				0.0	0.0		unmodified
Q13526	3OOB	A	72	SER_single	1	1	1.89	SER	478		1	6-38,51-163	6-38,51-163	SER	/mnt/c/Users/drpat/OneDrive - UGent/Desktop/PD/Phospho-fill/Validation-allPDB/pdb_cache/3oob.cif	SER	SER	OG	CB	ok			-101.87731347899054	ARG:74	ARG	NE	6.020174713669046	0.0	0.0	ASP:112	ASP	OD1	2.665683142032108	HOH:180	O	4.395859195526478	0.0	46.0	hbond_like			buried				0.0	0.0		unmodified
P68400	3OWK	A	2	SER_single	1	1	1.8	SER	321		1	2-331	2-331	SER	/mnt/c/Users/drpat/OneDrive - UGent/Desktop/PD/Phospho-fill/Validation-allPDB/pdb_cache/3owk.cif	SER	SER	OG	CB	ok			-88.65312577760912					0.0	0.0	ASN:262	ASN	ND2	7.773560151479238				0.0	4.0	none_obvious			intermediate				0.0	0.0		unmodified
P68400	3OWL	A	2	SER_single	1	1	2.1	SER	322		1	2-331	2-331	SER	/mnt/c/Users/drpat/OneDrive - UGent/Desktop/PD/Phospho-fill/Validation-allPDB/pdb_cache/3owl.cif	SER	SER	OG	CB	ok			-140.54029317189597					0.0	0.0								0.0	5.0	none_obvious			intermediate				0.0	0.0		unmodified
P68400	3Q9X	A	2	SER_single	1	1	2.2	SER	323		1	2-331	2-331	SER	/mnt/c/Users/drpat/OneDrive - UGent/Desktop/PD/Phospho-fill/Validation-allPDB/pdb_cache/3q9x.cif	SER	SER	OG	CB	ok			-69.67847118462156					0.0	0.0	ASN:262	ASN	OD1	3.7795298496381395	HOH:418	O	5.678195568510317	0.0	9.0	none_obvious			intermediate				0.0	0.0		unmodified
P68400	3Q9Z	A	2	SER_single	1	1	2.2	SER	324		1	2-333	2-333	SER	/mnt/c/Users/drpat/OneDrive - UGent/Desktop/PD/Phospho-fill/Validation-allPDB/pdb_cache/3q9z.cif	SER	SER	OG	CB	ok			-147.6477474342744					0.0	0.0	ASN:262	ASN	ND2	3.433990612172119	HOH:452	O	3.151066667075669	1.0	8.0	hbond_like			intermediate				0.0	0.0		unmodified
P68400	3QA0	A	2	SER_single	1	1	2.5	SER	325		1	2-331	2-331	SER	/mnt/c/Users/drpat/OneDrive - UGent/Desktop/PD/Phospho-fill/Validation-allPDB/pdb_cache/3qa0.cif	SER	SER	OG	CB	ok			-132.44128155077283					0.0	0.0	ASN:262	ASN	OD1	4.10141184741246				0.0	7.0	none_obvious			intermediate				0.0	0.0		unmodified
Q9P0N9	3QWL	A	124	SER_single	1	1	1.9	SER	707		1	21-292	21-292	SER	/mnt/c/Users/drpat/OneDrive - UGent/Desktop/PD/Phospho-fill/Validation-allPDB/pdb_cache/3qwl.cif	SER	SER	OG	CB	ok			-112.65652096973965					0.0	0.0	SER:122	SER	OG	2.728274234434583	HOH:315	O	4.286937469803449	0.0	16.0	hbond_like			intermediate				0.0	0.0		unmodified
P68400	3RPS	A	2	SER_single	1	1	2.3	SER	326		1	2-335	2-335	SER	/mnt/c/Users/drpat/OneDrive - UGent/Desktop/PD/Phospho-fill/Validation-allPDB/pdb_cache/3rps.cif	SER	SER	OG	CB	ok			119.35296709638392					0.0	0.0	ASN:262	ASN	ND2	5.414057020799813				0.0	4.0	none_obvious			intermediate				0.0	0.0		unmodified
P35557	3S41	A	411	SER_single	1	1	2.18	SER	258		1	12-92,100-458	12-92,100-458	SER	/mnt/c/Users/drpat/OneDrive - UGent/Desktop/PD/Phospho-fill/Validation-allPDB/pdb_cache/3s41.cif	SER	SER	OG	CB	ok			-129.88017528050918					0.0	0.0	THR:228	THR	OG1	5.399711395111865	HOH:520	O	2.5441059126041887	3.0	20.0	water_mediated_like			exposed				0.0	0.0		unmodified
Q13526	3TC5	A	72	SER_single	1	1	1.4	SER	479		1	7-37,51-163	7-37,51-163	SER	/mnt/c/Users/drpat/OneDrive - UGent/Desktop/PD/Phospho-fill/Validation-allPDB/pdb_cache/3tc5.cif	SER	SER	OG	CB	ok			-105.67679874147058	ARG:74	ARG	NE	5.889152844480652	0.0	1.0	ASP:112	ASP	OD1	2.7319110692356636	HOH:222	O	4.3486118668184	0.0	43.0	hbond_like			buried				0.0	0.0		unmodified
Q13526	3TCZ	A	72	SER_single	1	1	2.1	SER	480		1	6-38,51-163	6-38,51-163	SER	/mnt/c/Users/drpat/OneDrive - UGent/Desktop/PD/Phospho-fill/Validation-allPDB/pdb_cache/3tcz.cif	SER	SER	OG	CB	ok			-106.92530268099661	LYS:63	LYS	CE	6.056976814431211	0.0	0.0	ASP:112	ASP	OD1	2.617963267356474	HOH:180	O	4.143111331112852	0.0	42.0	hbond_like			buried				0.0	0.0		unmodified
Q13526	3TDB	A	72	SER_single	1	1	2.267	SER	481		1	6-38,51-163	6-38,51-163	SER	/mnt/c/Users/drpat/OneDrive - UGent/Desktop/PD/Phospho-fill/Validation-allPDB/pdb_cache/3tdb.cif	SER	SER	OG	CB	ok			-107.40187255864085	LYS:63	LYS	NZ	5.824415349169212	0.0	1.0	ASP:112	ASP	OD1	2.6212300930684194	HOH:171	O	4.27250053026974	0.0	44.0	hbond_like			buried				0.0	0.0		unmodified
P31324	3TNP	B	112	SER_single	1	1	2.3	SER	247		1	104-121,130-324,337-393	104-121,130-324,337-393	SER	/mnt/c/Users/drpat/OneDrive - UGent/Desktop/PD/Phospho-fill/Validation-allPDB/pdb_cache/3tnp.cif	SER	SER	OG	CB	ok			113.37118916207854					0.0	0.0					HOH:420	O	3.3998770759018115	1.0	10.0	water_mediated_like			intermediate				0.0	0.0		unmodified
P23874	3TPT	B	150	SER_single	1	1	2.25	SER	236		1	3-183,198-435	3-183,198-435	SER	/mnt/c/Users/drpat/OneDrive - UGent/Desktop/PD/Phospho-fill/Validation-allPDB/pdb_cache/3tpt.cif	SER	SER	OG	CB	ok			-5.814543898492221	ARG:72	ARG	NH2	7.9159370003962515	0.0	0.0	SER:97	SER	OG	4.756461013945803	HOH:510	O	4.206095450884216	0.0	40.0	none_obvious			buried				0.0	0.0		unmodified
P68400	3U4U	A	2	SER_single	1	1	2.2	SER	327		1	2-328	2-328	SER	/mnt/c/Users/drpat/OneDrive - UGent/Desktop/PD/Phospho-fill/Validation-allPDB/pdb_cache/3u4u.cif	SER	SER	OG	CB	ok			-88.8523457894468					0.0	0.0	ASN:262	ASN	OD1	7.325022323450729				0.0	4.0	none_obvious			intermediate				0.0	0.0		unmodified
P35557	3VEV	A	411	SER_single	1	1	1.8	SER	259		1	12-93,99-458	12-93,99-458	SER	/mnt/c/Users/drpat/OneDrive - UGent/Desktop/PD/Phospho-fill/Validation-allPDB/pdb_cache/3vev.cif	SER	SER	OG	CB	ok			-126.24150937018575					0.0	0.0	THR:228	THR	OG1	5.558995297408264	HOH:791	O	2.5658797561529902	4.0	21.0	water_mediated_like			exposed				0.0	0.0		unmodified
P35557	3VF6	A	411	SER_single	1	1	1.86	SER	260		1	12-93,100-458	12-93,100-458	SER	/mnt/c/Users/drpat/OneDrive - UGent/Desktop/PD/Phospho-fill/Validation-allPDB/pdb_cache/3vf6.cif	SER	SER	OG	CB	ok			-120.55365394773305					0.0	0.0	THR:228	THR	OG1	5.574162596486855	HOH:694	O	2.9337748015331857	3.0	21.0	water_mediated_like			exposed				0.0	0.0		unmodified
Q02750	3VVH	A	218	SER_single	1	1	2.0	SER	432		2	62-220,226-275,306-382	62-220,226-275,306-382	SER	/mnt/c/Users/drpat/OneDrive - UGent/Desktop/PD/Phospho-fill/Validation-allPDB/pdb_cache/3vvh.cif	SER	SER	OG	CB	ok			117.38006721196528					0.0	0.0	GLN:214	GLN	NE2	3.1802588669168546				0.0	35.0	hbond_like			buried				0.0	0.0		unmodified
P68400	3WAR	A	2	SER_single	1	1	1.04	SER	328		1	2-335	2-335	SER	/mnt/c/Users/drpat/OneDrive - UGent/Desktop/PD/Phospho-fill/Validation-allPDB/pdb_cache/3war.cif	SER	SER	OG	CB	ok			29.306865747243688					0.0	0.0	ASN:262	ASN	ND2	2.811559713710231	HOH:796	O	3.626043592821313	1.0	10.0	hbond_like			intermediate				0.0	0.0		unmodified
Q13526	3WH0	A	72	SER_single	1	1	1.6	SER	482		1	7-38,51-163	7-38,51-163	SER	/mnt/c/Users/drpat/OneDrive - UGent/Desktop/PD/Phospho-fill/Validation-allPDB/pdb_cache/3wh0.cif	SER	SER	OG	CB	ok			-104.7080898008901	ARG:74	ARG	NE	6.037464687738261	0.0	0.0	ASP:112	ASP	OD1	2.8114680800361147	HOH:328	O	4.241001283918852	0.0	42.0	hbond_like			buried				0.0	0.0		unmodified
P68400	3WIK	A	2	SER_single	1	1	1.995	SER	329		1	2-335	2-335	SER	/mnt/c/Users/drpat/OneDrive - UGent/Desktop/PD/Phospho-fill/Validation-allPDB/pdb_cache/3wik.cif	SER	SER	OG	CB	ok			112.35102224238558					0.0	0.0	ASN:262	ASN	ND2	4.6083893532124725	HOH:597	O	6.636671381125557	0.0	6.0	none_obvious			intermediate				0.0	0.0		unmodified
P68400	3WOW	A	2	SER_single	1	1	2.5	SER	330		1	2-335	2-335	SER	/mnt/c/Users/drpat/OneDrive - UGent/Desktop/PD/Phospho-fill/Validation-allPDB/pdb_cache/3wow.cif	SER	SER	OG	CB	ok			74.93086879243518					0.0	0.0	ASN:262	ASN	ND2	3.069733161215063				0.0	9.0	hbond_like			intermediate				0.0	0.0		unmodified
Q02750	3ZLW	A	218	SER_single	1	1	2.12	SER	433		2	39-220,224-277,307-382	39-220,224-277,307-382	SER	/mnt/c/Users/drpat/OneDrive - UGent/Desktop/PD/Phospho-fill/Validation-allPDB/pdb_cache/3zlw.cif	SER	SER	OG	CB	ok			119.9822700554052					0.0	0.0	GLN:214	GLN	OE1	3.521594827756633				0.0	32.0	none_obvious			buried				0.0	0.0		unmodified
Q02750	3ZLX	A	218	SER_single	1	1	2.2	SER	434		2	39-220,224-277,307-382	39-220,224-277,307-382	SER	/mnt/c/Users/drpat/OneDrive - UGent/Desktop/PD/Phospho-fill/Validation-allPDB/pdb_cache/3zlx.cif	SER	SER	OG	CB	ok			123.07597578654827					0.0	0.0	GLN:214	GLN	OE1	4.826970620395772	HOH:2019	O	5.715062257113244	0.0	34.0	none_obvious			buried				0.0	0.0		unmodified
Q02750	3ZLY	A	218	SER_single	1	1	2.11	SER	435		2	40-77,79-220,224-277,307-382	40-77,79-220,224-277,307-382	SER	/mnt/c/Users/drpat/OneDrive - UGent/Desktop/PD/Phospho-fill/Validation-allPDB/pdb_cache/3zly.cif	SER	SER	OG	CB	ok			122.03796907563624					0.0	0.0	GLN:214	GLN	OE1	3.2758708078399073				0.0	30.0	hbond_like			buried				0.0	0.0		unmodified
Q02750	3ZM4	A	218	SER_single	1	1	2.37	SER	436		2	40-220,225-277,307-351,353-382	40-220,225-277,307-351,353-382	SER	/mnt/c/Users/drpat/OneDrive - UGent/Desktop/PD/Phospho-fill/Validation-allPDB/pdb_cache/3zm4.cif	SER	SER	OG	CB	ok			116.98057887338553					0.0	0.0	GLN:214	GLN	OE1	3.203340894991429				0.0	33.0	hbond_like			buried				0.0	0.0		unmodified
P11309	4A7C	A	276	SER_single	1	1	2.3	SER	156		2	32-305	32-305	SER	/mnt/c/Users/drpat/OneDrive - UGent/Desktop/PD/Phospho-fill/Validation-allPDB/pdb_cache/4a7c.cif	SER	SER	OG	CB	ok			-116.03254205965523	ARG:274	ARG	NE	4.703360243374562	0.0	1.0	ASP:277	ASP	OD1	4.4951504762680665	HOH:2174	O	2.667691636900267	2.0	22.0	water_mediated_like			exposed	SEP:261	SEP	26.707956722237252	0.0	0.0		unmodified
P08200	4AJ3	A	113	SER_single	1	1	1.9	SER	128		1	1-416	1-416	SER	/mnt/c/Users/drpat/OneDrive - UGent/Desktop/PD/Phospho-fill/Validation-allPDB/pdb_cache/4aj3.cif	SER	SER	OG	CB	ok			-7.267140509844685	ARG:119	ARG	NH1	5.74666835962272	0.0	1.0	THR:105	THR	OG1	3.3323031667336442	HOH:2128	O	3.9983602577067914	1.0	34.0	hbond_like			buried				0.0	0.0		unmodified
P08200	4AJA	A	113	SER_single	1	1	1.799	SER	129		1	2-416	2-416	SER	/mnt/c/Users/drpat/OneDrive - UGent/Desktop/PD/Phospho-fill/Validation-allPDB/pdb_cache/4aja.cif	SER	SER	OG	CB	ok			-13.014127684897169	ARG:119	ARG	NH1	6.006888852709117	0.0	0.0	ASN:115	ASN	ND2	4.083892127571568	HOH:2171	O	3.6622683734914085	1.0	31.0	none_obvious			buried				0.0	0.0		unmodified
P08200	4AJB	A	113	SER_single	1	1	1.9	SER	130		1	2-416	2-416	SER	/mnt/c/Users/drpat/OneDrive - UGent/Desktop/PD/Phospho-fill/Validation-allPDB/pdb_cache/4ajb.cif	SER	SER	OG	CB	ok			-16.601759371463718	ARG:119	ARG	NH1	5.701546099575355	0.0	1.0	ASN:115	ASN	OD1	4.3375543537171835	HOH:2172	O	3.9271688755871677	1.0	37.0	none_obvious			buried				0.0	0.0		unmodified
P08200	4AJC	A	113	SER_single	1	1	2.3	SER	131		1	2-416	2-416	SER	/mnt/c/Users/drpat/OneDrive - UGent/Desktop/PD/Phospho-fill/Validation-allPDB/pdb_cache/4ajc.cif	SER	SER	OG	CB	ok			-5.928014956729205	ARG:119	ARG	NH1	5.7798428876092185	0.0	1.0	ASN:115	ASN	OD1	4.284982077533881	HOH:2131	O	4.867874612453645	0.0	32.0	none_obvious			buried				0.0	0.0		unmodified
P08200	4AJS	A	113	SER_single	1	1	1.802	SER	132		1	2-416	2-416	SER	/mnt/c/Users/drpat/OneDrive - UGent/Desktop/PD/Phospho-fill/Validation-allPDB/pdb_cache/4ajs.cif	SER	SER	OG	CB	ok			-15.623652171306446	ARG:119	ARG	NH1	5.8519831522451975	0.0	1.0	ASN:115	ASN	OD1	4.316523704180181	HOH:2188	O	4.337993457995583	0.0	34.0	none_obvious			buried				0.0	0.0		unmodified
P08200	4BNP	A	113	SER_single	1	1	2.0	SER	133		1	2-416	2-416	SER	/mnt/c/Users/drpat/OneDrive - UGent/Desktop/PD/Phospho-fill/Validation-allPDB/pdb_cache/4bnp.cif	SER	SER	OG	CB	ok			-12.87054347878052	ARG:119	ARG	NH1	5.791750227449983	0.0	1.0	ASN:115	ASN	OD1	4.242315930187582	HOH:2525	O	4.53259669408704	0.0	35.0	none_obvious			buried				0.0	0.0		unmodified
P39579	4BPH	A	36	SER_single	1	1	1.8	SER	273		1	1-78	1-78	SER	/mnt/c/Users/drpat/OneDrive - UGent/Desktop/PD/Phospho-fill/Validation-allPDB/pdb_cache/4bph.cif	SER				missing_anchor_or_base																													
P11309	4BZN	A	276	SER_single	1	1	1.9	SER	157		2	33-305	33-305	SER	/mnt/c/Users/drpat/OneDrive - UGent/Desktop/PD/Phospho-fill/Validation-allPDB/pdb_cache/4bzn.cif	SER	SER	OG	CB	ok			-114.21179529837997	ARG:274	ARG	NH2	4.01242388403155	0.0	1.0	ARG:274	ARG	NH2	4.01242388403155	HOH:2153	O	3.4089205504431654	1.0	24.0	water_mediated_like			buried	SEP:261	SEP	26.58589018576544	0.0	0.0		unmodified
P11309	4BZO	A	276	SER_single	1	1	2.1	SER	158		2	33-305	33-305	SER	/mnt/c/Users/drpat/OneDrive - UGent/Desktop/PD/Phospho-fill/Validation-allPDB/pdb_cache/4bzo.cif	SER	SER	OG	CB	ok			-112.07314464736005	ARG:274	ARG	NH2	3.9332878966179923	1.0	1.0	ARG:274	ARG	NH2	3.9332878966179923	HOH:2124	O	3.4772265572264915	1.0	23.0	water_mediated_like			intermediate	SEP:261	SEP	26.87363015499753	0.0	0.0		unmodified
P04150	4CSJ	A	617	SER_single	1	1	2.3	SER	58		2	530-776	530-776	SER	/mnt/c/Users/drpat/OneDrive - UGent/Desktop/PD/Phospho-fill/Validation-allPDB/pdb_cache/4csj.cif	SER	SER	OG	CB	ok			9.083218713990755	HIS:654	HIS	CE1	7.530083910327241	0.0	0.0	SER:616	SER	OG	6.057788328899575				0.0	10.0	none_obvious			intermediate				0.0	0.0		unmodified
P35557	4DCH	A	411	SER_single	1	1	1.79	SER	261		1	9-94,97-153,179-465	9-94,97-153,179-465	SER	/mnt/c/Users/drpat/OneDrive - UGent/Desktop/PD/Phospho-fill/Validation-allPDB/pdb_cache/4dch.cif	SER	SER	OG	CB	ok			-127.31462312507804					0.0	0.0	THR:228	THR	OG1	4.953456805090173	HOH:822	O	3.3453455250602824	1.0	21.0	water_mediated_like			intermediate				0.0	0.0		unmodified
P35557	4DHY	A	411	SER_single	1	1	2.38	SER	262		1	12-92,100-458	12-92,100-458	SER	/mnt/c/Users/drpat/OneDrive - UGent/Desktop/PD/Phospho-fill/Validation-allPDB/pdb_cache/4dhy.cif	SER	SER	OG	CB	ok			-129.309863719721					0.0	0.0	THR:228	THR	OG1	5.4384576277178835	HOH:654	O	2.571223795902041	3.0	20.0	water_mediated_like			exposed				0.0	0.0		unmodified
Q15843	4F8C	B	65	SER_single	1	1	1.95	SER	623		1	1-74	1-74	SER	/mnt/c/Users/drpat/OneDrive - UGent/Desktop/PD/Phospho-fill/Validation-allPDB/pdb_cache/4f8c.cif	SER	SER	OG	CB	ok			102.35212913113118					0.0	0.0	TYR:45	TYR	OH	2.852556537639148	HOH:107	O	4.355248900871335	0.0	37.0	hbond_like			buried				0.0	0.0		unmodified
Q9UBU7	4F99	B	226	SER_single	1	1	2.33	SER	709		1	214-254,294-342	214-254,294-342	SER	/mnt/c/Users/drpat/OneDrive - UGent/Desktop/PD/Phospho-fill/Validation-allPDB/pdb_cache/4f99.cif	SER	SER	OG	CB	ok			-107.95959960721589					0.0	0.0	ASP:224	ASP	OD1	2.8001216837200786				0.0	21.0	hbond_like			intermediate				0.0	0.0		unmodified
Q9UBU7	4F9A	B	226	SER_single	1	1	2.17	SER	710		1	214-254,294-342	214-254,294-342	SER	/mnt/c/Users/drpat/OneDrive - UGent/Desktop/PD/Phospho-fill/Validation-allPDB/pdb_cache/4f9a.cif	SER	SER	OG	CB	ok			-98.49374569233746					0.0	0.0	ASP:224	ASP	OD1	2.602350182533451				0.0	26.0	hbond_like			buried				0.0	0.0		unmodified
Q9UBU7	4F9B	B	226	SER_single	1	1	2.5	SER	711		1	214-254,294-342	214-254,294-342	SER	/mnt/c/Users/drpat/OneDrive - UGent/Desktop/PD/Phospho-fill/Validation-allPDB/pdb_cache/4f9b.cif	SER	SER	OG	CB	ok			-116.93944736820427					0.0	0.0	ASP:224	ASP	OD1	2.841480914100385				0.0	22.0	hbond_like			intermediate				0.0	0.0		unmodified
Q9UBU7	4F9C	B	226	SER_single	1	1	2.08	SER	712		1	214-227,230-254,294-342	214-227,230-254,294-342	SER	/mnt/c/Users/drpat/OneDrive - UGent/Desktop/PD/Phospho-fill/Validation-allPDB/pdb_cache/4f9c.cif	SER	SER	OG	CB	ok			-122.97570521346216					0.0	0.0	ASP:224	ASP	OD1	3.216060655297221				0.0	17.0	hbond_like			intermediate				0.0	0.0		unmodified
Q15843	4FBJ	B	65	SER_single	1	1	1.6	SER	624		1	1-74	1-74	SER	/mnt/c/Users/drpat/OneDrive - UGent/Desktop/PD/Phospho-fill/Validation-allPDB/pdb_cache/4fbj.cif	SER	SER	OG	CB	ok			112.93339809787288					0.0	0.0	TYR:45	TYR	OH	3.184942226989088	HOH:176	O	2.910551953608178	2.0	38.0	hbond_like			exposed				0.0	0.0		unmodified
P68400	4FBX	A	2	SER_single	1	1	2.33	SER	331		1	2-334	2-334	SER	/mnt/c/Users/drpat/OneDrive - UGent/Desktop/PD/Phospho-fill/Validation-allPDB/pdb_cache/4fbx.cif	SER	SER	OG	CB	ok			8.51975362567352					0.0	0.0	ASN:262	ASN	ND2	6.567658168637642				0.0	2.0	none_obvious			intermediate				0.0	0.0		unmodified
Q15637	4FXX	A	82	SER_single	1	1	2.4801	SER	619		2	33-74,81-131	33-74,81-131	SER	/mnt/c/Users/drpat/OneDrive - UGent/Desktop/PD/Phospho-fill/Validation-allPDB/pdb_cache/4fxx.cif	SER	SER	OG	CB	ok			119.34685986216972	ARG:100	ARG	NH2	4.994436766422521	0.0	1.0	ARG:100	ARG	NH2	4.994436766422521	HOH:310	O	2.2456827822195033	1.0	13.0	water_mediated_like			intermediate				0.0	0.0		unmodified
P20906	4GG1	A	26	SER_single	1	1	1.069	SER	207		1	2-526	2-526	SER	/mnt/c/Users/drpat/OneDrive - UGent/Desktop/PD/Phospho-fill/Validation-allPDB/pdb_cache/4gg1.cif	SER	SER	OG	CB	ok			118.11217866707081	HIS:70	HIS	CE1	5.334632885378666	0.0	1.0	HIS:70	HIS	ND1	5.851974965338613	HOH:1059	O	2.7733182898269666	2.0	13.0	water_mediated_like			exposed				0.0	0.0		unmodified
P20906	4GM0	A	26	SER_single	1	1	1.07	SER	208		1	2-526	2-526	SER	/mnt/c/Users/drpat/OneDrive - UGent/Desktop/PD/Phospho-fill/Validation-allPDB/pdb_cache/4gm0.cif	SER	SER	OG	CB	ok			119.11053994384392	HIS:70	HIS	CE1	5.45337840794262	0.0	1.0	HIS:70	HIS	ND1	5.893164423207776	HOH:1010	O	2.8013301490985456	1.0	12.0	water_mediated_like			intermediate				0.0	0.0		unmodified
P20906	4GM1	A	26	SER_single	1	1	1.26	SER	209		1	2-526	2-526	SER	/mnt/c/Users/drpat/OneDrive - UGent/Desktop/PD/Phospho-fill/Validation-allPDB/pdb_cache/4gm1.cif	SER	SER	OG	CB	ok			-129.37527941164888	HIS:70	HIS	CE1	4.1163266775027285	0.0	1.0	ASN:27	ASN	OD1	4.289623242737914	HOH:933	O	2.718899873693972	3.0	21.0	water_mediated_like			exposed				0.0	0.0		unmodified
P20906	4GM4	A	26	SER_single	1	1	1.28	SER	210		1	2-526	2-526	SER	/mnt/c/Users/drpat/OneDrive - UGent/Desktop/PD/Phospho-fill/Validation-allPDB/pdb_cache/4gm4.cif	SER	SER	OG	CB	ok			-127.30696402358045	HIS:70	HIS	CE1	4.192328447190813	0.0	1.0	ASN:27	ASN	OD1	4.232889065691932	HOH:936	O	2.779141027106115	2.0	21.0	water_mediated_like			exposed				0.0	0.0		unmodified
P20906	4GP9	A	26	SER_single	1	1	1.07	SER	211		1	2-526	2-526	SER	/mnt/c/Users/drpat/OneDrive - UGent/Desktop/PD/Phospho-fill/Validation-allPDB/pdb_cache/4gp9.cif	SER	SER	OG	CB	ok			-125.15062600501345	HIS:70	HIS	CE1	4.135009110075699	0.0	1.0	ASN:27	ASN	OD1	4.1915053584327255	HOH:959	O	2.6836961320285253	2.0	20.0	water_mediated_like			exposed				0.0	0.0		unmodified
P20906	4GPE	A	26	SER_single	1	1	1.39	SER	212		1	2-526	2-526	SER	/mnt/c/Users/drpat/OneDrive - UGent/Desktop/PD/Phospho-fill/Validation-allPDB/pdb_cache/4gpe.cif	SER	SER	OG	CB	ok			-120.869017157277	HIS:70	HIS	CE1	4.533917911054046	0.0	1.0	ASN:27	ASN	OD1	4.253023278562895	HOH:879	O	2.7975908800787836	2.0	21.0	water_mediated_like			exposed				0.0	0.0		unmodified
P68400	4GRB	A	2	SER_single	1	1	2.15	SER	332		1	2-328	2-328	SER	/mnt/c/Users/drpat/OneDrive - UGent/Desktop/PD/Phospho-fill/Validation-allPDB/pdb_cache/4grb.cif	SER	SER	OG	CB	ok			-116.34047070689513					0.0	0.0	ASN:262	ASN	OD1	6.003637264787396				0.0	6.0	none_obvious			intermediate				0.0	0.0		unmodified
O43318	4GS6	A	192	SER_single	1	1	2.2	SER	25		2	31-177,191-303	31-177,191-303	SER	/mnt/c/Users/drpat/OneDrive - UGent/Desktop/PD/Phospho-fill/Validation-allPDB/pdb_cache/4gs6.cif	SER	SER	OG	CB	ok			126.52646209934827	LYS:158	LYS	NZ	2.7918681588031204	1.0	1.0	ASP:156	ASP	OD1	2.709704561758204	HOH:723	O	4.1638524018188505	0.0	21.0	salt_bridge_like			intermediate				0.0	0.0		unmodified
P04629	4GT5	A	677	SER_single	1	1	2.398	SER	75		2	498-534,537-548,550-610,614-793	498-534,537-548,550-610,614-793	SER	/mnt/c/Users/drpat/OneDrive - UGent/Desktop/PD/Phospho-fill/Validation-allPDB/pdb_cache/4gt5.cif	SER	SER	OG	CB	ok			-108.80821981122406	ARG:682	ARG	NH2	4.755386508544031	0.0	1.0	ARG:682	ARG	NH2	4.755386508544031	HOH:810	O	2.968868639750404	1.0	22.0	water_mediated_like			intermediate				0.0	0.0		unmodified
P68400	4GUB	A	2	SER_single	1	1	2.2	SER	333		1	2-330	2-330	SER	/mnt/c/Users/drpat/OneDrive - UGent/Desktop/PD/Phospho-fill/Validation-allPDB/pdb_cache/4gub.cif	SER	SER	OG	CB	ok			14.511846509545661					0.0	0.0	GLU:264	GLU	OE1	4.0576991163664555	HOH:643	O	3.145394258400385	2.0	13.0	water_mediated_like			exposed				0.0	0.0		unmodified
P62987	4HJK	A	65	SER_single	1	1	1.784	SER	284		1	1-76	1-76	SER	/mnt/c/Users/drpat/OneDrive - UGent/Desktop/PD/Phospho-fill/Validation-allPDB/pdb_cache/4hjk.cif	SER	SER	OG	CB	ok			110.28537464073659					0.0	0.0	GLN:62	GLN	NE2	6.118805152788548	HOH:202	O	5.690593109552371	0.0	36.0	none_obvious			buried				0.0	0.0		unmodified
P68400	4IB5	C	2	SER_single	1	1	2.2	SER	334		1	2-333	2-333	SER	/mnt/c/Users/drpat/OneDrive - UGent/Desktop/PD/Phospho-fill/Validation-allPDB/pdb_cache/4ib5.cif	SER	SER	OG	CB	ok			0.9655855266342458					0.0	0.0	ASN:262	ASN	ND2	2.914518861046047	HOH:565	O	3.849590164583057	1.0	8.0	hbond_like			intermediate				0.0	0.0		unmodified
Q9Y052	4IQB	A	127	SER_single	1	1	1.13	SER	716		1	24-311	24-311	SER	/mnt/c/Users/drpat/OneDrive - UGent/Desktop/PD/Phospho-fill/Validation-allPDB/pdb_cache/4iqb.cif	SER	SER	OG	CB	ok			99.27513565444787	ARG:117	ARG	NH2	7.327344706913155	0.0	0.0	THR:126	THR	OG1	4.329872465244141	HOH:553	O	3.5002237964623313	1.0	8.0	none_obvious			intermediate				0.0	0.0		unmodified
Q9Y052	4IRR	A	127	SER_single	1	1	2.48	SER	717		1	23-312	23-312	SER	/mnt/c/Users/drpat/OneDrive - UGent/Desktop/PD/Phospho-fill/Validation-allPDB/pdb_cache/4irr.cif	SER	SER	OG	CB	ok			110.75771292052205	ARG:117	ARG	NH1	7.586810667006241	0.0	0.0	THR:126	THR	OG1	4.6023224701324015	HOH:585	O	2.442068635375323	2.0	9.0	water_mediated_like			exposed				0.0	0.0		unmodified
P20906	4JD5	A	26	SER_single	1	1	1.33	SER	213		1	2-526	2-526	SER	/mnt/c/Users/drpat/OneDrive - UGent/Desktop/PD/Phospho-fill/Validation-allPDB/pdb_cache/4jd5.cif	SER	SER	OG	CB	ok			-118.36431822659637	HIS:70	HIS	CE1	4.409916245806215	0.0	1.0	ASN:27	ASN	OD1	4.216009857573827	HOH:850	O	2.7136604445026205	1.0	20.0	water_mediated_like			intermediate				0.0	0.0		unmodified
P9WKD3	4JLF	A	84	SER_single	1	1	2.1	SER	424		1	43-307	43-307	SER	/mnt/c/Users/drpat/OneDrive - UGent/Desktop/PD/Phospho-fill/Validation-allPDB/pdb_cache/4jlf.cif	SER	SER	OG	CB	ok			109.6558075357559	LYS:87	LYS	NZ	2.7912217511851094	1.0	2.0	LYS:87	LYS	NZ	2.7912217511851094	HOH:704	O	2.502589751421102	2.0	40.0	salt_bridge_like			exposed				0.0	0.0		unmodified
P20906	4JU8	A	26	SER_single	1	1	1.251	SER	214		1	2-526	2-526	SER	/mnt/c/Users/drpat/OneDrive - UGent/Desktop/PD/Phospho-fill/Validation-allPDB/pdb_cache/4ju8.cif	SER	SER	OG	CB	ok			-126.11671611342915					0.0	0.0	ASN:27	ASN	OD1	4.145805298256157	HOH:915	O	2.8223746385756363	2.0	20.0	water_mediated_like			exposed				0.0	0.0		unmodified
P20906	4JU9	A	26	SER_single	1	1	1.124	SER	215		1	2-525	2-525	SER	/mnt/c/Users/drpat/OneDrive - UGent/Desktop/PD/Phospho-fill/Validation-allPDB/pdb_cache/4ju9.cif	SER	SER	OG	CB	ok			-120.00407176846487					0.0	0.0	ASN:27	ASN	OD1	3.971839632783061	HOH:1002	O	2.782237015064378	2.0	18.0	water_mediated_like			exposed				0.0	0.0		unmodified
P20906	4JUA	A	26	SER_single	1	1	1.15	SER	216		1	2-526	2-526	SER	/mnt/c/Users/drpat/OneDrive - UGent/Desktop/PD/Phospho-fill/Validation-allPDB/pdb_cache/4jua.cif	SER	SER	OG	CB	ok			120.80996730190824					0.0	0.0	ASN:27	ASN	OD1	5.979170151612529	HOH:715	O	3.3195452489849013	1.0	10.0	water_mediated_like			intermediate				0.0	0.0		unmodified
P20906	4JUB	A	26	SER_single	1	1	1.901	SER	217		1	2-525	2-525	SER	/mnt/c/Users/drpat/OneDrive - UGent/Desktop/PD/Phospho-fill/Validation-allPDB/pdb_cache/4jub.cif	SER	SER	OG	CB	ok			118.73395333410394					0.0	0.0	ASN:27	ASN	OD1	5.822083791236627	HOH:707	O	3.4456069347997595	1.0	9.0	water_mediated_like			intermediate				0.0	0.0		unmodified
P20906	4JUF	A	26	SER_single	1	1	2.148	SER	218		1	2-525	2-525	SER	/mnt/c/Users/drpat/OneDrive - UGent/Desktop/PD/Phospho-fill/Validation-allPDB/pdb_cache/4juf.cif	SER	SER	OG	CB	ok			-121.8967232491738	HIS:70	HIS	CE1	4.249421215276836	0.0	1.0	ASN:27	ASN	OD1	4.244224382582701	HOH:795	O	2.984704154575258	2.0	19.0	water_mediated_like			exposed				0.0	0.0		unmodified
P20906	4K9K	A	26	SER_single	1	1	1.301	SER	219		1	2-525	2-525	SER	/mnt/c/Users/drpat/OneDrive - UGent/Desktop/PD/Phospho-fill/Validation-allPDB/pdb_cache/4k9k.cif	SER	SER	OG	CB	ok			-117.5435287122785	HIS:70	HIS	CE1	4.183732075116503	0.0	1.0	ASN:27	ASN	OD1	4.179440975506242	HOH:917	O	2.742463558287452	2.0	20.0	water_mediated_like			exposed				0.0	0.0		unmodified
P20906	4K9L	A	26	SER_single	1	1	1.649	SER	220		1	2-282,286-526	2-282,286-526	SER	/mnt/c/Users/drpat/OneDrive - UGent/Desktop/PD/Phospho-fill/Validation-allPDB/pdb_cache/4k9l.cif	SER	SER	OG	CB	ok			-122.14927183472838	HIS:70	HIS	CE1	3.9824849157439295	1.0	1.0	ASN:27	ASN	OD1	4.004007205002268	HOH:993	O	2.7392895263873958	1.0	21.0	water_mediated_like			intermediate				0.0	0.0		unmodified
P20906	4K9M	A	26	SER_single	1	1	1.15	SER	221		1	2-524	2-524	SER	/mnt/c/Users/drpat/OneDrive - UGent/Desktop/PD/Phospho-fill/Validation-allPDB/pdb_cache/4k9m.cif	SER	SER	OG	CB	ok			-121.70549079987715	HIS:70	HIS	CE1	4.169522939584267	0.0	1.0	ASN:27	ASN	OD1	4.25552562621217	HOH:795	O	2.6551379505018384	1.0	19.0	water_mediated_like			intermediate				0.0	0.0		unmodified
P20906	4K9N	A	26	SER_single	1	1	1.7	SER	222		1	2-525	2-525	SER	/mnt/c/Users/drpat/OneDrive - UGent/Desktop/PD/Phospho-fill/Validation-allPDB/pdb_cache/4k9n.cif	SER	SER	OG	CB	ok			-115.96579751463152	HIS:70	HIS	CE1	4.262798878156537	0.0	1.0	ASN:27	ASN	OD1	3.9995726960202784	HOH:896	O	2.747244017869417	1.0	19.0	water_mediated_like			intermediate				0.0	0.0		unmodified
P20906	4K9O	A	26	SER_single	1	1	1.888	SER	223		1	2-526	2-526	SER	/mnt/c/Users/drpat/OneDrive - UGent/Desktop/PD/Phospho-fill/Validation-allPDB/pdb_cache/4k9o.cif	SER	SER	OG	CB	ok			-117.10857896694259	HIS:70	HIS	CE1	3.86794660038304	1.0	1.0	ASN:27	ASN	OD1	3.828350190033357	HOH:1046	O	3.9865848327936475	1.0	21.0	none_obvious			intermediate				0.0	0.0		unmodified
P20906	4K9P	A	26	SER_single	1	1	2.244	SER	224		1	2-526	2-526	SER	/mnt/c/Users/drpat/OneDrive - UGent/Desktop/PD/Phospho-fill/Validation-allPDB/pdb_cache/4k9p.cif	SER	SER	OG	CB	ok			-132.83256587699492	HIS:70	HIS	CE1	3.9400590168982395	1.0	1.0	ASN:27	ASN	OD1	4.067247769395057	HOH:859	O	2.897551531645422	1.0	20.0	water_mediated_like			intermediate				0.0	0.0		unmodified
P68400	4KWP	A	2	SER_single	1	1	1.25	SER	335		1	2-330	2-330	SER	/mnt/c/Users/drpat/OneDrive - UGent/Desktop/PD/Phospho-fill/Validation-allPDB/pdb_cache/4kwp.cif	SER	SER	OG	CB	ok			-128.4278087916161					0.0	0.0					HOH:844	O	6.025411492950926	0.0	3.0	none_obvious			intermediate				0.0	0.0		unmodified
P61006	4LHV	A	111	SER_single	1	1	1.95	SER	280		2	6-64,74-176	6-64,74-176	SER	/mnt/c/Users/drpat/OneDrive - UGent/Desktop/PD/Phospho-fill/Validation-allPDB/pdb_cache/4lhv.cif	SER	SER	OG	CB	ok			154.90002791178398					0.0	0.0	ASP:113	ASP	OD1	5.388117231848403	HOH:332	O	2.5435134574489235	2.0	30.0	water_mediated_like			exposed				0.0	0.0		unmodified
P04150	4LSJ	A	617	SER_single	1	1	2.35	SER	59		2	526-702,711-777	526-702,711-777	SER	/mnt/c/Users/drpat/OneDrive - UGent/Desktop/PD/Phospho-fill/Validation-allPDB/pdb_cache/4lsj.cif	SER	SER	OG	CB	ok			118.98584976426699					0.0	0.0	SER:616	SER	OG	7.00377185295194	HOH:921	O	6.893723539953574	0.0	17.0	none_obvious			intermediate				0.0	0.0		unmodified
P62992	4M0W	B	65	SER_single	1	1	1.4	SER	298		1	1-76	1-76	SER	/mnt/c/Users/drpat/OneDrive - UGent/Desktop/PD/Phospho-fill/Validation-allPDB/pdb_cache/4m0w.cif	SER	SER	OG	CB	ok			114.89095192508609					0.0	0.0	GLN:62	GLN	OE1	6.304582545275364	HOH:241	O	2.589976609926433	1.0	35.0	water_mediated_like			buried				0.0	0.0		unmodified
P04150	4MDD	A	617	SER_single	1	1	2.4	SER	60		2	530-776	530-776	SER	/mnt/c/Users/drpat/OneDrive - UGent/Desktop/PD/Phospho-fill/Validation-allPDB/pdb_cache/4mdd.cif	SER	SER	OG	CB	ok			122.3225935046051	HIS:654	HIS	CE1	4.098940318062427	0.0	1.0	HIS:654	HIS	ND1	4.339912184113825	HOH:937	O	6.745940243252524	0.0	24.0	none_obvious			buried				0.0	0.0		unmodified
P20906	4MPP	A	26	SER_single	1	1	1.501	SER	225		1	2-526	2-526	SER	/mnt/c/Users/drpat/OneDrive - UGent/Desktop/PD/Phospho-fill/Validation-allPDB/pdb_cache/4mpp.cif	SER	SER	OG	CB	ok			-124.39309945023966	HIS:70	HIS	CE1	3.9624134887709275	1.0	1.0	ASN:27	ASN	OD1	4.277265261409041	HOH:891	O	2.652782933770665	2.0	22.0	water_mediated_like			exposed				0.0	0.0		unmodified
P20906	4MPR	A	26	SER_single	1	1	1.401	SER	226		1	2-526	2-526	SER	/mnt/c/Users/drpat/OneDrive - UGent/Desktop/PD/Phospho-fill/Validation-allPDB/pdb_cache/4mpr.cif	SER	SER	OG	CB	ok			-121.48881920355699	HIS:70	HIS	CE1	4.058000467204589	0.0	1.0	ASN:27	ASN	OD1	4.153496240721069	HOH:981	O	2.7445236969058393	3.0	21.0	water_mediated_like			exposed				0.0	0.0		unmodified
Q13627	4MQ1	A	301	SER_single	1	1	2.35	SER	564		2	135-480	135-480	SER	/mnt/c/Users/drpat/OneDrive - UGent/Desktop/PD/Phospho-fill/Validation-allPDB/pdb_cache/4mq1.cif	SER	SER	OG	CB	ok			-118.00271911815224	LYS:264	LYS	CE	4.676090119892132	0.0	1.0	GLN:268	GLN	NE2	4.8716128034748705	HOH:759	O	2.47722327721723	1.0	18.0	water_mediated_like			intermediate	PTR:321	PTR	32.50502701180362	0.0	0.0		unmodified
P20906	4MQ5	A	26	SER_single	1	1	1.502	SER	227		1	2-525	2-525	SER	/mnt/c/Users/drpat/OneDrive - UGent/Desktop/PD/Phospho-fill/Validation-allPDB/pdb_cache/4mq5.cif	SER	SER	OG	CB	ok			-117.74564392913915	HIS:70	HIS	CE1	4.352345024437874	0.0	1.0	ASN:27	ASN	OD1	4.17726724847001	HOH:837	O	2.6980642021092	3.0	19.0	water_mediated_like			exposed				0.0	0.0		unmodified
P26276	4MRQ	A	108	SER_single	1	1	1.9	SER	246		1	9-463	9-463	SER	/mnt/c/Users/drpat/OneDrive - UGent/Desktop/PD/Phospho-fill/Validation-allPDB/pdb_cache/4mrq.cif	SER	SER	OG	CB	ok			126.16188041239906	LYS:118	LYS	NZ	3.0004709043512015	1.0	2.0	LYS:118	LYS	NZ	3.0004709043512015	HOH:737	O	4.250002712150855	0.0	41.0	salt_bridge_like			buried				0.0	0.0		unmodified
P20906	4MZX	A	26	SER_single	1	1	1.558	SER	228		1	2-526	2-526	SER	/mnt/c/Users/drpat/OneDrive - UGent/Desktop/PD/Phospho-fill/Validation-allPDB/pdb_cache/4mzx.cif	SER	SER	OG	CB	ok			-115.21566360383285	HIS:70	HIS	CE1	3.907983633523118	1.0	1.0	ASN:27	ASN	OD1	3.792378833188439	HOH:1015	O	2.532163042061446	2.0	22.0	water_mediated_like			exposed				0.0	0.0		unmodified
P11309	4N6Z	A	276	SER_single	1	1	2.2	SER	159		2	33-305	33-305	SER	/mnt/c/Users/drpat/OneDrive - UGent/Desktop/PD/Phospho-fill/Validation-allPDB/pdb_cache/4n6z.cif	SER	SER	OG	CB	ok			-118.35173072764103	ARG:274	ARG	NE	3.01066072106137	1.0	1.0	ARG:274	ARG	NE	3.01066072106137	HOH:547	O	3.429595797531375	1.0	23.0	salt_bridge_like			intermediate	SEP:261	SEP	27.09677312887205	0.0	0.0		unmodified
P11309	4N70	A	276	SER_single	1	1	2.1	SER	160		2	32-306	32-306	SER	/mnt/c/Users/drpat/OneDrive - UGent/Desktop/PD/Phospho-fill/Validation-allPDB/pdb_cache/4n70.cif	SER	SER	OG	CB	ok			-108.34798320467549	ARG:274	ARG	NE	4.040853539974767	0.0	1.0	ARG:274	ARG	NE	4.040853539974767	HOH:553	O	3.513722409853399	1.0	23.0	none_obvious			intermediate	SEP:261	SEP	26.897771308256903	0.0	0.0		unmodified
P35557	4NO7	A	411	SER_single	1	1	1.7	SER	263		1	12-91,100-458	12-91,100-458	SER	/mnt/c/Users/drpat/OneDrive - UGent/Desktop/PD/Phospho-fill/Validation-allPDB/pdb_cache/4no7.cif	SER	SER	OG	CB	ok			-122.74258624376506					0.0	0.0	THR:228	THR	OG1	5.582285688345214	HOH:806	O	2.7196111015802695	5.0	22.0	water_mediated_like			exposed				0.0	0.0		unmodified
O43318	4O91	A	192	SER_single	1	1	2.393	SER	26		2	31-177,191-303	31-177,191-303	SER	/mnt/c/Users/drpat/OneDrive - UGent/Desktop/PD/Phospho-fill/Validation-allPDB/pdb_cache/4o91.cif	SER	SER	OG	CB	ok			113.99156261389739	LYS:158	LYS	NZ	2.6619148497835647	1.0	1.0	ASP:156	ASP	OD1	2.617090417914438	HOH:746	O	4.330374658521812	0.0	20.0	salt_bridge_like			intermediate				0.0	0.0		unmodified
P04150	4P6W	A	617	SER_single	1	1	1.951	SER	61		2	526-777	526-777	SER	/mnt/c/Users/drpat/OneDrive - UGent/Desktop/PD/Phospho-fill/Validation-allPDB/pdb_cache/4p6w.cif	SER	SER	OG	CB	ok			142.4149319564612	HIS:654	HIS	NE2	7.399283374959824	0.0	0.0	SER:616	SER	OG	5.617764336969509	HOH:1006	O	6.916363906959354	0.0	8.0	none_obvious			intermediate				0.0	0.0		unmodified
P04150	4P6X	A	617	SER_single	1	1	2.5	SER	62		2	526-777	526-777	SER	/mnt/c/Users/drpat/OneDrive - UGent/Desktop/PD/Phospho-fill/Validation-allPDB/pdb_cache/4p6x.cif	SER	SER	OG	CB	ok			-104.15219578683507	HIS:654	HIS	CD2	7.506912021001262	0.0	0.0	SER:616	SER	OG	4.5283023771624515	HOH:1062	O	6.361846845448098	0.0	10.0	none_obvious			intermediate				0.0	0.0		unmodified
P62987	4PIG	B	65	SER_single	1	1	1.952	SER	285		1	1-76	1-76	SER	/mnt/c/Users/drpat/OneDrive - UGent/Desktop/PD/Phospho-fill/Validation-allPDB/pdb_cache/4pig.cif	SER	SER	OG	CB	ok			114.04151937518526					0.0	0.0	GLN:62	GLN	OE1	6.1544218857720825	HOH:228	O	3.968066437578041	1.0	31.0	none_obvious			buried				0.0	0.0		unmodified
P62987	4PIH	A	65	SER_single	1	1	1.5	SER	286		1	1-76	1-76	SER	/mnt/c/Users/drpat/OneDrive - UGent/Desktop/PD/Phospho-fill/Validation-allPDB/pdb_cache/4pih.cif	SER	SER	OG	CB	ok			102.68083303322311					0.0	0.0	GLN:62	GLN	NE2	6.225023368924569	HOH:210	O	5.748589772995577	0.0	35.0	none_obvious			buried				0.0	0.0		unmodified
P62987	4PIJ	A	65	SER_single	1	1	1.5	SER	287		1	1-75	1-75	SER	/mnt/c/Users/drpat/OneDrive - UGent/Desktop/PD/Phospho-fill/Validation-allPDB/pdb_cache/4pij.cif	SER	SER	OG	CB	ok			107.75788093335706					0.0	0.0	GLN:62	GLN	OE1	4.789721452884518	HOH:216	O	2.7877046002541737	1.0	34.0	water_mediated_like			buried				0.0	0.0		unmodified
P04629	4PMM	A	677	SER_single	1	1	2.0	SER	76		2	501-533,537-548,552-787	501-533,537-548,552-787	SER	/mnt/c/Users/drpat/OneDrive - UGent/Desktop/PD/Phospho-fill/Validation-allPDB/pdb_cache/4pmm.cif	SER	SER	OG	CB	ok			-106.59395065094927					0.0	0.0	THR:678	THR	OG1	6.014776135299184	HOH:941	O	3.3113873569017587	1.0	20.0	water_mediated_like			intermediate				0.0	0.0		unmodified
P04629	4PMP	A	677	SER_single	1	1	1.8	SER	77		2	501-533,538-547,552-673,675-684,687-787	501-533,538-547,552-673,675-684,687-787	SER	/mnt/c/Users/drpat/OneDrive - UGent/Desktop/PD/Phospho-fill/Validation-allPDB/pdb_cache/4pmp.cif	SER	SER	OG	CB	ok			-105.75904982775117					0.0	0.0	THR:678	THR	OG1	5.9592692409134695	HOH:923	O	3.570091839478361	1.0	16.0	none_obvious			intermediate				0.0	0.0		unmodified
P04629	4PMT	A	677	SER_single	1	1	2.1	SER	78		2	501-532,537-546,556-669,672-683,687-787	501-532,537-546,556-669,672-683,687-787	SER	/mnt/c/Users/drpat/OneDrive - UGent/Desktop/PD/Phospho-fill/Validation-allPDB/pdb_cache/4pmt.cif	SER	SER	OG	CB	ok			61.865666213977455					0.0	0.0	ASP:674	ASP	OD1	4.279241884745217	HOH:919	O	5.993638692354665	0.0	8.0	none_obvious			intermediate				0.0	0.0		unmodified
Q8EIX3	4PU5	A	147	SER_single	1	1	1.834	SER	630		1	1-433	1-433	SER	/mnt/c/Users/drpat/OneDrive - UGent/Desktop/PD/Phospho-fill/Validation-allPDB/pdb_cache/4pu5.cif	SER	SER	OG	CB	ok			-121.57618221539353	ARG:221	ARG	NH1	5.476521932497263	0.0	1.0	ASN:156	ASN	ND2	2.8164539983951418	HOH:621	O	3.5919976061725296	1.0	35.0	hbond_like			buried				0.0	0.0		unmodified
P9WKD3	4Q8I	A	84	SER_single	1	1	1.901	SER	425		1	43-307	43-307	SER	/mnt/c/Users/drpat/OneDrive - UGent/Desktop/PD/Phospho-fill/Validation-allPDB/pdb_cache/4q8i.cif	SER	SER	OG	CB	ok			112.20203328486767	LYS:87	LYS	NZ	3.0052971009538028	1.0	2.0	LYS:87	LYS	NZ	3.0052971009538028	HOH:667	O	2.8783215336528203	1.0	48.0	salt_bridge_like			buried				0.0	0.0		unmodified
P9WKD3	4QB8	A	84	SER_single	1	1	1.758	SER	426		1	42-307	42-307	SER	/mnt/c/Users/drpat/OneDrive - UGent/Desktop/PD/Phospho-fill/Validation-allPDB/pdb_cache/4qb8.cif	SER	SER	OG	CB	ok			1.0508614126738476	LYS:250	LYS	NZ	2.9062765938121253	1.0	1.0	LYS:250	LYS	NZ	2.9062765938121253	HOH:699	O	2.8501687642187346	2.0	43.0	salt_bridge_like			exposed				0.0	0.0		unmodified
P20906	4QEL	A	26	SER_single	1	1	1.432	SER	229		1	2-525	2-525	SER	/mnt/c/Users/drpat/OneDrive - UGent/Desktop/PD/Phospho-fill/Validation-allPDB/pdb_cache/4qel.cif	SER	SER	OG	CB	ok			-125.2133799298131					0.0	0.0	ASN:27	ASN	OD1	4.3782243206723965	HOH:928	O	2.7423453913557028	2.0	16.0	water_mediated_like			exposed				0.0	0.0		unmodified
P9WKD3	4QHC	A	84	SER_single	1	1	1.899	SER	427		1	43-307	43-307	SER	/mnt/c/Users/drpat/OneDrive - UGent/Desktop/PD/Phospho-fill/Validation-allPDB/pdb_cache/4qhc.cif	SER	SER	OG	CB	ok			93.17606412588071	LYS:87	LYS	NZ	2.525208905769304	1.0	2.0	LYS:87	LYS	NZ	2.525208905769304	HOH:501	O	3.163390242935935	1.0	46.0	salt_bridge_like			buried				0.0	0.0		unmodified
Q13526	4QIB	A	72	SER_single	1	1	1.865	SER	483		1	7-38,51-163	7-38,51-163	SER	/mnt/c/Users/drpat/OneDrive - UGent/Desktop/PD/Phospho-fill/Validation-allPDB/pdb_cache/4qib.cif	SER	SER	OG	CB	ok			-100.2596490009988	ARG:74	ARG	NE	5.9429999025780225	0.0	1.0	ASP:112	ASP	OD1	2.6933255063933745	HOH:319	O	4.344146694431479	0.0	46.0	hbond_like			buried				0.0	0.0		unmodified
O43683	4R8Q	A	969	SER_single	1	1	2.31	SER	36		3	736-806,816-931,939-1083	736-806,816-931,939-1083	SER	/mnt/c/Users/drpat/OneDrive - UGent/Desktop/PD/Phospho-fill/Validation-allPDB/pdb_cache/4r8q.cif	SER	SER	OG	CB	ok			-123.49798599604974	LYS:919	LYS	NZ	4.576912168284026	0.0	1.0	LYS:919	LYS	NZ	4.576912168284026	HOH:1605	O	6.400252959504716	0.0	28.0	none_obvious			buried				0.0	0.0		unmodified
P11309	4RC2	A	276	SER_single	1	1	2.096	SER	161		2	33-305	33-305	SER	/mnt/c/Users/drpat/OneDrive - UGent/Desktop/PD/Phospho-fill/Validation-allPDB/pdb_cache/4rc2.cif	SER	SER	OG	CB	ok			-107.0718869177241	ARG:274	ARG	NH2	4.00813824625033	0.0	1.0	ARG:274	ARG	NH2	4.00813824625033				0.0	24.0	none_obvious			buried	SEP:261	SEP	26.709005579636237	0.0	0.0		unmodified
P11309	4RC3	A	276	SER_single	1	1	2.338	SER	162		2	33-47,49-305	33-47,49-305	SER	/mnt/c/Users/drpat/OneDrive - UGent/Desktop/PD/Phospho-fill/Validation-allPDB/pdb_cache/4rc3.cif	SER	SER	OG	CB	ok			-106.35725946804385	ARG:274	ARG	NH2	4.283095619014178	0.0	1.0	ASP:277	ASP	OD1	3.7353581773747386				0.0	24.0	none_obvious			buried	SEP:261	SEP	26.27775397177766	0.0	0.0		unmodified
P62987	4RF1	B	65	SER_single	1	1	2.15	SER	288		1	1-75	1-75	SER	/mnt/c/Users/drpat/OneDrive - UGent/Desktop/PD/Phospho-fill/Validation-allPDB/pdb_cache/4rf1.cif	SER	SER	OG	CB	ok			117.20372853698689					0.0	0.0	THR:66	THR	OG1	7.009927442333779	HOH:208	O	6.088816409177312	0.0	31.0	none_obvious			buried				0.0	0.0		unmodified
P68400	4RLL	A	2	SER_single	1	1	1.85	SER	336		1	2-330	2-330	SER	/mnt/c/Users/drpat/OneDrive - UGent/Desktop/PD/Phospho-fill/Validation-allPDB/pdb_cache/4rll.cif	SER	SER	OG	CB	ok			117.04862621786849					0.0	0.0	ASN:262	ASN	ND2	6.019989757297281	HOH:699	O	2.493805751427918	1.0	3.0	water_mediated_like			intermediate				0.0	0.0		unmodified
Q9NWZ3	4RMZ	A	284	SER_single	1	1	2.2	SER	654		4	165-216,221-336,340-458	165-216,221-336,340-458	SER	/mnt/c/Users/drpat/OneDrive - UGent/Desktop/PD/Phospho-fill/Validation-allPDB/pdb_cache/4rmz.cif	SER	SER	OG	CB	ok			-123.12685062676864	HIS:286	HIS	ND1	4.775131325535266	0.0	1.0	ASP:420	ASP	OD2	4.00551056870857	HOH:647	O	5.516567985565747	0.0	27.0	none_obvious			buried	TPO:345	TPO	40.27024504936621	0.0	0.0		unmodified
Q13526	4TNS	B	72	SER_single	1	1	1.33	SER	484		1	50-163	50-163	SER	/mnt/c/Users/drpat/OneDrive - UGent/Desktop/PD/Phospho-fill/Validation-allPDB/pdb_cache/4tns.cif	SER	SER	OG	CB	ok			-105.35844087302281	ARG:74	ARG	NE	5.862965370753523	0.0	1.0	ASP:112	ASP	OD1	2.7350082665572453	HOH:221	O	4.3321833828022465	0.0	44.0	hbond_like			buried				0.0	0.0		unmodified
Q13526	4TYO	B	72	SER_single	1	1	1.75	SER	485		1	49-163	49-163	SER	/mnt/c/Users/drpat/OneDrive - UGent/Desktop/PD/Phospho-fill/Validation-allPDB/pdb_cache/4tyo.cif	SER	SER	OG	CB	ok			-108.6559012348506	ARG:74	ARG	NE	5.848056795928673	0.0	2.0	ASP:112	ASP	OD1	2.7578880013014664	HOH:313	O	4.251195333338683	0.0	45.0	hbond_like			buried				0.0	0.0		unmodified
P08149	4U3T	A	465	SER_single	1	1	2.2	SER	100		1	237-282,297-541,546-574	237-282,297-541,546-574	SER	/mnt/c/Users/drpat/OneDrive - UGent/Desktop/PD/Phospho-fill/Validation-allPDB/pdb_cache/4u3t.cif	SER	SER	OG	CB	ok			-120.82832993355821	ARG:468	ARG	NH2	4.63963950582613	0.0	2.0	ARG:468	ARG	NH2	4.63963950582613	HOH:629	O	5.758506178587369	0.0	22.0	none_obvious			intermediate				0.0	0.0		unmodified
Q13526	4U84	A	72	SER_single	1	1	1.78	SER	486		1	7-38,51-163	7-38,51-163	SER	/mnt/c/Users/drpat/OneDrive - UGent/Desktop/PD/Phospho-fill/Validation-allPDB/pdb_cache/4u84.cif	SER	SER	OG	CB	ok			-106.8580381324632	ARG:74	ARG	NE	5.843490411255712	0.0	1.0	ASP:112	ASP	OD1	2.7354619445564743	HOH:401	O	4.308711143523719	0.0	43.0	hbond_like			buried				0.0	0.0		unmodified
Q13526	4U85	A	72	SER_single	1	1	1.7	SER	487		1	7-38,51-163	7-38,51-163	SER	/mnt/c/Users/drpat/OneDrive - UGent/Desktop/PD/Phospho-fill/Validation-allPDB/pdb_cache/4u85.cif	SER	SER	OG	CB	ok			-105.76417588271394	ARG:74	ARG	NE	5.887036860147988	0.0	1.0	ASP:112	ASP	OD1	2.73244667076855	HOH:377	O	4.355721801362027	0.0	42.0	hbond_like			buried				0.0	0.0		unmodified
Q13526	4U86	A	72	SER_single	1	1	1.6	SER	488		1	6-37,51-163	6-37,51-163	SER	/mnt/c/Users/drpat/OneDrive - UGent/Desktop/PD/Phospho-fill/Validation-allPDB/pdb_cache/4u86.cif	SER	SER	OG	CB	ok			-108.40902771786615	ARG:74	ARG	NE	5.8086075218927595	0.0	1.0	ASP:112	ASP	OD1	2.8149899085323598	HOH:453	O	4.347552700442507	0.0	42.0	hbond_like			buried				0.0	0.0		unmodified
P68400	4UB7	A	2	SER_single	1	1	2.1	SER	337		1	2-335	2-335	SER	/mnt/c/Users/drpat/OneDrive - UGent/Desktop/PD/Phospho-fill/Validation-allPDB/pdb_cache/4ub7.cif	SER	SER	OG	CB	ok			-3.5284854687226184					0.0	0.0	ASN:262	ASN	ND2	6.164611645515227				0.0	4.0	none_obvious			intermediate				0.0	0.0		unmodified
P04150	4UDC	A	617	SER_single	1	1	2.5	SER	63		2	529-776	529-776	SER	/mnt/c/Users/drpat/OneDrive - UGent/Desktop/PD/Phospho-fill/Validation-allPDB/pdb_cache/4udc.cif	SER	SER	OG	CB	ok			118.38172731675226	HIS:654	HIS	NE2	4.494155516927131	0.0	1.0	HIS:654	HIS	NE2	4.494155516927131				0.0	10.0	none_obvious			intermediate				0.0	0.0		unmodified
P04150	4UDD	A	617	SER_single	1	1	1.8	SER	64		2	529-777	529-777	SER	/mnt/c/Users/drpat/OneDrive - UGent/Desktop/PD/Phospho-fill/Validation-allPDB/pdb_cache/4udd.cif	SER	SER	OG	CB	ok			129.57153129844446	HIS:654	HIS	ND1	4.7448355546987395	0.0	1.0	HIS:654	HIS	ND1	4.7448355546987395	HOH:2104	O	4.852617316815035	0.0	24.0	none_obvious			buried				0.0	0.0		unmodified
P25321	4WIH	A	140	SER_single	1	1	1.139	SER	245		4	1-351	1-351	SER	/mnt/c/Users/drpat/OneDrive - UGent/Desktop/PD/Phospho-fill/Validation-allPDB/pdb_cache/4wih.cif	SER	SER	OG	CB	ok			-106.95914155459683	HIS:143	HIS	ND1	3.5047566264248124	1.0	1.0	HIS:143	HIS	ND1	3.5047566264248124	HOH:637	O	2.676208966374548	2.0	26.0	water_mediated_like			exposed	SEP:11	SEP	31.886347165898272	0.0	0.0		unmodified
O75385	4WNO	A	87	SER_single	1	1	1.56	SER	38		2	8-280	8-280	SER	/mnt/c/Users/drpat/OneDrive - UGent/Desktop/PD/Phospho-fill/Validation-allPDB/pdb_cache/4wno.cif	SER	SER	OG	CB	ok			-116.76133795976294	LYS:50	LYS	CE	7.840827604127686	0.0	0.0	TYR:89	TYR	OH	4.772407068772958	HOH:594	O	2.7613883298686357	3.0	29.0	water_mediated_like			exposed	TPO:180	TPO	25.662173853679768	0.0	0.0		unmodified
O75385	4WNP	A	87	SER_single	1	1	1.88	SER	39		2	7-280	7-280	SER	/mnt/c/Users/drpat/OneDrive - UGent/Desktop/PD/Phospho-fill/Validation-allPDB/pdb_cache/4wnp.cif	SER	SER	OG	CB	ok			-116.52601332068745					0.0	0.0	GLN:82	GLN	OE1	4.7574039180102	HOH:457	O	2.64464316912611	2.0	31.0	water_mediated_like			exposed	TPO:180	TPO	26.23528684470693	0.0	0.0		unmodified
P9WKD3	4X6T	A	84	SER_single	1	1	1.4	SER	428		1	45-307	45-307	SER	/mnt/c/Users/drpat/OneDrive - UGent/Desktop/PD/Phospho-fill/Validation-allPDB/pdb_cache/4x6t.cif	SER	SER	OG	CB	ok			113.67046327069737	LYS:87	LYS	NZ	2.6757177673127135	1.0	2.0	LYS:87	LYS	NZ	2.6757177673127135	HOH:615	O	4.463813815900054	0.0	49.0	salt_bridge_like			buried				0.0	0.0		unmodified
P62987	4XKL	A	65	SER_single	1	1	2.1	SER	289		1	1-76	1-76	SER	/mnt/c/Users/drpat/OneDrive - UGent/Desktop/PD/Phospho-fill/Validation-allPDB/pdb_cache/4xkl.cif	SER	SER	OG	CB	ok			97.98598667622241					0.0	0.0	GLN:62	GLN	NE2	4.607241456465766	HOH:236	O	2.909181258943228	2.0	37.0	water_mediated_like			exposed				0.0	0.0		unmodified
P62992	4Y1H	A	65	SER_single	1	1	1.4	SER	299		1	1-76	1-76	SER	/mnt/c/Users/drpat/OneDrive - UGent/Desktop/PD/Phospho-fill/Validation-allPDB/pdb_cache/4y1h.cif	SER	SER	OG	CB	ok			114.50222519893272					0.0	0.0	THR:66	THR	OG1	6.800586528574536				0.0	33.0	none_obvious			buried				0.0	0.0		unmodified
Q9NWZ3	4Y73	C	284	SER_single	1	1	2.14	SER	655		4	164-337,342-460	164-337,342-460	SER	/mnt/c/Users/drpat/OneDrive - UGent/Desktop/PD/Phospho-fill/Validation-allPDB/pdb_cache/4y73.cif	SER	SER	OG	CB	ok			-109.05149878393246	HIS:286	HIS	ND1	4.66200445556902	0.0	1.0	ASP:420	ASP	OD2	3.751689314409331	HOH:1197	O	3.3973043546349304	2.0	29.0	water_mediated_like			exposed	TPO:342	TPO	36.96717831515577	0.0	0.0		unmodified
P80386	4YEF	B	108	SER_single	1	1	1.72	SER	402		1	76-156	76-156	SER	/mnt/c/Users/drpat/OneDrive - UGent/Desktop/PD/Phospho-fill/Validation-allPDB/pdb_cache/4yef.cif	SER	SER	OG	CB	ok			-117.50981179556796					0.0	0.0	GLN:109	GLN	NE2	4.415496501898582	HOH:360	O	2.948302360580151	3.0	17.0	water_mediated_like			exposed				0.0	0.0		unmodified
Q13627	4YLK	A	301	SER_single	1	1	1.4	SER	565		2	134-407,414-481	134-407,414-481	SER	/mnt/c/Users/drpat/OneDrive - UGent/Desktop/PD/Phospho-fill/Validation-allPDB/pdb_cache/4ylk.cif	SER	SER	OG	CB	ok			-113.85768934488316	LYS:264	LYS	NZ	4.597025377370816	0.0	2.0	GLN:268	GLN	NE2	4.4604525178819525	HOH:1081	O	2.5596749978951587	4.0	27.0	water_mediated_like			exposed	PTR:321	PTR	40.295732321478155	0.0	0.0		unmodified
Q13627	4YLL	A	301	SER_single	1	1	1.4	SER	566		2	134-407,414-481	134-407,414-481	SER	/mnt/c/Users/drpat/OneDrive - UGent/Desktop/PD/Phospho-fill/Validation-allPDB/pdb_cache/4yll.cif	SER	SER	OG	CB	ok			-114.62742353645264	LYS:264	LYS	CE	4.586339431486336	0.0	2.0	GLN:268	GLN	NE2	4.458726035111684	HOH:1087	O	2.5118505512620968	2.0	27.0	water_mediated_like			exposed	PTR:321	PTR	40.2525571362059	0.0	0.0		unmodified
P04629	4YNE	A	677	SER_single	1	1	2.0229	SER	79		2	502-534,537-548,554-671,677-682,687-793	502-534,537-548,554-671,677-682,687-793	SER	/mnt/c/Users/drpat/OneDrive - UGent/Desktop/PD/Phospho-fill/Validation-allPDB/pdb_cache/4yne.cif	SER	SER	OG	CB	ok			26.334392057489193	ARG:654	ARG	NE	5.142163425299364	0.0	1.0	ASP:679	ASP	OD2	3.7750918600840584	HOH:914	O	5.98958574984691	0.0	27.0	none_obvious			buried				0.0	0.0		unmodified
Q9NWZ3	4YO6	A	284	SER_single	1	1	2.32	SER	656		4	163-216,222-337,341-459	163-216,222-337,341-459	SER	/mnt/c/Users/drpat/OneDrive - UGent/Desktop/PD/Phospho-fill/Validation-allPDB/pdb_cache/4yo6.cif	SER	SER	OG	CB	ok			-112.81659568499217	HIS:286	HIS	CD2	4.729751796418897	0.0	1.0	ASP:420	ASP	OD2	3.8164314437669224	HOH:634	O	2.635864692061196	2.0	29.0	water_mediated_like			exposed	TPO:342	TPO	37.070045027096505	0.0	0.0		unmodified
P04629	4YPS	A	677	SER_single	1	1	2.1012	SER	80		2	502-518,522-533,537-546,550-668,671-683,687-790	502-518,522-533,537-546,550-668,671-683,687-790	SER	/mnt/c/Users/drpat/OneDrive - UGent/Desktop/PD/Phospho-fill/Validation-allPDB/pdb_cache/4yps.cif	SER	SER	OG	CB	ok			-123.84770256744648					0.0	0.0	THR:678	THR	OG1	6.029968685761484	HOH:942	O	6.85640942706329	0.0	19.0	none_obvious			intermediate				0.0	0.0		unmodified
P62992	4Z9S	A	65	SER_single	1	1	2.3	SER	300		1	1-75	1-75	SER	/mnt/c/Users/drpat/OneDrive - UGent/Desktop/PD/Phospho-fill/Validation-allPDB/pdb_cache/4z9s.cif	SER	SER	OG	CB	ok			120.9161547358703					0.0	0.0	GLN:62	GLN	OE1	6.662144149054809	HOH:214	O	4.5411059369800855	0.0	32.0	none_obvious			buried				0.0	0.0		unmodified
Q9NWZ3	4ZTL	D	284	SER_single	1	1	2.39	SER	657		4	164-195,197-217,222-337,342-460	164-195,197-217,222-337,342-460	SER	/mnt/c/Users/drpat/OneDrive - UGent/Desktop/PD/Phospho-fill/Validation-allPDB/pdb_cache/4ztl.cif	SER	SER	OG	CB	ok			-113.78080897406763	HIS:286	HIS	ND1	5.1071713570686175	0.0	1.0	ASP:420	ASP	OD2	3.6064272360179066	HOH:629	O	3.265937710328658	1.0	27.0	water_mediated_like			buried	TPO:342	TPO	37.27235842218512	0.0	0.0		unmodified
Q9NWZ3	4ZTN	A	284	SER_single	1	1	2.23	SER	658		4	163-216,221-337,342-459	163-216,221-337,342-459	SER	/mnt/c/Users/drpat/OneDrive - UGent/Desktop/PD/Phospho-fill/Validation-allPDB/pdb_cache/4ztn.cif	SER	SER	OG	CB	ok			-110.7790240652588	HIS:286	HIS	CD2	4.767492851190703	0.0	1.0	ASP:420	ASP	OD2	3.869814350576629	HOH:612	O	2.7613667117153358	2.0	28.0	water_mediated_like			exposed	TPO:342	TPO	37.34821290824017	0.0	0.0		unmodified
Q13627	5A3X	A	301	SER_single	1	1	2.26	SER	567		2	134-408,414-481	134-408,414-481	SER	/mnt/c/Users/drpat/OneDrive - UGent/Desktop/PD/Phospho-fill/Validation-allPDB/pdb_cache/5a3x.cif	SER	SER	OG	CB	ok			-127.0540006646084	LYS:264	LYS	NZ	4.510677844251105	0.0	1.0	LYS:264	LYS	NZ	4.510677844251105	HOH:2042	O	6.366274281652171	0.0	18.0	none_obvious			intermediate	PTR:321	PTR	32.62389802092497	0.0	0.0		unmodified
Q13627	5A4Q	A	301	SER_single	1	1	2.37	SER	568		2	134-408,414-480	134-408,414-480	SER	/mnt/c/Users/drpat/OneDrive - UGent/Desktop/PD/Phospho-fill/Validation-allPDB/pdb_cache/5a4q.cif	SER	SER	OG	CB	ok			-112.38893043462545	LYS:264	LYS	CE	4.638250173209868	0.0	1.0	LYS:264	LYS	NZ	4.651749455152889	HOH:2044	O	2.5126104760078842	1.0	19.0	water_mediated_like			intermediate	PTR:321	PTR	32.352303364461946	0.0	0.0		unmodified
Q13627	5A4T	A	301	SER_single	1	1	2.15	SER	569		2	134-408,414-480	134-408,414-480	SER	/mnt/c/Users/drpat/OneDrive - UGent/Desktop/PD/Phospho-fill/Validation-allPDB/pdb_cache/5a4t.cif	SER	SER	OG	CB	ok			-126.9708039858235	LYS:264	LYS	CE	4.525345344378243	0.0	1.0	LYS:264	LYS	NZ	4.6420176043247565				0.0	17.0	none_obvious			intermediate	PTR:321	PTR	32.587412807185004	0.0	0.0		unmodified
P68400	5B0X	A	2	SER_single	1	1	2.3	SER	338		1	2-330	2-330	SER	/mnt/c/Users/drpat/OneDrive - UGent/Desktop/PD/Phospho-fill/Validation-allPDB/pdb_cache/5b0x.cif	SER	SER	OG	CB	ok			117.7641112316915					0.0	0.0	ASN:262	ASN	ND2	5.457407998027906				0.0	3.0	none_obvious			intermediate				0.0	0.0		unmodified
P62992	5BZ0	B	65	SER_single	1	1	2.1	SER	301		1	1-76	1-76	SER	/mnt/c/Users/drpat/OneDrive - UGent/Desktop/PD/Phospho-fill/Validation-allPDB/pdb_cache/5bz0.cif	SER	SER	OG	CB	ok			107.90526837195138					0.0	0.0	GLN:62	GLN	OE1	6.994383568414994	HOH:236	O	2.8030099355390328	1.0	36.0	water_mediated_like			buried				0.0	0.0		unmodified
O75385	5CI7	A	87	SER_single	1	1	1.74	SER	40		2	3-279	3-279	SER	/mnt/c/Users/drpat/OneDrive - UGent/Desktop/PD/Phospho-fill/Validation-allPDB/pdb_cache/5ci7.cif	SER	SER	OG	CB	ok			-113.33811196168477	LYS:50	LYS	CE	7.653376074734975	0.0	0.0	TYR:89	TYR	OH	4.667645686559081	HOH:546	O	2.7132774395838064	2.0	29.0	water_mediated_like			exposed	TPO:180	TPO	25.16722734293007	0.0	0.0		unmodified
P68400	5CQU	A	2	SER_single	1	1	2.35	SER	339		1	2-329	2-329	SER	/mnt/c/Users/drpat/OneDrive - UGent/Desktop/PD/Phospho-fill/Validation-allPDB/pdb_cache/5cqu.cif	SER	SER	OG	CB	ok			-116.30438727117482					0.0	0.0	ASN:262	ASN	ND2	5.893518613337365	HOH:605	O	5.7593149838983555	0.0	10.0	none_obvious			intermediate				0.0	0.0		unmodified
P20906	5DGD	A	26	SER_single	1	1	1.13	SER	230		1	2-525	2-525	SER	/mnt/c/Users/drpat/OneDrive - UGent/Desktop/PD/Phospho-fill/Validation-allPDB/pdb_cache/5dgd.cif	SER	SER	OG	CB	ok			-117.97746700855505	HIS:70	HIS	CE1	4.429382487971977	0.0	1.0	ASN:27	ASN	OD1	4.237038609925436	HOH:826	O	2.7289382386633783	2.0	20.0	water_mediated_like			exposed				0.0	0.0		unmodified
P20906	5DGT	A	26	SER_single	1	1	1.081	SER	231		1	2-525	2-525	SER	/mnt/c/Users/drpat/OneDrive - UGent/Desktop/PD/Phospho-fill/Validation-allPDB/pdb_cache/5dgt.cif	SER	SER	OG	CB	ok			-124.17948756938691					0.0	0.0	ASN:27	ASN	ND2	4.4248967298762585	HOH:924	O	2.860689458854184	1.0	16.0	water_mediated_like			intermediate				0.0	0.0		unmodified
P11309	5DWR	A	276	SER_single	1	1	2.0	SER	163		2	33-306	33-306	SER	/mnt/c/Users/drpat/OneDrive - UGent/Desktop/PD/Phospho-fill/Validation-allPDB/pdb_cache/5dwr.cif	SER	SER	OG	CB	ok			-119.33058187108196	ARG:274	ARG	NE	4.838115299678706	0.0	1.0	ASP:277	ASP	OD1	4.654347835138204	HOH:708	O	3.4254271450643112	1.0	22.0	water_mediated_like			intermediate	SEP:261	SEP	26.80561548127119	0.0	0.0		unmodified
O43318	5E7R	A	192	SER_single	1	1	2.11	SER	27		2	31-44,48-65,81-177,191-303	31-44,48-65,81-177,191-303	SER	/mnt/c/Users/drpat/OneDrive - UGent/Desktop/PD/Phospho-fill/Validation-allPDB/pdb_cache/5e7r.cif	SER	SER	OG	CB	ok			4.882424783521961	LYS:158	LYS	NZ	4.100441838908028	0.0	1.0	ASP:156	ASP	OD1	3.0378926124622634	HOH:729	O	6.806636749056258	0.0	36.0	hbond_like			buried				0.0	0.0		unmodified
P36871	5EPC	A	117	SER_single	1	1	1.85	SER	266		1	1-506,510-562	1-506,510-562	SER	/mnt/c/Users/drpat/OneDrive - UGent/Desktop/PD/Phospho-fill/Validation-allPDB/pdb_cache/5epc.cif	SER	SER	OG	CB	ok			13.085960658332112	HIS:118	HIS	ND1	3.0759641999249054	1.0	3.0	ASP:288	ASP	OD2	2.901048802988057	HOH:878	O	2.769618094892101	3.0	46.0	salt_bridge_like			exposed				0.0	0.0		unmodified
P36871	5F9C	A	117	SER_single	1	1	2.5	SER	267		1	1-257,265-505,511-562	1-257,265-505,511-562	SER	/mnt/c/Users/drpat/OneDrive - UGent/Desktop/PD/Phospho-fill/Validation-allPDB/pdb_cache/5f9c.cif	SER	SER	OG	CB	ok			35.10129530610122	HIS:118	HIS	ND1	3.428631610832313	1.0	2.0	HIS:118	HIS	ND1	3.428631610832313	HOH:702	O	7.566595967695164	0.0	34.0	salt_bridge_like			buried				0.0	0.0		unmodified
P62992	5FER	C	65	SER_single	1	1	2.34	SER	302		1	1-76	1-76	SER	/mnt/c/Users/drpat/OneDrive - UGent/Desktop/PD/Phospho-fill/Validation-allPDB/pdb_cache/5fer.cif	SER	SER	OG	CB	ok			120.29647156996371	LYS:63	LYS	CE	7.945949021387699	0.0	0.0	GLN:62	GLN	OE1	6.617798042361569				0.0	31.0	none_obvious			buried				0.0	0.0		unmodified
P04150	5G3J	A	617	SER_single	1	1	2.4	SER	65		2	529-776	529-776	SER	/mnt/c/Users/drpat/OneDrive - UGent/Desktop/PD/Phospho-fill/Validation-allPDB/pdb_cache/5g3j.cif	SER	SER	OG	CB	ok			109.93608463987526	HIS:654	HIS	ND1	4.219308017155424	0.0	1.0	HIS:654	HIS	ND1	4.219308017155424				0.0	30.0	none_obvious			buried				0.0	0.0		unmodified
P04150	5G5W	A	617	SER_single	1	1	2.2	SER	66		2	530-776	530-776	SER	/mnt/c/Users/drpat/OneDrive - UGent/Desktop/PD/Phospho-fill/Validation-allPDB/pdb_cache/5g5w.cif	SER	SER	OG	CB	ok			115.42420930829893	HIS:654	HIS	CE1	4.153822971834393	0.0	1.0	HIS:654	HIS	ND1	4.343286942280047	HOH:2060	O	5.36739841583864	0.0	17.0	none_obvious			intermediate				0.0	0.0		unmodified
P68400	5H8E	A	2	SER_single	1	1	2.15	SER	340		1	2-332	2-332	SER	/mnt/c/Users/drpat/OneDrive - UGent/Desktop/PD/Phospho-fill/Validation-allPDB/pdb_cache/5h8e.cif	SER	SER	OG	CB	ok			3.4162882966605963					0.0	0.0	ASN:262	ASN	ND2	4.740648987687955				0.0	7.0	none_obvious			intermediate				0.0	0.0		unmodified
P62987	5HPK	B	65	SER_single	1	1	2.431	SER	290		1	1-75	1-75	SER	/mnt/c/Users/drpat/OneDrive - UGent/Desktop/PD/Phospho-fill/Validation-allPDB/pdb_cache/5hpk.cif	SER	SER	OG	CB	ok			86.11348237042021					0.0	0.0	THR:66	THR	OG1	6.571324547452644				0.0	35.0	none_obvious			buried				0.0	0.0		unmodified
P62987	5HPL	C	65	SER_single	1	1	2.31	SER	291		1	1-77	1-77	SER	/mnt/c/Users/drpat/OneDrive - UGent/Desktop/PD/Phospho-fill/Validation-allPDB/pdb_cache/5hpl.cif	SER	SER	OG	CB	ok			107.44734187095382					0.0	0.0	GLN:62	GLN	OE1	5.976499340894898	HOH:116	O	5.8522166361481975	0.0	37.0	none_obvious			buried				0.0	0.0		unmodified
P62987	5HPS	B	65	SER_single	1	1	2.05	SER	292		1	1-73	1-73	SER	/mnt/c/Users/drpat/OneDrive - UGent/Desktop/PD/Phospho-fill/Validation-allPDB/pdb_cache/5hps.cif	SER	SER	OG	CB	ok			119.15342100201806					0.0	0.0	ASN:60	ASN	OD1	6.116796990469296				0.0	31.0	none_obvious			buried				0.0	0.0		unmodified
P04629	5I8A	A	677	SER_single	1	1	2.33	SER	81		2	501-518,522-531,538-547,556-670,672-683,687-787	501-518,522-531,538-547,556-670,672-683,687-787	SER	/mnt/c/Users/drpat/OneDrive - UGent/Desktop/PD/Phospho-fill/Validation-allPDB/pdb_cache/5i8a.cif	SER	SER	OG	CB	ok			-105.93270838784737					0.0	0.0	THR:678	THR	OG1	6.229250306322215	HOH:927	O	3.2107549954454107	1.0	17.0	water_mediated_like			intermediate				0.0	0.0		unmodified
P08200	5ICD	A	113	SER_single	1	1	2.5	SER	134		1	3-416	3-416	SER	/mnt/c/Users/drpat/OneDrive - UGent/Desktop/PD/Phospho-fill/Validation-allPDB/pdb_cache/5icd.cif	SER	SER	OG	CB	ok			-2.236149507238464	ARG:119	ARG	NH2	6.273159267990602	0.0	0.0	THR:105	THR	OG1	4.598469637364783	HOH:452	O	4.1923311829852	0.0	33.0	none_obvious			buried				0.0	0.0		unmodified
P11309	5IIS	A	276	SER_single	1	1	2.1	SER	164		2	32-305	32-305	SER	/mnt/c/Users/drpat/OneDrive - UGent/Desktop/PD/Phospho-fill/Validation-allPDB/pdb_cache/5iis.cif	SER	SER	OG	CB	ok			-118.63732451354845	ARG:274	ARG	NE	2.855863775909181	1.0	1.0	ARG:274	ARG	NE	2.855863775909181	HOH:623	O	3.1055722873333327	2.0	23.0	salt_bridge_like			exposed	SEP:261	SEP	26.908378122181755	0.0	0.0		unmodified
O43318	5J7S	A	192	SER_single	1	1	2.368	SER	28		2	31-45,48-63,72-93,97-176,191-303	31-45,48-63,72-93,97-176,191-303	SER	/mnt/c/Users/drpat/OneDrive - UGent/Desktop/PD/Phospho-fill/Validation-allPDB/pdb_cache/5j7s.cif	SER	SER	OG	CB	ok			119.62022257920898	LYS:158	LYS	NZ	2.6998257780625563	1.0	1.0	LYS:158	LYS	NZ	2.6998257780625563				0.0	22.0	salt_bridge_like			intermediate				0.0	0.0		unmodified
O43318	5J8I	A	192	SER_single	1	1	2.404	SER	29		2	31-44,47-94,96-175,191-303	31-44,47-94,96-175,191-303	SER	/mnt/c/Users/drpat/OneDrive - UGent/Desktop/PD/Phospho-fill/Validation-allPDB/pdb_cache/5j8i.cif	SER	SER	OG	CB	ok			120.81323893712359	LYS:158	LYS	NZ	2.8371588342824228	1.0	1.0	LYS:158	LYS	NZ	2.8371588342824228				0.0	20.0	salt_bridge_like			intermediate				0.0	0.0		unmodified
P62987	5J8P	A	65	SER_single	1	1	1.554	SER	293		1	1-76	1-76	SER	/mnt/c/Users/drpat/OneDrive - UGent/Desktop/PD/Phospho-fill/Validation-allPDB/pdb_cache/5j8p.cif	SER	SER	OG	CB	ok			115.54508538010369					0.0	0.0	GLN:62	GLN	OE1	5.571976611648329	HOH:209	O	2.5599757186615495	1.0	34.0	water_mediated_like			buried				0.0	0.0		unmodified
P62987	5JBV	A	65	SER_single	1	1	2.104	SER	294		1	1-76	1-76	SER	/mnt/c/Users/drpat/OneDrive - UGent/Desktop/PD/Phospho-fill/Validation-allPDB/pdb_cache/5jbv.cif	SER	SER	OG	CB	ok			111.97276021341261					0.0	0.0	GLN:62	GLN	OE1	6.533017565790206	HOH:217	O	4.126738011443622	0.0	32.0	none_obvious			buried				0.0	0.0		unmodified
O43318	5JGA	A	192	SER_single	1	1	2.0	SER	30		2	31-179,191-303	31-179,191-303	SER	/mnt/c/Users/drpat/OneDrive - UGent/Desktop/PD/Phospho-fill/Validation-allPDB/pdb_cache/5jga.cif	SER	SER	OG	CB	ok			121.32601503433165	LYS:158	LYS	NZ	2.673778719609092	1.0	1.0	ASP:156	ASP	OD1	2.631715482109291	HOH:766	O	2.7909815893797374	2.0	21.0	salt_bridge_like			exposed				0.0	0.0		unmodified
O43318	5JH6	A	192	SER_single	1	1	2.365	SER	31		2	31-47,49-93,97-176,191-303	31-47,49-93,97-176,191-303	SER	/mnt/c/Users/drpat/OneDrive - UGent/Desktop/PD/Phospho-fill/Validation-allPDB/pdb_cache/5jh6.cif	SER	SER	OG	CB	ok			118.9601366034681	LYS:158	LYS	NZ	2.644690478281734	1.0	1.0	LYS:158	LYS	NZ	2.644690478281734				0.0	18.0	salt_bridge_like			intermediate				0.0	0.0		unmodified
O43318	5JK3	A	192	SER_single	1	1	2.371	SER	32		2	31,36-44,50-52,61-65,67-93,98-175,191-303	31,36-44,50-52,61-65,67-93,98-175,191-303	SER	/mnt/c/Users/drpat/OneDrive - UGent/Desktop/PD/Phospho-fill/Validation-allPDB/pdb_cache/5jk3.cif	SER	SER	OG	CB	ok			114.1648951737277	LYS:158	LYS	NZ	2.6317742686661263	1.0	1.0	LYS:158	LYS	NZ	2.6317742686661263				0.0	20.0	salt_bridge_like			intermediate				0.0	0.0		unmodified
Q9NWZ3	5K72	A	284	SER_single	1	1	2.22	SER	659		4	164-216,226-335,343-458	164-216,226-335,343-458	SER	/mnt/c/Users/drpat/OneDrive - UGent/Desktop/PD/Phospho-fill/Validation-allPDB/pdb_cache/5k72.cif	SER	SER	OG	CB	ok			-110.60039039916595	HIS:286	HIS	CD2	4.872385991660763	0.0	1.0	ASP:420	ASP	OD2	3.7291625988541144	HOH:635	O	2.8165823389062177	1.0	28.0	water_mediated_like			buried	TPO:345	TPO	40.529346780739964	0.0	0.0		unmodified
Q9NWZ3	5K75	C	284	SER_single	1	1	2.03	SER	660		4	164-215,221-336,343-458	164-215,221-336,343-458	SER	/mnt/c/Users/drpat/OneDrive - UGent/Desktop/PD/Phospho-fill/Validation-allPDB/pdb_cache/5k75.cif	SER	SER	OG	CB	ok			-113.32042061306906	HIS:286	HIS	CD2	5.035748773701686	0.0	1.0	ASP:420	ASP	OD2	3.7647729291125938	HOH:680	O	3.5997952469636214	1.0	27.0	none_obvious			buried	TPO:345	TPO	40.63054174672126	0.0	0.0		unmodified
Q9NWZ3	5K7G	C	284	SER_single	1	1	2.23	SER	661		4	164-216,220-335,343-458	164-216,220-335,343-458	SER	/mnt/c/Users/drpat/OneDrive - UGent/Desktop/PD/Phospho-fill/Validation-allPDB/pdb_cache/5k7g.cif	SER	SER	OG	CB	ok			-111.10726166634645	HIS:286	HIS	CD2	5.007772417223202	0.0	1.0	ASP:420	ASP	OD2	3.7504797437309447	HOH:660	O	3.5499127675023714	1.0	29.0	none_obvious			buried	TPO:345	TPO	40.4348273357267	0.0	0.0		unmodified
Q9NWZ3	5K7I	A	284	SER_single	1	1	2.31	SER	662		4	164-215,226-252,257-335,343-458	164-215,226-252,257-335,343-458	SER	/mnt/c/Users/drpat/OneDrive - UGent/Desktop/PD/Phospho-fill/Validation-allPDB/pdb_cache/5k7i.cif	SER	SER	OG	CB	ok			-111.95310457442484	HIS:286	HIS	CD2	4.6985219681768955	0.0	1.0	ASP:420	ASP	OD2	3.7366875011189533	HOH:622	O	2.9227724363013374	1.0	29.0	water_mediated_like			buried	TPO:345	TPO	39.94821517069247	0.0	0.0		unmodified
Q9HCE5	5K7M	B	399	SER_single	1	1	1.65	SER	637		1	116-399	116-399	SER	/mnt/c/Users/drpat/OneDrive - UGent/Desktop/PD/Phospho-fill/Validation-allPDB/pdb_cache/5k7m.cif	SER	SER	OG	CB	ok			-127.47268582132946	ARG:298	ARG	NE	6.273083453245634	0.0	0.0	SER:299	SER	OG	5.610622072327377	HOH:682	O	2.878179559976902	1.0	13.0	water_mediated_like			intermediate				0.0	0.0		unmodified
Q9HCE5	5K7U	B	399	SER_single	1	1	1.7	SER	638		1	116-399	116-399	SER	/mnt/c/Users/drpat/OneDrive - UGent/Desktop/PD/Phospho-fill/Validation-allPDB/pdb_cache/5k7u.cif	SER	SER	OG	CB	ok			108.80361266829725	ARG:298	ARG	NE	5.647621828348804	0.0	1.0	ARG:298	ARG	NE	5.647621828348804	HOH:630	O	3.3633516578451346	2.0	11.0	water_mediated_like			exposed				0.0	0.0		unmodified
Q9HCE5	5K7W	B	399	SER_single	1	1	1.65	SER	639		1	116-399	116-399	SER	/mnt/c/Users/drpat/OneDrive - UGent/Desktop/PD/Phospho-fill/Validation-allPDB/pdb_cache/5k7w.cif	SER	SER	OG	CB	ok			115.45922736689435	ARG:298	ARG	NE	5.357371162698572	0.0	1.0	ARG:298	ARG	NE	5.357371162698572	HOH:724	O	3.490477928600287	1.0	12.0	water_mediated_like			intermediate				0.0	0.0		unmodified
P04629	5KMI	A	677	SER_single	1	1	1.87	SER	82		2	486-495,501-547,551-610,614-796	486-495,501-547,551-610,614-796	SER	/mnt/c/Users/drpat/OneDrive - UGent/Desktop/PD/Phospho-fill/Validation-allPDB/pdb_cache/5kmi.cif	SER	SER	OG	CB	ok			-113.05263669050646	ARG:682	ARG	NH2	7.073327164254245	0.0	0.0	THR:678	THR	OG1	5.497448839297863	HOH:1038	O	2.786337095818063	1.0	18.0	water_mediated_like			intermediate				0.0	0.0		unmodified
P04629	5KMJ	A	677	SER_single	1	1	2.04	SER	83		2	486-495,500-548,551-609,614-795	486-495,500-548,551-609,614-795	SER	/mnt/c/Users/drpat/OneDrive - UGent/Desktop/PD/Phospho-fill/Validation-allPDB/pdb_cache/5kmj.cif	SER	SER	OG	CB	ok			-117.40450512203613	ARG:682	ARG	NH2	6.649396288169606	0.0	0.0	THR:678	THR	OG1	5.497867522077354	HOH:1039	O	2.7729641016355187	1.0	18.0	water_mediated_like			intermediate				0.0	0.0		unmodified
P04629	5KMK	A	677	SER_single	1	1	2.24	SER	84		2	484-493,500-547,551-610,613-796	484-493,500-547,551-610,613-796	SER	/mnt/c/Users/drpat/OneDrive - UGent/Desktop/PD/Phospho-fill/Validation-allPDB/pdb_cache/5kmk.cif	SER	SER	OG	CB	ok			-118.9081029347628	ARG:682	ARG	NH2	7.777315301727399	0.0	0.0	THR:678	THR	OG1	5.354940976954459	HOH:1013	O	2.73474915525244	1.0	19.0	water_mediated_like			intermediate				0.0	0.0		unmodified
P04629	5KML	A	677	SER_single	1	1	2.01	SER	85		2	474-479,499-534,537-548,550-608,614-796	474-479,499-534,537-548,550-608,614-796	SER	/mnt/c/Users/drpat/OneDrive - UGent/Desktop/PD/Phospho-fill/Validation-allPDB/pdb_cache/5kml.cif	SER	SER	OG	CB	ok			-109.98256677105401	ARG:682	ARG	NH2	7.2163974193481595	0.0	0.0	THR:678	THR	OG1	5.503824280339335	HOH:1019	O	3.071366994853117	1.0	18.0	water_mediated_like			intermediate				0.0	0.0		unmodified
P04629	5KMM	A	677	SER_single	1	1	2.12	SER	86		2	484-491,500-547,551-610,613-796	484-491,500-547,551-610,613-796	SER	/mnt/c/Users/drpat/OneDrive - UGent/Desktop/PD/Phospho-fill/Validation-allPDB/pdb_cache/5kmm.cif	SER	SER	OG	CB	ok			-118.31693876569673	ARG:682	ARG	NH2	6.81753626185511	0.0	0.0	THR:678	THR	OG1	5.461257283263539	HOH:1011	O	2.692448992173492	1.0	20.0	water_mediated_like			intermediate				0.0	0.0		unmodified
P04629	5KMN	A	677	SER_single	1	1	2.14	SER	87		2	474-479,499-534,537-548,550-608,614-796	474-479,499-534,537-548,550-608,614-796	SER	/mnt/c/Users/drpat/OneDrive - UGent/Desktop/PD/Phospho-fill/Validation-allPDB/pdb_cache/5kmn.cif	SER	SER	OG	CB	ok			-111.64936155116314	ARG:682	ARG	NH2	7.129218052835753	0.0	0.0	THR:678	THR	OG1	5.519232947190955	HOH:1072	O	5.038496644450805	0.0	19.0	none_obvious			intermediate				0.0	0.0		unmodified
P68400	5KU8	B	2	SER_single	1	1	2.22	SER	341		1	2-332	2-332	SER	/mnt/c/Users/drpat/OneDrive - UGent/Desktop/PD/Phospho-fill/Validation-allPDB/pdb_cache/5ku8.cif	SER	SER	OG	CB	ok			-3.1950391860034277					0.0	0.0	ASN:262	ASN	ND2	2.9612175847405706				0.0	9.0	hbond_like			intermediate				0.0	0.0		unmodified
P04629	5KVT	A	677	SER_single	1	1	2.45	SER	88		2	501-532,537-787	501-532,537-787	SER	/mnt/c/Users/drpat/OneDrive - UGent/Desktop/PD/Phospho-fill/Validation-allPDB/pdb_cache/5kvt.cif	SER	SER	OG	CB	ok			-6.236091311234501	ARG:654	ARG	NE	6.237773202958015	0.0	0.0	ASP:679	ASP	OD2	4.133476540332598				0.0	30.0	none_obvious			buried				0.0	0.0		unmodified
P68400	5KWH	A	2	SER_single	1	1	2.12	SER	342		1	2-332	2-332	SER	/mnt/c/Users/drpat/OneDrive - UGent/Desktop/PD/Phospho-fill/Validation-allPDB/pdb_cache/5kwh.cif	SER	SER	OG	CB	ok			20.276869355452867					0.0	0.0	ASN:262	ASN	ND2	4.235968206739487				0.0	6.0	none_obvious			intermediate				0.0	0.0		unmodified
P41743	5LI9	A	484	SER_single	1	1	1.79	SER	274		3	248-453,466-589	248-453,466-589	SER	/mnt/c/Users/drpat/OneDrive - UGent/Desktop/PD/Phospho-fill/Validation-allPDB/pdb_cache/5li9.cif	SER	SER	OG	CB	ok			-116.21097050217418	LYS:349	LYS	NZ	4.968291813325914	0.0	1.0	LYS:349	LYS	NZ	4.968291813325914	HOH:715	O	2.503644505722806	3.0	18.0	water_mediated_like			exposed	TPO:412	TPO	38.04198672747845	0.0	0.0		unmodified
O22476	5LPZ	A	1060	SER_single	1	1	2.48	SER	19		4	866-1086,1095-1124,1126-1160	866-1086,1095-1124,1126-1160	SER	/mnt/c/Users/drpat/OneDrive - UGent/Desktop/PD/Phospho-fill/Validation-allPDB/pdb_cache/5lpz.cif	SER	SER	OG	CB	ok			121.89054462198631	ARG:1062	ARG	NE	4.962586467687176	0.0	1.0	ARG:1062	ARG	NE	4.962586467687176				0.0	17.0	none_obvious			intermediate	SEP:1042	SEP	8.561218581751795	0.0	2.0	TPO:1039@11.13;SEP:1042@8.56	unmodified
P68400	5M4F	A	2	SER_single	1	1	1.519	SER	343		1	2-331	2-331	SER	/mnt/c/Users/drpat/OneDrive - UGent/Desktop/PD/Phospho-fill/Validation-allPDB/pdb_cache/5m4f.cif	SER	SER	OG	CB	ok			-133.3218967764881					0.0	0.0	ASN:262	ASN	ND2	4.478707567723171	HOH:813	O	3.4302233143659575	1.0	7.0	water_mediated_like			intermediate				0.0	0.0		unmodified
P62992	5MN9	B	65	SER_single	1	1	2.05	SER	303		1	1-76	1-76	SER	/mnt/c/Users/drpat/OneDrive - UGent/Desktop/PD/Phospho-fill/Validation-allPDB/pdb_cache/5mn9.cif	SER	SER	OG	CB	ok			112.0452656226652					0.0	0.0	THR:66	THR	OG1	6.9001095195604485				0.0	34.0	none_obvious			buried				0.0	0.0		unmodified
P11309	5N51	A	276	SER_single	1	1	2.118	SER	165		2	33-46,51-305	33-46,51-305	SER	/mnt/c/Users/drpat/OneDrive - UGent/Desktop/PD/Phospho-fill/Validation-allPDB/pdb_cache/5n51.cif	SER	SER	OG	CB	ok			-124.01159100397048					0.0	0.0	ASP:277	ASP	OD1	4.387411548162317	HOH:568	O	2.8888542396237917	1.0	17.0	water_mediated_like			intermediate	SEP:261	SEP	26.642228557299735	0.0	0.0		unmodified
P11309	5N5L	A	276	SER_single	1	1	1.97	SER	166		2	33-80,82-305	33-80,82-305	SER	/mnt/c/Users/drpat/OneDrive - UGent/Desktop/PD/Phospho-fill/Validation-allPDB/pdb_cache/5n5l.cif	SER	SER	OG	CB	ok			-118.38797209990983					0.0	0.0	ASP:277	ASP	OD1	4.344490584388587	HOH:638	O	3.2616267534741668	1.0	17.0	water_mediated_like			intermediate	SEP:261	SEP	26.688830028099574	0.0	0.0		unmodified
P11309	5N5M	A	276	SER_single	1	1	2.21	SER	167		2	33-305	33-305	SER	/mnt/c/Users/drpat/OneDrive - UGent/Desktop/PD/Phospho-fill/Validation-allPDB/pdb_cache/5n5m.cif	SER	SER	OG	CB	ok			-114.11066008388552	ARG:274	ARG	NE	4.124746674692475	0.0	1.0	ARG:274	ARG	NE	4.124746674692475	HOH:621	O	3.321210185625086	1.0	20.0	water_mediated_like			intermediate	SEP:261	SEP	26.55087096590486	0.0	0.0		unmodified
P68400	5N9K	A	2	SER_single	1	1	1.643	SER	344		1	2-330	2-330	SER	/mnt/c/Users/drpat/OneDrive - UGent/Desktop/PD/Phospho-fill/Validation-allPDB/pdb_cache/5n9k.cif	SER	SER	OG	CB	ok			2.496703952309553					0.0	0.0					HOH:598	O	7.156510243730408	0.0	4.0	none_obvious			intermediate				0.0	0.0		unmodified
P68400	5N9L	A	2	SER_single	1	1	1.79	SER	345		1	2-330	2-330	SER	/mnt/c/Users/drpat/OneDrive - UGent/Desktop/PD/Phospho-fill/Validation-allPDB/pdb_cache/5n9l.cif	SER	SER	OG	CB	ok			1.6392691962977333					0.0	0.0	ASN:262	ASN	ND2	6.234230008153059	HOH:650	O	4.432039093726589	0.0	4.0	none_obvious			intermediate				0.0	0.0		unmodified
P68400	5N9N	A	2	SER_single	1	1	1.841	SER	346		1	2-330	2-330	SER	/mnt/c/Users/drpat/OneDrive - UGent/Desktop/PD/Phospho-fill/Validation-allPDB/pdb_cache/5n9n.cif	SER	SER	OG	CB	ok			-123.32354484751791					0.0	0.0	ASN:262	ASN	ND2	7.4210705484939785	HOH:601	O	6.250751454692305	0.0	4.0	none_obvious			intermediate				0.0	0.0		unmodified
P04150	5NFP	A	617	SER_single	1	1	2.1	SER	67		2	530-776	530-776	SER	/mnt/c/Users/drpat/OneDrive - UGent/Desktop/PD/Phospho-fill/Validation-allPDB/pdb_cache/5nfp.cif	SER	SER	OG	CB	ok			112.09604974965929	HIS:654	HIS	CE1	3.825564520593976	1.0	1.0	HIS:654	HIS	ND1	4.272903825464001	HOH:994	O	5.596238845277012	0.0	13.0	none_obvious			intermediate				0.0	0.0		unmodified
P04150	5NFT	A	617	SER_single	1	1	2.3	SER	68		2	529-776	529-776	SER	/mnt/c/Users/drpat/OneDrive - UGent/Desktop/PD/Phospho-fill/Validation-allPDB/pdb_cache/5nft.cif	SER	SER	OG	CB	ok			119.05156369894104	HIS:654	HIS	CE1	3.653373143541629	1.0	1.0	HIS:654	HIS	ND1	4.285527288573781				0.0	12.0	none_obvious			intermediate				0.0	0.0		unmodified
P11309	5O11	A	276	SER_single	1	1	2.4	SER	168		2	34-47,50-305	34-47,50-305	SER	/mnt/c/Users/drpat/OneDrive - UGent/Desktop/PD/Phospho-fill/Validation-allPDB/pdb_cache/5o11.cif	SER	SER	OG	CB	ok			-101.78512991341495					0.0	0.0	ASP:277	ASP	OD1	4.153765605493109	HOH:582	O	3.214357351223657	1.0	18.0	water_mediated_like			intermediate	SEP:261	SEP	26.8140755588102	0.0	0.0		unmodified
P11309	5O12	A	276	SER_single	1	1	2.4	SER	169		2	34-46,51-81,84-305	34-46,51-81,84-305	SER	/mnt/c/Users/drpat/OneDrive - UGent/Desktop/PD/Phospho-fill/Validation-allPDB/pdb_cache/5o12.cif	SER	SER	OG	CB	ok			-107.16932443567129					0.0	0.0	ASP:277	ASP	OD1	4.483407800340898	HOH:531	O	6.0163625595614265	0.0	18.0	none_obvious			intermediate	SEP:261	SEP	26.892577418645082	0.0	0.0		unmodified
P11309	5O13	A	276	SER_single	1	1	2.44	SER	170		2	34-305	34-305	SER	/mnt/c/Users/drpat/OneDrive - UGent/Desktop/PD/Phospho-fill/Validation-allPDB/pdb_cache/5o13.cif	SER	SER	OG	CB	ok			-111.83072468437265					0.0	0.0	ASP:277	ASP	OD1	4.3971438573475865	HOH:590	O	6.060927434690649	0.0	18.0	none_obvious			intermediate	SEP:261	SEP	26.84104355814064	0.0	0.0		unmodified
Q9BYP7	5O1V	A	308	SER_single	1	1	1.723	SER	631		2	134-412	134-412	SER	/mnt/c/Users/drpat/OneDrive - UGent/Desktop/PD/Phospho-fill/Validation-allPDB/pdb_cache/5o1v.cif	SER	SER	OG	CB	ok			-129.17817407289044	LYS:307	LYS	CE	6.4836906541508155	0.0	0.0	LYS:307	LYS	NZ	7.888413786149203	HOH:651	O	7.416449564964679	0.0	10.0	none_obvious			intermediate	SEP:304	SEP	11.407436790886138	0.0	1.0	SEP:304@11.41	unmodified
Q9BYP7	5O21	B	308	SER_single	1	1	2.06	SER	632		2	135-408	135-408	SER	/mnt/c/Users/drpat/OneDrive - UGent/Desktop/PD/Phospho-fill/Validation-allPDB/pdb_cache/5o21.cif	SER	SER	OG	CB	ok			-115.87580822274465	LYS:307	LYS	CE	7.24465544553912	0.0	0.0					HOH:676	O	3.9570286371864904	1.0	26.0	none_obvious			buried	SEP:304	SEP	8.705580621464026	0.0	1.0	SEP:304@8.71	unmodified
Q9BYP7	5O23	B	308	SER_single	1	1	2.25	SER	633		2	132-408	132-408	SER	/mnt/c/Users/drpat/OneDrive - UGent/Desktop/PD/Phospho-fill/Validation-allPDB/pdb_cache/5o23.cif	SER	SER	OG	CB	ok			-121.76659482604391	LYS:307	LYS	CE	7.248516825576178	0.0	0.0	THR:303	THR	OG1	7.893323078623166	HOH:635	O	4.641062990649631	0.0	27.0	none_obvious			buried	SEP:304	SEP	6.152186188180992	1.0	1.0	SEP:304@6.15	unmodified
P68400	5OMY	A	2	SER_single	1	1	1.95	SER	347		1	2-333	2-333	SER	/mnt/c/Users/drpat/OneDrive - UGent/Desktop/PD/Phospho-fill/Validation-allPDB/pdb_cache/5omy.cif	SER	SER	OG	CB	ok			-120.6296162559711					0.0	0.0	ASN:262	ASN	ND2	4.0484671993996075	HOH:536	O	6.842344173259832	0.0	7.0	none_obvious			intermediate				0.0	0.0		unmodified
P68400	5ONI	A	2	SER_single	1	1	2.0	SER	348		1	2-335	2-335	SER	/mnt/c/Users/drpat/OneDrive - UGent/Desktop/PD/Phospho-fill/Validation-allPDB/pdb_cache/5oni.cif	SER	SER	OG	CB	ok			-120.48464916270878					0.0	0.0	ASN:262	ASN	ND2	4.6332292853274115				0.0	7.0	none_obvious			intermediate				0.0	0.0		unmodified
P68400	5OWH	A	2	SER_single	1	1	2.3	SER	349		1	2-335	2-335	SER	/mnt/c/Users/drpat/OneDrive - UGent/Desktop/PD/Phospho-fill/Validation-allPDB/pdb_cache/5owh.cif	SER	SER	OG	CB	ok			120.52817710767091					0.0	0.0	ASN:262	ASN	OD1	6.076141469470032				0.0	3.0	none_obvious			intermediate				0.0	0.0		unmodified
P68400	5OWL	B	2	SER_single	1	1	2.23	SER	350		1	2-333	2-333	SER	/mnt/c/Users/drpat/OneDrive - UGent/Desktop/PD/Phospho-fill/Validation-allPDB/pdb_cache/5owl.cif	SER	SER	OG	CB	ok			-130.19785340447498					0.0	0.0	ASN:262	ASN	ND2	2.565123684394461				0.0	10.0	hbond_like			intermediate				0.0	0.0		unmodified
P68400	5T1H	A	2	SER_single	1	1	2.11	SER	351		1	2-332	2-332	SER	/mnt/c/Users/drpat/OneDrive - UGent/Desktop/PD/Phospho-fill/Validation-allPDB/pdb_cache/5t1h.cif	SER	SER	OG	CB	ok			-132.50529168967375					0.0	0.0	ASN:262	ASN	ND2	2.9929999002451475				0.0	9.0	hbond_like			intermediate				0.0	0.0		unmodified
Q9NWZ3	5T1S	C	284	SER_single	1	1	2.3	SER	663		4	164-215,221-336,342-460	164-215,221-336,342-460	SER	/mnt/c/Users/drpat/OneDrive - UGent/Desktop/PD/Phospho-fill/Validation-allPDB/pdb_cache/5t1s.cif	SER	SER	OG	CB	ok			-112.65136828741974	HIS:286	HIS	CD2	4.752084381881267	0.0	1.0	ASP:420	ASP	OD2	3.8700629480965434	HOH:10016	O	5.880840525835256	0.0	28.0	none_obvious			buried	TPO:342	TPO	37.290614279638476	0.0	0.0		unmodified
Q9NWZ3	5T1T	C	284	SER_single	1	1	2.34	SER	664		4	164-216,221-337,342-460	164-216,221-337,342-460	SER	/mnt/c/Users/drpat/OneDrive - UGent/Desktop/PD/Phospho-fill/Validation-allPDB/pdb_cache/5t1t.cif	SER	SER	OG	CB	ok			-110.1288067103169	HIS:286	HIS	CD2	4.878359809413565	0.0	1.0	ASP:420	ASP	OD2	3.846555575539813	HOH:10004	O	6.179306996454947	0.0	28.0	none_obvious			buried	TPO:342	TPO	37.70096881472359	0.0	0.0		unmodified
Q9KJX5	5TOO	A	79	SER_single	1	1	2.031	SER	648		1	24-372,376-477,480-545	24-372,376-477,480-545	SER	/mnt/c/Users/drpat/OneDrive - UGent/Desktop/PD/Phospho-fill/Validation-allPDB/pdb_cache/5too.cif	SER	SER	OG	CB	ok			140.53655387194877	HIS:486	HIS	CE1	3.8124482657887815	1.0	3.0	HIS:486	HIS	NE2	4.341662139740307	HOH:778	O	4.42811951316427	0.0	25.0	none_obvious			buried				0.0	0.0		unmodified
P04150	5UC3	A	617	SER_single	1	1	2.009	SER	69		2	526-747,767-776	526-747,767-776	SER	/mnt/c/Users/drpat/OneDrive - UGent/Desktop/PD/Phospho-fill/Validation-allPDB/pdb_cache/5uc3.cif	SER	SER	OG	CB	ok			-116.59458224889187	HIS:654	HIS	CE1	5.567375689251044	0.0	1.0	SER:616	SER	OG	5.000819692143651	HOH:939	O	5.699152264708682	0.0	12.0	none_obvious			intermediate				0.0	0.0		unmodified
Q9NWZ3	5UIU	B	284	SER_single	1	1	2.02	SER	665		4	164-336,342-458	164-336,342-458	SER	/mnt/c/Users/drpat/OneDrive - UGent/Desktop/PD/Phospho-fill/Validation-allPDB/pdb_cache/5uiu.cif	SER	SER	OG	CB	ok			-109.1458547184775	HIS:286	HIS	CD2	4.7917600235886075	0.0	1.0	ASP:420	ASP	OD2	3.830678992171187	HOH:4161	O	2.7346078526971382	2.0	27.0	water_mediated_like			exposed	TPO:342	TPO	37.007305035548626	0.0	0.0		unmodified
Q13526	5UY9	A	72	SER_single	1	1	1.85	SER	489		1	6-38,51-163	6-38,51-163	SER	/mnt/c/Users/drpat/OneDrive - UGent/Desktop/PD/Phospho-fill/Validation-allPDB/pdb_cache/5uy9.cif	SER	SER	OG	CB	ok			-98.55735570004606	ARG:74	ARG	NE	5.691377888517657	0.0	1.0	ASP:112	ASP	OD1	2.7712337776185865	HOH:413	O	4.532920843426823	0.0	45.0	hbond_like			buried				0.0	0.0		unmodified
P35557	5V4W	A	411	SER_single	1	1	2.39	SER	264		1	16-93,99-150,180-397,401-464	16-93,99-150,180-397,401-464	SER	/mnt/c/Users/drpat/OneDrive - UGent/Desktop/PD/Phospho-fill/Validation-allPDB/pdb_cache/5v4w.cif	SER	SER	OG	CB	ok			-134.79772222602446	HIS:416	HIS	CD2	6.121734044150118	0.0	0.0	THR:228	THR	OG1	5.187527199991687	HOH:778	O	3.32046029602597	1.0	21.0	water_mediated_like			intermediate				0.0	0.0		unmodified
O43318	5V5N	A	192	SER_single	1	1	2.006	SER	33		2	31-178,191-303	31-178,191-303	SER	/mnt/c/Users/drpat/OneDrive - UGent/Desktop/PD/Phospho-fill/Validation-allPDB/pdb_cache/5v5n.cif	SER	SER	OG	CB	ok			120.17882049962789	LYS:158	LYS	NZ	2.691214142987448	1.0	1.0	LYS:158	LYS	NZ	2.691214142987448	HOH:683	O	5.121627694580284	0.0	22.0	salt_bridge_like			intermediate				0.0	0.0		unmodified
P36871	5VEC	A	117	SER_single	1	1	2.20001616144	SER	268		1	1-562	1-562	SER	/mnt/c/Users/drpat/OneDrive - UGent/Desktop/PD/Phospho-fill/Validation-allPDB/pdb_cache/5vec.cif	SER	SER	OG	CB	ok			5.440008057013063	HIS:118	HIS	ND1	3.561543349124049	1.0	3.0	ASP:288	ASP	OD2	2.841110844842413	HOH:766	O	2.579809374661342	3.0	43.0	hbond_like			exposed				0.0	0.0		unmodified
P36871	5VG7	B	117	SER_single	1	1	1.95000322932	SER	269		1	1-213,215-562	1-213,215-562	SER	/mnt/c/Users/drpat/OneDrive - UGent/Desktop/PD/Phospho-fill/Validation-allPDB/pdb_cache/5vg7.cif	SER	SER	OG	CB	ok			-4.148561464673835	HIS:118	HIS	ND1	3.0388703844639915	1.0	2.0	HIS:118	HIS	ND1	3.0388703844639915	HOH:763	O	2.622055571550757	3.0	35.0	salt_bridge_like			exposed				0.0	0.0		unmodified
P00517	5VI9	A	140	SER_single	1	1	1.95	SER	49		4	15-41,48-317,342-351	15-41,48-317,342-351	SER	/mnt/c/Users/drpat/OneDrive - UGent/Desktop/PD/Phospho-fill/Validation-allPDB/pdb_cache/5vi9.cif	SER	SER	OG	CB	ok			-105.56140755575315	HIS:143	HIS	ND1	4.935544248685419	0.0	1.0	HIS:143	HIS	ND1	4.935544248685419	HOH:574	O	2.7581670230763673	2.0	24.0	water_mediated_like			exposed	TPO:198	TPO	36.42680658681786	0.0	0.0		unmodified
P00517	5VIB	A	140	SER_single	1	1	2.37	SER	50		4	19-317,327-331,347-351	19-317,327-331,347-351	SER	/mnt/c/Users/drpat/OneDrive - UGent/Desktop/PD/Phospho-fill/Validation-allPDB/pdb_cache/5vib.cif	SER	SER	OG	CB	ok			-117.26380473222027	HIS:143	HIS	ND1	5.04442703944761	0.0	1.0	HIS:143	HIS	ND1	5.04442703944761	HOH:552	O	3.609363415402856	1.0	24.0	none_obvious			buried	TPO:198	TPO	36.6881711869389	0.0	0.0		unmodified
Q9HW02	5VVW	A	82	SER_single	1	1	2.3	SER	643		1	16-319	16-319	SER	/mnt/c/Users/drpat/OneDrive - UGent/Desktop/PD/Phospho-fill/Validation-allPDB/pdb_cache/5vvw.cif	SER				missing_anchor_or_base																													
Q9NWZ3	5W85	B	284	SER_single	1	1	2.25	SER	666		4	164-194,197-215,224-336,341-459	164-194,197-215,224-336,341-459	SER	/mnt/c/Users/drpat/OneDrive - UGent/Desktop/PD/Phospho-fill/Validation-allPDB/pdb_cache/5w85.cif	SER	SER	OG	CB	ok			-114.485901324343	HIS:286	HIS	CD2	5.05932766070886	0.0	1.0	ASP:420	ASP	OD2	3.7140336143901864	HOH:4124	O	2.7861925542523713	1.0	28.0	water_mediated_like			buried	TPO:342	TPO	37.29882871286148	0.0	0.0		unmodified
P62992	5XU8	B	65	SER_single	1	1	1.81	SER	304		1	1-76	1-76	SER	/mnt/c/Users/drpat/OneDrive - UGent/Desktop/PD/Phospho-fill/Validation-allPDB/pdb_cache/5xu8.cif	SER	SER	OG	CB	ok			108.802158359801					0.0	0.0	THR:66	THR	OG1	6.861238964338532	HOH:220	O	3.2785420493279185	1.0	31.0	water_mediated_like			buried				0.0	0.0		unmodified
P62992	5XVE	B	65	SER_single	1	1	1.24	SER	305		1	1-76	1-76	SER	/mnt/c/Users/drpat/OneDrive - UGent/Desktop/PD/Phospho-fill/Validation-allPDB/pdb_cache/5xve.cif	SER	SER	OG	CB	ok			119.72878292036643					0.0	0.0	GLN:62	GLN	NE2	6.893049103563528	HOH:144	O	2.886603803935092	1.0	33.0	water_mediated_like			buried				0.0	0.0		unmodified
P68400	6A1C	A	2	SER_single	1	1	1.68	SER	352		1	2-335	2-335	SER	/mnt/c/Users/drpat/OneDrive - UGent/Desktop/PD/Phospho-fill/Validation-allPDB/pdb_cache/6a1c.cif	SER	SER	OG	CB	ok			127.17976591597811					0.0	0.0	ASN:262	ASN	ND2	5.047500449817611	HOH:528	O	5.789688638034939	0.0	2.0	none_obvious			intermediate				0.0	0.0		unmodified
Q13627	6A1F	A	301	SER_single	1	1	1.5	SER	570		2	134-409,414-483	134-409,414-483	SER	/mnt/c/Users/drpat/OneDrive - UGent/Desktop/PD/Phospho-fill/Validation-allPDB/pdb_cache/6a1f.cif	SER	SER	OG	CB	ok			-109.87988540516294	LYS:264	LYS	NZ	4.673411330871966	0.0	1.0	GLN:268	GLN	NE2	4.339140615869946	HOH:1038	O	3.588112961105886	1.0	27.0	none_obvious			buried	PTR:321	PTR	40.17721508066536	0.0	0.0		unmodified
Q13627	6A1G	A	301	SER_single	1	1	2.15	SER	571		2	134-297,300-406,414-480	134-297,300-406,414-480	SER	/mnt/c/Users/drpat/OneDrive - UGent/Desktop/PD/Phospho-fill/Validation-allPDB/pdb_cache/6a1g.cif	SER	SER	OG	CB	ok			-128.7884677979244	LYS:264	LYS	CE	4.868819387183587	0.0	1.0	GLN:268	GLN	NE2	4.438066105670977				0.0	23.0	none_obvious			intermediate	PTR:321	PTR	32.02100703670554	0.0	0.0		unmodified
P04629	6D1Z	A	677	SER_single	1	1	1.87	SER	89		2	483-492,501-607,620-682,687-796	483-492,501-607,620-682,687-796	SER	/mnt/c/Users/drpat/OneDrive - UGent/Desktop/PD/Phospho-fill/Validation-allPDB/pdb_cache/6d1z.cif	SER	SER	OG	CB	ok			-118.61304150930481					0.0	0.0	THR:678	THR	OG1	6.042156219758485	HOH:1052	O	3.409604391390764	2.0	20.0	water_mediated_like			exposed				0.0	0.0		unmodified
P04629	6D20	A	677	SER_single	1	1	1.94	SER	90		2	482-493,500-608,620-684,687-796	482-493,500-608,620-684,687-796	SER	/mnt/c/Users/drpat/OneDrive - UGent/Desktop/PD/Phospho-fill/Validation-allPDB/pdb_cache/6d20.cif	SER	SER	OG	CB	ok			-124.95299162995644					0.0	0.0	THR:678	THR	OG1	6.347962957841435	HOH:1071	O	3.3852795780189955	1.0	21.0	water_mediated_like			intermediate				0.0	0.0		unmodified
P04629	6D22	A	677	SER_single	1	1	2.46	SER	91		2	502-794	502-794	SER	/mnt/c/Users/drpat/OneDrive - UGent/Desktop/PD/Phospho-fill/Validation-allPDB/pdb_cache/6d22.cif	SER	SER	OG	CB	ok			-127.1738390156119					0.0	0.0	THR:678	THR	OG1	5.687563564259089	HOH:855	O	6.722179943286411	0.0	21.0	none_obvious			intermediate				0.0	0.0		unmodified
P04629	6DKI	A	677	SER_single	1	1	2.11	SER	92		2	500-607,620-670,673-682,687-796	500-607,620-670,673-682,687-796	SER	/mnt/c/Users/drpat/OneDrive - UGent/Desktop/PD/Phospho-fill/Validation-allPDB/pdb_cache/6dki.cif	SER	SER	OG	CB	ok			-124.3754272679941					0.0	0.0	ASP:674	ASP	OD1	5.512513049393847				0.0	18.0	none_obvious			intermediate				0.0	0.0		unmodified
Q13526	6DUN	A	72	SER_single	1	1	1.59	SER	490		1	49-163	49-163	SER	/mnt/c/Users/drpat/OneDrive - UGent/Desktop/PD/Phospho-fill/Validation-allPDB/pdb_cache/6dun.cif	SER	SER	OG	CB	ok			-101.27722453559973	ARG:74	ARG	NE	5.83633495017544	0.0	2.0	ASP:112	ASP	OD2	2.681455745146394	HOH:4114	O	4.243615631006612	0.0	45.0	hbond_like			buried				0.0	0.0		unmodified
P35557	6E0I	A	411	SER_single	1	1	1.9	SER	265		1	1-66,69-92,101-458	1-66,69-92,101-458	SER	/mnt/c/Users/drpat/OneDrive - UGent/Desktop/PD/Phospho-fill/Validation-allPDB/pdb_cache/6e0i.cif	SER	SER	OG	CB	ok			-123.32636023129761					0.0	0.0	THR:228	THR	OG1	5.491884108602165	HOH:635	O	2.6472086629106757	3.0	24.0	water_mediated_like			exposed				0.0	0.0		unmodified
P62992	6E2B	A	65	SER_single	1	1	1.45	SER	306		1	1-76	1-76	SER	/mnt/c/Users/drpat/OneDrive - UGent/Desktop/PD/Phospho-fill/Validation-allPDB/pdb_cache/6e2b.cif	SER	SER	OG	CB	ok			115.18018056032575					0.0	0.0	GLN:62	GLN	NE2	5.860433221573769	HOH:267	O	3.812416868181756	1.0	41.0	none_obvious			buried				0.0	0.0		unmodified
P00517	6E99	A	140	SER_single	1	1	1.88	SER	51		4	19-351	19-351	SER	/mnt/c/Users/drpat/OneDrive - UGent/Desktop/PD/Phospho-fill/Validation-allPDB/pdb_cache/6e99.cif	SER	SER	OG	CB	ok			-110.91570965428356	HIS:143	HIS	ND1	4.728696175243674	0.0	1.0	HIS:143	HIS	ND1	4.728696175243674	HOH:736	O	2.7276629838063404	3.0	24.0	water_mediated_like			exposed	TPO:198	TPO	36.97554163826326	0.0	0.0		unmodified
Q9NWZ3	6EG9	A	284	SER_single	1	1	2.414	SER	667		4	164-217,221-331,349-459	164-217,221-331,349-459	SER	/mnt/c/Users/drpat/OneDrive - UGent/Desktop/PD/Phospho-fill/Validation-allPDB/pdb_cache/6eg9.cif	SER	SER	OG	CB	ok			-111.54030863806095	HIS:286	HIS	CD2	5.602736370319497	0.0	1.0	ASP:420	ASP	OD2	3.83686108573383				0.0	29.0	none_obvious			buried				0.0	0.0		unmodified
Q9NWZ3	6EGD	A	284	SER_single	1	1	2.1	SER	668		4	164-216,222-335,352-458	165-195,198-216,222-253,257-335,352-458	SER	/mnt/c/Users/drpat/OneDrive - UGent/Desktop/PD/Phospho-fill/Validation-allPDB/pdb_cache/6egd.cif	SER	SER	OG	CB	ok			-116.13089095308594	HIS:286	HIS	ND1	5.030854838848134	0.0	1.0	ASP:420	ASP	OD2	3.9379854105392393				0.0	27.0	none_obvious			buried				0.0	0.0		unmodified
Q9NWZ3	6EGE	A	284	SER_single	1	1	1.401	SER	669		4	164-216,224-346,352-457	165-216,226-252,258-335,352-457	SER	/mnt/c/Users/drpat/OneDrive - UGent/Desktop/PD/Phospho-fill/Validation-allPDB/pdb_cache/6ege.cif	SER	SER	OG	CB	ok			-108.18100513444611	HIS:286	HIS	ND1	5.164391290897116	0.0	1.0	ASP:420	ASP	OD2	3.954491146797241	HOH:644	O	2.65011273674553	3.0	28.0	water_mediated_like			exposed				0.0	0.0		unmodified
Q13627	6EIF	A	301	SER_single	1	1	2.22	SER	572		2	134-410,414-480	134-410,414-480	SER	/mnt/c/Users/drpat/OneDrive - UGent/Desktop/PD/Phospho-fill/Validation-allPDB/pdb_cache/6eif.cif	SER	SER	OG	CB	ok			-110.52592341594085	LYS:264	LYS	NZ	4.874565687492593	0.0	1.0	GLN:268	GLN	NE2	4.49513406401504				0.0	19.0	none_obvious			intermediate	PTR:321	PTR	32.985966078229126	0.0	0.0		unmodified
Q13627	6EIJ	A	301	SER_single	1	1	2.42	SER	573		2	134-408,414-480	134-408,414-480	SER	/mnt/c/Users/drpat/OneDrive - UGent/Desktop/PD/Phospho-fill/Validation-allPDB/pdb_cache/6eij.cif	SER	SER	OG	CB	ok			-104.53947231057519	ARG:300	ARG	NH2	3.3076582270819608	1.0	2.0	ARG:300	ARG	NH2	3.3076582270819608	HOH:720	O	5.98083118351772	0.0	24.0	salt_bridge_like			buried	PTR:321	PTR	32.46532691827145	0.0	0.0		unmodified
Q13627	6EIL	A	301	SER_single	1	1	2.465	SER	574		2	134-408,414-480	134-408,414-480	SER	/mnt/c/Users/drpat/OneDrive - UGent/Desktop/PD/Phospho-fill/Validation-allPDB/pdb_cache/6eil.cif	SER	SER	OG	CB	ok			-110.43044362988287	LYS:264	LYS	NZ	4.0916012350119955	0.0	2.0	LYS:264	LYS	NZ	4.0916012350119955	HOH:632	O	4.1462720768578025	0.0	23.0	none_obvious			intermediate	PTR:321	PTR	32.56650320794466	0.0	0.0		unmodified
Q13627	6EIQ	A	301	SER_single	1	1	2.3	SER	575		2	134-408,414-480	134-408,414-480	SER	/mnt/c/Users/drpat/OneDrive - UGent/Desktop/PD/Phospho-fill/Validation-allPDB/pdb_cache/6eiq.cif	SER	SER	OG	CB	ok			-111.14599492872408	LYS:264	LYS	NZ	4.660291425757517	0.0	1.0	LYS:264	LYS	NZ	4.660291425757517	HOH:615	O	6.036093901376004	0.0	17.0	none_obvious			intermediate	PTR:321	PTR	33.85850204515922	0.0	0.0		unmodified
Q13627	6EIR	A	301	SER_single	1	1	2.4	SER	576		2	134-408,414-480	134-408,414-480	SER	/mnt/c/Users/drpat/OneDrive - UGent/Desktop/PD/Phospho-fill/Validation-allPDB/pdb_cache/6eir.cif	SER	SER	OG	CB	ok			-110.47901798353315	ARG:300	ARG	NE	4.2122607534653325	0.0	2.0	ARG:300	ARG	NE	4.2122607534653325				0.0	23.0	none_obvious			intermediate	PTR:321	PTR	32.62529831467296	0.0	0.0		unmodified
Q13627	6EIS	A	301	SER_single	1	1	2.36	SER	577		2	134-409,412-480	134-409,412-480	SER	/mnt/c/Users/drpat/OneDrive - UGent/Desktop/PD/Phospho-fill/Validation-allPDB/pdb_cache/6eis.cif	SER	SER	OG	CB	ok			125.87021619161676	LYS:264	LYS	NZ	3.873622278703503	1.0	1.0	LYS:264	LYS	NZ	3.873622278703503	HOH:701	O	4.2514472520058355	0.0	16.0	none_obvious			intermediate	PTR:321	PTR	33.01945947046546	0.0	0.0		unmodified
P04150	6EL6	A	617	SER_single	1	1	2.4	SER	70		2	530-776	530-776	SER	/mnt/c/Users/drpat/OneDrive - UGent/Desktop/PD/Phospho-fill/Validation-allPDB/pdb_cache/6el6.cif	SER	SER	OG	CB	ok			-143.6206154375055	HIS:654	HIS	CE1	6.805125633326896	0.0	0.0	SER:616	SER	OG	6.259723706342086				0.0	6.0	none_obvious			intermediate				0.0	0.0		unmodified
P04150	6EL7	A	617	SER_single	1	1	2.18	SER	71		2	530-776	530-776	SER	/mnt/c/Users/drpat/OneDrive - UGent/Desktop/PD/Phospho-fill/Validation-allPDB/pdb_cache/6el7.cif	SER	SER	OG	CB	ok			115.1089576995058	HIS:654	HIS	CE1	3.8973403463806537	1.0	1.0	HIS:654	HIS	ND1	4.376006817459095				0.0	11.0	none_obvious			intermediate				0.0	0.0		unmodified
P04150	6EL9	A	617	SER_single	1	1	2.19	SER	72		2	530-776	530-776	SER	/mnt/c/Users/drpat/OneDrive - UGent/Desktop/PD/Phospho-fill/Validation-allPDB/pdb_cache/6el9.cif	SER	SER	OG	CB	ok			119.31709305282673	HIS:654	HIS	CE1	5.252185580797995	0.0	1.0	HIS:654	HIS	ND1	5.624305682665193				0.0	9.0	none_obvious			intermediate				0.0	0.0		unmodified
Q9NWZ3	6F3D	B	284	SER_single	1	1	2.38	SER	670		4	164-217,221-336,344-458	164-217,221-336,344-458	SER	/mnt/c/Users/drpat/OneDrive - UGent/Desktop/PD/Phospho-fill/Validation-allPDB/pdb_cache/6f3d.cif	SER	SER	OG	CB	ok			-114.70426996825448	HIS:286	HIS	CD2	5.255769083398974	0.0	1.0	ASP:420	ASP	OD2	3.7578221674062964	HOH:639	O	2.9276044974678364	2.0	27.0	water_mediated_like			exposed	TPO:345	TPO	40.751875077141065	0.0	0.0		unmodified
Q9NWZ3	6F3G	B	284	SER_single	1	1	2.37	SER	671		4	164-215,223-253,257-336,343-458	164-215,223-253,257-336,343-458	SER	/mnt/c/Users/drpat/OneDrive - UGent/Desktop/PD/Phospho-fill/Validation-allPDB/pdb_cache/6f3g.cif	SER	SER	OG	CB	ok			-111.97730699672411	HIS:286	HIS	CD2	4.726787858846123	0.0	1.0	ASP:420	ASP	OD2	3.913594299418003	HOH:631	O	4.195663494370051	0.0	28.0	none_obvious			buried	TPO:345	TPO	40.186345422180125	0.0	0.0		unmodified
Q9NWZ3	6F3I	B	284	SER_single	1	1	2.14	SER	672		4	164-215,223-336,344-458	164-215,223-336,344-458	SER	/mnt/c/Users/drpat/OneDrive - UGent/Desktop/PD/Phospho-fill/Validation-allPDB/pdb_cache/6f3i.cif	SER	SER	OG	CB	ok			-107.66765954461142	HIS:286	HIS	CD2	4.921412571010372	0.0	1.0	ASP:420	ASP	OD2	3.709876827905918	HOH:638	O	3.008628802500957	3.0	27.0	water_mediated_like			exposed	TPO:345	TPO	40.51561593208946	0.0	0.0		unmodified
Q9UK32	6G77	A	232	SER_single	1	1	2.499	SER	714		1	51-116,125-349	51-116,125-349	SER	/mnt/c/Users/drpat/OneDrive - UGent/Desktop/PD/Phospho-fill/Validation-allPDB/pdb_cache/6g77.cif	SER	SER	OG	CB	ok			107.32940842365933	LYS:229	LYS	CE	7.953610946406296	0.0	0.0	SER:223	SER	OG	6.0499810295729715	HOH:505	O	2.2095093028075268	2.0	25.0	water_mediated_like			exposed				0.0	0.0		unmodified
P68400	6HME	A	2	SER_single	1	1	1.85	SER	353		1	2-333	2-333	SER	/mnt/c/Users/drpat/OneDrive - UGent/Desktop/PD/Phospho-fill/Validation-allPDB/pdb_cache/6hme.cif	SER	SER	OG	CB	ok			10.091615458233385					0.0	0.0	ASN:262	ASN	ND2	4.6821223257751114				0.0	8.0	none_obvious			intermediate				0.0	0.0		unmodified
Q9H2G2	6HVD	A	189	SER_single	1	1	1.63	SER	636		2	19-182,189-309	19-182,189-309	SER	/mnt/c/Users/drpat/OneDrive - UGent/Desktop/PD/Phospho-fill/Validation-allPDB/pdb_cache/6hvd.cif	SER				missing_anchor_or_base																													
P08149	6HZJ	A	465	SER_single	1	1	1.43	SER	101		1	238-282,298-575	238-282,298-575	SER	/mnt/c/Users/drpat/OneDrive - UGent/Desktop/PD/Phospho-fill/Validation-allPDB/pdb_cache/6hzj.cif	SER	SER	OG	CB	ok			-118.71213119457217	LYS:463	LYS	CE	4.240684344954235	0.0	1.0	THR:466	THR	OG1	4.180184244286968	HOH:742	O	3.5114323640469998	1.0	21.0	none_obvious			intermediate				0.0	0.0		unmodified
O06291	6IEO	A	280	SER_single	1	1	1.83	SER	8		1	226-405,415-528	226-405,415-528	SER	/mnt/c/Users/drpat/OneDrive - UGent/Desktop/PD/Phospho-fill/Validation-allPDB/pdb_cache/6ieo.cif	SER	SER	OG	CB	ok			-113.56677442523933					0.0	0.0	ASN:278	ASN	OD1	3.4359543048545147	HOH:716	O	2.5594561821305035	1.0	22.0	hbond_like			intermediate				0.0	0.0		unmodified
P04629	6J5L	A	677	SER_single	1	1	2.3	SER	93		2	502-532,537-670,675-683,687-790	502-532,537-670,675-683,687-790	SER	/mnt/c/Users/drpat/OneDrive - UGent/Desktop/PD/Phospho-fill/Validation-allPDB/pdb_cache/6j5l.cif	SER				missing_anchor_or_base																													
P96356	6J7N	A	78	SER_single	1	1	2.294	SER	403		1	3-292	3-292	SER	/mnt/c/Users/drpat/OneDrive - UGent/Desktop/PD/Phospho-fill/Validation-allPDB/pdb_cache/6j7n.cif	SER	SER	OG	CB	ok			9.23016680891657	ARG:76	ARG	NH2	5.318240444878076	0.0	1.0	SER:64	SER	OG	3.99993140062666	HOH:403	O	4.0455212350850065	0.0	31.0	none_obvious			buried				0.0	0.0		unmodified
P96356	6J7O	A	78	SER_single	1	1	1.9	SER	404		1	3-292	3-292	SER	/mnt/c/Users/drpat/OneDrive - UGent/Desktop/PD/Phospho-fill/Validation-allPDB/pdb_cache/6j7o.cif	SER	SER	OG	CB	ok			-1.1270106033060747	ARG:76	ARG	NH2	4.554644577453819	0.0	1.0	ARG:76	ARG	NH2	4.554644577453819	HOH:407	O	2.38095032182492	5.0	28.0	water_mediated_like			exposed				0.0	0.0		unmodified
P96356	6J7T	A	78	SER_single	1	1	1.903	SER	405		1	3-292	3-292	SER	/mnt/c/Users/drpat/OneDrive - UGent/Desktop/PD/Phospho-fill/Validation-allPDB/pdb_cache/6j7t.cif	SER	SER	OG	CB	ok			-1.3727563790882567	ARG:76	ARG	NH2	5.7350843430955285	0.0	1.0	SER:64	SER	OG	3.5176405387276333	HOH:545	O	3.7884961772411567	2.0	31.0	none_obvious			exposed				0.0	0.0		unmodified
A0A0K8P8E7	6JTU	A	225	SER_single	1	1	2.1	SER	0		1	43-603	43-603	SER	/mnt/c/Users/drpat/OneDrive - UGent/Desktop/PD/Phospho-fill/Validation-allPDB/pdb_cache/6jtu.cif	SER	SER	OG	CB	ok			5.562268079596133	HIS:528	HIS	NE2	2.6620007614509413	1.0	1.0	HIS:528	HIS	NE2	2.6620007614509413	HOH:865	O	4.950779207691238	0.0	34.0	salt_bridge_like			buried				0.0	0.0		unmodified
P68400	6JWA	A	2	SER_single	1	1	1.781	SER	354		1	2-328	2-328	SER	/mnt/c/Users/drpat/OneDrive - UGent/Desktop/PD/Phospho-fill/Validation-allPDB/pdb_cache/6jwa.cif	SER	SER	OG	CB	ok			19.94615336678183					0.0	0.0	ASN:262	ASN	ND2	3.8479944544234956				0.0	7.0	none_obvious			intermediate				0.0	0.0		unmodified
P11309	6L11	A	276	SER_single	1	1	2.05	SER	171		2	33-305	33-305	SER	/mnt/c/Users/drpat/OneDrive - UGent/Desktop/PD/Phospho-fill/Validation-allPDB/pdb_cache/6l11.cif	SER	SER	OG	CB	ok			-107.30749631055993	ARG:274	ARG	NH2	4.242189592332695	0.0	1.0	ASP:277	ASP	OD1	4.040182909386665	HOH:527	O	2.6255657489767397	1.0	24.0	water_mediated_like			buried	SEP:261	SEP	26.54409652794386	0.0	0.0		unmodified
P11309	6L12	A	276	SER_single	1	1	1.87	SER	172		2	33-305	33-305	SER	/mnt/c/Users/drpat/OneDrive - UGent/Desktop/PD/Phospho-fill/Validation-allPDB/pdb_cache/6l12.cif	SER	SER	OG	CB	ok			-115.86308565205033	ARG:274	ARG	NH2	4.063227922127035	0.0	1.0	ARG:274	ARG	NH2	4.063227922127035	HOH:517	O	2.709976437095338	1.0	23.0	water_mediated_like			intermediate	SEP:261	SEP	26.85786402840995	0.0	0.0		unmodified
P11309	6L13	A	276	SER_single	1	1	2.24	SER	173		2	33-305	33-305	SER	/mnt/c/Users/drpat/OneDrive - UGent/Desktop/PD/Phospho-fill/Validation-allPDB/pdb_cache/6l13.cif	SER	SER	OG	CB	ok			-114.98612223569597	ARG:274	ARG	NH2	3.5648032052986016	1.0	1.0	ARG:274	ARG	NH2	3.5648032052986016	HOH:519	O	6.217188709306757	0.0	24.0	none_obvious			buried	SEP:261	SEP	26.71914324636085	0.0	0.0		unmodified
P11309	6L14	A	276	SER_single	1	1	1.95	SER	174		2	33-81,84-305	33-81,84-260,262-305	SER	/mnt/c/Users/drpat/OneDrive - UGent/Desktop/PD/Phospho-fill/Validation-allPDB/pdb_cache/6l14.cif	SER	SER	OG	CB	ok			-110.40883516263929	ARG:274	ARG	NH2	4.053072900691897	0.0	1.0	ARG:274	ARG	NH2	4.053072900691897	HOH:516	O	6.301988580172156	0.0	24.0	none_obvious			buried	SEP:261	SEP	26.610156214458804	0.0	0.0		unmodified
P11309	6L16	A	276	SER_single	1	1	2.1	SER	175		2	33-80,84-305	33-80,84-260,262-305	SER	/mnt/c/Users/drpat/OneDrive - UGent/Desktop/PD/Phospho-fill/Validation-allPDB/pdb_cache/6l16.cif	SER	SER	OG	CB	ok			-110.11131380190479	ARG:274	ARG	NH2	3.9210687049686377	1.0	1.0	ARG:274	ARG	NH2	3.9210687049686377	HOH:509	O	6.16958719697553	0.0	24.0	none_obvious			buried	SEP:261	SEP	26.71639857078443	0.0	0.0		unmodified
P11309	6L17	A	276	SER_single	1	1	1.75	SER	176		2	33-305	33-260,262-305	SER	/mnt/c/Users/drpat/OneDrive - UGent/Desktop/PD/Phospho-fill/Validation-allPDB/pdb_cache/6l17.cif	SER	SER	OG	CB	ok			-116.61638393578531	ARG:274	ARG	NH2	3.902160868933439	1.0	1.0	ARG:274	ARG	NH2	3.902160868933439	HOH:501	O	1.9461028287786304	2.0	24.0	water_mediated_like			exposed	SEP:261	SEP	26.649533294910903	0.0	0.0		unmodified
P68400	6L1Z	A	2	SER_single	1	1	1.90820949507	SER	355		1	2-330	2-330	SER	/mnt/c/Users/drpat/OneDrive - UGent/Desktop/PD/Phospho-fill/Validation-allPDB/pdb_cache/6l1z.cif	SER	SER	OG	CB	ok			4.354087073313287					0.0	0.0	ASN:262	ASN	ND2	3.1665108684123964				0.0	11.0	hbond_like			intermediate				0.0	0.0		unmodified
P68400	6L21	A	2	SER_single	1	1	2.05451776886	SER	356		1	2-332	2-332	SER	/mnt/c/Users/drpat/OneDrive - UGent/Desktop/PD/Phospho-fill/Validation-allPDB/pdb_cache/6l21.cif	SER	SER	OG	CB	ok			-3.00360601033605					0.0	0.0	ASN:262	ASN	ND2	6.155856317821068				0.0	3.0	none_obvious			intermediate				0.0	0.0		unmodified
P68400	6L22	A	2	SER_single	1	1	2.12318084151	SER	357		1	2-335	2-335	SER	/mnt/c/Users/drpat/OneDrive - UGent/Desktop/PD/Phospho-fill/Validation-allPDB/pdb_cache/6l22.cif	SER	SER	OG	CB	ok			-115.39913779788638					0.0	0.0	ASN:262	ASN	ND2	3.2347346473182603	HOH:514	O	4.376727313206471	0.0	8.0	hbond_like			intermediate				0.0	0.0		unmodified
P68400	6L23	A	2	SER_single	1	1	1.9744942746	SER	358		1	2-335	2-335	SER	/mnt/c/Users/drpat/OneDrive - UGent/Desktop/PD/Phospho-fill/Validation-allPDB/pdb_cache/6l23.cif	SER	SER	OG	CB	ok			130.7525562776217					0.0	0.0	ASN:262	ASN	ND2	6.0403024657548485				0.0	3.0	none_obvious			intermediate				0.0	0.0		unmodified
Q9NWZ3	6LXY	D	284	SER_single	1	1	2.19	SER	673		4	164-335,343-458	164-335,343-458	SER	/mnt/c/Users/drpat/OneDrive - UGent/Desktop/PD/Phospho-fill/Validation-allPDB/pdb_cache/6lxy.cif	SER	SER	OG	CB	ok			-118.33141351480627	HIS:286	HIS	CD2	4.8821489154470115	0.0	1.0	ASP:420	ASP	OD2	3.781037266516527	HOH:606	O	2.6856939825767077	2.0	29.0	water_mediated_like			exposed	TPO:345	TPO	40.17953636143022	0.0	0.0		unmodified
P20906	6M2Z	A	26	SER_single	1	1	2.35	SER	232		1	2-526	2-526	SER	/mnt/c/Users/drpat/OneDrive - UGent/Desktop/PD/Phospho-fill/Validation-allPDB/pdb_cache/6m2z.cif	SER	SER	OG	CB	ok			-124.32114456132226	HIS:70	HIS	CE1	3.572607536115406	1.0	1.0	ASN:27	ASN	OD1	3.4464886394566348	HOH:848	O	3.03053653936114	1.0	25.0	hbond_like			buried				0.0	0.0		unmodified
Q9NWZ3	6MOM	D	284	SER_single	1	1	2.1	SER	674		4	164-459	164-459	SER	/mnt/c/Users/drpat/OneDrive - UGent/Desktop/PD/Phospho-fill/Validation-allPDB/pdb_cache/6mom.cif	SER	SER	OG	CB	ok			-111.71005803504255	HIS:286	HIS	ND1	5.119991781247548	0.0	1.0	ASP:420	ASP	OD2	3.7395752516570573	HOH:610	O	2.4385641014962665	4.0	27.0	water_mediated_like			exposed	TPO:342	TPO	37.54872292277814	0.0	0.0		unmodified
Q9NWZ3	6N8G	C	284	SER_single	1	1	2.0	SER	675		4	164-216,220-336,341-459	164-216,220-336,341-459	SER	/mnt/c/Users/drpat/OneDrive - UGent/Desktop/PD/Phospho-fill/Validation-allPDB/pdb_cache/6n8g.cif	SER	SER	OG	CB	ok			-112.09966094158698	HIS:286	HIS	CD2	4.788640477969977	0.0	1.0	ASP:420	ASP	OD2	3.8368159942099678	HOH:633	O	2.6473455263591417	3.0	28.0	water_mediated_like			exposed	TPO:342	TPO	36.57949245464225	0.0	0.0		unmodified
P04629	6NSP	A	677	SER_single	1	1	2.31	SER	94		2	500-608,612-795	500-608,612-795	SER	/mnt/c/Users/drpat/OneDrive - UGent/Desktop/PD/Phospho-fill/Validation-allPDB/pdb_cache/6nsp.cif	SER	SER	OG	CB	ok			-91.09270820353204	ARG:682	ARG	NH2	6.326200035983038	0.0	0.0	THR:678	THR	OG1	6.097063595128495	HOH:924	O	7.285705805968937	0.0	14.0	none_obvious			intermediate				0.0	0.0		unmodified
P04629	6NSS	A	677	SER_single	1	1	1.97	SER	95		2	485-495,501-548,552-795	485-495,501-548,552-795	SER	/mnt/c/Users/drpat/OneDrive - UGent/Desktop/PD/Phospho-fill/Validation-allPDB/pdb_cache/6nss.cif	SER	SER	OG	CB	ok			-119.60670766996834	ARG:682	ARG	NH1	7.001742192647503	0.0	0.0	THR:678	THR	OG1	6.191808307046307	HOH:941	O	3.0893870340797815	1.0	17.0	water_mediated_like			intermediate				0.0	0.0		unmodified
Q13526	6O33	A	72	SER_single	1	1	1.74	SER	491		1	6-39,48-163	6-39,48-163	SER	/mnt/c/Users/drpat/OneDrive - UGent/Desktop/PD/Phospho-fill/Validation-allPDB/pdb_cache/6o33.cif	SER	SER	OG	CB	ok			-115.59442948942248	ARG:74	ARG	NE	5.315524939413867	0.0	1.0	ASP:112	ASP	OD1	2.7175906974335198	HOH:312	O	4.385915916841484	0.0	46.0	hbond_like			buried				0.0	0.0		unmodified
Q13526	6O34	A	72	SER_single	1	1	1.57	SER	492		1	6-39,48-163	6-39,48-163	SER	/mnt/c/Users/drpat/OneDrive - UGent/Desktop/PD/Phospho-fill/Validation-allPDB/pdb_cache/6o34.cif	SER	SER	OG	CB	ok			-106.6120506671822	ARG:74	ARG	NE	5.309459455301363	0.0	2.0	ASP:112	ASP	OD1	2.700648021117993	HOH:334	O	4.444415765970577	0.0	48.0	hbond_like			buried				0.0	0.0		unmodified
Q9NWZ3	6O8U	D	284	SER_single	1	1	1.8	SER	676		4	162-219,221-336,343-458	162-219,221-336,343-458	SER	/mnt/c/Users/drpat/OneDrive - UGent/Desktop/PD/Phospho-fill/Validation-allPDB/pdb_cache/6o8u.cif	SER	SER	OG	CB	ok			-112.28596120386595	HIS:286	HIS	CD2	4.847910173279983	0.0	1.0	ASP:420	ASP	OD2	3.9012115360046153	HOH:618	O	2.6848962358953217	1.0	29.0	water_mediated_like			buried	TPO:345	TPO	40.31115405169511	0.0	0.0		unmodified
Q9NWZ3	6O94	B	284	SER_single	1	1	1.98	SER	677		4	162-336,341-458	162-336,341-458	SER	/mnt/c/Users/drpat/OneDrive - UGent/Desktop/PD/Phospho-fill/Validation-allPDB/pdb_cache/6o94.cif	SER	SER	OG	CB	ok			-117.29438276348414	HIS:286	HIS	CD2	4.937680818259064	0.0	1.0	ASP:420	ASP	OD2	4.029260380082631	HOH:652	O	2.7483856968866993	2.0	27.0	water_mediated_like			exposed	TPO:342	TPO	37.75600710709326	0.0	0.0		unmodified
Q9NWZ3	6O95	D	284	SER_single	1	1	1.77	SER	678		4	161-336,343-458	161-336,343-458	SER	/mnt/c/Users/drpat/OneDrive - UGent/Desktop/PD/Phospho-fill/Validation-allPDB/pdb_cache/6o95.cif	SER	SER	OG	CB	ok			-114.83057649164037	HIS:286	HIS	CD2	4.726927451429314	0.0	1.0	ASP:420	ASP	OD2	3.9152990131861967	HOH:642	O	2.71526852722877	2.0	29.0	water_mediated_like			exposed	TPO:345	TPO	40.13062434452697	0.0	0.0		unmodified
P08149	6P52	A	465	SER_single	1	1	1.83	SER	102		1	237-283,298-502,514-574	237-283,298-502,514-574	SER	/mnt/c/Users/drpat/OneDrive - UGent/Desktop/PD/Phospho-fill/Validation-allPDB/pdb_cache/6p52.cif	SER	SER	OG	CB	ok			-119.27123695124737	LYS:463	LYS	CE	3.9831853769507872	1.0	1.0	THR:466	THR	OG1	4.1645579024425645	HOH:794	O	3.005206076460754	3.0	22.0	water_mediated_like			exposed				0.0	0.0		unmodified
P08149	6P53	B	465	SER_single	1	1	1.92	SER	103		1	237-283,298-574	237-283,298-574	SER	/mnt/c/Users/drpat/OneDrive - UGent/Desktop/PD/Phospho-fill/Validation-allPDB/pdb_cache/6p53.cif	SER	SER	OG	CB	ok			-122.27792752686588	LYS:463	LYS	CE	5.359376631235084	0.0	1.0	THR:466	THR	OG1	4.308155050213275	HOH:821	O	4.618684287570624	0.0	22.0	none_obvious			intermediate				0.0	0.0		unmodified
P08149	6P54	A	465	SER_single	1	1	1.83	SER	104		1	237-283,298-574	237-283,298-574	SER	/mnt/c/Users/drpat/OneDrive - UGent/Desktop/PD/Phospho-fill/Validation-allPDB/pdb_cache/6p54.cif	SER	SER	OG	CB	ok			-114.47763470971348	LYS:463	LYS	CE	4.175293234577865	0.0	1.0	THR:466	THR	OG1	4.302518641999048	HOH:792	O	3.4277581752234703	1.0	21.0	water_mediated_like			intermediate				0.0	0.0		unmodified
P08149	6P55	A	465	SER_single	1	1	1.74	SER	105		1	237-283,298-574	237-283,298-574	SER	/mnt/c/Users/drpat/OneDrive - UGent/Desktop/PD/Phospho-fill/Validation-allPDB/pdb_cache/6p55.cif	SER	SER	OG	CB	ok			-120.70005075161485	LYS:463	LYS	CE	4.5682689857271095	0.0	2.0	THR:466	THR	OG1	4.247918489491124	HOH:893	O	3.2109234784186325	2.0	22.0	water_mediated_like			exposed				0.0	0.0		unmodified
P08149	6P56	B	465	SER_single	1	1	1.92	SER	106		1	237-283,298-503,514-574	237-283,298-503,514-574	SER	/mnt/c/Users/drpat/OneDrive - UGent/Desktop/PD/Phospho-fill/Validation-allPDB/pdb_cache/6p56.cif	SER	SER	OG	CB	ok			-118.61703911835383	LYS:463	LYS	CE	5.951282450727346	0.0	1.0	GLU:469	GLU	OE2	3.9018871424166734	HOH:627	O	2.7326911883676273	1.0	22.0	water_mediated_like			intermediate				0.0	0.0		unmodified
P11309	6PDN	A	276	SER_single	1	1	2.4	SER	177		2	32-46,51-305	32-46,51-305	SER	/mnt/c/Users/drpat/OneDrive - UGent/Desktop/PD/Phospho-fill/Validation-allPDB/pdb_cache/6pdn.cif	SER	SER	OG	CB	ok			-118.53050691946166					0.0	0.0	ASP:277	ASP	OD1	4.512936740399052	HOH:1005	O	6.887462466047994	0.0	18.0	none_obvious			intermediate	SEP:261	SEP	26.71743331843925	0.0	0.0		unmodified
P62992	6Q01	A	65	SER_single	1	1	0.851	SER	307		1	1-76	1-76	SER	/mnt/c/Users/drpat/OneDrive - UGent/Desktop/PD/Phospho-fill/Validation-allPDB/pdb_cache/6q01.cif	SER	SER	OG	CB	ok			111.1909939181935					0.0	0.0	THR:66	THR	OG1	7.055073468608652	HOH:285	O	2.849575677160738	3.0	36.0	water_mediated_like			exposed				0.0	0.0		unmodified
A0A0K8P8E7	6QG9	G	225	SER_single	1	1	2.05	SER	1		1	39-55,59-603	39-55,59-603	SER	/mnt/c/Users/drpat/OneDrive - UGent/Desktop/PD/Phospho-fill/Validation-allPDB/pdb_cache/6qg9.cif	SER	SER	OG	CB	ok			9.905205749082164	HIS:528	HIS	NE2	2.697487948659548	1.0	1.0	HIS:528	HIS	NE2	2.697487948659548	HOH:895	O	2.675603994893351	1.0	31.0	salt_bridge_like			buried				0.0	0.0		unmodified
A0A0K8P8E7	6QGA	D	225	SER_single	1	1	2.1	SER	2		1	43-56,59-603	43-56,59-603	SER	/mnt/c/Users/drpat/OneDrive - UGent/Desktop/PD/Phospho-fill/Validation-allPDB/pdb_cache/6qga.cif	SER	SER	OG	CB	ok			21.333667563290014	HIS:528	HIS	NE2	2.6263975849976786	1.0	1.0	HIS:528	HIS	NE2	2.6263975849976786	HOH:801	O	5.653283954134401	0.0	43.0	salt_bridge_like			buried				0.0	0.0		unmodified
A0A0K8P8E7	6QGB	B	225	SER_single	1	1	2.2	SER	3		1	43-56,59-603	43-56,59-603	SER	/mnt/c/Users/drpat/OneDrive - UGent/Desktop/PD/Phospho-fill/Validation-allPDB/pdb_cache/6qgb.cif	SER	SER	OG	CB	ok			1.374166965852629	HIS:528	HIS	NE2	2.614066384746071	1.0	1.0	HIS:528	HIS	NE2	2.614066384746071	HOH:950	O	2.6201039335884224	1.0	35.0	salt_bridge_like			buried				0.0	0.0		unmodified
P68400	6QY7	A	2	SER_single	1	1	2.1	SER	359		1	2-335	2-335	SER	/mnt/c/Users/drpat/OneDrive - UGent/Desktop/PD/Phospho-fill/Validation-allPDB/pdb_cache/6qy7.cif	SER	SER	OG	CB	ok			-104.31373087176559					0.0	0.0	ASN:262	ASN	ND2	4.208710014217607				0.0	7.0	none_obvious			intermediate				0.0	0.0		unmodified
A0A0K8P8E7	6QZ1	A	225	SER_single	1	1	1.7	SER	4		1	40-55,61-603	40-55,61-603	SER	/mnt/c/Users/drpat/OneDrive - UGent/Desktop/PD/Phospho-fill/Validation-allPDB/pdb_cache/6qz1.cif	SER	SER	OG	CB	ok			16.655144096821157	HIS:528	HIS	NE2	2.6787220553226585	1.0	1.0	HIS:528	HIS	NE2	2.6787220553226585	HOH:1086	O	5.314004399983974	0.0	37.0	salt_bridge_like			buried				0.0	0.0		unmodified
A0A0K8P8E7	6QZ2	A	225	SER_single	1	1	1.9	SER	5		1	42-603	42-603	SER	/mnt/c/Users/drpat/OneDrive - UGent/Desktop/PD/Phospho-fill/Validation-allPDB/pdb_cache/6qz2.cif	SER	SER	OG	CB	ok			13.922725754551932	HIS:528	HIS	NE2	2.7011648051443147	1.0	1.0	HIS:528	HIS	NE2	2.7011648051443147	HOH:951	O	2.581419194811672	2.0	31.0	salt_bridge_like			exposed				0.0	0.0		unmodified
A0A0K8P8E7	6QZ3	A	225	SER_single	1	1	1.6	SER	6		1	40-55,62-603	40-55,62-603	SER	/mnt/c/Users/drpat/OneDrive - UGent/Desktop/PD/Phospho-fill/Validation-allPDB/pdb_cache/6qz3.cif	SER	SER	OG	CB	ok			10.830979625150658	HIS:528	HIS	NE2	2.612146300326912	1.0	1.0	HIS:528	HIS	NE2	2.612146300326912	HOH:1069	O	2.8143770216289012	1.0	36.0	salt_bridge_like			buried				0.0	0.0		unmodified
A0A0K8P8E7	6QZ4	A	225	SER_single	1	1	1.8	SER	7		1	36-603	36-603	SER	/mnt/c/Users/drpat/OneDrive - UGent/Desktop/PD/Phospho-fill/Validation-allPDB/pdb_cache/6qz4.cif	SER	SER	OG	CB	ok			15.303443982897182	HIS:528	HIS	NE2	2.874754482171388	1.0	1.0	HIS:528	HIS	NE2	2.874754482171388	HOH:915	O	4.105618665637177	0.0	36.0	salt_bridge_like			buried				0.0	0.0		unmodified
P68400	6RB1	A	2	SER_single	1	1	1.5	SER	360		1	2-330	2-330	SER	/mnt/c/Users/drpat/OneDrive - UGent/Desktop/PD/Phospho-fill/Validation-allPDB/pdb_cache/6rb1.cif	SER	SER	OG	CB	ok			-117.72157494217991					0.0	0.0					HOH:720	O	5.732121000286388	0.0	4.0	none_obvious			intermediate				0.0	0.0		unmodified
Q9NWZ3	6RFI	B	284	SER_single	1	1	2.31	SER	679		4	164-215,223-335,344-458	164-215,223-335,344-458	SER	/mnt/c/Users/drpat/OneDrive - UGent/Desktop/PD/Phospho-fill/Validation-allPDB/pdb_cache/6rfi.cif	SER	SER	OG	CB	ok			-109.29340506018049	HIS:286	HIS	CD2	5.348218594062873	0.0	1.0	ASP:420	ASP	OD2	3.743133960630582	HOH:650	O	3.4805673728783786	1.0	27.0	water_mediated_like			buried	TPO:345	TPO	40.49241797355447	0.0	0.0		unmodified
P61006	6RIR	B	111	SER_single	1	1	1.767	SER	281		2	2-176	2-176	SER	/mnt/c/Users/drpat/OneDrive - UGent/Desktop/PD/Phospho-fill/Validation-allPDB/pdb_cache/6rir.cif	SER	SER	OG	CB	ok			122.63432472397814	ARG:79	ARG	NH1	5.201989758602185	0.0	1.0	ASP:113	ASP	OD1	4.6698930961356595	HOH:1057	O	3.436949751850299	1.0	28.0	water_mediated_like			buried	TPO:72	TPO	20.191165762120754	0.0	0.0		unmodified
Q13627	6S11	A	301	SER_single	1	1	2.445	SER	578		2	134-408,412-480	134-408,412-480	SER	/mnt/c/Users/drpat/OneDrive - UGent/Desktop/PD/Phospho-fill/Validation-allPDB/pdb_cache/6s11.cif	SER	SER	OG	CB	ok			-115.1916271166982	LYS:264	LYS	CE	4.64278627018971	0.0	1.0	GLN:268	GLN	NE2	4.558095651350412	HOH:730	O	2.9635475428550837	2.0	19.0	water_mediated_like			exposed	PTR:321	PTR	37.26546171780054	0.0	0.0		unmodified
Q13627	6S14	A	301	SER_single	1	1	1.05	SER	579		2	135-407,415-481	135-407,415-481	SER	/mnt/c/Users/drpat/OneDrive - UGent/Desktop/PD/Phospho-fill/Validation-allPDB/pdb_cache/6s14.cif	SER	SER	OG	CB	ok			-112.37308217794484	LYS:264	LYS	NZ	4.645550778876153	0.0	1.0	GLN:268	GLN	NE2	4.518751055495814	HOH:621	O	2.5926988676483256	3.0	26.0	water_mediated_like			exposed	PTR:321	PTR	40.629252293475474	0.0	0.0		unmodified
Q13627	6S17	A	301	SER_single	1	1	1.1	SER	580		2	134-407,414-482	134-407,414-482	SER	/mnt/c/Users/drpat/OneDrive - UGent/Desktop/PD/Phospho-fill/Validation-allPDB/pdb_cache/6s17.cif	SER	SER	OG	CB	ok			-112.47980520553674	LYS:264	LYS	CE	4.568741777349763	0.0	1.0	GLN:268	GLN	NE2	4.4913010020586075	HOH:803	O	3.7439565641637773	1.0	26.0	none_obvious			buried	PTR:321	PTR	40.73948131738725	0.0	0.0		unmodified
Q13627	6S1B	A	301	SER_single	1	1	1.3	SER	581		2	135-397,400-407,415-481	135-397,400-407,415-481	SER	/mnt/c/Users/drpat/OneDrive - UGent/Desktop/PD/Phospho-fill/Validation-allPDB/pdb_cache/6s1b.cif	SER	SER	OG	CB	ok			-110.70439755259383	LYS:264	LYS	CE	4.635684914653018	0.0	1.0	GLN:268	GLN	NE2	4.510043474026354	HOH:638	O	2.6468587051474284	3.0	26.0	water_mediated_like			exposed	PTR:321	PTR	40.81178929374752	0.0	0.0		unmodified
Q13627	6S1H	A	301	SER_single	1	1	1.05	SER	582		2	135-407,414-480	135-407,414-480	SER	/mnt/c/Users/drpat/OneDrive - UGent/Desktop/PD/Phospho-fill/Validation-allPDB/pdb_cache/6s1h.cif	SER	SER	OG	CB	ok			-114.68675128234139	LYS:264	LYS	CE	4.57183042812413	0.0	2.0	GLN:268	GLN	NE2	4.473648756419715	HOH:644	O	2.6381970537564214	3.0	28.0	water_mediated_like			exposed	PTR:321	PTR	40.30273651270963	0.0	0.0		unmodified
Q13627	6S1I	A	301	SER_single	1	1	2.38	SER	583		2	135-481	135-481	SER	/mnt/c/Users/drpat/OneDrive - UGent/Desktop/PD/Phospho-fill/Validation-allPDB/pdb_cache/6s1i.cif	SER	SER	OG	CB	ok			-109.03539617010989	LYS:264	LYS	CE	5.065875659882648	0.0	1.0	GLN:268	GLN	NE2	4.617302232226416	HOH:782	O	3.266694099130993	1.0	20.0	water_mediated_like			intermediate	PTR:321	PTR	32.13438837084875	0.0	0.0		unmodified
Q13627	6S1J	A	301	SER_single	1	1	1.408	SER	584		2	134-407,414-480	134-407,414-480	SER	/mnt/c/Users/drpat/OneDrive - UGent/Desktop/PD/Phospho-fill/Validation-allPDB/pdb_cache/6s1j.cif	SER	SER	OG	CB	ok			-111.54789294076315	LYS:264	LYS	CE	4.563556438081453	0.0	2.0	GLN:268	GLN	NE2	4.414289106552046	HOH:607	O	2.412184768341129	3.0	28.0	water_mediated_like			exposed	PTR:321	PTR	40.22363217747835	0.0	0.0		unmodified
P68400	6SPX	A	2	SER_single	1	1	1.994	SER	361		1	2-330	2-330	SER	/mnt/c/Users/drpat/OneDrive - UGent/Desktop/PD/Phospho-fill/Validation-allPDB/pdb_cache/6spx.cif	SER	SER	OG	CB	ok			-3.929851565566928					0.0	0.0	ASN:262	ASN	ND2	7.859660885005726	HOH:588	O	6.528882026906828	0.0	4.0	none_obvious			intermediate				0.0	0.0		unmodified
P68400	6TEI	B	2	SER_single	1	1	1.756	SER	362		1	2-333	2-333	SER	/mnt/c/Users/drpat/OneDrive - UGent/Desktop/PD/Phospho-fill/Validation-allPDB/pdb_cache/6tei.cif	SER	SER	OG	CB	ok			3.3715884659872097					0.0	0.0	ASN:262	ASN	ND2	4.155032349322442				0.0	9.0	none_obvious			intermediate				0.0	0.0		unmodified
Q9NWZ3	6THW	B	284	SER_single	1	1	2.44	SER	680		4	164-216,220-336,348-458	164-216,220-336,348-458	SER	/mnt/c/Users/drpat/OneDrive - UGent/Desktop/PD/Phospho-fill/Validation-allPDB/pdb_cache/6thw.cif	SER	SER	OG	CB	ok			-112.17365848945651	HIS:286	HIS	CD2	4.7964397561553245	0.0	1.0	ASP:420	ASP	OD2	3.8796222048832587	HOH:659	O	4.153945502554785	0.0	27.0	none_obvious			buried				0.0	0.0		unmodified
Q9NWZ3	6TI8	C	284	SER_single	1	1	2.32	SER	681		4	164-216,221-335,343-459	164-216,221-335,343-459	SER	/mnt/c/Users/drpat/OneDrive - UGent/Desktop/PD/Phospho-fill/Validation-allPDB/pdb_cache/6ti8.cif	SER	SER	OG	CB	ok			-112.18271109422457	HIS:286	HIS	CD2	4.7782596527695524	0.0	1.0	ASP:420	ASP	OD2	3.7197512943717768	HOH:657	O	3.0986097897822975	1.0	28.0	water_mediated_like			buried	TPO:345	TPO	40.73574097981538	0.0	0.0		unmodified
P68400	6TLL	A	2	SER_single	1	1	1.88	SER	363		1	2-334	2-334	SER	/mnt/c/Users/drpat/OneDrive - UGent/Desktop/PD/Phospho-fill/Validation-allPDB/pdb_cache/6tll.cif	SER	SER	OG	CB	ok			-109.71167517680855					0.0	0.0	ASN:262	ASN	ND2	4.286040114243095	HOH:564	O	2.781378834829949	1.0	7.0	water_mediated_like			intermediate				0.0	0.0		unmodified
P68400	6TLO	A	2	SER_single	1	1	1.69	SER	364		1	2-334	2-334	SER	/mnt/c/Users/drpat/OneDrive - UGent/Desktop/PD/Phospho-fill/Validation-allPDB/pdb_cache/6tlo.cif	SER	SER	OG	CB	ok			104.78812256976161					0.0	0.0	ASN:262	ASN	ND2	5.457313117407314	HOH:632	O	3.686828049437259	1.0	4.0	none_obvious			intermediate				0.0	0.0		unmodified
P68400	6TLP	A	2	SER_single	1	1	1.93	SER	365		1	2-334	2-334	SER	/mnt/c/Users/drpat/OneDrive - UGent/Desktop/PD/Phospho-fill/Validation-allPDB/pdb_cache/6tlp.cif	SER	SER	OG	CB	ok			-4.179038688069641					0.0	0.0	ASN:262	ASN	ND2	4.7620690503615695	HOH:607	O	3.4499983300690467	1.0	7.0	water_mediated_like			intermediate				0.0	0.0		unmodified
P68400	6TLR	A	2	SER_single	1	1	1.64	SER	366		1	2-334	2-334	SER	/mnt/c/Users/drpat/OneDrive - UGent/Desktop/PD/Phospho-fill/Validation-allPDB/pdb_cache/6tlr.cif	SER	SER	OG	CB	ok			16.90317934001802					0.0	0.0	ASN:262	ASN	ND2	4.780456227630737	HOH:524	O	3.1965613367792374	2.0	6.0	water_mediated_like			exposed				0.0	0.0		unmodified
P68400	6TLS	A	2	SER_single	1	1	1.46	SER	367		1	2-334	2-334	SER	/mnt/c/Users/drpat/OneDrive - UGent/Desktop/PD/Phospho-fill/Validation-allPDB/pdb_cache/6tls.cif	SER	SER	OG	CB	ok			7.267563304446602					0.0	0.0	ASN:262	ASN	ND2	4.666918543296722	HOH:550	O	3.0746566875299757	1.0	7.0	water_mediated_like			intermediate				0.0	0.0		unmodified
P68400	6TLV	A	2	SER_single	1	1	1.67	SER	368		1	2-334	2-334	SER	/mnt/c/Users/drpat/OneDrive - UGent/Desktop/PD/Phospho-fill/Validation-allPDB/pdb_cache/6tlv.cif	SER	SER	OG	CB	ok			14.947685377879461					0.0	0.0	ASN:262	ASN	ND2	4.842869581178541	HOH:546	O	2.8890391368387585	2.0	6.0	water_mediated_like			exposed				0.0	0.0		unmodified
P68400	6TLW	A	2	SER_single	1	1	1.73	SER	369		1	2-334	2-334	SER	/mnt/c/Users/drpat/OneDrive - UGent/Desktop/PD/Phospho-fill/Validation-allPDB/pdb_cache/6tlw.cif	SER	SER	OG	CB	ok			-101.23284739272779					0.0	0.0	ASN:262	ASN	ND2	4.3457868581936285	HOH:564	O	2.669909453899149	1.0	7.0	water_mediated_like			intermediate				0.0	0.0		unmodified
P36871	6UIQ	A	117	SER_single	1	1	2.3	SER	270		1	1-562	1-562	SER	/mnt/c/Users/drpat/OneDrive - UGent/Desktop/PD/Phospho-fill/Validation-allPDB/pdb_cache/6uiq.cif	SER	SER	OG	CB	ok			-13.402131547805608	HIS:118	HIS	ND1	2.8291784882262516	1.0	2.0	HIS:118	HIS	ND1	2.8291784882262516	HOH:737	O	2.81521704349748	2.0	37.0	salt_bridge_like			exposed				0.0	0.0		unmodified
P36871	6UO6	A	117	SER_single	1	1	2.15	SER	271		1	1-505,510-562	1-505,510-562	SER	/mnt/c/Users/drpat/OneDrive - UGent/Desktop/PD/Phospho-fill/Validation-allPDB/pdb_cache/6uo6.cif	SER	SER	OG	CB	ok			-20.932085522184117	HIS:118	HIS	ND1	3.0106152271115776	1.0	2.0	HIS:118	HIS	ND1	3.0106152271115776	HOH:986	O	3.1478074382834795	2.0	35.0	salt_bridge_like			exposed				0.0	0.0		unmodified
Q9NWZ3	6UYA	D	284	SER_single	1	1	1.74	SER	682		4	162-335,342-458	162-335,342-458	SER	/mnt/c/Users/drpat/OneDrive - UGent/Desktop/PD/Phospho-fill/Validation-allPDB/pdb_cache/6uya.cif	SER	SER	OG	CB	ok			-115.09138456770603	HIS:286	HIS	CD2	4.825752095381014	0.0	1.0	ASP:420	ASP	OD2	3.961364142368462	HOH:672	O	2.7793041711908866	1.0	28.0	water_mediated_like			buried	TPO:342	TPO	37.82032398059656	0.0	0.0		unmodified
Q13526	6VAJ	A	72	SER_single	1	1	1.42	SER	493		1	6-39,48-163	6-39,48-163	SER	/mnt/c/Users/drpat/OneDrive - UGent/Desktop/PD/Phospho-fill/Validation-allPDB/pdb_cache/6vaj.cif	SER	SER	OG	CB	ok			-106.19312737841547	ARG:74	ARG	NE	5.1832627813558405	0.0	1.0	ASP:112	ASP	OD1	2.741359172535155	HOH:350	O	4.338913340998666	0.0	45.0	hbond_like			buried				0.0	0.0		unmodified
P08149	6VBM	B	465	SER_single	1	1	1.71	SER	107		1	237-283,298-574	237-283,298-574	SER	/mnt/c/Users/drpat/OneDrive - UGent/Desktop/PD/Phospho-fill/Validation-allPDB/pdb_cache/6vbm.cif	SER	SER	OG	CB	ok			-121.41636048456841	ARG:468	ARG	NH2	5.093425330081	0.0	2.0	THR:466	THR	OG1	4.334667018853698	HOH:748	O	5.338663437207549	0.0	27.0	none_obvious			buried				0.0	0.0		unmodified
P42336	6VO7	A	158	SER_single	1	1	2.31	SER	275		3	157-198,203-300	157-198,203-300	SER	/mnt/c/Users/drpat/OneDrive - UGent/Desktop/PD/Phospho-fill/Validation-allPDB/pdb_cache/6vo7.cif	SER	SER	OG	CB	ok			-104.44305282264034	HIS:160	HIS	ND1	4.9115095151638055	0.0	1.0	SER:161	SER	OG	3.0611880287168556	HOH:408	O	3.681303283028227	1.0	24.0	hbond_like			buried				0.0	0.0		unmodified
Q9NWZ3	6VQL	A	284	SER_single	1	1	2.069	SER	683		4	162-217,220-336,343-458	162-217,220-336,343-458	SER	/mnt/c/Users/drpat/OneDrive - UGent/Desktop/PD/Phospho-fill/Validation-allPDB/pdb_cache/6vql.cif	SER	SER	OG	CB	ok			-131.44839686451417	HIS:286	HIS	ND1	5.171610317578773	0.0	1.0	ASP:420	ASP	OD2	4.103773621980325	HOH:610	O	5.542869905013591	0.0	27.0	none_obvious			buried	TPO:345	TPO	40.15621923770102	0.0	0.0		unmodified
Q9HW02	6X9N	B	82	SER_single	1	1	2.25	SER	644		1	16-319	16-319	SER	/mnt/c/Users/drpat/OneDrive - UGent/Desktop/PD/Phospho-fill/Validation-allPDB/pdb_cache/6x9n.cif	SER	SER	OG	CB	ok			143.5217694660787	ARG:104	ARG	NE	7.56429476174252	0.0	0.0	SER:81	SER	OG	3.71283329900158	HOH:606	O	7.3062121230546255	0.0	10.0	none_obvious			intermediate				0.0	0.0		unmodified
P08149	6XQV	A	465	SER_single	1	1	2.05	SER	108		1	237-282,298-574	237-282,298-574	SER	/mnt/c/Users/drpat/OneDrive - UGent/Desktop/PD/Phospho-fill/Validation-allPDB/pdb_cache/6xqv.cif	SER	SER	OG	CB	ok			-120.21187941797575	LYS:463	LYS	CE	3.9058683492969895	1.0	1.0	THR:466	THR	OG1	4.239895218546948	HOH:745	O	2.8046075952179774	1.0	21.0	water_mediated_like			intermediate				0.0	0.0		unmodified
P08149	6XQX	B	465	SER_single	1	1	2.15	SER	109		1	237-282,298-574	237-282,298-574	SER	/mnt/c/Users/drpat/OneDrive - UGent/Desktop/PD/Phospho-fill/Validation-allPDB/pdb_cache/6xqx.cif	SER	SER	OG	CB	ok			-120.46022437679251	ARG:468	ARG	NH2	4.709687837769105	0.0	2.0	THR:466	THR	OG1	4.24277727670356	HOH:704	O	5.525318721803995	0.0	22.0	none_obvious			intermediate				0.0	0.0		unmodified
P08149	6XQY	B	465	SER_single	1	1	1.9	SER	110		1	237-282,298-574	237-282,298-574	SER	/mnt/c/Users/drpat/OneDrive - UGent/Desktop/PD/Phospho-fill/Validation-allPDB/pdb_cache/6xqy.cif	SER	SER	OG	CB	ok			-119.56290903491923	ARG:468	ARG	NH1	5.013295827519197	0.0	2.0	THR:466	THR	OG1	4.356899768607462	HOH:731	O	3.137759949487075	1.0	24.0	water_mediated_like			buried				0.0	0.0		unmodified
P08149	6XQZ	A	465	SER_single	1	1	2.04	SER	111		1	237-282,298-504,509-574	237-282,298-504,509-574	SER	/mnt/c/Users/drpat/OneDrive - UGent/Desktop/PD/Phospho-fill/Validation-allPDB/pdb_cache/6xqz.cif	SER	SER	OG	CB	ok			-119.1285137333012	LYS:463	LYS	CE	4.500636505520122	0.0	1.0	THR:466	THR	OG1	4.307034700552118	HOH:763	O	3.2522472095902186	2.0	21.0	water_mediated_like			exposed				0.0	0.0		unmodified
Q9UBU7	6YA7	B	226	SER_single	1	1	1.67	SER	713		1	210-256,292-348	210-256,292-348	SER	/mnt/c/Users/drpat/OneDrive - UGent/Desktop/PD/Phospho-fill/Validation-allPDB/pdb_cache/6ya7.cif	SER	SER	OG	CB	ok			-128.9795666809103					0.0	0.0	ASP:224	ASP	OD2	2.258419972931939	HOH:502	O	2.2055775291355006	2.0	29.0	hbond_like			exposed				0.0	0.0		unmodified
P11309	6YKD	A	276	SER_single	1	1	1.86	SER	178		2	33-305	33-305	SER	/mnt/c/Users/drpat/OneDrive - UGent/Desktop/PD/Phospho-fill/Validation-allPDB/pdb_cache/6ykd.cif	SER	SER	OG	CB	ok			-115.65857256036499	ARG:274	ARG	NH2	3.4722074799002214	1.0	1.0	ARG:274	ARG	NH2	3.4722074799002214	HOH:516	O	2.549065467924141	3.0	24.0	salt_bridge_like			exposed	SEP:261	SEP	26.605830132254184	0.0	0.0		unmodified
P68400	6YPH	B	2	SER_single	1	1	1.67	SER	370		1	2-328	2-328	SER	/mnt/c/Users/drpat/OneDrive - UGent/Desktop/PD/Phospho-fill/Validation-allPDB/pdb_cache/6yph.cif	SER	SER	OG	CB	ok			-117.5225196689738					0.0	0.0	ASN:262	ASN	OD1	6.1721897460346975	HOH:701	O	5.073351429286541	0.0	4.0	none_obvious			intermediate				0.0	0.0		unmodified
P68400	7A49	A	2	SER_single	1	1	2.03	SER	371		1	2-335	2-335	SER	/mnt/c/Users/drpat/OneDrive - UGent/Desktop/PD/Phospho-fill/Validation-allPDB/pdb_cache/7a49.cif	SER	SER	OG	CB	ok			-118.55443876155702					0.0	0.0	ASN:262	ASN	OD1	3.6139620105047507	HOH:518	O	7.901879734637333	0.0	10.0	none_obvious			intermediate				0.0	0.0		unmodified
P68400	7A4B	A	2	SER_single	1	1	2.06	SER	372		1	2-334	2-334	SER	/mnt/c/Users/drpat/OneDrive - UGent/Desktop/PD/Phospho-fill/Validation-allPDB/pdb_cache/7a4b.cif	SER	SER	OG	CB	ok			-123.96977155981628					0.0	0.0	ASN:262	ASN	ND2	3.524411192380068	HOH:658	O	3.5050397101371495	1.0	8.0	none_obvious			intermediate				0.0	0.0		unmodified
Q13627	7A4O	A	301	SER_single	1	1	1.9	SER	585		2	136-408,414-481	136-408,414-481	SER	/mnt/c/Users/drpat/OneDrive - UGent/Desktop/PD/Phospho-fill/Validation-allPDB/pdb_cache/7a4o.cif	SER	SER	OG	CB	ok			-118.80954102501777	LYS:264	LYS	CE	3.8392650107724777	1.0	1.0	GLN:268	GLN	NE2	4.542811162689614	HOH:654	O	6.542069820703538	0.0	21.0	none_obvious			intermediate	PTR:321	PTR	32.43961238652992	0.0	0.0		unmodified
Q13627	7A4R	A	301	SER_single	1	1	1.8	SER	586		2	148-410,414-479	148-410,414-479	SER	/mnt/c/Users/drpat/OneDrive - UGent/Desktop/PD/Phospho-fill/Validation-allPDB/pdb_cache/7a4r.cif	SER	SER	OG	CB	ok			-118.21406763957046	ARG:300	ARG	NH2	2.7285293924095573	1.0	2.0	ARG:300	ARG	NH2	2.7285293924095573	HOH:755	O	2.8097616529666443	3.0	26.0	salt_bridge_like			exposed	SEP:145	SEP	38.56498704998626	0.0	0.0		unmodified
Q13627	7A4Z	A	301	SER_single	1	1	1.9	SER	587		2	148-410,415-481	148-410,415-481	SER	/mnt/c/Users/drpat/OneDrive - UGent/Desktop/PD/Phospho-fill/Validation-allPDB/pdb_cache/7a4z.cif	SER	SER	OG	CB	ok			-123.41455537888682	LYS:264	LYS	CE	5.017449593725413	0.0	1.0	LYS:264	LYS	NZ	5.106869202078996	HOH:754	O	2.995679549667316	2.0	16.0	water_mediated_like			exposed	PTR:321	PTR	32.66836710898943	0.0	0.0		unmodified
Q13627	7A51	A	301	SER_single	1	1	1.9	SER	588		2	148-410,415-481	148-410,415-481	SER	/mnt/c/Users/drpat/OneDrive - UGent/Desktop/PD/Phospho-fill/Validation-allPDB/pdb_cache/7a51.cif	SER	SER	OG	CB	ok			-123.33063324864317	LYS:264	LYS	CE	4.83043347559668	0.0	1.0	LYS:264	LYS	NZ	5.232180613941735	HOH:749	O	3.2028598174771354	2.0	15.0	water_mediated_like			exposed	PTR:321	PTR	32.70873975910262	0.0	0.0		unmodified
Q13627	7A52	A	301	SER_single	1	1	2.1	SER	589		2	148-410,414-479	148-410,414-479	SER	/mnt/c/Users/drpat/OneDrive - UGent/Desktop/PD/Phospho-fill/Validation-allPDB/pdb_cache/7a52.cif	SER	SER	OG	CB	ok			-106.68160530362483	LYS:264	LYS	CE	4.589429187564686	0.0	1.0	GLN:268	GLN	NE2	4.356965706435616	HOH:624	O	2.4887986359302174	3.0	26.0	water_mediated_like			exposed	SEP:145	SEP	38.63824072746741	0.0	0.0		unmodified
Q13627	7A53	A	301	SER_single	1	1	2.2	SER	590		2	148-408,414-481	148-408,414-481	SER	/mnt/c/Users/drpat/OneDrive - UGent/Desktop/PD/Phospho-fill/Validation-allPDB/pdb_cache/7a53.cif	SER	SER	OG	CB	ok			-111.51990327241246	LYS:264	LYS	CE	4.603116379658309	0.0	2.0	GLN:268	GLN	NE2	4.6910158715581725	HOH:659	O	2.7751209375701067	2.0	21.0	water_mediated_like			exposed	PTR:321	PTR	31.79242285984163	0.0	0.0		unmodified
Q13627	7A55	B	301	SER_single	1	1	2.2	SER	591		2	134-406,414-481	134-406,414-481	SER	/mnt/c/Users/drpat/OneDrive - UGent/Desktop/PD/Phospho-fill/Validation-allPDB/pdb_cache/7a55.cif	SER	SER	OG	CB	ok			-127.15488846515532	LYS:264	LYS	NZ	4.358960852144447	0.0	1.0	LYS:264	LYS	NZ	4.358960852144447	HOH:714	O	6.1030925429795815	0.0	18.0	none_obvious			intermediate	PTR:321	PTR	40.288863238198495	0.0	0.0		unmodified
Q13627	7A5D	A	301	SER_single	1	1	1.8	SER	592		2	148-410,415-481	148-410,415-481	SER	/mnt/c/Users/drpat/OneDrive - UGent/Desktop/PD/Phospho-fill/Validation-allPDB/pdb_cache/7a5d.cif	SER	SER	OG	CB	ok			-125.15994069682614	LYS:264	LYS	NZ	4.776668784116254	0.0	1.0	LYS:264	LYS	NZ	4.776668784116254	HOH:618	O	2.4495627007049254	4.0	16.0	water_mediated_like			exposed	PTR:321	PTR	32.67032352369313	0.0	0.0		unmodified
Q13627	7A5L	A	301	SER_single	1	1	2.1	SER	593		2	148-410,415-481	148-410,415-481	SER	/mnt/c/Users/drpat/OneDrive - UGent/Desktop/PD/Phospho-fill/Validation-allPDB/pdb_cache/7a5l.cif	SER	SER	OG	CB	ok			-123.56412854609164	LYS:264	LYS	CE	4.671666208135333	0.0	1.0	LYS:264	LYS	NZ	4.795205241996032	HOH:749	O	3.210147949994776	1.0	16.0	water_mediated_like			intermediate	PTR:321	PTR	32.61044345290033	0.0	0.0		unmodified
Q13627	7A5N	A	301	SER_single	1	1	2.3	SER	594		2	148-410,414-481	148-410,414-481	SER	/mnt/c/Users/drpat/OneDrive - UGent/Desktop/PD/Phospho-fill/Validation-allPDB/pdb_cache/7a5n.cif	SER	SER	OG	CB	ok			-130.40319959498055	LYS:264	LYS	NZ	4.569058746887949	0.0	1.0	LYS:264	LYS	NZ	4.569058746887949	HOH:612	O	2.936004369234483	2.0	18.0	water_mediated_like			exposed	PTR:321	PTR	33.11002323424252	0.0	0.0		unmodified
Q13627	7AJ2	A	301	SER_single	1	1	2.1	SER	595		2	148-410,415-481	148-410,415-481	SER	/mnt/c/Users/drpat/OneDrive - UGent/Desktop/PD/Phospho-fill/Validation-allPDB/pdb_cache/7aj2.cif	SER	SER	OG	CB	ok			-118.97407016710456	LYS:264	LYS	NZ	4.6855819344168	0.0	1.0	LYS:264	LYS	NZ	4.6855819344168	HOH:702	O	2.789256444314115	1.0	17.0	water_mediated_like			intermediate	PTR:321	PTR	32.62203674555702	0.0	0.0		unmodified
Q13627	7AJ4	A	301	SER_single	1	1	2.0	SER	596		2	149-410,415-481	149-410,415-481	SER	/mnt/c/Users/drpat/OneDrive - UGent/Desktop/PD/Phospho-fill/Validation-allPDB/pdb_cache/7aj4.cif	SER	SER	OG	CB	ok			-125.36677282998762	LYS:264	LYS	NZ	4.800747550904548	0.0	1.0	LYS:264	LYS	NZ	4.800747550904548	HOH:818	O	3.3170813110710187	1.0	16.0	water_mediated_like			intermediate	PTR:321	PTR	32.67425539988235	0.0	0.0		unmodified
Q13627	7AJ5	A	301	SER_single	1	1	2.0	SER	597		2	149-411,415-481	149-411,415-481	SER	/mnt/c/Users/drpat/OneDrive - UGent/Desktop/PD/Phospho-fill/Validation-allPDB/pdb_cache/7aj5.cif	SER	SER	OG	CB	ok			-135.19440888886646	LYS:264	LYS	NZ	4.901951053085333	0.0	1.0	LYS:264	LYS	NZ	4.901951053085333	HOH:739	O	3.175403326433799	2.0	15.0	water_mediated_like			exposed	PTR:321	PTR	32.64115567984452	0.0	0.0		unmodified
Q13627	7AJ8	A	301	SER_single	1	1	2.0	SER	598		2	148-410,415-481	148-410,415-481	SER	/mnt/c/Users/drpat/OneDrive - UGent/Desktop/PD/Phospho-fill/Validation-allPDB/pdb_cache/7aj8.cif	SER	SER	OG	CB	ok			-120.50737487186466	LYS:264	LYS	NZ	4.762724908990443	0.0	1.0	LYS:264	LYS	NZ	4.762724908990443	HOH:762	O	3.3368788611464564	2.0	16.0	water_mediated_like			exposed	PTR:321	PTR	32.73408500750926	0.0	0.0		unmodified
Q13627	7AJA	A	301	SER_single	1	1	2.2	SER	599		2	148-410,415-481	148-410,415-481	SER	/mnt/c/Users/drpat/OneDrive - UGent/Desktop/PD/Phospho-fill/Validation-allPDB/pdb_cache/7aja.cif	SER	SER	OG	CB	ok			-115.30921807958836	LYS:264	LYS	NZ	4.810147988772229	0.0	1.0	LYS:264	LYS	NZ	4.810147988772229	HOH:799	O	3.545023321453835	1.0	17.0	none_obvious			intermediate	PTR:321	PTR	32.58613479130364	0.0	0.0		unmodified
Q13627	7AJM	A	301	SER_single	1	1	2.4	SER	600		2	148-410,414-479	148-410,414-479	SER	/mnt/c/Users/drpat/OneDrive - UGent/Desktop/PD/Phospho-fill/Validation-allPDB/pdb_cache/7ajm.cif	SER	SER	OG	CB	ok			-111.65448019532832	LYS:264	LYS	CE	4.591897621142084	0.0	1.0	GLN:268	GLN	NE2	4.5405213850767545	HOH:668	O	2.6562298256589725	4.0	20.0	water_mediated_like			exposed	SEP:145	SEP	38.01216981440927	0.0	0.0		unmodified
Q13627	7AJS	A	301	SER_single	1	1	2.15	SER	601		2	148-410,414-479	148-410,414-479	SER	/mnt/c/Users/drpat/OneDrive - UGent/Desktop/PD/Phospho-fill/Validation-allPDB/pdb_cache/7ajs.cif	SER	SER	OG	CB	ok			-115.61834359108342	ARG:300	ARG	NH2	2.745753493011674	1.0	2.0	ARG:300	ARG	NH2	2.745753493011674	HOH:650	O	2.5887549605005136	3.0	26.0	salt_bridge_like			exposed	SEP:145	SEP	38.25961783717977	0.0	0.0		unmodified
Q13627	7AJV	A	301	SER_single	1	1	2.1	SER	602		2	148-409,414-481	148-409,414-481	SER	/mnt/c/Users/drpat/OneDrive - UGent/Desktop/PD/Phospho-fill/Validation-allPDB/pdb_cache/7ajv.cif	SER	SER	OG	CB	ok			-109.26927381764213	LYS:264	LYS	CE	4.744648483340945	0.0	1.0	GLN:268	GLN	OE1	4.4227914860076964	HOH:735	O	3.448078873122232	1.0	19.0	water_mediated_like			intermediate	SEP:145	SEP	38.185229173383966	0.0	0.0		unmodified
Q13627	7AJY	A	301	SER_single	1	1	2.2	SER	603		2	148-409,414-481	148-409,414-481	SER	/mnt/c/Users/drpat/OneDrive - UGent/Desktop/PD/Phospho-fill/Validation-allPDB/pdb_cache/7ajy.cif	SER	SER	OG	CB	ok			-100.90875562990449	ARG:300	ARG	NH2	2.7846557149861333	1.0	2.0	ARG:300	ARG	NH2	2.7846557149861333	HOH:602	O	2.308214130947249	1.0	28.0	salt_bridge_like			buried	SEP:145	SEP	38.148672038681816	0.0	0.0		unmodified
Q13627	7AK2	A	301	SER_single	1	1	2.1	SER	604		2	148-410,414-481	148-410,414-481	SER	/mnt/c/Users/drpat/OneDrive - UGent/Desktop/PD/Phospho-fill/Validation-allPDB/pdb_cache/7ak2.cif	SER	SER	OG	CB	ok			-102.18954659962834	LYS:264	LYS	CE	4.628480183887638	0.0	1.0	GLN:268	GLN	OE1	4.145410757536779	HOH:689	O	6.112417107427531	0.0	27.0	none_obvious			buried	SEP:145	SEP	37.74935172094514	0.0	0.0		unmodified
Q13627	7AKA	B	301	SER_single	1	1	1.9	SER	605		2	148-409,414-481	148-409,414-481	SER	/mnt/c/Users/drpat/OneDrive - UGent/Desktop/PD/Phospho-fill/Validation-allPDB/pdb_cache/7aka.cif	SER	SER	OG	CB	ok			-113.4303039794217	LYS:264	LYS	CE	4.698907096442874	0.0	1.0	GLN:268	GLN	NE2	4.4970432158657605	HOH:715	O	3.1996769514516723	1.0	19.0	water_mediated_like			intermediate	SEP:145	SEP	37.79467423796919	0.0	0.0		unmodified
Q13627	7AKE	B	301	SER_single	1	1	2.3	SER	606		2	148-408,414-481	148-408,414-481	SER	/mnt/c/Users/drpat/OneDrive - UGent/Desktop/PD/Phospho-fill/Validation-allPDB/pdb_cache/7ake.cif	SER	SER	OG	CB	ok			-124.78133991469845	LYS:264	LYS	CE	4.326621959246567	0.0	1.0	GLN:268	GLN	NE2	4.737978756024331	HOH:692	O	3.141515266875662	2.0	19.0	water_mediated_like			exposed	SEP:145	SEP	37.83767805648557	0.0	0.0		unmodified
Q13627	7AKL	A	301	SER_single	1	1	2.0	SER	607		2	148-410,415-481	148-410,415-481	SER	/mnt/c/Users/drpat/OneDrive - UGent/Desktop/PD/Phospho-fill/Validation-allPDB/pdb_cache/7akl.cif	SER	SER	OG	CB	ok			-124.65964323914692	LYS:264	LYS	NZ	4.663666874230848	0.0	1.0	LYS:264	LYS	NZ	4.663666874230848	HOH:710	O	3.1037153974913636	2.0	16.0	water_mediated_like			exposed	PTR:321	PTR	32.71752367576716	0.0	0.0		unmodified
P68400	7AT5	A	2	SER_single	1	1	1.77	SER	373		1	2-333	2-333	SER	/mnt/c/Users/drpat/OneDrive - UGent/Desktop/PD/Phospho-fill/Validation-allPDB/pdb_cache/7at5.cif	SER	SER	OG	CB	ok			6.502106723239286					0.0	0.0	ASN:262	ASN	ND2	3.89326608256351				0.0	9.0	none_obvious			intermediate				0.0	0.0		unmodified
P68400	7AY9	A	2	SER_single	1	1	2.25	SER	374		1	2-332	2-332	SER	/mnt/c/Users/drpat/OneDrive - UGent/Desktop/PD/Phospho-fill/Validation-allPDB/pdb_cache/7ay9.cif	SER	SER	OG	CB	ok			2.9049584675036226					0.0	0.0	ASN:262	ASN	ND2	4.782802306086828	HOH:598	O	3.608590272290066	1.0	7.0	none_obvious			intermediate				0.0	0.0		unmodified
P68400	7AYA	A	2	SER_single	1	1	2.45	SER	375		1	2-332	2-332	SER	/mnt/c/Users/drpat/OneDrive - UGent/Desktop/PD/Phospho-fill/Validation-allPDB/pdb_cache/7aya.cif	SER	SER	OG	CB	ok			-125.80213713036316					0.0	0.0	ASN:262	ASN	ND2	3.129150353484434				0.0	8.0	hbond_like			intermediate				0.0	0.0		unmodified
Q02750	7B3M	B	218	SER_single	1	1	2.3	SER	437		2	37-220,225-263,308-382	37-220,225-263,308-382	SER	/mnt/c/Users/drpat/OneDrive - UGent/Desktop/PD/Phospho-fill/Validation-allPDB/pdb_cache/7b3m.cif	SER	SER	OG	CB	ok			122.54227386532368					0.0	0.0	GLN:214	GLN	OE1	3.275123345103826				0.0	34.0	hbond_like			buried				0.0	0.0		unmodified
Q02750	7B7R	A	218	SER_single	1	1	1.7	SER	438		2	37-219,225-263,308-382	37-219,225-263,308-382	SER	/mnt/c/Users/drpat/OneDrive - UGent/Desktop/PD/Phospho-fill/Validation-allPDB/pdb_cache/7b7r.cif	SER	SER	OG	CB	ok			113.31256868884108					0.0	0.0	GLN:214	GLN	OE1	3.2183743825678595				0.0	32.0	hbond_like			buried				0.0	0.0		unmodified
P68400	7B8H	A	2	SER_single	1	1	1.34	SER	376		1	2-330	2-330	SER	/mnt/c/Users/drpat/OneDrive - UGent/Desktop/PD/Phospho-fill/Validation-allPDB/pdb_cache/7b8h.cif	SER	SER	OG	CB	ok			112.79455807880676					0.0	0.0					HOH:564	O	7.00357101561044	0.0	1.0	none_obvious			intermediate				0.0	0.0		unmodified
Q02750	7B94	A	218	SER_single	1	1	2.0	SER	439		2	37-219,225-263,308-382	37-219,225-263,308-382	SER	/mnt/c/Users/drpat/OneDrive - UGent/Desktop/PD/Phospho-fill/Validation-allPDB/pdb_cache/7b94.cif	SER	SER	OG	CB	ok			120.23929473239183					0.0	0.0	GLN:214	GLN	OE1	3.0125551216170012				0.0	31.0	hbond_like			buried				0.0	0.0		unmodified
Q02750	7B9L	A	218	SER_single	1	1	1.7	SER	440		2	37-219,227-263,308-382	37-219,227-263,308-382	SER	/mnt/c/Users/drpat/OneDrive - UGent/Desktop/PD/Phospho-fill/Validation-allPDB/pdb_cache/7b9l.cif	SER	SER	OG	CB	ok			118.79759257101173					0.0	0.0	GLN:214	GLN	OE1	3.416728188886545	HOH:704	O	7.90642269756717	0.0	33.0	hbond_like			buried				0.0	0.0		unmodified
P68400	7BU4	A	2	SER_single	1	1	1.7022731752	SER	377		1	2-335	2-335	SER	/mnt/c/Users/drpat/OneDrive - UGent/Desktop/PD/Phospho-fill/Validation-allPDB/pdb_cache/7bu4.cif	SER	SER	OG	CB	ok			-4.938529165249591					0.0	0.0	ASN:262	ASN	ND2	3.212755083789439	HOH:503	O	5.955869938243711	0.0	8.0	hbond_like			intermediate				0.0	0.0		unmodified
Q9NWZ3	7C2V	A	284	SER_single	1	1	2.44	SER	684		4	163-216,221-337,342-459	163-216,221-337,342-459	SER	/mnt/c/Users/drpat/OneDrive - UGent/Desktop/PD/Phospho-fill/Validation-allPDB/pdb_cache/7c2v.cif	SER	SER	OG	CB	ok			-119.10563612760771	HIS:286	HIS	CD2	4.83658065911154	0.0	1.0	ASP:420	ASP	OD2	4.1073235321792065	HOH:2150	O	2.9225191559310755	1.0	28.0	water_mediated_like			buried	TPO:342	TPO	37.328547198275835	0.0	0.0		unmodified
P96356	7C46	A	78	SER_single	1	1	1.93	SER	406		1	4-291	4-291	SER	/mnt/c/Users/drpat/OneDrive - UGent/Desktop/PD/Phospho-fill/Validation-allPDB/pdb_cache/7c46.cif	SER	SER	OG	CB	ok			-1.3102329628458123	ARG:76	ARG	NH2	5.523964755867459	0.0	1.0	SER:64	SER	OG	3.4208673778131145	HOH:435	O	2.6379170765203805	1.0	40.0	hbond_like			buried				0.0	0.0		unmodified
Q13526	7EFJ	A	72	SER_single	1	1	1.992	SER	494		1	6-38,50-163	6-38,50-163	SER	/mnt/c/Users/drpat/OneDrive - UGent/Desktop/PD/Phospho-fill/Validation-allPDB/pdb_cache/7efj.cif	SER	SER	OG	CB	ok			-105.86571080656405	ARG:74	ARG	NE	5.888977689892194	0.0	1.0	ASP:112	ASP	OD1	2.700929709907921	HOH:337	O	5.740795405487325	0.0	44.0	hbond_like			buried				0.0	0.0		unmodified
Q13526	7EFX	A	72	SER_single	1	1	2.41	SER	495		1	6-38,50-163	6-38,50-163	SER	/mnt/c/Users/drpat/OneDrive - UGent/Desktop/PD/Phospho-fill/Validation-allPDB/pdb_cache/7efx.cif	SER	SER	OG	CB	ok			-99.04241460659327	ARG:74	ARG	NE	5.975472062554787	0.0	1.0	ASP:112	ASP	OD1	2.722274868459719	HOH:306	O	4.159767543306278	0.0	44.0	hbond_like			buried				0.0	0.0		unmodified
Q13526	7EKV	A	72	SER_single	1	1	1.95	SER	496		1	6-38,51-163	6-38,51-163	SER	/mnt/c/Users/drpat/OneDrive - UGent/Desktop/PD/Phospho-fill/Validation-allPDB/pdb_cache/7ekv.cif	SER	SER	OG	CB	ok			-100.69095657967421	ARG:74	ARG	NE	5.860777489851931	0.0	1.0	ASP:112	ASP	OD1	2.64063644397056	HOH:361	O	4.266272007990812	0.0	44.0	hbond_like			buried				0.0	0.0		unmodified
Q13526	7F0M	A	72	SER_single	1	1	1.9	SER	497		1	6-38,51-163	6-38,51-163	SER	/mnt/c/Users/drpat/OneDrive - UGent/Desktop/PD/Phospho-fill/Validation-allPDB/pdb_cache/7f0m.cif	SER	SER	OG	CB	ok			-100.61323498412234	ARG:74	ARG	NH1	5.356827272351884	0.0	2.0	ASP:112	ASP	OD1	2.705082094926661	HOH:302	O	4.355267628733041	0.0	49.0	hbond_like			buried				0.0	0.0		unmodified
P62992	7F0U	C	65	SER_single	1	1	2.2	SER	308		1	1-76	1-76	SER	/mnt/c/Users/drpat/OneDrive - UGent/Desktop/PD/Phospho-fill/Validation-allPDB/pdb_cache/7f0u.cif	SER	SER	OG	CB	ok			105.33341048938945					0.0	0.0	GLN:62	GLN	OE1	6.462985809484141				0.0	33.0	none_obvious			buried				0.0	0.0		unmodified
Q13627	7FHS	A	301	SER_single	1	1	2.42	SER	608		2	134-408,414-481	134-408,414-481	SER	/mnt/c/Users/drpat/OneDrive - UGent/Desktop/PD/Phospho-fill/Validation-allPDB/pdb_cache/7fhs.cif	SER	SER	OG	CB	ok			-115.67625787417877	LYS:264	LYS	CE	4.589969174140786	0.0	1.0	GLN:268	GLN	NE2	4.6704829462457145	HOH:671	O	3.3897636172462446	1.0	19.0	water_mediated_like			intermediate	PTR:321	PTR	32.21837188985079	0.0	0.0		unmodified
P61006	7LWB	A	111	SER_single	1	1	1.9	SER	282		2	1-180	1-180	SER	/mnt/c/Users/drpat/OneDrive - UGent/Desktop/PD/Phospho-fill/Validation-allPDB/pdb_cache/7lwb.cif	SER	SER	OG	CB	ok			115.91917869565016	ARG:79	ARG	NE	6.437468310236835	0.0	0.0	ASP:113	ASP	OD1	4.6269526103347625	HOH:1019	O	3.2993699750744647	1.0	24.0	water_mediated_like			buried	TPO:72	TPO	20.893733721440995	0.0	0.0		unmodified
P62987	7M3Q	B	65	SER_single	1	1	2.5	SER	295		1	1-52,54-74	1-52,54-74	SER	/mnt/c/Users/drpat/OneDrive - UGent/Desktop/PD/Phospho-fill/Validation-allPDB/pdb_cache/7m3q.cif	SER	SER	OG	CB	ok			108.88821991247707					0.0	0.0	THR:66	THR	OG1	6.532578087896017				0.0	26.0	none_obvious			buried				0.0	0.0		unmodified
Q9NWF9	7M4M	A	719	SER_single	1	1	2.39	SER	650		1	600-772	600-772	SER	/mnt/c/Users/drpat/OneDrive - UGent/Desktop/PD/Phospho-fill/Validation-allPDB/pdb_cache/7m4m.cif	SER	SER	OG	CB	ok			114.43446152667475					0.0	0.0								0.0	10.0	none_obvious			intermediate				0.0	0.0		unmodified
O43318	7NTH	A	192	SER_single	1	1	1.97	SER	34		2	31-178,191-303	31-178,191-303	SER	/mnt/c/Users/drpat/OneDrive - UGent/Desktop/PD/Phospho-fill/Validation-allPDB/pdb_cache/7nth.cif	SER	SER	OG	CB	ok			114.4628791492244	LYS:158	LYS	NZ	2.609974088539486	1.0	1.0	ASP:156	ASP	OD1	2.542502811396976	HOH:1369	O	3.843368544289269	3.0	21.0	salt_bridge_like			exposed				0.0	0.0		unmodified
O43318	7NTI	A	192	SER_single	1	1	1.98	SER	35		2	31-179,191-303	31-179,191-303	SER	/mnt/c/Users/drpat/OneDrive - UGent/Desktop/PD/Phospho-fill/Validation-allPDB/pdb_cache/7nti.cif	SER	SER	OG	CB	ok			123.828880641373	LYS:158	LYS	NZ	3.1498042668062904	1.0	1.0	ASP:156	ASP	OD1	2.556253698400067	HOH:1150	O	5.560143171220886	0.0	22.0	salt_bridge_like			intermediate				0.0	0.0		unmodified
Q13627	7O7K	A	301	SER_single	1	1	1.82	SER	609		2	134-410,413-480	134-410,413-480	SER	/mnt/c/Users/drpat/OneDrive - UGent/Desktop/PD/Phospho-fill/Validation-allPDB/pdb_cache/7o7k.cif	SER	SER	OG	CB	ok			-125.6257967787357	LYS:264	LYS	CE	7.717672475529473	0.0	0.0	CYS:296	CYS	SG	5.397984205465311	HOH:901	O	2.1250669747320985	1.0	30.0	water_mediated_like			buried	PTR:321	PTR	33.42299303662582	0.0	0.0		unmodified
P62987	7OWC	A	65	SER_single	1	1	1.85	SER	296		1	1-74	1-74	SER	/mnt/c/Users/drpat/OneDrive - UGent/Desktop/PD/Phospho-fill/Validation-allPDB/pdb_cache/7owc.cif	SER	SER	OG	CB	ok			106.28071167624768					0.0	0.0	GLN:62	GLN	OE1	6.885940246352518	HOH:117	O	2.73264171222733	1.0	34.0	water_mediated_like			buried				0.0	0.0		unmodified
Q02750	7PQV	A	218	SER_single	1	1	2.13	SER	441		2	39-220,224-275,307-382	39-220,224-275,307-382	SER	/mnt/c/Users/drpat/OneDrive - UGent/Desktop/PD/Phospho-fill/Validation-allPDB/pdb_cache/7pqv.cif	SER	SER	OG	CB	ok			121.07435087058077					0.0	0.0	GLN:214	GLN	NE2	2.8292680996574404				0.0	32.0	hbond_like			buried				0.0	0.0		unmodified
P04150	7PRX	A	617	SER_single	1	1	2.2	SER	73		2	529-776	529-776	SER	/mnt/c/Users/drpat/OneDrive - UGent/Desktop/PD/Phospho-fill/Validation-allPDB/pdb_cache/7prx.cif	SER	SER	OG	CB	ok			123.9171377792358	HIS:654	HIS	ND1	4.566047863386364	0.0	1.0	HIS:654	HIS	ND1	4.566047863386364				0.0	16.0	none_obvious			intermediate				0.0	0.0		unmodified
P68400	7PSU	A	2	SER_single	1	1	1.77	SER	378		1	2-333	2-333	SER	/mnt/c/Users/drpat/OneDrive - UGent/Desktop/PD/Phospho-fill/Validation-allPDB/pdb_cache/7psu.cif	SER	SER	OG	CB	ok			8.181021612186322					0.0	0.0	ASN:262	ASN	ND2	4.029301465306682	HOH:653	O	3.3599851405004704	1.0	8.0	water_mediated_like			intermediate				0.0	0.0		unmodified
P11309	7QFM	A	276	SER_single	1	1	1.95	SER	179		2	33-46,49-305	33-46,49-305	SER	/mnt/c/Users/drpat/OneDrive - UGent/Desktop/PD/Phospho-fill/Validation-allPDB/pdb_cache/7qfm.cif	SER	SER	OG	CB	ok			-118.96144699738595					0.0	0.0	ASP:277	ASP	OD1	4.2516236892717485	HOH:509	O	2.6362319207725733	2.0	18.0	water_mediated_like			exposed	SEP:261	SEP	26.47248251573995	0.0	0.0		unmodified
Q9NWZ3	7QG1	B	284	SER_single	1	1	2.07	SER	685		4	164-216,223-336,344-458	164-216,223-336,344-458	SER	/mnt/c/Users/drpat/OneDrive - UGent/Desktop/PD/Phospho-fill/Validation-allPDB/pdb_cache/7qg1.cif	SER	SER	OG	CB	ok			-108.57935545775422	HIS:286	HIS	CD2	5.038272903171779	0.0	1.0	ASP:420	ASP	OD2	3.7948319660299585	HOH:723	O	5.179843095863787	0.0	27.0	none_obvious			buried	TPO:345	TPO	40.36677514709584	0.0	0.0		unmodified
Q9NWZ3	7QG3	B	284	SER_single	1	1	2.11	SER	686		4	164-215,222-336,343-458	164-215,222-336,343-458	SER	/mnt/c/Users/drpat/OneDrive - UGent/Desktop/PD/Phospho-fill/Validation-allPDB/pdb_cache/7qg3.cif	SER	SER	OG	CB	ok			-106.32397702102824	HIS:286	HIS	CD2	4.838996941542574	0.0	1.0	ASP:420	ASP	OD2	3.598703198660047				0.0	28.0	none_obvious			buried	TPO:345	TPO	40.505578527752746	0.0	0.0		unmodified
P68400	7QGD	A	2	SER_single	1	1	2.3	SER	379		1	2-334	2-334	SER	/mnt/c/Users/drpat/OneDrive - UGent/Desktop/PD/Phospho-fill/Validation-allPDB/pdb_cache/7qgd.cif	SER	SER	OG	CB	ok			111.92748120659483					0.0	0.0	ASN:262	ASN	OD1	6.569741973701378	HOH:765	O	4.431035864191611	0.0	2.0	none_obvious			intermediate				0.0	0.0		unmodified
P68400	7QGE	A	2	SER_single	1	1	2.27	SER	380		1	2-334	2-334	SER	/mnt/c/Users/drpat/OneDrive - UGent/Desktop/PD/Phospho-fill/Validation-allPDB/pdb_cache/7qge.cif	SER	SER	OG	CB	ok			-101.31659560608622					0.0	0.0	ASN:262	ASN	ND2	4.707254685325199	HOH:628	O	3.4085188013369656	1.0	7.0	water_mediated_like			intermediate				0.0	0.0		unmodified
Q9HCE5	7RX6	B	399	SER_single	1	1	1.8	SER	640		1	117-203,208-272,276-399	117-203,208-272,276-399	SER	/mnt/c/Users/drpat/OneDrive - UGent/Desktop/PD/Phospho-fill/Validation-allPDB/pdb_cache/7rx6.cif	SER	SER	OG	CB	ok			-129.77514630074					0.0	0.0	SER:299	SER	OG	4.189529288239933	HOH:568	O	6.3092937423714295	0.0	8.0	none_obvious			intermediate				0.0	0.0		unmodified
Q9HCE5	7RX7	B	399	SER_single	1	1	1.645	SER	641		1	116-399	116-399	SER	/mnt/c/Users/drpat/OneDrive - UGent/Desktop/PD/Phospho-fill/Validation-allPDB/pdb_cache/7rx7.cif	SER	SER	OG	CB	ok			114.01403164768847					0.0	0.0	ASN:308	ASN	OD1	6.079878886182323	HOH:511	O	2.4773732677704023	2.0	6.0	water_mediated_like			exposed				0.0	0.0		unmodified
Q9HCE5	7RX8	B	399	SER_single	1	1	1.85	SER	642		1	116-399	116-399	SER	/mnt/c/Users/drpat/OneDrive - UGent/Desktop/PD/Phospho-fill/Validation-allPDB/pdb_cache/7rx8.cif	SER	SER	OG	CB	ok			-135.06882138949558	HIS:298	HIS	NE2	4.958237539940295	0.0	1.0	SER:299	SER	OG	2.997388113385386	HOH:680	O	6.229009385303347	0.0	12.0	hbond_like			intermediate				0.0	0.0		unmodified
P36871	7S0W	A	117	SER_single	1	1	2.5	SER	272		1	1-505,511-562	1-505,511-562	SER	/mnt/c/Users/drpat/OneDrive - UGent/Desktop/PD/Phospho-fill/Validation-allPDB/pdb_cache/7s0w.cif	SER	SER	OG	CB	ok			14.994095497333278	HIS:118	HIS	ND1	3.1567972675174207	1.0	4.0	ASP:288	ASP	OD2	2.76946100422366	HOH:707	O	2.4312797585163337	2.0	45.0	salt_bridge_like			exposed				0.0	0.0		unmodified
Q5ZSZ6	7VKB	A	54	SER_single	1	1	1.82	SER	627		1	52-312	52-312	SER	/mnt/c/Users/drpat/OneDrive - UGent/Desktop/PD/Phospho-fill/Validation-allPDB/pdb_cache/7vkb.cif	SER	SER	OG	CB	ok			-30.89229133105568	HIS:199	HIS	NE2	5.173259125062403	0.0	3.0	ASP:197	ASP	OD2	2.8682638536783163	HOH:516	O	4.651691931974124	0.0	27.0	hbond_like			buried				0.0	0.0		unmodified
O06291	7VYZ	A	280	SER_single	1	1	2.401	SER	9		1	226-363,365-405,414-449,451,454-528	226-363,365-405,414-449,451,454-528	SER	/mnt/c/Users/drpat/OneDrive - UGent/Desktop/PD/Phospho-fill/Validation-allPDB/pdb_cache/7vyz.cif	SER	SER	OG	CB	ok			-114.94669466664973					0.0	0.0	ASN:278	ASN	ND2	3.4177587650992387	HOH:617	O	4.713270146019808	0.0	22.0	hbond_like			intermediate				0.0	0.0		unmodified
O06291	7VZ0	A	280	SER_single	1	1	1.95	SER	10		1	226-404,415-528	226-404,415-528	SER	/mnt/c/Users/drpat/OneDrive - UGent/Desktop/PD/Phospho-fill/Validation-allPDB/pdb_cache/7vz0.cif	SER	SER	OG	CB	ok			132.50205104331027					0.0	0.0	ASN:278	ASN	OD1	4.7256085286614455	HOH:625	O	2.837493451388375	1.0	15.0	water_mediated_like			intermediate				0.0	0.0		unmodified
O06291	7W21	A	280	SER_single	1	1	2.0	SER	11		1	226-404,415-528	226-404,415-528	SER	/mnt/c/Users/drpat/OneDrive - UGent/Desktop/PD/Phospho-fill/Validation-allPDB/pdb_cache/7w21.cif	SER	SER	OG	CB	ok			-113.94026351029002					0.0	0.0	ASN:278	ASN	OD1	3.3276607462885175	HOH:631	O	2.626640218336055	1.0	22.0	hbond_like			intermediate				0.0	0.0		unmodified
O06291	7W22	A	280	SER_single	1	1	2.01	SER	12		1	225-405,415-452,455-528	225-405,415-452,455-528	SER	/mnt/c/Users/drpat/OneDrive - UGent/Desktop/PD/Phospho-fill/Validation-allPDB/pdb_cache/7w22.cif	SER	SER	OG	CB	ok			-116.00908613492794					0.0	0.0	ASN:278	ASN	OD1	3.4880060230565517	HOH:615	O	2.4728091188185712	1.0	22.0	hbond_like			intermediate				0.0	0.0		unmodified
O06291	7W23	A	280	SER_single	1	1	1.9	SER	13		1	226-363,365-405,415-451,454-528	226-363,365-405,415-451,454-528	SER	/mnt/c/Users/drpat/OneDrive - UGent/Desktop/PD/Phospho-fill/Validation-allPDB/pdb_cache/7w23.cif	SER	SER	OG	CB	ok			-101.65646435186008					0.0	0.0	ASN:278	ASN	OD1	3.319532915695482	HOH:615	O	7.420777452461718	0.0	21.0	hbond_like			intermediate				0.0	0.0		unmodified
O06291	7W4T	A	280	SER_single	1	1	2.2	SER	14		1	226-363,365-405,414-449,451,454-528	226-363,365-405,414-449,451,454-528	SER	/mnt/c/Users/drpat/OneDrive - UGent/Desktop/PD/Phospho-fill/Validation-allPDB/pdb_cache/7w4t.cif	SER	SER	OG	CB	ok			-118.22792793129197					0.0	0.0	ASN:278	ASN	OD1	3.6252844000103477	HOH:601	O	2.3575983412816934	1.0	21.0	water_mediated_like			intermediate				0.0	0.0		unmodified
O06291	7W4U	A	280	SER_single	1	1	2.3	SER	15		1	226-405,415-453,455-528	226-405,415-453,455-528	SER	/mnt/c/Users/drpat/OneDrive - UGent/Desktop/PD/Phospho-fill/Validation-allPDB/pdb_cache/7w4u.cif	SER	SER	OG	CB	ok			-127.68627183146224					0.0	0.0	ASN:278	ASN	OD1	3.2084757313620007				0.0	23.0	hbond_like			intermediate				0.0	0.0		unmodified
O06291	7W4W	A	280	SER_single	1	1	2.0	SER	16		1	225-405,415-452,455-528	225-405,415-452,455-528	SER	/mnt/c/Users/drpat/OneDrive - UGent/Desktop/PD/Phospho-fill/Validation-allPDB/pdb_cache/7w4w.cif	SER	SER	OG	CB	ok			-104.22366292875681					0.0	0.0	ASN:278	ASN	OD1	3.8653141804546447	HOH:605	O	2.6631858801868926	1.0	22.0	water_mediated_like			intermediate				0.0	0.0		unmodified
P68400	7X4H	A	2	SER_single	1	1	1.77	SER	381		1	2-335	2-335	SER	/mnt/c/Users/drpat/OneDrive - UGent/Desktop/PD/Phospho-fill/Validation-allPDB/pdb_cache/7x4h.cif	SER	SER	OG	CB	ok			9.492344396697538					0.0	0.0	ASN:262	ASN	ND2	3.2519353422588417	HOH:734	O	3.835112828362272	1.0	8.0	hbond_like			intermediate				0.0	0.0		unmodified
P04629	7XBI	A	677	SER_single	1	1	2.16	SER	96		2	497-795	497-795	SER	/mnt/c/Users/drpat/OneDrive - UGent/Desktop/PD/Phospho-fill/Validation-allPDB/pdb_cache/7xbi.cif	SER	SER	OG	CB	ok			-127.3865441438766	ARG:682	ARG	NH2	4.24750680060801	0.0	1.0	ARG:682	ARG	NH2	4.24750680060801	HOH:916	O	2.6104638768101505	1.0	26.0	water_mediated_like			buried				0.0	0.0		unmodified
Q02750	7XLP	A	218	SER_single	1	1	2.1	SER	442		2	37-220,225-276,307-382	37-220,225-276,307-382	SER	/mnt/c/Users/drpat/OneDrive - UGent/Desktop/PD/Phospho-fill/Validation-allPDB/pdb_cache/7xlp.cif	SER	SER	OG	CB	ok			117.74220392730602					0.0	0.0	GLN:110	GLN	OE1	7.1778993966006555				0.0	27.0	none_obvious			buried				0.0	0.0		unmodified
Q02750	7XNC	A	218	SER_single	1	1	2.1	SER	443		2	37-220,224-237,240-276,307-382	37-220,224-237,240-276,307-382	SER	/mnt/c/Users/drpat/OneDrive - UGent/Desktop/PD/Phospho-fill/Validation-allPDB/pdb_cache/7xnc.cif	SER	SER	OG	CB	ok			119.68663294142627					0.0	0.0	ASP:217	ASP	OD2	6.842532853482112				0.0	27.0	none_obvious			buried				0.0	0.0		unmodified
P24864	7XQK	B	103	SER_single	1	1	2.25	SER	237		1	101-376	101-376	SER	/mnt/c/Users/drpat/OneDrive - UGent/Desktop/PD/Phospho-fill/Validation-allPDB/pdb_cache/7xqk.cif	SER	SER	OG	CB	ok			8.138542545168628	ARG:113	ARG	NE	5.609326421958762	0.0	1.0	GLU:114	GLU	OE2	4.4176432379258985	HOH:528	O	7.55239454310141	0.0	46.0	none_obvious			buried				0.0	0.0		unmodified
O75531	7Z21	C	4	SER_single	1	1	1.629	SER	48		2	4-89	4-89	SER	/mnt/c/Users/drpat/OneDrive - UGent/Desktop/PD/Phospho-fill/Validation-allPDB/pdb_cache/7z21.cif	SER	SER	OG	CB	ok			-119.185267525656	HIS:7	HIS	ND1	5.514302669709784	0.0	2.0	HIS:7	HIS	ND1	5.514302669709784	HOH:247	O	3.5746296394247805	1.0	29.0	none_obvious			buried				0.0	0.0		unmodified
P11309	7Z6U	A	276	SER_single	1	1	2.28	SER	180		2	33-46,48-80,84-98,100-305	33-46,48-80,84-98,100-305	SER	/mnt/c/Users/drpat/OneDrive - UGent/Desktop/PD/Phospho-fill/Validation-allPDB/pdb_cache/7z6u.cif	SER	SER	OG	CB	ok			-133.701538396679					0.0	0.0	ASP:277	ASP	OD1	4.684143360219808	HOH:504	O	2.571428905680017	1.0	18.0	water_mediated_like			intermediate	SEP:261	SEP	26.935427867806446	0.0	0.0		unmodified
Q13627	7ZH8	A	301	SER_single	1	1	2.3	SER	610		2	135-482	135-482	SER	/mnt/c/Users/drpat/OneDrive - UGent/Desktop/PD/Phospho-fill/Validation-allPDB/pdb_cache/7zh8.cif	SER	SER	OG	CB	ok			-103.08141325430815					0.0	0.0	GLN:268	GLN	NE2	4.61282880521535	HOH:672	O	6.0434128086736365	0.0	18.0	none_obvious			intermediate	PTR:321	PTR	31.89962423526317	0.0	0.0		unmodified
P11309	7ZUN	A	276	SER_single	1	1	2.5	SER	181		2	33-45,49-305	33-45,49-305	SER	/mnt/c/Users/drpat/OneDrive - UGent/Desktop/PD/Phospho-fill/Validation-allPDB/pdb_cache/7zun.cif	SER	SER	OG	CB	ok			-100.57242412095592	ARG:274	ARG	NH2	3.473011220258527	1.0	1.0	ARG:274	ARG	NH2	3.473011220258527	HOH:505	O	6.38640452217197	0.0	24.0	salt_bridge_like			buried	SEP:261	SEP	26.38032728313191	0.0	0.0		unmodified
P11309	8AFR	A	276	SER_single	1	1	2.15	SER	182		2	33-44,51-80,84-305	33-44,51-80,84-305	SER	/mnt/c/Users/drpat/OneDrive - UGent/Desktop/PD/Phospho-fill/Validation-allPDB/pdb_cache/8afr.cif	SER	SER	OG	CB	ok			-125.50879977027833					0.0	0.0	ASP:277	ASP	OD1	4.473102486493682	HOH:586	O	3.0506071774772607	1.0	18.0	water_mediated_like			intermediate	SEP:261	SEP	26.66218692942412	0.0	0.0		unmodified
P0A6F5	8BKZ	A	43	SER_single	1	1	2.3	SER	139		1	2-525	2-525	SER	/mnt/c/Users/drpat/OneDrive - UGent/Desktop/PD/Phospho-fill/Validation-allPDB/pdb_cache/8bkz.cif	SER	SER	OG	CB	ok			-141.3712803058781					0.0	0.0	ASP:41	ASP	OD1	7.814840936312869	HOH:887	O	5.194422404215391	0.0	10.0	none_obvious			intermediate				0.0	0.0		unmodified
P0A6F5	8BL2	A	43	SER_single	1	1	2.3	SER	140		1	2-525	2-525	SER	/mnt/c/Users/drpat/OneDrive - UGent/Desktop/PD/Phospho-fill/Validation-allPDB/pdb_cache/8bl2.cif	SER	SER	OG	CB	ok			-136.70654855265929	LYS:42	LYS	CE	7.98534099168907	0.0	0.0	ASP:41	ASP	OD1	7.380072279517518	HOH:757	O	5.2875295700792595	0.0	14.0	none_obvious			intermediate				0.0	0.0		unmodified
P0A6F5	8BMT	A	43	SER_single	1	1	2.5	SER	141		1	2-525	2-525	SER	/mnt/c/Users/drpat/OneDrive - UGent/Desktop/PD/Phospho-fill/Validation-allPDB/pdb_cache/8bmt.cif	SER	SER	OG	CB	ok			-119.62852094370704	LYS:42	LYS	CE	7.9630407750967604	0.0	0.0	GLU:59	GLU	OE1	7.7712854049284				0.0	14.0	none_obvious			intermediate				0.0	0.0		unmodified
Q13627	8C3G	A	301	SER_single	1	1	2.08	SER	611		2	134-409,413-480	134-409,413-480	SER	/mnt/c/Users/drpat/OneDrive - UGent/Desktop/PD/Phospho-fill/Validation-allPDB/pdb_cache/8c3g.cif	SER	SER	OG	CB	ok			136.52968165342062	LYS:264	LYS	NZ	4.25985205670317	0.0	1.0	LYS:264	LYS	NZ	4.25985205670317	HOH:722	O	2.8556337207537705	2.0	17.0	water_mediated_like			exposed	PTR:321	PTR	32.676903441245415	0.0	0.0		unmodified
Q13627	8C3Q	A	301	SER_single	1	1	2.32	SER	612		2	134-400,402-409,412-480	134-400,402-409,412-480	SER	/mnt/c/Users/drpat/OneDrive - UGent/Desktop/PD/Phospho-fill/Validation-allPDB/pdb_cache/8c3q.cif	SER	SER	OG	CB	ok			-104.30990577811708	LYS:264	LYS	CE	5.23834909614144	0.0	1.0	GLN:268	GLN	NE2	4.225808397303189	HOH:608	O	3.1082493741651307	1.0	20.0	water_mediated_like			intermediate	PTR:321	PTR	32.36223987884714	0.0	0.0		unmodified
Q13627	8C3R	A	301	SER_single	1	1	2.06	SER	613		2	135-480	135-480	SER	/mnt/c/Users/drpat/OneDrive - UGent/Desktop/PD/Phospho-fill/Validation-allPDB/pdb_cache/8c3r.cif	SER	SER	OG	CB	ok			-114.31125708031598	LYS:264	LYS	CE	4.488367423648561	0.0	1.0	GLN:268	GLN	NE2	4.413934936652411	HOH:631	O	2.585107034849812	1.0	20.0	water_mediated_like			intermediate	PTR:321	PTR	32.237015779124754	0.0	0.0		unmodified
P68400	8C5Q	B	2	SER_single	1	1	2.5	SER	382		1	2-332	2-332	SER	/mnt/c/Users/drpat/OneDrive - UGent/Desktop/PD/Phospho-fill/Validation-allPDB/pdb_cache/8c5q.cif	SER	SER	OG	CB	ok			-139.6324879200253					0.0	0.0	ASN:262	ASN	ND2	3.2063133989909107				0.0	8.0	hbond_like			intermediate				0.0	0.0		unmodified
Q9NWZ3	8DKS	A	284	SER_single	1	1	2.45	SER	687		4	165-216,222-336,343-344,346-459	165-216,222-336,343-344,346-459	SER	/mnt/c/Users/drpat/OneDrive - UGent/Desktop/PD/Phospho-fill/Validation-allPDB/pdb_cache/8dks.cif	SER	SER	OG	CB	ok			-115.91477229729867	HIS:286	HIS	CD2	5.252183144629553	0.0	1.0	ASP:420	ASP	OD2	3.906208837863299	HOH:608	O	4.856321609941023	0.0	29.0	none_obvious			buried	SEP:346	SEP	45.72526977100711	0.0	0.0		unmodified
Q9HW02	8EGM	A	82	SER_single	1	1	2.2	SER	645		1	16-83,86-319	16-83,86-319	SER	/mnt/c/Users/drpat/OneDrive - UGent/Desktop/PD/Phospho-fill/Validation-allPDB/pdb_cache/8egm.cif	SER	SER	OG	CB	ok			117.8628870421263	ARG:104	ARG	NE	2.77246831239517	1.0	1.0	ARG:104	ARG	NE	2.77246831239517	HOH:573	O	2.968561613256861	1.0	19.0	salt_bridge_like			intermediate				0.0	0.0		unmodified
Q9HW02	8EWA	B	82	SER_single	1	1	1.85	SER	646		1	16-194,202-322	16-194,202-322	SER	/mnt/c/Users/drpat/OneDrive - UGent/Desktop/PD/Phospho-fill/Validation-allPDB/pdb_cache/8ewa.cif	SER	SER	OG	CB	ok			-130.39993319022182	ARG:104	ARG	NH1	5.25676311051225	0.0	1.0	SER:81	SER	OG	4.465457923023229	HOH:618	O	2.8631246006899476	3.0	12.0	water_mediated_like			exposed				0.0	0.0		unmodified
Q5ZSZ6	8EZR	B	54	SER_single	1	1	1.95	SER	628		1	1-9,50-312	1-9,50-312	SER	/mnt/c/Users/drpat/OneDrive - UGent/Desktop/PD/Phospho-fill/Validation-allPDB/pdb_cache/8ezr.cif	SER	SER	OG	CB	ok			17.246847164257744	LYS:157	LYS	CE	4.164855970343306	0.0	2.0	TYR:158	TYR	OH	3.0064166778904493				0.0	32.0	hbond_like			buried				0.0	0.0		unmodified
Q5ZSZ6	8EZS	B	54	SER_single	1	1	2.47	SER	629		1	3-9,53-312	3-9,53-312	SER	/mnt/c/Users/drpat/OneDrive - UGent/Desktop/PD/Phospho-fill/Validation-allPDB/pdb_cache/8ezs.cif	SER	SER	OG	CB	ok			-10.558314500246151	LYS:157	LYS	NZ	4.352699135182013	0.0	2.0	LYS:157	LYS	NZ	4.352699135182013	HOH:535	O	5.821652416619457	0.0	30.0	none_obvious			buried				0.0	0.0		unmodified
P24864	8H6P	B	103	SER_single	1	1	2.44	SER	238		1	103-373	103-373	SER	/mnt/c/Users/drpat/OneDrive - UGent/Desktop/PD/Phospho-fill/Validation-allPDB/pdb_cache/8h6p.cif	SER	SER	OG	CB	ok			139.91550085518762	ARG:113	ARG	NE	6.925106785258792	0.0	0.0	GLU:114	GLU	OE1	2.6684725740600057				0.0	22.0	hbond_like			intermediate				0.0	0.0		unmodified
P62508	8IFO	B	179	SER_single	1	1	2.2	SER	283		1	124-203	124-203	SER	/mnt/c/Users/drpat/OneDrive - UGent/Desktop/PD/Phospho-fill/Validation-allPDB/pdb_cache/8ifo.cif	SER	SER	OG	CB	ok			-106.05023577003591	ARG:176	ARG	NE	5.600491881806123	0.0	1.0	ARG:176	ARG	NE	5.600491881806123	HOH:411	O	6.121810376600748	0.0	25.0	none_obvious			buried				0.0	0.0		unmodified
P62987	8IPJ	B	65	SER_single	1	1	2.003	SER	297		1	1-8,10-72	1-8,10-72	SER	/mnt/c/Users/drpat/OneDrive - UGent/Desktop/PD/Phospho-fill/Validation-allPDB/pdb_cache/8ipj.cif	SER	SER	OG	CB	ok			111.26276245021796					0.0	0.0	GLN:62	GLN	NE2	6.927709166480319	HOH:124	O	7.027974323256273	0.0	32.0	none_obvious			buried				0.0	0.0		unmodified
P04629	8J5W	A	677	SER_single	1	1	2.28041464539	SER	97		2	485-489,499-548,551-607,610-795	485-489,499-548,551-607,610-795	SER	/mnt/c/Users/drpat/OneDrive - UGent/Desktop/PD/Phospho-fill/Validation-allPDB/pdb_cache/8j5w.cif	SER	SER	OG	CB	ok			123.16636590092298	ARG:682	ARG	NE	7.740394947720955	0.0	0.0	ASP:674	ASP	OD2	6.071437208440567				0.0	23.0	none_obvious			intermediate				0.0	0.0		unmodified
P04629	8J5X	A	677	SER_single	1	1	2.09192247704	SER	98		2	500-795	500-795	SER	/mnt/c/Users/drpat/OneDrive - UGent/Desktop/PD/Phospho-fill/Validation-allPDB/pdb_cache/8j5x.cif	SER	SER	OG	CB	ok			-112.2698216947904	ARG:682	ARG	NH2	7.543397614329965	0.0	0.0	ASP:674	ASP	OD1	5.89441338908598	HOH:918	O	2.567973962218538	5.0	22.0	water_mediated_like			exposed				0.0	0.0		unmodified
P68400	8P05	A	2	SER_single	1	1	2.45	SER	383		1	2-330	2-330	SER	/mnt/c/Users/drpat/OneDrive - UGent/Desktop/PD/Phospho-fill/Validation-allPDB/pdb_cache/8p05.cif	SER	SER	OG	CB	ok			-126.42884902761796					0.0	0.0	ASN:262	ASN	ND2	3.731735959590339				0.0	7.0	none_obvious			intermediate				0.0	0.0		unmodified
P68400	8P06	A	2	SER_single	1	1	2.4	SER	384		1	2-332	2-332	SER	/mnt/c/Users/drpat/OneDrive - UGent/Desktop/PD/Phospho-fill/Validation-allPDB/pdb_cache/8p06.cif	SER	SER	OG	CB	ok			-113.32862597359346					0.0	0.0	ASN:262	ASN	ND2	5.3051073991707325				0.0	5.0	none_obvious			intermediate				0.0	0.0		unmodified
P68400	8P07	A	2	SER_single	1	1	2.4	SER	385		1	2-332	2-332	SER	/mnt/c/Users/drpat/OneDrive - UGent/Desktop/PD/Phospho-fill/Validation-allPDB/pdb_cache/8p07.cif	SER	SER	OG	CB	ok			-97.47570465180978					0.0	0.0	ASN:262	ASN	ND2	5.623867967838899				0.0	5.0	none_obvious			intermediate				0.0	0.0		unmodified
P0A6F5	8P4M	A	43	SER_single	1	1	2.5	SER	142		1	2-525	2-525	SER	/mnt/c/Users/drpat/OneDrive - UGent/Desktop/PD/Phospho-fill/Validation-allPDB/pdb_cache/8p4m.cif	SER	SER	OG	CB	ok			-119.26076565029454					0.0	0.0	ASP:41	ASP	OD1	7.922114411634532				0.0	15.0	none_obvious			intermediate				0.0	0.0		unmodified
O75385	8P5G	B	87	SER_single	1	1	2.019	SER	41		2	8-148,154-279	8-148,154-279	SER	/mnt/c/Users/drpat/OneDrive - UGent/Desktop/PD/Phospho-fill/Validation-allPDB/pdb_cache/8p5g.cif	SER	SER	OG	CB	ok			-113.27417851065586					0.0	0.0	GLN:82	GLN	OE1	4.517163041187577	HOH:426	O	2.6882762277166194	1.0	32.0	water_mediated_like			buried	TPO:180	TPO	25.53682883490839	0.0	0.0		unmodified
O75385	8P5H	A	87	SER_single	1	1	1.941	SER	42		2	8-149,154-280	8-149,154-280	SER	/mnt/c/Users/drpat/OneDrive - UGent/Desktop/PD/Phospho-fill/Validation-allPDB/pdb_cache/8p5h.cif	SER	SER	OG	CB	ok			-117.22186252208496					0.0	0.0	GLN:82	GLN	OE1	4.689372992542154	HOH:447	O	2.7553224645230077	2.0	28.0	water_mediated_like			exposed	TPO:180	TPO	25.476843747617608	0.0	0.0		unmodified
O75385	8P5I	B	87	SER_single	1	1	1.829	SER	43		2	8-280	8-280	SER	/mnt/c/Users/drpat/OneDrive - UGent/Desktop/PD/Phospho-fill/Validation-allPDB/pdb_cache/8p5i.cif	SER	SER	OG	CB	ok			-111.81507307071978	ARG:18	ARG	NH2	7.872200412345177	0.0	0.0	TYR:89	TYR	OH	4.746894374158465	HOH:412	O	2.5764472496766246	2.0	32.0	water_mediated_like			exposed	TPO:180	TPO	25.577477237404192	0.0	0.0		unmodified
O75385	8P5J	A	87	SER_single	1	1	2.164	SER	44		2	8-149,153-279	8-149,153-279	SER	/mnt/c/Users/drpat/OneDrive - UGent/Desktop/PD/Phospho-fill/Validation-allPDB/pdb_cache/8p5j.cif	SER	SER	OG	CB	ok			-111.18155005980904					0.0	0.0	GLN:82	GLN	OE1	4.832654520854635	HOH:457	O	2.7523274571560266	3.0	30.0	water_mediated_like			exposed	TPO:180	TPO	25.413978993653902	0.0	0.0		unmodified
O75385	8P5K	B	87	SER_single	1	1	2.209	SER	45		2	8-280	8-280	SER	/mnt/c/Users/drpat/OneDrive - UGent/Desktop/PD/Phospho-fill/Validation-allPDB/pdb_cache/8p5k.cif	SER	SER	OG	CB	ok			-109.59085158091361					0.0	0.0	GLN:82	GLN	OE1	4.756842710710011	HOH:485	O	4.791113166674888	0.0	32.0	none_obvious			buried	TPO:180	TPO	25.721442779615405	0.0	0.0		unmodified
O75385	8P5L	A	87	SER_single	1	1	1.836	SER	46		2	8-149,154-280	8-149,154-280	SER	/mnt/c/Users/drpat/OneDrive - UGent/Desktop/PD/Phospho-fill/Validation-allPDB/pdb_cache/8p5l.cif	SER	SER	OG	CB	ok			-107.93159668443224					0.0	0.0	GLN:82	GLN	OE1	4.542233005558892	HOH:412	O	2.4831196918991534	3.0	31.0	water_mediated_like			exposed	TPO:180	TPO	25.672674577423184	0.0	0.0		unmodified
P19097	8PRW	A	1440	SER_single	1	1	1.9	SER	197		1	1-94,328-539,602-1825,1833-1886	1-94,328-539,602-1825,1833-1886	SER	/mnt/c/Users/drpat/OneDrive - UGent/Desktop/PD/Phospho-fill/Validation-allPDB/pdb_cache/8prw.cif	SER	SER	OG	CB	ok			-0.09422409589783408	ARG:1518	ARG	NH1	5.093746925149031	0.0	1.0	ASP:1516	ASP	OD2	3.8527807252086825	HOH:2766	O	4.481492896340704	0.0	32.0	none_obvious			buried				0.0	0.0		unmodified
P68400	8PVO	A	2	SER_single	1	1	2.25	SER	386		1	2-331	2-331	SER	/mnt/c/Users/drpat/OneDrive - UGent/Desktop/PD/Phospho-fill/Validation-allPDB/pdb_cache/8pvo.cif	SER	SER	OG	CB	ok			-120.916694285416					0.0	0.0	ASN:262	ASN	ND2	4.243744792430916				0.0	7.0	none_obvious			intermediate				0.0	0.0		unmodified
P68400	8QQB	A	2	SER_single	1	1	2.26	SER	387		1	2-331	2-331	SER	/mnt/c/Users/drpat/OneDrive - UGent/Desktop/PD/Phospho-fill/Validation-allPDB/pdb_cache/8qqb.cif	SER	SER	OG	CB	ok			114.7833444602307					0.0	0.0	ASN:262	ASN	OD1	5.3187261931591				0.0	6.0	none_obvious			intermediate				0.0	0.0		unmodified
P11309	8R0H	A	276	SER_single	1	1	1.88	SER	183		2	33-305	33-305	SER	/mnt/c/Users/drpat/OneDrive - UGent/Desktop/PD/Phospho-fill/Validation-allPDB/pdb_cache/8r0h.cif	SER	SER	OG	CB	ok			-122.99261223781764	ARG:274	ARG	CZ	3.1322816203160126	1.0	1.0	ARG:274	ARG	NE	3.235726724528681	HOH:566	O	6.178579509569893	0.0	23.0	salt_bridge_like			intermediate	SEP:261	SEP	26.748812886217287	0.0	0.0		unmodified
P11309	8R0Q	A	276	SER_single	1	1	1.7	SER	184		2	33-79,86-305	33-79,86-305	SER	/mnt/c/Users/drpat/OneDrive - UGent/Desktop/PD/Phospho-fill/Validation-allPDB/pdb_cache/8r0q.cif	SER	SER	OG	CB	ok			-116.15406420730208	ARG:274	ARG	NE	2.8728641940303077	1.0	1.0	ARG:274	ARG	NE	2.8728641940303077	HOH:526	O	3.894360371165411	1.0	23.0	salt_bridge_like			intermediate	SEP:261	SEP	26.657437379773526	0.0	0.0		unmodified
P11309	8R0W	A	276	SER_single	1	1	1.95	SER	185		2	33-305	33-305	SER	/mnt/c/Users/drpat/OneDrive - UGent/Desktop/PD/Phospho-fill/Validation-allPDB/pdb_cache/8r0w.cif	SER	SER	OG	CB	ok			114.85233232080027	HIS:219	HIS	ND1	7.864900889334911	0.0	0.0	ASP:277	ASP	OD1	6.267817112453361	HOH:540	O	4.162914611809846	0.0	10.0	none_obvious			intermediate	SEP:261	SEP	27.991848783163864	0.0	0.0		unmodified
P11309	8R0Y	A	276	SER_single	1	1	2.05	SER	186		2	33-47,50-305	33-47,50-305	SER	/mnt/c/Users/drpat/OneDrive - UGent/Desktop/PD/Phospho-fill/Validation-allPDB/pdb_cache/8r0y.cif	SER	SER	OG	CB	ok			-123.99483155715235					0.0	0.0	ASP:277	ASP	OD1	4.309976397913924	HOH:548	O	3.013979667788297	1.0	17.0	water_mediated_like			intermediate	SEP:261	SEP	26.764980968610395	0.0	0.0		unmodified
P11309	8R10	A	276	SER_single	1	1	2.2	SER	187		2	33-45,51-80,84-97,100-305	33-45,51-80,84-97,100-305	SER	/mnt/c/Users/drpat/OneDrive - UGent/Desktop/PD/Phospho-fill/Validation-allPDB/pdb_cache/8r10.cif	SER	SER	OG	CB	ok			-117.72534765859137					0.0	0.0	ASP:277	ASP	OD1	4.2700867688518125	HOH:566	O	3.072757962520163	1.0	17.0	water_mediated_like			intermediate	SEP:261	SEP	26.603254216798717	0.0	0.0		unmodified
P11309	8R18	A	276	SER_single	1	1	1.89	SER	188		2	33-305	33-305	SER	/mnt/c/Users/drpat/OneDrive - UGent/Desktop/PD/Phospho-fill/Validation-allPDB/pdb_cache/8r18.cif	SER	SER	OG	CB	ok			116.8138070295091	ARG:274	ARG	NE	6.784887392855051	0.0	0.0	ASP:277	ASP	OD1	6.344421787359827	HOH:526	O	4.170368847440805	0.0	11.0	none_obvious			intermediate	SEP:261	SEP	28.006516558675642	0.0	0.0		unmodified
P11309	8R1K	A	276	SER_single	1	1	1.95	SER	189		2	33-305	33-305	SER	/mnt/c/Users/drpat/OneDrive - UGent/Desktop/PD/Phospho-fill/Validation-allPDB/pdb_cache/8r1k.cif	SER	SER	OG	CB	ok			-119.10575601722034					0.0	0.0	ASP:277	ASP	OD1	4.417786175879672	HOH:526	O	6.223508055376588	0.0	17.0	none_obvious			intermediate	SEP:261	SEP	26.662325091221348	0.0	0.0		unmodified
P11309	8R1N	A	276	SER_single	1	1	2.21	SER	190		2	34-305	34-305	SER	/mnt/c/Users/drpat/OneDrive - UGent/Desktop/PD/Phospho-fill/Validation-allPDB/pdb_cache/8r1n.cif	SER	SER	OG	CB	ok			103.83223191885395	ARG:274	ARG	NE	7.260752937965759	0.0	0.0	ASP:277	ASP	OD1	6.272230494097165	HOH:570	O	5.641997712346454	0.0	9.0	none_obvious			intermediate	SEP:261	SEP	27.949188643600717	0.0	0.0		unmodified
P11309	8R1P	A	276	SER_single	1	1	2.45	SER	191		2	33-44,49-305	33-44,49-305	SER	/mnt/c/Users/drpat/OneDrive - UGent/Desktop/PD/Phospho-fill/Validation-allPDB/pdb_cache/8r1p.cif	SER	SER	OG	CB	ok			-110.82133881360758					0.0	0.0	ASP:277	ASP	OD1	4.219082964154256	HOH:544	O	3.242729205181395	1.0	18.0	water_mediated_like			intermediate	SEP:261	SEP	26.55242872527636	0.0	0.0		unmodified
P11309	8R1T	A	276	SER_single	1	1	2.0	SER	192		2	33-305	33-305	SER	/mnt/c/Users/drpat/OneDrive - UGent/Desktop/PD/Phospho-fill/Validation-allPDB/pdb_cache/8r1t.cif	SER	SER	OG	CB	ok			108.1036280080327	HIS:219	HIS	ND1	7.749779383374672	0.0	0.0	ASP:277	ASP	OD1	6.321122971310047	HOH:564	O	5.492080831915964	0.0	10.0	none_obvious			intermediate	SEP:261	SEP	27.960397704609598	0.0	0.0		unmodified
P11309	8R1W	A	276	SER_single	1	1	2.15	SER	193		2	33-45,49-305	33-45,49-305	SER	/mnt/c/Users/drpat/OneDrive - UGent/Desktop/PD/Phospho-fill/Validation-allPDB/pdb_cache/8r1w.cif	SER	SER	OG	CB	ok			-118.35585224768036					0.0	0.0	ASP:277	ASP	OD1	4.2413729468611585	HOH:572	O	3.0771390544790673	1.0	18.0	water_mediated_like			intermediate	SEP:261	SEP	26.51750222356421	0.0	0.0		unmodified
P11309	8R25	A	276	SER_single	1	1	2.1	SER	194		2	33-305	33-305	SER	/mnt/c/Users/drpat/OneDrive - UGent/Desktop/PD/Phospho-fill/Validation-allPDB/pdb_cache/8r25.cif	SER	SER	OG	CB	ok			-121.75710617385005					0.0	0.0	ASP:277	ASP	OD1	4.254549026046139	HOH:573	O	3.03524899823474	1.0	18.0	water_mediated_like			intermediate	SEP:261	SEP	26.51634652746662	0.0	0.0		unmodified
P11309	8R27	A	276	SER_single	1	1	1.95	SER	195		2	33-80,82-305	33-80,82-305	SER	/mnt/c/Users/drpat/OneDrive - UGent/Desktop/PD/Phospho-fill/Validation-allPDB/pdb_cache/8r27.cif	SER	SER	OG	CB	ok			113.77472708243062	HIS:219	HIS	ND1	7.777046038899134	0.0	0.0	ASP:277	ASP	OD1	6.285486082102529	HOH:549	O	5.597636111912134	0.0	10.0	none_obvious			intermediate	SEP:261	SEP	28.03696824018594	0.0	0.0		unmodified
Q13627	8R8E	A	301	SER_single	1	1	2.22	SER	614		2	135-481	135-481	SER	/mnt/c/Users/drpat/OneDrive - UGent/Desktop/PD/Phospho-fill/Validation-allPDB/pdb_cache/8r8e.cif	SER	SER	OG	CB	ok			-114.11904453460204					0.0	0.0	GLN:268	GLN	NE2	4.601876522193542	HOH:644	O	6.407403412805935	0.0	19.0	none_obvious			intermediate	PTR:321	PTR	32.06167939120435	0.0	0.0		unmodified
P96356	8RR6	A	78	SER_single	1	1	1.78	SER	407		1	4-291	4-291	SER	/mnt/c/Users/drpat/OneDrive - UGent/Desktop/PD/Phospho-fill/Validation-allPDB/pdb_cache/8rr6.cif	SER	SER	OG	CB	ok			-3.055899950134742	ARG:76	ARG	NH2	5.6849431690192676	0.0	1.0	SER:64	SER	OG	3.9927361323710087	HOH:358	O	3.6236847428874546	1.0	30.0	none_obvious			buried				0.0	0.0		unmodified
Q9NWZ3	8SCE	B	284	SER_single	1	1	1.89	SER	688		4	164-216,220-336,342-458	164-216,220-336,342-458	SER	/mnt/c/Users/drpat/OneDrive - UGent/Desktop/PD/Phospho-fill/Validation-allPDB/pdb_cache/8sce.cif	SER	SER	OG	CB	ok			-109.18248658684851	HIS:286	HIS	ND1	4.944838145078442	0.0	1.0	ASP:420	ASP	OD2	3.910906179273843	HOH:711	O	3.197454886462269	2.0	27.0	water_mediated_like			exposed	TPO:342	TPO	36.39025714536413	0.0	0.0		unmodified
Q13627	8T2H	B	301	SER_single	1	1	1.85	SER	615		2	135-408,414-481	135-408,414-481	SER	/mnt/c/Users/drpat/OneDrive - UGent/Desktop/PD/Phospho-fill/Validation-allPDB/pdb_cache/8t2h.cif	SER	SER	OG	CB	ok			-119.97935816391973	LYS:264	LYS	NZ	4.583474457142337	0.0	1.0	GLN:268	GLN	NE2	4.4822458354236	HOH:644	O	2.618534321136033	4.0	21.0	water_mediated_like			exposed	PTR:321	PTR	40.12566767506208	0.0	0.0		unmodified
Q9NWZ3	8TVM	B	284	SER_single	1	1	2.1	SER	689		4	164-217,220-336,342-459	164-217,220-336,342-459	SER	/mnt/c/Users/drpat/OneDrive - UGent/Desktop/PD/Phospho-fill/Validation-allPDB/pdb_cache/8tvm.cif	SER	SER	OG	CB	ok			-101.3478711413136	HIS:286	HIS	CD2	5.56716556991481	0.0	1.0	ASP:420	ASP	OD2	3.6448503403906476	HOH:666	O	3.658608851471598	1.0	28.0	none_obvious			buried	TPO:342	TPO	37.30889271142233	0.0	0.0		unmodified
Q9NWZ3	8TVN	B	284	SER_single	1	1	1.95	SER	690		4	164-216,220-255,257-335,342-459	164-216,220-255,257-335,342-459	SER	/mnt/c/Users/drpat/OneDrive - UGent/Desktop/PD/Phospho-fill/Validation-allPDB/pdb_cache/8tvn.cif	SER	SER	OG	CB	ok			-106.18635376731535	HIS:286	HIS	CD2	4.831573205200644	0.0	1.0	ASP:420	ASP	OD2	4.0097676958852855	HOH:694	O	3.028392154365584	1.0	27.0	water_mediated_like			buried	TPO:342	TPO	37.228862473280415	0.0	0.0		unmodified
Q9NWZ3	8TX0	B	284	SER_single	1	1	2.0	SER	691		4	164-337,342-459	164-337,342-459	SER	/mnt/c/Users/drpat/OneDrive - UGent/Desktop/PD/Phospho-fill/Validation-allPDB/pdb_cache/8tx0.cif	SER	SER	OG	CB	ok			-111.03049638551379	HIS:286	HIS	CD2	4.975007188132791	0.0	1.0	ASP:420	ASP	OD2	3.9250291554889425	HOH:647	O	2.8184765966567737	2.0	29.0	water_mediated_like			exposed	TPO:342	TPO	37.415967982790825	0.0	0.0		unmodified
Q9NWZ3	8UCB	D	284	SER_single	1	1	1.85	SER	692		4	163-219,221-336,342-459	163-219,221-336,342-459	SER	/mnt/c/Users/drpat/OneDrive - UGent/Desktop/PD/Phospho-fill/Validation-allPDB/pdb_cache/8ucb.cif	SER	SER	OG	CB	ok			-112.87920702034525	HIS:286	HIS	CD2	4.922385238068367	0.0	1.0	ASP:420	ASP	OD2	3.787643996947172	HOH:624	O	2.6184693679489364	2.0	29.0	water_mediated_like			exposed	TPO:342	TPO	37.192342721109235	0.0	0.0		unmodified
Q9NWZ3	8V2F	C	284	SER_single	1	1	2.09	SER	693		4	160-459	160-459	SER	/mnt/c/Users/drpat/OneDrive - UGent/Desktop/PD/Phospho-fill/Validation-allPDB/pdb_cache/8v2f.cif	SER	SER	OG	CB	ok			-110.25635144493913	HIS:286	HIS	CD2	4.818166290925318	0.0	1.0	ASP:420	ASP	OD2	3.9554080493719512	HOH:654	O	2.7332868398602153	2.0	27.0	water_mediated_like			exposed	TPO:342	TPO	37.28945540746932	0.0	0.0		unmodified
Q9NWZ3	8V2L	B	284	SER_single	1	1	2.43	SER	694		4	163-336,342-459	163-336,342-459	SER	/mnt/c/Users/drpat/OneDrive - UGent/Desktop/PD/Phospho-fill/Validation-allPDB/pdb_cache/8v2l.cif	SER	SER	OG	CB	ok			-99.49859111070684	HIS:286	HIS	CD2	4.7232816294218525	0.0	1.0	ASP:420	ASP	OD2	3.3973975639713383	HOH:647	O	3.5759375853077926	1.0	30.0	hbond_like			buried	TPO:342	TPO	35.106087154647746	0.0	0.0		unmodified
Q13526	8VJD	A	72	SER_single	1	1	1.57	SER	498		1	7-38,51-163	7-38,51-163	SER	/mnt/c/Users/drpat/OneDrive - UGent/Desktop/PD/Phospho-fill/Validation-allPDB/pdb_cache/8vjd.cif	SER	SER	OG	CB	ok			-102.31299835958866	ARG:74	ARG	NE	5.669786833675931	0.0	1.0	ASP:112	ASP	OD1	2.808724992176603	HOH:354	O	4.440548093517364	0.0	46.0	hbond_like			buried				0.0	0.0		unmodified
Q13526	8VJE	A	72	SER_single	1	1	1.7	SER	499		1	7-38,51-163	7-38,51-163	SER	/mnt/c/Users/drpat/OneDrive - UGent/Desktop/PD/Phospho-fill/Validation-allPDB/pdb_cache/8vje.cif	SER	SER	OG	CB	ok			-100.97424603589947	ARG:74	ARG	NE	5.813979598358755	0.0	1.0	ASP:112	ASP	OD1	2.6541656243777294	HOH:370	O	4.301711315911882	0.0	43.0	hbond_like			buried				0.0	0.0		unmodified
Q13526	8VJF	A	72	SER_single	1	1	1.7	SER	500		1	7-38,51-163	7-38,51-163	SER	/mnt/c/Users/drpat/OneDrive - UGent/Desktop/PD/Phospho-fill/Validation-allPDB/pdb_cache/8vjf.cif	SER	SER	OG	CB	ok			-99.30299357158741	ARG:74	ARG	NE	5.788021596042092	0.0	1.0	ASP:112	ASP	OD1	2.642125209945387	HOH:357	O	4.187861602602752	0.0	44.0	hbond_like			buried				0.0	0.0		unmodified
Q13526	8VJG	A	72	SER_single	1	1	1.58	SER	501		1	7-38,51-163	7-38,51-163	SER	/mnt/c/Users/drpat/OneDrive - UGent/Desktop/PD/Phospho-fill/Validation-allPDB/pdb_cache/8vjg.cif	SER	SER	OG	CB	ok			-101.67745625132531	ARG:74	ARG	NE	5.8704702574921335	0.0	1.0	ASP:112	ASP	OD1	2.6915004037929386	HOH:358	O	4.372249927149695	0.0	42.0	hbond_like			buried				0.0	0.0		unmodified
P04150	8VKZ	A	617	SER_single	1	1	2.133	SER	74		2	529-633,637-702,709-777	529-633,637-702,709-777	SER	/mnt/c/Users/drpat/OneDrive - UGent/Desktop/PD/Phospho-fill/Validation-allPDB/pdb_cache/8vkz.cif	SER	SER	OG	CB	ok			4.677988235530368					0.0	0.0	ASN:630	ASN	ND2	5.951770924228443	HOH:1043	O	4.193748321714799	0.0	15.0	none_obvious			intermediate				0.0	0.0		unmodified
Q13526	8VZ3	A	72	SER_single	1	1	1.65	SER	502		1	7-38,51-163	7-38,51-163	SER	/mnt/c/Users/drpat/OneDrive - UGent/Desktop/PD/Phospho-fill/Validation-allPDB/pdb_cache/8vz3.cif	SER	SER	OG	CB	ok			-108.13287946902733	ARG:74	ARG	NE	5.4274871995661	0.0	1.0	ASP:112	ASP	OD1	2.7913667919063085	HOH:1067	O	4.377382678445879	0.0	45.0	hbond_like			buried				0.0	0.0		unmodified
Q13526	8VZ5	A	72	SER_single	1	1	1.95	SER	503		1	7-38,51-163	7-38,51-163	SER	/mnt/c/Users/drpat/OneDrive - UGent/Desktop/PD/Phospho-fill/Validation-allPDB/pdb_cache/8vz5.cif	SER	SER	OG	CB	ok			-98.79795204313542	ARG:74	ARG	NE	5.792516301534847	0.0	1.0	ASP:112	ASP	OD1	2.6959211364386384	HOH:1031	O	4.281686527806727	0.0	44.0	hbond_like			buried				0.0	0.0		unmodified
Q13526	8W11	B	72	SER_single	1	1	2.2	SER	504		1	6-39,50-163	6-39,50-163	SER	/mnt/c/Users/drpat/OneDrive - UGent/Desktop/PD/Phospho-fill/Validation-allPDB/pdb_cache/8w11.cif	SER	SER	OG	CB	ok			-102.56405155924051	ARG:74	ARG	NE	5.737777417189616	0.0	1.0	ASP:112	ASP	OD1	2.744097234944066	HOH:631	O	4.386393728994632	0.0	42.0	hbond_like			buried				0.0	0.0		unmodified
Q9NWZ3	8W3W	A	284	SER_single	1	1	1.976	SER	695		4	162-460	162-460	SER	/mnt/c/Users/drpat/OneDrive - UGent/Desktop/PD/Phospho-fill/Validation-allPDB/pdb_cache/8w3w.cif	SER	SER	OG	CB	ok			-117.796717666332	HIS:286	HIS	CD2	4.7023742941863444	0.0	1.0	ASP:420	ASP	OD2	4.004453385493363	HOH:635	O	2.7161318474003098	2.0	28.0	water_mediated_like			exposed	TPO:342	TPO	37.57395410574807	0.0	0.0		unmodified
Q9NWZ3	8W3X	A	284	SER_single	1	1	1.765	SER	696		4	162-216,222-336,342-460	162-216,222-336,342-460	SER	/mnt/c/Users/drpat/OneDrive - UGent/Desktop/PD/Phospho-fill/Validation-allPDB/pdb_cache/8w3x.cif	SER	SER	OG	CB	ok			-115.9338274882348	HIS:286	HIS	CD2	4.76461517326734	0.0	1.0	ASP:420	ASP	OD2	4.0009657387540765	HOH:636	O	2.7033119594471193	1.0	28.0	water_mediated_like			buried	TPO:342	TPO	37.86990047780728	0.0	0.0		unmodified
P96356	8XHR	A	78	SER_single	1	1	2.1	SER	408		1	4-291	4-291	SER	/mnt/c/Users/drpat/OneDrive - UGent/Desktop/PD/Phospho-fill/Validation-allPDB/pdb_cache/8xhr.cif	SER	SER	OG	CB	ok			-124.1427711945024	ARG:32	ARG	NH2	5.279508713494727	0.0	1.0	GLU:67	GLU	OE1	2.8309725095061675	HOH:571	O	3.2686430723013693	1.0	33.0	hbond_like			buried				0.0	0.0		unmodified
Q13627	8YEV	A	301	SER_single	1	1	2.25152331476	SER	616		2	135-480	135-480	SER	/mnt/c/Users/drpat/OneDrive - UGent/Desktop/PD/Phospho-fill/Validation-allPDB/pdb_cache/8yev.cif	SER	SER	OG	CB	ok			-117.76681635990244	LYS:264	LYS	CE	4.119974715198588	0.0	1.0	GLN:268	GLN	NE2	4.434398342430669	HOH:787	O	5.219894467357845	0.0	20.0	none_obvious			intermediate	PTR:321	PTR	32.350704242224516	0.0	0.0		unmodified
P42336	9B4U	A	158	SER_single	1	1	2.21	SER	276		3	157-298	157-298	SER	/mnt/c/Users/drpat/OneDrive - UGent/Desktop/PD/Phospho-fill/Validation-allPDB/pdb_cache/9b4u.cif	SER	SER	OG	CB	ok			-100.95262263552353	HIS:160	HIS	ND1	5.213236621338997	0.0	1.0	SER:161	SER	OG	3.375274521916933	HOH:1103	O	6.45042977774446	0.0	24.0	hbond_like			buried				0.0	0.0		unmodified
P24864	9BJC	B	103	SER_single	1	1	2.22	SER	239		1	101-377	101-377	SER	/mnt/c/Users/drpat/OneDrive - UGent/Desktop/PD/Phospho-fill/Validation-allPDB/pdb_cache/9bjc.cif	SER	SER	OG	CB	ok			24.07268712825399	ARG:113	ARG	NE	4.593162738109115	0.0	1.0	TRP:117	TRP	NE1	4.500015973920243				0.0	41.0	none_obvious			buried				0.0	0.0		unmodified
Q13627	9CY5	B	301	SER_single	1	1	2.49	SER	617		2	135-408,414-481	135-408,414-481	SER	/mnt/c/Users/drpat/OneDrive - UGent/Desktop/PD/Phospho-fill/Validation-allPDB/pdb_cache/9cy5.cif	SER	SER	OG	CB	ok			-111.32112405228054	LYS:264	LYS	NZ	4.5722006018078245	0.0	1.0	LYS:264	LYS	NZ	4.5722006018078245	HOH:606	O	6.185075887708367	0.0	20.0	none_obvious			intermediate	PTR:321	PTR	32.190477205918924	0.0	0.0		unmodified
P68400	9EPV	A	2	SER_single	1	1	2.3	SER	388		1	2-330	2-330	SER	/mnt/c/Users/drpat/OneDrive - UGent/Desktop/PD/Phospho-fill/Validation-allPDB/pdb_cache/9epv.cif	SER	SER	OG	CB	ok			-115.13385304869914					0.0	0.0	ASN:262	ASN	ND2	4.321245723441119				0.0	6.0	none_obvious			intermediate				0.0	0.0		unmodified
O75385	9F32	A	87	SER_single	1	1	2.1	SER	47		2	8-51,65-149,157-166,182-282	8-51,65-149,157-166,182-282	SER	/mnt/c/Users/drpat/OneDrive - UGent/Desktop/PD/Phospho-fill/Validation-allPDB/pdb_cache/9f32.cif	SER	SER	OG	CB	ok			-115.99720030315005	LYS:50	LYS	CE	5.930665565758531	0.0	1.0	TYR:89	TYR	OH	4.021608747985726	HOH:404	O	3.507510056793286	1.0	33.0	none_obvious			buried				0.0	0.0		unmodified
P68400	9FBL	B	2	SER_single	1	1	2.18	SER	389		1	1-331	1-331	SER	/mnt/c/Users/drpat/OneDrive - UGent/Desktop/PD/Phospho-fill/Validation-allPDB/pdb_cache/9fbl.cif	SER	SER	OG	CB	ok			124.0547222469333					0.0	0.0	ASN:262	ASN	ND2	4.405428527784648				0.0	10.0	none_obvious			intermediate				0.0	0.0		unmodified
P68400	9FBM	B	2	SER_single	1	1	2.054	SER	390		1	1-332	1-332	SER	/mnt/c/Users/drpat/OneDrive - UGent/Desktop/PD/Phospho-fill/Validation-allPDB/pdb_cache/9fbm.cif	SER	SER	OG	CB	ok			121.30684295590049					0.0	0.0	ASN:262	ASN	ND2	4.830075164017325	HOH:589	O	5.153484016319366	0.0	13.0	none_obvious			intermediate				0.0	0.0		unmodified
P68400	9GCW	A	2	SER_single	1	1	1.86	SER	391		1	2-331	2-331	SER	/mnt/c/Users/drpat/OneDrive - UGent/Desktop/PD/Phospho-fill/Validation-allPDB/pdb_cache/9gcw.cif	SER	SER	OG	CB	ok			120.85756809753674					0.0	0.0	ASN:262	ASN	ND2	5.595707295131077				0.0	4.0	none_obvious			intermediate				0.0	0.0		unmodified
P68400	9H97	A	2	SER_single	1	1	1.7	SER	392		1	2-334	2-334	SER	/mnt/c/Users/drpat/OneDrive - UGent/Desktop/PD/Phospho-fill/Validation-allPDB/pdb_cache/9h97.cif	SER	SER	OG	CB	ok			109.43047251705035					0.0	0.0	ASN:262	ASN	ND2	6.678504690000426				0.0	1.0	none_obvious			intermediate				0.0	0.0		unmodified
P68400	9H9D	A	2	SER_single	1	1	2.09	SER	393		1	2-329	2-329	SER	/mnt/c/Users/drpat/OneDrive - UGent/Desktop/PD/Phospho-fill/Validation-allPDB/pdb_cache/9h9d.cif	SER	SER	OG	CB	ok			131.71588889473878					0.0	0.0	ASN:262	ASN	ND2	4.376493339123038				0.0	6.0	none_obvious			intermediate				0.0	0.0		unmodified
P68400	9HKS	A	2	SER_single	1	1	2.4	SER	394		1	2-331	2-331	SER	/mnt/c/Users/drpat/OneDrive - UGent/Desktop/PD/Phospho-fill/Validation-allPDB/pdb_cache/9hks.cif	SER	SER	OG	CB	ok			-171.16520438859922					0.0	0.0	ASN:262	ASN	ND2	6.535530362783683				0.0	4.0	none_obvious			intermediate				0.0	0.0		unmodified
P68400	9HL7	B	2	SER_single	1	1	2.28	SER	395		1	2-332	2-332	SER	/mnt/c/Users/drpat/OneDrive - UGent/Desktop/PD/Phospho-fill/Validation-allPDB/pdb_cache/9hl7.cif	SER	SER	OG	CB	ok			-6.2227195543119125					0.0	0.0	ASN:262	ASN	OD1	4.783545865766666				0.0	6.0	none_obvious			intermediate				0.0	0.0		unmodified
P68400	9HPH	A	2	SER_single	1	1	2.16	SER	396		1	2-332	2-332	SER	/mnt/c/Users/drpat/OneDrive - UGent/Desktop/PD/Phospho-fill/Validation-allPDB/pdb_cache/9hph.cif	SER	SER	OG	CB	ok			3.2084338289631793					0.0	0.0	ASN:262	ASN	ND2	5.05158768876757				0.0	8.0	none_obvious			intermediate				0.0	0.0		unmodified
P68400	9HXU	A	2	SER_single	1	1	2.2	SER	397		1	2-332	2-332	SER	/mnt/c/Users/drpat/OneDrive - UGent/Desktop/PD/Phospho-fill/Validation-allPDB/pdb_cache/9hxu.cif	SER	SER	OG	CB	ok			113.63211291179624					0.0	0.0	ASN:262	ASN	ND2	5.336679805557794				0.0	2.0	none_obvious			intermediate				0.0	0.0		unmodified
P68400	9HYH	A	2	SER_single	1	1	1.96	SER	398		1	2-333	2-333	SER	/mnt/c/Users/drpat/OneDrive - UGent/Desktop/PD/Phospho-fill/Validation-allPDB/pdb_cache/9hyh.cif	SER	SER	OG	CB	ok			-128.26584173222355					0.0	0.0	ASN:262	ASN	ND2	3.5329421725538634				0.0	8.0	none_obvious			intermediate				0.0	0.0		unmodified
P68400	9HZH	A	2	SER_single	1	1	2.07	SER	399		1	2-332	2-332	SER	/mnt/c/Users/drpat/OneDrive - UGent/Desktop/PD/Phospho-fill/Validation-allPDB/pdb_cache/9hzh.cif	SER	SER	OG	CB	ok			116.34518649838135					0.0	0.0	ASN:262	ASN	OD1	4.284562779477683				0.0	6.0	none_obvious			intermediate				0.0	0.0		unmodified
P08200	9ICD	A	113	SER_single	1	1	2.5	SER	135		1	3-416	3-416	SER	/mnt/c/Users/drpat/OneDrive - UGent/Desktop/PD/Phospho-fill/Validation-allPDB/pdb_cache/9icd.cif	SER	SER	OG	CB	ok			-1.5263950817322045	ARG:119	ARG	NH1	5.822217513985852	0.0	1.0	THR:105	THR	OG1	4.5313962551600895	HOH:516	O	2.7224852339113816	1.0	26.0	water_mediated_like			buried				0.0	0.0		unmodified
Q13526	9INN	A	72	SER_single	1	1	2.08	SER	505		1	51-163	51-163	SER	/mnt/c/Users/drpat/OneDrive - UGent/Desktop/PD/Phospho-fill/Validation-allPDB/pdb_cache/9inn.cif	SER	SER	OG	CB	ok			-112.32880704955095	ARG:74	ARG	NE	5.623277951940025	0.0	2.0	ASP:112	ASP	OD1	2.7108496815157888	HOH:302	O	4.0430095643549055	0.0	48.0	hbond_like			buried				0.0	0.0		unmodified
Q13526	9INO	B	72	SER_single	1	1	2.13	SER	506		1	48-163	48-163	SER	/mnt/c/Users/drpat/OneDrive - UGent/Desktop/PD/Phospho-fill/Validation-allPDB/pdb_cache/9ino.cif	SER	SER	OG	CB	ok			-99.12901385413294	ARG:74	ARG	NE	5.634979688172984	0.0	2.0	ASP:112	ASP	OD1	2.776554297060987	HOH:329	O	4.416056070955551	0.0	45.0	hbond_like			buried				0.0	0.0		unmodified
Q13526	9INQ	A	72	SER_single	1	1	2.17	SER	507		1	51-163	51-163	SER	/mnt/c/Users/drpat/OneDrive - UGent/Desktop/PD/Phospho-fill/Validation-allPDB/pdb_cache/9inq.cif	SER	SER	OG	CB	ok			-110.78116760050776	ARG:74	ARG	NE	5.610699005397152	0.0	2.0	ASP:112	ASP	OD1	2.8385755139525015	HOH:306	O	4.2201740218165185	0.0	48.0	hbond_like			buried				0.0	0.0		unmodified
Q13526	9INR	A	72	SER_single	1	1	1.93	SER	508		1	7-38,51-163	7-38,51-163	SER	/mnt/c/Users/drpat/OneDrive - UGent/Desktop/PD/Phospho-fill/Validation-allPDB/pdb_cache/9inr.cif	SER	SER	OG	CB	ok			-106.60191816167891	LYS:63	LYS	CE	5.778111769810307	0.0	2.0	ASP:112	ASP	OD1	2.7308547519485002	HOH:323	O	4.120645284271856	0.0	45.0	hbond_like			buried				0.0	0.0		unmodified
Q13526	9IT1	A	72	SER_single	1	1	2.0	SER	509		1	7-38,51-163	7-38,51-163	SER	/mnt/c/Users/drpat/OneDrive - UGent/Desktop/PD/Phospho-fill/Validation-allPDB/pdb_cache/9it1.cif	SER	SER	OG	CB	ok			-99.65007547033747	ARG:74	ARG	NE	5.699131453397579	0.0	1.0	ASP:112	ASP	OD1	2.9033064144575835	HOH:310	O	5.305832993104847	0.0	43.0	hbond_like			buried				0.0	0.0		unmodified
Q9QZL0	9IWW	B	184	SER_single	1	1	1.93	SER	708		3	13-168,183-227,241-313	13-168,183-227,241-313	SER	/mnt/c/Users/drpat/OneDrive - UGent/Desktop/PD/Phospho-fill/Validation-allPDB/pdb_cache/9iww.cif	SER	SER	OG	CB	ok			-116.88878122647844	LYS:145	LYS	NZ	6.215206147358518	0.0	0.0	ASP:143	ASP	OD2	5.16722426911832	HOH:529	O	5.321706108393829	0.0	28.0	none_obvious			buried				0.0	0.0		unmodified
Q13526	9JJS	B	72	SER_single	1	1	1.52	SER	510		1	48-163	48-163	SER	/mnt/c/Users/drpat/OneDrive - UGent/Desktop/PD/Phospho-fill/Validation-allPDB/pdb_cache/9jjs.cif	SER	SER	OG	CB	ok			-101.36644499654568	ARG:74	ARG	NE	5.808038703085442	0.0	1.0	ASP:112	ASP	OD1	2.760102868600049	HOH:324	O	4.340191285516778	0.0	45.0	hbond_like			buried				0.0	0.0		unmodified
Q13526	9JJZ	B	72	SER_single	1	1	1.61	SER	511		1	49-163	49-163	SER	/mnt/c/Users/drpat/OneDrive - UGent/Desktop/PD/Phospho-fill/Validation-allPDB/pdb_cache/9jjz.cif	SER	SER	OG	CB	ok			-96.90508609741502	ARG:74	ARG	NE	5.784375595376984	0.0	1.0	ASP:112	ASP	OD1	2.755230864792834	HOH:337	O	4.28800264818426	0.0	44.0	hbond_like			buried				0.0	0.0		unmodified
Q13526	9JYO	A	72	SER_single	1	1	1.6	SER	512		1	6-39,51-163	6-39,51-163	SER	/mnt/c/Users/drpat/OneDrive - UGent/Desktop/PD/Phospho-fill/Validation-allPDB/pdb_cache/9jyo.cif	SER	SER	OG	CB	ok			-107.26575115217277	ARG:74	ARG	NE	5.824567034305518	0.0	1.0	ASP:112	ASP	OD1	2.713207714280566	HOH:449	O	4.249867806369244	0.0	44.0	hbond_like			buried				0.0	0.0		unmodified
Q13526	9JYP	A	72	SER_single	1	1	1.6	SER	513		1	6-39,51-163	6-39,51-163	SER	/mnt/c/Users/drpat/OneDrive - UGent/Desktop/PD/Phospho-fill/Validation-allPDB/pdb_cache/9jyp.cif	SER	SER	OG	CB	ok			-96.77772056556054	ARG:74	ARG	NE	5.788260045856679	0.0	1.0	ASP:112	ASP	OD1	2.7874401593310543	HOH:460	O	4.298051389481028	0.0	44.0	hbond_like			buried				0.0	0.0		unmodified
Q13526	9JYR	A	72	SER_single	1	1	1.65	SER	514		1	6-39,51-163	6-39,51-163	SER	/mnt/c/Users/drpat/OneDrive - UGent/Desktop/PD/Phospho-fill/Validation-allPDB/pdb_cache/9jyr.cif	SER	SER	OG	CB	ok			-97.0905303195191	ARG:74	ARG	NE	5.863542742781898	0.0	1.0	ASP:112	ASP	OD1	2.654733524733139	HOH:420	O	4.105136058096314	0.0	44.0	hbond_like			buried				0.0	0.0		unmodified
Q13526	9JYS	A	72	SER_single	1	1	1.75	SER	515		1	6-39,51-163	6-39,51-163	SER	/mnt/c/Users/drpat/OneDrive - UGent/Desktop/PD/Phospho-fill/Validation-allPDB/pdb_cache/9jys.cif	SER	SER	OG	CB	ok			-96.79314243668045	ARG:74	ARG	NE	5.738026300186248	0.0	1.0	ASP:112	ASP	OD1	2.6552451918322237	HOH:456	O	4.2483436660979805	0.0	44.0	hbond_like			buried				0.0	0.0		unmodified
Q13526	9JYT	A	72	SER_single	1	1	1.85	SER	516		1	7-38,51-163	7-38,51-163	SER	/mnt/c/Users/drpat/OneDrive - UGent/Desktop/PD/Phospho-fill/Validation-allPDB/pdb_cache/9jyt.cif	SER	SER	OG	CB	ok			-96.24304384177742	ARG:74	ARG	NE	5.845398785481111	0.0	1.0	ASP:112	ASP	OD1	2.709415940820657	HOH:359	O	4.376462136602461	0.0	44.0	hbond_like			buried				0.0	0.0		unmodified
Q13526	9JYV	A	72	SER_single	1	1	1.8	SER	517		1	6-39,51-163	6-39,51-163	SER	/mnt/c/Users/drpat/OneDrive - UGent/Desktop/PD/Phospho-fill/Validation-allPDB/pdb_cache/9jyv.cif	SER	SER	OG	CB	ok			-98.09612462156056	ARG:74	ARG	NE	5.760835423417186	0.0	1.0	ASP:112	ASP	OD1	2.708317328858115	HOH:350	O	4.149769304062716	0.0	44.0	hbond_like			buried				0.0	0.0		unmodified
Q13526	9JZ2	A	72	SER_single	1	1	1.55	SER	518		1	6-39,51-163	6-39,51-163	SER	/mnt/c/Users/drpat/OneDrive - UGent/Desktop/PD/Phospho-fill/Validation-allPDB/pdb_cache/9jz2.cif	SER	SER	OG	CB	ok			-98.84174309471254	ARG:74	ARG	NE	5.828807911172334	0.0	1.0	ASP:112	ASP	OD1	2.758707040722219	HOH:440	O	4.233587541144837	0.0	44.0	hbond_like			buried				0.0	0.0		unmodified
Q13526	9JZ3	A	72	SER_single	1	1	1.98	SER	519		1	6-39,51-163	6-39,51-163	SER	/mnt/c/Users/drpat/OneDrive - UGent/Desktop/PD/Phospho-fill/Validation-allPDB/pdb_cache/9jz3.cif	SER	SER	OG	CB	ok			-96.41318331109765	ARG:74	ARG	NE	5.75920645266493	0.0	1.0	ASP:112	ASP	OD1	2.5902408531118684	HOH:447	O	4.18085705745229	0.0	43.0	hbond_like			buried				0.0	0.0		unmodified
Q13526	9JZ4	A	72	SER_single	1	1	1.82	SER	520		1	6-39,51-163	6-39,51-163	SER	/mnt/c/Users/drpat/OneDrive - UGent/Desktop/PD/Phospho-fill/Validation-allPDB/pdb_cache/9jz4.cif	SER	SER	OG	CB	ok			-95.94569938689364	ARG:74	ARG	NE	5.7598693968166526	0.0	1.0	ASP:112	ASP	OD1	2.8126350948407968	HOH:469	O	4.370367668527134	0.0	43.0	hbond_like			buried				0.0	0.0		unmodified
Q13526	9JZ6	A	72	SER_single	1	1	1.65	SER	521		1	6-39,51-163	6-39,51-163	SER	/mnt/c/Users/drpat/OneDrive - UGent/Desktop/PD/Phospho-fill/Validation-allPDB/pdb_cache/9jz6.cif	SER	SER	OG	CB	ok			-97.26983244120781	ARG:74	ARG	NE	5.803651878286564	0.0	1.0	ASP:112	ASP	OD1	2.680239942195218	HOH:458	O	4.380969339304935	0.0	46.0	hbond_like			buried				0.0	0.0		unmodified
Q13526	9JZG	A	72	SER_single	1	1	1.76	SER	522		1	6-39,51-163	6-39,51-163	SER	/mnt/c/Users/drpat/OneDrive - UGent/Desktop/PD/Phospho-fill/Validation-allPDB/pdb_cache/9jzg.cif	SER	SER	OG	CB	ok			-97.18473402713238	ARG:74	ARG	NE	5.768818693465152	0.0	1.0	ASP:112	ASP	OD1	2.710999674415656	HOH:451	O	4.470607476551637	0.0	44.0	hbond_like			buried				0.0	0.0		unmodified
Q13526	9JZS	A	72	SER_single	1	1	1.91	SER	523		1	6-39,51-163	6-39,51-163	SER	/mnt/c/Users/drpat/OneDrive - UGent/Desktop/PD/Phospho-fill/Validation-allPDB/pdb_cache/9jzs.cif	SER	SER	OG	CB	ok			-97.4977546934201	ARG:74	ARG	NE	5.791490914017131	0.0	1.0	ASP:112	ASP	OD1	2.62626613270163	HOH:438	O	4.208843232908834	0.0	44.0	hbond_like			buried				0.0	0.0		unmodified
Q13526	9JZU	A	72	SER_single	1	1	1.68	SER	524		1	6-39,51-163	6-39,51-163	SER	/mnt/c/Users/drpat/OneDrive - UGent/Desktop/PD/Phospho-fill/Validation-allPDB/pdb_cache/9jzu.cif	SER	SER	OG	CB	ok			-97.39546981981533	ARG:74	ARG	NE	5.9122939648495505	0.0	1.0	ASP:112	ASP	OD1	2.7704416826297225	HOH:426	O	4.184127309498061	0.0	44.0	hbond_like			buried				0.0	0.0		unmodified
Q13526	9JZV	A	72	SER_single	1	1	1.9	SER	525		1	6-39,51-163	6-39,51-163	SER	/mnt/c/Users/drpat/OneDrive - UGent/Desktop/PD/Phospho-fill/Validation-allPDB/pdb_cache/9jzv.cif	SER	SER	OG	CB	ok			-97.23028012268631	ARG:74	ARG	NE	5.958160038864449	0.0	1.0	ASP:112	ASP	OD2	2.731093777058352	HOH:343	O	4.529488354623653	0.0	41.0	hbond_like			buried				0.0	0.0		unmodified
Q13526	9KE5	A	72	SER_single	1	1	2.05	SER	526		1	6-39,51-163	6-39,51-163	SER	/mnt/c/Users/drpat/OneDrive - UGent/Desktop/PD/Phospho-fill/Validation-allPDB/pdb_cache/9ke5.cif	SER	SER	OG	CB	ok			-87.34598783516408	ARG:74	ARG	NE	5.612230839767812	0.0	2.0	ASP:112	ASP	OD1	2.8162481758531075	HOH:335	O	4.17371764409311	0.0	44.0	hbond_like			buried				0.0	0.0		unmodified
Q13526	9KE7	A	72	SER_single	1	1	1.68	SER	527		1	7-38,51-163	7-38,51-163	SER	/mnt/c/Users/drpat/OneDrive - UGent/Desktop/PD/Phospho-fill/Validation-allPDB/pdb_cache/9ke7.cif	SER	SER	OG	CB	ok			-93.02482356269199	ARG:74	ARG	NE	5.741341769327735	0.0	1.0	ASP:112	ASP	OD1	2.7346779716724683	HOH:447	O	4.201403402376644	0.0	44.0	hbond_like			buried				0.0	0.0		unmodified
Q13526	9KE9	A	72	SER_single	1	1	2.25	SER	528		1	6-39,51-163	6-39,51-163	SER	/mnt/c/Users/drpat/OneDrive - UGent/Desktop/PD/Phospho-fill/Validation-allPDB/pdb_cache/9ke9.cif	SER	SER	OG	CB	ok			-102.08487479428646	ARG:74	ARG	NE	5.817908604436893	0.0	1.0	ASP:112	ASP	OD1	2.5804354227376254	HOH:335	O	4.296026119615546	0.0	44.0	hbond_like			buried				0.0	0.0		unmodified
Q13526	9KEB	A	72	SER_single	1	1	1.65	SER	529		1	7-38,51-163	7-38,51-163	SER	/mnt/c/Users/drpat/OneDrive - UGent/Desktop/PD/Phospho-fill/Validation-allPDB/pdb_cache/9keb.cif	SER	SER	OG	CB	ok			-100.22197606806387	ARG:74	ARG	NE	5.8736171217224085	0.0	1.0	ASP:112	ASP	OD1	2.7233267407132726	HOH:463	O	4.322599654527522	0.0	44.0	hbond_like			buried				0.0	0.0		unmodified
Q13526	9KEC	A	72	SER_single	1	1	1.68	SER	530		1	7-38,51-163	7-38,51-163	SER	/mnt/c/Users/drpat/OneDrive - UGent/Desktop/PD/Phospho-fill/Validation-allPDB/pdb_cache/9kec.cif	SER	SER	OG	CB	ok			-93.01278715597321	ARG:74	ARG	NE	5.800508951242641	0.0	1.0	ASP:112	ASP	OD1	2.715996661354308	HOH:372	O	4.287565887893603	0.0	44.0	hbond_like			buried				0.0	0.0		unmodified
Q13526	9KEL	A	72	SER_single	1	1	1.96	SER	531		1	7-38,51-163	7-38,51-163	SER	/mnt/c/Users/drpat/OneDrive - UGent/Desktop/PD/Phospho-fill/Validation-allPDB/pdb_cache/9kel.cif	SER	SER	OG	CB	ok			-100.03560032560051	ARG:74	ARG	NE	5.86097224890421	0.0	1.0	ASP:112	ASP	OD1	2.7637951517035932	HOH:341	O	4.38771435033225	0.0	42.0	hbond_like			buried				0.0	0.0		unmodified
Q13526	9KEQ	A	72	SER_single	1	1	1.53	SER	532		1	6-39,51-163	6-39,51-163	SER	/mnt/c/Users/drpat/OneDrive - UGent/Desktop/PD/Phospho-fill/Validation-allPDB/pdb_cache/9keq.cif	SER	SER	OG	CB	ok			-97.2166605225838	ARG:74	ARG	NE	5.80637452906578	0.0	1.0	ASP:112	ASP	OD1	2.762228601634609	HOH:373	O	4.378579163046932	0.0	43.0	hbond_like			buried				0.0	0.0		unmodified
Q13526	9KES	A	72	SER_single	1	1	1.62	SER	533		1	6-39,51-163	6-39,51-163	SER	/mnt/c/Users/drpat/OneDrive - UGent/Desktop/PD/Phospho-fill/Validation-allPDB/pdb_cache/9kes.cif	SER	SER	OG	CB	ok			-88.18183518066978	ARG:74	ARG	NE	5.8018580680722005	0.0	1.0	ASP:112	ASP	OD1	2.7844650998161438	HOH:368	O	4.348373062065443	0.0	44.0	hbond_like			buried				0.0	0.0		unmodified
Q13526	9KEW	A	72	SER_single	1	1	1.6	SER	534		1	6-39,51-163	6-39,51-163	SER	/mnt/c/Users/drpat/OneDrive - UGent/Desktop/PD/Phospho-fill/Validation-allPDB/pdb_cache/9kew.cif	SER	SER	OG	CB	ok			-97.88931215783327	ARG:74	ARG	NE	5.860345088351599	0.0	1.0	ASP:112	ASP	OD1	2.7576120600467475	HOH:353	O	4.227762895935613	0.0	44.0	hbond_like			buried				0.0	0.0		unmodified
Q13526	9KEY	A	72	SER_single	1	1	2.49	SER	535		1	6-39,51-163	6-39,51-163	SER	/mnt/c/Users/drpat/OneDrive - UGent/Desktop/PD/Phospho-fill/Validation-allPDB/pdb_cache/9key.cif	SER	SER	OG	CB	ok			-97.771872243129	ARG:74	ARG	NE	5.859449802199675	0.0	1.0	ASP:112	ASP	OD1	2.6238697205801818	HOH:321	O	4.922850488240262	0.0	46.0	hbond_like			buried				0.0	0.0		unmodified
Q13526	9KEZ	A	72	SER_single	1	1	1.95	SER	536		1	6-39,51-163	6-39,51-163	SER	/mnt/c/Users/drpat/OneDrive - UGent/Desktop/PD/Phospho-fill/Validation-allPDB/pdb_cache/9kez.cif	SER	SER	OG	CB	ok			-97.81557922066023	ARG:74	ARG	NE	5.82316671639851	0.0	1.0	ASP:112	ASP	OD1	2.679937971344023	HOH:437	O	4.343132591799965	0.0	45.0	hbond_like			buried				0.0	0.0		unmodified
Q13526	9KF0	A	72	SER_single	1	1	1.82	SER	537		1	6-39,51-163	6-39,51-163	SER	/mnt/c/Users/drpat/OneDrive - UGent/Desktop/PD/Phospho-fill/Validation-allPDB/pdb_cache/9kf0.cif	SER	SER	OG	CB	ok			-98.0375593968785	ARG:74	ARG	NE	5.7229434128945655	0.0	1.0	ASP:112	ASP	OD1	2.6269762660641933	HOH:434	O	4.136719827240191	0.0	44.0	hbond_like			buried				0.0	0.0		unmodified
Q13526	9KFC	A	72	SER_single	1	1	1.56	SER	538		1	6-39,51-163	6-39,51-163	SER	/mnt/c/Users/drpat/OneDrive - UGent/Desktop/PD/Phospho-fill/Validation-allPDB/pdb_cache/9kfc.cif	SER	SER	OG	CB	ok			-97.588628609535	ARG:74	ARG	NE	5.903500083224954	0.0	1.0	ASP:112	ASP	OD1	2.679301270037676	HOH:470	O	4.261013618274207	0.0	46.0	hbond_like			buried				0.0	0.0		unmodified
Q13526	9KFH	A	72	SER_single	1	1	1.59	SER	539		1	6-39,51-163	6-39,51-163	SER	/mnt/c/Users/drpat/OneDrive - UGent/Desktop/PD/Phospho-fill/Validation-allPDB/pdb_cache/9kfh.cif	SER	SER	OG	CB	ok			-97.28958611982954	ARG:74	ARG	NE	5.783210335292991	0.0	1.0	ASP:112	ASP	OD1	2.6425226366302357	HOH:455	O	4.168810337285567	0.0	44.0	hbond_like			buried				0.0	0.0		unmodified
Q13526	9KFZ	A	72	SER_single	1	1	1.43	SER	540		1	6-39,51-163	6-39,51-163	SER	/mnt/c/Users/drpat/OneDrive - UGent/Desktop/PD/Phospho-fill/Validation-allPDB/pdb_cache/9kfz.cif	SER	SER	OG	CB	ok			-97.89050929762293	ARG:74	ARG	NE	5.788468258800839	0.0	1.0	ASP:112	ASP	OD1	2.705753811398993	HOH:451	O	4.291969093450845	0.0	44.0	hbond_like			buried				0.0	0.0		unmodified
Q13526	9KG9	A	72	SER_single	1	1	1.55	SER	541		1	6-39,51-163	6-39,51-163	SER	/mnt/c/Users/drpat/OneDrive - UGent/Desktop/PD/Phospho-fill/Validation-allPDB/pdb_cache/9kg9.cif	SER	SER	OG	CB	ok			-98.12451856536406	ARG:74	ARG	NE	5.776193827153509	0.0	1.0	ASP:112	ASP	OD1	2.7269247483623915	HOH:465	O	4.274310084996671	0.0	44.0	hbond_like			buried				0.0	0.0		unmodified
Q13526	9KGO	A	72	SER_single	1	1	1.62	SER	542		1	6-39,51-163	6-39,51-163	SER	/mnt/c/Users/drpat/OneDrive - UGent/Desktop/PD/Phospho-fill/Validation-allPDB/pdb_cache/9kgo.cif	SER	SER	OG	CB	ok			-96.20788575825675	ARG:74	ARG	NE	5.854420206784902	0.0	1.0	ASP:112	ASP	OD1	2.6888714643510463	HOH:387	O	4.291139930475923	0.0	44.0	hbond_like			buried				0.0	0.0		unmodified
Q13526	9KX1	A	72	SER_single	1	1	1.7	SER	543		1	6-39,51-163	6-39,51-163	SER	/mnt/c/Users/drpat/OneDrive - UGent/Desktop/PD/Phospho-fill/Validation-allPDB/pdb_cache/9kx1.cif	SER	SER	OG	CB	ok			-96.9989770705285	ARG:74	ARG	NE	5.855749125412156	0.0	1.0	ASP:112	ASP	OD1	2.658449994992654	HOH:457	O	4.319826699811154	0.0	41.0	hbond_like			buried				0.0	0.0		unmodified
Q13526	9KX7	A	72	SER_single	1	1	1.53	SER	544		1	6-39,51-163	6-39,51-163	SER	/mnt/c/Users/drpat/OneDrive - UGent/Desktop/PD/Phospho-fill/Validation-allPDB/pdb_cache/9kx7.cif	SER	SER	OG	CB	ok			-97.87466982352984	ARG:74	ARG	NE	5.872300773786096	0.0	1.0	ASP:112	ASP	OD1	2.7610174125391342	HOH:367	O	4.321832881886718	0.0	44.0	hbond_like			buried				0.0	0.0		unmodified
Q13526	9KX9	A	72	SER_single	1	1	1.62	SER	545		1	6-39,51-163	6-39,51-163	SER	/mnt/c/Users/drpat/OneDrive - UGent/Desktop/PD/Phospho-fill/Validation-allPDB/pdb_cache/9kx9.cif	SER	SER	OG	CB	ok			-97.9647583109119	ARG:74	ARG	NE	5.745345234197437	0.0	1.0	ASP:112	ASP	OD1	2.6746227433016028	HOH:440	O	4.166584538567245	0.0	44.0	hbond_like			buried				0.0	0.0		unmodified
Q13526	9KXC	A	72	SER_single	1	1	1.53	SER	546		1	6-39,51-163	6-39,51-163	SER	/mnt/c/Users/drpat/OneDrive - UGent/Desktop/PD/Phospho-fill/Validation-allPDB/pdb_cache/9kxc.cif	SER	SER	OG	CB	ok			-98.10523327659541	ARG:74	ARG	NE	5.802689181696723	0.0	1.0	ASP:112	ASP	OD1	2.777768671109069	HOH:339	O	4.195165437688864	0.0	44.0	hbond_like			buried				0.0	0.0		unmodified
Q13526	9KXD	A	72	SER_single	1	1	1.6	SER	547		1	6-39,51-163	6-39,51-163	SER	/mnt/c/Users/drpat/OneDrive - UGent/Desktop/PD/Phospho-fill/Validation-allPDB/pdb_cache/9kxd.cif	SER	SER	OG	CB	ok			-97.75073801042187	ARG:74	ARG	NE	5.766331468516066	0.0	1.0	ASP:112	ASP	OD1	2.7556703076492197	HOH:453	O	4.271213244589089	0.0	44.0	hbond_like			buried				0.0	0.0		unmodified
Q13526	9KXE	A	72	SER_single	1	1	1.61	SER	548		1	6-39,51-163	6-39,51-163	SER	/mnt/c/Users/drpat/OneDrive - UGent/Desktop/PD/Phospho-fill/Validation-allPDB/pdb_cache/9kxe.cif	SER	SER	OG	CB	ok			-97.85582413944483	ARG:74	ARG	NE	5.735488658123485	0.0	1.0	ASP:112	ASP	OD1	2.7032678820629807	HOH:352	O	4.234772776939248	0.0	44.0	hbond_like			buried				0.0	0.0		unmodified
Q13526	9KXF	A	72	SER_single	1	1	1.71	SER	549		1	6-39,51-163	6-39,51-163	SER	/mnt/c/Users/drpat/OneDrive - UGent/Desktop/PD/Phospho-fill/Validation-allPDB/pdb_cache/9kxf.cif	SER	SER	OG	CB	ok			-98.0155457248226	ARG:74	ARG	NE	5.738873576262605	0.0	1.0	ASP:112	ASP	OD1	2.6934849818044864	HOH:480	O	4.444391899693746	0.0	43.0	hbond_like			buried				0.0	0.0		unmodified
Q13526	9KXG	A	72	SER_single	1	1	1.58	SER	550		1	6-39,51-163	6-39,51-163	SER	/mnt/c/Users/drpat/OneDrive - UGent/Desktop/PD/Phospho-fill/Validation-allPDB/pdb_cache/9kxg.cif	SER	SER	OG	CB	ok			-99.26306767591448	ARG:74	ARG	NE	5.810859701936879	0.0	1.0	ASP:112	ASP	OD1	2.6448615978194816	HOH:467	O	4.3989888114032905	0.0	44.0	hbond_like			buried				0.0	0.0		unmodified
Q13526	9KXH	A	72	SER_single	1	1	1.68	SER	551		1	6-39,51-163	6-39,51-163	SER	/mnt/c/Users/drpat/OneDrive - UGent/Desktop/PD/Phospho-fill/Validation-allPDB/pdb_cache/9kxh.cif	SER	SER	OG	CB	ok			-97.62968354636186	ARG:74	ARG	NE	5.783385829128278	0.0	1.0	ASP:112	ASP	OD1	2.7371922378350457	HOH:446	O	4.705985348044504	0.0	44.0	hbond_like			buried				0.0	0.0		unmodified
Q13526	9KXI	A	72	SER_single	1	1	1.77	SER	552		1	6-39,51-163	6-39,51-163	SER	/mnt/c/Users/drpat/OneDrive - UGent/Desktop/PD/Phospho-fill/Validation-allPDB/pdb_cache/9kxi.cif	SER	SER	OG	CB	ok			-97.86863838860762	ARG:74	ARG	NE	5.807013572886049	0.0	1.0	ASP:112	ASP	OD1	2.6420066302418896	HOH:472	O	4.3617572826806725	0.0	44.0	hbond_like			buried				0.0	0.0		unmodified
Q13526	9KXJ	A	72	SER_single	1	1	1.57	SER	553		1	6-39,51-163	6-39,51-163	SER	/mnt/c/Users/drpat/OneDrive - UGent/Desktop/PD/Phospho-fill/Validation-allPDB/pdb_cache/9kxj.cif	SER	SER	OG	CB	ok			-98.18311272977176	ARG:74	ARG	NE	5.711883114286763	0.0	1.0	ASP:112	ASP	OD1	2.6798567851793194	HOH:485	O	4.311742904578643	0.0	44.0	hbond_like			buried				0.0	0.0		unmodified
Q13526	9KXK	A	72	SER_single	1	1	1.96	SER	554		1	6-39,51-163	6-39,51-163	SER	/mnt/c/Users/drpat/OneDrive - UGent/Desktop/PD/Phospho-fill/Validation-allPDB/pdb_cache/9kxk.cif	SER	SER	OG	CB	ok			-96.03067575039874	ARG:74	ARG	NE	5.69533901452654	0.0	1.0	ASP:112	ASP	OD1	2.646977779922456	HOH:406	O	7.280714212658811	0.0	43.0	hbond_like			buried				0.0	0.0		unmodified
Q13526	9KXL	A	72	SER_single	1	1	1.7	SER	555		1	6-39,51-163	6-39,51-163	SER	/mnt/c/Users/drpat/OneDrive - UGent/Desktop/PD/Phospho-fill/Validation-allPDB/pdb_cache/9kxl.cif	SER	SER	OG	CB	ok			-97.35796024281638	ARG:74	ARG	NE	5.681678975727632	0.0	1.0	ASP:112	ASP	OD1	2.7335551310271806	HOH:445	O	4.362264003685974	0.0	42.0	hbond_like			buried				0.0	0.0		unmodified
Q13526	9KXM	A	72	SER_single	1	1	1.64	SER	556		1	6-39,51-163	6-39,51-163	SER	/mnt/c/Users/drpat/OneDrive - UGent/Desktop/PD/Phospho-fill/Validation-allPDB/pdb_cache/9kxm.cif	SER	SER	OG	CB	ok			-97.37376266352466	ARG:74	ARG	NE	5.780984767915553	0.0	1.0	ASP:112	ASP	OD1	2.6752379705830944	HOH:434	O	4.232663468530533	0.0	44.0	hbond_like			buried				0.0	0.0		unmodified
Q13526	9KXN	A	72	SER_single	1	1	1.67	SER	557		1	7-38,51-163	7-38,51-163	SER	/mnt/c/Users/drpat/OneDrive - UGent/Desktop/PD/Phospho-fill/Validation-allPDB/pdb_cache/9kxn.cif	SER	SER	OG	CB	ok			-85.1478097782438	ARG:74	ARG	NE	5.899980902358759	0.0	1.0	ASP:112	ASP	OD1	2.8070471698924577	HOH:448	O	4.372340320593991	0.0	40.0	hbond_like			buried				0.0	0.0		unmodified
Q13526	9KXO	A	72	SER_single	1	1	1.75	SER	558		1	7-37,51-163	7-37,51-163	SER	/mnt/c/Users/drpat/OneDrive - UGent/Desktop/PD/Phospho-fill/Validation-allPDB/pdb_cache/9kxo.cif	SER	SER	OG	CB	ok			-96.86184721169843	ARG:74	ARG	NE	5.826446246640897	0.0	1.0	ASP:112	ASP	OD1	2.707146742897556	HOH:425	O	4.21993481653177	0.0	44.0	hbond_like			buried				0.0	0.0		unmodified
Q13526	9KXP	A	72	SER_single	1	1	1.81	SER	559		1	6-39,51-163	6-39,51-163	SER	/mnt/c/Users/drpat/OneDrive - UGent/Desktop/PD/Phospho-fill/Validation-allPDB/pdb_cache/9kxp.cif	SER	SER	OG	CB	ok			-97.92837245686391	ARG:74	ARG	NE	5.770967522339177	0.0	1.0	ASP:112	ASP	OD1	2.688350945497184	HOH:448	O	4.392600121386222	0.0	42.0	hbond_like			buried				0.0	0.0		unmodified
Q13526	9KXQ	A	72	SER_single	1	1	1.69	SER	560		1	6-39,51-163	6-39,51-163	SER	/mnt/c/Users/drpat/OneDrive - UGent/Desktop/PD/Phospho-fill/Validation-allPDB/pdb_cache/9kxq.cif	SER	SER	OG	CB	ok			-97.19505238956775	ARG:74	ARG	NE	5.748464068828355	0.0	1.0	ASP:112	ASP	OD2	2.729177766598296	HOH:420	O	4.333602739791933	0.0	43.0	hbond_like			buried				0.0	0.0		unmodified
Q9NWZ3	9NA2	A	284	SER_single	1	1	1.99	SER	697		4	164-337,340-458	164-337,340-458	SER	/mnt/c/Users/drpat/OneDrive - UGent/Desktop/PD/Phospho-fill/Validation-allPDB/pdb_cache/9na2.cif	SER	SER	OG	CB	ok			-111.97381333842745	HIS:286	HIS	ND1	5.112842439975185	0.0	1.0	ASP:420	ASP	OD2	3.928550732572358	HOH:616	O	2.595457629629441	2.0	28.0	water_mediated_like			exposed	TPO:342	TPO	37.09794816680297	0.0	0.0		unmodified
Q9NWZ3	9NA3	A	284	SER_single	1	1	2.1	SER	698		4	164-217,221-254,258-336,342-458	164-217,221-254,258-336,342-458	SER	/mnt/c/Users/drpat/OneDrive - UGent/Desktop/PD/Phospho-fill/Validation-allPDB/pdb_cache/9na3.cif	SER	SER	OG	CB	ok			-111.95326556034675	HIS:286	HIS	CD2	5.460125206454099	0.0	1.0	ASP:420	ASP	OD2	3.729742984309632	HOH:606	O	5.292895955713665	0.0	29.0	none_obvious			buried	TPO:342	TPO	37.81352356250873	0.0	0.0		unmodified
Q9NWZ3	9NA4	C	284	SER_single	1	1	2.33	SER	699		4	164-216,221-254,257-336,342-459	164-216,221-254,257-336,342-459	SER	/mnt/c/Users/drpat/OneDrive - UGent/Desktop/PD/Phospho-fill/Validation-allPDB/pdb_cache/9na4.cif	SER	SER	OG	CB	ok			-94.29167736729693	HIS:286	HIS	ND1	5.469916838916994	0.0	1.0	ASP:420	ASP	OD2	3.4663473330167793	HOH:610	O	5.009241910604312	0.0	28.0	hbond_like			buried	TPO:342	TPO	37.18477562675058	0.0	0.0		unmodified
Q9NWZ3	9NA5	A	284	SER_single	1	1	1.73	SER	700		4	162-217,220-336,341-458	162-217,220-336,341-458	SER	/mnt/c/Users/drpat/OneDrive - UGent/Desktop/PD/Phospho-fill/Validation-allPDB/pdb_cache/9na5.cif	SER	SER	OG	CB	ok			-110.65881183210213	HIS:286	HIS	CD2	5.09242266766794	0.0	1.0	ASP:420	ASP	OD2	4.040937613295589	HOH:738	O	2.9488900100937117	2.0	26.0	water_mediated_like			exposed	TPO:345	TPO	40.38802020807467	0.0	0.0		unmodified
Q9NWZ3	9NA6	C	284	SER_single	1	1	2.14	SER	701		4	165-216,220-336,342-458	165-216,220-336,342-458	SER	/mnt/c/Users/drpat/OneDrive - UGent/Desktop/PD/Phospho-fill/Validation-allPDB/pdb_cache/9na6.cif	SER	SER	OG	CB	ok			-112.52013711569225	HIS:286	HIS	CD2	5.247568323052706	0.0	1.0	ASP:420	ASP	OD2	3.823868041989041	HOH:601	O	5.089848758350146	0.0	29.0	none_obvious			buried	TPO:342	TPO	36.750960004131464	0.0	0.0		unmodified
P24864	9OB2	B	103	SER_single	1	1	2.12	SER	240		1	102-375	102-375	SER	/mnt/c/Users/drpat/OneDrive - UGent/Desktop/PD/Phospho-fill/Validation-allPDB/pdb_cache/9ob2.cif	SER	SER	OG	CB	ok			-0.7896130891133796	ARG:113	ARG	NH2	3.3655744653706923	1.0	1.0	ARG:113	ARG	NH2	3.3655744653706923				0.0	45.0	salt_bridge_like			buried				0.0	0.0		unmodified
P24864	9OB3	B	103	SER_single	1	1	1.98	SER	241		1	102-375	102-375	SER	/mnt/c/Users/drpat/OneDrive - UGent/Desktop/PD/Phospho-fill/Validation-allPDB/pdb_cache/9ob3.cif	SER	SER	OG	CB	ok			-3.8966814252979973	ARG:113	ARG	NH2	3.6536587637014493	1.0	1.0	ARG:113	ARG	NH2	3.6536587637014493				0.0	49.0	none_obvious			buried				0.0	0.0		unmodified
P24864	9OB4	B	103	SER_single	1	1	1.95	SER	242		1	102-375	102-375	SER	/mnt/c/Users/drpat/OneDrive - UGent/Desktop/PD/Phospho-fill/Validation-allPDB/pdb_cache/9ob4.cif	SER	SER	OG	CB	ok			-0.6135298417649937	ARG:113	ARG	NH2	3.3908010731235376	1.0	1.0	ARG:113	ARG	NH2	3.3908010731235376				0.0	47.0	salt_bridge_like			buried				0.0	0.0		unmodified
P24864	9OB5	B	103	SER_single	1	1	2.1	SER	243		1	102-375	102-375	SER	/mnt/c/Users/drpat/OneDrive - UGent/Desktop/PD/Phospho-fill/Validation-allPDB/pdb_cache/9ob5.cif	SER	SER	OG	CB	ok			-1.7100888016443667	ARG:113	ARG	NH2	3.8341529083920265	1.0	1.0	ARG:113	ARG	NH2	3.8341529083920265				0.0	47.0	none_obvious			buried				0.0	0.0		unmodified
P24864	9OB6	B	103	SER_single	1	1	2.0	SER	244		1	102-375	102-375	SER	/mnt/c/Users/drpat/OneDrive - UGent/Desktop/PD/Phospho-fill/Validation-allPDB/pdb_cache/9ob6.cif	SER	SER	OG	CB	ok			-1.2077618614904848	ARG:113	ARG	NH2	3.7609259505667674	1.0	1.0	ARG:113	ARG	NH2	3.7609259505667674				0.0	49.0	none_obvious			buried				0.0	0.0		unmodified
P03960	9OC4	B	162	SER_single	1	1	2.1	SER	52		1	2-682	2-682	SER	/mnt/c/Users/drpat/OneDrive - UGent/Desktop/PD/Phospho-fill/Validation-allPDB/pdb_cache/9oc4.cif	SER	SER	OG	CB	ok			-142.13621498708682					0.0	0.0	ASP:154	ASP	OD1	5.811710197059898				0.0	11.0	none_obvious			intermediate				0.0	0.0		unmodified
P19097	9P4V	B	1440	SER_single	1	1	2.08	SER	198		1	1-94,329-538,624-971,979-1474,1482-1744	1-94,329-538,624-971,979-1474,1482-1744	SER	/mnt/c/Users/drpat/OneDrive - UGent/Desktop/PD/Phospho-fill/Validation-allPDB/pdb_cache/9p4v.cif	SER	SER	OG	CB	ok			-99.2019795029934	ARG:1518	ARG	NH2	4.292646080591487	0.0	1.0	ARG:1518	ARG	NH2	4.292646080591487	HOH:2199	O	6.983579873474847	0.0	35.0	none_obvious			buried				0.0	0.0		unmodified
P19097	9P4W	B	1440	SER_single	1	1	2.29	SER	199		1	1-94,329-538,603-620,623-970,979-1067,1069-1435,1439-1470,1485-1725,1727-1744	1-94,329-538,603-620,623-970,979-1067,1069-1435,1439-1470,1485-1725,1727-1744	SER	/mnt/c/Users/drpat/OneDrive - UGent/Desktop/PD/Phospho-fill/Validation-allPDB/pdb_cache/9p4w.cif	SER	SER	OG	CB	ok			-128.79398607263408	ARG:1518	ARG	NH2	3.763731550715807	1.0	1.0	ASP:1516	ASP	OD2	3.7582693135209326	HOH:2230	O	6.5081992795930965	0.0	35.0	none_obvious			buried				0.0	0.0		unmodified
Q9NWZ3	9PSS	A	284	SER_single	1	1	1.93	SER	702		4	164-215,222-336,342-458	164-215,222-336,342-458	SER	/mnt/c/Users/drpat/OneDrive - UGent/Desktop/PD/Phospho-fill/Validation-allPDB/pdb_cache/9pss.cif	SER	SER	OG	CB	ok			-112.01986238356565	HIS:286	HIS	CD2	4.952719840030249	0.0	1.0	ASP:420	ASP	OD2	3.9085176489193447	HOH:650	O	2.7906831834740347	2.0	29.0	water_mediated_like			exposed	TPO:342	TPO	36.48612663177973	0.0	0.0		unmodified
Q9NWZ3	9PST	A	284	SER_single	1	1	2.12	SER	703		4	165-216,220-336,343-458	165-216,220-336,343-458	SER	/mnt/c/Users/drpat/OneDrive - UGent/Desktop/PD/Phospho-fill/Validation-allPDB/pdb_cache/9pst.cif	SER	SER	OG	CB	ok			-108.66862471155721	HIS:286	HIS	CD2	5.165383632732964	0.0	1.0	ASP:420	ASP	OD2	3.843614103703177	HOH:645	O	2.6445038065355346	2.0	26.0	water_mediated_like			exposed	TPO:345	TPO	40.348689744708224	0.0	0.0		unmodified
Q9NWZ3	9PSU	D	284	SER_single	1	1	2.43	SER	704		4	164-216,222-335,343-457	164-216,222-335,343-457	SER	/mnt/c/Users/drpat/OneDrive - UGent/Desktop/PD/Phospho-fill/Validation-allPDB/pdb_cache/9psu.cif	SER	SER	OG	CB	ok			-106.24044755321205	HIS:286	HIS	ND1	4.981947074601931	0.0	1.0	ASP:420	ASP	OD2	3.600902615768177				0.0	28.0	none_obvious			buried	TPO:345	TPO	39.955581587924	0.0	0.0		unmodified
Q9NWZ3	9R9J	D	284	SER_single	1	1	2.39	SER	705		4	164-216,226-337,343-458	164-216,226-337,343-458	SER	/mnt/c/Users/drpat/OneDrive - UGent/Desktop/PD/Phospho-fill/Validation-allPDB/pdb_cache/9r9j.cif	SER	SER	OG	CB	ok			-114.32318233633774	HIS:286	HIS	CD2	5.145228486677797	0.0	1.0	ASP:420	ASP	OD2	3.9292099308470303	HOH:658	O	3.127749672068656	2.0	27.0	water_mediated_like			exposed	TPO:345	TPO	40.3551889872554	0.0	0.0		unmodified
Q9NWZ3	9R9K	B	284	SER_single	1	1	1.87	SER	706		4	158-216,223-335,343-460	158-216,223-335,343-460	SER	/mnt/c/Users/drpat/OneDrive - UGent/Desktop/PD/Phospho-fill/Validation-allPDB/pdb_cache/9r9k.cif	SER	SER	OG	CB	ok			-110.8435426996064	HIS:286	HIS	CD2	4.75333776724924	0.0	1.0	ASP:420	ASP	OD2	3.9398446458928893	HOH:682	O	2.9210470891087184	2.0	27.0	water_mediated_like			exposed	TPO:345	TPO	40.362711061977535	0.0	0.0		unmodified
Q9HW02	9S8I	A	82	SER_single	1	1	2.3	SER	647		1	15-196,202-473	15-196,202-473	SER	/mnt/c/Users/drpat/OneDrive - UGent/Desktop/PD/Phospho-fill/Validation-allPDB/pdb_cache/9s8i.cif	SER	SER	OG	CB	ok			131.7148301046204	ARG:104	ARG	NE	3.097271731104677	1.0	1.0	ARG:104	ARG	NE	3.097271731104677	HOH:733	O	3.0763684049605073	1.0	26.0	salt_bridge_like			buried				0.0	0.0		unmodified
Q13526	9V92	A	72	SER_single	1	1	1.97	SER	561		1	6-39,51-163	6-39,51-163	SER	/mnt/c/Users/drpat/OneDrive - UGent/Desktop/PD/Phospho-fill/Validation-allPDB/pdb_cache/9v92.cif	SER	SER	OG	CB	ok			-98.05383696113675	ARG:74	ARG	NE	5.883418176350303	0.0	1.0	ASP:112	ASP	OD1	2.745892076643207	HOH:431	O	4.3116829257434475	0.0	44.0	hbond_like			buried				0.0	0.0		unmodified
P11309	9YKI	A	276	SER_single	1	1	1.95	SER	196		2	33-306	33-306	SER	/mnt/c/Users/drpat/OneDrive - UGent/Desktop/PD/Phospho-fill/Validation-allPDB/pdb_cache/9yki.cif	SER	SER	OG	CB	ok			-112.12883871902582	ARG:274	ARG	NE	4.1769470371206205	0.0	1.0	ARG:274	ARG	NE	4.1769470371206205	HOH:552	O	6.10146198215083	0.0	23.0	none_obvious			intermediate	SEP:261	SEP	26.7412851189325	0.0	0.0		unmodified
Q582V7	9Z8K	B	71	SER_single	1	1	2.05	SER	626		1	54-208,232-347	54-208,232-347	SER	/mnt/c/Users/drpat/OneDrive - UGent/Desktop/PD/Phospho-fill/Validation-allPDB/pdb_cache/9z8k.cif	SER	SER	OG	CB	ok			-0.2162727829946536					0.0	0.0	SER:208	SER	OG	7.597811768055498				0.0	12.0	none_obvious			intermediate				0.0	0.0		unmodified
P03960	9ZWK	B	162	SER_single	1	1	2.34	SER	53		1	5-682	5-682	SER	/mnt/c/Users/drpat/OneDrive - UGent/Desktop/PD/Phospho-fill/Validation-allPDB/pdb_cache/9zwk.cif	SER	SER	OG	CB	ok			-135.58160728365607					0.0	0.0	ASP:154	ASP	OD1	5.833708896161662				0.0	12.0	none_obvious			intermediate				0.0	0.0		unmodified
P03960	9ZWL	B	162	SER_single	1	1	2.28	SER	54		1	2-682	2-682	SER	/mnt/c/Users/drpat/OneDrive - UGent/Desktop/PD/Phospho-fill/Validation-allPDB/pdb_cache/9zwl.cif	SER	SER	OG	CB	ok			-30.958020981830433					0.0	0.0	ASP:154	ASP	OD1	4.138856203427795				0.0	17.0	none_obvious			intermediate				0.0	0.0		unmodified
P03960	9ZWM	B	162	SER_single	1	1	2.25	SER	55		1	2-682	2-682	SER	/mnt/c/Users/drpat/OneDrive - UGent/Desktop/PD/Phospho-fill/Validation-allPDB/pdb_cache/9zwm.cif	SER	SER	OG	CB	ok			17.474644454516067					0.0	0.0	ASP:154	ASP	OD1	3.7533476829647436				0.0	15.0	none_obvious			intermediate				0.0	0.0		unmodified
