acc_id	pdb_id	chain_id	target_position	subset_class	n_target_sites	n_context_sites	input_resolution	expected_resname	source_row_index	master_phospho_sites	master_site_count	mapped_uniprot_range	observed_uniprot_range	target_site_residues	structure_file	actual_resname	residue_class	anchor_atom	base_atom	status	d_anchor_p	angle_base_anchor_p	torsion_N_CA_CB_OG1	nearest_basic_label	nearest_basic_resname	nearest_basic_atom	nearest_basic_dist	n_basic_within4	n_basic_within6	nearest_polar_label	nearest_polar_resname	nearest_polar_atom	nearest_polar_dist	nearest_water_label	nearest_water_atom	nearest_water_dist	n_water_within4	nonwater_heavy_within6	interaction_class	secondary_structure	rsa	exposure_class	nearest_other_ptm_label	nearest_other_ptm_resname	nearest_other_ptm_dist	n_other_ptm_within8	n_other_ptm_within12	other_ptm_neighbors	audit_mode	torsion_CD1_CE1_CZ_OH
Q29495	1CJW	A	31	THR_single	1	1	1.8	THR	438		1	30-195	30-195	THR	/mnt/c/Users/drpat/OneDrive - UGent/Desktop/PD/Phospho-fill/Validation-allPDB/pdb_cache/1cjw.cif	THR	THR	OG1	CB	ok			118.41056591054738	HIS:30	HIS	ND1	4.126289018494849	0.0	1.0	HIS:30	HIS	ND1	4.126289018494849	HOH:1005	O	3.3239846843089786	2.0	14.0	water_mediated_like			exposed				0.0	0.0		unmodified	
Q13153	1F3M	B	423	THR_single	1	1	2.3	THR	430		1	249-415,423-542	249-415,423-542	THR	/mnt/c/Users/drpat/OneDrive - UGent/Desktop/PD/Phospho-fill/Validation-allPDB/pdb_cache/1f3m.cif					missing_residue																														
P0DMV8	1HJO	A	66	THR_single	1	1	2.3	THR	95		1	3-382	3-382	THR	/mnt/c/Users/drpat/OneDrive - UGent/Desktop/PD/Phospho-fill/Validation-allPDB/pdb_cache/1hjo.cif	THR	THR	OG1	CB	ok			117.96237502700585					0.0	0.0	GLN:58	GLN	NE2	2.8964073637690464	HOH:417	O	4.580438986174277	0.0	45.0	hbond_like			buried				0.0	0.0		unmodified	
P15531	1JXV	A	94	THR_single	1	1	2.2	THR	309		1	4-152	4-152	THR	/mnt/c/Users/drpat/OneDrive - UGent/Desktop/PD/Phospho-fill/Validation-allPDB/pdb_cache/1jxv.cif	THR	THR	OG1	CB	ok			110.36855746656418	ARG:105	ARG	NH1	3.7785992279291554	1.0	1.0	ARG:105	ARG	NH1	3.7785992279291554	HOH:177	O	4.305535227157242	0.0	11.0	none_obvious			intermediate				0.0	0.0		unmodified	
Q29495	1KUV	A	31	THR_single	1	1	2.0	THR	439		1	30-195	30-195	THR	/mnt/c/Users/drpat/OneDrive - UGent/Desktop/PD/Phospho-fill/Validation-allPDB/pdb_cache/1kuv.cif	THR	THR	OG1	CB	ok			-1.879385059369661	HIS:30	HIS	CD2	5.430495954385261	0.0	1.0	HIS:30	HIS	NE2	5.7638996280031325	HOH:1058	O	5.16578023581387	0.0	15.0	none_obvious			intermediate				0.0	0.0		unmodified	
Q29495	1KUX	A	31	THR_single	1	1	1.8	THR	440		1	30-195	30-195	THR	/mnt/c/Users/drpat/OneDrive - UGent/Desktop/PD/Phospho-fill/Validation-allPDB/pdb_cache/1kux.cif	THR	THR	OG1	CB	ok			3.932264092646988	HIS:30	HIS	CD2	5.5398861550875	0.0	1.0	GLU:87	GLU	OE2	5.555043789911227	HOH:730	O	3.8425241127391563	1.0	14.0	none_obvious			intermediate				0.0	0.0		unmodified	
Q29495	1KUY	A	31	THR_single	1	1	2.4	THR	441		1	30-195	30-195	THR	/mnt/c/Users/drpat/OneDrive - UGent/Desktop/PD/Phospho-fill/Validation-allPDB/pdb_cache/1kuy.cif	THR	THR	OG1	CB	ok			8.017760288173868	HIS:30	HIS	CD2	5.946280346500301	0.0	1.0	GLU:87	GLU	OE2	5.83788847676847	HOH:926	O	3.278330334221359	1.0	16.0	water_mediated_like			intermediate				0.0	0.0		unmodified	
Q29495	1L0C	A	31	THR_single	1	1	2.3	THR	442		1	30-195	30-195	THR	/mnt/c/Users/drpat/OneDrive - UGent/Desktop/PD/Phospho-fill/Validation-allPDB/pdb_cache/1l0c.cif	THR	THR	OG1	CB	ok			1.0557442658776712	HIS:30	HIS	CD2	5.9473158969309505	0.0	1.0	GLU:87	GLU	OE2	5.918432336236183	HOH:964	O	5.052909693089666	0.0	14.0	none_obvious			intermediate				0.0	0.0		unmodified	
O14965	1MQ4	A	288	THR_single	1	1	1.9	THR	9		2	126-285,288-388	126-285,288-388	THR	/mnt/c/Users/drpat/OneDrive - UGent/Desktop/PD/Phospho-fill/Validation-allPDB/pdb_cache/1mq4.cif	THR	THR	OG1	CB	ok			125.56098563848234	HIS:176	HIS	NE2	2.9907670080566238	1.0	2.0	HIS:176	HIS	NE2	2.9907670080566238	HOH:3063	O	6.336647790890746	0.0	28.0	salt_bridge_like			buried				0.0	0.0		unmodified	
P49841	1O9U	A	277	THR_single	1	1	2.4	THR	400		3	35-384	35-384	THR	/mnt/c/Users/drpat/OneDrive - UGent/Desktop/PD/Phospho-fill/Validation-allPDB/pdb_cache/1o9u.cif	THR	THR	OG1	CB	ok			-118.71156551636707	ARG:278	ARG	NH1	7.791683714813756	0.0	0.0	GLN:280	GLN	OE1	3.2941434723172014	HOH:2096	O	5.1093578164832545	0.0	27.0	hbond_like			buried	PTR:216	PTR	26.77406856950289	0.0	0.0		unmodified	
P0DMV8	1S3X	A	66	THR_single	1	1	1.84	THR	96		1	3-382	3-382	THR	/mnt/c/Users/drpat/OneDrive - UGent/Desktop/PD/Phospho-fill/Validation-allPDB/pdb_cache/1s3x.cif	THR	THR	OG1	CB	ok			122.24473330003322					0.0	0.0	GLN:58	GLN	NE2	2.8643827847091474	HOH:405	O	4.491815617241002	0.0	45.0	hbond_like			buried				0.0	0.0		unmodified	
P15531	1UCN	A	94	THR_single	1	1	2.0	THR	310		1	2-152	2-152	THR	/mnt/c/Users/drpat/OneDrive - UGent/Desktop/PD/Phospho-fill/Validation-allPDB/pdb_cache/1ucn.cif	THR	THR	OG1	CB	ok			124.9608155562638	ARG:88	ARG	NH2	4.521906578060666	0.0	2.0	ARG:88	ARG	NH2	4.521906578060666	HOH:1173	O	6.139563043110162	0.0	27.0	none_obvious			buried				0.0	0.0		unmodified	
Q13153	1YHW	A	423	THR_single	1	1	1.8	THR	431		1	249-541	249-541	THR	/mnt/c/Users/drpat/OneDrive - UGent/Desktop/PD/Phospho-fill/Validation-allPDB/pdb_cache/1yhw.cif	THR	THR	OG1	CB	ok			136.11295679160784	ARG:388	ARG	NH1	4.438511605309025	0.0	2.0	ARG:388	ARG	NH1	4.438511605309025	HOH:547	O	2.452312700541957	5.0	18.0	water_mediated_like			exposed				0.0	0.0		unmodified	
Q99640	23ES	B	260	THR_single	1	1	1.74	THR	451		1	76-260,265-361	76-260,265-361	THR	/mnt/c/Users/drpat/OneDrive - UGent/Desktop/PD/Phospho-fill/Validation-allPDB/pdb_cache/23es.cif	THR	THR	OG1	CB	ok			-116.25901024456898					0.0	0.0					HOH:1050	O	4.774573192909222	0.0	4.0	none_obvious			intermediate				0.0	0.0		unmodified	
Q99640	23FW	B	260	THR_single	1	1	1.59	THR	452		1	76-260,265-361	76-260,265-361	THR	/mnt/c/Users/drpat/OneDrive - UGent/Desktop/PD/Phospho-fill/Validation-allPDB/pdb_cache/23fw.cif	THR	THR	OG1	CB	ok			144.02960633321248					0.0	0.0					HOH:635	O	4.291074622139629	0.0	4.0	none_obvious			intermediate				0.0	0.0		unmodified	
O96013	2BVA	B	562	THR_single	1	1	2.3	THR	67		2	301-330,334-354,362-465,468-587	301-330,334-354,362-465,468-587	THR	/mnt/c/Users/drpat/OneDrive - UGent/Desktop/PD/Phospho-fill/Validation-allPDB/pdb_cache/2bva.cif	THR	THR	OG1	CB	ok			-130.6785494733174	HIS:432	HIS	ND1	5.990825787655852	0.0	1.0	GLU:565	GLU	OE2	3.6431427570595964				0.0	25.0	none_obvious			buried	SEP:474	SEP	22.4419530554271	0.0	0.0		unmodified	
O96013	2CDZ	A	562	THR_single	1	1	2.3	THR	68		2	299-341,344-590	299-341,344-590	THR	/mnt/c/Users/drpat/OneDrive - UGent/Desktop/PD/Phospho-fill/Validation-allPDB/pdb_cache/2cdz.cif	THR	THR	OG1	CB	ok			-118.33895427825793	HIS:432	HIS	ND1	7.576412181121206	0.0	0.0	GLU:565	GLU	OE1	3.536866353966535	HOH:2102	O	2.54571167844894	1.0	23.0	water_mediated_like			intermediate	SEP:474	SEP	22.885063685313792	0.0	0.0		unmodified	
Q99683	2CLQ	A	838	THR_single	1	1	2.3	THR	464		2	670-715,719-831,837-940	670-715,719-831,837-940	THR	/mnt/c/Users/drpat/OneDrive - UGent/Desktop/PD/Phospho-fill/Validation-allPDB/pdb_cache/2clq.cif	THR	THR	OG1	CB	ok			-112.90895099424397	ARG:802	ARG	NH1	7.20111974875253	0.0	0.0	GLU:837	GLU	OE2	4.773604600019557				0.0	11.0	none_obvious			intermediate				0.0	0.0		unmodified	
O14965	2DWB	A	288	THR_single	1	1	2.5	THR	10		2	126-285,288-389	126-285,288-389	THR	/mnt/c/Users/drpat/OneDrive - UGent/Desktop/PD/Phospho-fill/Validation-allPDB/pdb_cache/2dwb.cif	THR	THR	OG1	CB	ok			126.23704153095683	HIS:176	HIS	NE2	3.965549535549492	1.0	2.0	GLN:177	GLN	OE1	3.5620190964136125				0.0	25.0	none_obvious			buried				0.0	0.0		unmodified	
P0DMV8	2E88	A	66	THR_single	1	1	1.8	THR	97		1	3-383	3-383	THR	/mnt/c/Users/drpat/OneDrive - UGent/Desktop/PD/Phospho-fill/Validation-allPDB/pdb_cache/2e88.cif	THR	THR	OG1	CB	ok			118.55047221855493					0.0	0.0	GLN:58	GLN	NE2	2.8249637494980164	HOH:568	O	4.621450363932753	0.0	47.0	hbond_like			buried				0.0	0.0		unmodified	
P0DMV8	2E8A	A	66	THR_single	1	1	1.77	THR	98		1	3-382	3-382	THR	/mnt/c/Users/drpat/OneDrive - UGent/Desktop/PD/Phospho-fill/Validation-allPDB/pdb_cache/2e8a.cif	THR	THR	OG1	CB	ok			119.00776002748034					0.0	0.0	GLN:58	GLN	NE2	2.898674945231894	HOH:637	O	4.730117599045679	0.0	44.0	hbond_like			buried				0.0	0.0		unmodified	
P15531	2HVD	A	94	THR_single	1	1	2.15	THR	311		1	2-152	2-152	THR	/mnt/c/Users/drpat/OneDrive - UGent/Desktop/PD/Phospho-fill/Validation-allPDB/pdb_cache/2hvd.cif	THR	THR	OG1	CB	ok			114.0902107513255	ARG:88	ARG	NH2	4.438522913456106	0.0	2.0	ARG:88	ARG	NH2	4.438522913456106	HOH:185	O	4.913909330028932	0.0	26.0	none_obvious			buried				0.0	0.0		unmodified	
P15531	2HVE	A	94	THR_single	1	1	2.402	THR	312		1	2-152	2-152	THR	/mnt/c/Users/drpat/OneDrive - UGent/Desktop/PD/Phospho-fill/Validation-allPDB/pdb_cache/2hve.cif	THR	THR	OG1	CB	ok			113.54496807288767	ARG:88	ARG	NH2	4.375089178379528	0.0	2.0	ARG:88	ARG	NH2	4.375089178379528	HOH:189	O	3.63835262024115	1.0	26.0	none_obvious			buried				0.0	0.0		unmodified	
O96013	2J0I	A	562	THR_single	1	1	1.6	THR	69		2	300-589	300-589	THR	/mnt/c/Users/drpat/OneDrive - UGent/Desktop/PD/Phospho-fill/Validation-allPDB/pdb_cache/2j0i.cif	THR	THR	OG1	CB	ok			-113.33193075274968	HIS:432	HIS	ND1	7.460911439355669	0.0	0.0	GLU:565	GLU	OE1	3.574825966628654	HOH:2185	O	3.5336619422292808	2.0	23.0	none_obvious			exposed	SEP:474	SEP	22.632873085652562	0.0	0.0		unmodified	
P28482	2OJG	A	185	THR_single	1	2	2.0	THR	315		2	19-331,334-357	19-331,334-357	THR	/mnt/c/Users/drpat/OneDrive - UGent/Desktop/PD/Phospho-fill/Validation-allPDB/pdb_cache/2ojg.cif	TYR	TYR	OH	CZ	ok				ARG:146	ARG	CZ	3.792216772168911	1.0	1.0	ARG:146	ARG	NH2	3.7940406968507516	HOH:465	O	2.651023313623454	2.0	29.0	water_mediated_like			exposed				0.0	0.0		unmodified	0.20556893963556488
P28482	2OJJ	A	185	THR_single	1	2	2.4	THR	316		2	15-358	15-358	THR	/mnt/c/Users/drpat/OneDrive - UGent/Desktop/PD/Phospho-fill/Validation-allPDB/pdb_cache/2ojj.cif	TYR	TYR	OH	CZ	ok				ARG:146	ARG	NH2	3.463663567446645	1.0	1.0	ARG:146	ARG	NH2	3.463663567446645	HOH:385	O	6.002734996841118	0.0	30.0	salt_bridge_like			buried				0.0	0.0		unmodified	0.5639038766454915
O96013	2Q0N	A	562	THR_single	1	1	1.75	THR	70		2	298-591	298-591	THR	/mnt/c/Users/drpat/OneDrive - UGent/Desktop/PD/Phospho-fill/Validation-allPDB/pdb_cache/2q0n.cif	THR	THR	OG1	CB	ok			-116.52211522113488	ARG:551	ARG	NH2	7.376545205186868	0.0	0.0	GLU:565	GLU	OE1	3.3523682963377532	HOH:212	O	2.8228015942851767	3.0	24.0	hbond_like			exposed	SEP:474	SEP	23.093603156794106	0.0	0.0		unmodified	
O96013	2X4Z	A	562	THR_single	1	1	2.1	THR	71		2	299-590	299-590	THR	/mnt/c/Users/drpat/OneDrive - UGent/Desktop/PD/Phospho-fill/Validation-allPDB/pdb_cache/2x4z.cif	THR	THR	OG1	CB	ok			-114.06020387775614	HIS:432	HIS	ND1	7.388921115568587	0.0	0.0	GLU:565	GLU	OE1	3.4537173065792155	HOH:2130	O	3.9262821109755652	1.0	24.0	hbond_like			buried	SEP:474	SEP	22.667777668784147	0.0	0.0		unmodified	
Q5S007	2ZEJ	B	1343	THR_single	1	1	2.0	THR	443		1	1335-1357,1365-1378,1388-1512	1335-1357,1365-1378,1388-1512	THR	/mnt/c/Users/drpat/OneDrive - UGent/Desktop/PD/Phospho-fill/Validation-allPDB/pdb_cache/2zej.cif	THR	THR	OG1	CB	ok			128.8405919674114	LYS:1347	LYS	NZ	5.0221393501339895	0.0	1.0	LYS:1347	LYS	NZ	5.0221393501339895	HOH:1528	O	3.4877261870036484	1.0	23.0	water_mediated_like			intermediate				0.0	0.0		unmodified	
P0DMV8	3A8Y	A	66	THR_single	1	1	2.3	THR	99		1	1-383	1-383	THR	/mnt/c/Users/drpat/OneDrive - UGent/Desktop/PD/Phospho-fill/Validation-allPDB/pdb_cache/3a8y.cif	THR	THR	OG1	CB	ok			117.755708532084					0.0	0.0	GLN:58	GLN	NE2	2.8634269521677047				0.0	46.0	hbond_like			buried				0.0	0.0		unmodified	
P0DMV8	3ATU	A	66	THR_single	1	1	1.65	THR	100		1	4-382	4-382	THR	/mnt/c/Users/drpat/OneDrive - UGent/Desktop/PD/Phospho-fill/Validation-allPDB/pdb_cache/3atu.cif	THR	THR	OG1	CB	ok			121.39933157824242					0.0	0.0	GLN:58	GLN	NE2	2.887698562966119	HOH:459	O	4.543405349191029	0.0	47.0	hbond_like			buried				0.0	0.0		unmodified	
P0DMV8	3ATV	A	66	THR_single	1	1	1.58	THR	101		1	3-382	3-382	THR	/mnt/c/Users/drpat/OneDrive - UGent/Desktop/PD/Phospho-fill/Validation-allPDB/pdb_cache/3atv.cif	THR	THR	OG1	CB	ok			120.08748054647903					0.0	0.0	GLN:58	GLN	NE2	2.9076698271757735	HOH:496	O	4.628158455158197	0.0	46.0	hbond_like			buried				0.0	0.0		unmodified	
P0DMV8	3AY9	A	66	THR_single	1	1	1.75	THR	102		1	4-382	4-382	THR	/mnt/c/Users/drpat/OneDrive - UGent/Desktop/PD/Phospho-fill/Validation-allPDB/pdb_cache/3ay9.cif	THR	THR	OG1	CB	ok			124.0850934489412					0.0	0.0	GLN:58	GLN	NE2	2.9703792961788187	HOH:559	O	4.776089912442384	0.0	45.0	hbond_like			buried				0.0	0.0		unmodified	
P33981	3CEK	A	686	THR_single	1	1	2.3	THR	337		4	519-670,685-698,709-794	519-670,685-698,709-794	THR	/mnt/c/Users/drpat/OneDrive - UGent/Desktop/PD/Phospho-fill/Validation-allPDB/pdb_cache/3cek.cif	THR				missing_anchor_or_base																														
P0DMV8	3D2E	B	66	THR_single	1	1	2.35	THR	103		1	4-382	4-382	THR	/mnt/c/Users/drpat/OneDrive - UGent/Desktop/PD/Phospho-fill/Validation-allPDB/pdb_cache/3d2e.cif	THR	THR	OG1	CB	ok			126.4145260651421					0.0	0.0	GLN:58	GLN	NE2	2.9955051503448202	HOH:402	O	4.550993500880414	0.0	48.0	hbond_like			buried				0.0	0.0		unmodified	
P0DMV8	3D2F	B	66	THR_single	1	1	2.3	THR	104		1	4-382	4-382	THR	/mnt/c/Users/drpat/OneDrive - UGent/Desktop/PD/Phospho-fill/Validation-allPDB/pdb_cache/3d2f.cif	THR	THR	OG1	CB	ok			129.72973129000246					0.0	0.0	GLN:58	GLN	NE2	2.9456545470546347	HOH:2022	O	4.575170818099679	0.0	46.0	hbond_like			buried				0.0	0.0		unmodified	
O14965	3E5A	A	287	THR_single	1	1	2.3	THR	11		2	125-389	125-389	THR	/mnt/c/Users/drpat/OneDrive - UGent/Desktop/PD/Phospho-fill/Validation-allPDB/pdb_cache/3e5a.cif	THR	THR	OG1	CB	ok			-118.3401639202404	ARG:286	ARG	NE	6.440180405796472	0.0	0.0	ARG:286	ARG	NE	6.440180405796472	HOH:44	O	3.8727828113043263	1.0	12.0	none_obvious			intermediate	TPO:288	TPO	5.228344474450744	1.0	1.0	TPO:288@5.23	unmodified	
P49841	3F7Z	A	277	THR_single	1	1	2.4	THR	401		3	35-121,125-287,295-383	35-121,125-287,295-383	THR	/mnt/c/Users/drpat/OneDrive - UGent/Desktop/PD/Phospho-fill/Validation-allPDB/pdb_cache/3f7z.cif	THR	THR	OG1	CB	ok			-119.53240783454632	ARG:278	ARG	NH1	6.794086706031057	0.0	0.0	GLN:280	GLN	OE1	3.4307324110754864	HOH:535	O	4.739475530772949	0.0	25.0	hbond_like			buried	PTR:216	PTR	26.079206126344403	0.0	0.0		unmodified	
P49841	3GB2	A	277	THR_single	1	1	2.4	THR	402		3	35-119,125-286,290-383	35-119,125-286,290-383	THR	/mnt/c/Users/drpat/OneDrive - UGent/Desktop/PD/Phospho-fill/Validation-allPDB/pdb_cache/3gb2.cif	THR	THR	OG1	CB	ok			-116.97599610216972					0.0	0.0	GLN:280	GLN	OE1	3.62898765182306				0.0	26.0	none_obvious			buried	PTR:216	PTR	25.70137461170528	0.0	0.0		unmodified	
P33981	3HMO	A	686	THR_single	1	1	2.4	THR	338		4	514-671,684-698,711-794	514-671,684-698,711-794	THR	/mnt/c/Users/drpat/OneDrive - UGent/Desktop/PD/Phospho-fill/Validation-allPDB/pdb_cache/3hmo.cif	THR	THR	OG1	CB	ok			-125.80608219873575	LYS:649	LYS	CE	6.634932796891426	0.0	0.0	ASN:688	ASN	ND2	4.660327417191134	HOH:8	O	4.036158878576826	0.0	25.0	none_obvious			buried				0.0	0.0		unmodified	
P33981	3HMP	A	686	THR_single	1	1	2.3	THR	339		4	516-671,682-698,710-794	516-671,682-698,710-794	THR	/mnt/c/Users/drpat/OneDrive - UGent/Desktop/PD/Phospho-fill/Validation-allPDB/pdb_cache/3hmp.cif	THR	THR	OG1	CB	ok			5.329754896963854	LYS:743	LYS	NZ	4.742375101369767	0.0	1.0	ASN:688	ASN	ND2	3.222645576365836	HOH:80	O	6.446122669091774	0.0	24.0	hbond_like			buried				0.0	0.0		unmodified	
P0DMV8	3JXU	A	66	THR_single	1	1	2.14	THR	105		1	4-381	4-381	THR	/mnt/c/Users/drpat/OneDrive - UGent/Desktop/PD/Phospho-fill/Validation-allPDB/pdb_cache/3jxu.cif	THR	THR	OG1	CB	ok			124.53957017750314					0.0	0.0	GLN:58	GLN	NE2	2.8114879594653037	HOH:408	O	4.5273209749262895	0.0	46.0	hbond_like			buried				0.0	0.0		unmodified	
P15531	3L7U	A	94	THR_single	1	1	2.1	THR	313		1	1-152	1-152	THR	/mnt/c/Users/drpat/OneDrive - UGent/Desktop/PD/Phospho-fill/Validation-allPDB/pdb_cache/3l7u.cif	THR	THR	OG1	CB	ok			131.41291656598187	ARG:88	ARG	NH2	3.971619982741095	1.0	2.0	ARG:88	ARG	NH2	3.971619982741095	HOH:185	O	2.964965626082216	2.0	17.0	water_mediated_like			exposed				0.0	0.0		unmodified	
P42527	3LLA	A	612	THR_single	1	1	2.11	THR	356		1	552-613,615-649,652-809	552-613,615-649,652-809	THR	/mnt/c/Users/drpat/OneDrive - UGent/Desktop/PD/Phospho-fill/Validation-allPDB/pdb_cache/3lla.cif	THR	THR	OG1	CB	ok			-7.178684566845281	LYS:615	LYS	CE	6.161470498474209	0.0	0.0	THR:613	THR	OG1	5.268045842293638	HOH:273	O	4.731123394228675	0.0	26.0	none_obvious			buried				0.0	0.0		unmodified	
P42527	3LMI	D	612	THR_single	1	1	2.2	THR	357		1	552-650,656-809	552-650,656-809	THR	/mnt/c/Users/drpat/OneDrive - UGent/Desktop/PD/Phospho-fill/Validation-allPDB/pdb_cache/3lmi.cif	THR	THR	OG1	CB	ok			129.38328848112172	LYS:615	LYS	NZ	4.703339988870139	0.0	1.0	LYS:615	LYS	NZ	4.703339988870139	HOH:498	O	2.6754907388601787	1.0	11.0	water_mediated_like			intermediate				0.0	0.0		unmodified	
Q8DTU0	3M7V	A	92	THR_single	1	1	2.0	THR	449		1	3-403	3-403	THR	/mnt/c/Users/drpat/OneDrive - UGent/Desktop/PD/Phospho-fill/Validation-allPDB/pdb_cache/3m7v.cif	THR	THR	OG1	CB	ok			-5.571072544710865	HIS:96	HIS	ND1	3.6522399368854517	1.0	4.0	HIS:96	HIS	ND1	3.6522399368854517	HOH:459	O	4.958859945246913	0.0	35.0	none_obvious			buried				0.0	0.0		unmodified	
P9WI81	3ORO	A	173	THR_single	1	1	1.9	THR	429		2	9-164,173-288	9-164,173-288	THR	/mnt/c/Users/drpat/OneDrive - UGent/Desktop/PD/Phospho-fill/Validation-allPDB/pdb_cache/3oro.cif	THR	THR	OG1	CB	ok			-107.36725937704021					0.0	0.0	SER:51	SER	OG	4.412783456258392	HOH:438	O	2.3313045807534047	2.0	8.0	water_mediated_like			exposed				0.0	0.0		unmodified	
P42527	3PDT	A	612	THR_single	1	1	1.8	THR	358		1	556-613,615-649,652-809	556-613,615-649,652-809	THR	/mnt/c/Users/drpat/OneDrive - UGent/Desktop/PD/Phospho-fill/Validation-allPDB/pdb_cache/3pdt.cif	THR	THR	OG1	CB	ok			14.757352758297133	LYS:615	LYS	CE	7.136443491788895	0.0	0.0	THR:613	THR	OG1	3.3735303972593256	HOH:177	O	3.764811306836852	1.0	23.0	hbond_like			intermediate				0.0	0.0		unmodified	
A1YYW7	3Q3Q	A	89	THR_single	1	1	1.953	THR	2		1	31-556	31-556	THR	/mnt/c/Users/drpat/OneDrive - UGent/Desktop/PD/Phospho-fill/Validation-allPDB/pdb_cache/3q3q.cif	THR	THR	OG1	CB	ok			119.67610872583926	LYS:171	LYS	NZ	3.364728840804686	2.0	5.0	ASP:345	ASP	OD2	3.2720949403925665	HOH:792	O	5.9252272587905415	0.0	48.0	salt_bridge_like			buried				0.0	0.0		unmodified	
Q13153	3Q4Z	A	423	THR_single	1	1	1.887	THR	432		1	251-267,273-289,294-303,309-545	251-267,273-289,294-303,309-545	THR	/mnt/c/Users/drpat/OneDrive - UGent/Desktop/PD/Phospho-fill/Validation-allPDB/pdb_cache/3q4z.cif	THR	THR	OG1	CB	ok			-129.83689189788402	ARG:388	ARG	NH1	3.534876625816399	1.0	2.0	ARG:388	ARG	NH1	3.534876625816399	HOH:554	O	3.3553092935319215	1.0	29.0	water_mediated_like			buried				0.0	0.0		unmodified	
P53667	3S95	A	508	THR_single	1	1	1.65	THR	422		1	330-486,507-637	330-486,507-637	THR	/mnt/c/Users/drpat/OneDrive - UGent/Desktop/PD/Phospho-fill/Validation-allPDB/pdb_cache/3s95.cif	THR	THR	OG1	CB	ok			-126.06065275887768	ARG:459	ARG	NH1	3.0942802515525787	1.0	2.0	ARG:459	ARG	NH1	3.0942802515525787	HOH:693	O	2.869888798820747	1.0	22.0	salt_bridge_like			intermediate				0.0	0.0		unmodified	
P49841	3SAY	A	277	THR_single	1	1	2.231	THR	403		3	35-288,291-384	35-288,291-384	THR	/mnt/c/Users/drpat/OneDrive - UGent/Desktop/PD/Phospho-fill/Validation-allPDB/pdb_cache/3say.cif	THR	THR	OG1	CB	ok			-116.41205368404191					0.0	0.0	GLN:280	GLN	OE1	3.3549740506212893	HOH:506	O	7.07964434104763	0.0	23.0	hbond_like			intermediate	PTR:216	PTR	25.882512796537036	0.0	0.0		unmodified	
Q9NZQ7	3SBW	C	127	THR_single	1	1	2.28	THR	477		1	19-184,189-229	19-184,189-229	THR	/mnt/c/Users/drpat/OneDrive - UGent/Desktop/PD/Phospho-fill/Validation-allPDB/pdb_cache/3sbw.cif	THR	THR	OG1	CB	ok			111.3158719420001	LYS:129	LYS	NZ	5.80893235183125	0.0	1.0	LYS:129	LYS	NZ	5.80893235183125	HOH:265	O	3.391031714311124	1.0	24.0	water_mediated_like			buried				0.0	0.0		unmodified	
Q818Z9	3TX0	A	85	THR_single	1	1	2.26	THR	448		1	2-392	2-392	THR	/mnt/c/Users/drpat/OneDrive - UGent/Desktop/PD/Phospho-fill/Validation-allPDB/pdb_cache/3tx0.cif	THR	THR	OG1	CB	ok			112.99061788116181	HIS:328	HIS	NE2	3.2798441643586864	2.0	3.0	ASP:156	ASP	OD1	2.424354661188534				0.0	38.0	salt_bridge_like			buried				0.0	0.0		unmodified	
P48730	3UYS	C	220	THR_single	1	1	2.3	THR	363		2	4-18,20-159,164-294	4-18,20-159,164-294	THR	/mnt/c/Users/drpat/OneDrive - UGent/Desktop/PD/Phospho-fill/Validation-allPDB/pdb_cache/3uys.cif	THR	THR	OG1	CB	ok			-123.53062928106952					0.0	0.0					HOH:809	O	4.62608600855192	0.0	22.0	none_obvious			intermediate				0.0	0.0		unmodified	
P48730	3UYT	A	220	THR_single	1	1	2.0	THR	364		2	5-43,47-294	5-43,47-294	THR	/mnt/c/Users/drpat/OneDrive - UGent/Desktop/PD/Phospho-fill/Validation-allPDB/pdb_cache/3uyt.cif	THR	THR	OG1	CB	ok			144.99422125612304					0.0	0.0	GLN:223	GLN	NE2	2.423325589618475				0.0	22.0	hbond_like			intermediate				0.0	0.0		unmodified	
P48730	3UZP	A	220	THR_single	1	1	1.94	THR	365		2	3-294	3-294	THR	/mnt/c/Users/drpat/OneDrive - UGent/Desktop/PD/Phospho-fill/Validation-allPDB/pdb_cache/3uzp.cif	THR	THR	OG1	CB	ok			-118.6966496252406					0.0	0.0								0.0	23.0	none_obvious			intermediate				0.0	0.0		unmodified	
P33981	3VQU	A	686	THR_single	1	1	2.4	THR	340		4	516-558,560-674,685-699,711-795	516-558,560-674,685-699,711-795	THR	/mnt/c/Users/drpat/OneDrive - UGent/Desktop/PD/Phospho-fill/Validation-allPDB/pdb_cache/3vqu.cif	THR	THR	OG1	CB	ok			9.579051482030795	LYS:743	LYS	NZ	4.826792110181984	0.0	1.0	ASN:688	ASN	ND2	3.5432192332922514	HOH:1108	O	6.253294386237961	0.0	24.0	none_obvious			buried				0.0	0.0		unmodified	
Q99683	3VW6	A	838	THR_single	1	1	2.4	THR	465		2	671-713,720-829,838-939	671-713,720-829,838-939	THR	/mnt/c/Users/drpat/OneDrive - UGent/Desktop/PD/Phospho-fill/Validation-allPDB/pdb_cache/3vw6.cif	THR				missing_anchor_or_base																														
P33981	3WZK	A	686	THR_single	1	1	2.3	THR	341		4	516-674,685-699,711-794	516-674,685-699,711-794	THR	/mnt/c/Users/drpat/OneDrive - UGent/Desktop/PD/Phospho-fill/Validation-allPDB/pdb_cache/3wzk.cif	THR	THR	OG1	CB	ok			-10.343945282116751	LYS:649	LYS	CE	6.740997443634853	0.0	0.0	ASN:688	ASN	ND2	3.542068666569125	HOH:1009	O	7.0359279899226	0.0	25.0	none_obvious			buried				0.0	0.0		unmodified	
P49841	3ZRK	B	277	THR_single	1	1	2.37	THR	404		3	36-384	36-384	THR	/mnt/c/Users/drpat/OneDrive - UGent/Desktop/PD/Phospho-fill/Validation-allPDB/pdb_cache/3zrk.cif	THR	THR	OG1	CB	ok			-117.50664374672643					0.0	0.0	GLN:280	GLN	OE1	3.360688890090785	HOH:2073	O	3.9945818161239006	1.0	24.0	hbond_like			buried	PTR:216	PTR	25.7963508892516	0.0	0.0		unmodified	
P49841	3ZRL	B	277	THR_single	1	1	2.48	THR	405		3	36-384	36-384	THR	/mnt/c/Users/drpat/OneDrive - UGent/Desktop/PD/Phospho-fill/Validation-allPDB/pdb_cache/3zrl.cif	THR	THR	OG1	CB	ok			-117.88055404726462					0.0	0.0	GLN:280	GLN	OE1	3.1492638443781464	HOH:2066	O	4.974227327746228	0.0	24.0	hbond_like			buried	PTR:216	PTR	25.88934504665508	0.0	0.0		unmodified	
P49841	3ZRM	B	277	THR_single	1	1	2.49	THR	406		3	36-384	36-384	THR	/mnt/c/Users/drpat/OneDrive - UGent/Desktop/PD/Phospho-fill/Validation-allPDB/pdb_cache/3zrm.cif	THR	THR	OG1	CB	ok			-113.12499971534132					0.0	0.0	GLN:280	GLN	OE1	3.451433030175331	HOH:2063	O	5.031996313467143	0.0	24.0	hbond_like			buried	PTR:216	PTR	25.785891589766244	0.0	0.0		unmodified	
P49841	4AFJ	B	277	THR_single	1	1	1.98	THR	407		3	34-89,94-384	34-89,94-384	THR	/mnt/c/Users/drpat/OneDrive - UGent/Desktop/PD/Phospho-fill/Validation-allPDB/pdb_cache/4afj.cif	THR	THR	OG1	CB	ok			-119.38768371146762					0.0	0.0	GLN:280	GLN	OE1	3.479194594001562	HOH:2110	O	2.647019106741468	2.0	24.0	hbond_like			exposed	PTR:216	PTR	25.81236250736579	0.0	0.0		unmodified	
O96013	4APP	A	562	THR_single	1	1	2.2	THR	72		2	300-591	300-591	THR	/mnt/c/Users/drpat/OneDrive - UGent/Desktop/PD/Phospho-fill/Validation-allPDB/pdb_cache/4app.cif	THR	THR	OG1	CB	ok			-116.89443243225158	HIS:432	HIS	ND1	7.384740634030759	0.0	0.0	GLU:565	GLU	OE1	3.400846051571447	HOH:2161	O	3.2084931255675975	2.0	24.0	hbond_like			exposed	SEP:474	SEP	22.324932601056776	0.0	0.0		unmodified	
P33981	4C4J	A	675	THR_single	1	1	2.5	THR	342		4	519-675,684-699,709-794	519-675,684-699,709-794	THR	/mnt/c/Users/drpat/OneDrive - UGent/Desktop/PD/Phospho-fill/Validation-allPDB/pdb_cache/4c4j.cif	THR	THR	OG1	CB	ok			127.08383051927416					0.0	0.0	ASP:674	ASP	OD1	7.383383268335538				0.0	7.0	none_obvious			intermediate	TPO:686	TPO	15.646024272297833	0.0	0.0		unmodified	
O14965	4CEG	A	287	THR_single	1	1	2.1	THR	12		2	127-391	127-391	THR	/mnt/c/Users/drpat/OneDrive - UGent/Desktop/PD/Phospho-fill/Validation-allPDB/pdb_cache/4ceg.cif	THR	THR	OG1	CB	ok			130.11933217487996	HIS:176	HIS	CE1	3.2516731604196925	1.0	2.0	HIS:176	HIS	NE2	3.423787280828145	HOH:2011	O	7.768080611724668	0.0	30.0	salt_bridge_like			buried	TPO:288	TPO	6.74582002063228	1.0	1.0	TPO:288@6.75	unmodified	
P33981	4D2S	A	686	THR_single	1	1	2.5	THR	343		4	513-616,619-668,686-698,712-793	513-616,619-668,686-698,712-793	THR	/mnt/c/Users/drpat/OneDrive - UGent/Desktop/PD/Phospho-fill/Validation-allPDB/pdb_cache/4d2s.cif	THR	THR	OG1	CB	ok			7.007484365607171	LYS:743	LYS	NZ	5.823006352708916	0.0	1.0	ASN:688	ASN	ND2	2.9603900354454007				0.0	18.0	hbond_like			intermediate				0.0	0.0		unmodified	
P31749	4EJN	A	308	THR_single	1	1	2.19	THR	329		3	4-42,50-109,144-187,201-301,307-438	4-42,50-109,144-187,201-301,307-438	THR	/mnt/c/Users/drpat/OneDrive - UGent/Desktop/PD/Phospho-fill/Validation-allPDB/pdb_cache/4ejn.cif	THR	THR	OG1	CB	ok			30.97369316914187					0.0	0.0					HOH:688	O	5.2225551117191165	0.0	18.0	none_obvious			intermediate				0.0	0.0		unmodified	
O94804	4EQU	B	208	THR_single	1	1	2.0	THR	64		3	24-68,73-183,192-317	24-68,73-183,192-317	THR	/mnt/c/Users/drpat/OneDrive - UGent/Desktop/PD/Phospho-fill/Validation-allPDB/pdb_cache/4equ.cif	THR	THR	OG1	CB	ok			126.1321258142768					0.0	0.0	ASP:211	ASP	OD1	5.646028479757012				0.0	22.0	none_obvious			intermediate				0.0	0.0		unmodified	
P28482	4FUX	A	185	THR_single	1	2	2.2	THR	317		2	11-331,336-357	11-331,336-357	THR	/mnt/c/Users/drpat/OneDrive - UGent/Desktop/PD/Phospho-fill/Validation-allPDB/pdb_cache/4fux.cif	TYR	TYR	OH	CZ	ok				ARG:146	ARG	NH2	3.3919930185699663	1.0	1.0	ARG:146	ARG	NH2	3.3919930185699663	HOH:595	O	4.118705660425225	0.0	29.0	salt_bridge_like			buried				0.0	0.0		unmodified	0.5251825312209375
P28482	4FUY	A	185	THR_single	1	2	2.0	THR	318		2	11-14,18-57,64-331,339-358	11-14,18-57,64-331,339-358	THR	/mnt/c/Users/drpat/OneDrive - UGent/Desktop/PD/Phospho-fill/Validation-allPDB/pdb_cache/4fuy.cif	TYR	TYR	OH	CZ	ok				ARG:146	ARG	NH2	3.275903649476523	1.0	1.0	ARG:146	ARG	NH2	3.275903649476523	HOH:612	O	4.075854347480411	0.0	30.0	salt_bridge_like			buried				0.0	0.0		unmodified	1.3193789866086305
P28482	4FV0	A	185	THR_single	1	2	2.1	THR	319		2	11-331,336-358	11-331,336-358	THR	/mnt/c/Users/drpat/OneDrive - UGent/Desktop/PD/Phospho-fill/Validation-allPDB/pdb_cache/4fv0.cif	TYR	TYR	OH	CZ	ok				ARG:146	ARG	NE	3.5252350044887195	1.0	1.0	ARG:146	ARG	NE	3.5252350044887195	HOH:504	O	5.903054957975558	0.0	28.0	none_obvious			buried				0.0	0.0		unmodified	0.9904786306400934
P28482	4FV1	A	185	THR_single	1	2	1.99	THR	320		2	11-330,334-356	11-330,334-356	THR	/mnt/c/Users/drpat/OneDrive - UGent/Desktop/PD/Phospho-fill/Validation-allPDB/pdb_cache/4fv1.cif	TYR	TYR	OH	CZ	ok				ARG:146	ARG	NH2	3.4401934639206657	1.0	1.0	ARG:146	ARG	NH2	3.4401934639206657	HOH:586	O	3.7893384029704413	2.0	28.0	salt_bridge_like			exposed				0.0	0.0		unmodified	0.8661098933973934
P28482	4FV2	A	185	THR_single	1	2	2.0	THR	321		2	11-331,334-357	11-331,334-357	THR	/mnt/c/Users/drpat/OneDrive - UGent/Desktop/PD/Phospho-fill/Validation-allPDB/pdb_cache/4fv2.cif	TYR	TYR	OH	CZ	ok				ARG:146	ARG	NH2	3.459995538193809	1.0	1.0	ARG:146	ARG	NH2	3.459995538193809	HOH:642	O	2.525091929648079	1.0	29.0	salt_bridge_like			buried				0.0	0.0		unmodified	0.8299465195028088
P28482	4FV3	A	185	THR_single	1	2	2.2	THR	322		2	11-357	11-357	THR	/mnt/c/Users/drpat/OneDrive - UGent/Desktop/PD/Phospho-fill/Validation-allPDB/pdb_cache/4fv3.cif	TYR	TYR	OH	CZ	ok				ARG:146	ARG	NH2	3.394326009950256	1.0	1.0	ARG:146	ARG	NH2	3.394326009950256	HOH:505	O	5.9322168286179195	0.0	29.0	salt_bridge_like			buried				0.0	0.0		unmodified	1.0071512124763358
P28482	4FV7	A	185	THR_single	1	2	1.9	THR	323		2	11-331,336-358	11-331,336-358	THR	/mnt/c/Users/drpat/OneDrive - UGent/Desktop/PD/Phospho-fill/Validation-allPDB/pdb_cache/4fv7.cif	TYR	TYR	OH	CZ	ok				ARG:146	ARG	NH2	3.2995841033921187	1.0	1.0	ARG:146	ARG	NH2	3.2995841033921187	HOH:704	O	2.4372955179600075	1.0	30.0	salt_bridge_like			buried				0.0	0.0		unmodified	2.3617783800207115
P28482	4G6N	A	185	THR_single	1	2	2.0	THR	324		2	11-329,336-358	11-329,336-358	THR	/mnt/c/Users/drpat/OneDrive - UGent/Desktop/PD/Phospho-fill/Validation-allPDB/pdb_cache/4g6n.cif	TYR	TYR	OH	CZ	ok				ARG:146	ARG	NH2	3.4063604783800807	1.0	1.0	ARG:146	ARG	NH2	3.4063604783800807	HOH:617	O	2.5393190371048457	1.0	29.0	salt_bridge_like			buried				0.0	0.0		unmodified	2.110879147868414
P28482	4G6O	A	185	THR_single	1	2	2.2	THR	325		2	11-33,36-329,334-357	11-33,36-329,334-357	THR	/mnt/c/Users/drpat/OneDrive - UGent/Desktop/PD/Phospho-fill/Validation-allPDB/pdb_cache/4g6o.cif	TYR	TYR	OH	CZ	ok				ARG:146	ARG	NH2	3.4370874280953716	1.0	1.0	ARG:146	ARG	NH2	3.4370874280953716	HOH:538	O	2.560592461736996	1.0	29.0	salt_bridge_like			buried				0.0	0.0		unmodified	1.3850698372300063
P48730	4HGT	A	220	THR_single	1	1	1.8	THR	366		2	9-42,46-294	9-42,46-294	THR	/mnt/c/Users/drpat/OneDrive - UGent/Desktop/PD/Phospho-fill/Validation-allPDB/pdb_cache/4hgt.cif	THR	THR	OG1	CB	ok			-108.13999083240083					0.0	0.0					HOH:663	O	5.592908060077848	0.0	23.0	none_obvious			intermediate				0.0	0.0		unmodified	
P48730	4HNF	B	220	THR_single	1	1	2.07	THR	367		2	5-294	5-294	THR	/mnt/c/Users/drpat/OneDrive - UGent/Desktop/PD/Phospho-fill/Validation-allPDB/pdb_cache/4hnf.cif	THR	THR	OG1	CB	ok			-84.1478629093957					0.0	0.0	GLN:223	GLN	NE2	3.929160261956932	HOH:517	O	7.697647955125499	0.0	25.0	none_obvious			buried				0.0	0.0		unmodified	
P49841	4J71	A	277	THR_single	1	1	2.31	THR	408		3	36-383	36-383	THR	/mnt/c/Users/drpat/OneDrive - UGent/Desktop/PD/Phospho-fill/Validation-allPDB/pdb_cache/4j71.cif	THR	THR	OG1	CB	ok			-97.51751979714982	ARG:278	ARG	NE	7.969323463076895	0.0	0.0	GLN:280	GLN	OE1	3.712845680410056	HOH:698	O	2.5231342117533573	2.0	26.0	water_mediated_like			exposed	PTR:216	PTR	25.776993472956466	0.0	0.0		unmodified	
O96013	4JDH	A	562	THR_single	1	1	2.0	THR	73		2	300-589	300-589	THR	/mnt/c/Users/drpat/OneDrive - UGent/Desktop/PD/Phospho-fill/Validation-allPDB/pdb_cache/4jdh.cif	THR	THR	OG1	CB	ok			-109.16868783986838	HIS:432	HIS	ND1	7.363591636160658	0.0	0.0	GLU:565	GLU	OE1	3.6455417340665104	HOH:651	O	2.6520180529841015	2.0	23.0	water_mediated_like			exposed	SEP:474	SEP	22.393820892573718	0.0	0.0		unmodified	
O96013	4JDI	A	562	THR_single	1	1	1.85	THR	74		2	300-589	300-589	THR	/mnt/c/Users/drpat/OneDrive - UGent/Desktop/PD/Phospho-fill/Validation-allPDB/pdb_cache/4jdi.cif	THR	THR	OG1	CB	ok			-114.65397784416865	LYS:568	LYS	NZ	7.2423105516526505	0.0	0.0	GLU:565	GLU	OE1	3.440684089146833	HOH:1214	O	3.41239804991416	2.0	23.0	hbond_like			exposed	SEP:474	SEP	22.46831883853727	0.0	0.0		unmodified	
P33981	4JT3	A	686	THR_single	1	1	2.2	THR	344		4	515-671,685-698,712-794	515-671,685-698,712-794	THR	/mnt/c/Users/drpat/OneDrive - UGent/Desktop/PD/Phospho-fill/Validation-allPDB/pdb_cache/4jt3.cif	THR	THR	OG1	CB	ok			-131.45659253937998	LYS:743	LYS	CE	5.058818557881148	0.0	1.0	ASN:688	ASN	ND2	3.460041821544629				0.0	21.0	hbond_like			intermediate				0.0	0.0		unmodified	
P48730	4KB8	B	220	THR_single	1	1	1.95	THR	368		2	3-41,48-293	3-41,48-293	THR	/mnt/c/Users/drpat/OneDrive - UGent/Desktop/PD/Phospho-fill/Validation-allPDB/pdb_cache/4kb8.cif	THR	THR	OG1	CB	ok			133.19631587165077					0.0	0.0	GLN:223	GLN	NE2	4.656923899801674				0.0	15.0	none_obvious			intermediate				0.0	0.0		unmodified	
P48730	4KBA	B	220	THR_single	1	1	1.98	THR	369		2	3-41,48-293	3-41,48-293	THR	/mnt/c/Users/drpat/OneDrive - UGent/Desktop/PD/Phospho-fill/Validation-allPDB/pdb_cache/4kba.cif	THR	THR	OG1	CB	ok			153.08763370680438					0.0	0.0	GLN:223	GLN	NE2	4.817925354735475				0.0	15.0	none_obvious			intermediate				0.0	0.0		unmodified	
P48730	4KBC	A	220	THR_single	1	1	1.98	THR	370		2	2-17,22-293	2-17,22-293	THR	/mnt/c/Users/drpat/OneDrive - UGent/Desktop/PD/Phospho-fill/Validation-allPDB/pdb_cache/4kbc.cif	THR	THR	OG1	CB	ok			-114.24098636176858	ARG:222	ARG	NE	6.037629854000888	0.0	0.0	GLN:223	GLN	NE2	4.263368539954242	HOH:533	O	3.8525843133171125	1.0	27.0	none_obvious			buried				0.0	0.0		unmodified	
P48730	4KBK	B	220	THR_single	1	1	2.1	THR	371		2	3-168,171-293	3-168,171-293	THR	/mnt/c/Users/drpat/OneDrive - UGent/Desktop/PD/Phospho-fill/Validation-allPDB/pdb_cache/4kbk.cif	THR	THR	OG1	CB	ok			-120.14694264793592	ARG:222	ARG	NE	7.243173759912685	0.0	0.0	GLN:223	GLN	NE2	2.9316482201705707				0.0	28.0	hbond_like			buried				0.0	0.0		unmodified	
O96013	4NJD	A	562	THR_single	1	1	2.5	THR	75		2	300-589	300-589	THR	/mnt/c/Users/drpat/OneDrive - UGent/Desktop/PD/Phospho-fill/Validation-allPDB/pdb_cache/4njd.cif	THR	THR	OG1	CB	ok			-113.52598656968982	HIS:432	HIS	ND1	7.2859937507389105	0.0	0.0	GLU:565	GLU	OE1	3.9005501445714184				0.0	25.0	none_obvious			buried	SEP:474	SEP	22.46338463065118	0.0	0.0		unmodified	
O14965	4O0S	A	288	THR_single	1	1	2.5	THR	13		2	126-286,288-391	126-286,288-391	THR	/mnt/c/Users/drpat/OneDrive - UGent/Desktop/PD/Phospho-fill/Validation-allPDB/pdb_cache/4o0s.cif	THR	THR	OG1	CB	ok			-128.11655722560792					0.0	0.0	TYR:334	TYR	OH	5.121626981795442				0.0	20.0	none_obvious			intermediate				0.0	0.0		unmodified	
O96013	4O0X	A	562	THR_single	1	1	2.483	THR	76		2	300-589	300-589	THR	/mnt/c/Users/drpat/OneDrive - UGent/Desktop/PD/Phospho-fill/Validation-allPDB/pdb_cache/4o0x.cif	THR	THR	OG1	CB	ok			-101.74217058503736	ARG:551	ARG	NH2	7.381277455329239	0.0	0.0	GLU:565	GLU	OE2	4.0018953750441	HOH:739	O	3.5838704043933483	1.0	23.0	none_obvious			intermediate	SEP:474	SEP	22.900335676860394	0.0	0.0		unmodified	
O96013	4O0Y	A	562	THR_single	1	1	2.2	THR	77		2	300-589	300-589	THR	/mnt/c/Users/drpat/OneDrive - UGent/Desktop/PD/Phospho-fill/Validation-allPDB/pdb_cache/4o0y.cif	THR	THR	OG1	CB	ok			-113.6491694239559	LYS:568	LYS	CE	7.286000398921085	0.0	0.0	GLU:565	GLU	OE1	3.486107026637171	HOH:757	O	3.811973161449677	1.0	24.0	hbond_like			buried	SEP:474	SEP	22.756762896281483	0.0	0.0		unmodified	
P33981	4O6L	A	686	THR_single	1	1	2.38	THR	345		4	515-677,686-699,711-793	515-677,686-699,711-793	THR	/mnt/c/Users/drpat/OneDrive - UGent/Desktop/PD/Phospho-fill/Validation-allPDB/pdb_cache/4o6l.cif	THR	THR	OG1	CB	ok			1.9113484333263449	LYS:743	LYS	NZ	5.3840045629117705	0.0	1.0	ASN:688	ASN	ND2	3.0000186468099166	HOH:1102	O	4.750943064078408	0.0	20.0	hbond_like			intermediate	TPO:675	TPO	20.23340881574624	0.0	0.0		unmodified	
P48730	4TN6	A	220	THR_single	1	1	2.41	THR	372		2	2-293	2-293	THR	/mnt/c/Users/drpat/OneDrive - UGent/Desktop/PD/Phospho-fill/Validation-allPDB/pdb_cache/4tn6.cif	THR	THR	OG1	CB	ok			-50.75923646874738	LYS:221	LYS	CE	4.299757559465974	0.0	2.0	LYS:221	LYS	NZ	4.409625585380936	HOH:533	O	7.571742668743938	0.0	33.0	none_obvious			buried				0.0	0.0		unmodified	
P48730	4TWC	A	220	THR_single	1	1	1.7	THR	373		2	2-218,220-295	2-218,220-295	THR	/mnt/c/Users/drpat/OneDrive - UGent/Desktop/PD/Phospho-fill/Validation-allPDB/pdb_cache/4twc.cif	THR	THR	OG1	CB	ok			-16.586063886028693	LYS:221	LYS	CE	3.383170864965744	1.0	1.0	LYS:221	LYS	NZ	4.129741723180566	HOH:1168	O	3.359983927291287	1.0	13.0	salt_bridge_like			intermediate				0.0	0.0		unmodified	
O96013	4XBU	A	562	THR_single	1	1	2.06	THR	78		2	297-589	297-589	THR	/mnt/c/Users/drpat/OneDrive - UGent/Desktop/PD/Phospho-fill/Validation-allPDB/pdb_cache/4xbu.cif	THR	THR	OG1	CB	ok			-115.11310244045082	LYS:568	LYS	NZ	7.234352172558241	0.0	0.0	GLU:565	GLU	OE1	3.379104040782027	HOH:699	O	3.9488023347860555	1.0	24.0	hbond_like			buried	SEP:474	SEP	22.608505733139108	0.0	0.0		unmodified	
P63086	4XOY	A	183	THR_single	1	1	2.1	THR	428		2	9-55,61-183,187-327,335-353	9-55,61-183,187-327,335-353	THR	/mnt/c/Users/drpat/OneDrive - UGent/Desktop/PD/Phospho-fill/Validation-allPDB/pdb_cache/4xoy.cif	THR	THR	OG1	CB	ok			-131.2438986742003	LYS:201	LYS	CE	6.660009542033497	0.0	0.0	THR:179	THR	OG1	3.913674179508096	HOH:502	O	2.066338004407951	2.0	38.0	water_mediated_like			exposed				0.0	0.0		unmodified	
P06493	4Y72	A	161	THR_single	1	1	2.3	THR	90		1	1-289	1-289	THR	/mnt/c/Users/drpat/OneDrive - UGent/Desktop/PD/Phospho-fill/Validation-allPDB/pdb_cache/4y72.cif	THR	THR	OG1	CB	ok			-117.99487022245772	HIS:162	HIS	CD2	7.140341041055298	0.0	0.0	GLU:163	GLU	OE2	2.6513610986699834	HOH:518	O	6.865422279628179	0.0	26.0	hbond_like			buried				0.0	0.0		unmodified	
Q9NZQ7	4Z18	A	127	THR_single	1	1	1.952	THR	478		1	19-230	19-230	THR	/mnt/c/Users/drpat/OneDrive - UGent/Desktop/PD/Phospho-fill/Validation-allPDB/pdb_cache/4z18.cif	THR	THR	OG1	CB	ok			117.90201050355827	LYS:129	LYS	NZ	5.41894490595603	0.0	2.0	ASP:26	ASP	OD1	5.192669859704308				0.0	26.0	none_obvious			buried				0.0	0.0		unmodified	
P33981	4ZEG	A	686	THR_single	1	1	2.33	THR	346		4	516-674,686-699,709-795	516-674,686-699,709-795	THR	/mnt/c/Users/drpat/OneDrive - UGent/Desktop/PD/Phospho-fill/Validation-allPDB/pdb_cache/4zeg.cif	THR	THR	OG1	CB	ok			13.462016911735526	LYS:649	LYS	CE	4.393781442453679	0.0	1.0	GLN:672	GLN	NE2	4.808028282869622				0.0	10.0	none_obvious			intermediate				0.0	0.0		unmodified	
Q13153	4ZJI	C	423	THR_single	1	1	1.99	THR	433		1	250-289,291-302,308-413,419-541	250-289,291-302,308-413,419-541	THR	/mnt/c/Users/drpat/OneDrive - UGent/Desktop/PD/Phospho-fill/Validation-allPDB/pdb_cache/4zji.cif	THR	THR	OG1	CB	ok			120.7968106644408					0.0	0.0	SER:422	SER	OG	6.490085988753824	HOH:718	O	2.678057109825212	2.0	7.0	water_mediated_like			exposed				0.0	0.0		unmodified	
Q13153	4ZJJ	A	423	THR_single	1	1	2.2	THR	434		1	249-304,309-415,423-539	249-304,309-415,423-539	THR	/mnt/c/Users/drpat/OneDrive - UGent/Desktop/PD/Phospho-fill/Validation-allPDB/pdb_cache/4zjj.cif	THR				missing_anchor_or_base																														
P42527	4ZME	A	612	THR_single	1	1	1.98	THR	359		1	552-649,653-815	552-649,653-815	THR	/mnt/c/Users/drpat/OneDrive - UGent/Desktop/PD/Phospho-fill/Validation-allPDB/pdb_cache/4zme.cif	THR	THR	OG1	CB	ok			-107.2662798483542					0.0	0.0	THR:614	THR	OG1	4.1940660280189155	HOH:1208	O	2.8049566038966294	1.0	14.0	water_mediated_like			intermediate				0.0	0.0		unmodified	
P42527	4ZMF	B	612	THR_single	1	1	2.39	THR	360		1	552-651,655-701,704-808	552-651,655-701,704-808	THR	/mnt/c/Users/drpat/OneDrive - UGent/Desktop/PD/Phospho-fill/Validation-allPDB/pdb_cache/4zmf.cif	THR	THR	OG1	CB	ok			-109.9586825508301					0.0	0.0	THR:614	THR	OG1	3.291760558433651	HOH:1020	O	7.847038253806257	0.0	14.0	hbond_like			intermediate				0.0	0.0		unmodified	
Q9NZQ7	4ZQK	A	127	THR_single	1	1	2.45	THR	479		1	18-132	18-132	THR	/mnt/c/Users/drpat/OneDrive - UGent/Desktop/PD/Phospho-fill/Validation-allPDB/pdb_cache/4zqk.cif	THR	THR	OG1	CB	ok			125.47736125582273					0.0	0.0	ASP:26	ASP	OD2	7.380846382726663	HOH:303	O	3.0284747494830992	1.0	25.0	water_mediated_like			buried				0.0	0.0		unmodified	
P42527	4ZS4	B	612	THR_single	1	1	2.4	THR	361		1	552-650,653-810	552-650,653-810	THR	/mnt/c/Users/drpat/OneDrive - UGent/Desktop/PD/Phospho-fill/Validation-allPDB/pdb_cache/4zs4.cif	THR	THR	OG1	CB	ok			-3.1320910462373788					0.0	0.0	THR:613	THR	OG1	5.767405974720754	HOH:1018	O	5.494344749750643	0.0	8.0	none_obvious			intermediate				0.0	0.0		unmodified	
Q13153	4ZY5	B	423	THR_single	1	1	2.35	THR	435		1	255-304,306-542	255-304,306-542	THR	/mnt/c/Users/drpat/OneDrive - UGent/Desktop/PD/Phospho-fill/Validation-allPDB/pdb_cache/4zy5.cif	THR	THR	OG1	CB	ok			134.00444092217455					0.0	0.0	SER:422	SER	OG	6.839367480542804				0.0	9.0	none_obvious			intermediate				0.0	0.0		unmodified	
Q13153	4ZY6	A	423	THR_single	1	1	2.15	THR	436		1	251-300,307-336,339-542	251-300,307-336,339-542	THR	/mnt/c/Users/drpat/OneDrive - UGent/Desktop/PD/Phospho-fill/Validation-allPDB/pdb_cache/4zy6.cif	THR	THR	OG1	CB	ok			-129.10363677913307	ARG:388	ARG	NH1	3.285996340390027	1.0	2.0	ARG:388	ARG	NH1	3.285996340390027	HOH:782	O	5.921906888467572	0.0	33.0	salt_bridge_like			buried				0.0	0.0		unmodified	
P28482	4ZZN	A	185	THR_single	1	2	1.33	THR	326		2	11-329,336-355	11-329,336-355	THR	/mnt/c/Users/drpat/OneDrive - UGent/Desktop/PD/Phospho-fill/Validation-allPDB/pdb_cache/4zzn.cif	TYR	TYR	OH	CZ	ok				ARG:146	ARG	NH1	3.679828832819036	1.0	1.0	ARG:146	ARG	NH1	3.679828832819036	HOH:2187	O	2.5906027793118676	2.0	28.0	water_mediated_like			exposed				0.0	0.0		unmodified	1.4205740759904473
O94804	5AJQ	B	208	THR_single	1	1	2.2	THR	65		3	25-66,75-181,195-312	25-66,75-181,195-312	THR	/mnt/c/Users/drpat/OneDrive - UGent/Desktop/PD/Phospho-fill/Validation-allPDB/pdb_cache/5ajq.cif	THR	THR	OG1	CB	ok			-126.80451984301355					0.0	0.0	CYS:206	CYS	SG	7.490293245481514	HOH:2015	O	5.468592330187043	0.0	9.0	none_obvious			intermediate				0.0	0.0		unmodified	
P33981	5AP6	A	686	THR_single	1	1	2.1	THR	347		4	519-674,681-698,710-794	519-674,681-698,710-794	THR	/mnt/c/Users/drpat/OneDrive - UGent/Desktop/PD/Phospho-fill/Validation-allPDB/pdb_cache/5ap6.cif	THR	THR	OG1	CB	ok			10.420664357650985	LYS:649	LYS	CE	6.1676337192667745	0.0	0.0	ASN:688	ASN	ND2	3.6762059290392983	HOH:2041	O	4.6411280578687215	0.0	21.0	none_obvious			intermediate				0.0	0.0		unmodified	
P33981	5AP7	A	686	THR_single	1	1	2.45	THR	348		4	519-673,684-697,711-794	519-673,684-697,711-794	THR	/mnt/c/Users/drpat/OneDrive - UGent/Desktop/PD/Phospho-fill/Validation-allPDB/pdb_cache/5ap7.cif	THR	THR	OG1	CB	ok			13.39469606011383	LYS:743	LYS	CE	6.36122770836497	0.0	0.0	ASN:688	ASN	ND2	2.9704377499440544	HOH:2032	O	4.705199857052867	0.0	20.0	hbond_like			intermediate				0.0	0.0		unmodified	
P0DMV8	5AQW	A	66	THR_single	1	1	1.53	THR	106		1	3-188,192-380	3-188,192-380	THR	/mnt/c/Users/drpat/OneDrive - UGent/Desktop/PD/Phospho-fill/Validation-allPDB/pdb_cache/5aqw.cif	THR	THR	OG1	CB	ok			121.67684119209092					0.0	0.0	GLN:58	GLN	NE2	2.886685147030847	HOH:2108	O	4.535410104341694	0.0	44.0	hbond_like			buried				0.0	0.0		unmodified	
P0DMV8	5AQX	A	66	THR_single	1	1	2.12	THR	107		1	3-380	3-380	THR	/mnt/c/Users/drpat/OneDrive - UGent/Desktop/PD/Phospho-fill/Validation-allPDB/pdb_cache/5aqx.cif	THR	THR	OG1	CB	ok			128.35211620861304					0.0	0.0	GLN:58	GLN	NE2	2.702855810734425	HOH:2022	O	7.109265804591872	0.0	46.0	hbond_like			buried				0.0	0.0		unmodified	
P0DMV8	5AQY	A	66	THR_single	1	1	1.56	THR	108		1	2-380	2-380	THR	/mnt/c/Users/drpat/OneDrive - UGent/Desktop/PD/Phospho-fill/Validation-allPDB/pdb_cache/5aqy.cif	THR	THR	OG1	CB	ok			127.88274518778381					0.0	0.0	GLN:58	GLN	NE2	2.898682999399227	HOH:2092	O	4.860719235415624	0.0	45.0	hbond_like			buried				0.0	0.0		unmodified	
P0DMV8	5AQZ	A	66	THR_single	1	1	1.65	THR	109		1	1-380	1-380	THR	/mnt/c/Users/drpat/OneDrive - UGent/Desktop/PD/Phospho-fill/Validation-allPDB/pdb_cache/5aqz.cif	THR	THR	OG1	CB	ok			128.29686164698964					0.0	0.0	GLN:58	GLN	NE2	2.920989116067427	HOH:2115	O	4.986072944266702	0.0	43.0	hbond_like			buried				0.0	0.0		unmodified	
P0DMV8	5AR0	A	66	THR_single	1	1	1.9	THR	110		1	3-22,25-380	3-22,25-380	THR	/mnt/c/Users/drpat/OneDrive - UGent/Desktop/PD/Phospho-fill/Validation-allPDB/pdb_cache/5ar0.cif	THR	THR	OG1	CB	ok			125.12665093369324					0.0	0.0	GLN:58	GLN	NE2	2.8413798571258853	HOH:2044	O	4.554967825292948	0.0	47.0	hbond_like			buried				0.0	0.0		unmodified	
O43353	5AR2	B	111	THR_single	1	1	2.44	THR	59		2	4-26,30-50,57-172,184-204,207-310	4-26,30-50,57-172,184-204,207-310	THR	/mnt/c/Users/drpat/OneDrive - UGent/Desktop/PD/Phospho-fill/Validation-allPDB/pdb_cache/5ar2.cif	THR	THR	OG1	CB	ok			119.46840632859593					0.0	0.0					HOH:2073	O	3.7762799700387504	2.0	8.0	none_obvious			exposed				0.0	0.0		unmodified	
D3KVM3	5AZI	B	12	THR_single	1	1	2.45	THR	4		2	1-511	1-511	THR	/mnt/c/Users/drpat/OneDrive - UGent/Desktop/PD/Phospho-fill/Validation-allPDB/pdb_cache/5azi.cif	THR	THR	OG1	CB	ok			-123.3685625983482	HIS:33	HIS	CE1	6.187832024414504	0.0	0.0	SER:13	SER	OG	4.13756763099593	HOH:722	O	6.066001116598419	0.0	23.0	none_obvious			intermediate	TPO:276	TPO	4.187603167776995	1.0	1.0	TPO:276@4.19	unmodified	
P0DMV8	5BN8	A	66	THR_single	1	1	1.34	THR	111		1	4-382	4-382	THR	/mnt/c/Users/drpat/OneDrive - UGent/Desktop/PD/Phospho-fill/Validation-allPDB/pdb_cache/5bn8.cif	THR	THR	OG1	CB	ok			119.00353064730403					0.0	0.0	GLN:58	GLN	NE2	2.7564771205652323	HOH:605	O	4.699015519192246	0.0	46.0	hbond_like			buried				0.0	0.0		unmodified	
P0DMV8	5BN9	A	66	THR_single	1	1	1.689	THR	112		1	4-382	4-382	THR	/mnt/c/Users/drpat/OneDrive - UGent/Desktop/PD/Phospho-fill/Validation-allPDB/pdb_cache/5bn9.cif	THR	THR	OG1	CB	ok			122.7373110640707					0.0	0.0	GLN:58	GLN	NE2	2.8629440084760645	HOH:582	O	4.73443824850597	0.0	45.0	hbond_like			buried				0.0	0.0		unmodified	
P0DMV8	5BPL	A	66	THR_single	1	1	1.93	THR	113		1	3-382	3-382	THR	/mnt/c/Users/drpat/OneDrive - UGent/Desktop/PD/Phospho-fill/Validation-allPDB/pdb_cache/5bpl.cif	THR	THR	OG1	CB	ok			120.11525854998287					0.0	0.0	GLN:58	GLN	NE2	2.823349836683258	HOH:666	O	4.78878441475743	0.0	44.0	hbond_like			buried				0.0	0.0		unmodified	
P0DMV8	5BPM	A	66	THR_single	1	1	1.83	THR	114		1	4-381	4-381	THR	/mnt/c/Users/drpat/OneDrive - UGent/Desktop/PD/Phospho-fill/Validation-allPDB/pdb_cache/5bpm.cif	THR	THR	OG1	CB	ok			121.471253816368					0.0	0.0	GLN:58	GLN	NE2	3.0119678613454	HOH:592	O	4.684042514487197	0.0	41.0	hbond_like			buried				0.0	0.0		unmodified	
P0DMV8	5BPN	A	66	THR_single	1	1	2.1	THR	115		1	6-59,61-97,100-188,190-381	6-59,61-97,100-188,190-381	THR	/mnt/c/Users/drpat/OneDrive - UGent/Desktop/PD/Phospho-fill/Validation-allPDB/pdb_cache/5bpn.cif	THR	THR	OG1	CB	ok			121.32307887131974					0.0	0.0	GLN:58	GLN	NE2	2.549729791415339				0.0	46.0	hbond_like			buried				0.0	0.0		unmodified	
Q9NZQ7	5C3T	A	127	THR_single	1	1	1.8	THR	480		1	18-134	18-134	THR	/mnt/c/Users/drpat/OneDrive - UGent/Desktop/PD/Phospho-fill/Validation-allPDB/pdb_cache/5c3t.cif	THR	THR	OG1	CB	ok			119.38226382258436	ARG:125	ARG	NH1	5.247329571639276	0.0	2.0	ARG:125	ARG	NH1	5.247329571639276	HOH:242	O	2.872337612346226	2.0	24.0	water_mediated_like			exposed				0.0	0.0		unmodified	
O14965	5DN3	A	287	THR_single	1	1	2.05	THR	14		2	125-389	125-389	THR	/mnt/c/Users/drpat/OneDrive - UGent/Desktop/PD/Phospho-fill/Validation-allPDB/pdb_cache/5dn3.cif	THR	THR	OG1	CB	ok			-119.05057400391769	ARG:286	ARG	NH1	5.454840847997559	0.0	1.0	TRP:277	TRP	NE1	5.154069133160983	HOH:567	O	2.7716088371233982	1.0	29.0	water_mediated_like			buried	TPO:288	TPO	6.854893514939018	1.0	1.0	TPO:288@6.85	unmodified	
O14965	5DNR	A	287	THR_single	1	1	1.95	THR	15		2	126-390	126-390	THR	/mnt/c/Users/drpat/OneDrive - UGent/Desktop/PD/Phospho-fill/Validation-allPDB/pdb_cache/5dnr.cif	THR	THR	OG1	CB	ok			108.68484863411913	ARG:255	ARG	CZ	4.005233577738793	0.0	2.0	ARG:255	ARG	NH2	4.15659505475342	HOH:595	O	6.847013210599409	0.0	40.0	none_obvious			buried	TPO:288	TPO	8.681065663887084	0.0	1.0	TPO:288@8.68	unmodified	
O14965	5DT3	A	288	THR_single	1	1	2.33	THR	16		2	127-390	127-390	THR	/mnt/c/Users/drpat/OneDrive - UGent/Desktop/PD/Phospho-fill/Validation-allPDB/pdb_cache/5dt3.cif	THR	THR	OG1	CB	ok			7.91957961710126	ARG:285	ARG	NH2	4.398744539325691	0.0	2.0	ARG:285	ARG	NH2	4.398744539325691	HOH:578	O	5.265180719565825	0.0	18.0	none_obvious			intermediate	TPO:287	TPO	9.612909337475218	0.0	1.0	TPO:287@9.61	unmodified	
P42527	5E9E	B	612	THR_single	1	1	2.4	THR	362		1	552-612,614-813	552-612,614-813	THR	/mnt/c/Users/drpat/OneDrive - UGent/Desktop/PD/Phospho-fill/Validation-allPDB/pdb_cache/5e9e.cif	THR	THR	OG1	CB	ok			14.193758119988871					0.0	0.0	THR:614	THR	OG1	3.733859235647414				0.0	7.0	none_obvious			intermediate				0.0	0.0		unmodified	
P33981	5EH0	A	686	THR_single	1	1	2.18	THR	349		4	516-674,685-698,710-794	516-674,685-698,710-794	THR	/mnt/c/Users/drpat/OneDrive - UGent/Desktop/PD/Phospho-fill/Validation-allPDB/pdb_cache/5eh0.cif	THR	THR	OG1	CB	ok			8.66921530935741	LYS:743	LYS	CE	5.569772674858363	0.0	1.0	ASN:688	ASN	ND2	3.084502533677171	HOH:904	O	5.0884589666149065	0.0	22.0	hbond_like			intermediate				0.0	0.0		unmodified	
P33981	5EHO	A	686	THR_single	1	1	2.18	THR	350		4	519-674,684-698,711-794	519-674,684-698,711-794	THR	/mnt/c/Users/drpat/OneDrive - UGent/Desktop/PD/Phospho-fill/Validation-allPDB/pdb_cache/5eho.cif	THR	THR	OG1	CB	ok			-5.313148708025626	LYS:743	LYS	CE	5.804465864486982	0.0	1.0	ASN:688	ASN	ND2	3.0757442694079162	HOH:1003	O	4.910456852641218	0.0	24.0	hbond_like			buried				0.0	0.0		unmodified	
P33981	5EHY	A	686	THR_single	1	1	2.26	THR	351		4	519-670,684-698,711-794	519-670,684-698,711-794	THR	/mnt/c/Users/drpat/OneDrive - UGent/Desktop/PD/Phospho-fill/Validation-allPDB/pdb_cache/5ehy.cif	THR	THR	OG1	CB	ok			-0.15769910419023989	LYS:743	LYS	NZ	5.488407534326854	0.0	1.0	ASN:688	ASN	ND2	2.994090086347888	HOH:1028	O	6.634138057253961	0.0	23.0	hbond_like			intermediate				0.0	0.0		unmodified	
P33981	5EI6	A	686	THR_single	1	1	2.01	THR	352		4	519-674,680-698,709-794	519-674,680-698,709-794	THR	/mnt/c/Users/drpat/OneDrive - UGent/Desktop/PD/Phospho-fill/Validation-allPDB/pdb_cache/5ei6.cif	THR	THR	OG1	CB	ok			9.015420933069283	LYS:743	LYS	CE	6.560424459366349	0.0	0.0	ASN:688	ASN	ND2	3.364605584739252	HOH:1002	O	4.669851067100467	0.0	22.0	hbond_like			intermediate				0.0	0.0		unmodified	
P33981	5EI8	A	686	THR_single	1	1	2.17	THR	353		4	519-674,684-698,709-753	519-674,684-698,709-753	THR	/mnt/c/Users/drpat/OneDrive - UGent/Desktop/PD/Phospho-fill/Validation-allPDB/pdb_cache/5ei8.cif	THR	THR	OG1	CB	ok			15.716769979857878	LYS:743	LYS	CE	6.323438803187786	0.0	0.0	ASN:688	ASN	ND2	3.387116728913351	HOH:1012	O	4.91327794274451	0.0	19.0	hbond_like			intermediate				0.0	0.0		unmodified	
O14965	5G1X	A	287	THR_single	1	1	1.72	THR	17		2	126-389	126-389	THR	/mnt/c/Users/drpat/OneDrive - UGent/Desktop/PD/Phospho-fill/Validation-allPDB/pdb_cache/5g1x.cif	THR	THR	OG1	CB	ok			-122.41792061792921	HIS:306	HIS	CE1	6.43170239973329	0.0	0.0	HIS:306	HIS	ND1	6.670935151227201	HOH:2123	O	3.5547297449938267	1.0	11.0	none_obvious			intermediate	TPO:288	TPO	6.006157239438056	1.0	1.0	TPO:288@6.01	unmodified	
A0A0R6L508	5GRR	A	285	THR_single	1	1	1.45	THR	0		1	219-541	219-541	THR	/mnt/c/Users/drpat/OneDrive - UGent/Desktop/PD/Phospho-fill/Validation-allPDB/pdb_cache/5grr.cif	THR	THR	OG1	CB	ok			139.4734068723249	HIS:466	HIS	NE2	3.5358023280060107	1.0	5.0	ASP:465	ASP	OD2	3.0224011020708867	HOH:703	O	2.281903876117797	3.0	37.0	hbond_like			exposed				0.0	0.0		unmodified	
P06493	5HQ0	A	161	THR_single	1	1	2.3	THR	91		1	1-289	1-289	THR	/mnt/c/Users/drpat/OneDrive - UGent/Desktop/PD/Phospho-fill/Validation-allPDB/pdb_cache/5hq0.cif	THR	THR	OG1	CB	ok			-117.99487022245772	HIS:162	HIS	CD2	7.140341041055298	0.0	0.0	GLU:163	GLU	OE2	2.6513610986699834	HOH:505	O	6.865422279628179	0.0	26.0	hbond_like			buried				0.0	0.0		unmodified	
P53667	5HVJ	A	508	THR_single	1	1	2.2	THR	423		1	329-485,508-633	329-485,508-633	THR	/mnt/c/Users/drpat/OneDrive - UGent/Desktop/PD/Phospho-fill/Validation-allPDB/pdb_cache/5hvj.cif	THR	THR	OG1	CB	ok			33.789113219322					0.0	0.0								0.0	4.0	none_obvious			intermediate				0.0	0.0		unmodified	
P0CE47	5I4Q	C	383	THR_single	1	1	2.35	THR	94		1	209-394	209-394	THR	/mnt/c/Users/drpat/OneDrive - UGent/Desktop/PD/Phospho-fill/Validation-allPDB/pdb_cache/5i4q.cif	THR	THR	OG1	CB	ok			106.78646041530813	ARG:378	ARG	NH2	4.615595702165963	0.0	1.0	ARG:378	ARG	NH2	4.615595702165963				0.0	23.0	none_obvious			intermediate				0.0	0.0		unmodified	
Q9NZQ7	5J89	A	127	THR_single	1	1	2.2	THR	481		1	18-134	18-134	THR	/mnt/c/Users/drpat/OneDrive - UGent/Desktop/PD/Phospho-fill/Validation-allPDB/pdb_cache/5j89.cif	THR	THR	OG1	CB	ok			118.04395580840497	LYS:129	LYS	CE	6.1094202263843504	0.0	0.0	ARG:125	ARG	NH1	6.3146105897182	HOH:309	O	2.619472130518174	2.0	21.0	water_mediated_like			exposed				0.0	0.0		unmodified	
Q9NZQ7	5J8O	A	127	THR_single	1	1	2.3	THR	482		1	18-134	18-134	THR	/mnt/c/Users/drpat/OneDrive - UGent/Desktop/PD/Phospho-fill/Validation-allPDB/pdb_cache/5j8o.cif	THR	THR	OG1	CB	ok			120.38794401603091	ARG:125	ARG	NE	7.32912971994827	0.0	0.0	ASP:26	ASP	OD2	6.694333835163541	HOH:309	O	5.937971240465192	0.0	24.0	none_obvious			buried				0.0	0.0		unmodified	
O15075	5JZJ	A	484	THR_single	1	1	1.71	THR	53		1	374-590,595-648	374-590,595-648	THR	/mnt/c/Users/drpat/OneDrive - UGent/Desktop/PD/Phospho-fill/Validation-allPDB/pdb_cache/5jzj.cif	THR	THR	OG1	CB	ok			-113.40770620252475	ARG:486	ARG	NE	5.703869280635741	0.0	1.0	ASP:487	ASP	OD2	3.7114562649758507	HOH:821	O	2.613246424821531	3.0	24.0	water_mediated_like			exposed				0.0	0.0		unmodified	
P49841	5K5N	B	277	THR_single	1	1	2.2	THR	409		3	36-45,49-89,95-287,294-384	36-45,49-89,95-287,294-384	THR	/mnt/c/Users/drpat/OneDrive - UGent/Desktop/PD/Phospho-fill/Validation-allPDB/pdb_cache/5k5n.cif	THR	THR	OG1	CB	ok			-118.76659980898177					0.0	0.0	GLN:280	GLN	OE1	3.1691856640753313				0.0	27.0	hbond_like			buried	PTR:216	PTR	25.72462234754035	0.0	0.0		unmodified	
P49841	5KPK	A	277	THR_single	1	1	2.4	THR	410		3	35-119,123-384	35-119,123-384	THR	/mnt/c/Users/drpat/OneDrive - UGent/Desktop/PD/Phospho-fill/Validation-allPDB/pdb_cache/5kpk.cif	THR	THR	OG1	CB	ok			-110.42729740076965	ARG:278	ARG	NE	7.755323102924693	0.0	0.0	GLN:280	GLN	OE1	3.7479309534372263	HOH:651	O	2.7424913209875226	2.0	29.0	water_mediated_like			exposed	PTR:216	PTR	25.29667719993714	0.0	0.0		unmodified	
O14965	5L8K	A	287	THR_single	1	1	1.79	THR	18		2	126-392	126-392	THR	/mnt/c/Users/drpat/OneDrive - UGent/Desktop/PD/Phospho-fill/Validation-allPDB/pdb_cache/5l8k.cif	THR	THR	OG1	CB	ok			145.85942867322038	HIS:306	HIS	CE1	5.137229674183481	0.0	1.0	HIS:306	HIS	NE2	5.421560742757194	HOH:622	O	5.159088649629265	0.0	26.0	none_obvious			buried	TPO:288	TPO	7.288513810472279	1.0	1.0	TPO:288@7.29	unmodified	
O14965	5L8L	A	287	THR_single	1	1	1.67	THR	19		2	126-389	126-389	THR	/mnt/c/Users/drpat/OneDrive - UGent/Desktop/PD/Phospho-fill/Validation-allPDB/pdb_cache/5l8l.cif	THR	THR	OG1	CB	ok			153.4264951170035	ARG:285	ARG	NE	3.7311503642263544	1.0	2.0	ARG:285	ARG	NE	3.7311503642263544	HOH:759	O	7.613324373994502	0.0	31.0	none_obvious			buried	TPO:288	TPO	5.679694696283922	1.0	1.0	TPO:288@5.68	unmodified	
A0A0R6L508	5LRM	A	285	THR_single	1	1	1.75	THR	1		1	219-413,425-541	219-413,425-541	THR	/mnt/c/Users/drpat/OneDrive - UGent/Desktop/PD/Phospho-fill/Validation-allPDB/pdb_cache/5lrm.cif	THR	THR	OG1	CB	ok			140.40995892737476	HIS:466	HIS	NE2	3.667733092492828	1.0	5.0	GLU:246	GLU	OE1	3.2182245023739235	HOH:744	O	2.9951510467703293	2.0	38.0	hbond_like			exposed				0.0	0.0		unmodified	
O14965	5LXM	A	287	THR_single	1	1	2.08	THR	20		2	126-392	126-392	THR	/mnt/c/Users/drpat/OneDrive - UGent/Desktop/PD/Phospho-fill/Validation-allPDB/pdb_cache/5lxm.cif	THR	THR	OG1	CB	ok			-120.97798294566383	ARG:286	ARG	NE	6.196705610570833	0.0	0.0	ARG:286	ARG	NE	6.196705610570833	HOH:616	O	2.6139380071020946	1.0	14.0	water_mediated_like			intermediate	TPO:288	TPO	5.185875226398487	1.0	1.0	TPO:288@5.19	unmodified	
P0DMV8	5MKR	A	66	THR_single	1	1	1.87	THR	116		1	1-189,191-380	1-189,191-380	THR	/mnt/c/Users/drpat/OneDrive - UGent/Desktop/PD/Phospho-fill/Validation-allPDB/pdb_cache/5mkr.cif	THR	THR	OG1	CB	ok			127.48131195524505					0.0	0.0	GLN:58	GLN	NE2	2.8599075893586847	HOH:536	O	4.682564586724868	0.0	46.0	hbond_like			buried				0.0	0.0		unmodified	
P0DMV8	5MKS	A	66	THR_single	1	1	1.99	THR	117		1	3-380	3-380	THR	/mnt/c/Users/drpat/OneDrive - UGent/Desktop/PD/Phospho-fill/Validation-allPDB/pdb_cache/5mks.cif	THR	THR	OG1	CB	ok			129.32601417952588					0.0	0.0	GLN:58	GLN	NE2	2.8136977466196873	HOH:527	O	4.9450426495058055	0.0	46.0	hbond_like			buried				0.0	0.0		unmodified	
P48730	5MQV	C	220	THR_single	1	1	2.154	THR	374		2	6-293	6-293	THR	/mnt/c/Users/drpat/OneDrive - UGent/Desktop/PD/Phospho-fill/Validation-allPDB/pdb_cache/5mqv.cif	THR	THR	OG1	CB	ok			136.77906353662175					0.0	0.0								0.0	12.0	none_obvious			intermediate				0.0	0.0		unmodified	
Q9NZQ7	5N2D	A	127	THR_single	1	1	2.35	THR	483		1	18-134	18-134	THR	/mnt/c/Users/drpat/OneDrive - UGent/Desktop/PD/Phospho-fill/Validation-allPDB/pdb_cache/5n2d.cif	THR	THR	OG1	CB	ok			119.51191649759744	ARG:125	ARG	NE	6.832371755591921	0.0	0.0	ASP:26	ASP	OD2	6.321821602855335	HOH:235	O	3.120613526303562	1.0	24.0	water_mediated_like			buried				0.0	0.0		unmodified	
Q9NZQ7	5N2F	A	127	THR_single	1	1	1.7	THR	484		1	18-134	18-134	THR	/mnt/c/Users/drpat/OneDrive - UGent/Desktop/PD/Phospho-fill/Validation-allPDB/pdb_cache/5n2f.cif	THR	THR	OG1	CB	ok			116.02456380734588	ARG:125	ARG	NH2	5.747448923464375	0.0	1.0	ARG:125	ARG	NH2	5.747448923464375	HOH:230	O	2.7222833777562534	2.0	21.0	water_mediated_like			exposed				0.0	0.0		unmodified	
P33981	5N84	A	686	THR_single	1	1	2.3	THR	354		4	519-670,683-698,710-794	519-670,683-698,710-794	THR	/mnt/c/Users/drpat/OneDrive - UGent/Desktop/PD/Phospho-fill/Validation-allPDB/pdb_cache/5n84.cif	THR	THR	OG1	CB	ok			8.709676450664945	LYS:743	LYS	NZ	5.49494555941171	0.0	1.0	ASN:688	ASN	ND2	2.6636434012475076	HOH:1035	O	5.008478020294544	0.0	20.0	hbond_like			intermediate				0.0	0.0		unmodified	
O43353	5NG0	B	111	THR_single	1	1	2.0	THR	60		2	5-172,183-201,205-299	5-172,183-201,205-299	THR	/mnt/c/Users/drpat/OneDrive - UGent/Desktop/PD/Phospho-fill/Validation-allPDB/pdb_cache/5ng0.cif	THR	THR	OG1	CB	ok			124.11145492148376					0.0	0.0					HOH:660	O	3.9714623562432148	1.0	8.0	none_obvious			intermediate				0.0	0.0		unmodified	
Q9NZQ7	5NIU	A	127	THR_single	1	1	2.01	THR	485		1	18-134	18-134	THR	/mnt/c/Users/drpat/OneDrive - UGent/Desktop/PD/Phospho-fill/Validation-allPDB/pdb_cache/5niu.cif	THR	THR	OG1	CB	ok			115.97792134564308					0.0	0.0	ASP:26	ASP	OD1	6.5674073939680575	HOH:326	O	2.63476289773542	2.0	21.0	water_mediated_like			exposed				0.0	0.0		unmodified	
Q9NZQ7	5O45	A	127	THR_single	1	1	0.99	THR	486		1	17-134	17-134	THR	/mnt/c/Users/drpat/OneDrive - UGent/Desktop/PD/Phospho-fill/Validation-allPDB/pdb_cache/5o45.cif	THR	THR	OG1	CB	ok			119.59597526195952	ARG:125	ARG	NE	7.292333164611596	0.0	0.0	ASP:26	ASP	OD1	6.453760508047416	HOH:332	O	2.589593867500108	4.0	20.0	water_mediated_like			exposed				0.0	0.0		unmodified	
Q9NZQ7	5O4Y	B	127	THR_single	1	1	2.3	THR	487		1	18-132	18-132	THR	/mnt/c/Users/drpat/OneDrive - UGent/Desktop/PD/Phospho-fill/Validation-allPDB/pdb_cache/5o4y.cif	THR	THR	OG1	CB	ok			108.55902749632837					0.0	0.0	ASP:26	ASP	OD1	7.138584021944683				0.0	23.0	none_obvious			intermediate				0.0	0.0		unmodified	
P48730	5OKT	C	220	THR_single	1	1	2.13	THR	375		2	4-16,18-41,47-294	4-16,18-41,47-294	THR	/mnt/c/Users/drpat/OneDrive - UGent/Desktop/PD/Phospho-fill/Validation-allPDB/pdb_cache/5okt.cif	THR	THR	OG1	CB	ok			-9.886218142637262					0.0	0.0								0.0	12.0	none_obvious			intermediate				0.0	0.0		unmodified	
O14965	5ORL	A	287	THR_single	1	1	1.69	THR	21		2	127-391	127-391	THR	/mnt/c/Users/drpat/OneDrive - UGent/Desktop/PD/Phospho-fill/Validation-allPDB/pdb_cache/5orl.cif	THR	THR	OG1	CB	ok			130.89661788422404	HIS:176	HIS	NE2	3.291287511193996	1.0	2.0	HIS:176	HIS	NE2	3.291287511193996	HOH:665	O	3.4975128619991174	1.0	25.0	salt_bridge_like			buried	TPO:288	TPO	6.902497924523683	1.0	1.0	TPO:288@6.90	unmodified	
O14965	5ORN	A	287	THR_single	1	1	2.19	THR	22		2	127-391	127-391	THR	/mnt/c/Users/drpat/OneDrive - UGent/Desktop/PD/Phospho-fill/Validation-allPDB/pdb_cache/5orn.cif	THR	THR	OG1	CB	ok			-10.690209197456923	HIS:176	HIS	NE2	5.473251503749949	0.0	1.0	GLN:177	GLN	OE1	4.388344498752413				0.0	25.0	none_obvious			buried	TPO:288	TPO	4.99567331844599	1.0	1.0	TPO:288@5.00	unmodified	
O14965	5ORO	A	287	THR_single	1	1	2.12	THR	23		2	127-391	127-391	THR	/mnt/c/Users/drpat/OneDrive - UGent/Desktop/PD/Phospho-fill/Validation-allPDB/pdb_cache/5oro.cif	THR	THR	OG1	CB	ok			-13.378099165510216	HIS:176	HIS	NE2	5.096594320104573	0.0	1.0	GLN:177	GLN	OE1	4.411562500082566	HOH:537	O	7.4166120243876295	0.0	26.0	none_obvious			buried	TPO:288	TPO	5.271598234147001	1.0	1.0	TPO:288@5.27	unmodified	
O14965	5ORP	A	287	THR_single	1	1	2.19	THR	24		2	127-391	127-391	THR	/mnt/c/Users/drpat/OneDrive - UGent/Desktop/PD/Phospho-fill/Validation-allPDB/pdb_cache/5orp.cif	THR	THR	OG1	CB	ok			143.74551736075315	HIS:176	HIS	CE1	3.6445740741055204	1.0	3.0	GLN:177	GLN	NE2	3.9782464380660674	HOH:512	O	5.838824758195599	0.0	29.0	none_obvious			buried	TPO:288	TPO	7.086143997573457	1.0	1.0	TPO:288@7.09	unmodified	
O14965	5ORR	A	287	THR_single	1	1	2.09	THR	25		2	127-391	127-391	THR	/mnt/c/Users/drpat/OneDrive - UGent/Desktop/PD/Phospho-fill/Validation-allPDB/pdb_cache/5orr.cif	THR	THR	OG1	CB	ok			137.16965703655939	HIS:176	HIS	CE1	3.4362444279254443	1.0	1.0	HIS:176	HIS	NE2	3.696332788727581	HOH:560	O	4.595935990806657	0.0	25.0	salt_bridge_like			buried	TPO:288	TPO	6.911845320393949	1.0	1.0	TPO:288@6.91	unmodified	
O14965	5ORS	A	287	THR_single	1	1	1.98	THR	26		2	127-391	127-391	THR	/mnt/c/Users/drpat/OneDrive - UGent/Desktop/PD/Phospho-fill/Validation-allPDB/pdb_cache/5ors.cif	THR	THR	OG1	CB	ok			135.20334270703069	HIS:176	HIS	CE1	3.313584613448297	1.0	2.0	HIS:176	HIS	NE2	3.50572691215663	HOH:507	O	6.079678860640842	0.0	28.0	salt_bridge_like			buried	TPO:288	TPO	6.8071792532659	1.0	1.0	TPO:288@6.81	unmodified	
O14965	5ORV	A	287	THR_single	1	1	1.88	THR	27		2	127-391	127-391	THR	/mnt/c/Users/drpat/OneDrive - UGent/Desktop/PD/Phospho-fill/Validation-allPDB/pdb_cache/5orv.cif	THR	THR	OG1	CB	ok			139.26965805462117	HIS:176	HIS	NE2	3.3428249430193784	1.0	1.0	HIS:176	HIS	NE2	3.3428249430193784	HOH:573	O	6.215530093397911	0.0	27.0	salt_bridge_like			buried	TPO:288	TPO	6.864794773967307	1.0	1.0	TPO:288@6.86	unmodified	
O14965	5ORW	A	287	THR_single	1	1	2.0	THR	28		2	127-391	127-391	THR	/mnt/c/Users/drpat/OneDrive - UGent/Desktop/PD/Phospho-fill/Validation-allPDB/pdb_cache/5orw.cif	THR	THR	OG1	CB	ok			142.31770218425555	HIS:176	HIS	NE2	3.405903176952555	1.0	1.0	HIS:176	HIS	NE2	3.405903176952555	HOH:549	O	7.700150194685936	0.0	26.0	salt_bridge_like			buried	TPO:288	TPO	6.918487868720568	1.0	1.0	TPO:288@6.92	unmodified	
O14965	5ORX	A	287	THR_single	1	1	1.88	THR	29		2	127-391	127-391	THR	/mnt/c/Users/drpat/OneDrive - UGent/Desktop/PD/Phospho-fill/Validation-allPDB/pdb_cache/5orx.cif	THR	THR	OG1	CB	ok			133.80167943105974	HIS:176	HIS	CE1	3.388236425327269	1.0	2.0	HIS:176	HIS	NE2	3.446415602620139	HOH:531	O	6.615354181638394	0.0	29.0	salt_bridge_like			buried	TPO:288	TPO	6.761397143124937	1.0	1.0	TPO:288@6.76	unmodified	
O14965	5ORY	A	287	THR_single	1	1	1.99	THR	30		2	127-391	127-391	THR	/mnt/c/Users/drpat/OneDrive - UGent/Desktop/PD/Phospho-fill/Validation-allPDB/pdb_cache/5ory.cif	THR	THR	OG1	CB	ok			141.11544840823277	HIS:176	HIS	NE2	3.5475754057276414	1.0	2.0	HIS:176	HIS	NE2	3.5475754057276414	HOH:506	O	7.490844384090329	0.0	29.0	none_obvious			buried	TPO:288	TPO	6.96102033561573	1.0	1.0	TPO:288@6.96	unmodified	
O14965	5ORZ	A	287	THR_single	1	1	1.92	THR	31		2	127-391	127-391	THR	/mnt/c/Users/drpat/OneDrive - UGent/Desktop/PD/Phospho-fill/Validation-allPDB/pdb_cache/5orz.cif	THR	THR	OG1	CB	ok			143.45817259315444	HIS:176	HIS	NE2	3.6094329247246666	1.0	2.0	HIS:176	HIS	NE2	3.6094329247246666	HOH:575	O	6.180173484849967	0.0	28.0	none_obvious			buried	TPO:288	TPO	7.161949026259038	1.0	1.0	TPO:288@7.16	unmodified	
O14965	5OS0	A	287	THR_single	1	1	1.74	THR	32		2	127-391	127-391	THR	/mnt/c/Users/drpat/OneDrive - UGent/Desktop/PD/Phospho-fill/Validation-allPDB/pdb_cache/5os0.cif	THR	THR	OG1	CB	ok			136.34919285108163	HIS:176	HIS	CE1	3.1157531989277594	1.0	2.0	HIS:176	HIS	NE2	3.2711841743935075	HOH:503	O	6.497166678530161	0.0	29.0	salt_bridge_like			buried	TPO:288	TPO	6.937756496711155	1.0	1.0	TPO:288@6.94	unmodified	
O14965	5OS1	A	287	THR_single	1	1	1.9	THR	33		2	127-391	127-391	THR	/mnt/c/Users/drpat/OneDrive - UGent/Desktop/PD/Phospho-fill/Validation-allPDB/pdb_cache/5os1.cif	THR	THR	OG1	CB	ok			134.02170022037558	HIS:176	HIS	CE1	3.3168297008493455	1.0	1.0	HIS:176	HIS	NE2	3.5478514390784794	HOH:529	O	6.391922384322062	0.0	26.0	salt_bridge_like			buried	TPO:288	TPO	6.967712971233448	1.0	1.0	TPO:288@6.97	unmodified	
O14965	5OS3	A	287	THR_single	1	1	1.81	THR	34		2	127-391	127-391	THR	/mnt/c/Users/drpat/OneDrive - UGent/Desktop/PD/Phospho-fill/Validation-allPDB/pdb_cache/5os3.cif	THR	THR	OG1	CB	ok			132.1872729765759	HIS:176	HIS	NE2	3.263172264064815	1.0	2.0	HIS:176	HIS	NE2	3.263172264064815	HOH:562	O	6.247212984633974	0.0	28.0	salt_bridge_like			buried	TPO:288	TPO	6.710090822523355	1.0	1.0	TPO:288@6.71	unmodified	
O14965	5OS4	A	287	THR_single	1	1	1.88	THR	35		2	127-391	127-391	THR	/mnt/c/Users/drpat/OneDrive - UGent/Desktop/PD/Phospho-fill/Validation-allPDB/pdb_cache/5os4.cif	THR	THR	OG1	CB	ok			-14.052853542476425	HIS:176	HIS	NE2	5.079418182995531	0.0	1.0	GLN:177	GLN	NE2	4.40418743359215	HOH:614	O	7.008081390224011	0.0	26.0	none_obvious			buried	TPO:288	TPO	5.035843456255537	1.0	1.0	TPO:288@5.04	unmodified	
O14965	5OS5	A	287	THR_single	1	1	1.74	THR	36		2	125-392	125-392	THR	/mnt/c/Users/drpat/OneDrive - UGent/Desktop/PD/Phospho-fill/Validation-allPDB/pdb_cache/5os5.cif	THR	THR	OG1	CB	ok			128.173023517657	HIS:176	HIS	CE1	3.3336891894510274	1.0	1.0	HIS:176	HIS	NE2	3.5535545539455566	HOH:559	O	6.817871264043828	0.0	26.0	salt_bridge_like			buried	TPO:288	TPO	6.901709535343112	1.0	1.0	TPO:288@6.90	unmodified	
O14965	5OS6	A	287	THR_single	1	1	2.2	THR	37		2	127-391	127-391	THR	/mnt/c/Users/drpat/OneDrive - UGent/Desktop/PD/Phospho-fill/Validation-allPDB/pdb_cache/5os6.cif	THR	THR	OG1	CB	ok			141.63935100720053	HIS:176	HIS	CE1	3.3946141855835976	1.0	2.0	HIS:176	HIS	NE2	3.688226822934513				0.0	27.0	salt_bridge_like			buried	TPO:288	TPO	6.714537453521684	1.0	1.0	TPO:288@6.71	unmodified	
O14965	5OSD	A	287	THR_single	1	1	1.99	THR	38		2	125-391	125-391	THR	/mnt/c/Users/drpat/OneDrive - UGent/Desktop/PD/Phospho-fill/Validation-allPDB/pdb_cache/5osd.cif	THR	THR	OG1	CB	ok			140.65073614532298	HIS:176	HIS	CE1	3.571708052794963	1.0	1.0	HIS:176	HIS	NE2	3.9327491550078593	HOH:557	O	6.271660041490347	0.0	28.0	none_obvious			buried	TPO:288	TPO	6.990323426716043	1.0	1.0	TPO:288@6.99	unmodified	
O14965	5OSE	A	287	THR_single	1	1	1.9	THR	39		2	127-391	127-391	THR	/mnt/c/Users/drpat/OneDrive - UGent/Desktop/PD/Phospho-fill/Validation-allPDB/pdb_cache/5ose.cif	THR	THR	OG1	CB	ok			-16.360544366390158	HIS:176	HIS	CE1	5.18711127217107	0.0	1.0	GLN:177	GLN	NE2	4.033264461254359	HOH:518	O	6.888258727141387	0.0	29.0	none_obvious			buried	TPO:288	TPO	5.116800803875169	1.0	1.0	TPO:288@5.12	unmodified	
O14965	5OSF	A	287	THR_single	1	1	1.89	THR	40		2	127-391	127-391	THR	/mnt/c/Users/drpat/OneDrive - UGent/Desktop/PD/Phospho-fill/Validation-allPDB/pdb_cache/5osf.cif	THR	THR	OG1	CB	ok			146.02474392974827	HIS:176	HIS	NE2	3.4838828767827703	1.0	2.0	HIS:176	HIS	NE2	3.4838828767827703	HOH:535	O	6.249640090493188	0.0	26.0	salt_bridge_like			buried	TPO:288	TPO	6.983341502295077	1.0	1.0	TPO:288@6.98	unmodified	
Q9H8S9	5TWG	A	35	THR_single	1	1	2.3	THR	468		2	15-18,23-211	15-18,23-211	THR	/mnt/c/Users/drpat/OneDrive - UGent/Desktop/PD/Phospho-fill/Validation-allPDB/pdb_cache/5twg.cif	THR	THR	OG1	CB	ok			-126.44090210825341	HIS:31	HIS	CD2	5.217250592300314	0.0	1.0	HIS:31	HIS	NE2	5.971990625365861	HOH:416	O	3.5299396687575855	1.0	35.0	none_obvious			buried				0.0	0.0		unmodified	
Q9H8S9	5TWH	A	35	THR_single	1	1	2.5	THR	469		2	15-18,22-211	15-18,22-211	THR	/mnt/c/Users/drpat/OneDrive - UGent/Desktop/PD/Phospho-fill/Validation-allPDB/pdb_cache/5twh.cif	THR	THR	OG1	CB	ok			-129.4420021769255	HIS:31	HIS	CD2	4.785492290634311	0.0	1.0	HIS:31	HIS	NE2	5.54379695604537	HOH:405	O	3.1031051766340143	1.0	36.0	water_mediated_like			buried				0.0	0.0		unmodified	
Q99683	5UOX	A	838	THR_single	1	1	2.5	THR	466		2	670-829,838-940	670-829,838-940	THR	/mnt/c/Users/drpat/OneDrive - UGent/Desktop/PD/Phospho-fill/Validation-allPDB/pdb_cache/5uox.cif	THR	THR	OG1	CB	ok			11.377819230667754	ARG:802	ARG	NH1	7.495777046749995	0.0	0.0	ARG:802	ARG	NH1	7.495777046749995				0.0	7.0	none_obvious			intermediate				0.0	0.0		unmodified	
Q99683	5V24	B	838	THR_single	1	1	2.5	THR	467		2	670-829,838-940	670-829,838-940	THR	/mnt/c/Users/drpat/OneDrive - UGent/Desktop/PD/Phospho-fill/Validation-allPDB/pdb_cache/5v24.cif	THR	THR	OG1	CB	ok			-1.911578984926847	ARG:802	ARG	NH1	7.6641025831683	0.0	0.0	TYR:691	TYR	OH	7.074793361690428				0.0	4.0	none_obvious			intermediate				0.0	0.0		unmodified	
Q99640	5VCW	A	260	THR_single	1	1	2.25	THR	453		1	77-361	77-361	THR	/mnt/c/Users/drpat/OneDrive - UGent/Desktop/PD/Phospho-fill/Validation-allPDB/pdb_cache/5vcw.cif	THR	THR	OG1	CB	ok			127.4688649827346	LYS:163	LYS	NZ	6.5604089884452845	0.0	0.0	GLU:257	GLU	OE2	4.810413404131988				0.0	18.0	none_obvious			intermediate				0.0	0.0		unmodified	
Q99640	5VCY	A	260	THR_single	1	1	1.56	THR	454		1	77-362	77-362	THR	/mnt/c/Users/drpat/OneDrive - UGent/Desktop/PD/Phospho-fill/Validation-allPDB/pdb_cache/5vcy.cif	THR	THR	OG1	CB	ok			-121.94679980493102	LYS:163	LYS	NZ	5.326337570863636	0.0	1.0	GLU:257	GLU	OE1	4.608599370893864	HOH:555	O	6.292175287238088	0.0	26.0	none_obvious			buried				0.0	0.0		unmodified	
Q99640	5VCZ	A	260	THR_single	1	1	1.5	THR	455		1	78-361	78-361	THR	/mnt/c/Users/drpat/OneDrive - UGent/Desktop/PD/Phospho-fill/Validation-allPDB/pdb_cache/5vcz.cif	THR	THR	OG1	CB	ok			28.77778364289818	LYS:163	LYS	CE	7.29241667390147	0.0	0.0	GLU:257	GLU	OE1	6.09858763720422	HOH:523	O	2.591993771863654	1.0	28.0	water_mediated_like			buried				0.0	0.0		unmodified	
Q99640	5VD0	A	260	THR_single	1	1	2.13	THR	456		1	77-361	77-361	THR	/mnt/c/Users/drpat/OneDrive - UGent/Desktop/PD/Phospho-fill/Validation-allPDB/pdb_cache/5vd0.cif	THR	THR	OG1	CB	ok			98.37567540967848	LYS:163	LYS	NZ	6.4100235843837865	0.0	0.0	GLU:257	GLU	OE1	2.9665447596967174				0.0	17.0	hbond_like			intermediate				0.0	0.0		unmodified	
Q99640	5VD1	A	260	THR_single	1	1	1.7	THR	457		1	77-361	77-361	THR	/mnt/c/Users/drpat/OneDrive - UGent/Desktop/PD/Phospho-fill/Validation-allPDB/pdb_cache/5vd1.cif	THR	THR	OG1	CB	ok			-107.04230833294767	LYS:163	LYS	NZ	5.8568732234420215	0.0	1.0	GLU:257	GLU	OE1	4.793754007855192	HOH:514	O	2.5799276910119566	1.0	28.0	water_mediated_like			buried				0.0	0.0		unmodified	
Q99640	5VD3	A	260	THR_single	1	1	1.8	THR	458		1	78-360	78-360	THR	/mnt/c/Users/drpat/OneDrive - UGent/Desktop/PD/Phospho-fill/Validation-allPDB/pdb_cache/5vd3.cif	THR	THR	OG1	CB	ok			113.90734656508434	LYS:163	LYS	NZ	5.654023028773807	0.0	1.0	GLU:257	GLU	OE1	3.29964280729733	HOH:572	O	5.913359598391372	0.0	18.0	hbond_like			intermediate				0.0	0.0		unmodified	
O96013	5VED	A	562	THR_single	1	1	2.301	THR	79		2	300-589	300-589	THR	/mnt/c/Users/drpat/OneDrive - UGent/Desktop/PD/Phospho-fill/Validation-allPDB/pdb_cache/5ved.cif	THR	THR	OG1	CB	ok			-109.43878640970104	HIS:432	HIS	ND1	7.332464191044734	0.0	0.0	GLU:565	GLU	OE2	3.7167623262183693	HOH:706	O	4.472966101602234	0.0	23.0	none_obvious			intermediate	SEP:474	SEP	22.39386008925927	0.0	0.0		unmodified	
O96013	5VEE	A	562	THR_single	1	1	2.5	THR	80		2	300-589	300-589	THR	/mnt/c/Users/drpat/OneDrive - UGent/Desktop/PD/Phospho-fill/Validation-allPDB/pdb_cache/5vee.cif	THR	THR	OG1	CB	ok			133.48997754270732	ARG:551	ARG	NH2	6.769181491980481	0.0	0.0	GLU:565	GLU	OE2	3.7107459696911285				0.0	20.0	none_obvious			intermediate	SEP:474	SEP	21.48583289919818	0.0	0.0		unmodified	
O96013	5VEF	A	562	THR_single	1	1	1.752	THR	81		2	300-589	300-589	THR	/mnt/c/Users/drpat/OneDrive - UGent/Desktop/PD/Phospho-fill/Validation-allPDB/pdb_cache/5vef.cif	THR	THR	OG1	CB	ok			-114.32158501622479	HIS:432	HIS	ND1	7.476306235995621	0.0	0.0	GLU:565	GLU	OE1	3.583377060625286	HOH:823	O	3.6955852885613587	2.0	23.0	none_obvious			exposed	SEP:474	SEP	22.533716534332175	0.0	0.0		unmodified	
O43293	5VJA	A	265	THR_single	1	1	2.46	THR	58		2	9-48,54-277	9-48,54-277	THR	/mnt/c/Users/drpat/OneDrive - UGent/Desktop/PD/Phospho-fill/Validation-allPDB/pdb_cache/5vja.cif	THR	THR	OG1	CB	ok			-105.27655830948119	HIS:131	HIS	ND1	7.234172039155852	0.0	0.0	GLN:268	GLN	OE1	3.571197725854294	HOH:1101	O	2.2137207216040897	2.0	25.0	water_mediated_like			exposed				0.0	0.0		unmodified	
P48730	5W4W	A	220	THR_single	1	1	1.99	THR	376		2	3-293	3-293	THR	/mnt/c/Users/drpat/OneDrive - UGent/Desktop/PD/Phospho-fill/Validation-allPDB/pdb_cache/5w4w.cif	THR	THR	OG1	CB	ok			-95.92357467118246	ARG:222	ARG	NE	6.944404692216478	0.0	0.0	GLN:223	GLN	NE2	4.366001564826132	HOH:4126	O	6.523302688738595	0.0	25.0	none_obvious			buried				0.0	0.0		unmodified	
Q9NYL2	5X5O	A	161	THR_single	1	1	1.868	THR	473		1	8-163,165-299	8-163,165-299	THR	/mnt/c/Users/drpat/OneDrive - UGent/Desktop/PD/Phospho-fill/Validation-allPDB/pdb_cache/5x5o.cif	THR	THR	OG1	CB	ok			-115.12221292266011	HIS:158	HIS	ND1	2.8452610916306638	1.0	3.0	HIS:158	HIS	ND1	2.8452610916306638	HOH:548	O	4.583188526993061	0.0	43.0	salt_bridge_like			buried				0.0	0.0		unmodified	
Q9NZQ7	5XJ4	A	127	THR_single	1	1	2.3	THR	488		1	19-184,187-214,218-228	19-184,187-214,218-228	THR	/mnt/c/Users/drpat/OneDrive - UGent/Desktop/PD/Phospho-fill/Validation-allPDB/pdb_cache/5xj4.cif	THR	THR	OG1	CB	ok			121.80545554008305	LYS:129	LYS	NZ	6.850261286159831	0.0	0.0	LYS:129	LYS	NZ	6.850261286159831	HOH:321	O	2.588719089431609	1.0	21.0	water_mediated_like			intermediate				0.0	0.0		unmodified	
Q9H8S9	5XQZ	A	35	THR_single	1	1	2.1	THR	470		2	33-99,102-212	33-99,102-212	THR	/mnt/c/Users/drpat/OneDrive - UGent/Desktop/PD/Phospho-fill/Validation-allPDB/pdb_cache/5xqz.cif	THR	THR	OG1	CB	ok			-124.94920617823094	LYS:184	LYS	NZ	4.8868554517376275	0.0	1.0	THR:181	THR	OG1	4.655763335615276	HOH:1115	O	3.3125577082256505	1.0	24.0	water_mediated_like			buried				0.0	0.0		unmodified	
O96013	5XVA	A	562	THR_single	1	1	1.847	THR	82		2	300-591	300-591	THR	/mnt/c/Users/drpat/OneDrive - UGent/Desktop/PD/Phospho-fill/Validation-allPDB/pdb_cache/5xva.cif	THR	THR	OG1	CB	ok			-112.86700773382157	LYS:568	LYS	CE	7.058994703870506	0.0	0.0	GLU:565	GLU	OE1	3.506199738152641	HOH:768	O	2.793421754887453	2.0	24.0	water_mediated_like			exposed	SEP:474	SEP	22.46825035141762	0.0	0.0		unmodified	
O96013	5XVG	A	562	THR_single	1	1	2.1	THR	83		2	300-591	300-591	THR	/mnt/c/Users/drpat/OneDrive - UGent/Desktop/PD/Phospho-fill/Validation-allPDB/pdb_cache/5xvg.cif	THR	THR	OG1	CB	ok			-110.1812522878553	HIS:432	HIS	ND1	7.389072980158216	0.0	0.0	GLU:565	GLU	OE1	3.754568630851748	HOH:778	O	3.886823300431167	1.0	24.0	none_obvious			buried	SEP:474	SEP	22.366113359720906	0.0	0.0		unmodified	
A1YYW7	5XWK	A	89	THR_single	1	1	1.901	THR	3		1	31-559	31-559	THR	/mnt/c/Users/drpat/OneDrive - UGent/Desktop/PD/Phospho-fill/Validation-allPDB/pdb_cache/5xwk.cif	THR	THR	OG1	CB	ok			113.56356212826195	HIS:346	HIS	NE2	3.4053966211118	2.0	6.0	ASP:345	ASP	OD2	3.1293804933508063	HOH:824	O	5.9320485540438606	0.0	48.0	salt_bridge_like			buried				0.0	0.0		unmodified	
O96013	5ZJW	A	562	THR_single	1	1	1.798	THR	84		2	300-591	300-591	THR	/mnt/c/Users/drpat/OneDrive - UGent/Desktop/PD/Phospho-fill/Validation-allPDB/pdb_cache/5zjw.cif	THR	THR	OG1	CB	ok			-108.72804781199535	HIS:432	HIS	ND1	7.37557824915596	0.0	0.0	GLU:565	GLU	OE1	3.6845972593779766	HOH:781	O	2.7382049738619116	3.0	23.0	water_mediated_like			exposed	SEP:474	SEP	22.49641346862238	0.0	0.0		unmodified	
Q13153	6B16	A	423	THR_single	1	1	2.285	THR	437		1	251-300,306-335,338-542	251-300,306-335,338-542	THR	/mnt/c/Users/drpat/OneDrive - UGent/Desktop/PD/Phospho-fill/Validation-allPDB/pdb_cache/6b16.cif	THR	THR	OG1	CB	ok			-139.81776437889553	ARG:388	ARG	NH1	3.6668027686763827	1.0	2.0	TYR:441	TYR	OH	3.4021300361779323				0.0	35.0	hbond_like			buried				0.0	0.0		unmodified	
O14965	6C2T	A	288	THR_single	1	1	1.73	THR	41		2	128-279,288-388	128-279,288-388	THR	/mnt/c/Users/drpat/OneDrive - UGent/Desktop/PD/Phospho-fill/Validation-allPDB/pdb_cache/6c2t.cif	THR				missing_anchor_or_base																														
P28482	6DMG	A	185	THR_single	1	2	2.2	THR	327		2	11-357	11-357	THR	/mnt/c/Users/drpat/OneDrive - UGent/Desktop/PD/Phospho-fill/Validation-allPDB/pdb_cache/6dmg.cif	TYR	TYR	OH	CZ	ok				ARG:146	ARG	NH2	3.3184253247601485	1.0	1.0	ARG:146	ARG	NH2	3.3184253247601485	HOH:602	O	5.906233345909259	0.0	29.0	salt_bridge_like			buried				0.0	0.0		unmodified	0.11185894101648863
P48730	6F1W	B	220	THR_single	1	1	1.864	THR	377		2	1-16,22-42,49-291	1-16,22-42,49-291	THR	/mnt/c/Users/drpat/OneDrive - UGent/Desktop/PD/Phospho-fill/Validation-allPDB/pdb_cache/6f1w.cif	THR	THR	OG1	CB	ok			-118.94357383792413					0.0	0.0	GLN:223	GLN	NE2	4.789395735558052				0.0	23.0	none_obvious			intermediate				0.0	0.0		unmodified	
P48730	6F26	B	220	THR_single	1	1	1.83	THR	378		2	3-16,22-42,48-293	3-16,22-42,48-293	THR	/mnt/c/Users/drpat/OneDrive - UGent/Desktop/PD/Phospho-fill/Validation-allPDB/pdb_cache/6f26.cif	THR	THR	OG1	CB	ok			-119.26451629655658					0.0	0.0					HOH:427	O	6.6190329220847355	0.0	20.0	none_obvious			intermediate				0.0	0.0		unmodified	
P0DMV8	6G3R	A	66	THR_single	1	1	1.4	THR	118		1	3-382	3-382	THR	/mnt/c/Users/drpat/OneDrive - UGent/Desktop/PD/Phospho-fill/Validation-allPDB/pdb_cache/6g3r.cif	THR	THR	OG1	CB	ok			117.65056410974715					0.0	0.0	GLN:58	GLN	NE2	2.938034269766936	HOH:583	O	4.704618812286044	0.0	36.0	hbond_like			buried				0.0	0.0		unmodified	
P0DMV8	6G3S	A	66	THR_single	1	1	2.3	THR	119		1	4-382	4-382	THR	/mnt/c/Users/drpat/OneDrive - UGent/Desktop/PD/Phospho-fill/Validation-allPDB/pdb_cache/6g3s.cif	THR	THR	OG1	CB	ok			122.20397785300261					0.0	0.0	GLN:58	GLN	NE2	2.6980131692667597	HOH:502	O	4.644699417143541	0.0	45.0	hbond_like			buried				0.0	0.0		unmodified	
O94804	6GTT	A	208	THR_single	1	1	2.25	THR	66		3	18-177,195-208,211-316	18-177,195-208,211-316	THR	/mnt/c/Users/drpat/OneDrive - UGent/Desktop/PD/Phospho-fill/Validation-allPDB/pdb_cache/6gtt.cif	THR	THR	OG1	CB	ok			-124.20914518126827					0.0	0.0	CYS:206	CYS	SG	4.172259278972462	HOH:613	O	3.985315218783699	1.0	9.0	none_obvious			intermediate				0.0	0.0		unmodified	
P06493	6GU2	A	161	THR_single	1	1	2.0	THR	92		1	1-161,165-294	1-161,165-294	THR	/mnt/c/Users/drpat/OneDrive - UGent/Desktop/PD/Phospho-fill/Validation-allPDB/pdb_cache/6gu2.cif	THR	THR	OG1	CB	ok			-100.08053096259827					0.0	0.0								0.0	6.0	none_obvious			intermediate				0.0	0.0		unmodified	
P06493	6GU6	A	161	THR_single	1	1	2.33	THR	93		1	1-157,161-291	1-157,161-291	THR	/mnt/c/Users/drpat/OneDrive - UGent/Desktop/PD/Phospho-fill/Validation-allPDB/pdb_cache/6gu6.cif	THR	THR	OG1	CB	ok			-116.69299693170905	HIS:162	HIS	ND1	4.151664056545825	0.0	1.0	HIS:162	HIS	ND1	4.151664056545825				0.0	12.0	none_obvious			intermediate				0.0	0.0		unmodified	
P48730	6GZM	B	220	THR_single	1	1	1.59	THR	379		2	1-295	1-295	THR	/mnt/c/Users/drpat/OneDrive - UGent/Desktop/PD/Phospho-fill/Validation-allPDB/pdb_cache/6gzm.cif	THR	THR	OG1	CB	ok			-99.90165510391256	ARG:222	ARG	NE	6.877306043479747	0.0	0.0	GLN:223	GLN	OE1	3.5426216329476383	HOH:1370	O	3.025412578444479	2.0	27.0	water_mediated_like			exposed				0.0	0.0		unmodified	
P33981	6H3K	A	686	THR_single	1	1	2.48	THR	355		4	519-673,686-698,709-794	519-673,686-698,709-794	THR	/mnt/c/Users/drpat/OneDrive - UGent/Desktop/PD/Phospho-fill/Validation-allPDB/pdb_cache/6h3k.cif	THR	THR	OG1	CB	ok			1.1977079372473	LYS:743	LYS	CE	6.065114654389665	0.0	0.0	ASN:688	ASN	ND2	2.9752639141881243	HOH:914	O	4.735360933259879	0.0	18.0	hbond_like			intermediate				0.0	0.0		unmodified	
P31749	6HHG	A	308	THR_single	1	1	2.3	THR	330		3	3-44,49-112,144-186,205-301,305-444	3-44,49-112,144-186,205-301,305-444	THR	/mnt/c/Users/drpat/OneDrive - UGent/Desktop/PD/Phospho-fill/Validation-allPDB/pdb_cache/6hhg.cif	THR	THR	OG1	CB	ok			121.51576490798006	LYS:301	LYS	CE	4.503327186780994	0.0	2.0	LYS:20	LYS	NZ	5.642680919026905	HOH:632	O	2.7943451811021345	1.0	28.0	water_mediated_like			buried				0.0	0.0		unmodified	
P31749	6HHJ	A	308	THR_single	1	1	2.3	THR	331		3	3-44,47-113,144-444	3-44,47-113,144-444	THR	/mnt/c/Users/drpat/OneDrive - UGent/Desktop/PD/Phospho-fill/Validation-allPDB/pdb_cache/6hhj.cif	THR	THR	OG1	CB	ok			128.21530766858893	LYS:301	LYS	CE	3.9031349219593414	1.0	1.0	LYS:301	LYS	NZ	5.23171352921536				0.0	28.0	none_obvious			buried				0.0	0.0		unmodified	
P49841	6HK3	A	277	THR_single	1	1	2.35	THR	411		3	35-384	35-384	THR	/mnt/c/Users/drpat/OneDrive - UGent/Desktop/PD/Phospho-fill/Validation-allPDB/pdb_cache/6hk3.cif	THR	THR	OG1	CB	ok			-99.92968520900325					0.0	0.0	GLN:280	GLN	OE1	3.5533819036200547	HOH:539	O	5.356266657556721	0.0	23.0	none_obvious			intermediate	PTR:216	PTR	25.6251770081092	0.0	0.0		unmodified	
P49841	6HK4	A	277	THR_single	1	1	2.5	THR	412		3	35-384	35-384	THR	/mnt/c/Users/drpat/OneDrive - UGent/Desktop/PD/Phospho-fill/Validation-allPDB/pdb_cache/6hk4.cif	THR	THR	OG1	CB	ok			-95.41944367586969					0.0	0.0	GLN:280	GLN	OE1	3.558136020312097	HOH:502	O	7.879868259794558	0.0	26.0	none_obvious			buried	PTR:216	PTR	25.683307934764837	0.0	0.0		unmodified	
P48730	6HMP	A	220	THR_single	1	1	2.039	THR	380		2	8-31,33-294	8-31,33-294	THR	/mnt/c/Users/drpat/OneDrive - UGent/Desktop/PD/Phospho-fill/Validation-allPDB/pdb_cache/6hmp.cif	THR	THR	OG1	CB	ok			-6.105913845418108					0.0	0.0	GLN:223	GLN	OE1	5.53171445618191				0.0	15.0	none_obvious			intermediate				0.0	0.0		unmodified	
P48730	6HMR	A	220	THR_single	1	1	1.782	THR	381		2	7-31,33-294	7-31,33-294	THR	/mnt/c/Users/drpat/OneDrive - UGent/Desktop/PD/Phospho-fill/Validation-allPDB/pdb_cache/6hmr.cif	THR	THR	OG1	CB	ok			12.344918039682362					0.0	0.0					HOH:623	O	4.972802059477368	0.0	12.0	none_obvious			intermediate				0.0	0.0		unmodified	
Q9NYL2	6JUT	A	161	THR_single	1	1	2.1	THR	474		1	8-304	8-304	THR	/mnt/c/Users/drpat/OneDrive - UGent/Desktop/PD/Phospho-fill/Validation-allPDB/pdb_cache/6jut.cif	THR	THR	OG1	CB	ok			-1.752489658249454	HIS:158	HIS	CE1	6.190395347438495	0.0	0.0	SER:165	SER	OG	3.0815769109085585	HOH:609	O	4.089335672603293	0.0	25.0	hbond_like			buried				0.0	0.0		unmodified	
Q9NYL2	6JUU	A	161	THR_single	1	1	1.903	THR	475		1	8-299	8-299	THR	/mnt/c/Users/drpat/OneDrive - UGent/Desktop/PD/Phospho-fill/Validation-allPDB/pdb_cache/6juu.cif	THR	THR	OG1	CB	ok			-110.4944997772748	HIS:158	HIS	ND1	2.780871995663755	1.0	3.0	HIS:158	HIS	ND1	2.780871995663755	HOH:503	O	2.55328876530715	1.0	46.0	salt_bridge_like			buried				0.0	0.0		unmodified	
Q9I6W2	6KKP	A	68	THR_single	1	1	2.5	THR	472		1	1-101,104-123	1-101,104-123	THR	/mnt/c/Users/drpat/OneDrive - UGent/Desktop/PD/Phospho-fill/Validation-allPDB/pdb_cache/6kkp.cif	THR	THR	OG1	CB	ok			116.12820339421869	LYS:72	LYS	CE	6.684422696204184	0.0	0.0	TYR:65	TYR	OH	6.3434856629330465	HOH:207	O	4.551593900650429	0.0	7.0	none_obvious			intermediate				0.0	0.0		unmodified	
O15075	6KYQ	A	484	THR_single	1	1	2.141	THR	54		1	380-589,594-701	380-589,594-701	THR	/mnt/c/Users/drpat/OneDrive - UGent/Desktop/PD/Phospho-fill/Validation-allPDB/pdb_cache/6kyq.cif	THR	THR	OG1	CB	ok			-117.61251563634845	ARG:486	ARG	NE	5.836626811731661	0.0	1.0	ASN:655	ASN	OD1	2.797709702133786	HOH:905	O	4.596967178118164	0.0	38.0	hbond_like			buried				0.0	0.0		unmodified	
O15075	6KYR	A	484	THR_single	1	1	2.206	THR	55		1	380-589,593-669,678-701	380-589,593-669,678-701	THR	/mnt/c/Users/drpat/OneDrive - UGent/Desktop/PD/Phospho-fill/Validation-allPDB/pdb_cache/6kyr.cif	THR	THR	OG1	CB	ok			-118.63868685419584	ARG:486	ARG	NE	5.917881656229475	0.0	1.0	ASP:487	ASP	OD2	2.9957661389346995	HOH:1016	O	3.323607083187563	1.0	38.0	hbond_like			buried				0.0	0.0		unmodified	
P0DTC2	6LZG	B	345	THR_single	1	1	2.5	THR	153		1	333-527	333-527	THR	/mnt/c/Users/drpat/OneDrive - UGent/Desktop/PD/Phospho-fill/Validation-allPDB/pdb_cache/6lzg.cif	THR	THR	OG1	CB	ok			117.33723820084106	ARG:509	ARG	NH1	7.155716810360108	0.0	0.0	ARG:509	ARG	NH1	7.155716810360108	HOH:755	O	3.780676469877661	1.0	7.0	none_obvious			intermediate				0.0	0.0		unmodified	
Q9H8S9	6MCP	B	35	THR_single	1	1	2.5	THR	471		2	33-213	33-213	THR	/mnt/c/Users/drpat/OneDrive - UGent/Desktop/PD/Phospho-fill/Validation-allPDB/pdb_cache/6mcp.cif	THR	THR	OG1	CB	ok			-130.4626979344567	LYS:184	LYS	NZ	5.102869288844611	0.0	1.0	LYS:184	LYS	NZ	5.102869288844611	HOH:406	O	2.6472736098098144	1.0	16.0	water_mediated_like			intermediate				0.0	0.0		unmodified	
O75385	6MNH	A	180	THR_single	1	1	1.73	THR	63		2	8-148,158-172,180-290	8-148,158-172,180-290	THR	/mnt/c/Users/drpat/OneDrive - UGent/Desktop/PD/Phospho-fill/Validation-allPDB/pdb_cache/6mnh.cif	THR	THR	OG1	CB	ok			144.02765298409423	LYS:55	LYS	NZ	4.286895987585228	0.0	1.0	LYS:55	LYS	NZ	4.286895987585228	HOH:512	O	5.431146288292875	0.0	3.0	none_obvious			intermediate	SEP:87	SEP	23.935782959787094	0.0	0.0		unmodified	
P28482	6NBS	A	185	THR_single	1	2	1.9	THR	328		2	10-329,335-356	10-329,335-356	THR	/mnt/c/Users/drpat/OneDrive - UGent/Desktop/PD/Phospho-fill/Validation-allPDB/pdb_cache/6nbs.cif	TYR	TYR	OH	CZ	ok				ARG:146	ARG	NH1	3.685619868626182	1.0	1.0	ARG:146	ARG	NH1	3.685619868626182	HOH:529	O	5.502320721108029	0.0	30.0	none_obvious			buried				0.0	0.0		unmodified	0.3171370943218003
Q9NZQ7	6NM7	A	127	THR_single	1	1	2.426	THR	489		1	19-134	19-134	THR	/mnt/c/Users/drpat/OneDrive - UGent/Desktop/PD/Phospho-fill/Validation-allPDB/pdb_cache/6nm7.cif	THR	THR	OG1	CB	ok			115.16751108530659	LYS:129	LYS	NZ	5.716453128315324	0.0	1.0	LYS:129	LYS	NZ	5.716453128315324				0.0	22.0	none_obvious			intermediate				0.0	0.0		unmodified	
Q9NZQ7	6NNV	A	127	THR_single	1	1	1.92	THR	490		1	18-134	18-134	THR	/mnt/c/Users/drpat/OneDrive - UGent/Desktop/PD/Phospho-fill/Validation-allPDB/pdb_cache/6nnv.cif	THR	THR	OG1	CB	ok			119.35653059503603	LYS:129	LYS	NZ	6.586731861691186	0.0	0.0	LYS:129	LYS	NZ	6.586731861691186	HOH:241	O	3.0398701808260786	1.0	20.0	water_mediated_like			intermediate				0.0	0.0		unmodified	
Q9NZQ7	6NOJ	A	127	THR_single	1	1	2.33	THR	491		1	18-134	18-134	THR	/mnt/c/Users/drpat/OneDrive - UGent/Desktop/PD/Phospho-fill/Validation-allPDB/pdb_cache/6noj.cif	THR	THR	OG1	CB	ok			121.2150668609515	LYS:129	LYS	CE	6.15378203322106	0.0	0.0	ARG:125	ARG	NH1	6.335163736818475	HOH:518	O	6.1149016306154325	0.0	19.0	none_obvious			intermediate				0.0	0.0		unmodified	
Q9NZQ7	6NP9	A	127	THR_single	1	1	1.27	THR	492		1	18-44,47-134	18-44,47-134	THR	/mnt/c/Users/drpat/OneDrive - UGent/Desktop/PD/Phospho-fill/Validation-allPDB/pdb_cache/6np9.cif	THR	THR	OG1	CB	ok			120.00466328613388	ARG:125	ARG	NH2	5.020242801492377	0.0	1.0	ARG:125	ARG	NH2	5.020242801492377	HOH:353	O	2.83698990832895	2.0	23.0	water_mediated_like			exposed				0.0	0.0		unmodified	
Q5S007	6OJE	B	1343	THR_single	1	1	1.95	THR	444		1	1333-1519	1333-1519	THR	/mnt/c/Users/drpat/OneDrive - UGent/Desktop/PD/Phospho-fill/Validation-allPDB/pdb_cache/6oje.cif	THR	THR	OG1	CB	ok			139.77178947116857	LYS:1347	LYS	NZ	5.500448061319675	0.0	1.0	LYS:1347	LYS	NZ	5.500448061319675	HOH:1728	O	2.6342056664837434	1.0	9.0	water_mediated_like			intermediate				0.0	0.0		unmodified	
Q5S007	6OJF	A	1343	THR_single	1	1	1.6	THR	445		1	1332-1519	1332-1519	THR	/mnt/c/Users/drpat/OneDrive - UGent/Desktop/PD/Phospho-fill/Validation-allPDB/pdb_cache/6ojf.cif	THR	THR	OG1	CB	ok			136.00861175388627	LYS:1347	LYS	NZ	5.389855631801257	0.0	1.0	LYS:1347	LYS	NZ	5.389855631801257	HOH:1763	O	3.9099895634021005	1.0	11.0	none_obvious			intermediate				0.0	0.0		unmodified	
Q9NZQ7	6PV9	A	127	THR_single	1	1	2.0	THR	493		1	19-183,190-229	19-183,190-229	THR	/mnt/c/Users/drpat/OneDrive - UGent/Desktop/PD/Phospho-fill/Validation-allPDB/pdb_cache/6pv9.cif	THR	THR	OG1	CB	ok			120.5614344022501	LYS:129	LYS	CE	6.502170275014807	0.0	0.0	ASP:26	ASP	OD2	5.898379142246564	HOH:501	O	2.9394473897329405	1.0	21.0	water_mediated_like			intermediate				0.0	0.0		unmodified	
P48730	6PXN	A	220	THR_single	1	1	1.551	THR	382		2	2-291	2-291	THR	/mnt/c/Users/drpat/OneDrive - UGent/Desktop/PD/Phospho-fill/Validation-allPDB/pdb_cache/6pxn.cif	THR	THR	OG1	CB	ok			-94.99537218548234	ARG:222	ARG	NH1	4.927758576543033	0.0	1.0	GLN:223	GLN	OE1	4.300775481625949				0.0	29.0	none_obvious			buried				0.0	0.0		unmodified	
P48730	6PXO	B	220	THR_single	1	1	2.0	THR	383		2	1-292	1-292	THR	/mnt/c/Users/drpat/OneDrive - UGent/Desktop/PD/Phospho-fill/Validation-allPDB/pdb_cache/6pxo.cif	THR				missing_anchor_or_base																														
P48730	6PXP	B	220	THR_single	1	1	2.35	THR	384		2	2-294	2-294	THR	/mnt/c/Users/drpat/OneDrive - UGent/Desktop/PD/Phospho-fill/Validation-allPDB/pdb_cache/6pxp.cif	THR	THR	OG1	CB	ok			122.29032939328292	LYS:221	LYS	NZ	5.405367033089449	0.0	1.0	GLN:223	GLN	NE2	3.5109955369948254				0.0	23.0	none_obvious			intermediate				0.0	0.0		unmodified	
Q9NZQ7	6R3K	A	127	THR_single	1	1	2.2	THR	494		1	18-134	18-134	THR	/mnt/c/Users/drpat/OneDrive - UGent/Desktop/PD/Phospho-fill/Validation-allPDB/pdb_cache/6r3k.cif	THR	THR	OG1	CB	ok			113.75272838581957	ARG:125	ARG	NH1	4.714069353995941	0.0	1.0	ARG:125	ARG	NH1	4.714069353995941	HOH:311	O	2.5748300991029627	2.0	23.0	water_mediated_like			exposed				0.0	0.0		unmodified	
O14965	6R4A	A	287	THR_single	1	1	1.937	THR	42		2	127-391	127-391	THR	/mnt/c/Users/drpat/OneDrive - UGent/Desktop/PD/Phospho-fill/Validation-allPDB/pdb_cache/6r4a.cif	THR	THR	OG1	CB	ok			128.35993852278077	HIS:176	HIS	CE1	3.2722203633993647	1.0	2.0	HIS:176	HIS	NE2	3.5206862266381838	HOH:655	O	3.1452605584532005	1.0	29.0	salt_bridge_like			buried	TPO:288	TPO	6.845538344096273	1.0	1.0	TPO:288@6.85	unmodified	
O14965	6R4B	A	287	THR_single	1	1	2.15	THR	43		2	127-391	127-391	THR	/mnt/c/Users/drpat/OneDrive - UGent/Desktop/PD/Phospho-fill/Validation-allPDB/pdb_cache/6r4b.cif	THR	THR	OG1	CB	ok			135.76878298135117	HIS:176	HIS	NE2	3.3165267547857913	1.0	1.0	HIS:176	HIS	NE2	3.3165267547857913				0.0	27.0	salt_bridge_like			buried	TPO:288	TPO	6.916669407339883	1.0	1.0	TPO:288@6.92	unmodified	
O14965	6R4C	A	287	THR_single	1	1	2.04	THR	44		2	127-391	127-391	THR	/mnt/c/Users/drpat/OneDrive - UGent/Desktop/PD/Phospho-fill/Validation-allPDB/pdb_cache/6r4c.cif	THR	THR	OG1	CB	ok			128.96552818966654	HIS:176	HIS	NE2	3.2649554011362483	1.0	2.0	HIS:176	HIS	NE2	3.2649554011362483	HOH:644	O	6.277342358808498	0.0	27.0	salt_bridge_like			buried	TPO:288	TPO	6.896348034119412	1.0	1.0	TPO:288@6.90	unmodified	
O14965	6R4D	A	287	THR_single	1	1	2.009	THR	45		2	127-391	127-391	THR	/mnt/c/Users/drpat/OneDrive - UGent/Desktop/PD/Phospho-fill/Validation-allPDB/pdb_cache/6r4d.cif	THR	THR	OG1	CB	ok			136.1296543209588	ARG:180	ARG	NH1	5.985134191277409	0.0	1.0	GLN:177	GLN	NE2	3.3265362671643204	HOH:688	O	3.0774617235298014	2.0	22.0	hbond_like			exposed	TPO:288	TPO	7.200469954781454	1.0	1.0	TPO:288@7.20	unmodified	
P48730	6RCG	A	220	THR_single	1	1	1.4	THR	385		2	1-293	1-293	THR	/mnt/c/Users/drpat/OneDrive - UGent/Desktop/PD/Phospho-fill/Validation-allPDB/pdb_cache/6rcg.cif	THR	THR	OG1	CB	ok			-120.22478919054795	ARG:222	ARG	NE	5.495724415363042	0.0	1.0	GLN:223	GLN	OE1	3.3176711889030956	HOH:462	O	2.6840646889368607	3.0	26.0	hbond_like			exposed				0.0	0.0		unmodified	
P48730	6RCH	A	220	THR_single	1	1	1.45	THR	386		2	2-294	2-294	THR	/mnt/c/Users/drpat/OneDrive - UGent/Desktop/PD/Phospho-fill/Validation-allPDB/pdb_cache/6rch.cif	THR	THR	OG1	CB	ok			-108.42299777353605	ARG:222	ARG	NE	6.938864367305985	0.0	0.0	GLN:223	GLN	NE2	4.08251461718101	HOH:571	O	2.808442062862379	2.0	28.0	water_mediated_like			exposed				0.0	0.0		unmodified	
P48730	6RU6	A	220	THR_single	1	1	2.05	THR	387		2	3-17,22-294	3-17,22-294	THR	/mnt/c/Users/drpat/OneDrive - UGent/Desktop/PD/Phospho-fill/Validation-allPDB/pdb_cache/6ru6.cif	THR	THR	OG1	CB	ok			-98.681349334622	ARG:222	ARG	NE	6.076908409675384	0.0	0.0	GLN:223	GLN	OE1	4.628608935939124				0.0	30.0	none_obvious			buried				0.0	0.0		unmodified	
P48730	6RU7	A	220	THR_single	1	1	2.08	THR	388		2	3-294	3-294	THR	/mnt/c/Users/drpat/OneDrive - UGent/Desktop/PD/Phospho-fill/Validation-allPDB/pdb_cache/6ru7.cif	THR	THR	OG1	CB	ok			131.8667060872336					0.0	0.0	GLN:223	GLN	NE2	5.413613227510968	HOH:489	O	4.856317847809482	0.0	17.0	none_obvious			intermediate				0.0	0.0		unmodified	
P48730	6RU8	A	220	THR_single	1	1	1.92	THR	389		2	2-294	2-294	THR	/mnt/c/Users/drpat/OneDrive - UGent/Desktop/PD/Phospho-fill/Validation-allPDB/pdb_cache/6ru8.cif	THR	THR	OG1	CB	ok			-109.9156511878594	ARG:222	ARG	NE	7.317357453742911	0.0	0.0	GLN:223	GLN	OE1	4.4985927521553				0.0	26.0	none_obvious			buried				0.0	0.0		unmodified	
P31749	6S9W	A	308	THR_single	1	1	2.3	THR	332		3	3-112,142-301,304-444	3-112,142-301,304-444	THR	/mnt/c/Users/drpat/OneDrive - UGent/Desktop/PD/Phospho-fill/Validation-allPDB/pdb_cache/6s9w.cif	THR	THR	OG1	CB	ok			127.09248218220013	LYS:301	LYS	CE	3.710972373671469	1.0	2.0	LYS:301	LYS	NZ	4.9177599015627615				0.0	29.0	none_obvious			buried				0.0	0.0		unmodified	
P61006	6STF	A	72	THR_single	1	1	2.4	THR	426		2	6-176	6-176	THR	/mnt/c/Users/drpat/OneDrive - UGent/Desktop/PD/Phospho-fill/Validation-allPDB/pdb_cache/6stf.cif	THR	THR	OG1	CB	ok			130.62544549915125	ARG:71	ARG	NH1	5.037638732475712	0.0	1.0	ARG:71	ARG	NH1	5.037638732475712				0.0	11.0	none_obvious			intermediate	SEP:111	SEP	18.919714659201862	0.0	0.0		unmodified	
P61006	6STG	A	72	THR_single	1	1	2.5	THR	427		2	6-176	6-176	THR	/mnt/c/Users/drpat/OneDrive - UGent/Desktop/PD/Phospho-fill/Validation-allPDB/pdb_cache/6stg.cif	THR	THR	OG1	CB	ok			89.65792391717628					0.0	0.0	THR:75	THR	OG1	6.212832169856652				0.0	7.0	none_obvious			intermediate	SEP:111	SEP	19.203074818781747	0.0	0.0		unmodified	
P49841	6TCU	A	277	THR_single	1	1	2.14	THR	413		3	35-384	35-384	THR	/mnt/c/Users/drpat/OneDrive - UGent/Desktop/PD/Phospho-fill/Validation-allPDB/pdb_cache/6tcu.cif	THR	THR	OG1	CB	ok			-117.04486863233377	ARG:278	ARG	NE	7.888636864435307	0.0	0.0	GLN:280	GLN	OE1	3.4031903205705096	HOH:508	O	2.6647776910497725	1.0	24.0	hbond_like			buried	PTR:216	PTR	25.61218234383462	0.0	0.0		unmodified	
P49841	6V6L	A	277	THR_single	1	1	2.19	THR	414		3	37-91,96-384	37-91,96-384	THR	/mnt/c/Users/drpat/OneDrive - UGent/Desktop/PD/Phospho-fill/Validation-allPDB/pdb_cache/6v6l.cif	THR	THR	OG1	CB	ok			-116.52347016893711					0.0	0.0	GLN:280	GLN	OE1	3.3296028530530433	HOH:673	O	2.730871107090298	2.0	23.0	hbond_like			exposed	PTR:216	PTR	25.544685443039143	0.0	0.0		unmodified	
O14965	6VPL	A	287	THR_single	1	1	1.86	THR	46		2	104,125-282,287-389	104,125-282,287-389	THR	/mnt/c/Users/drpat/OneDrive - UGent/Desktop/PD/Phospho-fill/Validation-allPDB/pdb_cache/6vpl.cif	THR	THR	OG1	CB	ok			-141.81123776165597					0.0	0.0	CYS:290	CYS	SG	4.25324425042206	HOH:714	O	3.7243045003032043	1.0	14.0	none_obvious			intermediate	TPO:288	TPO	8.281319601707484	0.0	1.0	TPO:288@8.28	unmodified	
O14965	6VPM	A	287	THR_single	1	1	1.58	THR	47		2	125-282,287-389	125-282,287-389	THR	/mnt/c/Users/drpat/OneDrive - UGent/Desktop/PD/Phospho-fill/Validation-allPDB/pdb_cache/6vpm.cif	THR	THR	OG1	CB	ok			94.82095112340708					0.0	0.0	CYS:290	CYS	SG	6.019065311970632	HOH:899	O	4.486223116087809	0.0	5.0	none_obvious			intermediate	TPO:288	TPO	8.028311244508743	0.0	1.0	TPO:288@8.03	unmodified	
Q9NZQ7	6VQN	A	127	THR_single	1	1	2.49	THR	495		1	18-134	18-134	THR	/mnt/c/Users/drpat/OneDrive - UGent/Desktop/PD/Phospho-fill/Validation-allPDB/pdb_cache/6vqn.cif	THR	THR	OG1	CB	ok			109.80013413157674	LYS:129	LYS	NZ	6.057298065207771	0.0	0.0	LYS:129	LYS	NZ	6.057298065207771	HOH:215	O	6.929035619244869	0.0	21.0	none_obvious			intermediate				0.0	0.0		unmodified	
Q5S007	6XAF	B	1343	THR_single	1	1	1.968	THR	446		1	1334-1356,1365-1515	1334-1356,1365-1515	THR	/mnt/c/Users/drpat/OneDrive - UGent/Desktop/PD/Phospho-fill/Validation-allPDB/pdb_cache/6xaf.cif	THR	THR	OG1	CB	ok			124.20532610619905	LYS:1347	LYS	NZ	5.222340147633208	0.0	1.0	LYS:1347	LYS	NZ	5.222340147633208	HOH:1740	O	2.9829901203678655	1.0	10.0	water_mediated_like			intermediate				0.0	0.0		unmodified	
P0DTC2	6XC4	A	345	THR_single	1	1	2.341	THR	154		1	334-532	334-532	THR	/mnt/c/Users/drpat/OneDrive - UGent/Desktop/PD/Phospho-fill/Validation-allPDB/pdb_cache/6xc4.cif	THR	THR	OG1	CB	ok			106.95873929615254	ARG:509	ARG	NH1	7.072818326563081	0.0	0.0	ARG:509	ARG	NH1	7.072818326563081	HOH:756	O	6.362947173155301	0.0	7.0	none_obvious			intermediate				0.0	0.0		unmodified	
P0DTC2	6XLU	B	345	THR_single	1	1	2.4	THR	155		1	27-69,80-143,154-172,186-251,265-444,447-676,689-1147	27-69,80-143,154-172,186-251,265-444,447-676,689-1147	THR	/mnt/c/Users/drpat/OneDrive - UGent/Desktop/PD/Phospho-fill/Validation-allPDB/pdb_cache/6xlu.cif	THR	THR	OG1	CB	ok			-99.32021771089128	ARG:346	ARG	NE	5.78714198341639	0.0	1.0	ARG:346	ARG	NE	5.78714198341639				0.0	12.0	none_obvious			intermediate				0.0	0.0		unmodified	
P49841	6Y9R	A	277	THR_single	1	1	2.08	THR	415		3	35-384	35-384	THR	/mnt/c/Users/drpat/OneDrive - UGent/Desktop/PD/Phospho-fill/Validation-allPDB/pdb_cache/6y9r.cif	THR	THR	OG1	CB	ok			-116.00798866433135					0.0	0.0	GLN:280	GLN	OE1	3.3797681664691437	HOH:559	O	7.073435697914183	0.0	24.0	hbond_like			buried	PTR:216	PTR	25.54352570979144	0.0	0.0		unmodified	
P49841	6Y9S	A	277	THR_single	1	1	2.03	THR	416		3	35-287,293-383	35-287,293-383	THR	/mnt/c/Users/drpat/OneDrive - UGent/Desktop/PD/Phospho-fill/Validation-allPDB/pdb_cache/6y9s.cif	THR	THR	OG1	CB	ok			-123.53048336226826					0.0	0.0	GLN:280	GLN	OE1	3.124275313089247	HOH:614	O	4.108593141219368	0.0	24.0	hbond_like			buried	PTR:216	PTR	25.78867531203221	0.0	0.0		unmodified	
Q9NZQ7	6YCR	A	127	THR_single	1	1	1.54	THR	496		1	18-134	18-134	THR	/mnt/c/Users/drpat/OneDrive - UGent/Desktop/PD/Phospho-fill/Validation-allPDB/pdb_cache/6ycr.cif	THR	THR	OG1	CB	ok			113.98832612302667	ARG:125	ARG	NH2	4.550898984128998	0.0	1.0	ARG:125	ARG	NH2	4.550898984128998	HOH:226	O	2.925940925214995	1.0	23.0	water_mediated_like			intermediate				0.0	0.0		unmodified	
P0DTC2	6YLA	A	345	THR_single	1	1	2.42	THR	156		1	330-529	332-445,448-529	THR	/mnt/c/Users/drpat/OneDrive - UGent/Desktop/PD/Phospho-fill/Validation-allPDB/pdb_cache/6yla.cif	THR	THR	OG1	CB	ok			-129.8969979420759	ARG:346	ARG	NE	6.593822149647903	0.0	0.0	TYR:449	TYR	OH	5.593334930839941	HOH:1001	O	7.524632034272107	0.0	13.0	none_obvious			intermediate				0.0	0.0		unmodified	
P0DMV8	6ZYI	A	66	THR_single	1	1	1.52	THR	120		1	4-188,192-381	4-188,192-381	THR	/mnt/c/Users/drpat/OneDrive - UGent/Desktop/PD/Phospho-fill/Validation-allPDB/pdb_cache/6zyi.cif	THR	THR	OG1	CB	ok			123.53915081791398					0.0	0.0	GLN:58	GLN	NE2	2.8550919882609773	HOH:511	O	4.634838044633664	0.0	46.0	hbond_like			buried				0.0	0.0		unmodified	
P49841	7B6F	A	277	THR_single	1	1	2.05	THR	417		3	36-382	36-382	THR	/mnt/c/Users/drpat/OneDrive - UGent/Desktop/PD/Phospho-fill/Validation-allPDB/pdb_cache/7b6f.cif	THR	THR	OG1	CB	ok			-112.20375733557593					0.0	0.0	GLN:280	GLN	OE1	3.4324966210063823	HOH:548	O	2.695978177224269	2.0	26.0	hbond_like			exposed	PTR:216	PTR	25.475075033714706	0.0	0.0		unmodified	
Q9NZQ7	7BEA	A	127	THR_single	1	1	2.45	THR	497		1	18-134	18-134	THR	/mnt/c/Users/drpat/OneDrive - UGent/Desktop/PD/Phospho-fill/Validation-allPDB/pdb_cache/7bea.cif	THR	THR	OG1	CB	ok			116.43020675523549	ARG:125	ARG	NE	7.659728619914114	0.0	0.0	ASP:26	ASP	OD2	6.924740428491691	HOH:303	O	7.619044255907831	0.0	21.0	none_obvious			intermediate				0.0	0.0		unmodified	
P0DTC2	7BNV	A	345	THR_single	1	1	2.35	THR	157		1	334-527	334-527	THR	/mnt/c/Users/drpat/OneDrive - UGent/Desktop/PD/Phospho-fill/Validation-allPDB/pdb_cache/7bnv.cif	THR	THR	OG1	CB	ok			112.03092065452567	ARG:509	ARG	NH1	6.7423732077736185	0.0	0.0	ARG:509	ARG	NH1	6.7423732077736185				0.0	9.0	none_obvious			intermediate				0.0	0.0		unmodified	
P0DTC2	7BZ5	A	345	THR_single	1	1	1.84	THR	158		1	334-518,520-528	334-518,520-528	THR	/mnt/c/Users/drpat/OneDrive - UGent/Desktop/PD/Phospho-fill/Validation-allPDB/pdb_cache/7bz5.cif	THR	THR	OG1	CB	ok			111.24941566439757	ARG:509	ARG	NH1	6.848923250418472	0.0	0.0	ARG:509	ARG	NH1	6.848923250418472	HOH:784	O	3.746246300059007	1.0	8.0	none_obvious			intermediate				0.0	0.0		unmodified	
Q9NZQ7	7C88	C	127	THR_single	1	1	1.997	THR	498		1	19-134	19-134	THR	/mnt/c/Users/drpat/OneDrive - UGent/Desktop/PD/Phospho-fill/Validation-allPDB/pdb_cache/7c88.cif	THR	THR	OG1	CB	ok			127.95663001431795					0.0	0.0	ASP:26	ASP	OD1	6.035820492835512	HOH:216	O	6.741351161645968	0.0	22.0	none_obvious			intermediate				0.0	0.0		unmodified	
P0DTC2	7C8V	B	345	THR_single	1	1	2.15	THR	159		1	334-527	334-527	THR	/mnt/c/Users/drpat/OneDrive - UGent/Desktop/PD/Phospho-fill/Validation-allPDB/pdb_cache/7c8v.cif	THR	THR	OG1	CB	ok			117.3777286368235	ARG:509	ARG	NH1	7.02010895370288	0.0	0.0	ARG:509	ARG	NH1	7.02010895370288	HOH:725	O	4.283618571029629	0.0	8.0	none_obvious			intermediate				0.0	0.0		unmodified	
P0DTC2	7CJF	C	345	THR_single	1	1	2.108	THR	160		1	334-527	334-527	THR	/mnt/c/Users/drpat/OneDrive - UGent/Desktop/PD/Phospho-fill/Validation-allPDB/pdb_cache/7cjf.cif	THR	THR	OG1	CB	ok			-133.6287350504007	ARG:346	ARG	NH1	3.3321648744619226	1.0	1.0	ARG:346	ARG	NH1	3.3321648744619226	HOH:783	O	5.0344699533324535	0.0	16.0	salt_bridge_like			intermediate				0.0	0.0		unmodified	
O96013	7CP4	A	562	THR_single	1	1	2.5	THR	85		2	300-591	300-591	THR	/mnt/c/Users/drpat/OneDrive - UGent/Desktop/PD/Phospho-fill/Validation-allPDB/pdb_cache/7cp4.cif	THR	THR	OG1	CB	ok			-111.60555737680782	HIS:432	HIS	ND1	7.367886606866647	0.0	0.0	GLU:565	GLU	OE2	3.8450750167340053	HOH:734	O	3.008781980852008	3.0	24.0	water_mediated_like			exposed	SEP:474	SEP	22.717587056028652	0.0	0.0		unmodified	
Q9NZQ7	7CZD	B	127	THR_single	1	1	1.64	THR	499		1	19-134	19-134	THR	/mnt/c/Users/drpat/OneDrive - UGent/Desktop/PD/Phospho-fill/Validation-allPDB/pdb_cache/7czd.cif	THR	THR	OG1	CB	ok			114.09697905855371	LYS:129	LYS	NZ	5.52532125241465	0.0	1.0	LYS:129	LYS	NZ	5.52532125241465	HOH:356	O	2.7141118399698527	1.0	22.0	water_mediated_like			intermediate				0.0	0.0		unmodified	
P0DTC2	7D2Z	B	345	THR_single	1	1	1.97	THR	161		1	330-531	330-531	THR	/mnt/c/Users/drpat/OneDrive - UGent/Desktop/PD/Phospho-fill/Validation-allPDB/pdb_cache/7d2z.cif	THR	THR	OG1	CB	ok			125.77676972712311	ARG:346	ARG	NH1	4.724901687913182	0.0	1.0	ARG:346	ARG	NH1	4.724901687913182				0.0	11.0	none_obvious			intermediate				0.0	0.0		unmodified	
P0DTC2	7D30	B	345	THR_single	1	1	2.1	THR	162		1	334-526	334-526	THR	/mnt/c/Users/drpat/OneDrive - UGent/Desktop/PD/Phospho-fill/Validation-allPDB/pdb_cache/7d30.cif	THR	THR	OG1	CB	ok			114.88128782289405	ARG:509	ARG	NH1	6.9852870982529	0.0	0.0	ARG:509	ARG	NH1	6.9852870982529	HOH:2259	O	3.361568663309592	1.0	8.0	water_mediated_like			intermediate				0.0	0.0		unmodified	
P0DTC2	7DEO	B	345	THR_single	1	1	2.5	THR	163		1	334-530	334-530	THR	/mnt/c/Users/drpat/OneDrive - UGent/Desktop/PD/Phospho-fill/Validation-allPDB/pdb_cache/7deo.cif	THR	THR	OG1	CB	ok			-13.103043549353607	ARG:346	ARG	CZ	4.597341511961424	0.0	1.0	ARG:346	ARG	NH1	4.650856976231421	HOH:1119	O	7.279919581923542	0.0	12.0	none_obvious			intermediate				0.0	0.0		unmodified	
P0DTC2	7DET	C	345	THR_single	1	1	2.2	THR	164		1	334-527	334-527	THR	/mnt/c/Users/drpat/OneDrive - UGent/Desktop/PD/Phospho-fill/Validation-allPDB/pdb_cache/7det.cif	THR	THR	OG1	CB	ok			131.79776034095417	ARG:346	ARG	NH1	5.120612432874154	0.0	1.0	ARG:346	ARG	NH1	5.120612432874154	HOH:730	O	4.754974721876413	0.0	10.0	none_obvious			intermediate				0.0	0.0		unmodified	
P0DTC2	7DEU	A	345	THR_single	1	1	2.1	THR	165		1	334-527	334-527	THR	/mnt/c/Users/drpat/OneDrive - UGent/Desktop/PD/Phospho-fill/Validation-allPDB/pdb_cache/7deu.cif	THR	THR	OG1	CB	ok			145.76158263404267	ARG:346	ARG	NH1	4.44432299119959	0.0	1.0	ARG:346	ARG	NH1	4.44432299119959	HOH:753	O	7.188195571961155	0.0	13.0	none_obvious			intermediate				0.0	0.0		unmodified	
P0DTC2	7DHX	B	345	THR_single	1	1	2.3	THR	166		1	333-527	333-527	THR	/mnt/c/Users/drpat/OneDrive - UGent/Desktop/PD/Phospho-fill/Validation-allPDB/pdb_cache/7dhx.cif	THR	THR	OG1	CB	ok			144.65775948056043	ARG:509	ARG	NH1	7.228439772447043	0.0	0.0	ARG:509	ARG	NH1	7.228439772447043				0.0	9.0	none_obvious			intermediate				0.0	0.0		unmodified	
P0DTC2	7DJZ	C	345	THR_single	1	1	2.397	THR	167		1	334-530	334-530	THR	/mnt/c/Users/drpat/OneDrive - UGent/Desktop/PD/Phospho-fill/Validation-allPDB/pdb_cache/7djz.cif	THR	THR	OG1	CB	ok			119.30811421578423	ARG:346	ARG	NH1	6.733930594403353	0.0	0.0	ARG:346	ARG	NH1	6.733930594403353				0.0	9.0	none_obvious			intermediate				0.0	0.0		unmodified	
Q79V60	7DY1	A	432	THR_single	1	1	2.2	THR	447		2	18-111,125-151,158-246,254-497	18-111,125-151,158-246,254-497	THR	/mnt/c/Users/drpat/OneDrive - UGent/Desktop/PD/Phospho-fill/Validation-allPDB/pdb_cache/7dy1.cif	THR	THR	OG1	CB	ok			-114.09055367718528	ARG:459	ARG	NH2	5.540961684054259	0.0	1.0	ARG:459	ARG	NH2	5.540961684054259	HOH:825	O	3.521346016646624	1.0	18.0	none_obvious			intermediate	SEP:431	SEP	6.9743422363503385	1.0	1.0	SEP:431@6.97	unmodified	
Q9NZQ7	7DY7	A	127	THR_single	1	1	2.42	THR	500		1	18-134	18-134	THR	/mnt/c/Users/drpat/OneDrive - UGent/Desktop/PD/Phospho-fill/Validation-allPDB/pdb_cache/7dy7.cif	THR	THR	OG1	CB	ok			119.24206572699799	LYS:129	LYS	CE	6.010013542379095	0.0	0.0	ASP:26	ASP	OD2	6.155234823114567	HOH:202	O	5.970877885681045	0.0	23.0	none_obvious			intermediate				0.0	0.0		unmodified	
P0DTC2	7EAM	A	345	THR_single	1	1	1.4	THR	168		1	324-527	324-527	THR	/mnt/c/Users/drpat/OneDrive - UGent/Desktop/PD/Phospho-fill/Validation-allPDB/pdb_cache/7eam.cif	THR	THR	OG1	CB	ok			121.63241653262823	ARG:509	ARG	NH1	6.638109742682574	0.0	0.0	ARG:509	ARG	NH1	6.638109742682574	HOH:803	O	3.561235915611765	1.0	10.0	none_obvious			intermediate				0.0	0.0		unmodified	
P0DTC2	7EAN	A	345	THR_single	1	1	1.91	THR	169		1	333-527	333-527	THR	/mnt/c/Users/drpat/OneDrive - UGent/Desktop/PD/Phospho-fill/Validation-allPDB/pdb_cache/7ean.cif	THR	THR	OG1	CB	ok			143.59591993119253	ARG:346	ARG	NE	6.678056765031596	0.0	0.0	ARG:346	ARG	NE	6.678056765031596	HOH:728	O	7.901354346424036	0.0	10.0	none_obvious			intermediate				0.0	0.0		unmodified	
P0DTC2	7EFR	B	345	THR_single	1	1	2.494	THR	170		1	334-527	334-527	THR	/mnt/c/Users/drpat/OneDrive - UGent/Desktop/PD/Phospho-fill/Validation-allPDB/pdb_cache/7efr.cif	THR	THR	OG1	CB	ok			120.72319733990113	ARG:346	ARG	NE	6.322843474196314	0.0	0.0	ARG:346	ARG	NE	6.322843474196314	HOH:730	O	6.155367479866919	0.0	10.0	none_obvious			intermediate				0.0	0.0		unmodified	
P0DTC2	7EKH	B	345	THR_single	1	1	2.4	THR	171		1	333-527	333-527	THR	/mnt/c/Users/drpat/OneDrive - UGent/Desktop/PD/Phospho-fill/Validation-allPDB/pdb_cache/7ekh.cif	THR	THR	OG1	CB	ok			115.23065109436567	ARG:509	ARG	NH1	7.143437560741186	0.0	0.0	ARG:509	ARG	NH1	7.143437560741186	HOH:728	O	3.6763136468815283	1.0	8.0	none_obvious			intermediate				0.0	0.0		unmodified	
O15075	7F3G	A	484	THR_single	1	1	2.1	THR	56		1	376-648	376-648	THR	/mnt/c/Users/drpat/OneDrive - UGent/Desktop/PD/Phospho-fill/Validation-allPDB/pdb_cache/7f3g.cif	THR	THR	OG1	CB	ok			-119.0587109867545	ARG:486	ARG	NE	4.87884830439978	0.0	1.0	ASP:487	ASP	OD1	3.3760941912091416	HOH:801	O	2.9208659475351597	1.0	27.0	hbond_like			buried				0.0	0.0		unmodified	
P0DTC2	7F5G	C	345	THR_single	1	1	1.75	THR	172		1	330-529	330-529	THR	/mnt/c/Users/drpat/OneDrive - UGent/Desktop/PD/Phospho-fill/Validation-allPDB/pdb_cache/7f5g.cif	THR	THR	OG1	CB	ok			-137.35377691670965	ARG:346	ARG	NH1	5.1309182458903315	0.0	1.0	ARG:346	ARG	NH1	5.1309182458903315	HOH:824	O	3.1507497109938623	2.0	15.0	water_mediated_like			exposed				0.0	0.0		unmodified	
P0DTC2	7FAT	A	345	THR_single	1	1	1.99	THR	173		1	333-515	333-515	THR	/mnt/c/Users/drpat/OneDrive - UGent/Desktop/PD/Phospho-fill/Validation-allPDB/pdb_cache/7fat.cif	THR	THR	OG1	CB	ok			120.94351598644849	ARG:346	ARG	NH1	6.465410539775528	0.0	0.0	ARG:346	ARG	NH1	6.465410539775528	HOH:626	O	4.2634521917689545	0.0	9.0	none_obvious			intermediate				0.0	0.0		unmodified	
P0DTC2	7FAU	C	345	THR_single	1	1	2.08	THR	174		1	333-516	333-516	THR	/mnt/c/Users/drpat/OneDrive - UGent/Desktop/PD/Phospho-fill/Validation-allPDB/pdb_cache/7fau.cif	THR	THR	OG1	CB	ok			107.64115919676443	ARG:346	ARG	NH2	5.458490102753449	0.0	1.0	ARG:346	ARG	NH2	5.458490102753449	HOH:629	O	3.423551190284742	1.0	9.0	water_mediated_like			intermediate				0.0	0.0		unmodified	
P0DTC2	7FBK	A	345	THR_single	1	1	1.9	THR	175		1	334-527	334-527	THR	/mnt/c/Users/drpat/OneDrive - UGent/Desktop/PD/Phospho-fill/Validation-allPDB/pdb_cache/7fbk.cif	THR	THR	OG1	CB	ok			119.75829677161627	ARG:346	ARG	NH2	6.263655225642475	0.0	0.0	ARG:346	ARG	NH2	6.263655225642475	HOH:639	O	4.404202263519399	0.0	9.0	none_obvious			intermediate				0.0	0.0		unmodified	
P0DTC2	7FCP	A	345	THR_single	1	1	2.4	THR	176		1	334-518	334-518	THR	/mnt/c/Users/drpat/OneDrive - UGent/Desktop/PD/Phospho-fill/Validation-allPDB/pdb_cache/7fcp.cif	THR	THR	OG1	CB	ok			139.97278672381745	ARG:346	ARG	NH2	5.700582646755339	0.0	1.0	ARG:346	ARG	NH2	5.700582646755339				0.0	10.0	none_obvious			intermediate				0.0	0.0		unmodified	
P0DTC2	7FCQ	A	345	THR_single	1	1	1.89	THR	177		1	333-528	333-528	THR	/mnt/c/Users/drpat/OneDrive - UGent/Desktop/PD/Phospho-fill/Validation-allPDB/pdb_cache/7fcq.cif	THR	THR	OG1	CB	ok			123.00691514742776	ARG:346	ARG	NH1	6.613564748235855	0.0	0.0	ARG:346	ARG	NH1	6.613564748235855	HOH:756	O	3.305520953762121	1.0	9.0	water_mediated_like			intermediate				0.0	0.0		unmodified	
P0DMV8	7FGM	A	66	THR_single	1	1	2.2	THR	121		1	2-217,219-381	2-217,219-381	THR	/mnt/c/Users/drpat/OneDrive - UGent/Desktop/PD/Phospho-fill/Validation-allPDB/pdb_cache/7fgm.cif	THR	THR	OG1	CB	ok			120.02555224827192					0.0	0.0	GLN:58	GLN	NE2	2.9977463030071654	HOH:594	O	6.235952757488195	0.0	49.0	hbond_like			buried				0.0	0.0		unmodified	
P0DMV8	7GY4	A	66	THR_single	1	1	1.92	THR	122		1	1-380	1-380	THR	/mnt/c/Users/drpat/OneDrive - UGent/Desktop/PD/Phospho-fill/Validation-allPDB/pdb_cache/7gy4.cif	THR	THR	OG1	CB	ok			125.34618227141216					0.0	0.0	GLN:58	GLN	NE2	2.8455340377616762	HOH:616	O	4.714265149901415	0.0	44.0	hbond_like			buried				0.0	0.0		unmodified	
P0DMV8	7GY5	A	66	THR_single	1	1	1.92	THR	123		1	1-380	1-380	THR	/mnt/c/Users/drpat/OneDrive - UGent/Desktop/PD/Phospho-fill/Validation-allPDB/pdb_cache/7gy5.cif	THR	THR	OG1	CB	ok			124.99437536398551					0.0	0.0	GLN:58	GLN	NE2	2.841614971471032	HOH:608	O	4.719023960879414	0.0	45.0	hbond_like			buried				0.0	0.0		unmodified	
P0DMV8	7GY6	A	66	THR_single	1	1	1.92	THR	124		1	1-380	1-380	THR	/mnt/c/Users/drpat/OneDrive - UGent/Desktop/PD/Phospho-fill/Validation-allPDB/pdb_cache/7gy6.cif	THR	THR	OG1	CB	ok			126.09082067267205					0.0	0.0	GLN:58	GLN	NE2	2.8581770403268054	HOH:585	O	4.724053181515263	0.0	45.0	hbond_like			buried				0.0	0.0		unmodified	
P0DMV8	7GY7	A	66	THR_single	1	1	1.92	THR	125		1	1-380	1-380	THR	/mnt/c/Users/drpat/OneDrive - UGent/Desktop/PD/Phospho-fill/Validation-allPDB/pdb_cache/7gy7.cif	THR	THR	OG1	CB	ok			124.69075283012378					0.0	0.0	GLN:58	GLN	NE2	2.834862643642044	HOH:609	O	4.739925037505981	0.0	46.0	hbond_like			buried				0.0	0.0		unmodified	
P0DMV8	7GY8	A	66	THR_single	1	1	1.92	THR	126		1	1-380	1-380	THR	/mnt/c/Users/drpat/OneDrive - UGent/Desktop/PD/Phospho-fill/Validation-allPDB/pdb_cache/7gy8.cif	THR	THR	OG1	CB	ok			126.6480222294143					0.0	0.0	GLN:58	GLN	NE2	2.847116894483575	HOH:582	O	4.707914329918572	0.0	45.0	hbond_like			buried				0.0	0.0		unmodified	
P0DMV8	7GY9	A	66	THR_single	1	1	1.92	THR	127		1	1-380	1-380	THR	/mnt/c/Users/drpat/OneDrive - UGent/Desktop/PD/Phospho-fill/Validation-allPDB/pdb_cache/7gy9.cif	THR	THR	OG1	CB	ok			124.18404725055593					0.0	0.0	GLN:58	GLN	NE2	2.847148846469303	HOH:550	O	4.702569652197758	0.0	45.0	hbond_like			buried				0.0	0.0		unmodified	
P0DMV8	7GYA	A	66	THR_single	1	1	1.92	THR	128		1	1-380	1-380	THR	/mnt/c/Users/drpat/OneDrive - UGent/Desktop/PD/Phospho-fill/Validation-allPDB/pdb_cache/7gya.cif	THR	THR	OG1	CB	ok			125.55156444136122					0.0	0.0	GLN:58	GLN	NE2	2.89476647143071	HOH:578	O	4.713994883117404	0.0	44.0	hbond_like			buried				0.0	0.0		unmodified	
P0DMV8	7GYB	A	66	THR_single	1	1	1.92	THR	129		1	1-380	1-380	THR	/mnt/c/Users/drpat/OneDrive - UGent/Desktop/PD/Phospho-fill/Validation-allPDB/pdb_cache/7gyb.cif	THR	THR	OG1	CB	ok			125.20755513390132					0.0	0.0	GLN:58	GLN	NE2	2.836511641380782	HOH:564	O	4.712649986142195	0.0	45.0	hbond_like			buried				0.0	0.0		unmodified	
P0DMV8	7GYC	A	66	THR_single	1	1	1.92	THR	130		1	1-380	1-380	THR	/mnt/c/Users/drpat/OneDrive - UGent/Desktop/PD/Phospho-fill/Validation-allPDB/pdb_cache/7gyc.cif	THR	THR	OG1	CB	ok			128.2854294302272					0.0	0.0	GLN:58	GLN	NE2	2.943089419028997	HOH:573	O	4.644338733834787	0.0	43.0	hbond_like			buried				0.0	0.0		unmodified	
P0DMV8	7GYD	A	66	THR_single	1	1	1.92	THR	131		1	1-380	1-380	THR	/mnt/c/Users/drpat/OneDrive - UGent/Desktop/PD/Phospho-fill/Validation-allPDB/pdb_cache/7gyd.cif	THR	THR	OG1	CB	ok			124.54632655013233					0.0	0.0	GLN:58	GLN	NE2	2.8951396099648807	HOH:645	O	4.664430822079348	0.0	44.0	hbond_like			buried				0.0	0.0		unmodified	
P0DMV8	7GYE	A	66	THR_single	1	1	1.92	THR	132		1	1-380	1-380	THR	/mnt/c/Users/drpat/OneDrive - UGent/Desktop/PD/Phospho-fill/Validation-allPDB/pdb_cache/7gye.cif	THR	THR	OG1	CB	ok			126.34633924363553					0.0	0.0	GLN:58	GLN	NE2	2.9258400178408204	HOH:591	O	4.702699846092521	0.0	44.0	hbond_like			buried				0.0	0.0		unmodified	
P0DMV8	7GYF	A	66	THR_single	1	1	1.92	THR	133		1	1-380	1-380	THR	/mnt/c/Users/drpat/OneDrive - UGent/Desktop/PD/Phospho-fill/Validation-allPDB/pdb_cache/7gyf.cif	THR	THR	OG1	CB	ok			125.1481770902807					0.0	0.0	GLN:58	GLN	NE2	2.8634982851724238	HOH:624	O	4.744625455162763	0.0	44.0	hbond_like			buried				0.0	0.0		unmodified	
P0DMV8	7GYG	A	66	THR_single	1	1	1.92	THR	134		1	1-380	1-380	THR	/mnt/c/Users/drpat/OneDrive - UGent/Desktop/PD/Phospho-fill/Validation-allPDB/pdb_cache/7gyg.cif	THR	THR	OG1	CB	ok			124.89451242548668					0.0	0.0	GLN:58	GLN	NE2	2.910562745219453	HOH:632	O	4.689275003631895	0.0	43.0	hbond_like			buried				0.0	0.0		unmodified	
P0DMV8	7GYH	A	66	THR_single	1	1	1.92	THR	135		1	1-380	1-380	THR	/mnt/c/Users/drpat/OneDrive - UGent/Desktop/PD/Phospho-fill/Validation-allPDB/pdb_cache/7gyh.cif	THR	THR	OG1	CB	ok			123.9444780851523					0.0	0.0	GLN:58	GLN	NE2	2.877348922892412	HOH:565	O	4.684643547272081	0.0	42.0	hbond_like			buried				0.0	0.0		unmodified	
P0DMV8	7GYI	A	66	THR_single	1	1	1.92	THR	136		1	1-380	1-380	THR	/mnt/c/Users/drpat/OneDrive - UGent/Desktop/PD/Phospho-fill/Validation-allPDB/pdb_cache/7gyi.cif	THR	THR	OG1	CB	ok			123.70402581404794					0.0	0.0	GLN:58	GLN	NE2	2.9575439044188796	HOH:565	O	4.693370903940295	0.0	44.0	hbond_like			buried				0.0	0.0		unmodified	
P0DMV8	7GYJ	A	66	THR_single	1	1	2.15	THR	137		1	1-380	1-380	THR	/mnt/c/Users/drpat/OneDrive - UGent/Desktop/PD/Phospho-fill/Validation-allPDB/pdb_cache/7gyj.cif	THR	THR	OG1	CB	ok			125.45399492455832					0.0	0.0	GLN:58	GLN	NE2	2.931184493490948	HOH:513	O	4.554707758398967	0.0	46.0	hbond_like			buried				0.0	0.0		unmodified	
P0DMV8	7GYK	A	66	THR_single	1	1	2.15	THR	138		1	1-380	1-380	THR	/mnt/c/Users/drpat/OneDrive - UGent/Desktop/PD/Phospho-fill/Validation-allPDB/pdb_cache/7gyk.cif	THR	THR	OG1	CB	ok			125.27846066579298					0.0	0.0	GLN:58	GLN	NE2	2.955561323349873	HOH:524	O	4.5692479793293925	0.0	45.0	hbond_like			buried				0.0	0.0		unmodified	
P0DMV8	7GYL	A	66	THR_single	1	1	2.15	THR	139		1	1-380	1-380	THR	/mnt/c/Users/drpat/OneDrive - UGent/Desktop/PD/Phospho-fill/Validation-allPDB/pdb_cache/7gyl.cif	THR	THR	OG1	CB	ok			125.31692159430762					0.0	0.0	GLN:58	GLN	NE2	2.94175258486216	HOH:523	O	4.485358198882644	0.0	47.0	hbond_like			buried				0.0	0.0		unmodified	
P0DMV8	7GYM	A	66	THR_single	1	1	2.15	THR	140		1	1-380	1-380	THR	/mnt/c/Users/drpat/OneDrive - UGent/Desktop/PD/Phospho-fill/Validation-allPDB/pdb_cache/7gym.cif	THR	THR	OG1	CB	ok			124.63789746845096					0.0	0.0	GLN:58	GLN	NE2	2.965590130528192	HOH:527	O	4.514940951422433	0.0	46.0	hbond_like			buried				0.0	0.0		unmodified	
P0DMV8	7GYN	A	66	THR_single	1	1	2.15	THR	141		1	1-380	1-380	THR	/mnt/c/Users/drpat/OneDrive - UGent/Desktop/PD/Phospho-fill/Validation-allPDB/pdb_cache/7gyn.cif	THR	THR	OG1	CB	ok			124.80317858436898					0.0	0.0	GLN:58	GLN	NE2	2.9373825181741986	HOH:521	O	4.551712800646502	0.0	47.0	hbond_like			buried				0.0	0.0		unmodified	
P0DMV8	7GYO	A	66	THR_single	1	1	2.15	THR	142		1	1-380	1-380	THR	/mnt/c/Users/drpat/OneDrive - UGent/Desktop/PD/Phospho-fill/Validation-allPDB/pdb_cache/7gyo.cif	THR	THR	OG1	CB	ok			124.61557337004132					0.0	0.0	GLN:58	GLN	NE2	2.999324732480814	HOH:532	O	4.523268787843062	0.0	46.0	hbond_like			buried				0.0	0.0		unmodified	
P0DMV8	7GYP	A	66	THR_single	1	1	2.15	THR	143		1	1-380	1-380	THR	/mnt/c/Users/drpat/OneDrive - UGent/Desktop/PD/Phospho-fill/Validation-allPDB/pdb_cache/7gyp.cif	THR	THR	OG1	CB	ok			123.93988777475255					0.0	0.0	GLN:58	GLN	NE2	2.9259417156660064	HOH:530	O	4.651398441174264	0.0	46.0	hbond_like			buried				0.0	0.0		unmodified	
P0DMV8	7GYQ	A	66	THR_single	1	1	2.15	THR	144		1	1-380	1-380	THR	/mnt/c/Users/drpat/OneDrive - UGent/Desktop/PD/Phospho-fill/Validation-allPDB/pdb_cache/7gyq.cif	THR	THR	OG1	CB	ok			123.9930935229543					0.0	0.0	GLN:58	GLN	NE2	2.930750250390367	HOH:526	O	4.638186130113553	0.0	44.0	hbond_like			buried				0.0	0.0		unmodified	
P0DMV8	7GYR	A	66	THR_single	1	1	2.15	THR	145		1	1-380	1-380	THR	/mnt/c/Users/drpat/OneDrive - UGent/Desktop/PD/Phospho-fill/Validation-allPDB/pdb_cache/7gyr.cif	THR	THR	OG1	CB	ok			125.20863799122651					0.0	0.0	GLN:58	GLN	NE2	2.950024102004896	HOH:525	O	4.5621041034421	0.0	44.0	hbond_like			buried				0.0	0.0		unmodified	
P0DMV8	7GYS	A	66	THR_single	1	1	2.15	THR	146		1	1-380	1-380	THR	/mnt/c/Users/drpat/OneDrive - UGent/Desktop/PD/Phospho-fill/Validation-allPDB/pdb_cache/7gys.cif	THR	THR	OG1	CB	ok			125.10171193869456					0.0	0.0	GLN:58	GLN	NE2	2.9646623752290675	HOH:535	O	4.5618320416797795	0.0	44.0	hbond_like			buried				0.0	0.0		unmodified	
P0DMV8	7GYT	A	66	THR_single	1	1	2.15	THR	147		1	1-380	1-380	THR	/mnt/c/Users/drpat/OneDrive - UGent/Desktop/PD/Phospho-fill/Validation-allPDB/pdb_cache/7gyt.cif	THR	THR	OG1	CB	ok			124.71266839297758					0.0	0.0	GLN:58	GLN	NE2	2.9377484096128095	HOH:553	O	4.584646612361729	0.0	43.0	hbond_like			buried				0.0	0.0		unmodified	
P0DMV8	7GYU	A	66	THR_single	1	1	2.15	THR	148		1	1-380	1-380	THR	/mnt/c/Users/drpat/OneDrive - UGent/Desktop/PD/Phospho-fill/Validation-allPDB/pdb_cache/7gyu.cif	THR	THR	OG1	CB	ok			126.13980381431442					0.0	0.0	GLN:58	GLN	NE2	2.945023299756374	HOH:539	O	4.590402355415202	0.0	44.0	hbond_like			buried				0.0	0.0		unmodified	
P0DMV8	7GYV	A	66	THR_single	1	1	2.15	THR	149		1	1-380	1-380	THR	/mnt/c/Users/drpat/OneDrive - UGent/Desktop/PD/Phospho-fill/Validation-allPDB/pdb_cache/7gyv.cif	THR	THR	OG1	CB	ok			125.46302039595805					0.0	0.0	GLN:58	GLN	NE2	2.9378156167434115	HOH:543	O	4.603582613714496	0.0	44.0	hbond_like			buried				0.0	0.0		unmodified	
P0DMV8	7GYW	A	66	THR_single	1	1	2.15	THR	150		1	1-380	1-380	THR	/mnt/c/Users/drpat/OneDrive - UGent/Desktop/PD/Phospho-fill/Validation-allPDB/pdb_cache/7gyw.cif	THR	THR	OG1	CB	ok			123.08306472374552					0.0	0.0	GLN:58	GLN	NE2	2.9172292881502915	HOH:571	O	4.575954850661256	0.0	44.0	hbond_like			buried				0.0	0.0		unmodified	
P0DMV8	7GYX	A	66	THR_single	1	1	2.15	THR	151		1	1-380	1-380	THR	/mnt/c/Users/drpat/OneDrive - UGent/Desktop/PD/Phospho-fill/Validation-allPDB/pdb_cache/7gyx.cif	THR	THR	OG1	CB	ok			125.17017482317542					0.0	0.0	GLN:58	GLN	NE2	2.883995454049759	HOH:525	O	4.632923475328889	0.0	43.0	hbond_like			buried				0.0	0.0		unmodified	
P0DTC2	7JMO	A	345	THR_single	1	1	2.359	THR	178		1	334-526	334-526	THR	/mnt/c/Users/drpat/OneDrive - UGent/Desktop/PD/Phospho-fill/Validation-allPDB/pdb_cache/7jmo.cif	THR	THR	OG1	CB	ok			-5.0071804963249384	ARG:509	ARG	NH2	6.232646460123006	0.0	0.0	ARG:509	ARG	NH2	6.232646460123006				0.0	7.0	none_obvious			intermediate				0.0	0.0		unmodified	
P0DTC2	7JMP	A	345	THR_single	1	1	1.712	THR	179		1	338-359,366-369,371-384,392-516	338-359,366-369,371-384,392-516	THR	/mnt/c/Users/drpat/OneDrive - UGent/Desktop/PD/Phospho-fill/Validation-allPDB/pdb_cache/7jmp.cif	THR	THR	OG1	CB	ok			134.10546279697834	ARG:509	ARG	NH1	6.751913091892356	0.0	0.0	ARG:509	ARG	NH1	6.751913091892356				0.0	9.0	none_obvious			intermediate				0.0	0.0		unmodified	
P0DTC2	7JWY	B	345	THR_single	1	1	2.5	THR	180		1	27-69,80-143,154-172,186-251,265-444,447-676,689-1147	27-69,80-143,154-172,186-251,265-444,447-676,689-1147	THR	/mnt/c/Users/drpat/OneDrive - UGent/Desktop/PD/Phospho-fill/Validation-allPDB/pdb_cache/7jwy.cif	THR	THR	OG1	CB	ok			128.5100832285348	ARG:509	ARG	NH1	7.391307376074738	0.0	0.0	ARG:509	ARG	NH1	7.391307376074738				0.0	9.0	none_obvious			intermediate				0.0	0.0		unmodified	
P0DTC2	7KFV	A	345	THR_single	1	1	2.102	THR	181		1	334-528	334-528	THR	/mnt/c/Users/drpat/OneDrive - UGent/Desktop/PD/Phospho-fill/Validation-allPDB/pdb_cache/7kfv.cif	THR	THR	OG1	CB	ok			117.77997841371013	ARG:346	ARG	NH1	4.979652303646668	0.0	1.0	ARG:346	ARG	NH1	4.979652303646668	HOH:792	O	4.7176799588985165	0.0	12.0	none_obvious			intermediate				0.0	0.0		unmodified	
P0DTC2	7KFX	A	345	THR_single	1	1	2.226	THR	182		1	334-528	334-528	THR	/mnt/c/Users/drpat/OneDrive - UGent/Desktop/PD/Phospho-fill/Validation-allPDB/pdb_cache/7kfx.cif	THR	THR	OG1	CB	ok			-99.96539596917586	ARG:346	ARG	NE	5.795475581530262	0.0	1.0	ARG:346	ARG	NE	5.795475581530262				0.0	11.0	none_obvious			intermediate				0.0	0.0		unmodified	
P0DTC2	7KFY	A	345	THR_single	1	1	2.157	THR	183		1	334-528	334-528	THR	/mnt/c/Users/drpat/OneDrive - UGent/Desktop/PD/Phospho-fill/Validation-allPDB/pdb_cache/7kfy.cif	THR	THR	OG1	CB	ok			97.99617409097485	ARG:346	ARG	NE	6.609355361855743	0.0	0.0	ARG:346	ARG	NE	6.609355361855743	HOH:714	O	7.46637468788697	0.0	7.0	none_obvious			intermediate				0.0	0.0		unmodified	
P0DTC2	7KGJ	A	345	THR_single	1	1	2.3	THR	184		1	333-528	333-528	THR	/mnt/c/Users/drpat/OneDrive - UGent/Desktop/PD/Phospho-fill/Validation-allPDB/pdb_cache/7kgj.cif	THR	THR	OG1	CB	ok			-125.02566403868421	ARG:509	ARG	NH2	7.089729391259796	0.0	0.0	ARG:509	ARG	NH2	7.089729391259796	HOH:666	O	3.205029879943038	1.0	11.0	water_mediated_like			intermediate				0.0	0.0		unmodified	
P0DTC2	7KMG	C	345	THR_single	1	1	2.16	THR	185		1	334-526	334-526	THR	/mnt/c/Users/drpat/OneDrive - UGent/Desktop/PD/Phospho-fill/Validation-allPDB/pdb_cache/7kmg.cif	THR	THR	OG1	CB	ok			-130.59179040419667	ARG:509	ARG	NH1	6.933423860854993	0.0	0.0	ARG:509	ARG	NH1	6.933423860854993				0.0	10.0	none_obvious			intermediate				0.0	0.0		unmodified	
P0DTC2	7KMH	C	345	THR_single	1	1	1.72	THR	186		1	334-527	334-527	THR	/mnt/c/Users/drpat/OneDrive - UGent/Desktop/PD/Phospho-fill/Validation-allPDB/pdb_cache/7kmh.cif	THR	THR	OG1	CB	ok			126.32387609257141	ARG:346	ARG	NE	6.698488853099069	0.0	0.0	ARG:346	ARG	NE	6.698488853099069	HOH:719	O	2.6613083475449217	1.0	8.0	water_mediated_like			intermediate				0.0	0.0		unmodified	
P0DTC2	7KMI	C	345	THR_single	1	1	1.73	THR	187		1	334-527	334-527	THR	/mnt/c/Users/drpat/OneDrive - UGent/Desktop/PD/Phospho-fill/Validation-allPDB/pdb_cache/7kmi.cif	THR	THR	OG1	CB	ok			132.78347978307025	ARG:346	ARG	NH1	5.850047017727301	0.0	1.0	ARG:346	ARG	NH1	5.850047017727301	HOH:739	O	4.125795102037819	0.0	11.0	none_obvious			intermediate				0.0	0.0		unmodified	
P0DTC2	7KN3	B	345	THR_single	1	1	2.251	THR	188		1	333-528	333-528	THR	/mnt/c/Users/drpat/OneDrive - UGent/Desktop/PD/Phospho-fill/Validation-allPDB/pdb_cache/7kn3.cif	THR	THR	OG1	CB	ok			117.80254301418051	ARG:346	ARG	NH1	5.283365947420488	0.0	1.0	ARG:346	ARG	NH1	5.283365947420488				0.0	12.0	none_obvious			intermediate				0.0	0.0		unmodified	
P0DTC2	7KN5	A	345	THR_single	1	1	1.87	THR	189		1	334-528	334-528	THR	/mnt/c/Users/drpat/OneDrive - UGent/Desktop/PD/Phospho-fill/Validation-allPDB/pdb_cache/7kn5.cif	THR	THR	OG1	CB	ok			124.87509027603993	ARG:346	ARG	NE	6.654770254617838	0.0	0.0	ARG:346	ARG	NE	6.654770254617838	HOH:722	O	3.968179463419404	1.0	10.0	none_obvious			intermediate				0.0	0.0		unmodified	
P0DTC2	7KQB	A	345	THR_single	1	1	2.42	THR	190		1	14-70,76-624,633-676,689-827,853-940,944-1146	14-70,76-624,633-676,689-827,853-940,944-1146	THR	/mnt/c/Users/drpat/OneDrive - UGent/Desktop/PD/Phospho-fill/Validation-allPDB/pdb_cache/7kqb.cif	THR	THR	OG1	CB	ok			-126.46710893748964	ARG:509	ARG	NH2	6.965310437395951	0.0	0.0	ARG:509	ARG	NH2	6.965310437395951				0.0	12.0	none_obvious			intermediate				0.0	0.0		unmodified	
O15075	7KX6	A	484	THR_single	1	1	2.5	THR	57		1	381-398,401-425,431-590,594-648	381-398,401-425,431-590,594-648	THR	/mnt/c/Users/drpat/OneDrive - UGent/Desktop/PD/Phospho-fill/Validation-allPDB/pdb_cache/7kx6.cif	THR	THR	OG1	CB	ok			-109.57727514135455					0.0	0.0	ASP:487	ASP	OD2	3.860911643817353	HOH:837	O	3.5683585439155903	1.0	22.0	none_obvious			intermediate				0.0	0.0		unmodified	
Q92918	7L26	B	165	THR_single	1	1	2.3	THR	450		2	8-24,30-156,159-167,173-294	8-24,30-156,159-167,173-294	THR	/mnt/c/Users/drpat/OneDrive - UGent/Desktop/PD/Phospho-fill/Validation-allPDB/pdb_cache/7l26.cif	THR	THR	OG1	CB	ok			-125.63616602604384					0.0	0.0	SER:159	SER	OG	7.317898851549567	HOH:443	O	7.6482477625197705	0.0	32.0	none_obvious			buried				0.0	0.0		unmodified	
P0DTC2	7LDJ	A	345	THR_single	1	1	2.36	THR	191		1	331-518,520-527	334-516,520-527	THR	/mnt/c/Users/drpat/OneDrive - UGent/Desktop/PD/Phospho-fill/Validation-allPDB/pdb_cache/7ldj.cif	THR	THR	OG1	CB	ok			-121.11569710829687	ARG:346	ARG	NE	5.763307935854293	0.0	1.0	ARG:346	ARG	NE	5.763307935854293				0.0	12.0	none_obvious			intermediate				0.0	0.0		unmodified	
P0DTC2	7LM8	A	345	THR_single	1	1	1.936	THR	192		1	334-529	334-529	THR	/mnt/c/Users/drpat/OneDrive - UGent/Desktop/PD/Phospho-fill/Validation-allPDB/pdb_cache/7lm8.cif	THR	THR	OG1	CB	ok			116.56323037329435	ARG:509	ARG	NH1	6.879915130926276	0.0	0.0	ARG:509	ARG	NH1	6.879915130926276	HOH:727	O	2.6563425525765867	4.0	8.0	water_mediated_like			exposed				0.0	0.0		unmodified	
P0DTC2	7LO4	B	345	THR_single	1	1	2.465	THR	193		1	333-530	333-530	THR	/mnt/c/Users/drpat/OneDrive - UGent/Desktop/PD/Phospho-fill/Validation-allPDB/pdb_cache/7lo4.cif	THR	THR	OG1	CB	ok			113.48395496102795	ARG:509	ARG	NH1	6.831526644936095	0.0	0.0	ARG:509	ARG	NH1	6.831526644936095	HOH:707	O	7.982591170968965	0.0	8.0	none_obvious			intermediate				0.0	0.0		unmodified	
P0DTC2	7LXY	A	345	THR_single	1	1	2.2	THR	194		1	14-18,27-66,77-176,187-250,264-621,641-675,690-826,850-1145	14-18,27-66,77-176,187-250,264-621,641-675,690-826,850-1145	THR	/mnt/c/Users/drpat/OneDrive - UGent/Desktop/PD/Phospho-fill/Validation-allPDB/pdb_cache/7lxy.cif	THR	THR	OG1	CB	ok			128.7965034941277	ARG:509	ARG	NH1	7.098138037329797	0.0	0.0	ARG:509	ARG	NH1	7.098138037329797				0.0	9.0	none_obvious			intermediate				0.0	0.0		unmodified	
P0DTC2	7LY2	A	345	THR_single	1	1	2.5	THR	195		1	14-20,27-67,76-176,187-255,263-518,520-621,641-675,690-826,853-1145	14-20,27-67,76-176,187-255,263-518,520-621,641-675,690-826,853-1145	THR	/mnt/c/Users/drpat/OneDrive - UGent/Desktop/PD/Phospho-fill/Validation-allPDB/pdb_cache/7ly2.cif	THR	THR	OG1	CB	ok			118.28638427174837	ARG:509	ARG	NH1	7.162034189937117	0.0	0.0	ARG:509	ARG	NH1	7.162034189937117				0.0	8.0	none_obvious			intermediate				0.0	0.0		unmodified	
P0DTC2	7MF1	A	345	THR_single	1	1	2.092	THR	196		1	334-527	334-527	THR	/mnt/c/Users/drpat/OneDrive - UGent/Desktop/PD/Phospho-fill/Validation-allPDB/pdb_cache/7mf1.cif	THR	THR	OG1	CB	ok			134.72117002605563	ARG:509	ARG	NH1	6.95572248032723	0.0	0.0	ARG:509	ARG	NH1	6.95572248032723	HOH:716	O	3.7165138401282345	1.0	9.0	none_obvious			intermediate				0.0	0.0		unmodified	
P0DTC2	7MFU	A	345	THR_single	1	1	1.7	THR	197		1	332-528	332-528	THR	/mnt/c/Users/drpat/OneDrive - UGent/Desktop/PD/Phospho-fill/Validation-allPDB/pdb_cache/7mfu.cif	THR	THR	OG1	CB	ok			115.6347867951411	ARG:509	ARG	NH1	6.623454675166563	0.0	0.0	ARG:509	ARG	NH1	6.623454675166563	HOH:869	O	4.000506903997877	0.0	8.0	none_obvious			intermediate				0.0	0.0		unmodified	
P0DTC2	7MMO	C	345	THR_single	1	1	2.427	THR	198		1	334-527	334-527	THR	/mnt/c/Users/drpat/OneDrive - UGent/Desktop/PD/Phospho-fill/Validation-allPDB/pdb_cache/7mmo.cif	THR	THR	OG1	CB	ok			-1.7098785809569002	ARG:346	ARG	NH1	3.2410629648828073	1.0	1.0	ARG:346	ARG	NH1	3.2410629648828073				0.0	11.0	salt_bridge_like			intermediate				0.0	0.0		unmodified	
P0DTC2	7MSQ	A	345	THR_single	1	1	2.29	THR	199		1	334-528	334-528	THR	/mnt/c/Users/drpat/OneDrive - UGent/Desktop/PD/Phospho-fill/Validation-allPDB/pdb_cache/7msq.cif	THR	THR	OG1	CB	ok			141.88667293246277	ARG:346	ARG	NH1	5.0076234608957	0.0	1.0	ARG:346	ARG	NH1	5.0076234608957				0.0	12.0	none_obvious			intermediate				0.0	0.0		unmodified	
P0DTC2	7MZF	A	345	THR_single	1	1	2.493	THR	200		1	334-527	334-527	THR	/mnt/c/Users/drpat/OneDrive - UGent/Desktop/PD/Phospho-fill/Validation-allPDB/pdb_cache/7mzf.cif	THR	THR	OG1	CB	ok			-134.26522233392913	ARG:509	ARG	NH1	6.466577715722324	0.0	0.0	ARG:509	ARG	NH1	6.466577715722324	HOH:743	O	3.435758617144115	1.0	10.0	water_mediated_like			intermediate				0.0	0.0		unmodified	
P0DTC2	7MZH	A	345	THR_single	1	1	2.1	THR	201		1	333-527	333-527	THR	/mnt/c/Users/drpat/OneDrive - UGent/Desktop/PD/Phospho-fill/Validation-allPDB/pdb_cache/7mzh.cif	THR	THR	OG1	CB	ok			140.61809480771564	ARG:346	ARG	NH1	6.977598009099977	0.0	0.0	ARG:346	ARG	NH1	6.977598009099977				0.0	10.0	none_obvious			intermediate				0.0	0.0		unmodified	
P0DTC2	7MZK	B	345	THR_single	1	1	2.25	THR	202		1	334-527	334-527	THR	/mnt/c/Users/drpat/OneDrive - UGent/Desktop/PD/Phospho-fill/Validation-allPDB/pdb_cache/7mzk.cif	THR	THR	OG1	CB	ok			116.50250530115173	ARG:509	ARG	NH1	6.779667709962718	0.0	0.0	ARG:509	ARG	NH1	6.779667709962718	HOH:771	O	2.869234106140102	1.0	9.0	water_mediated_like			intermediate				0.0	0.0		unmodified	
P0DTC2	7N4I	C	345	THR_single	1	1	2.284	THR	203		1	334-527	334-527	THR	/mnt/c/Users/drpat/OneDrive - UGent/Desktop/PD/Phospho-fill/Validation-allPDB/pdb_cache/7n4i.cif	THR	THR	OG1	CB	ok			-128.53446094136515	ARG:346	ARG	NH2	4.393564037131179	0.0	1.0	ARG:346	ARG	NH2	4.393564037131179	HOH:641	O	7.5990914210144025	0.0	16.0	none_obvious			intermediate				0.0	0.0		unmodified	
P0DTC2	7N4J	A	345	THR_single	1	1	2.207	THR	204		1	331-527	331-527	THR	/mnt/c/Users/drpat/OneDrive - UGent/Desktop/PD/Phospho-fill/Validation-allPDB/pdb_cache/7n4j.cif	THR	THR	OG1	CB	ok			-12.56871523038695	ARG:346	ARG	NE	5.756254547379886	0.0	1.0	ARG:346	ARG	NE	5.756254547379886	HOH:668	O	7.405411876786485	0.0	9.0	none_obvious			intermediate				0.0	0.0		unmodified	
P0DTC2	7N8H	A	345	THR_single	1	1	2.3	THR	205		1	27-67,81-137,158-176,186-242,264-621,641-675,690-826,851-1145	27-67,81-137,158-176,186-242,264-621,641-675,690-826,851-1145	THR	/mnt/c/Users/drpat/OneDrive - UGent/Desktop/PD/Phospho-fill/Validation-allPDB/pdb_cache/7n8h.cif	THR	THR	OG1	CB	ok			120.13946841847036	ARG:509	ARG	NH1	7.008996396046344	0.0	0.0	ARG:509	ARG	NH1	7.008996396046344				0.0	8.0	none_obvious			intermediate				0.0	0.0		unmodified	
P31749	7NH4	A	308	THR_single	1	1	2.3	THR	333		3	4-44,48-112,144-186,205-301,308-444	4-44,48-112,144-186,205-301,308-444	THR	/mnt/c/Users/drpat/OneDrive - UGent/Desktop/PD/Phospho-fill/Validation-allPDB/pdb_cache/7nh4.cif	THR	THR	OG1	CB	ok			117.43240917432335	LYS:20	LYS	CE	6.995633157682533	0.0	0.0								0.0	15.0	none_obvious			intermediate				0.0	0.0		unmodified	
Q9NZQ7	7NLD	B	127	THR_single	1	1	2.3	THR	501		1	18-134	18-134	THR	/mnt/c/Users/drpat/OneDrive - UGent/Desktop/PD/Phospho-fill/Validation-allPDB/pdb_cache/7nld.cif	THR	THR	OG1	CB	ok			108.19266182974727	ARG:125	ARG	NE	7.169608696003994	0.0	0.0	ARG:125	ARG	NE	7.169608696003994	HOH:209	O	6.30855031131175	0.0	21.0	none_obvious			intermediate				0.0	0.0		unmodified	
Q9NZQ7	7OUN	A	127	THR_single	1	1	1.9	THR	502		1	18-134	18-134	THR	/mnt/c/Users/drpat/OneDrive - UGent/Desktop/PD/Phospho-fill/Validation-allPDB/pdb_cache/7oun.cif	THR	THR	OG1	CB	ok			105.16765535695541					0.0	0.0	ASP:26	ASP	OD2	7.075752030036644	HOH:234	O	6.1332060280082485	0.0	20.0	none_obvious			intermediate				0.0	0.0		unmodified	
P48730	7P7H	A	220	THR_single	1	1	2.4	THR	390		2	3-294	3-294	THR	/mnt/c/Users/drpat/OneDrive - UGent/Desktop/PD/Phospho-fill/Validation-allPDB/pdb_cache/7p7h.cif	THR	THR	OG1	CB	ok			119.0567576890042					0.0	0.0	GLN:223	GLN	OE1	3.329979913347402				0.0	17.0	hbond_like			intermediate				0.0	0.0		unmodified	
P0DTC2	7PS4	A	345	THR_single	1	1	1.94	THR	206		1	333-526	333-526	THR	/mnt/c/Users/drpat/OneDrive - UGent/Desktop/PD/Phospho-fill/Validation-allPDB/pdb_cache/7ps4.cif	THR	THR	OG1	CB	ok			-121.57893502755127	ARG:346	ARG	NE	4.837676874360856	0.0	1.0	ARG:346	ARG	NE	4.837676874360856				0.0	14.0	none_obvious			intermediate				0.0	0.0		unmodified	
P0DTC2	7Q3R	A	345	THR_single	1	1	1.92	THR	207		1	334-370,373-528	334-370,373-528	THR	/mnt/c/Users/drpat/OneDrive - UGent/Desktop/PD/Phospho-fill/Validation-allPDB/pdb_cache/7q3r.cif	THR	THR	OG1	CB	ok			-124.60350979337157	ARG:346	ARG	NE	3.7044972630318913	1.0	1.0	ARG:346	ARG	NE	3.7044972630318913	HOH:784	O	3.268514300066655	3.0	16.0	water_mediated_like			exposed				0.0	0.0		unmodified	
P0DMV8	7Q4R	A	66	THR_single	1	1	1.79	THR	152		1	2-380	2-380	THR	/mnt/c/Users/drpat/OneDrive - UGent/Desktop/PD/Phospho-fill/Validation-allPDB/pdb_cache/7q4r.cif	THR	THR	OG1	CB	ok			118.23297750894571					0.0	0.0	GLN:58	GLN	OE1	2.927190410238446	HOH:539	O	4.766259224587425	0.0	46.0	hbond_like			buried				0.0	0.0		unmodified	
P0DTC2	7QF0	A	345	THR_single	1	1	2.3	THR	208		1	334-528	334-528	THR	/mnt/c/Users/drpat/OneDrive - UGent/Desktop/PD/Phospho-fill/Validation-allPDB/pdb_cache/7qf0.cif	THR	THR	OG1	CB	ok			-131.93981290671488	ARG:346	ARG	NE	5.854504614464051	0.0	1.0	ARG:346	ARG	NE	5.854504614464051				0.0	13.0	none_obvious			intermediate				0.0	0.0		unmodified	
P48730	7QR9	B	220	THR_single	1	1	2.3	THR	391		2	2-18,21-294	2-18,21-294	THR	/mnt/c/Users/drpat/OneDrive - UGent/Desktop/PD/Phospho-fill/Validation-allPDB/pdb_cache/7qr9.cif	THR	THR	OG1	CB	ok			-101.76183105059256	ARG:222	ARG	NH2	3.943091939000752	1.0	1.0	ARG:222	ARG	NH2	3.943091939000752	HOH:450	O	5.800018639891411	0.0	32.0	none_obvious			buried				0.0	0.0		unmodified	
P48730	7QRA	A	220	THR_single	1	1	2.4	THR	392		2	3-17,21-294	3-17,21-294	THR	/mnt/c/Users/drpat/OneDrive - UGent/Desktop/PD/Phospho-fill/Validation-allPDB/pdb_cache/7qra.cif	THR	THR	OG1	CB	ok			-115.27764471625285	ARG:222	ARG	NH2	6.3127566656079335	0.0	0.0	GLN:223	GLN	OE1	3.7538155055288467				0.0	26.0	none_obvious			buried				0.0	0.0		unmodified	
P0DTC2	7QUS	A	345	THR_single	1	1	2.39	THR	209		1	14-618,632-676,689-1139	14-618,632-676,689-1139	THR	/mnt/c/Users/drpat/OneDrive - UGent/Desktop/PD/Phospho-fill/Validation-allPDB/pdb_cache/7qus.cif	THR	THR	OG1	CB	ok			118.12147238103597	ARG:509	ARG	NH2	6.874330495312112	0.0	0.0	ARG:509	ARG	NH2	6.874330495312112				0.0	8.0	none_obvious			intermediate				0.0	0.0		unmodified	
P0DTC2	7S4S	A	345	THR_single	1	1	2.05	THR	210		1	334-526	334-526	THR	/mnt/c/Users/drpat/OneDrive - UGent/Desktop/PD/Phospho-fill/Validation-allPDB/pdb_cache/7s4s.cif	THR	THR	OG1	CB	ok			124.0119370898957	ARG:509	ARG	NH1	6.870833202044196	0.0	0.0	ARG:509	ARG	NH1	6.870833202044196	HOH:1182	O	6.119195848471883	0.0	9.0	none_obvious			intermediate				0.0	0.0		unmodified	
P0DTC2	7S5R	A	345	THR_single	1	1	2.45	THR	211		1	334-529	334-529	THR	/mnt/c/Users/drpat/OneDrive - UGent/Desktop/PD/Phospho-fill/Validation-allPDB/pdb_cache/7s5r.cif	THR	THR	OG1	CB	ok			120.795198527719	ARG:346	ARG	NH2	4.96784206175429	0.0	1.0	ARG:346	ARG	NH2	4.96784206175429	HOH:759	O	3.5625486379951816	1.0	14.0	none_obvious			intermediate				0.0	0.0		unmodified	
P0DTC2	7SD5	A	345	THR_single	1	1	1.53	THR	212		1	335-527	335-527	THR	/mnt/c/Users/drpat/OneDrive - UGent/Desktop/PD/Phospho-fill/Validation-allPDB/pdb_cache/7sd5.cif	THR	THR	OG1	CB	ok			-123.94096933282896	ARG:346	ARG	NE	6.284741053283508	0.0	0.0	ARG:346	ARG	NE	6.284741053283508	HOH:718	O	3.151640313940923	2.0	12.0	water_mediated_like			exposed				0.0	0.0		unmodified	
Q9NZQ7	7SJQ	A	127	THR_single	1	1	2.0	THR	503		1	18-134	18-134	THR	/mnt/c/Users/drpat/OneDrive - UGent/Desktop/PD/Phospho-fill/Validation-allPDB/pdb_cache/7sjq.cif	THR	THR	OG1	CB	ok			122.94592236987599	ARG:125	ARG	NH2	5.016574061884838	0.0	2.0	ARG:125	ARG	NH2	5.016574061884838	HOH:371	O	4.755929189769915	0.0	25.0	none_obvious			buried				0.0	0.0		unmodified	
P0DTC2	7SO9	A	345	THR_single	1	1	2.4	THR	213		1	14-18,23-69,78-145,150-156,159-176,186-244,263-518,520-621,641-675,690-826,856-1145	14-18,23-69,78-145,150-156,159-176,186-244,263-518,520-621,641-675,690-826,856-1145	THR	/mnt/c/Users/drpat/OneDrive - UGent/Desktop/PD/Phospho-fill/Validation-allPDB/pdb_cache/7so9.cif	THR	THR	OG1	CB	ok			119.59914694047383	ARG:509	ARG	NH1	7.13601373437328	0.0	0.0	ARG:509	ARG	NH1	7.13601373437328				0.0	8.0	none_obvious			intermediate				0.0	0.0		unmodified	
P0DTC2	7SOB	A	345	THR_single	1	1	2.4	THR	214		1	14-18,23-67,80-144,153-177,186-246,263-621,641-675,690-826,853-1145	14-18,23-67,80-144,153-177,186-246,263-621,641-675,690-826,853-1145	THR	/mnt/c/Users/drpat/OneDrive - UGent/Desktop/PD/Phospho-fill/Validation-allPDB/pdb_cache/7sob.cif	THR				missing_anchor_or_base																														
P0DTC2	7SPO	A	345	THR_single	1	1	1.92	THR	215		1	334-529	334-529	THR	/mnt/c/Users/drpat/OneDrive - UGent/Desktop/PD/Phospho-fill/Validation-allPDB/pdb_cache/7spo.cif	THR	THR	OG1	CB	ok			-128.5874466210566	ARG:346	ARG	NE	6.4249777503293215	0.0	0.0	ARG:346	ARG	NE	6.4249777503293215	HOH:771	O	3.2012204651468763	2.0	12.0	water_mediated_like			exposed				0.0	0.0		unmodified	
P0DTC2	7SPP	A	345	THR_single	1	1	1.96	THR	216		1	334-528	334-528	THR	/mnt/c/Users/drpat/OneDrive - UGent/Desktop/PD/Phospho-fill/Validation-allPDB/pdb_cache/7spp.cif	THR	THR	OG1	CB	ok			108.75530986669618	ARG:509	ARG	NH1	6.571756046568571	0.0	0.0	ARG:509	ARG	NH1	6.571756046568571	HOH:781	O	5.590544519492554	0.0	8.0	none_obvious			intermediate				0.0	0.0		unmodified	
P49841	7SXH	A	277	THR_single	1	1	2.09	THR	418		3	37-119,123-148,151-288,290-383	37-119,123-148,151-288,290-383	THR	/mnt/c/Users/drpat/OneDrive - UGent/Desktop/PD/Phospho-fill/Validation-allPDB/pdb_cache/7sxh.cif	THR	THR	OG1	CB	ok			-117.30085867039041	ARG:282	ARG	NH1	7.63622050826873	0.0	0.0	GLN:280	GLN	OE1	3.3411448900987732	HOH:637	O	6.862038760245115	0.0	23.0	hbond_like			intermediate	PTR:216	PTR	25.824464346201943	0.0	0.0		unmodified	
P49841	7SXJ	A	277	THR_single	1	1	1.85	THR	419		3	34-63,67-120,122-383	34-63,67-120,122-383	THR	/mnt/c/Users/drpat/OneDrive - UGent/Desktop/PD/Phospho-fill/Validation-allPDB/pdb_cache/7sxj.cif	THR	THR	OG1	CB	ok			-112.9754610530676					0.0	0.0	GLN:280	GLN	OE1	3.593969953013638	HOH:526	O	2.648792117219643	1.0	23.0	water_mediated_like			intermediate	PTR:216	PTR	25.61547775026001	0.0	0.0		unmodified	
P0DTC2	7SXT	A	345	THR_single	1	1	2.31	THR	217		1	14-69,77-145,153-176,185-247,257-620,641-675,691-827,856-1147	14-69,77-145,153-176,185-247,257-620,641-675,691-827,856-1147	THR	/mnt/c/Users/drpat/OneDrive - UGent/Desktop/PD/Phospho-fill/Validation-allPDB/pdb_cache/7sxt.cif	THR	THR	OG1	CB	ok			113.75301246036739	ARG:346	ARG	NE	6.96810259039912	0.0	0.0	ARG:346	ARG	NE	6.96810259039912				0.0	7.0	none_obvious			intermediate				0.0	0.0		unmodified	
P0DTC2	7T9K	A	345	THR_single	1	1	2.45	THR	218		1	14-68,77-141,145,153-176,185-210,215-247,257-620,641-675,691-827,856-1147	14-68,77-141,145,153-176,185-209,215-247,257-620,641-675,691-827,856-1147	THR	/mnt/c/Users/drpat/OneDrive - UGent/Desktop/PD/Phospho-fill/Validation-allPDB/pdb_cache/7t9k.cif	THR	THR	OG1	CB	ok			-118.71450909737769	ARG:509	ARG	NH2	6.656829997480642	0.0	0.0	ARG:509	ARG	NH2	6.656829997480642				0.0	10.0	none_obvious			intermediate				0.0	0.0		unmodified	
P0DTC2	7TEY	C	345	THR_single	1	1	2.25	THR	219		1	14-69,77-145,156,159-176,185-247,257-620,641-675,691-827,856-1147	14-69,77-145,156,159-176,185-247,257-620,641-675,691-827,856-1147	THR	/mnt/c/Users/drpat/OneDrive - UGent/Desktop/PD/Phospho-fill/Validation-allPDB/pdb_cache/7tey.cif	THR	THR	OG1	CB	ok			-133.57834572988384	ARG:509	ARG	NH2	6.42502547128781	0.0	0.0	ARG:509	ARG	NH2	6.42502547128781				0.0	12.0	none_obvious			intermediate				0.0	0.0		unmodified	
P0DTC2	7TF3	C	345	THR_single	1	1	2.25	THR	220		1	14-69,77-145,158-176,185-247,257-620,641-675,691-827,856-1147	14-69,77-145,158-176,185-247,257-620,641-675,691-827,856-1147	THR	/mnt/c/Users/drpat/OneDrive - UGent/Desktop/PD/Phospho-fill/Validation-allPDB/pdb_cache/7tf3.cif	THR	THR	OG1	CB	ok			-133.40677652068493	ARG:346	ARG	NE	6.464172427052237	0.0	0.0	ARG:346	ARG	NE	6.464172427052237				0.0	12.0	none_obvious			intermediate				0.0	0.0		unmodified	
P0DTC2	7TPI	A	345	THR_single	1	1	2.3	THR	221		1	27-65,81-133,138-140,157-159,165-175,187-242,264-442,449-474,491-495,505-516,520-621,641-675,690-826,853-1145	27-65,81-133,138-140,157-159,165-175,187-242,264-442,449-474,491-495,505-516,520-621,641-675,690-826,853-1145	THR	/mnt/c/Users/drpat/OneDrive - UGent/Desktop/PD/Phospho-fill/Validation-allPDB/pdb_cache/7tpi.cif	THR				missing_anchor_or_base																														
P0DTC2	7TPR	A	345	THR_single	1	1	2.39	THR	222		1	15-1159	15-1159	THR	/mnt/c/Users/drpat/OneDrive - UGent/Desktop/PD/Phospho-fill/Validation-allPDB/pdb_cache/7tpr.cif	THR	THR	OG1	CB	ok			-118.62000629674853	ARG:346	ARG	NE	6.301543492189962	0.0	0.0	ARG:346	ARG	NE	6.301543492189962				0.0	11.0	none_obvious			intermediate				0.0	0.0		unmodified	
P0DTC2	7U8E	A	345	THR_single	1	1	2.29	THR	223		1	333-527	333-527	THR	/mnt/c/Users/drpat/OneDrive - UGent/Desktop/PD/Phospho-fill/Validation-allPDB/pdb_cache/7u8e.cif	THR	THR	OG1	CB	ok			-121.50278991983599	ARG:346	ARG	NE	5.326198607935575	0.0	1.0	ARG:346	ARG	NE	5.326198607935575	HOH:706	O	2.4041661672400036	1.0	12.0	water_mediated_like			intermediate				0.0	0.0		unmodified	
P0DTC2	7UL0	A	345	THR_single	1	1	2.49	THR	224		1	334-527	334-527	THR	/mnt/c/Users/drpat/OneDrive - UGent/Desktop/PD/Phospho-fill/Validation-allPDB/pdb_cache/7ul0.cif	THR	THR	OG1	CB	ok			120.52492227429204	ARG:509	ARG	NH1	7.238482936294468	0.0	0.0	ARG:509	ARG	NH1	7.238482936294468	HOH:606	O	6.169157515313265	0.0	8.0	none_obvious			intermediate				0.0	0.0		unmodified	
P0DTC2	7URQ	A	345	THR_single	1	1	2.05	THR	225		1	334-529	334-529	THR	/mnt/c/Users/drpat/OneDrive - UGent/Desktop/PD/Phospho-fill/Validation-allPDB/pdb_cache/7urq.cif	THR	THR	OG1	CB	ok			119.79794075474977	ARG:509	ARG	NH1	7.049948922930302	0.0	0.0	ARG:509	ARG	NH1	7.049948922930302	HOH:1107	O	7.299776580506652	0.0	10.0	none_obvious			intermediate				0.0	0.0		unmodified	
P0DTC2	7URS	A	345	THR_single	1	1	2.4	THR	226		1	336-518,521-526	336-518,521-526	THR	/mnt/c/Users/drpat/OneDrive - UGent/Desktop/PD/Phospho-fill/Validation-allPDB/pdb_cache/7urs.cif	THR	THR	OG1	CB	ok			103.55933982623472	ARG:509	ARG	NH1	6.878488342227084	0.0	0.0	ARG:509	ARG	NH1	6.878488342227084				0.0	7.0	none_obvious			intermediate				0.0	0.0		unmodified	
Q9NZQ7	7UXO	A	127	THR_single	1	1	2.25	THR	504		1	18-134	18-134	THR	/mnt/c/Users/drpat/OneDrive - UGent/Desktop/PD/Phospho-fill/Validation-allPDB/pdb_cache/7uxo.cif	THR	THR	OG1	CB	ok			104.19039242013953	LYS:129	LYS	NZ	6.386782714632147	0.0	0.0	LYS:129	LYS	NZ	6.386782714632147				0.0	23.0	none_obvious			intermediate				0.0	0.0		unmodified	
P0DTC2	7UZC	A	345	THR_single	1	1	2.2	THR	227		1	333-528	333-528	THR	/mnt/c/Users/drpat/OneDrive - UGent/Desktop/PD/Phospho-fill/Validation-allPDB/pdb_cache/7uzc.cif	THR	THR	OG1	CB	ok			128.26713048889349	ARG:346	ARG	NH1	5.033684400066112	0.0	1.0	ARG:346	ARG	NH1	5.033684400066112	HOH:661	O	3.7029368180539444	1.0	12.0	none_obvious			intermediate				0.0	0.0		unmodified	
P0DTC2	7VNB	B	345	THR_single	1	1	2.27	THR	228		1	328-531	328-531	THR	/mnt/c/Users/drpat/OneDrive - UGent/Desktop/PD/Phospho-fill/Validation-allPDB/pdb_cache/7vnb.cif	THR	THR	OG1	CB	ok			123.00527368173698	ARG:509	ARG	NH1	6.987562840421601	0.0	0.0	ARG:509	ARG	NH1	6.987562840421601	HOH:782	O	2.924506369182486	1.0	9.0	water_mediated_like			intermediate				0.0	0.0		unmodified	
P0DTC2	7VOA	B	345	THR_single	1	1	1.8	THR	229		1	333-528	333-528	THR	/mnt/c/Users/drpat/OneDrive - UGent/Desktop/PD/Phospho-fill/Validation-allPDB/pdb_cache/7voa.cif	THR	THR	OG1	CB	ok			-108.82825733443916	ARG:346	ARG	NH1	3.3556498463805156	1.0	1.0	ARG:346	ARG	NH1	3.3556498463805156	HOH:774	O	3.028321985541106	1.0	15.0	salt_bridge_like			intermediate				0.0	0.0		unmodified	
P0DTC2	7VYR	C	345	THR_single	1	1	2.2	THR	230		1	336-521	336-521	THR	/mnt/c/Users/drpat/OneDrive - UGent/Desktop/PD/Phospho-fill/Validation-allPDB/pdb_cache/7vyr.cif	THR	THR	OG1	CB	ok			128.51978890952623	ARG:509	ARG	NH1	6.81007645090343	0.0	0.0	ARG:509	ARG	NH1	6.81007645090343	HOH:606	O	7.015732091583984	0.0	10.0	none_obvious			intermediate				0.0	0.0		unmodified	
P0DTC2	7W1S	A	345	THR_single	1	1	1.997	THR	231		1	334-527	334-527	THR	/mnt/c/Users/drpat/OneDrive - UGent/Desktop/PD/Phospho-fill/Validation-allPDB/pdb_cache/7w1s.cif	THR	THR	OG1	CB	ok			-113.60440347531971	ARG:346	ARG	NH2	5.937312930627929	0.0	1.0	ARG:346	ARG	NH2	5.937312930627929	HOH:757	O	3.9965795186442197	1.0	12.0	none_obvious			intermediate				0.0	0.0		unmodified	
P0DTC2	7WBZ	A	345	THR_single	1	1	2.42	THR	232		1	334-527	334-527	THR	/mnt/c/Users/drpat/OneDrive - UGent/Desktop/PD/Phospho-fill/Validation-allPDB/pdb_cache/7wbz.cif	THR	THR	OG1	CB	ok			-116.73587012813951	ARG:346	ARG	CZ	5.932319263638066	0.0	1.0	ARG:346	ARG	NE	5.933434168766231	HOH:768	O	7.760071548662046	0.0	14.0	none_obvious			intermediate				0.0	0.0		unmodified	
P0DTC2	7WD1	B	345	THR_single	1	1	2.5	THR	233		1	333-528	333-528	THR	/mnt/c/Users/drpat/OneDrive - UGent/Desktop/PD/Phospho-fill/Validation-allPDB/pdb_cache/7wd1.cif	THR	THR	OG1	CB	ok			130.50526545812485	ARG:509	ARG	NH1	6.948451907916087	0.0	0.0	ARG:509	ARG	NH1	6.948451907916087				0.0	10.0	none_obvious			intermediate				0.0	0.0		unmodified	
P0DTC2	7WN2	A	345	THR_single	1	1	2.35	THR	234		1	333-528	333-528	THR	/mnt/c/Users/drpat/OneDrive - UGent/Desktop/PD/Phospho-fill/Validation-allPDB/pdb_cache/7wn2.cif	THR	THR	OG1	CB	ok			-92.22293358348081	ARG:509	ARG	NH2	6.489565626319786	0.0	0.0	ARG:509	ARG	NH2	6.489565626319786				0.0	10.0	none_obvious			intermediate				0.0	0.0		unmodified	
P0DTC2	7X2H	F	345	THR_single	1	1	2.1	THR	235		1	336-516,523-528	336-516,523-528	THR	/mnt/c/Users/drpat/OneDrive - UGent/Desktop/PD/Phospho-fill/Validation-allPDB/pdb_cache/7x2h.cif	THR	THR	OG1	CB	ok			110.24175148075317	ARG:346	ARG	NH1	5.05167068422994	0.0	1.0	ARG:346	ARG	NH1	5.05167068422994				0.0	9.0	none_obvious			intermediate				0.0	0.0		unmodified	
P0DTC2	7XCO	B	345	THR_single	1	1	2.5	THR	236		1	14-68,77-142,153-176,185-210,215-247,257-676,690-827,845-1147	14-68,77-142,153-176,185-209,215-247,257-676,690-827,845-1147	THR	/mnt/c/Users/drpat/OneDrive - UGent/Desktop/PD/Phospho-fill/Validation-allPDB/pdb_cache/7xco.cif	THR	THR	OG1	CB	ok			121.18035118802824	ARG:509	ARG	NH2	7.313410387928551	0.0	0.0	ARG:509	ARG	NH2	7.313410387928551				0.0	9.0	none_obvious			intermediate				0.0	0.0		unmodified	
Q9NYL2	7YAW	A	161	THR_single	1	1	2.1	THR	476		1	8-163,165-299	8-163,165-299	THR	/mnt/c/Users/drpat/OneDrive - UGent/Desktop/PD/Phospho-fill/Validation-allPDB/pdb_cache/7yaw.cif	THR	THR	OG1	CB	ok			-21.28637432907776	LYS:45	LYS	NZ	4.761550033859279	0.0	1.0	ASP:151	ASP	OD1	4.4442412649044165	HOH:526	O	7.801769144812242	0.0	27.0	none_obvious			buried				0.0	0.0		unmodified	
P0DTC2	7YCO	A	345	THR_single	1	1	1.96	THR	237		1	333-528	333-528	THR	/mnt/c/Users/drpat/OneDrive - UGent/Desktop/PD/Phospho-fill/Validation-allPDB/pdb_cache/7yco.cif	THR	THR	OG1	CB	ok			-124.84899361713445	ARG:346	ARG	NE	6.523826995391931	0.0	0.0	ARG:346	ARG	NE	6.523826995391931	HOH:729	O	7.571229648082554	0.0	11.0	none_obvious			intermediate				0.0	0.0		unmodified	
Q9NZQ7	7YDS	A	127	THR_single	1	1	2.3	THR	505		1	18-134	18-134	THR	/mnt/c/Users/drpat/OneDrive - UGent/Desktop/PD/Phospho-fill/Validation-allPDB/pdb_cache/7yds.cif	THR	THR	OG1	CB	ok			126.64756789577305	ARG:125	ARG	NE	4.497522903603207	0.0	1.0	ARG:125	ARG	NE	4.497522903603207	HOH:220	O	2.6809831041027428	2.0	28.0	water_mediated_like			exposed				0.0	0.0		unmodified	
P0DTC2	7Z1B	A	345	THR_single	1	1	2.3	THR	238		1	333-528	333-528	THR	/mnt/c/Users/drpat/OneDrive - UGent/Desktop/PD/Phospho-fill/Validation-allPDB/pdb_cache/7z1b.cif	THR	THR	OG1	CB	ok			126.21318313817403	ARG:509	ARG	NH1	7.248061774649778	0.0	0.0	ARG:509	ARG	NH1	7.248061774649778	HOH:711	O	2.642311728710865	1.0	9.0	water_mediated_like			intermediate				0.0	0.0		unmodified	
P0DTC2	7Z1C	A	345	THR_single	1	1	1.9	THR	239		1	333-528	333-528	THR	/mnt/c/Users/drpat/OneDrive - UGent/Desktop/PD/Phospho-fill/Validation-allPDB/pdb_cache/7z1c.cif	THR	THR	OG1	CB	ok			115.68893975448775	ARG:346	ARG	NE	6.670758952790521	0.0	0.0	ARG:346	ARG	NE	6.670758952790521	HOH:765	O	3.5775416775609687	1.0	8.0	none_obvious			intermediate				0.0	0.0		unmodified	
P0DTC2	7Z8O	A	345	THR_single	1	1	0.96	THR	240		1	333-527	333-527	THR	/mnt/c/Users/drpat/OneDrive - UGent/Desktop/PD/Phospho-fill/Validation-allPDB/pdb_cache/7z8o.cif	THR	THR	OG1	CB	ok			-131.9738676876361	ARG:346	ARG	NH1	5.201317727700592	0.0	1.0	ARG:346	ARG	NH1	5.201317727700592	HOH:910	O	3.0457589727714214	2.0	15.0	water_mediated_like			exposed				0.0	0.0		unmodified	
O14965	7ZTL	A	287	THR_single	1	1	1.9	THR	48		2	126-389	126-389	THR	/mnt/c/Users/drpat/OneDrive - UGent/Desktop/PD/Phospho-fill/Validation-allPDB/pdb_cache/7ztl.cif	THR	THR	OG1	CB	ok			-106.75633118065018	HIS:306	HIS	CE1	6.512118952895832	0.0	0.0	ARG:286	ARG	NE	6.753351584644266	HOH:707	O	3.4937988253452197	1.0	10.0	water_mediated_like			intermediate	TPO:288	TPO	6.034372842597165	1.0	1.0	TPO:288@6.03	unmodified	
P0DTC2	8A94	A	345	THR_single	1	1	2.4	THR	241		1	14-70,76-247,252-620,641-674,691-828,855-1146	14-70,76-247,252-620,641-674,691-828,855-1146	THR	/mnt/c/Users/drpat/OneDrive - UGent/Desktop/PD/Phospho-fill/Validation-allPDB/pdb_cache/8a94.cif	THR	THR	OG1	CB	ok			-135.31743084641747	ARG:509	ARG	NH2	7.251549253758467	0.0	0.0	ARG:509	ARG	NH2	7.251549253758467				0.0	10.0	none_obvious			intermediate				0.0	0.0		unmodified	
P0DTC2	8A99	A	345	THR_single	1	1	2.5	THR	242		1	14-70,76-247,252-620,641-674,691-828,855-1146	14-70,76-247,252-620,641-674,691-828,855-1146	THR	/mnt/c/Users/drpat/OneDrive - UGent/Desktop/PD/Phospho-fill/Validation-allPDB/pdb_cache/8a99.cif	THR	THR	OG1	CB	ok			-135.33859994765865	ARG:509	ARG	NH2	7.022413948973054	0.0	0.0	ARG:509	ARG	NH2	7.022413948973054				0.0	10.0	none_obvious			intermediate				0.0	0.0		unmodified	
O96013	8AHG	A	562	THR_single	1	1	1.885	THR	86		2	300-591	300-591	THR	/mnt/c/Users/drpat/OneDrive - UGent/Desktop/PD/Phospho-fill/Validation-allPDB/pdb_cache/8ahg.cif	THR	THR	OG1	CB	ok			-111.47477543227943	LYS:568	LYS	NZ	7.022477177464658	0.0	0.0	GLU:565	GLU	OE1	3.423968852516898	HOH:718	O	2.506786208372131	2.0	23.0	hbond_like			exposed	SEP:474	SEP	22.369715578360918	0.0	0.0		unmodified	
O96013	8AHH	A	562	THR_single	1	1	2.037	THR	87		2	300-591	300-591	THR	/mnt/c/Users/drpat/OneDrive - UGent/Desktop/PD/Phospho-fill/Validation-allPDB/pdb_cache/8ahh.cif	THR	THR	OG1	CB	ok			-116.95756104078525	LYS:568	LYS	NZ	7.021266012099229	0.0	0.0	GLU:565	GLU	OE1	3.3195035054655544	HOH:791	O	3.8711750600353985	1.0	24.0	hbond_like			buried	SEP:474	SEP	22.43588865580508	0.0	0.0		unmodified	
Q9NZQ7	8ALX	A	127	THR_single	1	1	1.1	THR	506		1	20-134	20-134	THR	/mnt/c/Users/drpat/OneDrive - UGent/Desktop/PD/Phospho-fill/Validation-allPDB/pdb_cache/8alx.cif	THR	THR	OG1	CB	ok			118.12513363263832	LYS:129	LYS	CE	6.528198947444077	0.0	0.0	ASP:26	ASP	OD1	6.542115767534373	HOH:555	O	2.8643237149557983	1.0	20.0	water_mediated_like			intermediate				0.0	0.0		unmodified	
L7N686	8AN4	A	39	THR_single	1	1	1.65	THR	5		1	2-196	2-196	THR	/mnt/c/Users/drpat/OneDrive - UGent/Desktop/PD/Phospho-fill/Validation-allPDB/pdb_cache/8an4.cif	THR	THR	OG1	CB	ok			113.20809326525756	ARG:37	ARG	NH1	4.303599496567455	0.0	1.0	SER:31	SER	OG	4.118342196697246	HOH:242	O	4.798248020336721	0.0	36.0	none_obvious			buried				0.0	0.0		unmodified	
L7N686	8AN5	A	39	THR_single	1	1	1.44	THR	6		1	2-89,92-197	2-89,92-197	THR	/mnt/c/Users/drpat/OneDrive - UGent/Desktop/PD/Phospho-fill/Validation-allPDB/pdb_cache/8an5.cif	THR	THR	OG1	CB	ok			-123.68093644644217	ARG:37	ARG	NH1	4.462502688678696	0.0	1.0	ASP:41	ASP	OD2	4.345470194590274	HOH:268	O	3.240492594498606	1.0	22.0	water_mediated_like			intermediate				0.0	0.0		unmodified	
Q9NZQ7	8AOK	A	127	THR_single	1	1	1.6	THR	507		1	18-133	18-133	THR	/mnt/c/Users/drpat/OneDrive - UGent/Desktop/PD/Phospho-fill/Validation-allPDB/pdb_cache/8aok.cif	THR	THR	OG1	CB	ok			112.82949084389207	ARG:125	ARG	NH2	5.753028760471178	0.0	1.0	ARG:125	ARG	NH2	5.753028760471178	HOH:333	O	2.6840519613185996	1.0	19.0	water_mediated_like			intermediate				0.0	0.0		unmodified	
Q9NZQ7	8AOM	A	127	THR_single	1	1	2.202	THR	508		1	19-215,218-235	19-215,218-235	THR	/mnt/c/Users/drpat/OneDrive - UGent/Desktop/PD/Phospho-fill/Validation-allPDB/pdb_cache/8aom.cif	THR	THR	OG1	CB	ok			121.5967834965773	LYS:129	LYS	NZ	6.7513569517456045	0.0	0.0	ASP:26	ASP	OD2	6.691227972591367	HOH:423	O	3.0993025150318547	1.0	19.0	water_mediated_like			intermediate				0.0	0.0		unmodified	
P49841	8AV1	A	277	THR_single	1	1	2.15	THR	420		3	27-119,124-381	27-119,124-381	THR	/mnt/c/Users/drpat/OneDrive - UGent/Desktop/PD/Phospho-fill/Validation-allPDB/pdb_cache/8av1.cif	THR	THR	OG1	CB	ok			-114.69792934221806					0.0	0.0	GLN:280	GLN	OE1	3.2559900756896023	HOH:527	O	7.222159151008422	0.0	24.0	hbond_like			buried	PTR:216	PTR	25.642258719845277	0.0	0.0		unmodified	
P0DTC2	8BE1	F	345	THR_single	1	1	1.98	THR	243		1	335-370,375-517,521-527	335-370,375-517,521-527	THR	/mnt/c/Users/drpat/OneDrive - UGent/Desktop/PD/Phospho-fill/Validation-allPDB/pdb_cache/8be1.cif	THR	THR	OG1	CB	ok			127.00747211391234	ARG:509	ARG	NH1	7.128396491941709	0.0	0.0	ARG:509	ARG	NH1	7.128396491941709				0.0	9.0	none_obvious			intermediate				0.0	0.0		unmodified	
P0DTC2	8BEC	B	345	THR_single	1	1	1.7	THR	244		1	334-527	334-527	THR	/mnt/c/Users/drpat/OneDrive - UGent/Desktop/PD/Phospho-fill/Validation-allPDB/pdb_cache/8bec.cif	THR	THR	OG1	CB	ok			111.87886412885476	ARG:346	ARG	NH1	5.501103583000842	0.0	1.0	ARG:346	ARG	NH1	5.501103583000842	HOH:698	O	3.873080956095848	1.0	9.0	none_obvious			intermediate				0.0	0.0		unmodified	
P0DTC2	8BG2	B	345	THR_single	1	1	2.1	THR	245		1	335-527	335-527	THR	/mnt/c/Users/drpat/OneDrive - UGent/Desktop/PD/Phospho-fill/Validation-allPDB/pdb_cache/8bg2.cif	THR	THR	OG1	CB	ok			117.65807599937781	ARG:346	ARG	NH2	6.274927889596629	0.0	0.0	ARG:346	ARG	NH2	6.274927889596629	HOH:1110	O	5.140982231587578	0.0	9.0	none_obvious			intermediate				0.0	0.0		unmodified	
P0DTC2	8BG4	B	345	THR_single	1	1	1.6	THR	246		1	334-527	334-527	THR	/mnt/c/Users/drpat/OneDrive - UGent/Desktop/PD/Phospho-fill/Validation-allPDB/pdb_cache/8bg4.cif	THR	THR	OG1	CB	ok			129.91861569981842	ARG:509	ARG	NH1	7.116660785270243	0.0	0.0	ARG:509	ARG	NH1	7.116660785270243	HOH:1198	O	2.898332257795563	1.0	9.0	water_mediated_like			intermediate				0.0	0.0		unmodified	
P0DTC2	8BG5	B	345	THR_single	1	1	2.05	THR	247		1	334-527	334-527	THR	/mnt/c/Users/drpat/OneDrive - UGent/Desktop/PD/Phospho-fill/Validation-allPDB/pdb_cache/8bg5.cif	THR	THR	OG1	CB	ok			126.23443016120277	ARG:509	ARG	NH1	7.054102525336836	0.0	0.0	ARG:509	ARG	NH1	7.054102525336836	HOH:1125	O	5.7110662439173	0.0	9.0	none_obvious			intermediate				0.0	0.0		unmodified	
P54646	8BIK	A	172	THR_single	1	1	2.5	THR	424		1	8-346,363-376,398-473,530-551	8-346,363-376,398-473,530-551	THR	/mnt/c/Users/drpat/OneDrive - UGent/Desktop/PD/Phospho-fill/Validation-allPDB/pdb_cache/8bik.cif	THR	THR	OG1	CB	ok			146.6135236963279	ARG:138	ARG	NH1	3.497193877169558	1.0	2.0	ARG:138	ARG	NH1	3.497193877169558	HOH:1122	O	2.7009345549587835	1.0	19.0	salt_bridge_like			intermediate				0.0	0.0		unmodified	
P0DTC2	8BSE	A	345	THR_single	1	1	1.9	THR	248		1	335-371,373-517,520-527	335-371,373-517,520-527	THR	/mnt/c/Users/drpat/OneDrive - UGent/Desktop/PD/Phospho-fill/Validation-allPDB/pdb_cache/8bse.cif	THR	THR	OG1	CB	ok			125.36891683462537	ARG:509	ARG	NH1	6.884757871993874	0.0	0.0	ARG:509	ARG	NH1	6.884757871993874	HOH:798	O	3.5331299278950534	1.0	9.0	none_obvious			intermediate				0.0	0.0		unmodified	
P0DTC2	8BSF	A	345	THR_single	1	1	2.2	THR	249		1	336-366,372-384,390-483,487-517,524-526	336-366,372-384,390-483,487-517,524-526	THR	/mnt/c/Users/drpat/OneDrive - UGent/Desktop/PD/Phospho-fill/Validation-allPDB/pdb_cache/8bsf.cif	THR	THR	OG1	CB	ok			-96.78025654229054	ARG:346	ARG	NE	5.501805704762584	0.0	1.0	ARG:346	ARG	NE	5.501805704762584	HOH:704	O	4.963287044228082	0.0	11.0	none_obvious			intermediate				0.0	0.0		unmodified	
O14965	8C14	A	287	THR_single	1	1	1.93	THR	49		2	126-389	126-389	THR	/mnt/c/Users/drpat/OneDrive - UGent/Desktop/PD/Phospho-fill/Validation-allPDB/pdb_cache/8c14.cif	THR	THR	OG1	CB	ok			-93.57830736732484	ARG:255	ARG	CZ	5.994709762302724	0.0	1.0	TRP:277	TRP	NE1	4.90478725758447	HOH:518	O	2.8833041467126708	2.0	30.0	water_mediated_like			exposed	TPO:288	TPO	6.434768579309411	1.0	1.0	TPO:288@6.43	unmodified	
O14965	8C1D	A	287	THR_single	1	1	2.115	THR	50		2	127-287,291-388	127-287,291-388	THR	/mnt/c/Users/drpat/OneDrive - UGent/Desktop/PD/Phospho-fill/Validation-allPDB/pdb_cache/8c1d.cif	THR				missing_anchor_or_base																														
P0DTC2	8CWI	A	345	THR_single	1	1	1.873	THR	250		1	334-528	334-528	THR	/mnt/c/Users/drpat/OneDrive - UGent/Desktop/PD/Phospho-fill/Validation-allPDB/pdb_cache/8cwi.cif	THR	THR	OG1	CB	ok			-124.58578407218674	ARG:346	ARG	NE	6.585522275119644	0.0	0.0	ARG:346	ARG	NE	6.585522275119644	HOH:754	O	2.7157912337565375	1.0	11.0	water_mediated_like			intermediate				0.0	0.0		unmodified	
P0DTC2	8CWU	A	345	THR_single	1	1	1.71	THR	251		1	334-528	334-528	THR	/mnt/c/Users/drpat/OneDrive - UGent/Desktop/PD/Phospho-fill/Validation-allPDB/pdb_cache/8cwu.cif	THR	THR	OG1	CB	ok			122.92475695301157	ARG:509	ARG	NH1	6.914911375405488	0.0	0.0	ARG:509	ARG	NH1	6.914911375405488	HOH:632	O	2.678602352010582	1.0	10.0	water_mediated_like			intermediate				0.0	0.0		unmodified	
P0DTC2	8CXQ	A	345	THR_single	1	1	2.3	THR	252		1	15-676,689-827,849-1147	15-676,689-827,849-1147	THR	/mnt/c/Users/drpat/OneDrive - UGent/Desktop/PD/Phospho-fill/Validation-allPDB/pdb_cache/8cxq.cif	THR	THR	OG1	CB	ok			-121.12369408375098	ARG:346	ARG	NE	6.133214618949094	0.0	0.0	ARG:346	ARG	NE	6.133214618949094				0.0	11.0	none_obvious			intermediate				0.0	0.0		unmodified	
Q99640	8D6C	B	260	THR_single	1	1	2.2	THR	459		1	77-91,94-260,264-360	77-91,94-260,264-360	THR	/mnt/c/Users/drpat/OneDrive - UGent/Desktop/PD/Phospho-fill/Validation-allPDB/pdb_cache/8d6c.cif	THR	THR	OG1	CB	ok			-125.7159188602168					0.0	0.0								0.0	4.0	none_obvious			intermediate				0.0	0.0		unmodified	
Q99640	8D6E	A	260	THR_single	1	1	2.15	THR	460		1	77-90,95-361	77-90,95-261,265-361	THR	/mnt/c/Users/drpat/OneDrive - UGent/Desktop/PD/Phospho-fill/Validation-allPDB/pdb_cache/8d6e.cif	THR	THR	OG1	CB	ok			133.7670159993249	LYS:163	LYS	NZ	6.284347373188995	0.0	0.0	LYS:163	LYS	NZ	6.284347373188995				0.0	15.0	none_obvious			intermediate				0.0	0.0		unmodified	
P48730	8D7M	A	220	THR_single	1	1	2.25	THR	393		2	2-290	2-290	THR	/mnt/c/Users/drpat/OneDrive - UGent/Desktop/PD/Phospho-fill/Validation-allPDB/pdb_cache/8d7m.cif	THR	THR	OG1	CB	ok			18.079842012920945	ARG:222	ARG	NE	7.738273299897286	0.0	0.0	GLN:223	GLN	NE2	5.926027227595569				0.0	14.0	none_obvious			intermediate				0.0	0.0		unmodified	
P48730	8D7N	A	220	THR_single	1	1	1.66	THR	394		2	2-290	2-290	THR	/mnt/c/Users/drpat/OneDrive - UGent/Desktop/PD/Phospho-fill/Validation-allPDB/pdb_cache/8d7n.cif	THR	THR	OG1	CB	ok			147.65301140694692	ARG:222	ARG	NH1	5.708341743685083	0.0	1.0	ARG:222	ARG	NH1	5.708341743685083				0.0	22.0	none_obvious			intermediate				0.0	0.0		unmodified	
P48730	8D7O	A	220	THR_single	1	1	1.65	THR	395		2	2-290	2-290	THR	/mnt/c/Users/drpat/OneDrive - UGent/Desktop/PD/Phospho-fill/Validation-allPDB/pdb_cache/8d7o.cif	THR	THR	OG1	CB	ok			142.62081369233073	LYS:221	LYS	CE	5.547854136858464	0.0	1.0	GLN:223	GLN	OE1	4.815739512759053				0.0	21.0	none_obvious			intermediate				0.0	0.0		unmodified	
P48730	8D7P	A	220	THR_single	1	1	2.25	THR	396		2	2-290	2-290	THR	/mnt/c/Users/drpat/OneDrive - UGent/Desktop/PD/Phospho-fill/Validation-allPDB/pdb_cache/8d7p.cif	THR	THR	OG1	CB	ok			144.461933213596					0.0	0.0	GLN:223	GLN	OE1	3.1890470481627577	HOH:538	O	7.539290686326096	0.0	15.0	hbond_like			intermediate				0.0	0.0		unmodified	
P0DTC2	8DLO	A	345	THR_single	1	1	2.25	THR	253		1	14-69,77-145,153-176,185-247,257-620,641-675,691-827,856-1147	14-69,77-145,153-176,185-247,257-620,641-675,691-827,856-1147	THR	/mnt/c/Users/drpat/OneDrive - UGent/Desktop/PD/Phospho-fill/Validation-allPDB/pdb_cache/8dlo.cif	THR	THR	OG1	CB	ok			121.71560853483882	ARG:346	ARG	NE	6.96932455461615	0.0	0.0	ARG:346	ARG	NE	6.96932455461615				0.0	9.0	none_obvious			intermediate				0.0	0.0		unmodified	
P0DTC2	8DLT	A	345	THR_single	1	1	2.4	THR	254		1	14-69,77-145,153-176,185-247,257-620,641-675,691-827,856-1147	14-69,77-145,153-176,185-247,257-620,641-675,691-827,856-1147	THR	/mnt/c/Users/drpat/OneDrive - UGent/Desktop/PD/Phospho-fill/Validation-allPDB/pdb_cache/8dlt.cif	THR	THR	OG1	CB	ok			110.36999024759452	ARG:346	ARG	NE	6.715769102770951	0.0	0.0	ARG:346	ARG	NE	6.715769102770951				0.0	6.0	none_obvious			intermediate				0.0	0.0		unmodified	
P0DTC2	8DLW	A	345	THR_single	1	1	2.16	THR	255		1	15-66,78-143,152-175,185-243,258-621,641-675,690-826,849-1140	15-66,78-143,152-175,185-243,258-621,641-675,690-826,849-1140	THR	/mnt/c/Users/drpat/OneDrive - UGent/Desktop/PD/Phospho-fill/Validation-allPDB/pdb_cache/8dlw.cif	THR	THR	OG1	CB	ok			120.43146072736366	ARG:509	ARG	NH1	7.15395547344878	0.0	0.0	ARG:509	ARG	NH1	7.15395547344878				0.0	10.0	none_obvious			intermediate				0.0	0.0		unmodified	
P0DTC2	8DLX	C	345	THR_single	1	1	2.45	THR	256		1	14-69,77-145,153-176,185-247,257-620,641-675,691-827,856-1147	14-69,77-145,153-176,185-247,257-620,641-675,691-827,856-1147	THR	/mnt/c/Users/drpat/OneDrive - UGent/Desktop/PD/Phospho-fill/Validation-allPDB/pdb_cache/8dlx.cif	THR	THR	OG1	CB	ok			-117.51244661785005	ARG:346	ARG	NE	5.519294864728232	0.0	1.0	ARG:346	ARG	NE	5.519294864728232				0.0	12.0	none_obvious			intermediate				0.0	0.0		unmodified	
P0DTC2	8DM3	A	345	THR_single	1	1	2.37	THR	257		1	14-23,27-71,78-178,187-249,256-620,641-675,691-827,848-1147	14-23,27-71,78-178,187-249,256-620,641-675,691-827,848-1147	THR	/mnt/c/Users/drpat/OneDrive - UGent/Desktop/PD/Phospho-fill/Validation-allPDB/pdb_cache/8dm3.cif	THR	THR	OG1	CB	ok			-130.0523763439585	ARG:509	ARG	NH2	6.283553038914553	0.0	0.0	ARG:509	ARG	NH2	6.283553038914553				0.0	12.0	none_obvious			intermediate				0.0	0.0		unmodified	
P0DTC2	8DM7	A	345	THR_single	1	1	2.49	THR	258		1	14-23,27-71,78-144,153-178,187-249,256-620,641-675,691-827,848-1147	14-23,27-71,78-144,153-178,187-249,256-620,641-675,691-827,848-1147	THR	/mnt/c/Users/drpat/OneDrive - UGent/Desktop/PD/Phospho-fill/Validation-allPDB/pdb_cache/8dm7.cif	THR	THR	OG1	CB	ok			5.24166325189787	ARG:509	ARG	NH2	5.9854451531974	0.0	1.0	ARG:509	ARG	NH2	5.9854451531974				0.0	6.0	none_obvious			intermediate				0.0	0.0		unmodified	
P0DTC2	8ELQ	A	345	THR_single	1	1	2.21	THR	259		1	334-527	334-527	THR	/mnt/c/Users/drpat/OneDrive - UGent/Desktop/PD/Phospho-fill/Validation-allPDB/pdb_cache/8elq.cif	THR	THR	OG1	CB	ok			116.30337207292739	ARG:509	ARG	NH1	6.871800968628293	0.0	0.0	ARG:509	ARG	NH1	6.871800968628293				0.0	9.0	none_obvious			intermediate				0.0	0.0		unmodified	
P0DTC2	8G71	B	345	THR_single	1	1	2.1	THR	260		1	14-180,184-620,641-676,689-827,854-1147	14-180,184-620,641-676,689-827,854-1147	THR	/mnt/c/Users/drpat/OneDrive - UGent/Desktop/PD/Phospho-fill/Validation-allPDB/pdb_cache/8g71.cif	THR	THR	OG1	CB	ok			-142.7316863032077	ARG:346	ARG	NE	5.471662874560216	0.0	1.0	ARG:346	ARG	NE	5.471662874560216				0.0	13.0	none_obvious			intermediate				0.0	0.0		unmodified	
P0DTC2	8G73	B	345	THR_single	1	1	2.5	THR	261		1	14-180,184-620,641-676,690-827,855-1147	14-180,184-620,641-676,690-827,855-1147	THR	/mnt/c/Users/drpat/OneDrive - UGent/Desktop/PD/Phospho-fill/Validation-allPDB/pdb_cache/8g73.cif	THR	THR	OG1	CB	ok			-119.49472590297627	ARG:346	ARG	NE	5.171078152320735	0.0	1.0	ARG:346	ARG	NE	5.171078152320735				0.0	12.0	none_obvious			intermediate				0.0	0.0		unmodified	
P0DTC2	8G74	B	345	THR_single	1	1	2.5	THR	262		1	14-180,184-620,641-676,690-827,855-1147	14-180,184-620,641-676,690-827,855-1147	THR	/mnt/c/Users/drpat/OneDrive - UGent/Desktop/PD/Phospho-fill/Validation-allPDB/pdb_cache/8g74.cif	THR	THR	OG1	CB	ok			-119.51964238055032	ARG:346	ARG	NE	5.236983014704268	0.0	1.0	ARG:346	ARG	NE	5.236983014704268				0.0	12.0	none_obvious			intermediate				0.0	0.0		unmodified	
P0DTC2	8GB6	A	345	THR_single	1	1	1.75	THR	263		1	333-527	333-527	THR	/mnt/c/Users/drpat/OneDrive - UGent/Desktop/PD/Phospho-fill/Validation-allPDB/pdb_cache/8gb6.cif	THR	THR	OG1	CB	ok			118.8571803481643	ARG:509	ARG	NH1	6.934524215990615	0.0	0.0	ARG:509	ARG	NH1	6.934524215990615	HOH:732	O	2.6999927093610387	2.0	9.0	water_mediated_like			exposed				0.0	0.0		unmodified	
P0DTC2	8GZ5	A	345	THR_single	1	1	1.7	THR	264		1	334-528	334-528	THR	/mnt/c/Users/drpat/OneDrive - UGent/Desktop/PD/Phospho-fill/Validation-allPDB/pdb_cache/8gz5.cif	THR	THR	OG1	CB	ok			120.40991279963617	ARG:346	ARG	NH2	5.603321532074404	0.0	1.0	ARG:346	ARG	NH2	5.603321532074404	HOH:915	O	3.6649237988578243	1.0	12.0	none_obvious			intermediate				0.0	0.0		unmodified	
P0DTC2	8H3M	A	345	THR_single	1	1	2.48	THR	265		1	27-67,81-130,167-173,187-209,216-242,264-368,375-404,429-442,494-676,690-828,848-1138	27-67,81-130,167-173,187-208,216-242,264-368,375-404,429-442,494-676,690-828,848-1138	THR	/mnt/c/Users/drpat/OneDrive - UGent/Desktop/PD/Phospho-fill/Validation-allPDB/pdb_cache/8h3m.cif	THR	THR	OG1	CB	ok			127.18436735826228	ARG:509	ARG	NH2	6.866923985318477	0.0	0.0	ARG:509	ARG	NH2	6.866923985318477				0.0	9.0	none_obvious			intermediate				0.0	0.0		unmodified	
P0DTC2	8H5T	A	345	THR_single	1	1	2.0	THR	266		1	335-498,502-518,523-527	335-498,502-518,523-527	THR	/mnt/c/Users/drpat/OneDrive - UGent/Desktop/PD/Phospho-fill/Validation-allPDB/pdb_cache/8h5t.cif	THR	THR	OG1	CB	ok			-69.99127613437955	ARG:346	ARG	NE	5.803219837051749	0.0	1.0	TYR:449	TYR	OH	4.130541171384043	HOH:751	O	4.002974347649664	0.0	15.0	none_obvious			intermediate				0.0	0.0		unmodified	
P0DTC2	8H5U	C	345	THR_single	1	1	2.401	THR	267		1	334-532	334-532	THR	/mnt/c/Users/drpat/OneDrive - UGent/Desktop/PD/Phospho-fill/Validation-allPDB/pdb_cache/8h5u.cif	THR	THR	OG1	CB	ok			-104.29332401589066	ARG:346	ARG	NE	5.211128931656758	0.0	1.0	ARG:346	ARG	NE	5.211128931656758	HOH:753	O	3.083944203297842	2.0	13.0	water_mediated_like			exposed				0.0	0.0		unmodified	
P0DTC2	8H7L	A	345	THR_single	1	1	2.44	THR	268		1	18-23,27-70,81-144,153-174,187-245,263-621,640-676,689-826,855-1143	18-23,27-70,81-143,153-174,187-245,263-621,640-676,689-826,855-1143	THR	/mnt/c/Users/drpat/OneDrive - UGent/Desktop/PD/Phospho-fill/Validation-allPDB/pdb_cache/8h7l.cif	THR	THR	OG1	CB	ok			124.96707076741151					0.0	0.0								0.0	6.0	none_obvious			intermediate				0.0	0.0		unmodified	
Q9SRQ7	8HAV	A	158	THR_single	1	1	2.1	THR	513		1	12-258,264-415	12-258,264-415	THR	/mnt/c/Users/drpat/OneDrive - UGent/Desktop/PD/Phospho-fill/Validation-allPDB/pdb_cache/8hav.cif	THR	THR	OG1	CB	ok			111.31354787298501	HIS:79	HIS	NE2	4.20999058464404	0.0	2.0	GLU:300	GLU	OE2	3.160662847198739	HOH:620	O	2.600745904302432	1.0	33.0	hbond_like			buried				0.0	0.0		unmodified	
P0DTC2	8HN6	F	345	THR_single	1	1	2.07	THR	269		1	333-527	333-527	THR	/mnt/c/Users/drpat/OneDrive - UGent/Desktop/PD/Phospho-fill/Validation-allPDB/pdb_cache/8hn6.cif	THR	THR	OG1	CB	ok			116.63888271429369	ARG:509	ARG	NH1	6.828323897382331	0.0	0.0	ASN:343	ASN	OD1	6.0871676805457495	HOH:645	O	3.154285587743477	1.0	9.0	water_mediated_like			intermediate				0.0	0.0		unmodified	
P0DTC2	8HR2	A	345	THR_single	1	1	1.94	THR	270		1	333-517	333-517	THR	/mnt/c/Users/drpat/OneDrive - UGent/Desktop/PD/Phospho-fill/Validation-allPDB/pdb_cache/8hr2.cif	THR	THR	OG1	CB	ok			-120.65175230646106	ARG:346	ARG	NH1	2.1972843776532227	1.0	1.0	ARG:346	ARG	NH1	2.1972843776532227	HOH:626	O	7.518381235580509	0.0	16.0	salt_bridge_like			intermediate				0.0	0.0		unmodified	
P0DTC2	8HWS	A	345	THR_single	1	1	2.36	THR	271		1	333-528	333-528	THR	/mnt/c/Users/drpat/OneDrive - UGent/Desktop/PD/Phospho-fill/Validation-allPDB/pdb_cache/8hws.cif	THR	THR	OG1	CB	ok			145.14161111596704	ARG:346	ARG	NE	6.207124642554932	0.0	0.0	ARG:346	ARG	NE	6.207124642554932				0.0	10.0	none_obvious			intermediate				0.0	0.0		unmodified	
P0DTC2	8I5H	A	345	THR_single	1	1	2.38	THR	272		1	334-527	334-527	THR	/mnt/c/Users/drpat/OneDrive - UGent/Desktop/PD/Phospho-fill/Validation-allPDB/pdb_cache/8i5h.cif	THR	THR	OG1	CB	ok			-122.49163944467806	ARG:346	ARG	NH1	3.0244038931356476	1.0	1.0	ARG:346	ARG	NH1	3.0244038931356476				0.0	15.0	salt_bridge_like			intermediate				0.0	0.0		unmodified	
P0DTC2	8IOS	A	345	THR_single	1	1	2.5	THR	273		1	16-23,27-69,80-143,154-177,187-246,258-620,628-677,689-1139	16-23,27-69,80-143,154-177,187-246,258-620,628-677,689-1139	THR	/mnt/c/Users/drpat/OneDrive - UGent/Desktop/PD/Phospho-fill/Validation-allPDB/pdb_cache/8ios.cif	THR	THR	OG1	CB	ok			6.5477507730095255	ARG:509	ARG	NH2	5.661995218248132	0.0	1.0	THR:346	THR	OG1	4.711729234173568				0.0	9.0	none_obvious			intermediate				0.0	0.0		unmodified	
P48730	8IZC	B	220	THR_single	1	1	1.45	THR	397		2	5-294	5-294	THR	/mnt/c/Users/drpat/OneDrive - UGent/Desktop/PD/Phospho-fill/Validation-allPDB/pdb_cache/8izc.cif	THR	THR	OG1	CB	ok			-115.1039495624336	ARG:222	ARG	NH1	2.778687528287704	1.0	1.0	ARG:222	ARG	NH1	2.778687528287704	HOH:575	O	3.857412336887678	1.0	32.0	salt_bridge_like			buried				0.0	0.0		unmodified	
Q9NZQ7	8K5N	A	127	THR_single	1	1	2.2	THR	509		1	18-133	18-133	THR	/mnt/c/Users/drpat/OneDrive - UGent/Desktop/PD/Phospho-fill/Validation-allPDB/pdb_cache/8k5n.cif	THR	THR	OG1	CB	ok			105.71494893340851	ARG:125	ARG	NE	6.801897712188036	0.0	0.0	ARG:125	ARG	NE	6.801897712188036	HOH:206	O	2.5582474051979402	1.0	20.0	water_mediated_like			intermediate				0.0	0.0		unmodified	
P15531	8OOV	A	94	THR_single	1	1	1.7	THR	314		1	1-152	1-152	THR	/mnt/c/Users/drpat/OneDrive - UGent/Desktop/PD/Phospho-fill/Validation-allPDB/pdb_cache/8oov.cif	THR	THR	OG1	CB	ok			124.55049998045736	ARG:88	ARG	NH2	3.651636059694386	1.0	2.0	ARG:88	ARG	NH2	3.651636059694386	HOH:353	O	2.802418160031688	3.0	34.0	water_mediated_like			exposed				0.0	0.0		unmodified	
P0DTC2	8OWW	A	345	THR_single	1	1	1.969	THR	274		1	331-528	331-528	THR	/mnt/c/Users/drpat/OneDrive - UGent/Desktop/PD/Phospho-fill/Validation-allPDB/pdb_cache/8oww.cif	THR	THR	OG1	CB	ok			-162.51637248199873	ARG:346	ARG	NE	6.52762748614943	0.0	0.0	ARG:346	ARG	NE	6.52762748614943	HOH:715	O	2.9999658664084197	1.0	11.0	water_mediated_like			intermediate				0.0	0.0		unmodified	
P0DTC2	8Q94	A	345	THR_single	1	1	2.5	THR	275		1	336-362,371-517	336-362,371-517	THR	/mnt/c/Users/drpat/OneDrive - UGent/Desktop/PD/Phospho-fill/Validation-allPDB/pdb_cache/8q94.cif	THR	THR	OG1	CB	ok			121.55417681192115	ARG:509	ARG	NH1	7.24075488159574	0.0	0.0	ARG:509	ARG	NH1	7.24075488159574				0.0	9.0	none_obvious			intermediate				0.0	0.0		unmodified	
P0DTC2	8Q95	A	345	THR_single	1	1	1.6	THR	276		1	334-517	334-517	THR	/mnt/c/Users/drpat/OneDrive - UGent/Desktop/PD/Phospho-fill/Validation-allPDB/pdb_cache/8q95.cif	THR	THR	OG1	CB	ok			120.98267784851618	ARG:346	ARG	NH1	4.750281463943324	0.0	1.0	ARG:346	ARG	NH1	4.750281463943324	HOH:725	O	3.3134811669456963	1.0	10.0	water_mediated_like			intermediate				0.0	0.0		unmodified	
P0DTC2	8QH0	A	345	THR_single	1	1	1.87	THR	277		1	333-526	333-526	THR	/mnt/c/Users/drpat/OneDrive - UGent/Desktop/PD/Phospho-fill/Validation-allPDB/pdb_cache/8qh0.cif	THR	THR	OG1	CB	ok			-117.83042175468482	ARG:346	ARG	NE	4.7116388894277295	0.0	1.0	ARG:346	ARG	NE	4.7116388894277295	HOH:780	O	3.1075169737077735	1.0	14.0	water_mediated_like			intermediate				0.0	0.0		unmodified	
Q9Y6E0	8QLQ	A	190	THR_single	1	1	1.64	THR	514		1	26-72,75-301	26-72,75-301	THR	/mnt/c/Users/drpat/OneDrive - UGent/Desktop/PD/Phospho-fill/Validation-allPDB/pdb_cache/8qlq.cif	THR	THR	OG1	CB	ok			-117.34737248971585	ARG:188	ARG	NE	5.490320996386194	0.0	1.0	GLN:185	GLN	OE1	5.273420578198892	HOH:673	O	2.983352604477045	1.0	29.0	water_mediated_like			buried				0.0	0.0		unmodified	
P0DTC2	8RBY	A	345	THR_single	1	1	1.9	THR	278		1	333-527	333-527	THR	/mnt/c/Users/drpat/OneDrive - UGent/Desktop/PD/Phospho-fill/Validation-allPDB/pdb_cache/8rby.cif	THR	THR	OG1	CB	ok			-121.85015858635757	ARG:346	ARG	NE	6.546412549345494	0.0	0.0	ARG:346	ARG	NE	6.546412549345494	HOH:734	O	3.229554902198435	1.0	17.0	water_mediated_like			intermediate				0.0	0.0		unmodified	
P0DTC2	8RJ7	A	345	THR_single	1	1	2.1	THR	279		1	332-527	332-527	THR	/mnt/c/Users/drpat/OneDrive - UGent/Desktop/PD/Phospho-fill/Validation-allPDB/pdb_cache/8rj7.cif	THR	THR	OG1	CB	ok			135.76066274529254	ARG:509	ARG	NH1	7.148077896269043	0.0	0.0	ARG:509	ARG	NH1	7.148077896269043	HOH:765	O	3.201535838094954	1.0	9.0	water_mediated_like			intermediate				0.0	0.0		unmodified	
P0DTC2	8SDF	A	345	THR_single	1	1	1.79	THR	280		1	333-527	334-527	THR	/mnt/c/Users/drpat/OneDrive - UGent/Desktop/PD/Phospho-fill/Validation-allPDB/pdb_cache/8sdf.cif	THR	THR	OG1	CB	ok			120.61313277136152	ARG:509	ARG	NH1	7.21826337008837	0.0	0.0	ARG:509	ARG	NH1	7.21826337008837	HOH:701	O	7.311449460936207	0.0	6.0	none_obvious			intermediate				0.0	0.0		unmodified	
P0DTC2	8SGU	A	345	THR_single	1	1	1.95	THR	281		1	333-527	333-527	THR	/mnt/c/Users/drpat/OneDrive - UGent/Desktop/PD/Phospho-fill/Validation-allPDB/pdb_cache/8sgu.cif	THR	THR	OG1	CB	ok			129.88707331579855	ARG:509	ARG	NH1	7.1639554707937725	0.0	0.0	ARG:509	ARG	NH1	7.1639554707937725	HOH:846	O	3.351068637795062	2.0	9.0	water_mediated_like			exposed				0.0	0.0		unmodified	
P0DTC2	8SIQ	A	345	THR_single	1	1	2.5	THR	282		1	334-529	334-529	THR	/mnt/c/Users/drpat/OneDrive - UGent/Desktop/PD/Phospho-fill/Validation-allPDB/pdb_cache/8siq.cif	THR	THR	OG1	CB	ok			104.63709379916779	ARG:509	ARG	NH2	6.870817742100326	0.0	0.0	ARG:509	ARG	NH2	6.870817742100326				0.0	7.0	none_obvious			intermediate				0.0	0.0		unmodified	
P0DTC2	8SK5	A	345	THR_single	1	1	2.011	THR	283		1	333-527	333-527	THR	/mnt/c/Users/drpat/OneDrive - UGent/Desktop/PD/Phospho-fill/Validation-allPDB/pdb_cache/8sk5.cif	THR	THR	OG1	CB	ok			124.96515575367647	ARG:509	ARG	NH1	6.9511519001396955	0.0	0.0	ARG:509	ARG	NH1	6.9511519001396955				0.0	9.0	none_obvious			intermediate				0.0	0.0		unmodified	
P31749	8UVY	A	308	THR_single	1	1	2.11	THR	334		3	3-44,49-119,121-127,134-135,145-187,202-300,308-439	3-44,49-119,121-127,134-135,145-187,202-300,308-439	THR	/mnt/c/Users/drpat/OneDrive - UGent/Desktop/PD/Phospho-fill/Validation-allPDB/pdb_cache/8uvy.cif	THR	THR	OG1	CB	ok			-130.7021115688356	LYS:297	LYS	CE	5.419825197487748	0.0	1.0	LYS:297	LYS	NZ	6.700837077451091				0.0	11.0	none_obvious			intermediate				0.0	0.0		unmodified	
P31749	8UW2	A	308	THR_single	1	1	2.2	THR	335		3	4-44,50-119,121-127,134-135,145-187,200-299,307-429,432-437	4-44,50-119,121-127,134-135,145-187,200-299,307-429,432-437	THR	/mnt/c/Users/drpat/OneDrive - UGent/Desktop/PD/Phospho-fill/Validation-allPDB/pdb_cache/8uw2.cif	THR	THR	OG1	CB	ok			-138.22038184476685	HIS:354	HIS	CE1	6.435931763611676	0.0	0.0	HIS:354	HIS	ND1	6.436729912242826				0.0	9.0	none_obvious			intermediate				0.0	0.0		unmodified	
P31749	8UW9	A	308	THR_single	1	1	1.9	THR	336		3	3-44,49-119,121-127,134-135,144-187,200-300,308-428	3-44,49-119,121-127,134-135,144-187,200-300,308-428	THR	/mnt/c/Users/drpat/OneDrive - UGent/Desktop/PD/Phospho-fill/Validation-allPDB/pdb_cache/8uw9.cif	THR	THR	OG1	CB	ok			-123.45755660531516	LYS:297	LYS	CE	7.096901249531528	0.0	0.0					HOH:733	O	5.779432478213684	0.0	5.0	none_obvious			intermediate				0.0	0.0		unmodified	
P48730	8VXD	B	220	THR_single	1	1	2.47	THR	398		2	2-169,174-217,220-298	2-169,174-217,220-298	THR	/mnt/c/Users/drpat/OneDrive - UGent/Desktop/PD/Phospho-fill/Validation-allPDB/pdb_cache/8vxd.cif	THR	THR	OG1	CB	ok			-103.91060155073441	ARG:222	ARG	NE	7.105944275271187	0.0	0.0	ARG:222	ARG	NE	7.105944275271187				0.0	18.0	none_obvious			intermediate				0.0	0.0		unmodified	
P0DTC2	8WE1	B	345	THR_single	1	1	2.47	THR	284		1	333-527	333-527	THR	/mnt/c/Users/drpat/OneDrive - UGent/Desktop/PD/Phospho-fill/Validation-allPDB/pdb_cache/8we1.cif	THR	THR	OG1	CB	ok			-14.694835916077686	ARG:509	ARG	NH1	7.263847775913318	0.0	0.0	THR:346	THR	OG1	4.643758717081118				0.0	8.0	none_obvious			intermediate				0.0	0.0		unmodified	
Q99640	8WJY	A	260	THR_single	1	1	1.88	THR	461		1	76-261,267-361	76-261,267-361	THR	/mnt/c/Users/drpat/OneDrive - UGent/Desktop/PD/Phospho-fill/Validation-allPDB/pdb_cache/8wjy.cif	THR	THR	OG1	CB	ok			140.85494018028382	LYS:163	LYS	NZ	6.430471885231923	0.0	0.0	GLU:257	GLU	OE1	3.7078507322160847	HOH:631	O	4.812476532589118	0.0	19.0	none_obvious			intermediate				0.0	0.0		unmodified	
P0DTC2	8X0Y	A	345	THR_single	1	1	1.94	THR	285		1	333-518,520-528	334-517,521-528	THR	/mnt/c/Users/drpat/OneDrive - UGent/Desktop/PD/Phospho-fill/Validation-allPDB/pdb_cache/8x0y.cif	THR	THR	OG1	CB	ok			-118.13538015196656	ARG:346	ARG	NE	5.164725750914653	0.0	1.0	ARG:346	ARG	NE	5.164725750914653	HOH:709	O	3.4967487790211074	1.0	13.0	water_mediated_like			intermediate				0.0	0.0		unmodified	
O43353	8X2O	B	111	THR_single	1	1	2.26	THR	61		2	9-49,55-171,188-316	9-49,55-171,188-316	THR	/mnt/c/Users/drpat/OneDrive - UGent/Desktop/PD/Phospho-fill/Validation-allPDB/pdb_cache/8x2o.cif	THR				missing_anchor_or_base																														
P0DTC2	8XI6	A	345	THR_single	1	1	2.3	THR	286		1	23,27-67,81-140,159-162,169-173,188-210,216-242,263-635,642-675,690-834,849-1141	23,27-67,81-140,159-162,169-173,188-210,216-242,263-635,642-675,690-834,849-1141	THR	/mnt/c/Users/drpat/OneDrive - UGent/Desktop/PD/Phospho-fill/Validation-allPDB/pdb_cache/8xi6.cif	THR	THR	OG1	CB	ok			114.76248850375005	ARG:509	ARG	NH1	7.305273016897692	0.0	0.0	ASN:343	ASN	OD1	7.250552507035515				0.0	8.0	none_obvious			intermediate				0.0	0.0		unmodified	
P0DTC2	8XSE	A	345	THR_single	1	1	2.5	THR	287		1	333-527	333-527	THR	/mnt/c/Users/drpat/OneDrive - UGent/Desktop/PD/Phospho-fill/Validation-allPDB/pdb_cache/8xse.cif	THR	THR	OG1	CB	ok			101.7103389219537	ARG:509	ARG	NH1	7.028018595519318	0.0	0.0	ARG:509	ARG	NH1	7.028018595519318				0.0	9.0	none_obvious			intermediate				0.0	0.0		unmodified	
P0DTC2	8XSF	B	345	THR_single	1	1	2.16	THR	288		1	333-527	333-527	THR	/mnt/c/Users/drpat/OneDrive - UGent/Desktop/PD/Phospho-fill/Validation-allPDB/pdb_cache/8xsf.cif	THR	THR	OG1	CB	ok			134.05217500010906	ARG:509	ARG	NH1	7.272441402357584	0.0	0.0	ARG:509	ARG	NH1	7.272441402357584				0.0	9.0	none_obvious			intermediate				0.0	0.0		unmodified	
P0DTC2	8XYH	A	345	THR_single	1	1	2.5	THR	289		1	16-622,637-676,689-1114	16-622,637-676,689-1114	THR	/mnt/c/Users/drpat/OneDrive - UGent/Desktop/PD/Phospho-fill/Validation-allPDB/pdb_cache/8xyh.cif	THR	THR	OG1	CB	ok			7.139505916797314	ARG:509	ARG	NH2	6.833370704938327	0.0	0.0	THR:346	THR	OG1	5.437740090215854				0.0	7.0	none_obvious			intermediate				0.0	0.0		unmodified	
P0DTC2	8YDP	B	345	THR_single	1	1	2.3	THR	290		1	334-526	334-526	THR	/mnt/c/Users/drpat/OneDrive - UGent/Desktop/PD/Phospho-fill/Validation-allPDB/pdb_cache/8ydp.cif	THR	THR	OG1	CB	ok			119.06282104455973	ARG:509	ARG	NH1	6.446156092152712	0.0	0.0	ARG:509	ARG	NH1	6.446156092152712				0.0	10.0	none_obvious			intermediate				0.0	0.0		unmodified	
P0DTC2	8YDQ	B	345	THR_single	1	1	1.9	THR	291		1	333-526	333-526	THR	/mnt/c/Users/drpat/OneDrive - UGent/Desktop/PD/Phospho-fill/Validation-allPDB/pdb_cache/8ydq.cif	THR	THR	OG1	CB	ok			127.17865309542289	ARG:346	ARG	NH1	4.856212131107646	0.0	1.0	ARG:346	ARG	NH1	4.856212131107646	HOH:761	O	4.249234314916474	0.0	12.0	none_obvious			intermediate				0.0	0.0		unmodified	
P0DTC2	8YDR	B	345	THR_single	1	1	2.3	THR	292		1	334-526	334-526	THR	/mnt/c/Users/drpat/OneDrive - UGent/Desktop/PD/Phospho-fill/Validation-allPDB/pdb_cache/8ydr.cif	THR	THR	OG1	CB	ok			138.99102014750105	ARG:509	ARG	NH1	6.929054968260483	0.0	0.0	ARG:509	ARG	NH1	6.929054968260483				0.0	11.0	none_obvious			intermediate				0.0	0.0		unmodified	
P0DTC2	8YDS	B	345	THR_single	1	1	1.9	THR	293		1	333-526	333-526	THR	/mnt/c/Users/drpat/OneDrive - UGent/Desktop/PD/Phospho-fill/Validation-allPDB/pdb_cache/8yds.cif	THR	THR	OG1	CB	ok			127.6327145871315	ARG:346	ARG	NE	6.734417246149823	0.0	0.0	ARG:346	ARG	NE	6.734417246149823	HOH:867	O	3.520677209131348	1.0	10.0	none_obvious			intermediate				0.0	0.0		unmodified	
P0DTC2	8YDT	B	345	THR_single	1	1	2.5	THR	294		1	334-526	334-526	THR	/mnt/c/Users/drpat/OneDrive - UGent/Desktop/PD/Phospho-fill/Validation-allPDB/pdb_cache/8ydt.cif	THR	THR	OG1	CB	ok			103.67374110659301	ARG:509	ARG	NH1	6.821829750596911	0.0	0.0	ARG:509	ARG	NH1	6.821829750596911				0.0	10.0	none_obvious			intermediate				0.0	0.0		unmodified	
P0DTC2	8YDU	B	345	THR_single	1	1	1.7	THR	295		1	334-370,372-526	334-370,372-526	THR	/mnt/c/Users/drpat/OneDrive - UGent/Desktop/PD/Phospho-fill/Validation-allPDB/pdb_cache/8ydu.cif	THR	THR	OG1	CB	ok			118.8376862022622	ARG:509	ARG	NH1	7.054976285343939	0.0	0.0	ARG:509	ARG	NH1	7.054976285343939				0.0	9.0	none_obvious			intermediate				0.0	0.0		unmodified	
P0DTC2	8YDV	D	345	THR_single	1	1	2.2	THR	296		1	333-526	333-526	THR	/mnt/c/Users/drpat/OneDrive - UGent/Desktop/PD/Phospho-fill/Validation-allPDB/pdb_cache/8ydv.cif	THR	THR	OG1	CB	ok			116.89497612525356	ARG:509	ARG	NH1	6.865142243941278	0.0	0.0	ARG:509	ARG	NH1	6.865142243941278	HOH:734	O	4.218926277249006	0.0	10.0	none_obvious			intermediate				0.0	0.0		unmodified	
P0DTC2	8YDW	B	345	THR_single	1	1	2.0	THR	297		1	334-526	334-526	THR	/mnt/c/Users/drpat/OneDrive - UGent/Desktop/PD/Phospho-fill/Validation-allPDB/pdb_cache/8ydw.cif	THR	THR	OG1	CB	ok			112.68006766883559	ARG:509	ARG	NH1	7.052414370587955	0.0	0.0	ASN:343	ASN	ND2	6.482094086275472				0.0	9.0	none_obvious			intermediate				0.0	0.0		unmodified	
P0DTC2	8YUB	C	345	THR_single	1	1	2.49	THR	298		1	333-529	333-529	THR	/mnt/c/Users/drpat/OneDrive - UGent/Desktop/PD/Phospho-fill/Validation-allPDB/pdb_cache/8yub.cif	THR	THR	OG1	CB	ok			126.22125916947904	ARG:509	ARG	NH2	7.0243718017571455	0.0	0.0	THR:346	THR	OG1	5.801484834979683	HOH:638	O	3.7589874803348264	1.0	10.0	none_obvious			intermediate				0.0	0.0		unmodified	
P0DTC2	9B0Y	B	345	THR_single	1	1	2.32	THR	299		1	27-68,77-147,152-244,254-481,483-624,632-676,689-833,843-1150	27-68,77-147,152-244,254-481,483-624,632-676,689-833,843-1150	THR	/mnt/c/Users/drpat/OneDrive - UGent/Desktop/PD/Phospho-fill/Validation-allPDB/pdb_cache/9b0y.cif	THR	THR	OG1	CB	ok			125.26908122143749	ARG:509	ARG	NH2	7.059478237111266	0.0	0.0	ARG:509	ARG	NH2	7.059478237111266				0.0	7.0	none_obvious			intermediate				0.0	0.0		unmodified	
P48730	9B3S	A	220	THR_single	1	1	2.4	THR	399		2	2-292,407-415	2-292,407-415	THR	/mnt/c/Users/drpat/OneDrive - UGent/Desktop/PD/Phospho-fill/Validation-allPDB/pdb_cache/9b3s.cif	THR	THR	OG1	CB	ok			115.53586388891954	LYS:221	LYS	CE	7.952947318665977	0.0	0.0	GLN:223	GLN	OE1	3.61507060285691	HOH:454	O	5.123047057804185	0.0	13.0	none_obvious			intermediate	SEP:316	SEP	15.495123745731727	0.0	0.0		unmodified	
O14965	9BZG	A	287	THR_single	1	1	1.8	THR	51		2	127-388	127-388	THR	/mnt/c/Users/drpat/OneDrive - UGent/Desktop/PD/Phospho-fill/Validation-allPDB/pdb_cache/9bzg.cif	THR	THR	OG1	CB	ok			-107.27876028195801	LYS:258	LYS	NZ	7.610467288706444	0.0	0.0	TYR:334	TYR	OH	3.6429648303597704	HOH:727	O	6.079028722009451	0.0	26.0	none_obvious			buried	TPO:288	TPO	6.472124277200993	1.0	1.0	TPO:288@6.47	unmodified	
P55011	9C0H	A	230	THR_single	1	1	2.5	THR	425		3	207-231,236-250,282-926,1022-1212	207-231,236-250,282-926,1022-1212	THR	/mnt/c/Users/drpat/OneDrive - UGent/Desktop/PD/Phospho-fill/Validation-allPDB/pdb_cache/9c0h.cif	THR	THR	OG1	CB	ok			7.157618223726834	ARG:348	ARG	NH2	7.858257989958227	0.0	0.0	ARG:348	ARG	NH2	7.858257989958227				0.0	5.0	none_obvious			intermediate	TPO:212	TPO	25.70734821985441	0.0	0.0		unmodified	
P0DTC2	9CXE	B	345	THR_single	1	1	2.48	THR	300		1	27-68,77-147,152-244,254-475,477-481,483-624,632-676,689-833,843-1150	27-68,77-147,152-244,254-475,477-481,483-624,632-676,689-833,843-1150	THR	/mnt/c/Users/drpat/OneDrive - UGent/Desktop/PD/Phospho-fill/Validation-allPDB/pdb_cache/9cxe.cif	THR	THR	OG1	CB	ok			129.47417245253257	ARG:509	ARG	NH2	7.115320192838528	0.0	0.0	ARG:509	ARG	NH2	7.115320192838528				0.0	8.0	none_obvious			intermediate				0.0	0.0		unmodified	
O96013	9D52	A	562	THR_single	1	1	2.449	THR	88		2	300-589	300-589	THR	/mnt/c/Users/drpat/OneDrive - UGent/Desktop/PD/Phospho-fill/Validation-allPDB/pdb_cache/9d52.cif	THR	THR	OG1	CB	ok			-105.71855217975367	HIS:432	HIS	ND1	7.235380098761712	0.0	0.0	GLU:565	GLU	OE2	4.249712004744406	HOH:732	O	5.713714278012215	0.0	23.0	none_obvious			intermediate	SEP:474	SEP	22.608710884594753	0.0	0.0		unmodified	
O96013	9D53	A	562	THR_single	1	1	2.468	THR	89		2	300-591	300-591	THR	/mnt/c/Users/drpat/OneDrive - UGent/Desktop/PD/Phospho-fill/Validation-allPDB/pdb_cache/9d53.cif	THR	THR	OG1	CB	ok			-103.46134471458572	ARG:551	ARG	NH1	7.265462811407019	0.0	0.0	GLU:565	GLU	OE1	3.7380672946791984				0.0	23.0	none_obvious			intermediate	SEP:474	SEP	22.471163386839407	0.0	0.0		unmodified	
P0DTC2	9DSG	A	345	THR_single	1	1	2.4	THR	301		1	333-528	333-528	THR	/mnt/c/Users/drpat/OneDrive - UGent/Desktop/PD/Phospho-fill/Validation-allPDB/pdb_cache/9dsg.cif	THR	THR	OG1	CB	ok			-117.52191245723162	ARG:346	ARG	NH1	4.654113660438381	0.0	1.0	ARG:346	ARG	NH1	4.654113660438381	HOH:603	O	3.7217421406130806	1.0	14.0	none_obvious			intermediate				0.0	0.0		unmodified	
O43353	9F3V	B	111	THR_single	1	1	1.943	THR	62		2	9-50,56-170,189-200,207-315	9-50,56-170,189-200,207-315	THR	/mnt/c/Users/drpat/OneDrive - UGent/Desktop/PD/Phospho-fill/Validation-allPDB/pdb_cache/9f3v.cif	THR	THR	OG1	CB	ok			121.87833587368006					0.0	0.0	GLN:315	GLN	NE2	6.821344824486908	HOH:524	O	5.03636789630475	0.0	8.0	none_obvious			intermediate				0.0	0.0		unmodified	
P0DTC2	9FC2	A	345	THR_single	1	1	1.21	THR	302		1	333-527	333-527	THR	/mnt/c/Users/drpat/OneDrive - UGent/Desktop/PD/Phospho-fill/Validation-allPDB/pdb_cache/9fc2.cif	THR	THR	OG1	CB	ok			-134.08328159536873	ARG:509	ARG	NH1	6.885215047174934	0.0	0.0	ARG:509	ARG	NH1	6.885215047174934	HOH:709	O	2.770517735085272	2.0	10.0	water_mediated_like			exposed				0.0	0.0		unmodified	
M1UWB5	9FMO	A	683	THR_single	1	1	2.487	THR	7		1	448-746,753-807	448-746,753-807	THR	/mnt/c/Users/drpat/OneDrive - UGent/Desktop/PD/Phospho-fill/Validation-allPDB/pdb_cache/9fmo.cif	THR	THR	OG1	CB	ok			120.14991620565121	HIS:650	HIS	CD2	5.033878256683151	0.0	1.0	GLU:677	GLU	OE2	3.7766374452731384	HOH:1007	O	3.7112125510652	1.0	22.0	none_obvious			intermediate				0.0	0.0		unmodified	
O14965	9GUC	A	288	THR_single	1	1	2.1	THR	52		2	124-275,288-391	124-275,288-391	THR	/mnt/c/Users/drpat/OneDrive - UGent/Desktop/PD/Phospho-fill/Validation-allPDB/pdb_cache/9guc.cif	THR	THR	OG1	CB	ok			-135.2840108283355					0.0	0.0								0.0	4.0	none_obvious			intermediate				0.0	0.0		unmodified	
P0DTC2	9GXE	A	345	THR_single	1	1	2.3	THR	303		1	14-71,75-618,633-676,689-828,834-841,848-1145	14-71,75-618,633-676,689-828,834-841,848-1145	THR	/mnt/c/Users/drpat/OneDrive - UGent/Desktop/PD/Phospho-fill/Validation-allPDB/pdb_cache/9gxe.cif	THR	THR	OG1	CB	ok			141.73185417901828	ARG:509	ARG	NH1	7.506664170735678	0.0	0.0	ASN:343	ASN	ND2	7.219192279395617				0.0	12.0	none_obvious			intermediate				0.0	0.0		unmodified	
P0DTC2	9GXG	A	345	THR_single	1	1	1.92	THR	304		1	14-70,76-618,633-676,689-1146	14-70,76-618,633-676,689-1146	THR	/mnt/c/Users/drpat/OneDrive - UGent/Desktop/PD/Phospho-fill/Validation-allPDB/pdb_cache/9gxg.cif	THR	THR	OG1	CB	ok			131.0105700561097	ARG:509	ARG	NH1	7.23269286895145	0.0	0.0	ASN:343	ASN	ND2	7.175977693188391				0.0	12.0	none_obvious			intermediate				0.0	0.0		unmodified	
Q9NZQ7	9I0U	A	127	THR_single	1	1	1.46	THR	510		1	18-134	18-134	THR	/mnt/c/Users/drpat/OneDrive - UGent/Desktop/PD/Phospho-fill/Validation-allPDB/pdb_cache/9i0u.cif	THR	THR	OG1	CB	ok			117.54330820862626	LYS:129	LYS	NZ	5.8461099720626875	0.0	1.0	LYS:129	LYS	NZ	5.8461099720626875	HOH:394	O	4.668644107421152	0.0	21.0	none_obvious			intermediate				0.0	0.0		unmodified	
Q9NZQ7	9I0W	B	127	THR_single	1	1	2.1	THR	511		1	18-133	18-133	THR	/mnt/c/Users/drpat/OneDrive - UGent/Desktop/PD/Phospho-fill/Validation-allPDB/pdb_cache/9i0w.cif	THR	THR	OG1	CB	ok			124.53964657527712	LYS:129	LYS	CE	5.6724345598073365	0.0	1.0	LYS:129	LYS	NZ	6.096986175014716				0.0	21.0	none_obvious			intermediate				0.0	0.0		unmodified	
Q9NZQ7	9IJT	A	127	THR_single	1	1	2.05	THR	512		1	18-134	18-134	THR	/mnt/c/Users/drpat/OneDrive - UGent/Desktop/PD/Phospho-fill/Validation-allPDB/pdb_cache/9ijt.cif	THR	THR	OG1	CB	ok			119.03723251336991	LYS:129	LYS	CE	6.031781598796301	0.0	0.0	LYS:129	LYS	NZ	6.227105721646867	HOH:206	O	3.0746182528646533	1.0	20.0	water_mediated_like			intermediate				0.0	0.0		unmodified	
P0DTC2	9IQP	A	345	THR_single	1	1	1.55	THR	305		1	332-527	332-527	THR	/mnt/c/Users/drpat/OneDrive - UGent/Desktop/PD/Phospho-fill/Validation-allPDB/pdb_cache/9iqp.cif	THR	THR	OG1	CB	ok			119.35298058215236	ARG:509	ARG	NH1	6.938707158965028	0.0	0.0	ARG:509	ARG	NH1	6.938707158965028	HOH:782	O	3.6217515572793353	1.0	9.0	none_obvious			intermediate				0.0	0.0		unmodified	
P0DTC2	9JEB	D	345	THR_single	1	1	2.3	THR	306		1	333-529	333-529	THR	/mnt/c/Users/drpat/OneDrive - UGent/Desktop/PD/Phospho-fill/Validation-allPDB/pdb_cache/9jeb.cif	THR	THR	OG1	CB	ok			120.13122491029593	ARG:346	ARG	NH2	5.9599250701093816	0.0	1.0	ARG:346	ARG	NH2	5.9599250701093816	HOH:819	O	3.8272133566399837	1.0	10.0	none_obvious			intermediate				0.0	0.0		unmodified	
Q99640	9LGN	B	260	THR_single	1	1	2.03	THR	462		1	77-260,265-361	77-260,265-361	THR	/mnt/c/Users/drpat/OneDrive - UGent/Desktop/PD/Phospho-fill/Validation-allPDB/pdb_cache/9lgn.cif	THR	THR	OG1	CB	ok			124.26477507348667					0.0	0.0					HOH:504	O	7.0266951116861645	0.0	4.0	none_obvious			intermediate				0.0	0.0		unmodified	
P0DTC2	9LH2	A	345	THR_single	1	1	2.3	THR	307		1	334-529	334-529	THR	/mnt/c/Users/drpat/OneDrive - UGent/Desktop/PD/Phospho-fill/Validation-allPDB/pdb_cache/9lh2.cif	THR	THR	OG1	CB	ok			125.69344708570708	ARG:509	ARG	NH1	7.13174909219956	0.0	0.0	ARG:509	ARG	NH1	7.13174909219956	HOH:764	O	4.539221931185439	0.0	9.0	none_obvious			intermediate				0.0	0.0		unmodified	
Q99640	9LID	B	260	THR_single	1	1	2.06	THR	463		1	77-86,93-361	77-86,93-361	THR	/mnt/c/Users/drpat/OneDrive - UGent/Desktop/PD/Phospho-fill/Validation-allPDB/pdb_cache/9lid.cif	THR	THR	OG1	CB	ok			-119.92053595258689					0.0	0.0								0.0	8.0	none_obvious			intermediate				0.0	0.0		unmodified	
P0DTC2	9ML8	A	345	THR_single	1	1	2.4	THR	308		1	333-528	333-528	THR	/mnt/c/Users/drpat/OneDrive - UGent/Desktop/PD/Phospho-fill/Validation-allPDB/pdb_cache/9ml8.cif	THR	THR	OG1	CB	ok			123.72530812921707	ARG:509	ARG	NH1	7.137757362373204	0.0	0.0	ARG:509	ARG	NH1	7.137757362373204				0.0	10.0	none_obvious			intermediate				0.0	0.0		unmodified	
O00267	9MLC	Z	775	THR_single	1	1	2.4	THR	8		2	160-397,417-645,702-767,771-781	160-397,417-645,702-767,771-781	THR	/mnt/c/Users/drpat/OneDrive - UGent/Desktop/PD/Phospho-fill/Validation-allPDB/pdb_cache/9mlc.cif	THR				missing_anchor_or_base																														
P49841	9PE9	A	277	THR_single	1	1	2.11	THR	421		3	36-45,48-119,125-285,294-382	36-45,48-119,125-285,294-382	THR	/mnt/c/Users/drpat/OneDrive - UGent/Desktop/PD/Phospho-fill/Validation-allPDB/pdb_cache/9pe9.cif	THR	THR	OG1	CB	ok			-109.90120316438032	ARG:278	ARG	NH1	4.141852042011759	0.0	1.0	GLN:280	GLN	OE1	3.467323144035263	HOH:1092	O	5.142399752398067	0.0	28.0	hbond_like			buried	PTR:216	PTR	25.867856974853417	0.0	0.0		unmodified	
