acc_id	pdb_id	chain_id	target_position	subset_class	n_target_sites	n_context_sites	input_resolution	expected_resname	source_row_index	master_phospho_sites	master_site_count	mapped_uniprot_range	observed_uniprot_range	target_site_residues	structure_file	actual_resname	residue_class	anchor_atom	base_atom	status	d_anchor_p	angle_base_anchor_p	torsion_CD1_CE1_CZ_OH	nearest_basic_label	nearest_basic_resname	nearest_basic_atom	nearest_basic_dist	n_basic_within4	n_basic_within6	nearest_polar_label	nearest_polar_resname	nearest_polar_atom	nearest_polar_dist	nearest_water_label	nearest_water_atom	nearest_water_dist	n_water_within4	nonwater_heavy_within6	interaction_class	secondary_structure	rsa	exposure_class	nearest_other_ptm_label	nearest_other_ptm_resname	nearest_other_ptm_dist	n_other_ptm_within8	n_other_ptm_within12	other_ptm_neighbors	audit_mode	torsion_N_CA_CB_OG1
P06241	10DJ	A	531	TYR_single	1	1	2.22	TYR	249		1	263-531	263-531	TYR	/mnt/c/Users/drpat/OneDrive - UGent/Desktop/PD/Phospho-fill/Validation-allPDB/pdb_cache/10dj.cif	TYR	TYR	OH	CZ	ok			-0.12265572255030893					0.0	0.0	GLN:530	GLN	OE1	3.712278842105012				0.0	6.0	none_obvious			intermediate				0.0	0.0		unmodified	
P01112	121P	A	64	TYR_single	1	1	1.54	TYR	105		1	1-166	1-166	TYR	/mnt/c/Users/drpat/OneDrive - UGent/Desktop/PD/Phospho-fill/Validation-allPDB/pdb_cache/121p.cif	TYR	TYR	OH	CZ	ok			-2.8711654716034647					0.0	0.0	GLU:63	GLU	OE1	7.653763664093673	HOH:281	O	4.223625793204102	0.0	2.0	none_obvious			intermediate				0.0	0.0		unmodified	
P01112	1AGP	A	64	TYR_single	1	1	2.3	TYR	106		1	1-166	1-166	TYR	/mnt/c/Users/drpat/OneDrive - UGent/Desktop/PD/Phospho-fill/Validation-allPDB/pdb_cache/1agp.cif	TYR	TYR	OH	CZ	ok			2.6285320030846866					0.0	0.0	GLU:63	GLU	OE1	4.557263455728712	HOH:412	O	3.1141262872620366	1.0	11.0	water_mediated_like			intermediate				0.0	0.0		unmodified	
P24941	1AQ1	A	15	TYR_single	1	1	2.0	TYR	281		3	1-35,44-148,162-298	1-35,44-148,162-298	TYR	/mnt/c/Users/drpat/OneDrive - UGent/Desktop/PD/Phospho-fill/Validation-allPDB/pdb_cache/1aq1.cif	TYR	TYR	OH	CZ	ok			-0.554488810229266	LYS:33	LYS	NZ	6.863876314771785	0.0	0.0	ASP:145	ASP	OD1	6.0263125689523935	HOH:395	O	5.296342952944189	0.0	9.0	none_obvious			intermediate				0.0	0.0		unmodified	
P06786	1BJT	A	782	TYR_single	1	1	2.5	TYR	260		1	419-484,490-526,532-631,653-659,675-1071,1107-1178	419-484,490-526,532-631,653-659,675-1071,1107-1178	TYR	/mnt/c/Users/drpat/OneDrive - UGent/Desktop/PD/Phospho-fill/Validation-allPDB/pdb_cache/1bjt.cif	TYR	TYR	OH	CZ	ok			1.0631058040269052	ARG:781	ARG	CZ	3.5412361794508462	1.0	1.0	ARG:781	ARG	NE	3.669590633173265				0.0	8.0	none_obvious			intermediate				0.0	0.0		unmodified	
P24941	1CKP	A	15	TYR_single	1	1	2.05	TYR	282		3	1-35,44-152,164-298	1-35,44-152,164-298	TYR	/mnt/c/Users/drpat/OneDrive - UGent/Desktop/PD/Phospho-fill/Validation-allPDB/pdb_cache/1ckp.cif	TYR	TYR	OH	CZ	ok			0.525101859481152	HIS:125	HIS	NE2	6.8240218468774225	0.0	0.0	THR:14	THR	OG1	4.511854778053909	HOH:391	O	2.814158262915097	2.0	28.0	water_mediated_like			exposed				0.0	0.0		unmodified	
P01112	1CLU	A	64	TYR_single	1	1	1.7	TYR	107		1	1-31,38-166	1-31,38-166	TYR	/mnt/c/Users/drpat/OneDrive - UGent/Desktop/PD/Phospho-fill/Validation-allPDB/pdb_cache/1clu.cif	TYR				missing_anchor_or_base																														
P01112	1CTQ	A	64	TYR_single	1	1	1.26	TYR	108		1	1-166	1-166	TYR	/mnt/c/Users/drpat/OneDrive - UGent/Desktop/PD/Phospho-fill/Validation-allPDB/pdb_cache/1ctq.cif	TYR	TYR	OH	CZ	ok			-0.1455727836750284					0.0	0.0	GLN:61	GLN	OE1	3.1020474248644816	HOH:1126	O	4.289096288805167	0.0	17.0	hbond_like			intermediate				0.0	0.0		unmodified	
P06612	1CY0	A	319	TYR_single	1	1	2.45	TYR	250		1	2-38,66-438,449-572	2-38,66-438,449-572	TYR	/mnt/c/Users/drpat/OneDrive - UGent/Desktop/PD/Phospho-fill/Validation-allPDB/pdb_cache/1cy0.cif	TYR	TYR	OH	CZ	ok			1.5472873636113318	ARG:321	ARG	NE	3.9831017882856274	1.0	1.0	ASP:113	ASP	OD1	3.4014697924210058	HOH:634	O	5.648902043999722	0.0	38.0	hbond_like			buried				0.0	0.0		unmodified	
P06612	1CY1	A	319	TYR_single	1	1	2.3	TYR	251		1	2-38,64-356,363-441,449-596	2-38,64-356,363-441,449-596	TYR	/mnt/c/Users/drpat/OneDrive - UGent/Desktop/PD/Phospho-fill/Validation-allPDB/pdb_cache/1cy1.cif	TYR	TYR	OH	CZ	ok			-0.6008354044426495	ARG:321	ARG	NH1	3.857517337300649	1.0	1.0	ASP:113	ASP	OD2	2.7700694988818046	HOH:732	O	2.443631846771009	1.0	39.0	hbond_like			buried				0.0	0.0		unmodified	
P06612	1CY2	A	319	TYR_single	1	1	2.3	TYR	252		1	2-38,62-356,364-441,448-594	2-38,62-356,364-441,448-594	TYR	/mnt/c/Users/drpat/OneDrive - UGent/Desktop/PD/Phospho-fill/Validation-allPDB/pdb_cache/1cy2.cif	TYR	TYR	OH	CZ	ok			0.364396741438417	ARG:321	ARG	NH1	4.155227816998309	0.0	1.0	ASP:113	ASP	OD2	2.640843067875869	HOH:750	O	2.3521137465800854	2.0	37.0	hbond_like			exposed				0.0	0.0		unmodified	
P06612	1CY6	A	319	TYR_single	1	1	2.5	TYR	253		1	2-39,62-356,364-442,446-595	2-39,62-356,364-442,446-595	TYR	/mnt/c/Users/drpat/OneDrive - UGent/Desktop/PD/Phospho-fill/Validation-allPDB/pdb_cache/1cy6.cif	TYR	TYR	OH	CZ	ok			-0.28626584428834945	ARG:321	ARG	NH1	4.105453787809027	0.0	1.0	ASP:113	ASP	OD1	3.2735688423567466	HOH:1074	O	2.86070531325458	2.0	33.0	hbond_like			exposed				0.0	0.0		unmodified	
P06612	1CY7	A	319	TYR_single	1	1	2.4	TYR	254		1	2-39,62-355,359-441,449-596	2-39,62-355,359-441,449-596	TYR	/mnt/c/Users/drpat/OneDrive - UGent/Desktop/PD/Phospho-fill/Validation-allPDB/pdb_cache/1cy7.cif	TYR	TYR	OH	CZ	ok			1.1462387694581657	ARG:321	ARG	NH1	4.120707071706824	0.0	1.0	ASP:113	ASP	OD1	3.341739750146642	HOH:707	O	2.5429304155153845	2.0	39.0	hbond_like			exposed				0.0	0.0		unmodified	
P06612	1CY8	A	319	TYR_single	1	1	2.45	TYR	255		1	2-38,62-356,365-595	2-38,62-356,365-595	TYR	/mnt/c/Users/drpat/OneDrive - UGent/Desktop/PD/Phospho-fill/Validation-allPDB/pdb_cache/1cy8.cif	TYR	TYR	OH	CZ	ok			0.4167427453698461	ARG:321	ARG	NH1	4.045749577295926	0.0	1.0	ASP:113	ASP	OD2	3.3422668517789136	HOH:711	O	2.618118780625413	2.0	35.0	hbond_like			exposed				0.0	0.0		unmodified	
P06612	1CY9	A	319	TYR_single	1	1	1.8	TYR	256		1	214-357,365-438,447-473	214-357,365-438,447-473	TYR	/mnt/c/Users/drpat/OneDrive - UGent/Desktop/PD/Phospho-fill/Validation-allPDB/pdb_cache/1cy9.cif	TYR	TYR	OH	CZ	ok			0.11824239663421919	ARG:321	ARG	NE	5.931217238391887	0.0	1.0	ARG:321	ARG	NE	5.931217238391887	HOH:559	O	2.8061687962380186	1.0	10.0	water_mediated_like			intermediate				0.0	0.0		unmodified	
P06612	1CYY	B	319	TYR_single	1	1	2.15	TYR	257		1	214-357,363-441,447-474	214-357,363-441,447-474	TYR	/mnt/c/Users/drpat/OneDrive - UGent/Desktop/PD/Phospho-fill/Validation-allPDB/pdb_cache/1cyy.cif	TYR	TYR	OH	CZ	ok			0.07541806103661	ARG:321	ARG	NE	5.795758737581469	0.0	1.0	ARG:321	ARG	NE	5.795758737581469	HOH:611	O	3.1381605564528474	2.0	10.0	water_mediated_like			exposed				0.0	0.0		unmodified	
P24941	1DI8	A	15	TYR_single	1	1	2.2	TYR	283		3	1-36,43-152,162-298	1-36,43-152,162-298	TYR	/mnt/c/Users/drpat/OneDrive - UGent/Desktop/PD/Phospho-fill/Validation-allPDB/pdb_cache/1di8.cif	TYR	TYR	OH	CZ	ok			-0.35380474324500893	ARG:126	ARG	NH2	6.74275827870979	0.0	0.0	THR:14	THR	OG1	6.268945862882918	HOH:550	O	5.3761234038276955	0.0	18.0	none_obvious			intermediate				0.0	0.0		unmodified	
P24941	1DM2	A	15	TYR_single	1	1	2.1	TYR	284		3	1-35,45-148,164-298	1-35,45-148,164-298	TYR	/mnt/c/Users/drpat/OneDrive - UGent/Desktop/PD/Phospho-fill/Validation-allPDB/pdb_cache/1dm2.cif	TYR	TYR	OH	CZ	ok			-1.0449977790152056					0.0	0.0								0.0	8.0	none_obvious			intermediate				0.0	0.0		unmodified	
P06612	1ECL	A	319	TYR_single	1	1	1.9	TYR	258		1	2-38,62-356,365-441,448-590	2-38,62-356,365-441,448-590	TYR	/mnt/c/Users/drpat/OneDrive - UGent/Desktop/PD/Phospho-fill/Validation-allPDB/pdb_cache/1ecl.cif	TYR	TYR	OH	CZ	ok			-1.8642306513811087	ARG:321	ARG	NE	4.236012647123119	0.0	1.0	ASP:113	ASP	OD2	3.308313390683318	HOH:653	O	2.4691379111622154	2.0	34.0	hbond_like			exposed				0.0	0.0		unmodified	
P00520	1FPU	A	393	TYR_single	1	1	2.4	TYR	53		1	229-499	229-499	TYR	/mnt/c/Users/drpat/OneDrive - UGent/Desktop/PD/Phospho-fill/Validation-allPDB/pdb_cache/1fpu.cif	TYR	TYR	OH	CZ	ok			-0.11285089486203495	ARG:367	ARG	NE	2.676862325834973	1.0	1.0	ASP:363	ASP	OD2	2.5287344129674487	HOH:571	O	4.025920235823088	0.0	34.0	salt_bridge_like			buried				0.0	0.0		unmodified	
P24941	1FVT	A	15	TYR_single	1	1	2.2	TYR	285		3	1-36,44-153,163-298	1-36,44-153,163-298	TYR	/mnt/c/Users/drpat/OneDrive - UGent/Desktop/PD/Phospho-fill/Validation-allPDB/pdb_cache/1fvt.cif	TYR	TYR	OH	CZ	ok			0.3126639018529954	ARG:126	ARG	NH2	7.712444720377138	0.0	0.0	THR:14	THR	OG1	5.7775332512745905	HOH:342	O	4.453135909239187	0.0	24.0	none_obvious			buried				0.0	0.0		unmodified	
P24941	1GII	A	15	TYR_single	1	1	2.0	TYR	286		3	1-35,44-152,164-298	1-35,44-152,164-298	TYR	/mnt/c/Users/drpat/OneDrive - UGent/Desktop/PD/Phospho-fill/Validation-allPDB/pdb_cache/1gii.cif	TYR	TYR	OH	CZ	ok			-0.5629012390655183	ARG:126	ARG	NE	6.666733545271349	0.0	0.0	ARG:126	ARG	NE	6.666733545271349	HOH:623	O	6.851903989837033	0.0	17.0	none_obvious			intermediate				0.0	0.0		unmodified	
P24941	1GIJ	A	15	TYR_single	1	1	2.2	TYR	287		3	1-36,48-149,164-298	1-36,48-149,164-298	TYR	/mnt/c/Users/drpat/OneDrive - UGent/Desktop/PD/Phospho-fill/Validation-allPDB/pdb_cache/1gij.cif	TYR	TYR	OH	CZ	ok			1.7039992379539068	ARG:36	ARG	NH2	6.729521525386283	0.0	0.0	THR:14	THR	OG1	6.044860447948945				0.0	10.0	none_obvious			intermediate				0.0	0.0		unmodified	
P01112	1GNQ	A	64	TYR_single	1	1	2.5	TYR	109		1	1-166	1-166	TYR	/mnt/c/Users/drpat/OneDrive - UGent/Desktop/PD/Phospho-fill/Validation-allPDB/pdb_cache/1gnq.cif	TYR	TYR	OH	CZ	ok			3.9794784257109663	ARG:68	ARG	NH1	6.006394438408394	0.0	0.0	GLU:37	GLU	OE1	2.7670105252495087	HOH:173	O	7.659436529906718	0.0	39.0	hbond_like			buried				0.0	0.0		unmodified	
P01112	1GNR	A	64	TYR_single	1	1	1.85	TYR	110		1	1-166	1-166	TYR	/mnt/c/Users/drpat/OneDrive - UGent/Desktop/PD/Phospho-fill/Validation-allPDB/pdb_cache/1gnr.cif	TYR	TYR	OH	CZ	ok			-1.1610566163695335	ARG:68	ARG	NH1	6.464837863181826	0.0	0.0	GLU:37	GLU	OE2	3.3275777363353582	HOH:470	O	5.507485406225912	0.0	40.0	hbond_like			buried				0.0	0.0		unmodified	
P24941	1H00	A	15	TYR_single	1	1	1.6	TYR	288		3	1-12,15-35,44-151,162-298	1-12,15-35,44-151,162-298	TYR	/mnt/c/Users/drpat/OneDrive - UGent/Desktop/PD/Phospho-fill/Validation-allPDB/pdb_cache/1h00.cif	TYR				missing_anchor_or_base																														
P24941	1H08	A	15	TYR_single	1	1	1.8	TYR	289		3	1-35,44-153,161-298	1-35,44-153,161-298	TYR	/mnt/c/Users/drpat/OneDrive - UGent/Desktop/PD/Phospho-fill/Validation-allPDB/pdb_cache/1h08.cif	TYR	TYR	OH	CZ	ok			2.3254931615645873	LYS:33	LYS	NZ	5.604150631436289	0.0	2.0	THR:14	THR	OG1	4.6550541469721605	HOH:2072	O	3.64990030684947	1.0	30.0	none_obvious			buried				0.0	0.0		unmodified	
P24941	1H0V	A	15	TYR_single	1	1	1.9	TYR	290		3	1-36,44-158,162-298	1-36,44-158,162-298	TYR	/mnt/c/Users/drpat/OneDrive - UGent/Desktop/PD/Phospho-fill/Validation-allPDB/pdb_cache/1h0v.cif	TYR	TYR	OH	CZ	ok			-0.84302948209155	LYS:129	LYS	NZ	7.4351034941365866	0.0	0.0	THR:14	THR	OG1	5.478901349784762	HOH:2024	O	2.717088623372248	1.0	38.0	water_mediated_like			buried				0.0	0.0		unmodified	
P24941	1H0W	A	15	TYR_single	1	1	2.1	TYR	291		3	1-36,44-156,165-298	1-36,44-156,165-298	TYR	/mnt/c/Users/drpat/OneDrive - UGent/Desktop/PD/Phospho-fill/Validation-allPDB/pdb_cache/1h0w.cif	TYR	TYR	OH	CZ	ok			0.28596029398684125	ARG:126	ARG	NH2	5.769363562583626	0.0	1.0	THR:14	THR	OG1	5.057625001915285	HOH:2008	O	2.6049740192080213	1.0	33.0	water_mediated_like			buried				0.0	0.0		unmodified	
P00520	1IEP	A	393	TYR_single	1	1	2.1	TYR	54		1	229-498	229-498	TYR	/mnt/c/Users/drpat/OneDrive - UGent/Desktop/PD/Phospho-fill/Validation-allPDB/pdb_cache/1iep.cif	TYR	TYR	OH	CZ	ok			0.3523330767811028	ARG:367	ARG	NE	2.8865054017917453	1.0	1.0	ASP:363	ASP	OD2	2.52753077902698	HOH:47	O	3.9512277612339637	1.0	37.0	salt_bridge_like			buried				0.0	0.0		unmodified	
P01112	1JAH	A	64	TYR_single	1	1	1.8	TYR	111		1	1-166	1-166	TYR	/mnt/c/Users/drpat/OneDrive - UGent/Desktop/PD/Phospho-fill/Validation-allPDB/pdb_cache/1jah.cif	TYR	TYR	OH	CZ	ok			-3.464579850941996	ARG:68	ARG	NE	7.467798179528553	0.0	0.0	GLU:37	GLU	OE1	2.8680847254441066	HOH:180	O	7.788867628179958	0.0	39.0	hbond_like			buried				0.0	0.0		unmodified	
P01112	1JAI	A	64	TYR_single	1	1	1.8	TYR	112		1	1-166	1-166	TYR	/mnt/c/Users/drpat/OneDrive - UGent/Desktop/PD/Phospho-fill/Validation-allPDB/pdb_cache/1jai.cif	TYR	TYR	OH	CZ	ok			0.20504315871758022	ARG:68	ARG	NH1	7.420969719390436	0.0	0.0	GLU:37	GLU	OE1	3.4066757821168867	HOH:180	O	7.227653614476498	0.0	48.0	hbond_like			buried				0.0	0.0		unmodified	
P46527	1JSU	C	74	TYR_single	1	1	2.3	TYR	502		2	25-93	25-93	TYR	/mnt/c/Users/drpat/OneDrive - UGent/Desktop/PD/Phospho-fill/Validation-allPDB/pdb_cache/1jsu.cif	TYR	TYR	OH	CZ	ok			1.7525440704447899	LYS:59	LYS	CE	4.1401028769674415	0.0	2.0	LYS:59	LYS	NZ	4.861135632246771				0.0	17.0	none_obvious			intermediate				0.0	0.0		unmodified	
P24941	1KE5	A	15	TYR_single	1	1	2.2	TYR	292		3	1-36,44-152,163-298	1-36,44-152,163-298	TYR	/mnt/c/Users/drpat/OneDrive - UGent/Desktop/PD/Phospho-fill/Validation-allPDB/pdb_cache/1ke5.cif	TYR	TYR	OH	CZ	ok			-0.5059642401004985	ARG:126	ARG	NH2	7.404179976573871	0.0	0.0	THR:14	THR	OG1	6.48103320941367	HOH:332	O	5.337980307698867	0.0	20.0	none_obvious			intermediate				0.0	0.0		unmodified	
P24941	1KE6	A	15	TYR_single	1	1	2.0	TYR	293		3	1-36,44-152,164-298	1-36,44-152,164-298	TYR	/mnt/c/Users/drpat/OneDrive - UGent/Desktop/PD/Phospho-fill/Validation-allPDB/pdb_cache/1ke6.cif	TYR	TYR	OH	CZ	ok			-0.085109018031038	ARG:126	ARG	NH2	7.192751471133691	0.0	0.0	THR:14	THR	OG1	6.129256370308169	HOH:331	O	5.051740132689594	0.0	16.0	none_obvious			intermediate				0.0	0.0		unmodified	
P24941	1KE7	A	15	TYR_single	1	1	2.0	TYR	294		3	1-36,44-152,163-298	1-36,44-152,163-298	TYR	/mnt/c/Users/drpat/OneDrive - UGent/Desktop/PD/Phospho-fill/Validation-allPDB/pdb_cache/1ke7.cif	TYR	TYR	OH	CZ	ok			-0.004798095060434612	ARG:126	ARG	NH2	6.942915820594753	0.0	0.0	THR:14	THR	OG1	6.0576296733608554	HOH:325	O	5.01558498770385	0.0	21.0	none_obvious			intermediate				0.0	0.0		unmodified	
P24941	1KE8	A	15	TYR_single	1	1	2.0	TYR	295		3	1-36,44-153,163-298	1-36,44-153,163-298	TYR	/mnt/c/Users/drpat/OneDrive - UGent/Desktop/PD/Phospho-fill/Validation-allPDB/pdb_cache/1ke8.cif	TYR	TYR	OH	CZ	ok			0.22196251332212302	ARG:126	ARG	NH2	7.264536713575656	0.0	0.0	THR:14	THR	OG1	6.817175753266541	HOH:329	O	5.7425484201837715	0.0	24.0	none_obvious			buried				0.0	0.0		unmodified	
P24941	1KE9	A	15	TYR_single	1	1	2.0	TYR	296		3	1-36,44-152,163-298	1-36,44-152,163-298	TYR	/mnt/c/Users/drpat/OneDrive - UGent/Desktop/PD/Phospho-fill/Validation-allPDB/pdb_cache/1ke9.cif	TYR	TYR	OH	CZ	ok			-0.36219621326830787	ARG:126	ARG	NH2	6.7477500797097	0.0	0.0	THR:14	THR	OG1	6.269026269804466	HOH:329	O	5.0070743902619705	0.0	18.0	none_obvious			intermediate				0.0	0.0		unmodified	
P47811	1LEZ	A	182	TYR_single	1	1	2.3	TYR	505		2	4-174,182-353	4-174,182-353	TYR	/mnt/c/Users/drpat/OneDrive - UGent/Desktop/PD/Phospho-fill/Validation-allPDB/pdb_cache/1lez.cif	TYR	TYR	OH	CZ	ok			-0.5194902706435484					0.0	0.0	TRP:187	TRP	NE1	6.2778060584013415				0.0	10.0	none_obvious			intermediate				0.0	0.0		unmodified	
P01112	1LF0	A	64	TYR_single	1	1	1.7	TYR	113		1	1-166	1-166	TYR	/mnt/c/Users/drpat/OneDrive - UGent/Desktop/PD/Phospho-fill/Validation-allPDB/pdb_cache/1lf0.cif	TYR	TYR	OH	CZ	ok			0.1025861351824831	ARG:102	ARG	NH1	6.098409283884065	0.0	0.0	ASP:69	ASP	OD2	4.481702419855706	HOH:372	O	2.795298647768066	2.0	13.0	water_mediated_like			exposed				0.0	0.0		unmodified	
P24941	1OIT	A	15	TYR_single	1	1	1.6	TYR	297		3	3-25,27-35,47-151,163-298	3-25,27-35,47-151,163-298	TYR	/mnt/c/Users/drpat/OneDrive - UGent/Desktop/PD/Phospho-fill/Validation-allPDB/pdb_cache/1oit.cif	TYR	TYR	OH	CZ	ok			0.09360033341732195	ARG:126	ARG	NE	7.822723568758079	0.0	0.0	THR:14	THR	OG1	5.951544218632195	HOH:2010	O	2.150464141277128	2.0	17.0	water_mediated_like			exposed				0.0	0.0		unmodified	
P01112	1P2S	A	64	TYR_single	1	1	2.45	TYR	114		1	1-166	1-166	TYR	/mnt/c/Users/drpat/OneDrive - UGent/Desktop/PD/Phospho-fill/Validation-allPDB/pdb_cache/1p2s.cif	TYR	TYR	OH	CZ	ok			-0.6352656853525802					0.0	0.0	GLN:61	GLN	OE1	4.317213744893561	HOH:204	O	6.6912233622625354	0.0	11.0	none_obvious			intermediate				0.0	0.0		unmodified	
P01112	1P2V	A	64	TYR_single	1	1	2.3	TYR	115		1	1-166	1-166	TYR	/mnt/c/Users/drpat/OneDrive - UGent/Desktop/PD/Phospho-fill/Validation-allPDB/pdb_cache/1p2v.cif	TYR	TYR	OH	CZ	ok			-0.11800281261829569					0.0	0.0	GLN:61	GLN	OE1	3.55958942625208	HOH:1888	O	6.202542814747871	0.0	14.0	none_obvious			intermediate				0.0	0.0		unmodified	
P01112	1Q21	A	64	TYR_single	1	1	2.2	TYR	116		1	1-171	1-171	TYR	/mnt/c/Users/drpat/OneDrive - UGent/Desktop/PD/Phospho-fill/Validation-allPDB/pdb_cache/1q21.cif	TYR	TYR	OH	CZ	ok			0.7813232141369956	LYS:88	LYS	NZ	2.9273575537559813	1.0	1.0	LYS:88	LYS	NZ	2.9273575537559813	HOH:224	O	6.430775931492254	0.0	10.0	salt_bridge_like			intermediate				0.0	0.0		unmodified	
Q92731	1QKM	A	488	TYR_single	1	1	1.8	TYR	564		1	260-285,292-414,420-500	260-285,292-414,420-500	TYR	/mnt/c/Users/drpat/OneDrive - UGent/Desktop/PD/Phospho-fill/Validation-allPDB/pdb_cache/1qkm.cif	TYR	TYR	OH	CZ	ok			0.2397227698485823					0.0	0.0	GLU:332	GLU	OE2	2.585368235128196	HOH:2044	O	6.035415454431824	0.0	11.0	hbond_like			intermediate				0.0	0.0		unmodified	
P01112	1QRA	A	64	TYR_single	1	1	1.6	TYR	117		1	1-166	1-166	TYR	/mnt/c/Users/drpat/OneDrive - UGent/Desktop/PD/Phospho-fill/Validation-allPDB/pdb_cache/1qra.cif	TYR	TYR	OH	CZ	ok			-0.005887195565884731					0.0	0.0	GLN:61	GLN	OE1	5.105336635319517	HOH:1097	O	5.392070426148156	0.0	11.0	none_obvious			intermediate				0.0	0.0		unmodified	
P24941	1R78	A	15	TYR_single	1	1	2.0	TYR	298		3	1-37,47-147,164-298	1-37,47-147,164-298	TYR	/mnt/c/Users/drpat/OneDrive - UGent/Desktop/PD/Phospho-fill/Validation-allPDB/pdb_cache/1r78.cif	TYR	TYR	OH	CZ	ok			0.201981876823377	ARG:126	ARG	NE	6.9681709813931185	0.0	0.0	THR:14	THR	OG1	6.237938986338669				0.0	4.0	none_obvious			intermediate				0.0	0.0		unmodified	
P01112	1RVD	A	64	TYR_single	1	1	1.9	TYR	118		1	1-31,38-166	1-31,38-166	TYR	/mnt/c/Users/drpat/OneDrive - UGent/Desktop/PD/Phospho-fill/Validation-allPDB/pdb_cache/1rvd.cif	TYR				missing_anchor_or_base																														
Q92731	1U3Q	B	488	TYR_single	1	1	2.4	TYR	565		1	261-410,421-497	261-410,421-497	TYR	/mnt/c/Users/drpat/OneDrive - UGent/Desktop/PD/Phospho-fill/Validation-allPDB/pdb_cache/1u3q.cif	TYR	TYR	OH	CZ	ok			-0.494062218653666	LYS:300	LYS	CE	5.620212581206386	0.0	1.0	THR:299	THR	OG1	4.251359205771531	HOH:182	O	6.630610830997625	0.0	18.0	none_obvious			intermediate				0.0	0.0		unmodified	
Q92731	1U3R	A	488	TYR_single	1	1	2.21	TYR	566		1	263-410,418-500	263-410,418-500	TYR	/mnt/c/Users/drpat/OneDrive - UGent/Desktop/PD/Phospho-fill/Validation-allPDB/pdb_cache/1u3r.cif	TYR	TYR	OH	CZ	ok			0.18889949363115643	LYS:300	LYS	CE	4.727198106565992	0.0	1.0	THR:299	THR	OG1	4.736640623717914	HOH:16	O	7.402375021908174	0.0	23.0	none_obvious			intermediate				0.0	0.0		unmodified	
Q92731	1U3S	A	488	TYR_single	1	1	2.5	TYR	567		1	263-411,420-497	263-411,420-497	TYR	/mnt/c/Users/drpat/OneDrive - UGent/Desktop/PD/Phospho-fill/Validation-allPDB/pdb_cache/1u3s.cif	TYR	TYR	OH	CZ	ok			-1.287438081794622	LYS:300	LYS	CE	5.326964591763597	0.0	1.0	THR:299	THR	OG1	3.809463576265634	HOH:66	O	5.392766876230498	0.0	30.0	none_obvious			buried				0.0	0.0		unmodified	
Q07912	1U46	B	284	TYR_single	1	1	2.0	TYR	531		1	117-133,138-159,171-222,225-390	117-133,138-159,171-222,225-390	TYR	/mnt/c/Users/drpat/OneDrive - UGent/Desktop/PD/Phospho-fill/Validation-allPDB/pdb_cache/1u46.cif	TYR	TYR	OH	CZ	ok			0.5267710885786445	ARG:275	ARG	NE	3.574843216248948	1.0	3.0	ARG:275	ARG	NE	3.574843216248948	HOH:480	O	3.4893413713760357	1.0	18.0	water_mediated_like			intermediate				0.0	0.0		unmodified	
Q07912	1U4D	B	284	TYR_single	1	1	2.1	TYR	532		1	117-160,170-221,225-390	117-160,170-221,225-390	TYR	/mnt/c/Users/drpat/OneDrive - UGent/Desktop/PD/Phospho-fill/Validation-allPDB/pdb_cache/1u4d.cif	TYR	TYR	OH	CZ	ok			-0.18299296422353628	ARG:275	ARG	NE	3.67751589686534	1.0	3.0	ARG:275	ARG	NE	3.67751589686534	HOH:533	O	3.791776407245433	1.0	17.0	none_obvious			intermediate				0.0	0.0		unmodified	
Q92731	1U9E	B	488	TYR_single	1	1	2.4	TYR	568		1	263-410,422-501	263-410,422-501	TYR	/mnt/c/Users/drpat/OneDrive - UGent/Desktop/PD/Phospho-fill/Validation-allPDB/pdb_cache/1u9e.cif	TYR	TYR	OH	CZ	ok			2.5782447225515437	LYS:300	LYS	NZ	3.5630547422539682	1.0	1.0	LYS:300	LYS	NZ	3.5630547422539682				0.0	13.0	none_obvious			intermediate				0.0	0.0		unmodified	
P24941	1URW	A	15	TYR_single	1	1	1.6	TYR	299		3	1-12,15-35,47-151,163-298	1-12,15-35,47-151,163-298	TYR	/mnt/c/Users/drpat/OneDrive - UGent/Desktop/PD/Phospho-fill/Validation-allPDB/pdb_cache/1urw.cif	TYR				missing_anchor_or_base																														
P24941	1V1K	A	15	TYR_single	1	1	2.31	TYR	300		3	1-37,47-150,163-298	1-37,47-150,163-298	TYR	/mnt/c/Users/drpat/OneDrive - UGent/Desktop/PD/Phospho-fill/Validation-allPDB/pdb_cache/1v1k.cif	TYR				missing_anchor_or_base																														
P24941	1VYZ	A	15	TYR_single	1	1	2.21	TYR	301		3	1-35,47-153,162-298	1-35,47-153,162-298	TYR	/mnt/c/Users/drpat/OneDrive - UGent/Desktop/PD/Phospho-fill/Validation-allPDB/pdb_cache/1vyz.cif	TYR	TYR	OH	CZ	ok			1.0874136213664551	LYS:33	LYS	NZ	6.679833590423221	0.0	0.0	ASP:127	ASP	OD2	5.626105569827537	HOH:2022	O	3.9710222211774426	1.0	27.0	none_obvious			buried				0.0	0.0		unmodified	
P07355	1W7B	A	24	TYR_single	1	1	1.52	TYR	265		1	21-339	21-339	TYR	/mnt/c/Users/drpat/OneDrive - UGent/Desktop/PD/Phospho-fill/Validation-allPDB/pdb_cache/1w7b.cif	TYR	TYR	OH	CZ	ok			-0.07358942182584262	LYS:302	LYS	CE	4.60004621629232	0.0	1.0	LYS:302	LYS	NZ	4.816469967426454	HOH:2302	O	6.7305527100609535	0.0	3.0	none_obvious			intermediate				0.0	0.0		unmodified	
P24941	1WCC	A	15	TYR_single	1	1	2.2	TYR	302		3	1-36,41-152,164-298	1-36,41-152,164-298	TYR	/mnt/c/Users/drpat/OneDrive - UGent/Desktop/PD/Phospho-fill/Validation-allPDB/pdb_cache/1wcc.cif	TYR	TYR	OH	CZ	ok			0.4731371659909108	ARG:36	ARG	NH1	7.0428372421856515	0.0	0.0	THR:14	THR	OG1	5.214489283690401	HOH:2013	O	2.8313701394126096	1.0	25.0	water_mediated_like			buried				0.0	0.0		unmodified	
Q92731	1X76	A	488	TYR_single	1	1	2.2	TYR	569		1	263-410,421-497	263-410,421-497	TYR	/mnt/c/Users/drpat/OneDrive - UGent/Desktop/PD/Phospho-fill/Validation-allPDB/pdb_cache/1x76.cif	TYR	TYR	OH	CZ	ok			-1.0265458871371487	LYS:300	LYS	CE	5.10287963474127	0.0	1.0	THR:299	THR	OG1	4.371449292449131	HOH:99	O	4.748194408717542	0.0	29.0	none_obvious			buried				0.0	0.0		unmodified	
Q92731	1X78	A	488	TYR_single	1	1	2.3	TYR	570		1	263-410,421-500	263-410,421-500	TYR	/mnt/c/Users/drpat/OneDrive - UGent/Desktop/PD/Phospho-fill/Validation-allPDB/pdb_cache/1x78.cif	TYR	TYR	OH	CZ	ok			-1.000119309417272	LYS:300	LYS	CE	4.872770239730964	0.0	1.0	THR:299	THR	OG1	4.757332965276989	HOH:68	O	7.2352420353647595	0.0	25.0	none_obvious			buried				0.0	0.0		unmodified	
Q92731	1X7B	A	488	TYR_single	1	1	2.3	TYR	571		1	263-410,421-500	263-410,421-500	TYR	/mnt/c/Users/drpat/OneDrive - UGent/Desktop/PD/Phospho-fill/Validation-allPDB/pdb_cache/1x7b.cif	TYR	TYR	OH	CZ	ok			-0.025098053786871823	LYS:300	LYS	CE	5.484851115025723	0.0	1.0	THR:299	THR	OG1	4.317509115168672	HOH:134	O	6.501406437375501	0.0	27.0	none_obvious			buried				0.0	0.0		unmodified	
Q92731	1X7J	A	488	TYR_single	1	1	2.3	TYR	572		1	263-410,421-497	263-410,421-497	TYR	/mnt/c/Users/drpat/OneDrive - UGent/Desktop/PD/Phospho-fill/Validation-allPDB/pdb_cache/1x7j.cif	TYR	TYR	OH	CZ	ok			-0.03786722292511186	LYS:300	LYS	CE	5.385253967921811	0.0	1.0	THR:299	THR	OG1	4.132615196555296				0.0	28.0	none_obvious			buried				0.0	0.0		unmodified	
P01112	1XCM	A	64	TYR_single	1	1	1.84	TYR	119		1	1-167	1-167	TYR	/mnt/c/Users/drpat/OneDrive - UGent/Desktop/PD/Phospho-fill/Validation-allPDB/pdb_cache/1xcm.cif	TYR	TYR	OH	CZ	ok			0.24082901917784993					0.0	0.0	SER:65	SER	OG	7.603816094451709	HOH:268	O	3.8449980464977167	1.0	9.0	none_obvious			intermediate				0.0	0.0		unmodified	
P01112	1XJ0	A	64	TYR_single	1	1	1.7	TYR	120		1	1-166	1-166	TYR	/mnt/c/Users/drpat/OneDrive - UGent/Desktop/PD/Phospho-fill/Validation-allPDB/pdb_cache/1xj0.cif	TYR	TYR	OH	CZ	ok			0.3972977765510141	ARG:102	ARG	NH1	6.184003782418072	0.0	0.0	GLN:99	GLN	OE1	6.090502247861258				0.0	8.0	none_obvious			intermediate				0.0	0.0		unmodified	
Q92731	1YYE	A	488	TYR_single	1	1	2.03	TYR	573		1	263-410,421-500	263-410,421-500	TYR	/mnt/c/Users/drpat/OneDrive - UGent/Desktop/PD/Phospho-fill/Validation-allPDB/pdb_cache/1yye.cif	TYR	TYR	OH	CZ	ok			0.5531563646304114	LYS:300	LYS	CE	5.912063324523405	0.0	1.0	THR:299	THR	OG1	3.0324106657294405	HOH:659	O	5.23420772573227	0.0	36.0	hbond_like			buried				0.0	0.0		unmodified	
Q92731	1ZAF	A	488	TYR_single	1	1	2.2	TYR	574		1	263-410,421-500	263-410,421-500	TYR	/mnt/c/Users/drpat/OneDrive - UGent/Desktop/PD/Phospho-fill/Validation-allPDB/pdb_cache/1zaf.cif	TYR	TYR	OH	CZ	ok			-1.3058266892349193	LYS:300	LYS	CE	5.240712519098107	0.0	1.0	THR:299	THR	OG1	3.905627877123707	HOH:142	O	5.301291869287389	0.0	35.0	none_obvious			buried				0.0	0.0		unmodified	
P01112	1ZW6	A	64	TYR_single	1	1	1.5	TYR	121		1	1-166	1-166	TYR	/mnt/c/Users/drpat/OneDrive - UGent/Desktop/PD/Phospho-fill/Validation-allPDB/pdb_cache/1zw6.cif	TYR	TYR	OH	CZ	ok			0.021062681326695976					0.0	0.0	GLU:63	GLU	OE1	6.157786983162054	HOH:364	O	2.7063951426266573	2.0	5.0	water_mediated_like			exposed				0.0	0.0		unmodified	
P01112	221P	A	64	TYR_single	1	1	2.3	TYR	122		1	1-166	1-166	TYR	/mnt/c/Users/drpat/OneDrive - UGent/Desktop/PD/Phospho-fill/Validation-allPDB/pdb_cache/221p.cif	TYR	TYR	OH	CZ	ok			1.7890164478573924	ARG:68	ARG	NH1	6.201268404157858	0.0	0.0	GLU:37	GLU	OE2	2.9381640700213034	HOH:269	O	3.493371879094509	2.0	28.0	hbond_like			exposed				0.0	0.0		unmodified	
P24941	2B52	A	15	TYR_single	1	1	1.88	TYR	303		3	1-36,41-149,161-298	1-36,41-149,161-298	TYR	/mnt/c/Users/drpat/OneDrive - UGent/Desktop/PD/Phospho-fill/Validation-allPDB/pdb_cache/2b52.cif	TYR	TYR	OH	CZ	ok			-0.47197452738275963	ARG:126	ARG	NE	6.839039453216565	0.0	0.0	THR:14	THR	OG1	5.886767519135888	HOH:355	O	6.139612467371236	0.0	19.0	none_obvious			intermediate				0.0	0.0		unmodified	
P24941	2B55	A	15	TYR_single	1	1	1.85	TYR	304		3	1-35,43-147,163-298	1-35,43-147,163-298	TYR	/mnt/c/Users/drpat/OneDrive - UGent/Desktop/PD/Phospho-fill/Validation-allPDB/pdb_cache/2b55.cif	TYR	TYR	OH	CZ	ok			1.9292511167306807	HIS:125	HIS	NE2	6.3702378114766045	0.0	0.0	THR:14	THR	OG1	4.139278662426029	HOH:339	O	7.687811369456692	0.0	20.0	none_obvious			intermediate				0.0	0.0		unmodified	
P24941	2BHE	A	15	TYR_single	1	1	1.9	TYR	305		3	1-35,45-148,164-298	1-35,45-148,164-298	TYR	/mnt/c/Users/drpat/OneDrive - UGent/Desktop/PD/Phospho-fill/Validation-allPDB/pdb_cache/2bhe.cif	TYR	TYR	OH	CZ	ok			0.026147447685521075	HIS:125	HIS	CE1	5.309015267188544	0.0	2.0	ASP:145	ASP	OD1	3.8480070610579267				0.0	27.0	none_obvious			buried				0.0	0.0		unmodified	
P24941	2BTR	A	15	TYR_single	1	1	1.85	TYR	306		3	1-35,47-149,162-298	1-35,47-149,162-298	TYR	/mnt/c/Users/drpat/OneDrive - UGent/Desktop/PD/Phospho-fill/Validation-allPDB/pdb_cache/2btr.cif	TYR	TYR	OH	CZ	ok			-0.5253368666917044	LYS:33	LYS	CE	5.677904515714886	0.0	1.0	THR:14	THR	OG1	4.549605622486795	HOH:2024	O	4.407533069132432	0.0	22.0	none_obvious			intermediate				0.0	0.0		unmodified	
P24941	2BTS	A	15	TYR_single	1	1	1.99	TYR	307		3	1-36,46-148,164-298	1-36,46-148,164-298	TYR	/mnt/c/Users/drpat/OneDrive - UGent/Desktop/PD/Phospho-fill/Validation-allPDB/pdb_cache/2bts.cif	TYR	TYR	OH	CZ	ok			-0.3771209363775346	LYS:33	LYS	NZ	6.75469286445924	0.0	0.0	ASP:127	ASP	OD2	5.384014962675796	HOH:2030	O	7.007317364067018	0.0	15.0	none_obvious			intermediate				0.0	0.0		unmodified	
P01112	2C5L	A	64	TYR_single	1	1	1.9	TYR	123		1	1-166	1-166	TYR	/mnt/c/Users/drpat/OneDrive - UGent/Desktop/PD/Phospho-fill/Validation-allPDB/pdb_cache/2c5l.cif	TYR	TYR	OH	CZ	ok			-0.26544793196234173					0.0	0.0	GLU:63	GLU	OE2	3.498247767237066	HOH:2080	O	4.477960267514784	0.0	18.0	hbond_like			intermediate				0.0	0.0		unmodified	
P24941	2CJM	C	159	TYR_single	1	1	2.3	TYR	308		3	1-297	1-297	TYR	/mnt/c/Users/drpat/OneDrive - UGent/Desktop/PD/Phospho-fill/Validation-allPDB/pdb_cache/2cjm.cif	TYR	TYR	OH	CZ	ok			0.15990735078805396	ARG:157	ARG	NH1	4.567684420090934	0.0	2.0	ARG:157	ARG	NH1	4.567684420090934	HOH:2082	O	3.4239997040471155	1.0	37.0	water_mediated_like			buried	TPO:160	TPO	9.684306567358501	0.0	1.0	TPO:160@9.68	unmodified	
P24941	2DUV	A	15	TYR_single	1	1	2.2	TYR	309		3	1-35,49-150,164-298	1-35,49-150,164-298	TYR	/mnt/c/Users/drpat/OneDrive - UGent/Desktop/PD/Phospho-fill/Validation-allPDB/pdb_cache/2duv.cif	TYR	TYR	OH	CZ	ok			-0.5406358334840561	HIS:125	HIS	NE2	6.288054343367542	0.0	0.0	THR:14	THR	OG1	4.59930731634287	HOH:532	O	4.2861606530199	0.0	26.0	none_obvious			buried				0.0	0.0		unmodified	
P00519	2E2B	A	393	TYR_single	1	1	2.2	TYR	38		4	229-273,278-387,392-502	229-273,278-387,392-502	TYR	/mnt/c/Users/drpat/OneDrive - UGent/Desktop/PD/Phospho-fill/Validation-allPDB/pdb_cache/2e2b.cif	TYR	TYR	OH	CZ	ok			-0.41412971243807783	ARG:367	ARG	NE	2.765150095519387	1.0	1.0	ASP:363	ASP	OD2	2.394459028287898	HOH:29	O	5.598447617311915	0.0	36.0	salt_bridge_like			buried				0.0	0.0		unmodified	
P00519	2F4J	A	393	TYR_single	1	1	1.91	TYR	39		4	227-513	227-513	TYR	/mnt/c/Users/drpat/OneDrive - UGent/Desktop/PD/Phospho-fill/Validation-allPDB/pdb_cache/2f4j.cif	TYR	TYR	OH	CZ	ok			-1.9785298593731442	ARG:386	ARG	NH1	3.8732484935377034	1.0	2.0	ARG:386	ARG	NH1	3.8732484935377034	HOH:64	O	4.014148208538454	0.0	23.0	none_obvious			intermediate				0.0	0.0		unmodified	
P63086	2FYS	B	185	TYR_single	1	1	2.5	TYR	527		2	8-200,202-356	8-175,184-200,202-328,333-356	TYR	/mnt/c/Users/drpat/OneDrive - UGent/Desktop/PD/Phospho-fill/Validation-allPDB/pdb_cache/2fys.cif	TYR	TYR	OH	CZ	ok			-1.2119325105552805	ARG:65	ARG	NH1	5.0884271020983265	0.0	1.0	ARG:65	ARG	NH1	5.0884271020983265	HOH:515	O	3.320435827346769	1.0	5.0	water_mediated_like			intermediate				0.0	0.0		unmodified	
P00519	2G1T	C	393	TYR_single	1	1	1.8	TYR	40		4	232-507	232-507	TYR	/mnt/c/Users/drpat/OneDrive - UGent/Desktop/PD/Phospho-fill/Validation-allPDB/pdb_cache/2g1t.cif	TYR	TYR	OH	CZ	ok			1.9071170315730366					0.0	0.0	THR:392	THR	OG1	5.767437989950342	HOH:1826	O	2.749158819206253	1.0	3.0	water_mediated_like			intermediate				0.0	0.0		unmodified	
Q92731	2GIU	A	488	TYR_single	1	1	2.2	TYR	575		1	260-285,292-369,371-414,420-479,484-500	260-285,292-369,371-414,420-479,484-500	TYR	/mnt/c/Users/drpat/OneDrive - UGent/Desktop/PD/Phospho-fill/Validation-allPDB/pdb_cache/2giu.cif	TYR	TYR	OH	CZ	ok			-0.05371628349301452					0.0	0.0	GLU:332	GLU	OE2	3.1795837420086883				0.0	9.0	hbond_like			intermediate				0.0	0.0		unmodified	
P29320	2GSF	A	701	TYR_single	1	1	1.77	TYR	449		1	595-600,609-770,787-893,899-904	595-600,609-770,787-893,899-904	TYR	/mnt/c/Users/drpat/OneDrive - UGent/Desktop/PD/Phospho-fill/Validation-allPDB/pdb_cache/2gsf.cif	TYR	TYR	OH	CZ	ok			-0.6915008946747055	LYS:625	LYS	NZ	5.32597852380473	0.0	1.0	GLU:703	GLU	OE1	4.872755024011559	HOH:121	O	2.578535145962001	1.0	16.0	water_mediated_like			intermediate				0.0	0.0		unmodified	
P47811	2GTM	A	182	TYR_single	1	1	1.9	TYR	506		2	5-118,122-177,182-352	5-118,122-177,182-352	TYR	/mnt/c/Users/drpat/OneDrive - UGent/Desktop/PD/Phospho-fill/Validation-allPDB/pdb_cache/2gtm.cif	TYR	TYR	OH	CZ	ok			-0.07043899315389829	ARG:186	ARG	NH2	4.86240778372671	0.0	1.0	ARG:186	ARG	NH2	4.86240778372671	HOH:509	O	2.977479371426934	1.0	11.0	water_mediated_like			intermediate				0.0	0.0		unmodified	
P00523	2HWO	A	527	TYR_single	1	1	2.5	TYR	64		2	255-274,276-299,307-330,333-406,425-533	255-274,276-299,307-330,333-406,425-533	TYR	/mnt/c/Users/drpat/OneDrive - UGent/Desktop/PD/Phospho-fill/Validation-allPDB/pdb_cache/2hwo.cif	TYR	TYR	OH	CZ	ok			0.7670071035952402	ARG:359	ARG	NE	6.336154458135772	0.0	0.0	ARG:359	ARG	NE	6.336154458135772	HOH:10	O	2.2841411905612374	1.0	37.0	water_mediated_like			buried				0.0	0.0		unmodified	
P00523	2HWP	A	527	TYR_single	1	1	2.48	TYR	65		2	256-268,271-277,279-296,307-309,311-331,333-405,424-533	256-268,271-277,279-296,307-309,311-331,333-405,424-533	TYR	/mnt/c/Users/drpat/OneDrive - UGent/Desktop/PD/Phospho-fill/Validation-allPDB/pdb_cache/2hwp.cif	TYR	TYR	OH	CZ	ok			0.503021382034036	ARG:359	ARG	NE	6.105632605530022	0.0	0.0	ARG:359	ARG	NE	6.105632605530022				0.0	38.0	none_obvious			buried				0.0	0.0		unmodified	
P00519	2HYY	B	393	TYR_single	1	1	2.4	TYR	41		4	233-275,277-498	233-275,277-498	TYR	/mnt/c/Users/drpat/OneDrive - UGent/Desktop/PD/Phospho-fill/Validation-allPDB/pdb_cache/2hyy.cif	TYR	TYR	OH	CZ	ok			1.4217488166171262	ARG:367	ARG	NE	2.7938421160711115	1.0	1.0	ASP:363	ASP	OD2	2.43154949713299	HOH:190	O	3.786471016274073	1.0	37.0	salt_bridge_like			buried				0.0	0.0		unmodified	
P00519	2HZ0	A	393	TYR_single	1	1	2.1	TYR	42		4	233-497	233-497	TYR	/mnt/c/Users/drpat/OneDrive - UGent/Desktop/PD/Phospho-fill/Validation-allPDB/pdb_cache/2hz0.cif	TYR	TYR	OH	CZ	ok			0.2839098042435099					0.0	0.0	THR:394	THR	OG1	7.272381045997803	HOH:643	O	4.567036002769538	0.0	1.0	none_obvious			intermediate				0.0	0.0		unmodified	
P00519	2HZI	A	393	TYR_single	1	1	1.7	TYR	43		4	233-500	233-500	TYR	/mnt/c/Users/drpat/OneDrive - UGent/Desktop/PD/Phospho-fill/Validation-allPDB/pdb_cache/2hzi.cif	TYR	TYR	OH	CZ	ok			0.2101875233328438	ARG:362	ARG	NH2	3.570040111669608	1.0	2.0	ARG:362	ARG	NH2	3.570040111669608	HOH:704	O	2.573283576861499	2.0	17.0	water_mediated_like			exposed				0.0	0.0		unmodified	
Q92731	2I0G	B	488	TYR_single	1	1	2.5	TYR	576		1	260-285,292-414,422-480,485-498	260-285,292-414,422-480,485-498	TYR	/mnt/c/Users/drpat/OneDrive - UGent/Desktop/PD/Phospho-fill/Validation-allPDB/pdb_cache/2i0g.cif	TYR	TYR	OH	CZ	ok			-1.406536804814638					0.0	0.0	GLU:332	GLU	OE1	2.567321875073657				0.0	10.0	hbond_like			intermediate				0.0	0.0		unmodified	
P24941	2J9M	A	15	TYR_single	1	1	2.5	TYR	310		3	1-36,45-148,164-298	1-36,45-148,164-298	TYR	/mnt/c/Users/drpat/OneDrive - UGent/Desktop/PD/Phospho-fill/Validation-allPDB/pdb_cache/2j9m.cif	TYR	TYR	OH	CZ	ok			-0.1361825249672186					0.0	0.0								0.0	0.0	none_obvious			intermediate				0.0	0.0		unmodified	
Q92731	2JJ3	B	488	TYR_single	1	1	2.28	TYR	577		1	260-285,292-414,422-480,483-501	260-285,292-414,422-480,483-501	TYR	/mnt/c/Users/drpat/OneDrive - UGent/Desktop/PD/Phospho-fill/Validation-allPDB/pdb_cache/2jj3.cif	TYR	TYR	OH	CZ	ok			-2.133726309998834					0.0	0.0	GLU:332	GLU	OE1	2.6301450598117904				0.0	10.0	hbond_like			intermediate				0.0	0.0		unmodified	
Q92731	2NV7	A	488	TYR_single	1	1	2.1	TYR	578		1	263-410,421-500	263-410,421-500	TYR	/mnt/c/Users/drpat/OneDrive - UGent/Desktop/PD/Phospho-fill/Validation-allPDB/pdb_cache/2nv7.cif	TYR	TYR	OH	CZ	ok			-3.0396936963303123	LYS:300	LYS	CE	5.137832251508015	0.0	1.0	THR:299	THR	OG1	4.065378516966265	HOH:145	O	5.295658622994068	0.0	31.0	none_obvious			buried				0.0	0.0		unmodified	
P06239	2OF2	A	394	TYR_single	1	1	2.0	TYR	245		2	231-501	231-501	TYR	/mnt/c/Users/drpat/OneDrive - UGent/Desktop/PD/Phospho-fill/Validation-allPDB/pdb_cache/2of2.cif	TYR	TYR	OH	CZ	ok			0.17503253345087671	ARG:387	ARG	NE	3.654801533158363	1.0	2.0	ARG:387	ARG	NE	3.654801533158363	HOH:105	O	4.857414607361348	0.0	19.0	none_obvious			intermediate				0.0	0.0		unmodified	
P00523	2OIQ	A	527	TYR_single	1	1	2.07	TYR	66		2	256-407,421-533	256-407,421-533	TYR	/mnt/c/Users/drpat/OneDrive - UGent/Desktop/PD/Phospho-fill/Validation-allPDB/pdb_cache/2oiq.cif	TYR	TYR	OH	CZ	ok			-0.3459488247702259	ARG:359	ARG	NE	6.074918534243402	0.0	0.0	ARG:359	ARG	NE	6.074918534243402	HOH:1015	O	2.9517578856109843	1.0	38.0	water_mediated_like			buried				0.0	0.0		unmodified	
P01112	2Q21	A	64	TYR_single	1	1	2.2	TYR	124		1	1-171	1-171	TYR	/mnt/c/Users/drpat/OneDrive - UGent/Desktop/PD/Phospho-fill/Validation-allPDB/pdb_cache/2q21.cif	TYR	TYR	OH	CZ	ok			0.5415846122880678	LYS:88	LYS	NZ	3.045100761162804	1.0	1.0	LYS:88	LYS	NZ	3.045100761162804	HOH:224	O	5.683315028237058	0.0	12.0	salt_bridge_like			intermediate				0.0	0.0		unmodified	
P00523	2QI8	A	527	TYR_single	1	1	2.32	TYR	67		2	257-297,305-330,332-410,425-533	257-297,305-330,332-410,425-533	TYR	/mnt/c/Users/drpat/OneDrive - UGent/Desktop/PD/Phospho-fill/Validation-allPDB/pdb_cache/2qi8.cif	TYR	TYR	OH	CZ	ok			-1.1388935197339958	ARG:359	ARG	NE	6.244783310005828	0.0	0.0	ARG:359	ARG	NE	6.244783310005828	HOH:570	O	5.12025140462203	0.0	36.0	none_obvious			buried				0.0	0.0		unmodified	
P00523	2QLQ	B	527	TYR_single	1	1	2.33	TYR	68		2	257-297,312-409,425-533	257-297,312-409,425-533	TYR	/mnt/c/Users/drpat/OneDrive - UGent/Desktop/PD/Phospho-fill/Validation-allPDB/pdb_cache/2qlq.cif	TYR	TYR	OH	CZ	ok			-0.7191933284216322	ARG:359	ARG	NE	6.021284908256451	0.0	0.0	ARG:359	ARG	NE	6.021284908256451				0.0	37.0	none_obvious			buried				0.0	0.0		unmodified	
P29320	2QO2	A	701	TYR_single	1	1	1.6	TYR	450		1	595-600,603-766,787-892,899-904	595-600,603-766,787-892,899-904	TYR	/mnt/c/Users/drpat/OneDrive - UGent/Desktop/PD/Phospho-fill/Validation-allPDB/pdb_cache/2qo2.cif	TYR	TYR	OH	CZ	ok			-0.7590186902247644	LYS:625	LYS	NZ	5.627819568549481	0.0	1.0	GLU:703	GLU	OE1	4.966885968463743	HOH:1251	O	2.575466832091927	2.0	16.0	water_mediated_like			exposed				0.0	0.0		unmodified	
P29320	2QO9	A	701	TYR_single	1	1	1.55	TYR	451		1	608-771,785-892,900-904	608-771,785-892,900-904	TYR	/mnt/c/Users/drpat/OneDrive - UGent/Desktop/PD/Phospho-fill/Validation-allPDB/pdb_cache/2qo9.cif	TYR	TYR	OH	CZ	ok			-0.32806889281243795	LYS:625	LYS	CE	5.199871954341021	0.0	1.0	SER:637	SER	OG	5.213174621422399	HOH:1330	O	2.249712389313239	1.0	18.0	water_mediated_like			intermediate				0.0	0.0		unmodified	
P29320	2QOC	A	701	TYR_single	1	1	1.25	TYR	452		1	613-773,785-906	613-773,785-906	TYR	/mnt/c/Users/drpat/OneDrive - UGent/Desktop/PD/Phospho-fill/Validation-allPDB/pdb_cache/2qoc.cif	TYR	TYR	OH	CZ	ok			0.5508633459029131	LYS:625	LYS	NZ	4.140505438022024	0.0	1.0	LYS:625	LYS	NZ	4.140505438022024	HOH:1118	O	2.6883835045872706	1.0	21.0	water_mediated_like			intermediate				0.0	0.0		unmodified	
P29320	2QOD	A	701	TYR_single	1	1	1.15	TYR	453		1	595-599,609-765,787-892,899-904	595-599,609-765,787-892,899-904	TYR	/mnt/c/Users/drpat/OneDrive - UGent/Desktop/PD/Phospho-fill/Validation-allPDB/pdb_cache/2qod.cif	TYR	TYR	OH	CZ	ok			-0.5350781575101072	LYS:625	LYS	NZ	6.498273111493401	0.0	0.0	GLU:703	GLU	OE1	4.9488865702519105	HOH:335	O	2.6460943874111	1.0	15.0	water_mediated_like			intermediate				0.0	0.0		unmodified	
P29320	2QOF	A	701	TYR_single	1	1	1.2	TYR	454		1	595-599,607-765,787-894,899-906	595-599,607-765,787-894,899-906	TYR	/mnt/c/Users/drpat/OneDrive - UGent/Desktop/PD/Phospho-fill/Validation-allPDB/pdb_cache/2qof.cif	TYR	TYR	OH	CZ	ok			0.09301430304061334	LYS:625	LYS	NZ	5.264625181655584	0.0	1.0	GLU:703	GLU	OE1	5.1726550252101875	HOH:1165	O	2.5862134449941476	3.0	16.0	water_mediated_like			exposed				0.0	0.0		unmodified	
P00520	2QOH	B	393	TYR_single	1	1	1.95	TYR	55		1	229-274,278-511	229-274,278-511	TYR	/mnt/c/Users/drpat/OneDrive - UGent/Desktop/PD/Phospho-fill/Validation-allPDB/pdb_cache/2qoh.cif	TYR	TYR	OH	CZ	ok			0.06808374702598004	ARG:386	ARG	NH1	3.53665504597054	2.0	4.0	ARG:386	ARG	NH1	3.53665504597054	HOH:560	O	5.245374326639491	0.0	25.0	none_obvious			buried				0.0	0.0		unmodified	
P29320	2QOI	A	701	TYR_single	1	1	1.25	TYR	455		1	595-599,609-765,787-892,899-904	595-599,609-765,787-892,899-904	TYR	/mnt/c/Users/drpat/OneDrive - UGent/Desktop/PD/Phospho-fill/Validation-allPDB/pdb_cache/2qoi.cif	TYR	TYR	OH	CZ	ok			-0.013833931380326531	LYS:625	LYS	NZ	5.357408433457894	0.0	1.0	GLU:703	GLU	OE1	5.04668190599888	HOH:1288	O	4.0196094972658685	0.0	16.0	none_obvious			intermediate				0.0	0.0		unmodified	
P29320	2QOK	A	701	TYR_single	1	1	1.2	TYR	456		1	595-599,609-770,786-892,898-904	595-599,609-770,786-892,898-904	TYR	/mnt/c/Users/drpat/OneDrive - UGent/Desktop/PD/Phospho-fill/Validation-allPDB/pdb_cache/2qok.cif	TYR	TYR	OH	CZ	ok			-0.2087070470004517	LYS:625	LYS	NZ	4.864240462564154	0.0	1.0	LYS:625	LYS	NZ	4.864240462564154	HOH:244	O	2.5027720362194605	1.0	17.0	water_mediated_like			intermediate				0.0	0.0		unmodified	
P29320	2QOL	A	701	TYR_single	1	1	1.07	TYR	457		1	595-597,609-765,788-894,899-904	595-597,609-765,788-894,899-904	TYR	/mnt/c/Users/drpat/OneDrive - UGent/Desktop/PD/Phospho-fill/Validation-allPDB/pdb_cache/2qol.cif	TYR	TYR	OH	CZ	ok			-0.03303825633811712	LYS:625	LYS	CE	6.540404639414023	0.0	0.0	GLU:703	GLU	OE1	4.910240860207263	HOH:339	O	2.7062458516202583	3.0	15.0	water_mediated_like			exposed				0.0	0.0		unmodified	
P29320	2QOO	A	701	TYR_single	1	1	1.25	TYR	458		1	595-599,609-765,787-892,900-904	595-599,609-765,787-892,900-904	TYR	/mnt/c/Users/drpat/OneDrive - UGent/Desktop/PD/Phospho-fill/Validation-allPDB/pdb_cache/2qoo.cif	TYR	TYR	OH	CZ	ok			-0.05771701767496905	LYS:625	LYS	NZ	5.228656364050191	0.0	1.0	GLU:703	GLU	OE1	4.997253027409842	HOH:217	O	4.155296553043786	0.0	16.0	none_obvious			intermediate				0.0	0.0		unmodified	
P00523	2QQ7	A	527	TYR_single	1	1	2.38	TYR	69		2	257-276,278-297,309-410,425-533	257-276,278-297,309-410,425-533	TYR	/mnt/c/Users/drpat/OneDrive - UGent/Desktop/PD/Phospho-fill/Validation-allPDB/pdb_cache/2qq7.cif	TYR	TYR	OH	CZ	ok			0.25941489261232	ARG:359	ARG	NE	6.291567099995802	0.0	0.0	ARG:359	ARG	NE	6.291567099995802	HOH:180	O	5.539650105918064	0.0	35.0	none_obvious			buried				0.0	0.0		unmodified	
P01112	2QUZ	A	64	TYR_single	1	1	1.49	TYR	125		1	1-166	1-166	TYR	/mnt/c/Users/drpat/OneDrive - UGent/Desktop/PD/Phospho-fill/Validation-allPDB/pdb_cache/2quz.cif	TYR	TYR	OH	CZ	ok			-0.01734060310277192	ARG:73	ARG	NH2	5.382425487961138	0.0	1.0	ASP:69	ASP	OD2	4.42510203386334	HOH:367	O	5.05862490324326	0.0	5.0	none_obvious			intermediate				0.0	0.0		unmodified	
P24941	2R3J	A	15	TYR_single	1	1	1.65	TYR	311		3	1-36,44-151,161-298	1-36,44-151,161-298	TYR	/mnt/c/Users/drpat/OneDrive - UGent/Desktop/PD/Phospho-fill/Validation-allPDB/pdb_cache/2r3j.cif	TYR	TYR	OH	CZ	ok			0.38105888142829086	LYS:33	LYS	NZ	5.947321044763151	0.0	1.0	THR:14	THR	OG1	5.82148310875163	HOH:1038	O	3.4410893554240114	1.0	19.0	water_mediated_like			intermediate				0.0	0.0		unmodified	
P24941	2R3K	A	15	TYR_single	1	1	1.7	TYR	312		3	1-36,44-151,162-298	1-36,44-151,162-298	TYR	/mnt/c/Users/drpat/OneDrive - UGent/Desktop/PD/Phospho-fill/Validation-allPDB/pdb_cache/2r3k.cif	TYR	TYR	OH	CZ	ok			0.12357737084107333	LYS:33	LYS	NZ	5.818713088467784	0.0	1.0	THR:14	THR	OG1	5.439330763247295	HOH:1038	O	3.077544622112333	1.0	21.0	water_mediated_like			intermediate				0.0	0.0		unmodified	
P24941	2R3L	A	15	TYR_single	1	1	1.65	TYR	313		3	1-36,44-150,164-298	1-36,44-150,164-298	TYR	/mnt/c/Users/drpat/OneDrive - UGent/Desktop/PD/Phospho-fill/Validation-allPDB/pdb_cache/2r3l.cif	TYR	TYR	OH	CZ	ok			-0.05962242104383239	LYS:33	LYS	NZ	5.978249071338109	0.0	1.0	THR:14	THR	OG1	4.957960417213712	HOH:1028	O	4.025755151446814	0.0	24.0	none_obvious			buried				0.0	0.0		unmodified	
P24941	2R3M	A	15	TYR_single	1	1	1.7	TYR	314		3	1-36,44-151,161-298	1-36,44-151,161-298	TYR	/mnt/c/Users/drpat/OneDrive - UGent/Desktop/PD/Phospho-fill/Validation-allPDB/pdb_cache/2r3m.cif	TYR	TYR	OH	CZ	ok			-0.03844862665573256	LYS:33	LYS	NZ	5.854872088882059	0.0	1.0	THR:14	THR	OG1	4.7728748804426955	HOH:1153	O	3.0906914945228188	1.0	20.0	water_mediated_like			intermediate				0.0	0.0		unmodified	
P24941	2R3N	A	15	TYR_single	1	1	1.63	TYR	315		3	1-36,44-149,163-298	1-36,44-149,163-298	TYR	/mnt/c/Users/drpat/OneDrive - UGent/Desktop/PD/Phospho-fill/Validation-allPDB/pdb_cache/2r3n.cif	TYR	TYR	OH	CZ	ok			0.2353139237065849	LYS:33	LYS	NZ	6.05813352487377	0.0	0.0	THR:14	THR	OG1	6.003829952391156	HOH:1128	O	3.6590908668519826	1.0	16.0	none_obvious			intermediate				0.0	0.0		unmodified	
P24941	2R64	A	15	TYR_single	1	1	2.3	TYR	316		3	1-35,44-152,164-298	1-35,44-152,164-298	TYR	/mnt/c/Users/drpat/OneDrive - UGent/Desktop/PD/Phospho-fill/Validation-allPDB/pdb_cache/2r64.cif	TYR	TYR	OH	CZ	ok			1.5144489554934581	ARG:126	ARG	NH1	6.238749991124207	0.0	0.0	THR:14	THR	OG1	4.54384786224983	HOH:558	O	3.0254719248595547	1.0	29.0	water_mediated_like			buried				0.0	0.0		unmodified	
P01112	2RGA	A	64	TYR_single	1	1	1.9	TYR	126		1	1-166	1-166	TYR	/mnt/c/Users/drpat/OneDrive - UGent/Desktop/PD/Phospho-fill/Validation-allPDB/pdb_cache/2rga.cif	TYR	TYR	OH	CZ	ok			0.2989312248266877					0.0	0.0					HOH:701	O	5.65691520172332	0.0	6.0	none_obvious			intermediate				0.0	0.0		unmodified	
P01112	2RGB	A	64	TYR_single	1	1	1.35	TYR	127		1	1-166	1-166	TYR	/mnt/c/Users/drpat/OneDrive - UGent/Desktop/PD/Phospho-fill/Validation-allPDB/pdb_cache/2rgb.cif	TYR	TYR	OH	CZ	ok			0.10142293852839201	LYS:61	LYS	NZ	4.046810816053669	0.0	1.0	LYS:61	LYS	NZ	4.046810816053669	HOH:773	O	2.721238423588665	1.0	7.0	water_mediated_like			intermediate				0.0	0.0		unmodified	
P01112	2RGC	A	64	TYR_single	1	1	1.6	TYR	128		1	1-166	1-166	TYR	/mnt/c/Users/drpat/OneDrive - UGent/Desktop/PD/Phospho-fill/Validation-allPDB/pdb_cache/2rgc.cif	TYR	TYR	OH	CZ	ok			-1.1913953446132057					0.0	0.0					HOH:754	O	2.730043652527154	1.0	5.0	water_mediated_like			intermediate				0.0	0.0		unmodified	
P01112	2RGD	A	64	TYR_single	1	1	2.0	TYR	129		1	1-166	1-166	TYR	/mnt/c/Users/drpat/OneDrive - UGent/Desktop/PD/Phospho-fill/Validation-allPDB/pdb_cache/2rgd.cif	TYR	TYR	OH	CZ	ok			-0.4630959552010331					0.0	0.0	TYR:32	TYR	OH	7.535641103542403	HOH:662	O	4.796193283068619	0.0	9.0	none_obvious			intermediate				0.0	0.0		unmodified	
P24941	2UZN	A	15	TYR_single	1	1	2.3	TYR	317		3	1-35,45-152,163-298	1-35,45-152,163-298	TYR	/mnt/c/Users/drpat/OneDrive - UGent/Desktop/PD/Phospho-fill/Validation-allPDB/pdb_cache/2uzn.cif	TYR	TYR	OH	CZ	ok			-0.05193621882310746	HIS:125	HIS	CE1	5.79433869242487	0.0	1.0	ASP:127	ASP	OD2	4.229780650528113	HOH:2008	O	2.9814197087285237	1.0	25.0	water_mediated_like			buried				0.0	0.0		unmodified	
P24941	2VTA	A	15	TYR_single	1	1	2.0	TYR	318		3	1-36,46-152,164-298	1-36,46-152,164-298	TYR	/mnt/c/Users/drpat/OneDrive - UGent/Desktop/PD/Phospho-fill/Validation-allPDB/pdb_cache/2vta.cif	TYR	TYR	OH	CZ	ok			0.11400783568526775	ARG:36	ARG	NH2	5.643819232733475	0.0	1.0	ARG:36	ARG	NH2	5.643819232733475	HOH:2025	O	4.497309694794583	0.0	28.0	none_obvious			buried				0.0	0.0		unmodified	
P24941	2VTH	A	15	TYR_single	1	1	1.9	TYR	319		3	1-36,46-152,164-298	1-36,46-152,164-298	TYR	/mnt/c/Users/drpat/OneDrive - UGent/Desktop/PD/Phospho-fill/Validation-allPDB/pdb_cache/2vth.cif	TYR	TYR	OH	CZ	ok			-0.5440015272516705	LYS:33	LYS	CE	7.9920756501732795	0.0	0.0	THR:14	THR	OG1	6.893738172362315	HOH:2028	O	4.361402047508555	0.0	23.0	none_obvious			intermediate				0.0	0.0		unmodified	
P24941	2VTI	A	15	TYR_single	1	1	2.0	TYR	320		3	1-35,44-152,163-298	1-35,44-152,163-298	TYR	/mnt/c/Users/drpat/OneDrive - UGent/Desktop/PD/Phospho-fill/Validation-allPDB/pdb_cache/2vti.cif	TYR	TYR	OH	CZ	ok			0.4114443840711886	ARG:126	ARG	NH1	6.685980443653877	0.0	0.0	ARG:126	ARG	NH1	6.685980443653877	HOH:2101	O	5.94445056510951	0.0	18.0	none_obvious			intermediate				0.0	0.0		unmodified	
P24941	2VTJ	A	15	TYR_single	1	1	2.2	TYR	321		3	1-36,46-150,164-298	1-36,46-150,164-298	TYR	/mnt/c/Users/drpat/OneDrive - UGent/Desktop/PD/Phospho-fill/Validation-allPDB/pdb_cache/2vtj.cif	TYR	TYR	OH	CZ	ok			-0.4421530811294887	ARG:150	ARG	NH1	4.9354598593078505	0.0	1.0	ARG:150	ARG	NH1	4.9354598593078505	HOH:2072	O	4.660530566402452	0.0	19.0	none_obvious			intermediate				0.0	0.0		unmodified	
P24941	2VTN	A	15	TYR_single	1	1	2.2	TYR	322		3	1-36,45-147,164-298	1-36,45-147,164-298	TYR	/mnt/c/Users/drpat/OneDrive - UGent/Desktop/PD/Phospho-fill/Validation-allPDB/pdb_cache/2vtn.cif	TYR	TYR	OH	CZ	ok			-0.22601218527635036					0.0	0.0	THR:14	THR	OG1	7.099072209565117	HOH:2070	O	4.1623028283295955	0.0	4.0	none_obvious			intermediate				0.0	0.0		unmodified	
P24941	2VTO	A	15	TYR_single	1	1	2.19	TYR	323		3	1-36,44-152,161-298	1-36,44-152,161-298	TYR	/mnt/c/Users/drpat/OneDrive - UGent/Desktop/PD/Phospho-fill/Validation-allPDB/pdb_cache/2vto.cif	TYR	TYR	OH	CZ	ok			0.030227286482321983	ARG:36	ARG	NH2	5.213084583361019	0.0	1.0	ARG:36	ARG	NH2	5.213084583361019	HOH:2007	O	2.310321202898664	1.0	25.0	water_mediated_like			buried				0.0	0.0		unmodified	
P24941	2VTP	A	15	TYR_single	1	1	2.15	TYR	324		3	1-35,44-152,162-298	1-35,44-152,162-298	TYR	/mnt/c/Users/drpat/OneDrive - UGent/Desktop/PD/Phospho-fill/Validation-allPDB/pdb_cache/2vtp.cif	TYR	TYR	OH	CZ	ok			-1.0004340825326918	ARG:126	ARG	NH1	7.642474387460633	0.0	0.0	THR:14	THR	OG1	6.774238710560201	HOH:2026	O	4.42032219564984	0.0	24.0	none_obvious			buried				0.0	0.0		unmodified	
P24941	2VTQ	A	15	TYR_single	1	1	1.9	TYR	325		3	1-36,46-147,163-298	1-36,46-147,163-298	TYR	/mnt/c/Users/drpat/OneDrive - UGent/Desktop/PD/Phospho-fill/Validation-allPDB/pdb_cache/2vtq.cif	TYR	TYR	OH	CZ	ok			-0.007696581580986533	LYS:33	LYS	NZ	6.97942427887891	0.0	0.0	THR:14	THR	OG1	6.532127944120938	HOH:2110	O	5.523249056290486	0.0	4.0	none_obvious			intermediate				0.0	0.0		unmodified	
P24941	2VTS	A	15	TYR_single	1	1	1.9	TYR	326		3	1-36,45-152,161-298	1-36,45-152,161-298	TYR	/mnt/c/Users/drpat/OneDrive - UGent/Desktop/PD/Phospho-fill/Validation-allPDB/pdb_cache/2vts.cif	TYR	TYR	OH	CZ	ok			-0.04010068524132374	ARG:126	ARG	NE	7.283171544507056	0.0	0.0	THR:14	THR	OG1	6.306752602994763	HOH:2040	O	4.962660749069468	0.0	21.0	none_obvious			intermediate				0.0	0.0		unmodified	
P24941	2VTT	A	15	TYR_single	1	1	1.68	TYR	327		3	1-35,47-148,164-298	1-35,47-148,164-298	TYR	/mnt/c/Users/drpat/OneDrive - UGent/Desktop/PD/Phospho-fill/Validation-allPDB/pdb_cache/2vtt.cif	TYR	TYR	OH	CZ	ok			2.024299374115299					0.0	0.0	THR:14	THR	OG1	6.875514659744939	HOH:2011	O	3.5310353387906623	1.0	1.0	none_obvious			intermediate				0.0	0.0		unmodified	
P24941	2VV9	A	15	TYR_single	1	1	1.9	TYR	328		3	1-37,44-149,163-298	1-37,44-149,163-298	TYR	/mnt/c/Users/drpat/OneDrive - UGent/Desktop/PD/Phospho-fill/Validation-allPDB/pdb_cache/2vv9.cif	TYR				missing_anchor_or_base																														
O15151	2VYR	A	99	TYR_single	1	1	2.0	TYR	2		2	25-110	25-110	TYR	/mnt/c/Users/drpat/OneDrive - UGent/Desktop/PD/Phospho-fill/Validation-allPDB/pdb_cache/2vyr.cif	TYR	TYR	OH	CZ	ok			-0.25136485261888					0.0	0.0	ASP:94	ASP	OD2	7.209363918745899				0.0	8.0	none_obvious			intermediate				0.0	0.0		unmodified	
P24941	2W05	A	15	TYR_single	1	1	1.9	TYR	329		3	1-36,46-148,162-298	1-36,46-148,162-298	TYR	/mnt/c/Users/drpat/OneDrive - UGent/Desktop/PD/Phospho-fill/Validation-allPDB/pdb_cache/2w05.cif	TYR				missing_anchor_or_base																														
P24941	2W06	A	15	TYR_single	1	1	2.04	TYR	330		3	1-36,44-152,162-298	1-36,44-152,162-298	TYR	/mnt/c/Users/drpat/OneDrive - UGent/Desktop/PD/Phospho-fill/Validation-allPDB/pdb_cache/2w06.cif	TYR	TYR	OH	CZ	ok			-0.5269525318725178	LYS:33	LYS	NZ	6.724368456601101	0.0	0.0	THR:14	THR	OG1	5.747694349926798	HOH:1449	O	4.8131815807773615	0.0	27.0	none_obvious			buried				0.0	0.0		unmodified	
P24941	2W17	A	15	TYR_single	1	1	2.15	TYR	331		3	1-12,14-38,44-73,75-149,163-298	1-12,14-38,44-73,75-149,163-298	TYR	/mnt/c/Users/drpat/OneDrive - UGent/Desktop/PD/Phospho-fill/Validation-allPDB/pdb_cache/2w17.cif	TYR				missing_anchor_or_base																														
P24941	2W1H	A	15	TYR_single	1	1	2.15	TYR	332		3	1-36,41-152,164-298	1-36,41-152,164-298	TYR	/mnt/c/Users/drpat/OneDrive - UGent/Desktop/PD/Phospho-fill/Validation-allPDB/pdb_cache/2w1h.cif	TYR	TYR	OH	CZ	ok			-0.3300300574923928	ARG:36	ARG	NH2	4.990810094227937	0.0	1.0	ARG:36	ARG	NH2	4.990810094227937	HOH:2085	O	6.215708815448689	0.0	21.0	none_obvious			intermediate				0.0	0.0		unmodified	
P22681	2Y1N	C	371	TYR_single	1	1	1.999	TYR	279		1	52-354,359-435	52-354,359-435	TYR	/mnt/c/Users/drpat/OneDrive - UGent/Desktop/PD/Phospho-fill/Validation-allPDB/pdb_cache/2y1n.cif	TYR	TYR	OH	CZ	ok			0.1957749552614508					0.0	0.0	THR:227	THR	OG1	2.5624932352954777	HOH:2112	O	2.606039005483954	1.0	36.0	hbond_like			buried				0.0	0.0		unmodified	
Q16539	2YIS	A	182	TYR_single	1	1	2.0	TYR	553		2	5-32,36-114,123-169,182-353	5-32,36-114,123-169,182-353	TYR	/mnt/c/Users/drpat/OneDrive - UGent/Desktop/PD/Phospho-fill/Validation-allPDB/pdb_cache/2yis.cif	TYR	TYR	OH	CZ	ok			-0.11095163512079657	LYS:152	LYS	NZ	4.77715492662516	0.0	2.0	THR:185	THR	OG1	4.17562681020883	HOH:2122	O	3.421321131683262	1.0	16.0	water_mediated_like			intermediate				0.0	0.0		unmodified	
Q16539	2YIW	A	182	TYR_single	1	1	2.0	TYR	554		2	5-32,36-114,123-169,182-353	5-32,36-114,123-169,182-353	TYR	/mnt/c/Users/drpat/OneDrive - UGent/Desktop/PD/Phospho-fill/Validation-allPDB/pdb_cache/2yiw.cif	TYR	TYR	OH	CZ	ok			0.5062393958013746	LYS:152	LYS	NZ	4.633256795309383	0.0	1.0	THR:185	THR	OG1	4.4407741647398575	HOH:2119	O	3.1205160586840623	1.0	17.0	water_mediated_like			intermediate				0.0	0.0		unmodified	
Q92731	2YJD	A	488	TYR_single	1	1	1.93	TYR	579		1	263-409,422-497	263-409,422-497	TYR	/mnt/c/Users/drpat/OneDrive - UGent/Desktop/PD/Phospho-fill/Validation-allPDB/pdb_cache/2yjd.cif	TYR	TYR	OH	CZ	ok			0.58536685636295	LYS:300	LYS	CE	4.873356047343364	0.0	1.0	ASP:303	ASP	OD2	6.307852292604052	HOH:2010	O	4.311024170261863	0.0	7.0	none_obvious			intermediate				0.0	0.0		unmodified	
Q92731	2Z4B	B	488	TYR_single	1	1	2.34	TYR	580		1	260-285,292-414,422-480,485-500	260-285,292-414,422-480,485-500	TYR	/mnt/c/Users/drpat/OneDrive - UGent/Desktop/PD/Phospho-fill/Validation-allPDB/pdb_cache/2z4b.cif	TYR	TYR	OH	CZ	ok			-1.4093354343403883					0.0	0.0	GLU:332	GLU	OE1	2.7194344230788237				0.0	9.0	hbond_like			intermediate				0.0	0.0		unmodified	
P00520	2Z60	A	393	TYR_single	1	1	1.95	TYR	56		1	229-275,279-511	229-275,279-511	TYR	/mnt/c/Users/drpat/OneDrive - UGent/Desktop/PD/Phospho-fill/Validation-allPDB/pdb_cache/2z60.cif	TYR	TYR	OH	CZ	ok			-1.879314430717816	ARG:386	ARG	NE	3.6012312656608434	1.0	3.0	ARG:386	ARG	NE	3.6012312656608434	HOH:534	O	3.958786526815492	1.0	27.0	none_obvious			buried				0.0	0.0		unmodified	
P63086	2Z7L	A	185	TYR_single	1	2	2.41	TYR	528		2	16-31,35-327,336-355	16-31,35-327,336-355	TYR	/mnt/c/Users/drpat/OneDrive - UGent/Desktop/PD/Phospho-fill/Validation-allPDB/pdb_cache/2z7l.cif	THR	THR	OG1	CB	ok				LYS:203	LYS	CE	6.7448473812533205	0.0	0.0	THR:181	THR	OG1	3.308630563306383	HOH:2145	O	2.9968227082153005	1.0	28.0	hbond_like			buried				0.0	0.0		unmodified	123.3827065098389
P06239	3B2W	A	394	TYR_single	1	1	2.3	TYR	246		2	238-396,399-500	238-396,399-500	TYR	/mnt/c/Users/drpat/OneDrive - UGent/Desktop/PD/Phospho-fill/Validation-allPDB/pdb_cache/3b2w.cif	TYR				missing_anchor_or_base																														
P07332	3BKB	A	713	TYR_single	1	1	1.78	TYR	261		1	449-821	449-821	TYR	/mnt/c/Users/drpat/OneDrive - UGent/Desktop/PD/Phospho-fill/Validation-allPDB/pdb_cache/3bkb.cif	TYR	TYR	OH	CZ	ok			-1.8102322077922923	ARG:706	ARG	NE	3.2500050222930255	1.0	2.0	ARG:706	ARG	NE	3.2500050222930255	HOH:1126	O	3.3786543407502867	2.0	27.0	salt_bridge_like			exposed				0.0	0.0		unmodified	
P07332	3CBL	A	713	TYR_single	1	1	1.75	TYR	262		1	448-486,489-495,501-506,511-515,520-537,543-821	448-486,489-495,501-506,511-515,520-537,543-821	TYR	/mnt/c/Users/drpat/OneDrive - UGent/Desktop/PD/Phospho-fill/Validation-allPDB/pdb_cache/3cbl.cif	TYR	TYR	OH	CZ	ok			-0.33599126087525805	ARG:706	ARG	NE	3.247707439816607	1.0	2.0	ARG:706	ARG	NE	3.247707439816607	HOH:300	O	2.683010300407959	2.0	25.0	salt_bridge_like			exposed				0.0	0.0		unmodified	
P00519	3CS9	A	393	TYR_single	1	1	2.21	TYR	44		4	233-274,279-500	233-274,279-500	TYR	/mnt/c/Users/drpat/OneDrive - UGent/Desktop/PD/Phospho-fill/Validation-allPDB/pdb_cache/3cs9.cif	TYR	TYR	OH	CZ	ok			-2.880798735419239	ARG:367	ARG	NE	2.8269617507887106	1.0	1.0	ASP:363	ASP	OD2	2.3736849075345665	HOH:678	O	3.6831012190873285	1.0	36.0	salt_bridge_like			buried				0.0	0.0		unmodified	
O15151	3DAB	A	99	TYR_single	1	1	1.9	TYR	3		2	23-109	23-109	TYR	/mnt/c/Users/drpat/OneDrive - UGent/Desktop/PD/Phospho-fill/Validation-allPDB/pdb_cache/3dab.cif	TYR	TYR	OH	CZ	ok			-0.3369664017902595					0.0	0.0					HOH:573	O	6.632493225191483	0.0	5.0	none_obvious			intermediate				0.0	0.0		unmodified	
P01112	3DDC	A	64	TYR_single	1	1	1.8	TYR	130		1	1-166	1-166	TYR	/mnt/c/Users/drpat/OneDrive - UGent/Desktop/PD/Phospho-fill/Validation-allPDB/pdb_cache/3ddc.cif	TYR	TYR	OH	CZ	ok			0.9382179303226903					0.0	0.0	GLU:63	GLU	OE2	3.5501766457591524	HOH:638	O	5.147508793747535	0.0	11.0	none_obvious			intermediate				0.0	0.0		unmodified	
P00523	3DQW	A	527	TYR_single	1	1	2.017	TYR	70		2	255-533	255-533	TYR	/mnt/c/Users/drpat/OneDrive - UGent/Desktop/PD/Phospho-fill/Validation-allPDB/pdb_cache/3dqw.cif	TYR	TYR	OH	CZ	ok			-0.2407478494974145	ARG:359	ARG	NE	6.370485697750706	0.0	0.0	ARG:359	ARG	NE	6.370485697750706	HOH:582	O	3.052801055188877	1.0	38.0	water_mediated_like			buried	PTR:416	PTR	40.85093300779065	0.0	0.0		unmodified	
P00523	3DQX	B	527	TYR_single	1	1	2.3	TYR	71		2	259-412,420-533	259-412,420-533	TYR	/mnt/c/Users/drpat/OneDrive - UGent/Desktop/PD/Phospho-fill/Validation-allPDB/pdb_cache/3dqx.cif	TYR	TYR	OH	CZ	ok			-0.7798069416074359	ARG:359	ARG	NE	6.175130243958132	0.0	0.0	ARG:359	ARG	NE	6.175130243958132	HOH:575	O	3.0891745557587744	1.0	38.0	water_mediated_like			buried				0.0	0.0		unmodified	
P29320	3DZQ	A	701	TYR_single	1	1	1.75	TYR	459		1	609-767,787-885,888-892,900-904	609-767,787-885,888-892,900-904	TYR	/mnt/c/Users/drpat/OneDrive - UGent/Desktop/PD/Phospho-fill/Validation-allPDB/pdb_cache/3dzq.cif	TYR	TYR	OH	CZ	ok			0.5506240453664195	LYS:625	LYS	NZ	4.329996282980481	0.0	1.0	LYS:625	LYS	NZ	4.329996282980481	HOH:1275	O	2.6373213955318295	2.0	18.0	water_mediated_like			exposed				0.0	0.0		unmodified	
P00523	3EL8	A	527	TYR_single	1	1	2.3	TYR	72		2	258-410,424-533	258-410,424-533	TYR	/mnt/c/Users/drpat/OneDrive - UGent/Desktop/PD/Phospho-fill/Validation-allPDB/pdb_cache/3el8.cif	TYR	TYR	OH	CZ	ok			0.25582969305377795	ARG:359	ARG	NE	6.090001655002892	0.0	0.0	ARG:359	ARG	NE	6.090001655002892	HOH:106	O	2.8189281307693324	1.0	38.0	water_mediated_like			buried				0.0	0.0		unmodified	
P00523	3EN6	B	527	TYR_single	1	1	2.39	TYR	73		2	257-275,278-297,311-330,334-405,426-533	257-275,278-297,311-330,334-405,426-533	TYR	/mnt/c/Users/drpat/OneDrive - UGent/Desktop/PD/Phospho-fill/Validation-allPDB/pdb_cache/3en6.cif	TYR	TYR	OH	CZ	ok			-1.2539993349483896	ARG:359	ARG	NE	6.2059376291664154	0.0	0.0	ARG:359	ARG	NE	6.2059376291664154				0.0	37.0	none_obvious			buried				0.0	0.0		unmodified	
Q07912	3EQP	A	284	TYR_single	1	1	2.3	TYR	533		1	117-160,167-392	117-160,167-390	TYR	/mnt/c/Users/drpat/OneDrive - UGent/Desktop/PD/Phospho-fill/Validation-allPDB/pdb_cache/3eqp.cif	TYR	TYR	OH	CZ	ok			0.41533160668385477	ARG:275	ARG	NH2	2.898538894589871	1.0	3.0	GLN:287	GLN	NE2	2.3111663746423643				0.0	23.0	salt_bridge_like			intermediate				0.0	0.0		unmodified	
Q07912	3EQR	B	284	TYR_single	1	1	2.0	TYR	534		1	117-286,290-390	117-286,290-390	TYR	/mnt/c/Users/drpat/OneDrive - UGent/Desktop/PD/Phospho-fill/Validation-allPDB/pdb_cache/3eqr.cif	TYR	TYR	OH	CZ	ok			-0.08051513734275977	ARG:275	ARG	NE	3.5333614860516924	1.0	3.0	ARG:275	ARG	NE	3.5333614860516924	HOH:512	O	4.4276568263638065	0.0	14.0	none_obvious			intermediate				0.0	0.0		unmodified	
O15151	3EQY	A	99	TYR_single	1	1	1.63	TYR	4		2	25-108	25-108	TYR	/mnt/c/Users/drpat/OneDrive - UGent/Desktop/PD/Phospho-fill/Validation-allPDB/pdb_cache/3eqy.cif	TYR	TYR	OH	CZ	ok			-0.47930977758124144					0.0	0.0					HOH:318	O	2.6912386263865202	1.0	6.0	water_mediated_like			intermediate				0.0	0.0		unmodified	
P35968	3EWH	A	1059	TYR_single	1	1	1.6	TYR	484		2	815-857,861-939,990-1051,1056-1061,1067-1171	815-857,861-939,990-1051,1056-1061,1067-1171	TYR	/mnt/c/Users/drpat/OneDrive - UGent/Desktop/PD/Phospho-fill/Validation-allPDB/pdb_cache/3ewh.cif	TYR	TYR	OH	CZ	ok			0.42009244250754757	ARG:1032	ARG	NE	2.7717940974258752	1.0	1.0	ASP:1028	ASP	OD2	2.459212917784038	HOH:205	O	3.107091563445658	2.0	35.0	salt_bridge_like			exposed				0.0	0.0		unmodified	
P24941	3EZR	A	15	TYR_single	1	1	1.9	TYR	333		3	1-36,44-146,165-298	1-36,44-146,165-298	TYR	/mnt/c/Users/drpat/OneDrive - UGent/Desktop/PD/Phospho-fill/Validation-allPDB/pdb_cache/3ezr.cif	TYR	TYR	OH	CZ	ok			-0.034049475054030526	LYS:33	LYS	NZ	6.357849763195192	0.0	0.0	THR:14	THR	OG1	4.8257923541686	HOH:8127	O	5.985868401034068	0.0	9.0	none_obvious			intermediate				0.0	0.0		unmodified	
P24941	3EZV	A	15	TYR_single	1	1	1.99	TYR	334		3	1-36,44-148,163-298	1-36,44-148,163-298	TYR	/mnt/c/Users/drpat/OneDrive - UGent/Desktop/PD/Phospho-fill/Validation-allPDB/pdb_cache/3ezv.cif	TYR	TYR	OH	CZ	ok			0.12780921813524376					0.0	0.0	ASP:127	ASP	OD2	7.0601287779020785	HOH:898	O	6.5521886258509685	0.0	6.0	none_obvious			intermediate				0.0	0.0		unmodified	
P00523	3F3T	A	527	TYR_single	1	1	2.5	TYR	74		2	257-407,424-533	257-407,424-533	TYR	/mnt/c/Users/drpat/OneDrive - UGent/Desktop/PD/Phospho-fill/Validation-allPDB/pdb_cache/3f3t.cif	TYR	TYR	OH	CZ	ok			0.8391957833275085	ARG:359	ARG	NE	6.597068829288455	0.0	0.0	ARG:359	ARG	NE	6.597068829288455	HOH:89	O	6.906317616728471	0.0	36.0	none_obvious			buried				0.0	0.0		unmodified	
P00523	3F3U	A	527	TYR_single	1	1	2.5	TYR	75		2	257-407,424-533	257-407,424-533	TYR	/mnt/c/Users/drpat/OneDrive - UGent/Desktop/PD/Phospho-fill/Validation-allPDB/pdb_cache/3f3u.cif	TYR	TYR	OH	CZ	ok			0.011632590165857668	ARG:359	ARG	NE	6.048612991479919	0.0	0.0	ARG:359	ARG	NE	6.048612991479919	HOH:47	O	6.462730276607323	0.0	34.0	none_obvious			buried				0.0	0.0		unmodified	
P00523	3F6X	B	527	TYR_single	1	1	2.35	TYR	76		2	255-277,279-411,423-533	255-277,279-411,423-533	TYR	/mnt/c/Users/drpat/OneDrive - UGent/Desktop/PD/Phospho-fill/Validation-allPDB/pdb_cache/3f6x.cif	TYR	TYR	OH	CZ	ok			0.004347022560667558	ARG:359	ARG	NE	6.063698630137749	0.0	0.0	ARG:359	ARG	NE	6.063698630137749	HOH:126	O	4.167593779062585	0.0	38.0	none_obvious			buried				0.0	0.0		unmodified	
O15151	3FDO	A	99	TYR_single	1	1	1.4	TYR	5		2	23-111	23-111	TYR	/mnt/c/Users/drpat/OneDrive - UGent/Desktop/PD/Phospho-fill/Validation-allPDB/pdb_cache/3fdo.cif	TYR	TYR	OH	CZ	ok			0.7225557049743332					0.0	0.0					HOH:188	O	7.972696874293565	0.0	5.0	none_obvious			intermediate				0.0	0.0		unmodified	
O15151	3FE7	A	99	TYR_single	1	1	1.35	TYR	6		2	26-108	26-108	TYR	/mnt/c/Users/drpat/OneDrive - UGent/Desktop/PD/Phospho-fill/Validation-allPDB/pdb_cache/3fe7.cif	TYR	TYR	OH	CZ	ok			-0.7252474102787805					0.0	0.0					HOH:158	O	4.830807194387465	0.0	9.0	none_obvious			intermediate				0.0	0.0		unmodified	
O15151	3FEA	A	99	TYR_single	1	1	1.33	TYR	7		2	26-108	26-108	TYR	/mnt/c/Users/drpat/OneDrive - UGent/Desktop/PD/Phospho-fill/Validation-allPDB/pdb_cache/3fea.cif	TYR	TYR	OH	CZ	ok			0.21835533756910983	ARG:103	ARG	NH1	3.586946718062998	1.0	1.0	ARG:103	ARG	NH1	3.586946718062998	HOH:134	O	2.6785169797049484	1.0	8.0	water_mediated_like			intermediate				0.0	0.0		unmodified	
P29320	3FXX	A	701	TYR_single	1	1	1.7	TYR	460		1	606-774,784-892,895-904	606-774,784-892,895-904	TYR	/mnt/c/Users/drpat/OneDrive - UGent/Desktop/PD/Phospho-fill/Validation-allPDB/pdb_cache/3fxx.cif	TYR	TYR	OH	CZ	ok			0.36299975427607	LYS:625	LYS	CE	5.375961836514932	0.0	1.0	SER:637	SER	OG	4.526711680375107	HOH:8	O	4.673752164417777	0.0	21.0	none_obvious			intermediate				0.0	0.0		unmodified	
P29320	3FY2	A	701	TYR_single	1	1	1.8	TYR	461		1	607-773,784-892,896-904	607-773,784-892,896-904	TYR	/mnt/c/Users/drpat/OneDrive - UGent/Desktop/PD/Phospho-fill/Validation-allPDB/pdb_cache/3fy2.cif	TYR	TYR	OH	CZ	ok			-0.024751414905933383	LYS:625	LYS	NZ	4.681262510807217	0.0	1.0	LYS:625	LYS	NZ	4.681262510807217	HOH:220	O	2.896455965950843	1.0	17.0	water_mediated_like			intermediate				0.0	0.0		unmodified	
P24941	3FZ1	A	15	TYR_single	1	1	1.9	TYR	335		3	1-36,44-153,161-298	1-36,44-153,161-298	TYR	/mnt/c/Users/drpat/OneDrive - UGent/Desktop/PD/Phospho-fill/Validation-allPDB/pdb_cache/3fz1.cif	TYR	TYR	OH	CZ	ok			-0.07460062940436653	LYS:33	LYS	NZ	6.587528601099009	0.0	0.0	THR:14	THR	OG1	4.3119563160499546	HOH:446	O	4.328493061247502	0.0	26.0	none_obvious			buried				0.0	0.0		unmodified	
P00523	3G5D	B	527	TYR_single	1	1	2.2	TYR	77		2	258-276,280-298,302-410,424-533	258-276,280-298,302-410,424-533	TYR	/mnt/c/Users/drpat/OneDrive - UGent/Desktop/PD/Phospho-fill/Validation-allPDB/pdb_cache/3g5d.cif	TYR	TYR	OH	CZ	ok			-0.47816088658100836	ARG:359	ARG	NE	6.159727142282441	0.0	0.0	ARG:359	ARG	NE	6.159727142282441	HOH:230	O	4.002619367125024	0.0	38.0	none_obvious			buried				0.0	0.0		unmodified	
P00523	3G6G	A	527	TYR_single	1	1	2.31	TYR	78		2	256-406,421-533	256-406,421-533	TYR	/mnt/c/Users/drpat/OneDrive - UGent/Desktop/PD/Phospho-fill/Validation-allPDB/pdb_cache/3g6g.cif	TYR	TYR	OH	CZ	ok			-0.3259918488642212	ARG:359	ARG	NE	6.344677704312828	0.0	0.0	ARG:359	ARG	NE	6.344677704312828	HOH:47	O	3.089386298677691	1.0	38.0	water_mediated_like			buried				0.0	0.0		unmodified	
P00523	3G6H	A	527	TYR_single	1	1	2.35	TYR	79		2	258-412,423-533	258-412,423-533	TYR	/mnt/c/Users/drpat/OneDrive - UGent/Desktop/PD/Phospho-fill/Validation-allPDB/pdb_cache/3g6h.cif	TYR	TYR	OH	CZ	ok			0.9974575190226134	ARG:359	ARG	NE	6.2167867436918804	0.0	0.0	ARG:359	ARG	NE	6.2167867436918804	HOH:20	O	2.565230239201871	1.0	36.0	water_mediated_like			buried				0.0	0.0		unmodified	
P00523	3GEQ	B	527	TYR_single	1	1	2.2	TYR	80		2	251-411,425-533	251-411,425-533	TYR	/mnt/c/Users/drpat/OneDrive - UGent/Desktop/PD/Phospho-fill/Validation-allPDB/pdb_cache/3geq.cif	TYR	TYR	OH	CZ	ok			-1.0561146069341172	ARG:359	ARG	NE	6.324203455105509	0.0	0.0	ARG:359	ARG	NE	6.324203455105509	HOH:156	O	3.3466819587784724	1.0	38.0	water_mediated_like			buried				0.0	0.0		unmodified	
Q16539	3HEG	A	182	TYR_single	1	1	2.2	TYR	555		2	5-30,35-170,182-352	5-30,35-170,182-352	TYR	/mnt/c/Users/drpat/OneDrive - UGent/Desktop/PD/Phospho-fill/Validation-allPDB/pdb_cache/3heg.cif	TYR				missing_anchor_or_base																														
P24941	3IG7	A	15	TYR_single	1	1	1.8	TYR	336		3	1-35,44-152,165-298	1-35,44-152,165-298	TYR	/mnt/c/Users/drpat/OneDrive - UGent/Desktop/PD/Phospho-fill/Validation-allPDB/pdb_cache/3ig7.cif	TYR	TYR	OH	CZ	ok			-0.6581131701697104	LYS:33	LYS	NZ	5.790727906064018	0.0	1.0	LYS:33	LYS	NZ	5.790727906064018	HOH:340	O	4.529412337858518	0.0	24.0	none_obvious			buried				0.0	0.0		unmodified	
P00520	3IK3	B	393	TYR_single	1	1	1.9	TYR	57		1	229-513	229-513	TYR	/mnt/c/Users/drpat/OneDrive - UGent/Desktop/PD/Phospho-fill/Validation-allPDB/pdb_cache/3ik3.cif	TYR	TYR	OH	CZ	ok			0.6374329109062691	ARG:367	ARG	NE	2.947350600493613	1.0	1.0	ASP:363	ASP	OD2	2.4259073089924166	HOH:559	O	3.8051859413471796	1.0	36.0	salt_bridge_like			buried				0.0	0.0		unmodified	
P9WG47	3ILW	A	129	TYR_single	1	1	1.603	TYR	530		1	37-500	37-500	TYR	/mnt/c/Users/drpat/OneDrive - UGent/Desktop/PD/Phospho-fill/Validation-allPDB/pdb_cache/3ilw.cif	TYR	TYR	OH	CZ	ok			-0.5855049502255644	ARG:128	ARG	NH2	3.2096183999983823	1.0	1.0	ARG:128	ARG	NH2	3.2096183999983823	HOH:628	O	5.723188605471484	0.0	6.0	salt_bridge_like			intermediate				0.0	0.0		unmodified	
O15151	3JZO	A	99	TYR_single	1	1	1.8	TYR	8		2	23-109	23-109	TYR	/mnt/c/Users/drpat/OneDrive - UGent/Desktop/PD/Phospho-fill/Validation-allPDB/pdb_cache/3jzo.cif	TYR	TYR	OH	CZ	ok			4.283426776679699					0.0	0.0					HOH:159	O	2.5697963381793536	1.0	7.0	water_mediated_like			intermediate				0.0	0.0		unmodified	
O15151	3JZP	A	99	TYR_single	1	1	1.74	TYR	9		2	23-109	23-109	TYR	/mnt/c/Users/drpat/OneDrive - UGent/Desktop/PD/Phospho-fill/Validation-allPDB/pdb_cache/3jzp.cif	TYR	TYR	OH	CZ	ok			4.014490749658877					0.0	0.0					HOH:134	O	2.695519553865332	1.0	8.0	water_mediated_like			intermediate				0.0	0.0		unmodified	
O15151	3JZQ	A	99	TYR_single	1	1	1.8	TYR	10		2	25-108	25-108	TYR	/mnt/c/Users/drpat/OneDrive - UGent/Desktop/PD/Phospho-fill/Validation-allPDB/pdb_cache/3jzq.cif	TYR	TYR	OH	CZ	ok			2.696965579713002	LYS:50	LYS	NZ	7.599758167318989	0.0	0.0	LYS:50	LYS	NZ	7.599758167318989	HOH:128	O	3.2130005913393735	1.0	9.0	water_mediated_like			intermediate				0.0	0.0		unmodified	
P01112	3K8Y	A	64	TYR_single	1	1	1.3	TYR	131		1	1-166	1-166	TYR	/mnt/c/Users/drpat/OneDrive - UGent/Desktop/PD/Phospho-fill/Validation-allPDB/pdb_cache/3k8y.cif	TYR	TYR	OH	CZ	ok			-0.1302430453423003					0.0	0.0	GLU:63	GLU	OE1	7.732860993385725	HOH:371	O	4.276137052692215	0.0	6.0	none_obvious			intermediate				0.0	0.0		unmodified	
P01112	3K9L	A	64	TYR_single	1	1	1.8	TYR	132		1	1-64,72-166	1-64,72-166	TYR	/mnt/c/Users/drpat/OneDrive - UGent/Desktop/PD/Phospho-fill/Validation-allPDB/pdb_cache/3k9l.cif	TYR	TYR	OH	CZ	ok			0.08840926711912861					0.0	0.0	ASP:33	ASP	OD2	7.017885118294898	HOH:175	O	4.619292154643734	0.0	23.0	none_obvious			intermediate				0.0	0.0		unmodified	
P01112	3K9N	A	64	TYR_single	1	1	2.0	TYR	133		1	1-61,64-166	1-61,64-166	TYR	/mnt/c/Users/drpat/OneDrive - UGent/Desktop/PD/Phospho-fill/Validation-allPDB/pdb_cache/3k9n.cif	TYR	TYR	OH	CZ	ok			-0.0008371316560507532					0.0	0.0								0.0	0.0	none_obvious			intermediate				0.0	0.0		unmodified	
P00520	3KF4	A	393	TYR_single	1	1	1.9	TYR	58		1	229-274,280-514	229-274,280-514	TYR	/mnt/c/Users/drpat/OneDrive - UGent/Desktop/PD/Phospho-fill/Validation-allPDB/pdb_cache/3kf4.cif	TYR	TYR	OH	CZ	ok			0.4257623108033663	ARG:386	ARG	NH2	3.5442228969983383	1.0	2.0	ARG:386	ARG	NH2	3.5442228969983383	HOH:60	O	2.475326422383649	1.0	18.0	water_mediated_like			intermediate				0.0	0.0		unmodified	
P00520	3KFA	A	393	TYR_single	1	1	1.22	TYR	59		1	229-511	229-511	TYR	/mnt/c/Users/drpat/OneDrive - UGent/Desktop/PD/Phospho-fill/Validation-allPDB/pdb_cache/3kfa.cif	TYR	TYR	OH	CZ	ok			-2.999302403526272	ARG:367	ARG	NE	2.8093613761495533	1.0	1.0	ASP:363	ASP	OD2	2.527173510484841	HOH:20	O	3.936126770972875	1.0	35.0	salt_bridge_like			buried				0.0	0.0		unmodified	
P01112	3KKN	A	64	TYR_single	1	1	2.09	TYR	134		1	1-166	1-166	TYR	/mnt/c/Users/drpat/OneDrive - UGent/Desktop/PD/Phospho-fill/Validation-allPDB/pdb_cache/3kkn.cif	TYR	TYR	OH	CZ	ok			0.21825532298536512					0.0	0.0	SER:65	SER	OG	7.67240234153795	HOH:1027	O	5.829348649829973	0.0	9.0	none_obvious			intermediate				0.0	0.0		unmodified	
P01112	3KUD	A	64	TYR_single	1	1	2.15	TYR	135		1	1-165	1-165	TYR	/mnt/c/Users/drpat/OneDrive - UGent/Desktop/PD/Phospho-fill/Validation-allPDB/pdb_cache/3kud.cif	TYR	TYR	OH	CZ	ok			0.27583194738296896					0.0	0.0	GLU:63	GLU	OE2	5.943854085158682				0.0	12.0	none_obvious			intermediate				0.0	0.0		unmodified	
P29322	3KUL	A	793	TYR_single	1	1	2.15	TYR	472		1	627-786,791-796,800-900	627-786,791-796,800-900	TYR	/mnt/c/Users/drpat/OneDrive - UGent/Desktop/PD/Phospho-fill/Validation-allPDB/pdb_cache/3kul.cif	TYR	TYR	OH	CZ	ok			-0.18074609581058793	ARG:783	ARG	NE	3.9644326001257664	1.0	1.0	ARG:783	ARG	NE	3.9644326001257664				0.0	10.0	none_obvious			intermediate				0.0	0.0		unmodified	
P01112	3L8Y	A	64	TYR_single	1	1	2.02	TYR	136		1	1-166	1-166	TYR	/mnt/c/Users/drpat/OneDrive - UGent/Desktop/PD/Phospho-fill/Validation-allPDB/pdb_cache/3l8y.cif	TYR	TYR	OH	CZ	ok			-0.07985014393480903					0.0	0.0	GLU:63	GLU	OE1	3.8116951315020855	HOH:219	O	5.300518353198282	0.0	16.0	none_obvious			intermediate				0.0	0.0		unmodified	
P01112	3L8Z	A	64	TYR_single	1	1	1.44	TYR	137		1	1-166	1-166	TYR	/mnt/c/Users/drpat/OneDrive - UGent/Desktop/PD/Phospho-fill/Validation-allPDB/pdb_cache/3l8z.cif	TYR	TYR	OH	CZ	ok			0.0418472905510856					0.0	0.0	GLU:63	GLU	OE1	3.8626295740609478	HOH:311	O	4.078528650031503	0.0	13.0	none_obvious			intermediate				0.0	0.0		unmodified	
P01112	3LBH	A	64	TYR_single	1	1	1.85	TYR	138		1	1-166	1-166	TYR	/mnt/c/Users/drpat/OneDrive - UGent/Desktop/PD/Phospho-fill/Validation-allPDB/pdb_cache/3lbh.cif	TYR	TYR	OH	CZ	ok			-0.2918803049019441					0.0	0.0	GLU:63	GLU	OE1	5.877694617712066	HOH:358	O	6.425236526395385	0.0	7.0	none_obvious			intermediate				0.0	0.0		unmodified	
P01112	3LBI	A	64	TYR_single	1	1	2.087	TYR	139		1	1-166	1-166	TYR	/mnt/c/Users/drpat/OneDrive - UGent/Desktop/PD/Phospho-fill/Validation-allPDB/pdb_cache/3lbi.cif	TYR	TYR	OH	CZ	ok			-0.37364347501253714					0.0	0.0	GLU:63	GLU	OE1	7.469919773715602	HOH:310	O	6.017078364928885	0.0	7.0	none_obvious			intermediate				0.0	0.0		unmodified	
P01112	3LBN	A	64	TYR_single	1	1	1.862	TYR	140		1	1-166	1-166	TYR	/mnt/c/Users/drpat/OneDrive - UGent/Desktop/PD/Phospho-fill/Validation-allPDB/pdb_cache/3lbn.cif	TYR	TYR	OH	CZ	ok			-0.033516518004035795					0.0	0.0	GLU:63	GLU	OE1	6.733985796173616	HOH:292	O	6.739124265110022	0.0	6.0	none_obvious			intermediate				0.0	0.0		unmodified	
P24941	3LFN	A	15	TYR_single	1	1	2.28	TYR	337		3	1-36,41-151,161-298	1-36,41-151,161-298	TYR	/mnt/c/Users/drpat/OneDrive - UGent/Desktop/PD/Phospho-fill/Validation-allPDB/pdb_cache/3lfn.cif	TYR	TYR	OH	CZ	ok			-0.21365114835049062					0.0	0.0	THR:14	THR	OG1	7.102611132269683	HOH:684	O	5.4999022367805495	0.0	18.0	none_obvious			intermediate				0.0	0.0		unmodified	
P00523	3LOK	A	527	TYR_single	1	1	2.48	TYR	81		2	257-274,278-297,310-410,425-533	257-274,278-297,310-410,425-533	TYR	/mnt/c/Users/drpat/OneDrive - UGent/Desktop/PD/Phospho-fill/Validation-allPDB/pdb_cache/3lok.cif	TYR	TYR	OH	CZ	ok			0.5764137267512912	ARG:359	ARG	NE	6.343643105608185	0.0	0.0	ARG:359	ARG	NE	6.343643105608185	HOH:61	O	7.773713221821821	0.0	37.0	none_obvious			buried				0.0	0.0		unmodified	
P29597	3LXN	A	1055	TYR_single	1	1	2.5	TYR	473		2	888-1057,1061-1178	888-1057,1061-1178	TYR	/mnt/c/Users/drpat/OneDrive - UGent/Desktop/PD/Phospho-fill/Validation-allPDB/pdb_cache/3lxn.cif	TYR	TYR	OH	CZ	ok			-0.2512619231166396	LYS:1046	LYS	CE	3.433936942934076	1.0	2.0	LYS:1046	LYS	NZ	4.267035287970884	HOH:150	O	6.911284031790235	0.0	14.0	salt_bridge_like			intermediate	PTR:1054	PTR	12.882479465550574	0.0	0.0		unmodified	
P29597	3LXP	A	1055	TYR_single	1	1	1.65	TYR	474		2	888-920,923-1057,1061-1178	888-920,923-1057,1061-1178	TYR	/mnt/c/Users/drpat/OneDrive - UGent/Desktop/PD/Phospho-fill/Validation-allPDB/pdb_cache/3lxp.cif	TYR	TYR	OH	CZ	ok			0.2370581406288855	LYS:1046	LYS	CE	3.5042220796392116	1.0	2.0	LYS:1046	LYS	NZ	4.941547785176585	HOH:10	O	5.992372283676422	0.0	16.0	none_obvious			intermediate	PTR:1054	PTR	13.642651432360326	0.0	0.0		unmodified	
P06239	3MPM	A	394	TYR_single	1	1	1.95	TYR	247		2	238-397,402-498	238-397,402-498	TYR	/mnt/c/Users/drpat/OneDrive - UGent/Desktop/PD/Phospho-fill/Validation-allPDB/pdb_cache/3mpm.cif	TYR	TYR	OH	CZ	ok			0.5852190913058768	LYS:273	LYS	CE	5.213258297451451	0.0	2.0	GLU:393	GLU	OE1	4.986789438995943	HOH:112	O	2.7177908872234458	1.0	40.0	water_mediated_like			buried				0.0	0.0		unmodified	
P00520	3MS9	B	393	TYR_single	1	1	1.8	TYR	60		1	229-273,277-498	229-273,277-498	TYR	/mnt/c/Users/drpat/OneDrive - UGent/Desktop/PD/Phospho-fill/Validation-allPDB/pdb_cache/3ms9.cif	TYR	TYR	OH	CZ	ok			2.7675262024549063	ARG:367	ARG	NE	2.8228939220322005	1.0	1.0	ASP:363	ASP	OD2	2.5367130611153406	HOH:136	O	4.00870570810156	0.0	34.0	salt_bridge_like			buried				0.0	0.0		unmodified	
P00520	3MSS	A	393	TYR_single	1	1	1.95	TYR	61		1	232-273,280-388,390-498	232-273,280-388,390-498	TYR	/mnt/c/Users/drpat/OneDrive - UGent/Desktop/PD/Phospho-fill/Validation-allPDB/pdb_cache/3mss.cif	TYR	TYR	OH	CZ	ok			-0.3294313199174813	ARG:367	ARG	NE	2.804205931101162	1.0	1.0	ASP:363	ASP	OD2	2.484204736214189	HOH:216	O	4.035524833643153	0.0	36.0	salt_bridge_like			buried				0.0	0.0		unmodified	
P00523	3OEZ	A	527	TYR_single	1	1	2.4	TYR	82		2	257-407,424-533	257-407,424-533	TYR	/mnt/c/Users/drpat/OneDrive - UGent/Desktop/PD/Phospho-fill/Validation-allPDB/pdb_cache/3oez.cif	TYR	TYR	OH	CZ	ok			-0.15463425130766756	ARG:359	ARG	NE	6.068154171314915	0.0	0.0	ARG:359	ARG	NE	6.068154171314915	HOH:190	O	4.310936162215658	0.0	38.0	none_obvious			buried				0.0	0.0		unmodified	
P01112	3OIU	A	64	TYR_single	1	1	1.32	TYR	141		1	1-166	1-166	TYR	/mnt/c/Users/drpat/OneDrive - UGent/Desktop/PD/Phospho-fill/Validation-allPDB/pdb_cache/3oiu.cif	TYR	TYR	OH	CZ	ok			0.047841960046925695					0.0	0.0					HOH:782	O	2.5205343184901685	1.0	10.0	water_mediated_like			intermediate				0.0	0.0		unmodified	
P01112	3OIW	A	64	TYR_single	1	1	1.3	TYR	142		1	1-166	1-166	TYR	/mnt/c/Users/drpat/OneDrive - UGent/Desktop/PD/Phospho-fill/Validation-allPDB/pdb_cache/3oiw.cif	TYR	TYR	OH	CZ	ok			-0.1355033470483108					0.0	0.0	GLN:61	GLN	NE2	4.952019043825748	HOH:371	O	3.646767155110914	1.0	8.0	none_obvious			intermediate				0.0	0.0		unmodified	
Q92731	3OLS	A	488	TYR_single	1	1	2.2	TYR	581		1	264-415,421-497	264-415,421-497	TYR	/mnt/c/Users/drpat/OneDrive - UGent/Desktop/PD/Phospho-fill/Validation-allPDB/pdb_cache/3ols.cif	TYR	TYR	OH	CZ	ok			0.21528458475745893					0.0	0.0					HOH:28	O	7.381362897960477	0.0	9.0	none_obvious			intermediate				0.0	0.0		unmodified	
Q92731	3OMO	A	488	TYR_single	1	1	2.21	TYR	582		1	264-415,421-497	264-415,421-497	TYR	/mnt/c/Users/drpat/OneDrive - UGent/Desktop/PD/Phospho-fill/Validation-allPDB/pdb_cache/3omo.cif	TYR	TYR	OH	CZ	ok			0.22189936586792872					0.0	0.0					HOH:30	O	7.568383092797541	0.0	11.0	none_obvious			intermediate				0.0	0.0		unmodified	
Q92731	3OMP	A	488	TYR_single	1	1	2.05	TYR	583		1	264-415,421-497	264-415,421-497	TYR	/mnt/c/Users/drpat/OneDrive - UGent/Desktop/PD/Phospho-fill/Validation-allPDB/pdb_cache/3omp.cif	TYR	TYR	OH	CZ	ok			-0.324627440388438					0.0	0.0					HOH:30	O	7.5440002288646495	0.0	11.0	none_obvious			intermediate				0.0	0.0		unmodified	
Q92731	3OMQ	A	488	TYR_single	1	1	1.97	TYR	584		1	264-415,421-497	264-415,421-497	TYR	/mnt/c/Users/drpat/OneDrive - UGent/Desktop/PD/Phospho-fill/Validation-allPDB/pdb_cache/3omq.cif	TYR	TYR	OH	CZ	ok			-0.4426359425569742					0.0	0.0					HOH:30	O	7.496977680125994	0.0	11.0	none_obvious			intermediate				0.0	0.0		unmodified	
P00520	3OXZ	A	393	TYR_single	1	1	2.2	TYR	62		1	229-273,280-385,393-394,398-511	229-273,280-385,393-394,398-511	TYR	/mnt/c/Users/drpat/OneDrive - UGent/Desktop/PD/Phospho-fill/Validation-allPDB/pdb_cache/3oxz.cif	TYR	TYR	OH	CZ	ok			-0.37796573961895386	ARG:367	ARG	NE	3.3925802408648043	1.0	1.0	ASP:363	ASP	OD2	2.347440464196858	HOH:37	O	5.9470530146390495	0.0	33.0	salt_bridge_like			buried				0.0	0.0		unmodified	
P00520	3OY3	A	393	TYR_single	1	1	1.95	TYR	63		1	229-511	229-511	TYR	/mnt/c/Users/drpat/OneDrive - UGent/Desktop/PD/Phospho-fill/Validation-allPDB/pdb_cache/3oy3.cif	TYR	TYR	OH	CZ	ok			0.26866550581399934	ARG:367	ARG	NE	2.957015965851797	1.0	1.0	ASP:363	ASP	OD2	2.3304868135957006	HOH:169	O	3.745576954518873	1.0	37.0	salt_bridge_like			buried				0.0	0.0		unmodified	
P24941	3PJ8	A	15	TYR_single	1	1	1.96	TYR	338		3	1-36,40-154,163-298	1-36,40-154,163-298	TYR	/mnt/c/Users/drpat/OneDrive - UGent/Desktop/PD/Phospho-fill/Validation-allPDB/pdb_cache/3pj8.cif	TYR	TYR	OH	CZ	ok			0.24760187223603436	ARG:126	ARG	NH2	7.619990753043145	0.0	0.0	THR:14	THR	OG1	6.530662828506001	HOH:424	O	5.2082912439885165	0.0	29.0	none_obvious			buried				0.0	0.0		unmodified	
P06612	3PWT	A	319	TYR_single	1	1	1.9	TYR	259		1	2-39,62-356,364-442,446-595	2-39,62-356,364-442,446-595	TYR	/mnt/c/Users/drpat/OneDrive - UGent/Desktop/PD/Phospho-fill/Validation-allPDB/pdb_cache/3pwt.cif	TYR	TYR	OH	CZ	ok			0.01605965130983169	ARG:321	ARG	NH1	4.12588734637675	0.0	1.0	ASP:113	ASP	OD1	3.310023200276106	HOH:616	O	2.298002047210512	2.0	34.0	hbond_like			exposed				0.0	0.0		unmodified	
P00519	3QRI	A	393	TYR_single	1	1	2.1	TYR	45		4	229-498	229-498	TYR	/mnt/c/Users/drpat/OneDrive - UGent/Desktop/PD/Phospho-fill/Validation-allPDB/pdb_cache/3qri.cif	TYR	TYR	OH	CZ	ok			-0.8919954537186422	ARG:367	ARG	NE	2.779034207348078	1.0	1.0	ASP:363	ASP	OD2	2.4421777475287025	HOH:32	O	4.128608546065341	0.0	39.0	salt_bridge_like			buried				0.0	0.0		unmodified	
P00519	3QRJ	B	393	TYR_single	1	1	1.82	TYR	46		4	233-497	233-497	TYR	/mnt/c/Users/drpat/OneDrive - UGent/Desktop/PD/Phospho-fill/Validation-allPDB/pdb_cache/3qrj.cif	TYR	TYR	OH	CZ	ok			-1.4947512758594572	ARG:367	ARG	NE	3.0405993084039324	1.0	1.0	ASP:363	ASP	OD2	2.4033019784837917	HOH:41	O	4.038820560896812	0.0	38.0	salt_bridge_like			buried				0.0	0.0		unmodified	
P00519	3QRK	A	393	TYR_single	1	1	2.3	TYR	47		4	229-496	229-496	TYR	/mnt/c/Users/drpat/OneDrive - UGent/Desktop/PD/Phospho-fill/Validation-allPDB/pdb_cache/3qrk.cif	TYR	TYR	OH	CZ	ok			-1.109650507557918	ARG:367	ARG	NE	2.7578655274429678	1.0	1.0	ASP:363	ASP	OD2	2.4475634654497305	HOH:9	O	4.327135568762964	0.0	37.0	salt_bridge_like			buried				0.0	0.0		unmodified	
P24941	3QTR	A	15	TYR_single	1	1	1.85	TYR	339		3	1-36,45-154,163-298	1-36,45-154,163-298	TYR	/mnt/c/Users/drpat/OneDrive - UGent/Desktop/PD/Phospho-fill/Validation-allPDB/pdb_cache/3qtr.cif	TYR	TYR	OH	CZ	ok			0.18348796447934962	LYS:33	LYS	NZ	7.11644499164867	0.0	0.0	GLU:51	GLU	OE2	6.681202851519225	HOH:438	O	6.173104448244632	0.0	26.0	none_obvious			buried				0.0	0.0		unmodified	
P24941	3QTS	A	15	TYR_single	1	1	1.9	TYR	340		3	1-36,45-154,163-298	1-36,45-154,163-298	TYR	/mnt/c/Users/drpat/OneDrive - UGent/Desktop/PD/Phospho-fill/Validation-allPDB/pdb_cache/3qts.cif	TYR	TYR	OH	CZ	ok			-0.7707576187534534	HIS:125	HIS	NE2	7.243956368058915	0.0	0.0	THR:14	THR	OG1	5.468691723275685	HOH:389	O	2.6591414553027506	1.0	27.0	water_mediated_like			buried				0.0	0.0		unmodified	
P24941	3R7I	A	15	TYR_single	1	1	1.85	TYR	341		3	1-36,45-154,163-298	1-36,45-154,163-298	TYR	/mnt/c/Users/drpat/OneDrive - UGent/Desktop/PD/Phospho-fill/Validation-allPDB/pdb_cache/3r7i.cif	TYR	TYR	OH	CZ	ok			0.5993138181782812	LYS:33	LYS	NZ	6.736367111955463	0.0	0.0	ASP:127	ASP	OD2	6.086753465620889	HOH:396	O	2.7222091185341957	1.0	27.0	water_mediated_like			buried				0.0	0.0		unmodified	
P24941	3R7U	A	15	TYR_single	1	1	1.75	TYR	342		3	1-36,45-154,163-298	1-36,45-154,163-298	TYR	/mnt/c/Users/drpat/OneDrive - UGent/Desktop/PD/Phospho-fill/Validation-allPDB/pdb_cache/3r7u.cif	TYR	TYR	OH	CZ	ok			0.27310767343559667	LYS:33	LYS	NZ	6.477212921711033	0.0	0.0	THR:14	THR	OG1	6.068757646148773	HOH:415	O	2.801667833034343	1.0	28.0	water_mediated_like			buried				0.0	0.0		unmodified	
P24941	3R8M	A	15	TYR_single	1	1	1.8	TYR	343		3	1-36,41-153,162-298	1-36,41-153,162-298	TYR	/mnt/c/Users/drpat/OneDrive - UGent/Desktop/PD/Phospho-fill/Validation-allPDB/pdb_cache/3r8m.cif	TYR	TYR	OH	CZ	ok			0.6999382682952949	ARG:126	ARG	NH1	6.064788713074461	0.0	0.0	THR:14	THR	OG1	5.824547570563366	HOH:357	O	6.00092193275146	0.0	27.0	none_obvious			buried				0.0	0.0		unmodified	
P24941	3R9N	A	15	TYR_single	1	1	1.75	TYR	344		3	1-36,45-154,163-298	1-36,45-154,163-298	TYR	/mnt/c/Users/drpat/OneDrive - UGent/Desktop/PD/Phospho-fill/Validation-allPDB/pdb_cache/3r9n.cif	TYR	TYR	OH	CZ	ok			0.029367013075752745	HIS:125	HIS	NE2	7.215516794881166	0.0	0.0	THR:14	THR	OG1	5.462562600216322	HOH:519	O	2.566845365986553	2.0	28.0	water_mediated_like			exposed				0.0	0.0		unmodified	
P24941	3R9O	A	15	TYR_single	1	1	1.9	TYR	345		3	1-36,45-154,163-298	1-36,45-154,163-298	TYR	/mnt/c/Users/drpat/OneDrive - UGent/Desktop/PD/Phospho-fill/Validation-allPDB/pdb_cache/3r9o.cif	TYR	TYR	OH	CZ	ok			0.1458967874169496					0.0	0.0	THR:14	THR	OG1	5.110366210928408				0.0	30.0	none_obvious			buried				0.0	0.0		unmodified	
P24941	3RAH	A	15	TYR_single	1	1	1.75	TYR	346		3	1-36,45-154,163-298	1-36,45-154,163-298	TYR	/mnt/c/Users/drpat/OneDrive - UGent/Desktop/PD/Phospho-fill/Validation-allPDB/pdb_cache/3rah.cif	TYR	TYR	OH	CZ	ok			-0.7999780257475778	HIS:125	HIS	NE2	7.178291938905671	0.0	0.0	THR:14	THR	OG1	5.468928746013507	HOH:342	O	2.715859332453436	1.0	27.0	water_mediated_like			buried				0.0	0.0		unmodified	
P24941	3RAK	A	15	TYR_single	1	1	1.75	TYR	347		3	1-36,45-149,163-298	1-36,45-149,163-298	TYR	/mnt/c/Users/drpat/OneDrive - UGent/Desktop/PD/Phospho-fill/Validation-allPDB/pdb_cache/3rak.cif	TYR	TYR	OH	CZ	ok			0.4420981211372405					0.0	0.0					HOH:405	O	7.071178069437663	0.0	3.0	none_obvious			intermediate				0.0	0.0		unmodified	
P24941	3RAL	A	15	TYR_single	1	1	1.75	TYR	348		3	1-36,45-149,163-298	1-36,45-149,163-298	TYR	/mnt/c/Users/drpat/OneDrive - UGent/Desktop/PD/Phospho-fill/Validation-allPDB/pdb_cache/3ral.cif	TYR	TYR	OH	CZ	ok			-0.11929153677764595					0.0	0.0					HOH:471	O	7.524281564416376	0.0	2.0	none_obvious			intermediate				0.0	0.0		unmodified	
P24941	3RMF	A	15	TYR_single	1	1	1.75	TYR	349		3	1-37,45-149,163-298	1-37,45-149,163-298	TYR	/mnt/c/Users/drpat/OneDrive - UGent/Desktop/PD/Phospho-fill/Validation-allPDB/pdb_cache/3rmf.cif	TYR	TYR	OH	CZ	ok			0.43987840415527585	ARG:126	ARG	NE	7.845803978913457	0.0	0.0	THR:14	THR	OG1	4.915973669657354	HOH:391	O	6.49197087153947	0.0	9.0	none_obvious			intermediate				0.0	0.0		unmodified	
P24941	3RPR	A	15	TYR_single	1	1	1.75	TYR	350		3	1-36,45-154,163-298	1-36,45-154,163-298	TYR	/mnt/c/Users/drpat/OneDrive - UGent/Desktop/PD/Phospho-fill/Validation-allPDB/pdb_cache/3rpr.cif	TYR	TYR	OH	CZ	ok			-0.7809198944169978	ARG:126	ARG	NH2	6.777594448309344	0.0	0.0	THR:14	THR	OG1	5.5047896935710074	HOH:526	O	2.713838994670262	2.0	26.0	water_mediated_like			exposed				0.0	0.0		unmodified	
P24941	3RPY	A	15	TYR_single	1	1	1.9	TYR	351		3	1-36,45-149,163-298	1-36,45-149,163-298	TYR	/mnt/c/Users/drpat/OneDrive - UGent/Desktop/PD/Phospho-fill/Validation-allPDB/pdb_cache/3rpy.cif	TYR	TYR	OH	CZ	ok			-0.6841792493375917	ARG:126	ARG	NE	6.366910455241661	0.0	0.0	THR:14	THR	OG1	4.851113425057033	HOH:373	O	5.479149251961519	0.0	21.0	none_obvious			intermediate				0.0	0.0		unmodified	
P01112	3RRY	A	64	TYR_single	1	1	1.6	TYR	143		1	1-166	1-166	TYR	/mnt/c/Users/drpat/OneDrive - UGent/Desktop/PD/Phospho-fill/Validation-allPDB/pdb_cache/3rry.cif	TYR	TYR	OH	CZ	ok			0.12760218832992004					0.0	0.0	GLN:61	GLN	NE2	7.426638611359132	HOH:341	O	4.4396895195911155	0.0	8.0	none_obvious			intermediate				0.0	0.0		unmodified	
P01112	3RRZ	A	64	TYR_single	1	1	1.6	TYR	144		1	1-166	1-166	TYR	/mnt/c/Users/drpat/OneDrive - UGent/Desktop/PD/Phospho-fill/Validation-allPDB/pdb_cache/3rrz.cif	TYR	TYR	OH	CZ	ok			-0.09894105113204153					0.0	0.0	GLN:61	GLN	OE1	7.860335971185791	HOH:341	O	5.794578580409362	0.0	6.0	none_obvious			intermediate				0.0	0.0		unmodified	
P01112	3RS0	A	64	TYR_single	1	1	1.4	TYR	145		1	1-166	1-166	TYR	/mnt/c/Users/drpat/OneDrive - UGent/Desktop/PD/Phospho-fill/Validation-allPDB/pdb_cache/3rs0.cif	TYR	TYR	OH	CZ	ok			0.05919564189328005					0.0	0.0	GLU:63	GLU	OE1	6.56287664521312	HOH:341	O	5.660786909230729	0.0	4.0	none_obvious			intermediate				0.0	0.0		unmodified	
P01112	3RS2	A	64	TYR_single	1	1	1.836	TYR	146		1	1-166	1-166	TYR	/mnt/c/Users/drpat/OneDrive - UGent/Desktop/PD/Phospho-fill/Validation-allPDB/pdb_cache/3rs2.cif	TYR	TYR	OH	CZ	ok			0.28533204509234295					0.0	0.0	GLN:61	GLN	OE1	7.396418614273547	HOH:535	O	4.686876127277835	0.0	7.0	none_obvious			intermediate				0.0	0.0		unmodified	
P01112	3RS3	A	64	TYR_single	1	1	1.52	TYR	147		1	1-166	1-166	TYR	/mnt/c/Users/drpat/OneDrive - UGent/Desktop/PD/Phospho-fill/Validation-allPDB/pdb_cache/3rs3.cif	TYR	TYR	OH	CZ	ok			0.20295895323132926					0.0	0.0	GLN:61	GLN	OE1	7.778493698691382	HOH:341	O	4.794553372699978	0.0	7.0	none_obvious			intermediate				0.0	0.0		unmodified	
P01112	3RS4	A	64	TYR_single	1	1	1.7	TYR	148		1	1-64,67-166	1-64,67-166	TYR	/mnt/c/Users/drpat/OneDrive - UGent/Desktop/PD/Phospho-fill/Validation-allPDB/pdb_cache/3rs4.cif	TYR	TYR	OH	CZ	ok			0.26697739332111					0.0	0.0	GLN:61	GLN	OE1	7.568748424806613	HOH:341	O	4.91923924788131	0.0	7.0	none_obvious			intermediate				0.0	0.0		unmodified	
P01112	3RS5	A	64	TYR_single	1	1	1.68	TYR	149		1	1-166	1-166	TYR	/mnt/c/Users/drpat/OneDrive - UGent/Desktop/PD/Phospho-fill/Validation-allPDB/pdb_cache/3rs5.cif	TYR	TYR	OH	CZ	ok			-0.07396768426231226					0.0	0.0	GLN:61	GLN	NE2	6.81057941502963	HOH:341	O	5.608193597470922	0.0	4.0	none_obvious			intermediate				0.0	0.0		unmodified	
P01112	3RS7	A	64	TYR_single	1	1	1.7	TYR	150		1	1-64,68-166	1-64,68-166	TYR	/mnt/c/Users/drpat/OneDrive - UGent/Desktop/PD/Phospho-fill/Validation-allPDB/pdb_cache/3rs7.cif	TYR	TYR	OH	CZ	ok			0.22279582285768995					0.0	0.0	TYR:32	TYR	OH	7.615089537168309	HOH:341	O	4.908180381906242	0.0	7.0	none_obvious			intermediate				0.0	0.0		unmodified	
P01112	3RSO	A	64	TYR_single	1	1	1.6	TYR	151		1	1-166	1-166	TYR	/mnt/c/Users/drpat/OneDrive - UGent/Desktop/PD/Phospho-fill/Validation-allPDB/pdb_cache/3rso.cif	TYR	TYR	OH	CZ	ok			0.07633230522233875					0.0	0.0	GLN:61	GLN	OE1	7.427703747846168	HOH:341	O	5.161501664729605	0.0	7.0	none_obvious			intermediate				0.0	0.0		unmodified	
P24941	3RZB	A	15	TYR_single	1	1	1.9	TYR	352		3	1-36,45-154,163-298	1-36,45-154,163-298	TYR	/mnt/c/Users/drpat/OneDrive - UGent/Desktop/PD/Phospho-fill/Validation-allPDB/pdb_cache/3rzb.cif	TYR	TYR	OH	CZ	ok			-0.6944191721589149	ARG:126	ARG	NE	7.767669717904652	0.0	0.0	GLU:51	GLU	OE2	6.031950145020693				0.0	32.0	none_obvious			buried				0.0	0.0		unmodified	
P24941	3S1H	A	15	TYR_single	1	1	1.75	TYR	353		3	1-36,45-149,163-298	1-36,45-149,163-298	TYR	/mnt/c/Users/drpat/OneDrive - UGent/Desktop/PD/Phospho-fill/Validation-allPDB/pdb_cache/3s1h.cif	TYR	TYR	OH	CZ	ok			0.591021377454831					0.0	0.0								0.0	3.0	none_obvious			intermediate				0.0	0.0		unmodified	
P24941	3S2P	A	15	TYR_single	1	1	2.3	TYR	354		3	1-35,44-152,164-298	1-35,44-152,164-298	TYR	/mnt/c/Users/drpat/OneDrive - UGent/Desktop/PD/Phospho-fill/Validation-allPDB/pdb_cache/3s2p.cif	TYR	TYR	OH	CZ	ok			0.19775753258762085	ARG:126	ARG	NH1	6.355637439436473	0.0	0.0	THR:14	THR	OG1	4.398211882122885	HOH:334	O	3.037469042730744	1.0	29.0	water_mediated_like			buried				0.0	0.0		unmodified	
P43405	3SRV	A	526	TYR_single	1	1	1.95	TYR	497		3	364-378,381-405,412-634	364-378,381-405,412-634	TYR	/mnt/c/Users/drpat/OneDrive - UGent/Desktop/PD/Phospho-fill/Validation-allPDB/pdb_cache/3srv.cif	TYR	TYR	OH	CZ	ok			0.31777116182424636	LYS:517	LYS	CE	3.5163495127320945	1.0	2.0	LYS:517	LYS	NZ	3.5337025647170024	HOH:199	O	2.1955575598458847	4.0	20.0	water_mediated_like			exposed	PTR:525	PTR	13.685128155165607	0.0	0.0		unmodified	
P00523	3SVV	A	527	TYR_single	1	1	2.204	TYR	83		2	257-276,278-409,425-533	257-276,278-409,425-533	TYR	/mnt/c/Users/drpat/OneDrive - UGent/Desktop/PD/Phospho-fill/Validation-allPDB/pdb_cache/3svv.cif	TYR	TYR	OH	CZ	ok			-0.09181797736027845	ARG:359	ARG	NE	6.1603291831418625	0.0	0.0	ARG:359	ARG	NE	6.1603291831418625	HOH:199	O	4.819619006409483	0.0	38.0	none_obvious			buried				0.0	0.0		unmodified	
P24941	3SW4	A	15	TYR_single	1	1	1.7	TYR	355		3	1-36,45-153,164-298	1-36,45-153,164-298	TYR	/mnt/c/Users/drpat/OneDrive - UGent/Desktop/PD/Phospho-fill/Validation-allPDB/pdb_cache/3sw4.cif	TYR	TYR	OH	CZ	ok			-0.28264627752635413	HIS:125	HIS	CE1	6.220433065032147	0.0	0.0	THR:14	THR	OG1	4.557018866093734	HOH:328	O	3.4964258662121765	1.0	25.0	water_mediated_like			buried				0.0	0.0		unmodified	
P24941	3SW7	A	15	TYR_single	1	1	1.8	TYR	356		3	1-37,45-149,163-298	1-37,45-149,163-298	TYR	/mnt/c/Users/drpat/OneDrive - UGent/Desktop/PD/Phospho-fill/Validation-allPDB/pdb_cache/3sw7.cif	TYR				missing_anchor_or_base																														
P28482	3TEI	A	187	TYR_single	1	1	2.404	TYR	421		2	10-178,186-201,205-358	10-178,186-201,205-358	TYR	/mnt/c/Users/drpat/OneDrive - UGent/Desktop/PD/Phospho-fill/Validation-allPDB/pdb_cache/3tei.cif	TYR	TYR	OH	CZ	ok			0.00859532935135148	ARG:191	ARG	NH1	2.8192649850276936	2.0	2.0	ARG:191	ARG	NH1	2.8192649850276936	HOH:569	O	3.743693292446898	1.0	11.0	salt_bridge_like			intermediate				0.0	0.0		unmodified	
P01112	3TGP	A	64	TYR_single	1	1	1.3075	TYR	152		1	1-166	1-166	TYR	/mnt/c/Users/drpat/OneDrive - UGent/Desktop/PD/Phospho-fill/Validation-allPDB/pdb_cache/3tgp.cif	TYR	TYR	OH	CZ	ok			0.18948862909489225					0.0	0.0	GLN:61	GLN	OE1	3.947907537172054	HOH:255	O	2.2374534676004294	1.0	12.0	water_mediated_like			intermediate				0.0	0.0		unmodified	
P24941	3TNW	C	159	TYR_single	1	1	2.0	TYR	357		3	1-13,16-294	1-13,16-294	TYR	/mnt/c/Users/drpat/OneDrive - UGent/Desktop/PD/Phospho-fill/Validation-allPDB/pdb_cache/3tnw.cif	TYR	TYR	OH	CZ	ok			0.08884579689653521	ARG:150	ARG	NE	5.1601699125216465	0.0	2.0	ARG:150	ARG	NE	5.1601699125216465	HOH:326	O	2.6023504768862353	1.0	40.0	water_mediated_like			buried	TPO:160	TPO	9.184640864191763	0.0	1.0	TPO:160@9.18	unmodified	
O15151	3U15	A	99	TYR_single	1	1	1.8	TYR	11		2	26-107	26-107	TYR	/mnt/c/Users/drpat/OneDrive - UGent/Desktop/PD/Phospho-fill/Validation-allPDB/pdb_cache/3u15.cif	TYR	TYR	OH	CZ	ok			0.11046642719894553					0.0	0.0					HOH:149	O	3.49618045746517	1.0	10.0	water_mediated_like			intermediate				0.0	0.0		unmodified	
P00523	3U51	A	527	TYR_single	1	1	2.241	TYR	84		2	261-406,424-533	261-406,424-533	TYR	/mnt/c/Users/drpat/OneDrive - UGent/Desktop/PD/Phospho-fill/Validation-allPDB/pdb_cache/3u51.cif	TYR	TYR	OH	CZ	ok			-0.07409631248000205	ARG:359	ARG	NE	5.826358767768366	0.0	1.0	ARG:359	ARG	NE	5.826358767768366	HOH:635	O	7.47739510203981	0.0	37.0	none_obvious			buried				0.0	0.0		unmodified	
P00519	3UE4	A	393	TYR_single	1	1	2.424	TYR	48		4	233-502	233-502	TYR	/mnt/c/Users/drpat/OneDrive - UGent/Desktop/PD/Phospho-fill/Validation-allPDB/pdb_cache/3ue4.cif	TYR	TYR	OH	CZ	ok			-0.6020999522326609	ARG:362	ARG	NE	4.383966357904603	0.0	1.0	SER:385	SER	OG	4.082038353172492				0.0	15.0	none_obvious			intermediate				0.0	0.0		unmodified	
P24941	3ULI	A	15	TYR_single	1	1	2.0	TYR	358		3	1-38,44-154,162-298	1-38,44-154,162-298	TYR	/mnt/c/Users/drpat/OneDrive - UGent/Desktop/PD/Phospho-fill/Validation-allPDB/pdb_cache/3uli.cif	TYR	TYR	OH	CZ	ok			0.2756527661780355	LYS:33	LYS	NZ	7.966832562942038	0.0	0.0	THR:14	THR	OG1	4.48959290404629	HOH:432	O	4.762655319120985	0.0	27.0	none_obvious			buried				0.0	0.0		unmodified	
P00523	3UQF	A	527	TYR_single	1	1	2.27	TYR	85		2	258-408,425-533	258-408,425-533	TYR	/mnt/c/Users/drpat/OneDrive - UGent/Desktop/PD/Phospho-fill/Validation-allPDB/pdb_cache/3uqf.cif	TYR	TYR	OH	CZ	ok			0.2098578674229606	ARG:359	ARG	NE	6.044605230890609	0.0	0.0	ARG:359	ARG	NE	6.044605230890609	HOH:46	O	2.336911441184896	1.0	38.0	water_mediated_like			buried				0.0	0.0		unmodified	
P00523	3UQG	A	527	TYR_single	1	1	2.2	TYR	86		2	258-411,425-533	258-411,425-533	TYR	/mnt/c/Users/drpat/OneDrive - UGent/Desktop/PD/Phospho-fill/Validation-allPDB/pdb_cache/3uqg.cif	TYR	TYR	OH	CZ	ok			1.1833275467297002	ARG:359	ARG	NE	6.31404262560005	0.0	0.0	ARG:359	ARG	NE	6.31404262560005	HOH:11	O	6.240879618130091	0.0	36.0	none_obvious			buried				0.0	0.0		unmodified	
P24941	3WBL	A	15	TYR_single	1	1	2.0	TYR	359		3	1-24,26-37,43-153,163-298	1-24,26-37,43-153,163-298	TYR	/mnt/c/Users/drpat/OneDrive - UGent/Desktop/PD/Phospho-fill/Validation-allPDB/pdb_cache/3wbl.cif	TYR	TYR	OH	CZ	ok			-0.39197452389912735	ARG:126	ARG	NH2	4.377147355072496	0.0	1.0	THR:14	THR	OG1	4.3655957103709175	HOH:441	O	6.215159904631447	0.0	25.0	none_obvious			buried				0.0	0.0		unmodified	
P54762	3ZFX	A	647	TYR_single	1	1	2.5	TYR	526		2	611-627,630-656,658-770,784-893	611-627,630-656,658-770,784-893	TYR	/mnt/c/Users/drpat/OneDrive - UGent/Desktop/PD/Phospho-fill/Validation-allPDB/pdb_cache/3zfx.cif	TYR	TYR	OH	CZ	ok			-1.0219984586300253	LYS:635	LYS	CE	5.303747829445226	0.0	1.0	GLU:622	GLU	OE1	5.3127523746140195	HOH:2005	O	5.064035834321148	0.0	3.0	none_obvious			intermediate				0.0	0.0		unmodified	
P01112	421P	A	64	TYR_single	1	1	2.2	TYR	153		1	1-166	1-166	TYR	/mnt/c/Users/drpat/OneDrive - UGent/Desktop/PD/Phospho-fill/Validation-allPDB/pdb_cache/421p.cif	TYR	TYR	OH	CZ	ok			0.1682768645659397					0.0	0.0	GLU:37	GLU	OE1	3.878588158562962	HOH:305	O	3.8383240599447754	3.0	17.0	none_obvious			exposed				0.0	0.0		unmodified	
P24941	4ACM	A	15	TYR_single	1	1	1.63	TYR	360		3	1-36,44-72,75-150,163-298	1-36,44-72,75-150,163-298	TYR	/mnt/c/Users/drpat/OneDrive - UGent/Desktop/PD/Phospho-fill/Validation-allPDB/pdb_cache/4acm.cif	TYR				missing_anchor_or_base																														
P24941	4BCP	C	159	TYR_single	1	1	2.26	TYR	361		3	1-12,16-221,248-296	1-12,16-221,248-296	TYR	/mnt/c/Users/drpat/OneDrive - UGent/Desktop/PD/Phospho-fill/Validation-allPDB/pdb_cache/4bcp.cif	TYR	TYR	OH	CZ	ok			0.11396288327047785	ARG:150	ARG	NH1	5.412473728995535	0.0	2.0	ARG:150	ARG	NH1	5.412473728995535	HOH:2036	O	2.3915279927252118	1.0	41.0	water_mediated_like			buried	TPO:160	TPO	9.264185288359043	0.0	1.0	TPO:160@9.26	unmodified	
P24941	4BCQ	A	159	TYR_single	1	1	2.4	TYR	362		3	1-11,17-295	1-11,17-295	TYR	/mnt/c/Users/drpat/OneDrive - UGent/Desktop/PD/Phospho-fill/Validation-allPDB/pdb_cache/4bcq.cif	TYR	TYR	OH	CZ	ok			0.07636973317476929	ARG:150	ARG	NE	5.434940764065253	0.0	2.0	ARG:150	ARG	NE	5.434940764065253	HOH:2066	O	2.731284620491141	1.0	37.0	water_mediated_like			buried	TPO:160	TPO	9.621460655065759	0.0	1.0	TPO:160@9.62	unmodified	
P24941	4BGH	A	15	TYR_single	1	1	1.95	TYR	363		3	1-35,45-149,164-298	1-35,45-149,164-298	TYR	/mnt/c/Users/drpat/OneDrive - UGent/Desktop/PD/Phospho-fill/Validation-allPDB/pdb_cache/4bgh.cif	TYR	TYR	OH	CZ	ok			-0.3379110540271352	ARG:126	ARG	NH2	5.246381397494937	0.0	2.0	ARG:126	ARG	NH2	5.246381397494937	HOH:2005	O	2.6050939756254854	1.0	29.0	water_mediated_like			buried				0.0	0.0		unmodified	
P24941	4BZD	A	15	TYR_single	1	1	1.83	TYR	364		3	1-13,15-37,44-148,163-298	1-13,15-37,44-148,163-298	TYR	/mnt/c/Users/drpat/OneDrive - UGent/Desktop/PD/Phospho-fill/Validation-allPDB/pdb_cache/4bzd.cif	TYR				missing_anchor_or_base																														
P06239	4C3F	A	394	TYR_single	1	1	1.72	TYR	248		2	238-397,402-498	238-397,402-498	TYR	/mnt/c/Users/drpat/OneDrive - UGent/Desktop/PD/Phospho-fill/Validation-allPDB/pdb_cache/4c3f.cif	TYR	TYR	OH	CZ	ok			-2.535670157013382	ARG:387	ARG	NH2	4.539724297998314	0.0	2.0	ARG:387	ARG	NH2	4.539724297998314	HOH:2199	O	2.6373402272110167	1.0	42.0	water_mediated_like			buried				0.0	0.0		unmodified	
P24941	4D1X	A	15	TYR_single	1	1	2.1	TYR	365		3	3-35,47-153,165-298	3-35,47-153,165-298	TYR	/mnt/c/Users/drpat/OneDrive - UGent/Desktop/PD/Phospho-fill/Validation-allPDB/pdb_cache/4d1x.cif	TYR	TYR	OH	CZ	ok			0.035621151057346506	ARG:126	ARG	NH2	6.404176732013931	0.0	0.0	THR:14	THR	OG1	5.444183508307596	HOH:2001	O	3.1339228547892413	1.0	28.0	water_mediated_like			buried				0.0	0.0		unmodified	
P01112	4DLR	A	64	TYR_single	1	1	1.319	TYR	154		1	1-166	1-166	TYR	/mnt/c/Users/drpat/OneDrive - UGent/Desktop/PD/Phospho-fill/Validation-allPDB/pdb_cache/4dlr.cif	TYR	TYR	OH	CZ	ok			-0.04116960155630616					0.0	0.0	GLN:61	GLN	OE1	7.793394201185574	HOH:336	O	5.271137266683735	0.0	4.0	none_obvious			intermediate				0.0	0.0		unmodified	
P01112	4DLS	A	64	TYR_single	1	1	1.819	TYR	155		1	1-166	1-166	TYR	/mnt/c/Users/drpat/OneDrive - UGent/Desktop/PD/Phospho-fill/Validation-allPDB/pdb_cache/4dls.cif	TYR	TYR	OH	CZ	ok			-0.44315289819019393					0.0	0.0					HOH:312	O	6.703515682508642	0.0	10.0	none_obvious			intermediate				0.0	0.0		unmodified	
P01112	4DLT	A	64	TYR_single	1	1	1.699	TYR	156		1	1-166	1-166	TYR	/mnt/c/Users/drpat/OneDrive - UGent/Desktop/PD/Phospho-fill/Validation-allPDB/pdb_cache/4dlt.cif	TYR	TYR	OH	CZ	ok			-0.14983153648398698					0.0	0.0	GLU:63	GLU	OE1	7.1633384738574115	HOH:441	O	6.612195072025611	0.0	7.0	none_obvious			intermediate				0.0	0.0		unmodified	
P01112	4DLU	A	64	TYR_single	1	1	1.6	TYR	157		1	1-166	1-166	TYR	/mnt/c/Users/drpat/OneDrive - UGent/Desktop/PD/Phospho-fill/Validation-allPDB/pdb_cache/4dlu.cif	TYR	TYR	OH	CZ	ok			-0.23036101828421957					0.0	0.0	GLU:63	GLU	OE2	6.081967129469235	HOH:478	O	6.007024177012613	0.0	6.0	none_obvious			intermediate				0.0	0.0		unmodified	
P01112	4DLV	A	64	TYR_single	1	1	1.572	TYR	158		1	1-166	1-166	TYR	/mnt/c/Users/drpat/OneDrive - UGent/Desktop/PD/Phospho-fill/Validation-allPDB/pdb_cache/4dlv.cif	TYR	TYR	OH	CZ	ok			0.02920418732233208					0.0	0.0	GLN:61	GLN	OE1	7.307234734389287	HOH:336	O	4.943463472883232	0.0	8.0	none_obvious			intermediate				0.0	0.0		unmodified	
P01112	4DLW	A	64	TYR_single	1	1	1.72	TYR	159		1	1-166	1-166	TYR	/mnt/c/Users/drpat/OneDrive - UGent/Desktop/PD/Phospho-fill/Validation-allPDB/pdb_cache/4dlw.cif	TYR	TYR	OH	CZ	ok			-0.10126357596090033					0.0	0.0	GLU:63	GLU	OE2	3.9495304507776305	HOH:458	O	5.912119493732734	0.0	10.0	none_obvious			intermediate				0.0	0.0		unmodified	
P01112	4DLX	A	64	TYR_single	1	1	1.731	TYR	160		1	1-166	1-166	TYR	/mnt/c/Users/drpat/OneDrive - UGent/Desktop/PD/Phospho-fill/Validation-allPDB/pdb_cache/4dlx.cif	TYR	TYR	OH	CZ	ok			-0.1401231274184137					0.0	0.0	GLN:61	GLN	OE1	7.9549269696695895	HOH:462	O	2.146121308078073	1.0	8.0	water_mediated_like			intermediate				0.0	0.0		unmodified	
P01112	4DLY	A	64	TYR_single	1	1	1.57	TYR	161		1	1-166	1-166	TYR	/mnt/c/Users/drpat/OneDrive - UGent/Desktop/PD/Phospho-fill/Validation-allPDB/pdb_cache/4dly.cif	TYR	TYR	OH	CZ	ok			-0.18821327761095505					0.0	0.0	GLU:63	GLU	OE2	6.723758738017295	HOH:335	O	4.325780250481084	0.0	7.0	none_obvious			intermediate				0.0	0.0		unmodified	
P01112	4DLZ	A	64	TYR_single	1	1	1.662	TYR	162		1	1-166	1-166	TYR	/mnt/c/Users/drpat/OneDrive - UGent/Desktop/PD/Phospho-fill/Validation-allPDB/pdb_cache/4dlz.cif	TYR	TYR	OH	CZ	ok			0.10514754872067465					0.0	0.0	GLN:61	GLN	OE1	7.998894329504498	HOH:335	O	5.162413071656576	0.0	7.0	none_obvious			intermediate				0.0	0.0		unmodified	
Q7CWV1	4E0G	A	405	TYR_single	1	1	2.2	TYR	560		1	103-421	103-421	TYR	/mnt/c/Users/drpat/OneDrive - UGent/Desktop/PD/Phospho-fill/Validation-allPDB/pdb_cache/4e0g.cif	TYR	TYR	OH	CZ	ok			0.0011623419532052807	ARG:366	ARG	NE	3.118821441854262	1.0	4.0	ARG:366	ARG	NE	3.118821441854262	HOH:628	O	5.6038341299837136	0.0	31.0	salt_bridge_like			buried				0.0	0.0		unmodified	
Q7CWV1	4E0J	A	405	TYR_single	1	1	2.3	TYR	561		1	103-421	103-421	TYR	/mnt/c/Users/drpat/OneDrive - UGent/Desktop/PD/Phospho-fill/Validation-allPDB/pdb_cache/4e0j.cif	TYR	TYR	OH	CZ	ok			-0.17516025510724798	ARG:366	ARG	NE	3.783580231904163	1.0	4.0	TYR:363	TYR	OH	2.382723467305806	HOH:603	O	2.3679075544300843	1.0	23.0	hbond_like			intermediate				0.0	0.0		unmodified	
P01112	4EFL	A	64	TYR_single	1	1	1.9	TYR	163		1	1-166	1-166	TYR	/mnt/c/Users/drpat/OneDrive - UGent/Desktop/PD/Phospho-fill/Validation-allPDB/pdb_cache/4efl.cif	TYR	TYR	OH	CZ	ok			0.21163206721454245					0.0	0.0	SER:65	SER	OG	7.663946322790805	HOH:1024	O	5.941276108345332	0.0	9.0	none_obvious			intermediate				0.0	0.0		unmodified	
P01112	4EFM	A	64	TYR_single	1	1	1.9	TYR	164		1	1-166	1-166	TYR	/mnt/c/Users/drpat/OneDrive - UGent/Desktop/PD/Phospho-fill/Validation-allPDB/pdb_cache/4efm.cif	TYR	TYR	OH	CZ	ok			0.1813489966859555					0.0	0.0	SER:65	SER	OG	7.71473577197597	HOH:1029	O	5.87784955710481	0.0	9.0	none_obvious			intermediate				0.0	0.0		unmodified	
P01112	4EFN	A	64	TYR_single	1	1	2.3	TYR	165		1	1-166	1-166	TYR	/mnt/c/Users/drpat/OneDrive - UGent/Desktop/PD/Phospho-fill/Validation-allPDB/pdb_cache/4efn.cif	TYR	TYR	OH	CZ	ok			-0.06743113415165367					0.0	0.0	SER:65	SER	OG	7.698654233844993	HOH:1006	O	6.052374120316762	0.0	9.0	none_obvious			intermediate				0.0	0.0		unmodified	
P24941	4EK6	A	15	TYR_single	1	1	1.52	TYR	366		3	1-35,46-151,162-298	1-35,46-151,162-298	TYR	/mnt/c/Users/drpat/OneDrive - UGent/Desktop/PD/Phospho-fill/Validation-allPDB/pdb_cache/4ek6.cif	TYR	TYR	OH	CZ	ok			-0.16605661140180722	LYS:33	LYS	CE	7.03432533997742	0.0	0.0	THR:14	THR	OG1	5.413090697616308	HOH:504	O	3.4562137448079824	1.0	18.0	water_mediated_like			intermediate				0.0	0.0		unmodified	
P24941	4EK8	A	15	TYR_single	1	1	1.7	TYR	367		3	1-36,45-152,162-298	1-36,45-152,162-298	TYR	/mnt/c/Users/drpat/OneDrive - UGent/Desktop/PD/Phospho-fill/Validation-allPDB/pdb_cache/4ek8.cif	TYR	TYR	OH	CZ	ok			-0.21207054165400713	HIS:125	HIS	CE1	5.262376978038026	0.0	1.0	ASP:127	ASP	OD2	4.63659873965714	HOH:444	O	3.1358167720231593	1.0	31.0	water_mediated_like			buried				0.0	0.0		unmodified	
Q16539	4EWQ	A	182	TYR_single	1	1	2.1	TYR	556		2	5-169,172-353	5-169,172-353	TYR	/mnt/c/Users/drpat/OneDrive - UGent/Desktop/PD/Phospho-fill/Validation-allPDB/pdb_cache/4ewq.cif	TYR	TYR	OH	CZ	ok			0.12007940059731077	HIS:228	HIS	CE1	5.397257706895136	0.0	1.0	HIS:228	HIS	ND1	5.943474077095203				0.0	12.0	none_obvious			intermediate	TPO:180	TPO	14.742716988087434	0.0	0.0		unmodified	
O15264	4EYM	A	182	TYR_single	1	1	2.353	TYR	13		2	2-171,182-351	2-171,182-351	TYR	/mnt/c/Users/drpat/OneDrive - UGent/Desktop/PD/Phospho-fill/Validation-allPDB/pdb_cache/4eym.cif	TYR	TYR	OH	CZ	ok			0.08649334466112639					0.0	0.0								0.0	0.0	none_obvious			intermediate				0.0	0.0		unmodified	
Q7CWV1	4F41	A	405	TYR_single	1	1	2.5	TYR	562		1	103-421	103-421	TYR	/mnt/c/Users/drpat/OneDrive - UGent/Desktop/PD/Phospho-fill/Validation-allPDB/pdb_cache/4f41.cif	TYR	TYR	OH	CZ	ok			-0.010266446792275858	ARG:366	ARG	NE	3.539806269264669	1.0	3.0	TYR:363	TYR	OH	2.2830419030479203	HOH:505	O	2.4041590660520824	1.0	22.0	hbond_like			intermediate				0.0	0.0		unmodified	
Q7CWV1	4F43	A	405	TYR_single	1	1	2.354	TYR	563		1	102-421	102-421	TYR	/mnt/c/Users/drpat/OneDrive - UGent/Desktop/PD/Phospho-fill/Validation-allPDB/pdb_cache/4f43.cif	TYR	TYR	OH	CZ	ok			-0.0343317152577854	ARG:366	ARG	NE	3.793939982654559	1.0	3.0	TYR:363	TYR	OH	2.6455539563084667	HOH:506	O	2.5127518612899813	1.0	21.0	hbond_like			intermediate				0.0	0.0		unmodified	
P19174	4FBN	A	783	TYR_single	1	1	2.4	TYR	272		1	547-558,560-772,783-789	547-558,560-772,783-789	TYR	/mnt/c/Users/drpat/OneDrive - UGent/Desktop/PD/Phospho-fill/Validation-allPDB/pdb_cache/4fbn.cif	TYR	TYR	OH	CZ	ok			-0.4755447875576475					0.0	0.0					HOH:802	O	7.823706922779473	0.0	0.0	none_obvious			intermediate				0.0	0.0		unmodified	
P00523	4FIC	A	527	TYR_single	1	1	2.5	TYR	87		2	255-275,279-299,308-406,424-533	255-275,279-299,308-406,424-533	TYR	/mnt/c/Users/drpat/OneDrive - UGent/Desktop/PD/Phospho-fill/Validation-allPDB/pdb_cache/4fic.cif	TYR	TYR	OH	CZ	ok			-0.16243888352249886	ARG:359	ARG	NE	6.207380079832865	0.0	0.0	ARG:359	ARG	NE	6.207380079832865				0.0	36.0	none_obvious			buried				0.0	0.0		unmodified	
P24941	4FKJ	A	15	TYR_single	1	1	1.63	TYR	368		3	1-35,45-151,163-298	1-35,45-151,163-298	TYR	/mnt/c/Users/drpat/OneDrive - UGent/Desktop/PD/Phospho-fill/Validation-allPDB/pdb_cache/4fkj.cif	TYR	TYR	OH	CZ	ok			-0.4872631505011775	LYS:33	LYS	CE	7.184262992095023	0.0	0.0	THR:14	THR	OG1	5.672035641790319	HOH:491	O	3.882544395551587	1.0	17.0	none_obvious			intermediate				0.0	0.0		unmodified	
P24941	4FKP	A	15	TYR_single	1	1	1.6	TYR	369		3	1-35,44-152,163-298	1-35,44-152,163-298	TYR	/mnt/c/Users/drpat/OneDrive - UGent/Desktop/PD/Phospho-fill/Validation-allPDB/pdb_cache/4fkp.cif	TYR	TYR	OH	CZ	ok			0.20296379970351036	LYS:33	LYS	NZ	6.447522462188183	0.0	0.0	ASP:127	ASP	OD2	5.677918859082167	HOH:466	O	3.20482983697551	1.0	24.0	water_mediated_like			buried				0.0	0.0		unmodified	
P24941	4FKQ	A	15	TYR_single	1	1	1.75	TYR	370		3	1-37,44-154,164-298	1-37,44-154,164-298	TYR	/mnt/c/Users/drpat/OneDrive - UGent/Desktop/PD/Phospho-fill/Validation-allPDB/pdb_cache/4fkq.cif	TYR	TYR	OH	CZ	ok			0.06211311029724921	ARG:126	ARG	NE	7.777612906575761	0.0	0.0	THR:14	THR	OG1	6.851321154964149	HOH:586	O	4.558344276135798	0.0	27.0	none_obvious			buried				0.0	0.0		unmodified	
P24941	4FKR	A	15	TYR_single	1	1	1.9	TYR	371		3	1-37,45-153,163-298	1-37,45-153,163-298	TYR	/mnt/c/Users/drpat/OneDrive - UGent/Desktop/PD/Phospho-fill/Validation-allPDB/pdb_cache/4fkr.cif	TYR				missing_anchor_or_base																														
P24941	4FKS	A	15	TYR_single	1	1	1.55	TYR	372		3	1-35,45-150,163-296	1-35,45-150,163-296	TYR	/mnt/c/Users/drpat/OneDrive - UGent/Desktop/PD/Phospho-fill/Validation-allPDB/pdb_cache/4fks.cif	TYR				missing_anchor_or_base																														
P24941	4FKT	A	15	TYR_single	1	1	1.6	TYR	373		3	1-35,45-152,162-296	1-35,45-152,162-296	TYR	/mnt/c/Users/drpat/OneDrive - UGent/Desktop/PD/Phospho-fill/Validation-allPDB/pdb_cache/4fkt.cif	TYR	TYR	OH	CZ	ok			0.4033109996332517	HIS:125	HIS	CE1	6.904740284344008	0.0	0.0	THR:14	THR	OG1	5.355583910560197	HOH:459	O	2.9484548404813915	1.0	26.0	water_mediated_like			buried				0.0	0.0		unmodified	
P24941	4FKV	A	15	TYR_single	1	1	1.7	TYR	374		3	1-37,43-150,162-298	1-37,43-150,162-298	TYR	/mnt/c/Users/drpat/OneDrive - UGent/Desktop/PD/Phospho-fill/Validation-allPDB/pdb_cache/4fkv.cif	TYR				missing_anchor_or_base																														
P24941	4FKW	A	15	TYR_single	1	1	1.8	TYR	375		3	1-37,43-149,163-298	1-37,43-149,163-298	TYR	/mnt/c/Users/drpat/OneDrive - UGent/Desktop/PD/Phospho-fill/Validation-allPDB/pdb_cache/4fkw.cif	TYR				missing_anchor_or_base																														
P29320	4G2F	A	701	TYR_single	1	1	1.699	TYR	462		1	609-771,787-892,898-903	609-771,787-892,898-903	TYR	/mnt/c/Users/drpat/OneDrive - UGent/Desktop/PD/Phospho-fill/Validation-allPDB/pdb_cache/4g2f.cif	TYR	TYR	OH	CZ	ok			0.30460458098986254	LYS:625	LYS	CE	5.4619053825489985	0.0	1.0	SER:637	SER	OG	5.130737751578811	HOH:1295	O	2.2179275521357202	2.0	16.0	water_mediated_like			exposed				0.0	0.0		unmodified	
P29320	4GK2	A	701	TYR_single	1	1	2.195	TYR	463		1	609-767,787-883,888-892,900-903	609-767,787-883,888-892,900-903	TYR	/mnt/c/Users/drpat/OneDrive - UGent/Desktop/PD/Phospho-fill/Validation-allPDB/pdb_cache/4gk2.cif	TYR	TYR	OH	CZ	ok			0.6402753113006252	LYS:625	LYS	NZ	5.879397662333928	0.0	1.0	SER:637	SER	OG	4.9018165642165				0.0	19.0	none_obvious			intermediate				0.0	0.0		unmodified	
P29320	4GK3	A	701	TYR_single	1	1	1.898	TYR	464		1	609-771,786-892,899-903	609-771,786-892,899-903	TYR	/mnt/c/Users/drpat/OneDrive - UGent/Desktop/PD/Phospho-fill/Validation-allPDB/pdb_cache/4gk3.cif	TYR	TYR	OH	CZ	ok			0.34287282005441266					0.0	0.0	SER:637	SER	OG	5.011098577430842	HOH:1258	O	5.484077270678731	0.0	18.0	none_obvious			intermediate				0.0	0.0		unmodified	
P29320	4GK4	A	701	TYR_single	1	1	2.1	TYR	465		1	609-771,785-892,900-903	609-771,785-892,900-903	TYR	/mnt/c/Users/drpat/OneDrive - UGent/Desktop/PD/Phospho-fill/Validation-allPDB/pdb_cache/4gk4.cif	TYR	TYR	OH	CZ	ok			0.316360715046178	LYS:625	LYS	NZ	5.064238136025891	0.0	1.0	SER:637	SER	OG	4.818885125918461	HOH:1270	O	6.74768624854379	0.0	19.0	none_obvious			intermediate				0.0	0.0		unmodified	
P28482	4H3P	A	187	TYR_single	1	1	2.3	TYR	422		2	11-178,186-359	11-178,186-359	TYR	/mnt/c/Users/drpat/OneDrive - UGent/Desktop/PD/Phospho-fill/Validation-allPDB/pdb_cache/4h3p.cif	TYR	TYR	OH	CZ	ok			-0.06718013622704316	ARG:191	ARG	NH2	5.875239766825591	0.0	1.0	ARG:191	ARG	NH2	5.875239766825591	HOH:565	O	2.807989575052915	1.0	1.0	water_mediated_like			intermediate				0.0	0.0		unmodified	
Q07912	4HZR	A	284	TYR_single	1	1	1.31	TYR	535		1	117-134,138-160,170-389	117-134,138-160,170-389	TYR	/mnt/c/Users/drpat/OneDrive - UGent/Desktop/PD/Phospho-fill/Validation-allPDB/pdb_cache/4hzr.cif	TYR	TYR	OH	CZ	ok			0.11287089904006382	ARG:275	ARG	NE	3.831567823664493	1.0	3.0	ARG:275	ARG	NE	3.831567823664493	HOH:706	O	4.754074326711877	0.0	19.0	none_obvious			intermediate				0.0	0.0		unmodified	
P28482	4IZ7	A	187	TYR_single	1	1	1.8	TYR	423		2	11-176,186-359	11-176,186-359	TYR	/mnt/c/Users/drpat/OneDrive - UGent/Desktop/PD/Phospho-fill/Validation-allPDB/pdb_cache/4iz7.cif	TYR	TYR	OH	CZ	ok			-0.2174361538899522	ARG:194	ARG	NE	6.0252845655147125	0.0	0.0	TYR:233	TYR	OH	4.2733625377159825	HOH:715	O	6.842080824599105	0.0	20.0	none_obvious			intermediate				0.0	0.0		unmodified	
Q92731	4J24	B	488	TYR_single	1	1	2.1	TYR	585		1	261-410,421-498	261-410,421-498	TYR	/mnt/c/Users/drpat/OneDrive - UGent/Desktop/PD/Phospho-fill/Validation-allPDB/pdb_cache/4j24.cif	TYR	TYR	OH	CZ	ok			-0.1982331166295726					0.0	0.0					HOH:827	O	5.918218652154542	0.0	9.0	none_obvious			intermediate				0.0	0.0		unmodified	
Q92731	4J26	A	488	TYR_single	1	1	2.3	TYR	586		1	261-409,420-498	261-409,420-498	TYR	/mnt/c/Users/drpat/OneDrive - UGent/Desktop/PD/Phospho-fill/Validation-allPDB/pdb_cache/4j26.cif	TYR	TYR	OH	CZ	ok			0.12423802792926837					0.0	0.0					HOH:739	O	6.439963620080807	0.0	10.0	none_obvious			intermediate				0.0	0.0		unmodified	
P21802	4J95	D	561	TYR_single	1	1	2.3767	TYR	273		6	467-580,597-651,663-764	467-580,597-651,663-764	TYR	/mnt/c/Users/drpat/OneDrive - UGent/Desktop/PD/Phospho-fill/Validation-allPDB/pdb_cache/4j95.cif	TYR	TYR	OH	CZ	ok			0.0208832027173171	ARG:478	ARG	NH1	5.1452600437895475	0.0	1.0	ARG:478	ARG	NH1	5.1452600437895475				0.0	15.0	none_obvious			intermediate				0.0	0.0		unmodified	
P01112	4K81	B	64	TYR_single	1	1	2.4	TYR	166		1	1-166	1-166	TYR	/mnt/c/Users/drpat/OneDrive - UGent/Desktop/PD/Phospho-fill/Validation-allPDB/pdb_cache/4k81.cif	TYR	TYR	OH	CZ	ok			-0.17780984717560486					0.0	0.0	GLU:63	GLU	OE1	4.184904043957738	HOH:323	O	6.467482417198607	0.0	12.0	none_obvious			intermediate				0.0	0.0		unmodified	
Q16539	4KIN	B	182	TYR_single	1	1	1.97	TYR	557		2	4-173,182-352	4-173,182-352	TYR	/mnt/c/Users/drpat/OneDrive - UGent/Desktop/PD/Phospho-fill/Validation-allPDB/pdb_cache/4kin.cif	TYR	TYR	OH	CZ	ok			0.4150351421602555	HIS:228	HIS	CE1	3.844833167607207	1.0	1.0	HIS:228	HIS	NE2	3.9795578937069167				0.0	7.0	none_obvious			intermediate				0.0	0.0		unmodified	
P01112	4L9W	A	64	TYR_single	1	1	1.952	TYR	167		1	1-166	1-166	TYR	/mnt/c/Users/drpat/OneDrive - UGent/Desktop/PD/Phospho-fill/Validation-allPDB/pdb_cache/4l9w.cif	TYR	TYR	OH	CZ	ok			-0.1473534514672168					0.0	0.0	GLN:61	GLN	OE1	4.709016800285634	HOH:315	O	7.002758215639707	0.0	9.0	none_obvious			intermediate				0.0	0.0		unmodified	
P00523	4LGG	B	527	TYR_single	1	1	2.41	TYR	88		2	264-274,279-332,335-405,425-533	264-274,279-332,335-405,425-533	TYR	/mnt/c/Users/drpat/OneDrive - UGent/Desktop/PD/Phospho-fill/Validation-allPDB/pdb_cache/4lgg.cif	TYR	TYR	OH	CZ	ok			0.031990651721684235	ARG:359	ARG	NE	5.7872095797177	0.0	1.0	ARG:359	ARG	NE	5.7872095797177				0.0	38.0	none_obvious			buried				0.0	0.0		unmodified	
P24941	4LYN	A	15	TYR_single	1	1	2.0	TYR	376		3	1-152,164-298	1-152,164-298	TYR	/mnt/c/Users/drpat/OneDrive - UGent/Desktop/PD/Phospho-fill/Validation-allPDB/pdb_cache/4lyn.cif	TYR	TYR	OH	CZ	ok			0.0836793342070088	ARG:126	ARG	NH1	7.263185942881118	0.0	0.0	THR:14	THR	OG1	5.210875096744006				0.0	23.0	none_obvious			intermediate				0.0	0.0		unmodified	
P24941	4NJ3	A	15	TYR_single	1	1	1.848	TYR	377		3	1-38,45-150,162-298	1-38,45-150,162-298	TYR	/mnt/c/Users/drpat/OneDrive - UGent/Desktop/PD/Phospho-fill/Validation-allPDB/pdb_cache/4nj3.cif	TYR	TYR	OH	CZ	ok			0.12825236828425052	LYS:33	LYS	NZ	7.045838105820685	0.0	0.0	ASP:145	ASP	OD1	5.445742645638526	HOH:538	O	6.4421276742584945	0.0	23.0	none_obvious			intermediate				0.0	0.0		unmodified	
Q9WV60	4NU1	A	216	TYR_single	1	1	2.5	TYR	596		2	6-11,26-29,35-119,122-383	6-11,26-29,35-119,122-383	TYR	/mnt/c/Users/drpat/OneDrive - UGent/Desktop/PD/Phospho-fill/Validation-allPDB/pdb_cache/4nu1.cif	TYR	TYR	OH	CZ	ok			-0.007268155891258882	ARG:223	ARG	NH1	4.554267315869344	0.0	1.0	ARG:223	ARG	NH1	4.554267315869344	HOH:555	O	3.6264602859074984	1.0	6.0	none_obvious			intermediate	SEP:9	SEP	15.429497374152099	0.0	0.0		unmodified	
P00523	4O2P	A	527	TYR_single	1	1	2.1	TYR	89		2	257-299,302-413,424-533	257-299,302-413,424-533	TYR	/mnt/c/Users/drpat/OneDrive - UGent/Desktop/PD/Phospho-fill/Validation-allPDB/pdb_cache/4o2p.cif	TYR	TYR	OH	CZ	ok			-0.06539472776916103	ARG:359	ARG	NE	5.999396562084863	0.0	1.0	ARG:359	ARG	NE	5.999396562084863	HOH:794	O	4.02698659256768	0.0	39.0	none_obvious			buried				0.0	0.0		unmodified	
P29320	4P4C	A	701	TYR_single	1	1	1.599	TYR	466		1	613-765,787-892,898-904	613-765,787-892,898-904	TYR	/mnt/c/Users/drpat/OneDrive - UGent/Desktop/PD/Phospho-fill/Validation-allPDB/pdb_cache/4p4c.cif	TYR	TYR	OH	CZ	ok			0.22209938440711818					0.0	0.0	SER:637	SER	OG	4.691237212894174	HOH:1314	O	2.7425780214143214	1.0	17.0	water_mediated_like			intermediate				0.0	0.0		unmodified	
P29320	4P5Q	A	701	TYR_single	1	1	1.35	TYR	467		1	609-769,786-892,898-904	609-769,786-892,898-904	TYR	/mnt/c/Users/drpat/OneDrive - UGent/Desktop/PD/Phospho-fill/Validation-allPDB/pdb_cache/4p5q.cif	TYR	TYR	OH	CZ	ok			-0.01684459425944343	LYS:625	LYS	NZ	6.070731163303902	0.0	0.0	SER:637	SER	OG	5.224645427211367	HOH:1334	O	2.984757158818488	1.0	19.0	water_mediated_like			intermediate				0.0	0.0		unmodified	
P29320	4P5Z	A	701	TYR_single	1	1	2.002	TYR	468		1	609-765,787-892,900-903	609-765,787-892,900-903	TYR	/mnt/c/Users/drpat/OneDrive - UGent/Desktop/PD/Phospho-fill/Validation-allPDB/pdb_cache/4p5z.cif	TYR	TYR	OH	CZ	ok			-0.5168602952867734					0.0	0.0	SER:637	SER	OG	4.938461603835625	HOH:1203	O	5.359757345700219	0.0	14.0	none_obvious			intermediate				0.0	0.0		unmodified	
P29597	4PY1	A	1055	TYR_single	1	1	2.16	TYR	475		2	889-1178	889-1178	TYR	/mnt/c/Users/drpat/OneDrive - UGent/Desktop/PD/Phospho-fill/Validation-allPDB/pdb_cache/4py1.cif	TYR	TYR	OH	CZ	ok			-0.15948782454718952	LYS:1046	LYS	CE	3.320873987113119	1.0	2.0	LYS:1046	LYS	NZ	3.8641228463407944	HOH:1411	O	5.377319356554363	0.0	18.0	salt_bridge_like			intermediate	PTR:1054	PTR	12.871007832040213	0.0	0.0		unmodified	
P01112	4Q21	A	64	TYR_single	1	1	2.0	TYR	168		1	1-169	1-169	TYR	/mnt/c/Users/drpat/OneDrive - UGent/Desktop/PD/Phospho-fill/Validation-allPDB/pdb_cache/4q21.cif	TYR	TYR	OH	CZ	ok			2.1834163231252566	ARG:68	ARG	NH1	6.23218292061234	0.0	0.0	GLN:99	GLN	OE1	5.320558981525934	HOH:434	O	4.295490729562717	0.0	2.0	none_obvious			intermediate				0.0	0.0		unmodified	
P11362	4RWJ	B	654	TYR_single	1	1	2.489	TYR	271		3	459-580,594-644,654-658,660-763	459-580,594-644,654-658,660-763	TYR	/mnt/c/Users/drpat/OneDrive - UGent/Desktop/PD/Phospho-fill/Validation-allPDB/pdb_cache/4rwj.cif	TYR				missing_anchor_or_base																														
P29320	4TWN	A	701	TYR_single	1	1	1.706	TYR	469		1	609-769,785-893,900-904	609-769,785-893,900-904	TYR	/mnt/c/Users/drpat/OneDrive - UGent/Desktop/PD/Phospho-fill/Validation-allPDB/pdb_cache/4twn.cif	TYR	TYR	OH	CZ	ok			0.34777044026988624					0.0	0.0	SER:637	SER	OG	5.010977531956383	HOH:1227	O	4.967250596148418	0.0	14.0	none_obvious			intermediate				0.0	0.0		unmodified	
P29320	4TWO	A	701	TYR_single	1	1	2.047	TYR	470		1	609-771,787-892,898-906	609-771,787-892,898-906	TYR	/mnt/c/Users/drpat/OneDrive - UGent/Desktop/PD/Phospho-fill/Validation-allPDB/pdb_cache/4two.cif	TYR	TYR	OH	CZ	ok			0.2032519325016666	LYS:625	LYS	CE	6.241248812280802	0.0	0.0	SER:637	SER	OG	5.011983761530117	HOH:1278	O	5.297631847165115	0.0	21.0	none_obvious			intermediate				0.0	0.0		unmodified	
P00519	4TWP	B	393	TYR_single	1	1	2.4	TYR	49		4	233-503	233-503	TYR	/mnt/c/Users/drpat/OneDrive - UGent/Desktop/PD/Phospho-fill/Validation-allPDB/pdb_cache/4twp.cif	TYR	TYR	OH	CZ	ok			0.029684743644202326	ARG:386	ARG	NH1	2.32475078193785	2.0	3.0	ARG:386	ARG	NH1	2.32475078193785	HOH:734	O	7.475292040492224	0.0	17.0	salt_bridge_like			intermediate				0.0	0.0		unmodified	
P00523	4U5J	A	527	TYR_single	1	1	2.26	TYR	90		2	259-412,421-533	259-412,421-533	TYR	/mnt/c/Users/drpat/OneDrive - UGent/Desktop/PD/Phospho-fill/Validation-allPDB/pdb_cache/4u5j.cif	TYR	TYR	OH	CZ	ok			-0.6145387702571777	ARG:359	ARG	NE	6.216351280574082	0.0	0.0	ARG:359	ARG	NE	6.216351280574082	HOH:719	O	3.408381582596882	1.0	38.0	water_mediated_like			buried				0.0	0.0		unmodified	
P00519	4WA9	A	393	TYR_single	1	1	2.2	TYR	50		4	246-508	246-271,292-309,313-504	TYR	/mnt/c/Users/drpat/OneDrive - UGent/Desktop/PD/Phospho-fill/Validation-allPDB/pdb_cache/4wa9.cif	TYR	TYR	OH	CZ	ok			-0.3738734673099389	ARG:362	ARG	NE	4.151097038163661	0.0	1.0	SER:385	SER	OG	3.9820259037278474	HOH:9207	O	3.4188659925115727	1.0	15.0	water_mediated_like			intermediate				0.0	0.0		unmodified	
P01112	4XVQ	A	64	TYR_single	1	1	1.887	TYR	169		1	1-61,64-166	1-61,64-166	TYR	/mnt/c/Users/drpat/OneDrive - UGent/Desktop/PD/Phospho-fill/Validation-allPDB/pdb_cache/4xvq.cif	TYR				missing_anchor_or_base																														
P00523	4YBK	A	527	TYR_single	1	1	2.5	TYR	91		2	256-410,423-533	256-410,423-533	TYR	/mnt/c/Users/drpat/OneDrive - UGent/Desktop/PD/Phospho-fill/Validation-allPDB/pdb_cache/4ybk.cif	TYR	TYR	OH	CZ	ok			-0.3344487962780328	ARG:359	ARG	NE	5.646173451319576	0.0	1.0	ARG:359	ARG	NE	5.646173451319576				0.0	36.0	none_obvious			buried				0.0	0.0		unmodified	
O15264	4YNO	A	182	TYR_single	1	1	1.7	TYR	14		2	2-172,181-351	2-172,181-351	TYR	/mnt/c/Users/drpat/OneDrive - UGent/Desktop/PD/Phospho-fill/Validation-allPDB/pdb_cache/4yno.cif	TYR	TYR	OH	CZ	ok			0.12642393541224675					0.0	0.0								0.0	0.0	none_obvious			intermediate				0.0	0.0		unmodified	
Q92731	4ZI1	A	488	TYR_single	1	1	2.1	TYR	587		1	262-408,420-502	262-408,420-502	TYR	/mnt/c/Users/drpat/OneDrive - UGent/Desktop/PD/Phospho-fill/Validation-allPDB/pdb_cache/4zi1.cif	TYR	TYR	OH	CZ	ok			-0.14901713451835294					0.0	0.0					HOH:739	O	5.289252996347716	0.0	8.0	none_obvious			intermediate				0.0	0.0		unmodified	
P00519	4ZOG	A	393	TYR_single	1	1	2.3	TYR	51		4	233-501	233-501	TYR	/mnt/c/Users/drpat/OneDrive - UGent/Desktop/PD/Phospho-fill/Validation-allPDB/pdb_cache/4zog.cif	TYR	TYR	OH	CZ	ok			0.2935178125094453	ARG:362	ARG	NH2	4.129624289622691	0.0	2.0	ARG:362	ARG	NH2	4.129624289622691	HOH:724	O	3.994487907965758	1.0	17.0	none_obvious			intermediate				0.0	0.0		unmodified	
P24941	5A14	A	15	TYR_single	1	1	2.0	TYR	378		3	1-40,43-153,164-296	1-40,43-153,164-296	TYR	/mnt/c/Users/drpat/OneDrive - UGent/Desktop/PD/Phospho-fill/Validation-allPDB/pdb_cache/5a14.cif	TYR	TYR	OH	CZ	ok			0.5176281830495677	LYS:33	LYS	NZ	5.449988271970126	0.0	1.0	THR:47	THR	OG1	4.726646014388817	HOH:2007	O	2.6665993896236984	2.0	26.0	water_mediated_like			exposed				0.0	0.0		unmodified	
P24941	5AND	A	15	TYR_single	1	1	2.3	TYR	379		3	2-35,45-152,164-294	2-35,45-152,164-294	TYR	/mnt/c/Users/drpat/OneDrive - UGent/Desktop/PD/Phospho-fill/Validation-allPDB/pdb_cache/5and.cif	TYR	TYR	OH	CZ	ok			0.2781664750219442	HIS:125	HIS	CE1	6.872780366940831	0.0	0.0	THR:14	THR	OG1	4.758856461138425	HOH:2038	O	4.0590532044849645	0.0	25.0	none_obvious			buried				0.0	0.0		unmodified	
P24941	5ANI	A	15	TYR_single	1	1	1.9	TYR	380		3	2-36,46-154,163-298	2-36,46-154,163-298	TYR	/mnt/c/Users/drpat/OneDrive - UGent/Desktop/PD/Phospho-fill/Validation-allPDB/pdb_cache/5ani.cif	TYR	TYR	OH	CZ	ok			0.3703075793976791	HIS:125	HIS	CE1	6.029188606821823	0.0	0.0	ASP:127	ASP	OD2	5.095284176081106	HOH:2035	O	3.9243691457113417	1.0	34.0	none_obvious			buried				0.0	0.0		unmodified	
P24941	5ANJ	A	15	TYR_single	1	1	1.6	TYR	381		3	3-157,163-298	3-157,163-298	TYR	/mnt/c/Users/drpat/OneDrive - UGent/Desktop/PD/Phospho-fill/Validation-allPDB/pdb_cache/5anj.cif	TYR	TYR	OH	CZ	ok			2.689068999604227	HIS:125	HIS	CE1	6.961234500861609	0.0	0.0	THR:14	THR	OG1	5.4368888517031175	HOH:2007	O	2.230527870518906	1.0	36.0	water_mediated_like			buried				0.0	0.0		unmodified	
P24941	5ANK	A	15	TYR_single	1	1	1.9	TYR	382		3	1-36,46-71,76-152,165-298	1-36,46-71,76-152,165-298	TYR	/mnt/c/Users/drpat/OneDrive - UGent/Desktop/PD/Phospho-fill/Validation-allPDB/pdb_cache/5ank.cif	TYR	TYR	OH	CZ	ok			-0.6489870473204886	ARG:126	ARG	NH1	5.154113549612759	0.0	1.0	THR:14	THR	OG1	4.705290334192213	HOH:2009	O	3.5960135238478315	1.0	25.0	none_obvious			buried				0.0	0.0		unmodified	
P24941	5ANO	A	15	TYR_single	1	1	1.7	TYR	383		3	1-35,46-151,163-298	1-35,46-151,163-298	TYR	/mnt/c/Users/drpat/OneDrive - UGent/Desktop/PD/Phospho-fill/Validation-allPDB/pdb_cache/5ano.cif	TYR	TYR	OH	CZ	ok			0.1144101348488717	ARG:126	ARG	NH2	7.28930269872121	0.0	0.0	THR:14	THR	OG1	5.9890512234614075	HOH:2010	O	4.554738504610906	0.0	19.0	none_obvious			intermediate				0.0	0.0		unmodified	
P01112	5B2Z	A	64	TYR_single	1	1	1.56	TYR	170		1	1-166	1-166	TYR	/mnt/c/Users/drpat/OneDrive - UGent/Desktop/PD/Phospho-fill/Validation-allPDB/pdb_cache/5b2z.cif	TYR	TYR	OH	CZ	ok			2.171529071435755					0.0	0.0	TYR:32	TYR	OH	7.9436269565098625	HOH:338	O	4.50555530764516	0.0	7.0	none_obvious			intermediate				0.0	0.0		unmodified	
P01112	5B30	A	64	TYR_single	1	1	1.6	TYR	171		1	1-166	1-166	TYR	/mnt/c/Users/drpat/OneDrive - UGent/Desktop/PD/Phospho-fill/Validation-allPDB/pdb_cache/5b30.cif	TYR	TYR	OH	CZ	ok			-0.40002374433248034	ARG:102	ARG	NE	5.499314759723071	0.0	1.0	ASP:69	ASP	OD2	4.292929778370342	HOH:380	O	5.648470337095642	0.0	15.0	none_obvious			intermediate				0.0	0.0		unmodified	
P00523	5D11	B	527	TYR_single	1	1	2.3	TYR	92		2	257-297,307-410,424-533	257-297,307-410,424-533	TYR	/mnt/c/Users/drpat/OneDrive - UGent/Desktop/PD/Phospho-fill/Validation-allPDB/pdb_cache/5d11.cif	TYR	TYR	OH	CZ	ok			0.044781635113329915	ARG:359	ARG	NE	6.604707706178399	0.0	0.0	ARG:359	ARG	NE	6.604707706178399	HOH:723	O	2.802429040491004	1.0	37.0	water_mediated_like			buried				0.0	0.0		unmodified	
P24941	5D1J	A	15	TYR_single	1	1	1.8	TYR	384		3	1-12,15-35,50-146,164-298	1-12,15-35,50-146,164-298	TYR	/mnt/c/Users/drpat/OneDrive - UGent/Desktop/PD/Phospho-fill/Validation-allPDB/pdb_cache/5d1j.cif	TYR				missing_anchor_or_base																														
Q13882	5D7V	A	342	TYR_single	1	1	2.33	TYR	548		1	185-446	185-446	TYR	/mnt/c/Users/drpat/OneDrive - UGent/Desktop/PD/Phospho-fill/Validation-allPDB/pdb_cache/5d7v.cif	TYR	TYR	OH	CZ	ok			0.44882801760851365	HIS:345	HIS	NE2	5.308364018365677	0.0	1.0	ASP:312	ASP	OD1	2.544321007109787	HOH:636	O	3.1992605809205976	2.0	30.0	hbond_like			exposed				0.0	0.0		unmodified	
Q13882	5DA3	A	342	TYR_single	1	1	1.7	TYR	549		1	185-229,231-446	185-229,231-446	TYR	/mnt/c/Users/drpat/OneDrive - UGent/Desktop/PD/Phospho-fill/Validation-allPDB/pdb_cache/5da3.cif	TYR	TYR	OH	CZ	ok			0.4594481829283868	HIS:345	HIS	NE2	5.846533051776048	0.0	1.0	ASP:312	ASP	OD1	2.7574792353857487	HOH:689	O	2.9649129810783688	3.0	30.0	hbond_like			exposed				0.0	0.0		unmodified	
P29317	5EK7	A	772	TYR_single	1	1	1.901	TYR	425		1	586-634,639-875	586-634,639-875	TYR	/mnt/c/Users/drpat/OneDrive - UGent/Desktop/PD/Phospho-fill/Validation-allPDB/pdb_cache/5ek7.cif	TYR	TYR	OH	CZ	ok			0.25115862559907365					0.0	0.0	THR:771	THR	OG1	5.2455743211128025	HOH:1117	O	5.5131839978921	0.0	4.0	none_obvious			intermediate				0.0	0.0		unmodified	
O15264	5EKO	A	182	TYR_single	1	1	2.0	TYR	15		2	2-171,181-351	2-171,181-351	TYR	/mnt/c/Users/drpat/OneDrive - UGent/Desktop/PD/Phospho-fill/Validation-allPDB/pdb_cache/5eko.cif	TYR	TYR	OH	CZ	ok			-0.1541475552180674					0.0	0.0								0.0	0.0	none_obvious			intermediate				0.0	0.0		unmodified	
P24941	5FP5	A	15	TYR_single	1	1	2.16	TYR	385		3	1-13,15-35,47-72,76-148,165-295	1-13,15-35,47-72,76-148,165-295	TYR	/mnt/c/Users/drpat/OneDrive - UGent/Desktop/PD/Phospho-fill/Validation-allPDB/pdb_cache/5fp5.cif	TYR	TYR	OH	CZ	ok			-0.07167681054005301					0.0	0.0					HOH:2185	O	3.7550139713157407	1.0	5.0	none_obvious			intermediate				0.0	0.0		unmodified	
P24941	5FP6	A	15	TYR_single	1	1	1.85	TYR	386		3	1-147,164-294	1-147,164-294	TYR	/mnt/c/Users/drpat/OneDrive - UGent/Desktop/PD/Phospho-fill/Validation-allPDB/pdb_cache/5fp6.cif	TYR	TYR	OH	CZ	ok			0.03299681981799891					0.0	0.0	THR:14	THR	OG1	5.0351860654435034	HOH:2026	O	2.7692474059517247	2.0	3.0	water_mediated_like			exposed				0.0	0.0		unmodified	
O95985	5GVC	A	336	TYR_single	1	1	2.436	TYR	37		1	1-68,72-612	1-68,72-612	TYR	/mnt/c/Users/drpat/OneDrive - UGent/Desktop/PD/Phospho-fill/Validation-allPDB/pdb_cache/5gvc.cif	TYR	TYR	OH	CZ	ok			0.08461633096423746	ARG:338	ARG	NE	2.874667587851921	1.0	1.0	ASP:119	ASP	OD2	2.4937856072737556	HOH:866	O	2.9225704487137376	2.0	32.0	salt_bridge_like			exposed				0.0	0.0		unmodified	
Q13882	5H2U	A	342	TYR_single	1	1	2.24	TYR	550		1	185-277,279-446	185-277,279-446	TYR	/mnt/c/Users/drpat/OneDrive - UGent/Desktop/PD/Phospho-fill/Validation-allPDB/pdb_cache/5h2u.cif	TYR	TYR	OH	CZ	ok			-0.04735982275669269	HIS:345	HIS	NE2	5.5128902635307195	0.0	1.0	ASP:312	ASP	OD1	2.879381945209665	HOH:674	O	3.231306525391642	2.0	31.0	hbond_like			exposed				0.0	0.0		unmodified	
P29317	5I9X	A	772	TYR_single	1	1	1.427	TYR	426		1	604-634,640-772,777-896	604-634,640-772,777-896	TYR	/mnt/c/Users/drpat/OneDrive - UGent/Desktop/PD/Phospho-fill/Validation-allPDB/pdb_cache/5i9x.cif	TYR	TYR	OH	CZ	ok			-0.11490021834235549	LYS:778	LYS	CE	4.0205921786430165	0.0	1.0	LYS:778	LYS	NZ	5.4360850386307105	HOH:1278	O	6.541874827603267	0.0	5.0	none_obvious			intermediate				0.0	0.0		unmodified	
P29317	5I9Y	A	772	TYR_single	1	1	1.228	TYR	427		1	600-634,638-772,780-896	600-634,638-772,780-896	TYR	/mnt/c/Users/drpat/OneDrive - UGent/Desktop/PD/Phospho-fill/Validation-allPDB/pdb_cache/5i9y.cif	TYR	TYR	OH	CZ	ok			-0.045265884740925855					0.0	0.0	GLU:765	GLU	OE1	4.605209852049999	HOH:1184	O	5.62899436148977	0.0	3.0	none_obvious			intermediate				0.0	0.0		unmodified	
P29317	5IA2	A	772	TYR_single	1	1	1.619	TYR	428		1	598-634,639-888	598-634,639-888	TYR	/mnt/c/Users/drpat/OneDrive - UGent/Desktop/PD/Phospho-fill/Validation-allPDB/pdb_cache/5ia2.cif	TYR	TYR	OH	CZ	ok			-0.022539420125863373	LYS:778	LYS	CE	3.8966714160860305	1.0	1.0	LYS:778	LYS	NZ	5.394716849410837	HOH:1359	O	5.3445651741364255	0.0	5.0	none_obvious			intermediate				0.0	0.0		unmodified	
P29317	5IA4	A	772	TYR_single	1	1	1.797	TYR	429		1	605-633,638-877	605-633,638-877	TYR	/mnt/c/Users/drpat/OneDrive - UGent/Desktop/PD/Phospho-fill/Validation-allPDB/pdb_cache/5ia4.cif	TYR	TYR	OH	CZ	ok			-1.2965329829007957					0.0	0.0	THR:771	THR	OG1	6.721690660321881	HOH:1171	O	7.082045164351181	0.0	2.0	none_obvious			intermediate				0.0	0.0		unmodified	
P29317	5IA5	A	772	TYR_single	1	1	1.776	TYR	430		1	605-635,639-880	605-635,639-880	TYR	/mnt/c/Users/drpat/OneDrive - UGent/Desktop/PD/Phospho-fill/Validation-allPDB/pdb_cache/5ia5.cif	TYR	TYR	OH	CZ	ok			0.2249407211295675					0.0	0.0	THR:771	THR	OG1	6.701363753372133	HOH:1203	O	7.1634928628557795	0.0	2.0	none_obvious			intermediate				0.0	0.0		unmodified	
P24941	5IEV	A	15	TYR_single	1	1	2.03	TYR	387		3	1-37,43-153,163-298	1-37,43-153,163-298	TYR	/mnt/c/Users/drpat/OneDrive - UGent/Desktop/PD/Phospho-fill/Validation-allPDB/pdb_cache/5iev.cif	TYR	TYR	OH	CZ	ok			-0.5198671360996411	ARG:126	ARG	NE	7.969117970169688	0.0	0.0	THR:14	THR	OG1	6.383218591624096	HOH:1221	O	5.538488591461652	0.0	24.0	none_obvious			buried				0.0	0.0		unmodified	
P24941	5IEX	A	15	TYR_single	1	1	2.03	TYR	388		3	1-37,43-155,164-298	1-37,43-155,164-298	TYR	/mnt/c/Users/drpat/OneDrive - UGent/Desktop/PD/Phospho-fill/Validation-allPDB/pdb_cache/5iex.cif	TYR	TYR	OH	CZ	ok			0.37046921356618384	ARG:126	ARG	NH2	5.51920880116105	0.0	1.0	THR:14	THR	OG1	5.447548582788786	HOH:1108	O	2.505854262453424	1.0	31.0	water_mediated_like			buried				0.0	0.0		unmodified	
P24941	5IEY	A	15	TYR_single	1	1	1.66	TYR	389		3	1-37,43-154,162-298	1-37,43-154,162-298	TYR	/mnt/c/Users/drpat/OneDrive - UGent/Desktop/PD/Phospho-fill/Validation-allPDB/pdb_cache/5iey.cif	TYR	TYR	OH	CZ	ok			0.11149265342585366					0.0	0.0	THR:14	THR	OG1	6.004329852340591	HOH:1286	O	5.412412301242514	0.0	28.0	none_obvious			buried				0.0	0.0		unmodified	
P00523	5J5S	A	527	TYR_single	1	1	2.153	TYR	93		2	258-406,425-533	258-406,425-533	TYR	/mnt/c/Users/drpat/OneDrive - UGent/Desktop/PD/Phospho-fill/Validation-allPDB/pdb_cache/5j5s.cif	TYR	TYR	OH	CZ	ok			-0.3751525064759605	ARG:359	ARG	NE	5.99080065307466	0.0	1.0	ARG:359	ARG	NE	5.99080065307466	HOH:730	O	2.659727197870675	1.0	39.0	water_mediated_like			buried				0.0	0.0		unmodified	
P24941	5JQ8	A	15	TYR_single	1	1	1.94	TYR	390		3	3-35,45-152,162-298	3-35,45-152,162-298	TYR	/mnt/c/Users/drpat/OneDrive - UGent/Desktop/PD/Phospho-fill/Validation-allPDB/pdb_cache/5jq8.cif	TYR	TYR	OH	CZ	ok			-0.22623932721789544	ARG:126	ARG	NH1	7.907226172830706	0.0	0.0	THR:14	THR	OG1	5.478959318939916	HOH:510	O	4.522245984368151	0.0	20.0	none_obvious			intermediate				0.0	0.0		unmodified	
P24941	5K4J	A	15	TYR_single	1	1	1.6	TYR	391		3	1-36,44-151,162-298	1-36,44-151,162-298	TYR	/mnt/c/Users/drpat/OneDrive - UGent/Desktop/PD/Phospho-fill/Validation-allPDB/pdb_cache/5k4j.cif	TYR	TYR	OH	CZ	ok			0.08099255740877763	LYS:33	LYS	NZ	4.0404749636542885	0.0	1.0	ASP:145	ASP	OD1	3.6402699119696162	HOH:517	O	4.311428782629392	0.0	20.0	none_obvious			intermediate				0.0	0.0		unmodified	
P00523	5K9I	B	527	TYR_single	1	1	2.5	TYR	94		2	259-410,424-533	259-410,424-533	TYR	/mnt/c/Users/drpat/OneDrive - UGent/Desktop/PD/Phospho-fill/Validation-allPDB/pdb_cache/5k9i.cif	TYR	TYR	OH	CZ	ok			-0.49996175741187987	ARG:359	ARG	NE	6.093248690161278	0.0	0.0	ARG:359	ARG	NE	6.093248690161278				0.0	37.0	none_obvious			buried				0.0	0.0		unmodified	
P43405	5LMA	A	526	TYR_single	1	1	1.43	TYR	498		3	363-529,532-632	363-529,532-632	TYR	/mnt/c/Users/drpat/OneDrive - UGent/Desktop/PD/Phospho-fill/Validation-allPDB/pdb_cache/5lma.cif	TYR	TYR	OH	CZ	ok			0.42936040775280065	LYS:517	LYS	NZ	3.563986708791257	1.0	2.0	LYS:517	LYS	NZ	3.563986708791257	HOH:801	O	2.1223487699843746	3.0	21.0	water_mediated_like			exposed	PTR:525	PTR	13.713605738049209	0.0	0.0		unmodified	
P43405	5LMB	A	526	TYR_single	1	1	1.95	TYR	499		3	364-404,411-634	364-404,411-634	TYR	/mnt/c/Users/drpat/OneDrive - UGent/Desktop/PD/Phospho-fill/Validation-allPDB/pdb_cache/5lmb.cif	TYR	TYR	OH	CZ	ok			-0.033861849330396925	LYS:517	LYS	NZ	3.5271811546179643	1.0	2.0	LYS:517	LYS	NZ	3.5271811546179643	HOH:801	O	2.083367698832066	2.0	17.0	water_mediated_like			exposed	PTR:525	PTR	13.477283414359622	0.0	0.0		unmodified	
P07355	5LPU	A	24	TYR_single	1	1	2.1	TYR	266		1	2-339	2-339	TYR	/mnt/c/Users/drpat/OneDrive - UGent/Desktop/PD/Phospho-fill/Validation-allPDB/pdb_cache/5lpu.cif	TYR	TYR	OH	CZ	ok			-0.021977319813171553	LYS:302	LYS	CE	4.4988162798678095	0.0	1.0	LYS:302	LYS	NZ	4.607115303865537				0.0	4.0	none_obvious			intermediate				0.0	0.0		unmodified	
P29317	5NK1	A	772	TYR_single	1	1	1.548	TYR	431		1	604-633,639-772,777-896	604-633,639-772,777-896	TYR	/mnt/c/Users/drpat/OneDrive - UGent/Desktop/PD/Phospho-fill/Validation-allPDB/pdb_cache/5nk1.cif	TYR	TYR	OH	CZ	ok			0.03527449672333662	LYS:778	LYS	CE	3.8683131603449405	1.0	1.0	LYS:778	LYS	NZ	5.328237554347496	HOH:1206	O	6.2322338905553565	0.0	8.0	none_obvious			intermediate				0.0	0.0		unmodified	
P29317	5NK2	A	772	TYR_single	1	1	1.649	TYR	432		1	598-633,639-772,777-896	598-633,639-772,777-896	TYR	/mnt/c/Users/drpat/OneDrive - UGent/Desktop/PD/Phospho-fill/Validation-allPDB/pdb_cache/5nk2.cif	TYR	TYR	OH	CZ	ok			1.0098678837294326	LYS:778	LYS	CE	3.921270799213877	1.0	1.0	GLU:765	GLU	OE1	3.9730453369216883				0.0	9.0	none_obvious			intermediate				0.0	0.0		unmodified	
P29317	5NK3	A	772	TYR_single	1	1	1.586	TYR	433		1	601-634,639-773,777-888	601-634,639-773,777-888	TYR	/mnt/c/Users/drpat/OneDrive - UGent/Desktop/PD/Phospho-fill/Validation-allPDB/pdb_cache/5nk3.cif	TYR	TYR	OH	CZ	ok			-0.13152595845604792					0.0	0.0	THR:773	THR	OG1	5.997793941977425	HOH:1154	O	7.00098668673943	0.0	4.0	none_obvious			intermediate				0.0	0.0		unmodified	
P29317	5NK4	A	772	TYR_single	1	1	1.45	TYR	434		1	601-633,640-896	601-633,640-896	TYR	/mnt/c/Users/drpat/OneDrive - UGent/Desktop/PD/Phospho-fill/Validation-allPDB/pdb_cache/5nk4.cif	TYR	TYR	OH	CZ	ok			-0.10452913149748325	LYS:778	LYS	CE	4.019301391539229	0.0	1.0	LYS:778	LYS	NZ	5.4909884365655985	HOH:1250	O	5.956748843469027	0.0	5.0	none_obvious			intermediate				0.0	0.0		unmodified	
P29317	5NK5	A	772	TYR_single	1	1	1.329	TYR	435		1	605-620,624-774,776-889,891-896	605-620,624-774,776-889,891-896	TYR	/mnt/c/Users/drpat/OneDrive - UGent/Desktop/PD/Phospho-fill/Validation-allPDB/pdb_cache/5nk5.cif	TYR	TYR	OH	CZ	ok			0.1708018077596726	ARG:792	ARG	NH2	5.955781076815605	0.0	1.0	THR:771	THR	OG1	4.8175869390405035	HOH:1268	O	4.209938798109054	0.0	6.0	none_obvious			intermediate				0.0	0.0		unmodified	
P29317	5NK6	A	772	TYR_single	1	1	1.267	TYR	436		1	605-633,639-772,776-896	605-633,639-772,776-896	TYR	/mnt/c/Users/drpat/OneDrive - UGent/Desktop/PD/Phospho-fill/Validation-allPDB/pdb_cache/5nk6.cif	TYR	TYR	OH	CZ	ok			0.015177942766650394	LYS:778	LYS	CE	3.9376013139016863	1.0	1.0	LYS:778	LYS	NZ	5.398855714985986	HOH:1120	O	6.194768484521272	0.0	5.0	none_obvious			intermediate				0.0	0.0		unmodified	
P29317	5NK7	A	772	TYR_single	1	1	1.889	TYR	437		1	604-633,639-772,777-896	604-633,639-772,777-896	TYR	/mnt/c/Users/drpat/OneDrive - UGent/Desktop/PD/Phospho-fill/Validation-allPDB/pdb_cache/5nk7.cif	TYR	TYR	OH	CZ	ok			0.09919321874343673	LYS:778	LYS	CE	5.062115762119148	0.0	1.0	GLU:765	GLU	OE1	5.000951078315556	HOH:1241	O	7.90620897986096	0.0	9.0	none_obvious			intermediate				0.0	0.0		unmodified	
P29317	5NK9	A	772	TYR_single	1	1	1.588	TYR	438		1	605-633,639-774,777-896	605-633,639-774,777-896	TYR	/mnt/c/Users/drpat/OneDrive - UGent/Desktop/PD/Phospho-fill/Validation-allPDB/pdb_cache/5nk9.cif	TYR	TYR	OH	CZ	ok			-0.09392913274482756	LYS:778	LYS	CE	3.668343794561928	1.0	1.0	LYS:778	LYS	NZ	5.137203089603838	HOH:1231	O	6.267231141344053	0.0	8.0	none_obvious			intermediate				0.0	0.0		unmodified	
P29317	5NKB	A	772	TYR_single	1	1	1.5	TYR	439		1	605-633,639-774,777-896	605-633,639-774,777-896	TYR	/mnt/c/Users/drpat/OneDrive - UGent/Desktop/PD/Phospho-fill/Validation-allPDB/pdb_cache/5nkb.cif	TYR	TYR	OH	CZ	ok			-0.18960103834307526	LYS:778	LYS	CE	3.8545194308683755	1.0	1.0	LYS:778	LYS	NZ	5.296824921154537	HOH:1120	O	6.0494850505583395	0.0	7.0	none_obvious			intermediate				0.0	0.0		unmodified	
P29317	5NKC	A	772	TYR_single	1	1	1.448	TYR	440		1	601-633,639-772,778-896	601-633,639-772,778-896	TYR	/mnt/c/Users/drpat/OneDrive - UGent/Desktop/PD/Phospho-fill/Validation-allPDB/pdb_cache/5nkc.cif	TYR	TYR	OH	CZ	ok			-0.12092551850792434	LYS:778	LYS	CE	3.863856269953237	1.0	1.0	LYS:778	LYS	NZ	5.327918820955743				0.0	8.0	none_obvious			intermediate				0.0	0.0		unmodified	
P29317	5NKD	A	772	TYR_single	1	1	1.408	TYR	441		1	600-633,640-772,777-896	600-633,640-772,777-896	TYR	/mnt/c/Users/drpat/OneDrive - UGent/Desktop/PD/Phospho-fill/Validation-allPDB/pdb_cache/5nkd.cif	TYR	TYR	OH	CZ	ok			-0.11420982801258124	LYS:778	LYS	CE	3.9820544420958344	1.0	1.0	LYS:778	LYS	NZ	5.412888918623493				0.0	7.0	none_obvious			intermediate				0.0	0.0		unmodified	
P29317	5NKE	A	772	TYR_single	1	1	1.39	TYR	442		1	605-896	605-896	TYR	/mnt/c/Users/drpat/OneDrive - UGent/Desktop/PD/Phospho-fill/Validation-allPDB/pdb_cache/5nke.cif	TYR	TYR	OH	CZ	ok			-0.11849585753111197	ARG:792	ARG	NH2	5.989982200829596	0.0	1.0	THR:771	THR	OG1	4.905336254157987	HOH:1267	O	4.2375160642111735	0.0	6.0	none_obvious			intermediate				0.0	0.0		unmodified	
P29317	5NKF	A	772	TYR_single	1	1	1.099	TYR	443		1	605-634,636-896	605-634,636-896	TYR	/mnt/c/Users/drpat/OneDrive - UGent/Desktop/PD/Phospho-fill/Validation-allPDB/pdb_cache/5nkf.cif	TYR	TYR	OH	CZ	ok			-0.08451009152105993	LYS:778	LYS	CE	3.9311669293745815	1.0	1.0	LYS:778	LYS	NZ	5.404281233594459	HOH:1199	O	6.177356457238932	0.0	6.0	none_obvious			intermediate				0.0	0.0		unmodified	
P29317	5NKG	A	772	TYR_single	1	1	1.1	TYR	444		1	605-896	605-896	TYR	/mnt/c/Users/drpat/OneDrive - UGent/Desktop/PD/Phospho-fill/Validation-allPDB/pdb_cache/5nkg.cif	TYR	TYR	OH	CZ	ok			-0.08854053028165382	LYS:778	LYS	CE	4.222234703695108	0.0	1.0	LYS:778	LYS	NZ	5.677536030807492	HOH:1166	O	2.6925166176982906	1.0	6.0	water_mediated_like			intermediate				0.0	0.0		unmodified	
P29317	5NKH	A	772	TYR_single	1	1	1.29	TYR	445		1	601-895	601-895	TYR	/mnt/c/Users/drpat/OneDrive - UGent/Desktop/PD/Phospho-fill/Validation-allPDB/pdb_cache/5nkh.cif	TYR	TYR	OH	CZ	ok			-0.016522428491110942	ARG:792	ARG	NH2	5.235598296928385	0.0	1.0	THR:771	THR	OG1	4.905757575073034	HOH:1156	O	4.1892202256191124	0.0	5.0	none_obvious			intermediate				0.0	0.0		unmodified	
Q16539	5O8U	A	182	TYR_single	1	1	2.0	TYR	558		2	5-31,36-168,182-352	5-31,36-168,182-352	TYR	/mnt/c/Users/drpat/OneDrive - UGent/Desktop/PD/Phospho-fill/Validation-allPDB/pdb_cache/5o8u.cif	TYR				missing_anchor_or_base																														
P47811	5O90	A	182	TYR_single	1	1	2.49	TYR	507		2	5-172,182-250,261-353	5-172,182-250,261-353	TYR	/mnt/c/Users/drpat/OneDrive - UGent/Desktop/PD/Phospho-fill/Validation-allPDB/pdb_cache/5o90.cif	TYR	TYR	OH	CZ	ok			-0.16367684385433617	ARG:186	ARG	NH2	4.34677008299865	0.0	1.0	ARG:186	ARG	NH2	4.34677008299865				0.0	6.0	none_obvious			intermediate				0.0	0.0		unmodified	
P24941	5OO1	A	15	TYR_single	1	1	2.0	TYR	392		3	4-146,164-298	4-146,164-298	TYR	/mnt/c/Users/drpat/OneDrive - UGent/Desktop/PD/Phospho-fill/Validation-allPDB/pdb_cache/5oo1.cif	TYR	TYR	OH	CZ	ok			0.28503825601086147	LYS:33	LYS	CE	4.722404705277263	0.0	1.0	LYS:33	LYS	NZ	5.38935420426679	HOH:446	O	6.699592521097699	0.0	28.0	none_obvious			buried				0.0	0.0		unmodified	
P01112	5P21	A	64	TYR_single	1	1	1.35	TYR	172		1	1-166	1-166	TYR	/mnt/c/Users/drpat/OneDrive - UGent/Desktop/PD/Phospho-fill/Validation-allPDB/pdb_cache/5p21.cif	TYR	TYR	OH	CZ	ok			0.8168803024825895	ARG:68	ARG	NH1	7.779553148721164	0.0	0.0	GLU:37	GLU	OE2	3.252665195158692	HOH:333	O	2.6446085080546164	2.0	22.0	hbond_like			exposed				0.0	0.0		unmodified	
P00523	5SWH	B	527	TYR_single	1	1	2.5	TYR	95		2	255-406,425-533	255-406,425-533	TYR	/mnt/c/Users/drpat/OneDrive - UGent/Desktop/PD/Phospho-fill/Validation-allPDB/pdb_cache/5swh.cif	TYR	TYR	OH	CZ	ok			0.3346255642501191	ARG:359	ARG	NE	6.320017725970662	0.0	0.0	ARG:359	ARG	NE	6.320017725970662				0.0	36.0	none_obvious			buried				0.0	0.0		unmodified	
P00523	5T0P	A	527	TYR_single	1	1	2.5	TYR	96		2	257-411,425-533	257-411,425-533	TYR	/mnt/c/Users/drpat/OneDrive - UGent/Desktop/PD/Phospho-fill/Validation-allPDB/pdb_cache/5t0p.cif	TYR	TYR	OH	CZ	ok			0.16633654251594945	ARG:359	ARG	NE	7.002137023040639	0.0	0.0	GLN:362	GLN	OE1	6.886591954714078	HOH:702	O	2.292694251110984	1.0	37.0	water_mediated_like			buried				0.0	0.0		unmodified	
Q92731	5TOA	B	488	TYR_single	1	1	2.5	TYR	588		1	262-412,422-501	262-412,422-501	TYR	/mnt/c/Users/drpat/OneDrive - UGent/Desktop/PD/Phospho-fill/Validation-allPDB/pdb_cache/5toa.cif	TYR	TYR	OH	CZ	ok			0.1294294675411695					0.0	0.0	ASN:470	ASN	OD1	7.604877651402731	HOH:721	O	7.530640817287141	0.0	15.0	none_obvious			intermediate				0.0	0.0		unmodified	
P21802	5UGL	B	561	TYR_single	1	1	1.861	TYR	274		6	468-580,593-764	468-580,598-651,663-764	TYR	/mnt/c/Users/drpat/OneDrive - UGent/Desktop/PD/Phospho-fill/Validation-allPDB/pdb_cache/5ugl.cif	TYR	TYR	OH	CZ	ok			0.5861463832985596	ARG:478	ARG	NH1	5.009811775067744	0.0	1.0	ARG:478	ARG	NH1	5.009811775067744	HOH:902	O	2.1709217315364997	2.0	15.0	water_mediated_like			exposed				0.0	0.0		unmodified	
P21802	5UGX	B	561	TYR_single	1	1	2.349	TYR	275		6	468-764	468-584,590-650,661-764	TYR	/mnt/c/Users/drpat/OneDrive - UGent/Desktop/PD/Phospho-fill/Validation-allPDB/pdb_cache/5ugx.cif	TYR	TYR	OH	CZ	ok			0.15027883101310238	ARG:478	ARG	NH1	4.881951236174381	0.0	1.0	ARG:478	ARG	NH1	4.881951236174381				0.0	15.0	none_obvious			intermediate				0.0	0.0		unmodified	
O60674	5USY	A	1008	TYR_single	1	1	2.0	TYR	16		2	840-1012,1016-1130	840-1012,1016-1130	TYR	/mnt/c/Users/drpat/OneDrive - UGent/Desktop/PD/Phospho-fill/Validation-allPDB/pdb_cache/5usy.cif	TYR	TYR	OH	CZ	ok			-0.998713914788582	LYS:999	LYS	NZ	4.223498440028622	0.0	1.0	LYS:999	LYS	NZ	4.223498440028622	HOH:1518	O	4.208897587547464	0.0	11.0	none_obvious			intermediate	PTR:1007	PTR	13.731696744296903	0.0	0.0		unmodified	
P01112	5VBZ	B	64	TYR_single	1	1	2.2	TYR	173		1	1-60,63-166	1-60,63-166	TYR	/mnt/c/Users/drpat/OneDrive - UGent/Desktop/PD/Phospho-fill/Validation-allPDB/pdb_cache/5vbz.cif	TYR	TYR	OH	CZ	ok			-0.06972027757424575	ARG:73	ARG	NE	7.210020034286807	0.0	0.0	ASP:69	ASP	OD2	4.151056434507752				0.0	16.0	none_obvious			intermediate				0.0	0.0		unmodified	
P01112	5WDO	A	64	TYR_single	1	1	1.65	TYR	174		1	1-166	1-166	TYR	/mnt/c/Users/drpat/OneDrive - UGent/Desktop/PD/Phospho-fill/Validation-allPDB/pdb_cache/5wdo.cif	TYR	TYR	OH	CZ	ok			-0.3494751336125756					0.0	0.0	GLU:63	GLU	OE1	5.220173709399471	HOH:372	O	6.597387366523164	0.0	8.0	none_obvious			intermediate				0.0	0.0		unmodified	
P01112	5WDP	A	64	TYR_single	1	1	1.35	TYR	175		1	1-166	1-166	TYR	/mnt/c/Users/drpat/OneDrive - UGent/Desktop/PD/Phospho-fill/Validation-allPDB/pdb_cache/5wdp.cif	TYR	TYR	OH	CZ	ok			-0.400134660815374					0.0	0.0	GLU:63	GLU	OE1	3.527086209145382	HOH:365	O	5.6135021877406555	0.0	14.0	none_obvious			intermediate				0.0	0.0		unmodified	
P01112	5WDQ	A	64	TYR_single	1	1	1.25	TYR	176		1	1-166	1-166	TYR	/mnt/c/Users/drpat/OneDrive - UGent/Desktop/PD/Phospho-fill/Validation-allPDB/pdb_cache/5wdq.cif	TYR	TYR	OH	CZ	ok			-0.0994743355334684					0.0	0.0	GLU:63	GLU	OE1	3.9231537068753326	HOH:361	O	5.2562073604549955	0.0	8.0	none_obvious			intermediate				0.0	0.0		unmodified	
P01112	5WPL	A	64	TYR_single	1	1	2.15	TYR	177		1	2-166	2-166	TYR	/mnt/c/Users/drpat/OneDrive - UGent/Desktop/PD/Phospho-fill/Validation-allPDB/pdb_cache/5wpl.cif	TYR	TYR	OH	CZ	ok			0.2173563427435287	ARG:102	ARG	NH2	7.328884361603751	0.0	0.0	ASP:69	ASP	OD2	5.662381136078702	HOH:350	O	3.26416849623328	1.0	8.0	water_mediated_like			intermediate				0.0	0.0		unmodified	
P00523	5XP5	A	527	TYR_single	1	1	2.101	TYR	97		2	259-412,421-533	259-412,421-533	TYR	/mnt/c/Users/drpat/OneDrive - UGent/Desktop/PD/Phospho-fill/Validation-allPDB/pdb_cache/5xp5.cif	TYR	TYR	OH	CZ	ok			0.05473134932323203	ARG:359	ARG	NE	6.037466177474562	0.0	0.0	ARG:359	ARG	NE	6.037466177474562	HOH:765	O	4.858190711663769	0.0	38.0	none_obvious			buried				0.0	0.0		unmodified	
P00523	5XP7	B	527	TYR_single	1	1	2.012	TYR	98		2	256-412,424-533	256-412,424-533	TYR	/mnt/c/Users/drpat/OneDrive - UGent/Desktop/PD/Phospho-fill/Validation-allPDB/pdb_cache/5xp7.cif	TYR	TYR	OH	CZ	ok			0.7842837518937196	ARG:359	ARG	NE	6.3326024967152605	0.0	0.0	ARG:359	ARG	NE	6.3326024967152605	HOH:733	O	2.616959167582215	1.0	37.0	water_mediated_like			buried				0.0	0.0		unmodified	
P01112	621P	A	64	TYR_single	1	1	2.4	TYR	178		1	1-166	1-166	TYR	/mnt/c/Users/drpat/OneDrive - UGent/Desktop/PD/Phospho-fill/Validation-allPDB/pdb_cache/621p.cif	TYR	TYR	OH	CZ	ok			-0.9206300746379711	ARG:68	ARG	NH1	7.2337759667045365	0.0	0.0	GLU:37	GLU	OE2	3.0259902331681197	HOH:222	O	2.8019317843818183	2.0	29.0	hbond_like			exposed				0.0	0.0		unmodified	
P01112	6AMB	A	64	TYR_single	1	1	2.5	TYR	179		1	1-168	1-168	TYR	/mnt/c/Users/drpat/OneDrive - UGent/Desktop/PD/Phospho-fill/Validation-allPDB/pdb_cache/6amb.cif	TYR	TYR	OH	CZ	ok			-0.03247901731819878					0.0	0.0	GLN:61	GLN	OE1	6.882209480784691				0.0	4.0	none_obvious			intermediate				0.0	0.0		unmodified	
P24941	6ATH	A	159	TYR_single	1	1	1.82	TYR	393		3	17-37,42-298	17-37,42-298	TYR	/mnt/c/Users/drpat/OneDrive - UGent/Desktop/PD/Phospho-fill/Validation-allPDB/pdb_cache/6ath.cif	TYR	TYR	OH	CZ	ok			0.5255619211501481	ARG:157	ARG	NH1	5.4823721320385745	0.0	2.0	ARG:157	ARG	NH1	5.4823721320385745	HOH:426	O	2.6268695041132153	1.0	40.0	water_mediated_like			buried	TPO:160	TPO	9.370174783533905	0.0	1.0	TPO:160@9.37	unmodified	
P46527	6ATH	C	74	TYR_single	1	1	1.82	TYR	503		2	25-48,54-79	25-48,54-79	TYR	/mnt/c/Users/drpat/OneDrive - UGent/Desktop/PD/Phospho-fill/Validation-allPDB/pdb_cache/6ath.cif	TYR	TYR	OH	CZ	ok			0.09870813916380804	LYS:73	LYS	CE	5.333992250680485	0.0	1.0	LYS:73	LYS	NZ	6.573555817962664				0.0	10.0	none_obvious			intermediate				0.0	0.0		unmodified	
P01112	6BVI	C	64	TYR_single	1	1	1.746	TYR	180		1	1-166	1-166	TYR	/mnt/c/Users/drpat/OneDrive - UGent/Desktop/PD/Phospho-fill/Validation-allPDB/pdb_cache/6bvi.cif	TYR	TYR	OH	CZ	ok			-0.7684030047041145					0.0	0.0	GLN:61	GLN	OE1	6.504530124943825	HOH:359	O	2.727699576575176	1.0	0.0	water_mediated_like			intermediate				0.0	0.0		unmodified	
P01112	6BVJ	A	64	TYR_single	1	1	1.747	TYR	181		1	1-166	1-166	TYR	/mnt/c/Users/drpat/OneDrive - UGent/Desktop/PD/Phospho-fill/Validation-allPDB/pdb_cache/6bvj.cif	TYR				missing_anchor_or_base																														
P01112	6BVK	C	64	TYR_single	1	1	1.799	TYR	182		1	1-166	1-166	TYR	/mnt/c/Users/drpat/OneDrive - UGent/Desktop/PD/Phospho-fill/Validation-allPDB/pdb_cache/6bvk.cif	TYR	TYR	OH	CZ	ok			-0.6543507671767922					0.0	0.0	GLN:61	GLN	OE1	6.570665459885151	HOH:352	O	2.677241349130328	1.0	0.0	water_mediated_like			intermediate				0.0	0.0		unmodified	
P01112	6BVL	C	64	TYR_single	1	1	1.748	TYR	183		1	1-166	1-166	TYR	/mnt/c/Users/drpat/OneDrive - UGent/Desktop/PD/Phospho-fill/Validation-allPDB/pdb_cache/6bvl.cif	TYR	TYR	OH	CZ	ok			-0.5988003706547188					0.0	0.0	GLN:61	GLN	OE1	6.500659345796503	HOH:365	O	2.7259976209497996	1.0	0.0	water_mediated_like			intermediate				0.0	0.0		unmodified	
P01112	6BVM	C	64	TYR_single	1	1	1.796	TYR	184		1	1-166	1-166	TYR	/mnt/c/Users/drpat/OneDrive - UGent/Desktop/PD/Phospho-fill/Validation-allPDB/pdb_cache/6bvm.cif	TYR	TYR	OH	CZ	ok			-0.47808625864505466					0.0	0.0	GLN:61	GLN	OE1	6.586117103858578	HOH:360	O	2.6994158245264535	1.0	0.0	water_mediated_like			intermediate				0.0	0.0		unmodified	
P23458	6C7Y	A	1034	TYR_single	1	1	2.499	TYR	280		2	869-894,898-912,918-946,951-1153	869-894,898-912,918-946,951-1153	TYR	/mnt/c/Users/drpat/OneDrive - UGent/Desktop/PD/Phospho-fill/Validation-allPDB/pdb_cache/6c7y.cif	TYR	TYR	OH	CZ	ok			0.09621582198782526	LYS:1057	LYS	CE	3.5660060166065057	1.0	1.0	LYS:1057	LYS	NZ	3.6235036479078575	HOH:1319	O	3.9244485447381043	1.0	6.0	none_obvious			intermediate	PTR:1035	PTR	12.878552891817746	0.0	0.0		unmodified	
P01112	6CUO	C	64	TYR_single	1	1	1.73	TYR	185		1	1-166	1-166	TYR	/mnt/c/Users/drpat/OneDrive - UGent/Desktop/PD/Phospho-fill/Validation-allPDB/pdb_cache/6cuo.cif	TYR	TYR	OH	CZ	ok			-0.7813855465636688					0.0	0.0	GLN:61	GLN	OE1	6.52348884316674	HOH:359	O	2.7348180790573027	1.0	0.0	water_mediated_like			intermediate				0.0	0.0		unmodified	
P01112	6CUP	C	64	TYR_single	1	1	1.833	TYR	186		1	1-166	1-166	TYR	/mnt/c/Users/drpat/OneDrive - UGent/Desktop/PD/Phospho-fill/Validation-allPDB/pdb_cache/6cup.cif	TYR	TYR	OH	CZ	ok			-0.6363822820466284					0.0	0.0	GLN:61	GLN	OE1	6.541872541524313	HOH:381	O	7.445849190630782	0.0	0.0	none_obvious			intermediate				0.0	0.0		unmodified	
P01112	6CUR	C	64	TYR_single	1	1	1.73	TYR	187		1	1-166	1-166	TYR	/mnt/c/Users/drpat/OneDrive - UGent/Desktop/PD/Phospho-fill/Validation-allPDB/pdb_cache/6cur.cif	TYR	TYR	OH	CZ	ok			-0.5988369303752998					0.0	0.0	GLN:61	GLN	OE1	6.511156191169381	HOH:390	O	7.458040341230054	0.0	0.0	none_obvious			intermediate				0.0	0.0		unmodified	
Q13882	6CZ3	A	342	TYR_single	1	1	1.8	TYR	551		1	182-443	182-443	TYR	/mnt/c/Users/drpat/OneDrive - UGent/Desktop/PD/Phospho-fill/Validation-allPDB/pdb_cache/6cz3.cif	TYR	TYR	OH	CZ	ok			0.12863478518682386	LYS:196	LYS	NZ	7.795574978208136	0.0	0.0	LYS:196	LYS	NZ	7.795574978208136	HOH:9162	O	6.929982704502134	0.0	0.0	none_obvious			intermediate				0.0	0.0		unmodified	
Q13882	6CZ4	A	342	TYR_single	1	1	1.5	TYR	552		1	183-345,350-443	183-345,350-443	TYR	/mnt/c/Users/drpat/OneDrive - UGent/Desktop/PD/Phospho-fill/Validation-allPDB/pdb_cache/6cz4.cif	TYR	TYR	OH	CZ	ok			0.062369309056354905					0.0	0.0	ASP:312	ASP	OD2	3.372411866851786	HOH:9126	O	4.460416631601597	0.0	19.0	hbond_like			intermediate				0.0	0.0		unmodified	
P01112	6D55	C	64	TYR_single	1	1	1.68	TYR	188		1	1-166	1-166	TYR	/mnt/c/Users/drpat/OneDrive - UGent/Desktop/PD/Phospho-fill/Validation-allPDB/pdb_cache/6d55.cif	TYR	TYR	OH	CZ	ok			-1.3238629795537713					0.0	0.0	GLN:61	GLN	OE1	6.363523973885436	HOH:355	O	2.704519152548731	1.0	0.0	water_mediated_like			intermediate				0.0	0.0		unmodified	
P01112	6D56	C	64	TYR_single	1	1	1.68	TYR	189		1	1-166	1-166	TYR	/mnt/c/Users/drpat/OneDrive - UGent/Desktop/PD/Phospho-fill/Validation-allPDB/pdb_cache/6d56.cif	TYR	TYR	OH	CZ	ok			-0.6546564227768634					0.0	0.0	GLN:61	GLN	OE1	6.462058127271816	HOH:361	O	2.722612662525984	1.0	0.0	water_mediated_like			intermediate				0.0	0.0		unmodified	
P01112	6D59	C	64	TYR_single	1	1	1.7	TYR	190		1	1-166	1-166	TYR	/mnt/c/Users/drpat/OneDrive - UGent/Desktop/PD/Phospho-fill/Validation-allPDB/pdb_cache/6d59.cif	TYR	TYR	OH	CZ	ok			-0.7375942030251705					0.0	0.0	GLN:61	GLN	OE1	6.444864442655755	HOH:377	O	2.7508021515595673	1.0	0.0	water_mediated_like			intermediate				0.0	0.0		unmodified	
P01112	6D5E	C	64	TYR_single	1	1	1.75	TYR	191		1	1-166	1-166	TYR	/mnt/c/Users/drpat/OneDrive - UGent/Desktop/PD/Phospho-fill/Validation-allPDB/pdb_cache/6d5e.cif	TYR	TYR	OH	CZ	ok			-0.5245721374171437					0.0	0.0	GLN:61	GLN	OE1	6.386979710537605	HOH:989	O	7.5184374324333785	0.0	0.0	none_obvious			intermediate				0.0	0.0		unmodified	
P01112	6D5G	C	64	TYR_single	1	1	1.92	TYR	192		1	1-166	1-166	TYR	/mnt/c/Users/drpat/OneDrive - UGent/Desktop/PD/Phospho-fill/Validation-allPDB/pdb_cache/6d5g.cif	TYR	TYR	OH	CZ	ok			-0.22394597276046221					0.0	0.0	GLN:61	GLN	OE1	6.362416563905123	HOH:335	O	2.634561367187782	1.0	0.0	water_mediated_like			intermediate				0.0	0.0		unmodified	
P01112	6D5H	C	64	TYR_single	1	1	1.8	TYR	193		1	1-166	1-166	TYR	/mnt/c/Users/drpat/OneDrive - UGent/Desktop/PD/Phospho-fill/Validation-allPDB/pdb_cache/6d5h.cif	TYR	TYR	OH	CZ	ok			-0.6282212708376286					0.0	0.0	GLN:61	GLN	OE1	6.498760694919229	HOH:350	O	2.702788093630477	1.0	0.0	water_mediated_like			intermediate				0.0	0.0		unmodified	
P01112	6D5J	C	64	TYR_single	1	1	1.751	TYR	194		1	1-166	1-166	TYR	/mnt/c/Users/drpat/OneDrive - UGent/Desktop/PD/Phospho-fill/Validation-allPDB/pdb_cache/6d5j.cif	TYR	TYR	OH	CZ	ok			-0.8663494075656807					0.0	0.0	GLN:61	GLN	OE1	6.447803354192466	HOH:395	O	7.45957969569078	0.0	0.0	none_obvious			intermediate				0.0	0.0		unmodified	
P01112	6D5L	C	64	TYR_single	1	1	1.7	TYR	195		1	1-166	1-166	TYR	/mnt/c/Users/drpat/OneDrive - UGent/Desktop/PD/Phospho-fill/Validation-allPDB/pdb_cache/6d5l.cif	TYR	TYR	OH	CZ	ok			-0.8896574555255473					0.0	0.0	GLN:61	GLN	OE1	6.511622500233108	HOH:416	O	7.396025457189068	0.0	0.0	none_obvious			intermediate				0.0	0.0		unmodified	
P29597	6DBK	A	1055	TYR_single	1	1	2.0	TYR	476		2	889-1178	889-1178	TYR	/mnt/c/Users/drpat/OneDrive - UGent/Desktop/PD/Phospho-fill/Validation-allPDB/pdb_cache/6dbk.cif	TYR	TYR	OH	CZ	ok			0.6864680349746776	LYS:1046	LYS	CE	3.5684905799305033	1.0	2.0	LYS:1046	LYS	NZ	4.3745160526827735	HOH:4216	O	5.51264024532274	0.0	15.0	none_obvious			intermediate	PTR:1054	PTR	12.954823105009455	0.0	0.0		unmodified	
P29597	6DBM	A	1055	TYR_single	1	1	2.368	TYR	477		2	889-916,925-933,939-1056,1060-1178	889-916,925-933,939-1056,1060-1178	TYR	/mnt/c/Users/drpat/OneDrive - UGent/Desktop/PD/Phospho-fill/Validation-allPDB/pdb_cache/6dbm.cif	TYR	TYR	OH	CZ	ok			-0.039908173751805394	LYS:1046	LYS	CE	3.336375022516893	1.0	2.0	LYS:1046	LYS	NZ	3.7611426111947117	HOH:4109	O	2.4624906606764725	2.0	11.0	salt_bridge_like			exposed	PTR:1054	PTR	12.815157606286734	0.0	0.0		unmodified	
O60674	6DRW	A	1008	TYR_single	1	1	2.303	TYR	17		2	840-857,860-1012,1016-1131	840-857,860-1012,1016-1131	TYR	/mnt/c/Users/drpat/OneDrive - UGent/Desktop/PD/Phospho-fill/Validation-allPDB/pdb_cache/6drw.cif	TYR	TYR	OH	CZ	ok			-0.08086986689536443	LYS:999	LYS	NZ	4.243473561540996	0.0	1.0	LYS:999	LYS	NZ	4.243473561540996	HOH:1383	O	5.690566366574513	0.0	10.0	none_obvious			intermediate	PTR:1007	PTR	13.249469702712942	0.0	0.0		unmodified	
P01112	6DZH	A	64	TYR_single	1	1	1.95	TYR	196		1	1-35,37-166	1-35,37-166	TYR	/mnt/c/Users/drpat/OneDrive - UGent/Desktop/PD/Phospho-fill/Validation-allPDB/pdb_cache/6dzh.cif	TYR	TYR	OH	CZ	ok			0.4799260713295496					0.0	0.0	SER:65	SER	OG	7.163141700597017	HOH:377	O	5.654090073385758	0.0	9.0	none_obvious			intermediate				0.0	0.0		unmodified	
P01112	6E6C	A	64	TYR_single	1	1	1.9	TYR	197		1	1-60,63-166	1-60,63-166	TYR	/mnt/c/Users/drpat/OneDrive - UGent/Desktop/PD/Phospho-fill/Validation-allPDB/pdb_cache/6e6c.cif	TYR	TYR	OH	CZ	ok			-0.12265138883323598	ARG:102	ARG	NH1	4.5246973682355405	0.0	1.0	ASP:69	ASP	OD2	3.9471151529047996	HOH:346	O	6.184298584589194	0.0	16.0	none_obvious			intermediate				0.0	0.0		unmodified	
P01112	6E6P	C	64	TYR_single	1	1	1.93	TYR	198		1	1-166	1-166	TYR	/mnt/c/Users/drpat/OneDrive - UGent/Desktop/PD/Phospho-fill/Validation-allPDB/pdb_cache/6e6p.cif	TYR	TYR	OH	CZ	ok			-0.0281066105292773					0.0	0.0					HOH:346	O	5.866562380154982	0.0	10.0	none_obvious			intermediate				0.0	0.0		unmodified	
P24941	6GUK	A	15	TYR_single	1	1	1.3	TYR	394		3	1-36,47-153,164-298	1-36,47-153,164-298	TYR	/mnt/c/Users/drpat/OneDrive - UGent/Desktop/PD/Phospho-fill/Validation-allPDB/pdb_cache/6guk.cif	TYR	TYR	OH	CZ	ok			-1.563006781320596	HIS:125	HIS	CE1	6.906384937979734	0.0	0.0	ASP:127	ASP	OD2	5.6050141941912495	HOH:446	O	2.6921183113242173	1.0	23.0	water_mediated_like			intermediate				0.0	0.0		unmodified	
P43405	6HM6	A	526	TYR_single	1	1	2.1	TYR	500		3	364-392,394-404,410-529,532-632	364-392,394-404,410-529,532-632	TYR	/mnt/c/Users/drpat/OneDrive - UGent/Desktop/PD/Phospho-fill/Validation-allPDB/pdb_cache/6hm6.cif	TYR	TYR	OH	CZ	ok			0.1478526499762858	LYS:517	LYS	CE	3.569483273775994	1.0	2.0	LYS:517	LYS	NZ	3.7345313335725687	HOH:868	O	7.718728870716953	0.0	16.0	none_obvious			intermediate	PTR:525	PTR	14.363370639844401	0.0	0.0		unmodified	
P43405	6HM7	A	526	TYR_single	1	1	1.64	TYR	501		3	363-530,534-633	363-530,534-633	TYR	/mnt/c/Users/drpat/OneDrive - UGent/Desktop/PD/Phospho-fill/Validation-allPDB/pdb_cache/6hm7.cif	TYR	TYR	OH	CZ	ok			0.17010762862274745	LYS:517	LYS	CE	3.4702844310227077	1.0	2.0	LYS:517	LYS	NZ	3.629436102162366	HOH:898	O	2.711935632819629	1.0	18.0	salt_bridge_like			intermediate	PTR:525	PTR	13.79897438398807	0.0	0.0		unmodified	
P00523	6HVE	A	527	TYR_single	1	1	1.9	TYR	99		2	256-412,424-533	256-412,424-533	TYR	/mnt/c/Users/drpat/OneDrive - UGent/Desktop/PD/Phospho-fill/Validation-allPDB/pdb_cache/6hve.cif	TYR	TYR	OH	CZ	ok			0.05037098202837021	ARG:359	ARG	NE	6.534080125299405	0.0	0.0	ARG:359	ARG	NE	6.534080125299405	HOH:715	O	2.5956137294562867	1.0	38.0	water_mediated_like			buried				0.0	0.0		unmodified	
P00523	6HVF	A	527	TYR_single	1	1	2.1	TYR	100		2	257-276,279-296,307-405,425-533	257-276,279-296,307-405,425-533	TYR	/mnt/c/Users/drpat/OneDrive - UGent/Desktop/PD/Phospho-fill/Validation-allPDB/pdb_cache/6hvf.cif	TYR	TYR	OH	CZ	ok			0.05829491217077678	ARG:359	ARG	NE	5.8508662683168335	0.0	1.0	ARG:359	ARG	NE	5.8508662683168335	HOH:772	O	7.556762070740009	0.0	38.0	none_obvious			buried				0.0	0.0		unmodified	
P29320	6IN0	A	701	TYR_single	1	1	1.501	TYR	471		1	613-771,786-893,899-903	613-771,786-893,899-903	TYR	/mnt/c/Users/drpat/OneDrive - UGent/Desktop/PD/Phospho-fill/Validation-allPDB/pdb_cache/6in0.cif	TYR	TYR	OH	CZ	ok			0.29960727625051486	LYS:625	LYS	NZ	5.882540826008854	0.0	1.0	GLU:703	GLU	OE2	3.9898423523825506	HOH:1282	O	5.0627949307619655	0.0	15.0	none_obvious			intermediate				0.0	0.0		unmodified	
P24941	6INL	A	15	TYR_single	1	1	1.75	TYR	395		3	1-35,47-147,163-298	1-35,47-147,163-298	TYR	/mnt/c/Users/drpat/OneDrive - UGent/Desktop/PD/Phospho-fill/Validation-allPDB/pdb_cache/6inl.cif	TYR	TYR	OH	CZ	ok			-0.1610626988967989	ARG:126	ARG	NH1	6.696327228268336	0.0	0.0	ASP:145	ASP	OD2	6.441978870084433	HOH:1128	O	4.139593112989433	0.0	6.0	none_obvious			intermediate				0.0	0.0		unmodified	
P24941	6JGM	A	15	TYR_single	1	1	2.3	TYR	396		3	1-36,41-147,163-298	1-36,41-147,163-298	TYR	/mnt/c/Users/drpat/OneDrive - UGent/Desktop/PD/Phospho-fill/Validation-allPDB/pdb_cache/6jgm.cif	TYR	TYR	OH	CZ	ok			-0.12399612733261288					0.0	0.0	THR:14	THR	OG1	7.950113185456627				0.0	1.0	none_obvious			intermediate				0.0	0.0		unmodified	
P07332	6JMF	A	713	TYR_single	1	1	2.0	TYR	263		1	450-821	450-821	TYR	/mnt/c/Users/drpat/OneDrive - UGent/Desktop/PD/Phospho-fill/Validation-allPDB/pdb_cache/6jmf.cif	TYR	TYR	OH	CZ	ok			0.5328317590753727	ARG:706	ARG	NE	3.406554781380626	1.0	3.0	ARG:706	ARG	NE	3.406554781380626	HOH:1122	O	6.256270043608461	0.0	28.0	salt_bridge_like			buried				0.0	0.0		unmodified	
P01112	6MQT	A	64	TYR_single	1	1	1.498	TYR	199		1	1-166	1-166	TYR	/mnt/c/Users/drpat/OneDrive - UGent/Desktop/PD/Phospho-fill/Validation-allPDB/pdb_cache/6mqt.cif	TYR	TYR	OH	CZ	ok			-0.13569640727579008					0.0	0.0	GLU:63	GLU	OE1	3.6935675316046144	HOH:456	O	4.866265236733983	0.0	5.0	none_obvious			intermediate				0.0	0.0		unmodified	
O14939	6OHM	B	573	TYR_single	1	1	1.895	TYR	0		1	315-476,497-584,595-919,925-933	315-476,497-584,595-919,925-933	TYR	/mnt/c/Users/drpat/OneDrive - UGent/Desktop/PD/Phospho-fill/Validation-allPDB/pdb_cache/6ohm.cif	TYR	TYR	OH	CZ	ok			0.025203054639102173	LYS:570	LYS	NZ	4.888940360312954	0.0	3.0	LYS:570	LYS	NZ	4.888940360312954	HOH:1343	O	3.5286376919795726	1.0	34.0	none_obvious			buried				0.0	0.0		unmodified	
O14939	6OHO	A	573	TYR_single	1	1	2.0	TYR	1		1	315-406,409-476,498-588,596-825,830-919,925-933	315-406,409-476,498-588,596-825,830-919,925-933	TYR	/mnt/c/Users/drpat/OneDrive - UGent/Desktop/PD/Phospho-fill/Validation-allPDB/pdb_cache/6oho.cif	TYR	TYR	OH	CZ	ok			-0.022298345977285867	LYS:570	LYS	CE	3.7578319300727703	1.0	2.0	LYS:570	LYS	NZ	4.042259377371451	HOH:1136	O	4.137158552832354	0.0	34.0	none_obvious			buried				0.0	0.0		unmodified	
P46527	6P8E	C	74	TYR_single	1	1	2.3	TYR	504		2	25-80	25-80	TYR	/mnt/c/Users/drpat/OneDrive - UGent/Desktop/PD/Phospho-fill/Validation-allPDB/pdb_cache/6p8e.cif	TYR	TYR	OH	CZ	ok			-0.015829959813582227	LYS:73	LYS	NZ	4.590121588481576	0.0	1.0	LYS:73	LYS	NZ	4.590121588481576				0.0	13.0	none_obvious			intermediate				0.0	0.0		unmodified	
P01112	6Q21	A	64	TYR_single	1	1	1.95	TYR	200		1	1-171	1-171	TYR	/mnt/c/Users/drpat/OneDrive - UGent/Desktop/PD/Phospho-fill/Validation-allPDB/pdb_cache/6q21.cif	TYR	TYR	OH	CZ	ok			-1.4108017680504117					0.0	0.0	GLU:63	GLU	OE1	6.506291073059984	HOH:802	O	5.710568509689631	0.0	9.0	none_obvious			intermediate				0.0	0.0		unmodified	
P24941	6Q3B	A	15	TYR_single	1	1	1.11	TYR	397		3	1-37,45-154,163-298	1-37,45-154,163-298	TYR	/mnt/c/Users/drpat/OneDrive - UGent/Desktop/PD/Phospho-fill/Validation-allPDB/pdb_cache/6q3b.cif	TYR	TYR	OH	CZ	ok			0.403427434813184	ARG:126	ARG	NH1	6.698488787359016	0.0	0.0	THR:14	THR	OG1	6.514105392410522	HOH:605	O	5.1113537315942645	0.0	27.0	none_obvious			buried				0.0	0.0		unmodified	
P24941	6Q48	A	15	TYR_single	1	1	1.03	TYR	398		3	1-37,46-153,162-296	1-37,46-153,162-296	TYR	/mnt/c/Users/drpat/OneDrive - UGent/Desktop/PD/Phospho-fill/Validation-allPDB/pdb_cache/6q48.cif	TYR	TYR	OH	CZ	ok			2.418594159410019	HIS:125	HIS	CE1	6.7534264852336525	0.0	0.0	THR:14	THR	OG1	5.621316010631797	HOH:420	O	2.6069418742893515	3.0	29.0	water_mediated_like			exposed				0.0	0.0		unmodified	
P24941	6Q49	A	15	TYR_single	1	1	1.0	TYR	399		3	1-37,44-156,162-298	1-37,44-156,162-298	TYR	/mnt/c/Users/drpat/OneDrive - UGent/Desktop/PD/Phospho-fill/Validation-allPDB/pdb_cache/6q49.cif	TYR	TYR	OH	CZ	ok			-0.007846040666421094	ARG:126	ARG	NH1	7.725303873433238	0.0	0.0	THR:14	THR	OG1	7.413049875097629	HOH:770	O	4.8438945426203475	0.0	39.0	none_obvious			buried				0.0	0.0		unmodified	
P24941	6Q4E	A	15	TYR_single	1	1	1.06	TYR	400		3	1-37,45-153,162-298	1-37,45-153,162-298	TYR	/mnt/c/Users/drpat/OneDrive - UGent/Desktop/PD/Phospho-fill/Validation-allPDB/pdb_cache/6q4e.cif	TYR	TYR	OH	CZ	ok			-1.0274640127350962	ARG:126	ARG	NH2	6.828291989003641	0.0	0.0	THR:14	THR	OG1	5.498484580695942	HOH:482	O	2.7497353774119095	1.0	27.0	water_mediated_like			buried				0.0	0.0		unmodified	
P24941	6Q4G	A	15	TYR_single	1	1	0.98	TYR	401		3	1-38,45-153,164-298	1-38,45-153,164-298	TYR	/mnt/c/Users/drpat/OneDrive - UGent/Desktop/PD/Phospho-fill/Validation-allPDB/pdb_cache/6q4g.cif	TYR	TYR	OH	CZ	ok			-0.3369714564021247	HIS:125	HIS	NE2	6.694071275708006	0.0	0.0	THR:14	THR	OG1	4.310344149993569	HOH:420	O	2.642940836925257	1.0	27.0	water_mediated_like			buried				0.0	0.0		unmodified	
P24941	6SG4	A	159	TYR_single	1	1	2.43	TYR	402		3	28-35,41-294	28-35,41-294	TYR	/mnt/c/Users/drpat/OneDrive - UGent/Desktop/PD/Phospho-fill/Validation-allPDB/pdb_cache/6sg4.cif	TYR	TYR	OH	CZ	ok			0.473491755576638	ARG:157	ARG	NH1	5.4140879148103185	0.0	2.0	ARG:157	ARG	NH1	5.4140879148103185	HOH:305	O	2.6459875903866132	1.0	39.0	water_mediated_like			buried	TPO:160	TPO	9.507710009813144	0.0	1.0	TPO:160@9.51	unmodified	
P47811	6SOV	A	182	TYR_single	1	1	1.31	TYR	508		2	6-172,182-359	6-172,182-359	TYR	/mnt/c/Users/drpat/OneDrive - UGent/Desktop/PD/Phospho-fill/Validation-allPDB/pdb_cache/6sov.cif	TYR	TYR	OH	CZ	ok			0.10998083424280324					0.0	0.0	SER:32	SER	OG	5.4423087862528545	HOH:668	O	7.401956533743352	0.0	2.0	none_obvious			intermediate				0.0	0.0		unmodified	
P47811	6SP9	A	182	TYR_single	1	1	1.22	TYR	509		2	5-170,172-175,182-359	5-170,172-175,182-359	TYR	/mnt/c/Users/drpat/OneDrive - UGent/Desktop/PD/Phospho-fill/Validation-allPDB/pdb_cache/6sp9.cif	TYR	TYR	OH	CZ	ok			0.13746875869777694					0.0	0.0	SER:32	SER	OG	5.502454359248259	HOH:687	O	4.7892203563547255	0.0	2.0	none_obvious			intermediate				0.0	0.0		unmodified	
P47811	6SPL	A	182	TYR_single	1	1	1.38	TYR	510		2	6-171,173,182-359	6-171,173,182-359	TYR	/mnt/c/Users/drpat/OneDrive - UGent/Desktop/PD/Phospho-fill/Validation-allPDB/pdb_cache/6spl.cif	TYR	TYR	OH	CZ	ok			0.2363304235617074					0.0	0.0	SER:32	SER	OG	5.501421217285875	HOH:625	O	4.619648443638859	0.0	2.0	none_obvious			intermediate				0.0	0.0		unmodified	
P37840	6UFR	A	39	TYR_single	1	1	2.5	TYR	485		1	36-98	36-98	TYR	/mnt/c/Users/drpat/OneDrive - UGent/Desktop/PD/Phospho-fill/Validation-allPDB/pdb_cache/6ufr.cif	TYR	TYR	OH	CZ	ok			0.05703608511022812					0.0	0.0								0.0	4.0	none_obvious			intermediate				0.0	0.0		unmodified	
P01112	6V94	C	64	TYR_single	1	1	1.8	TYR	201		1	1-166	1-166	TYR	/mnt/c/Users/drpat/OneDrive - UGent/Desktop/PD/Phospho-fill/Validation-allPDB/pdb_cache/6v94.cif	TYR	TYR	OH	CZ	ok			-0.3939388372354969					0.0	0.0	GLN:61	GLN	OE1	6.569404185914662	HOH:374	O	2.737607340547683	1.0	0.0	water_mediated_like			intermediate				0.0	0.0		unmodified	
P01112	6V9F	C	64	TYR_single	1	1	1.849	TYR	202		1	1-166	1-166	TYR	/mnt/c/Users/drpat/OneDrive - UGent/Desktop/PD/Phospho-fill/Validation-allPDB/pdb_cache/6v9f.cif	TYR	TYR	OH	CZ	ok			-0.5313468549460304					0.0	0.0	GLN:61	GLN	OE1	6.539558020542577	HOH:407	O	7.426992072499167	0.0	0.0	none_obvious			intermediate				0.0	0.0		unmodified	
P01112	6V9J	C	64	TYR_single	1	1	1.76	TYR	203		1	1-166	1-166	TYR	/mnt/c/Users/drpat/OneDrive - UGent/Desktop/PD/Phospho-fill/Validation-allPDB/pdb_cache/6v9j.cif	TYR	TYR	OH	CZ	ok			-0.5377343152835261					0.0	0.0	GLN:61	GLN	OE1	6.546449128148911	HOH:399	O	7.456002584189248	0.0	0.0	none_obvious			intermediate				0.0	0.0		unmodified	
P01112	6V9L	C	64	TYR_single	1	1	1.698	TYR	204		1	1-166	1-166	TYR	/mnt/c/Users/drpat/OneDrive - UGent/Desktop/PD/Phospho-fill/Validation-allPDB/pdb_cache/6v9l.cif	TYR	TYR	OH	CZ	ok			-0.7736941973562094					0.0	0.0	GLN:61	GLN	OE1	6.584007236502441	HOH:397	O	7.44543011745756	0.0	0.0	none_obvious			intermediate				0.0	0.0		unmodified	
P01112	6V9M	C	64	TYR_single	1	1	1.648	TYR	205		1	1-166	1-166	TYR	/mnt/c/Users/drpat/OneDrive - UGent/Desktop/PD/Phospho-fill/Validation-allPDB/pdb_cache/6v9m.cif	TYR	TYR	OH	CZ	ok			-0.4168438544592521					0.0	0.0	GLN:61	GLN	OE1	6.545165109667519	HOH:412	O	7.413046481716476	0.0	0.0	none_obvious			intermediate				0.0	0.0		unmodified	
P01112	6V9N	C	64	TYR_single	1	1	1.648	TYR	206		1	1-166	1-166	TYR	/mnt/c/Users/drpat/OneDrive - UGent/Desktop/PD/Phospho-fill/Validation-allPDB/pdb_cache/6v9n.cif	TYR	TYR	OH	CZ	ok			-0.7557273234331089					0.0	0.0	GLN:61	GLN	OE1	6.613017943575967	HOH:409	O	7.409977515281538	0.0	0.0	none_obvious			intermediate				0.0	0.0		unmodified	
P01112	6V9O	C	64	TYR_single	1	1	1.799	TYR	207		1	1-166	1-166	TYR	/mnt/c/Users/drpat/OneDrive - UGent/Desktop/PD/Phospho-fill/Validation-allPDB/pdb_cache/6v9o.cif	TYR	TYR	OH	CZ	ok			-0.8407474245704258					0.0	0.0	GLN:61	GLN	OE1	6.604585379827489	HOH:357	O	2.684973378123223	1.0	0.0	water_mediated_like			intermediate				0.0	0.0		unmodified	
O60674	6VGL	B	1008	TYR_single	1	1	1.9	TYR	18		2	840-1132	840-1132	TYR	/mnt/c/Users/drpat/OneDrive - UGent/Desktop/PD/Phospho-fill/Validation-allPDB/pdb_cache/6vgl.cif	TYR	TYR	OH	CZ	ok			-0.651199451326302	LYS:999	LYS	CE	4.1086570388231705	0.0	1.0	LYS:999	LYS	NZ	4.349986311305727	HOH:1322	O	2.582867672894293	3.0	14.0	water_mediated_like			exposed	PTR:1007	PTR	13.969116489541618	0.0	0.0		unmodified	
O60674	6VN8	B	1008	TYR_single	1	1	1.9	TYR	19		2	840-1132	843-1131	TYR	/mnt/c/Users/drpat/OneDrive - UGent/Desktop/PD/Phospho-fill/Validation-allPDB/pdb_cache/6vn8.cif	TYR	TYR	OH	CZ	ok			-1.287802704675328	LYS:999	LYS	CE	4.4022936550887	0.0	1.0	LYS:999	LYS	NZ	4.507260091868179	HOH:1400	O	4.800119307692279	0.0	11.0	none_obvious			intermediate	PTR:1007	PTR	14.170111713065442	0.0	0.0		unmodified	
O60674	6VNB	B	1008	TYR_single	1	1	2.19	TYR	20		2	840-1132	843-1131	TYR	/mnt/c/Users/drpat/OneDrive - UGent/Desktop/PD/Phospho-fill/Validation-allPDB/pdb_cache/6vnb.cif	TYR	TYR	OH	CZ	ok			0.2580304183102799	LYS:999	LYS	CE	4.349303248172138	0.0	1.0	LYS:999	LYS	NZ	4.500786378472695	HOH:1360	O	3.178745434876408	1.0	9.0	water_mediated_like			intermediate	PTR:1007	PTR	13.593877311525603	0.0	0.0		unmodified	
O60674	6VNC	B	1008	TYR_single	1	1	2.3	TYR	21		2	840-1131	843-1131	TYR	/mnt/c/Users/drpat/OneDrive - UGent/Desktop/PD/Phospho-fill/Validation-allPDB/pdb_cache/6vnc.cif	TYR	TYR	OH	CZ	ok			0.05429625339340551	LYS:999	LYS	CE	3.8562596195680685	1.0	1.0	LYS:999	LYS	NZ	5.311038120664902				0.0	12.0	none_obvious			intermediate	PTR:1007	PTR	13.302618339794309	0.0	0.0		unmodified	
O60674	6VNE	B	1008	TYR_single	1	1	2.32	TYR	22		2	840-1131	843-1131	TYR	/mnt/c/Users/drpat/OneDrive - UGent/Desktop/PD/Phospho-fill/Validation-allPDB/pdb_cache/6vne.cif	TYR	TYR	OH	CZ	ok			0.1646299229601791	LYS:999	LYS	NZ	3.5997535029232313	1.0	2.0	LYS:999	LYS	NZ	3.5997535029232313	HOH:1306	O	2.5593084023559163	1.0	10.0	water_mediated_like			intermediate	PTR:1007	PTR	12.919887830944846	0.0	0.0		unmodified	
O60674	6VNF	B	1008	TYR_single	1	1	2.06	TYR	23		2	840-1132	841-1131	TYR	/mnt/c/Users/drpat/OneDrive - UGent/Desktop/PD/Phospho-fill/Validation-allPDB/pdb_cache/6vnf.cif	TYR	TYR	OH	CZ	ok			-0.9538473468727916	LYS:999	LYS	CE	4.32688200245918	0.0	1.0	LYS:999	LYS	NZ	4.425237908605387	HOH:1363	O	4.904215665959918	0.0	10.0	none_obvious			intermediate	PTR:1007	PTR	13.835079851896017	0.0	0.0		unmodified	
O60674	6VNG	B	1008	TYR_single	1	1	2.5	TYR	24		2	841-1132	843-1131	TYR	/mnt/c/Users/drpat/OneDrive - UGent/Desktop/PD/Phospho-fill/Validation-allPDB/pdb_cache/6vng.cif	TYR	TYR	OH	CZ	ok			-0.0477257054733797	LYS:999	LYS	NZ	4.0948777420367035	0.0	1.0	LYS:999	LYS	NZ	4.0948777420367035				0.0	10.0	none_obvious			intermediate	PTR:1007	PTR	13.635062131244547	0.0	0.0		unmodified	
O60674	6VNH	B	1008	TYR_single	1	1	2.4	TYR	25		2	840-1132	843-1131	TYR	/mnt/c/Users/drpat/OneDrive - UGent/Desktop/PD/Phospho-fill/Validation-allPDB/pdb_cache/6vnh.cif	TYR	TYR	OH	CZ	ok			-0.05989508200071634	LYS:999	LYS	CE	4.329621887968142	0.0	1.0	LYS:999	LYS	NZ	4.433028198239316				0.0	11.0	none_obvious			intermediate	PTR:1007	PTR	13.150076764142613	0.0	0.0		unmodified	
O60674	6VNI	B	1008	TYR_single	1	1	2.1	TYR	26		2	842-1132	843-1131	TYR	/mnt/c/Users/drpat/OneDrive - UGent/Desktop/PD/Phospho-fill/Validation-allPDB/pdb_cache/6vni.cif	TYR	TYR	OH	CZ	ok			-0.08205415009083745	LYS:999	LYS	CE	4.474428686489005	0.0	1.0	LYS:999	LYS	NZ	4.6063974258739755	HOH:1371	O	4.468517814672919	0.0	10.0	none_obvious			intermediate	PTR:1007	PTR	13.692528011648726	0.0	0.0		unmodified	
O60674	6VNJ	B	1008	TYR_single	1	1	1.9	TYR	27		2	840-1132	842-1131	TYR	/mnt/c/Users/drpat/OneDrive - UGent/Desktop/PD/Phospho-fill/Validation-allPDB/pdb_cache/6vnj.cif	TYR	TYR	OH	CZ	ok			-0.22394263618316476	LYS:999	LYS	CE	4.412894267559521	0.0	1.0	LYS:999	LYS	NZ	4.446633803372189	HOH:1405	O	4.819460425135729	0.0	10.0	none_obvious			intermediate	PTR:1007	PTR	13.818710583943	0.0	0.0		unmodified	
O60674	6VNK	B	1008	TYR_single	1	1	2.0	TYR	28		2	840-919,921-1132	840-919,921-1132	TYR	/mnt/c/Users/drpat/OneDrive - UGent/Desktop/PD/Phospho-fill/Validation-allPDB/pdb_cache/6vnk.cif	TYR	TYR	OH	CZ	ok			-0.23114897060063064	LYS:999	LYS	CE	4.237664419529243	0.0	1.0	LYS:999	LYS	NZ	4.446241147004075	HOH:1385	O	3.082015540965705	1.0	12.0	water_mediated_like			intermediate	PTR:1007	PTR	14.198404108342963	0.0	0.0		unmodified	
O60674	6VNL	B	1008	TYR_single	1	1	2.4	TYR	29		2	840-1132	840-1132	TYR	/mnt/c/Users/drpat/OneDrive - UGent/Desktop/PD/Phospho-fill/Validation-allPDB/pdb_cache/6vnl.cif	TYR	TYR	OH	CZ	ok			-0.036395677255342505	LYS:999	LYS	CE	4.5892876075699816	0.0	1.0	LYS:999	LYS	NZ	4.63952979581073	HOH:1342	O	6.547704074683729	0.0	11.0	none_obvious			intermediate	PTR:1007	PTR	13.873780808418617	0.0	0.0		unmodified	
O60674	6VNM	B	1008	TYR_single	1	1	2.2	TYR	30		2	840-1132	843-1131	TYR	/mnt/c/Users/drpat/OneDrive - UGent/Desktop/PD/Phospho-fill/Validation-allPDB/pdb_cache/6vnm.cif	TYR	TYR	OH	CZ	ok			0.0786906426410148	LYS:999	LYS	NZ	4.557021802082466	0.0	1.0	LYS:999	LYS	NZ	4.557021802082466	HOH:1354	O	2.9520550856000773	1.0	10.0	water_mediated_like			intermediate	PTR:1007	PTR	12.24524620440278	0.0	0.0		unmodified	
P29597	6VNS	A	1055	TYR_single	1	1	2.09	TYR	478		2	889-1178	889-1178	TYR	/mnt/c/Users/drpat/OneDrive - UGent/Desktop/PD/Phospho-fill/Validation-allPDB/pdb_cache/6vns.cif	TYR	TYR	OH	CZ	ok			-0.44326105066135263	LYS:1046	LYS	NZ	2.8163808030372657	1.0	2.0	LYS:1046	LYS	NZ	2.8163808030372657	HOH:4132	O	5.057836661677309	0.0	10.0	salt_bridge_like			intermediate	PTR:1054	PTR	12.931630402118007	0.0	0.0		unmodified	
P29597	6VNV	A	1055	TYR_single	1	1	2.15	TYR	479		2	889-919,925-934,938-966,974-1178	889-919,925-934,938-966,974-1178	TYR	/mnt/c/Users/drpat/OneDrive - UGent/Desktop/PD/Phospho-fill/Validation-allPDB/pdb_cache/6vnv.cif	TYR	TYR	OH	CZ	ok			0.6270347297537338	LYS:1046	LYS	CE	3.4578892262460634	1.0	2.0	LYS:1046	LYS	NZ	4.046755469615535	HOH:4128	O	2.697169056939333	1.0	16.0	salt_bridge_like			intermediate	PTR:1054	PTR	13.235981182226254	0.0	0.0		unmodified	
P29597	6VNX	A	1055	TYR_single	1	1	2.18	TYR	480		2	889-1178	889-1178	TYR	/mnt/c/Users/drpat/OneDrive - UGent/Desktop/PD/Phospho-fill/Validation-allPDB/pdb_cache/6vnx.cif	TYR	TYR	OH	CZ	ok			-0.5077753270934996	LYS:1046	LYS	NZ	3.1391429467278216	1.0	2.0	LYS:1046	LYS	NZ	3.1391429467278216				0.0	13.0	salt_bridge_like			intermediate	PTR:1054	PTR	12.708693877479506	0.0	0.0		unmodified	
P29597	6VNY	A	1055	TYR_single	1	1	2.3	TYR	481		2	889-1056,1060-1178	889-1056,1060-1178	TYR	/mnt/c/Users/drpat/OneDrive - UGent/Desktop/PD/Phospho-fill/Validation-allPDB/pdb_cache/6vny.cif	TYR	TYR	OH	CZ	ok			0.3928929665850106	LYS:1046	LYS	CE	3.3906145342738307	1.0	2.0	LYS:1046	LYS	NZ	4.147286440246415	HOH:4136	O	2.740556019493062	1.0	10.0	salt_bridge_like			intermediate	PTR:1054	PTR	12.982844102160131	0.0	0.0		unmodified	
O60674	6VS3	B	1008	TYR_single	1	1	2.0	TYR	31		2	840-1132	840-1132	TYR	/mnt/c/Users/drpat/OneDrive - UGent/Desktop/PD/Phospho-fill/Validation-allPDB/pdb_cache/6vs3.cif	TYR	TYR	OH	CZ	ok			-0.05575831130288645	LYS:999	LYS	CE	4.258050650147448	0.0	1.0	LYS:999	LYS	NZ	4.531386080646527	HOH:1429	O	3.7651511113446317	1.0	11.0	none_obvious			intermediate	PTR:1007	PTR	13.838489750463344	0.0	0.0		unmodified	
O60674	6VSN	B	1008	TYR_single	1	1	2.5	TYR	32		2	842-1132	842-1132	TYR	/mnt/c/Users/drpat/OneDrive - UGent/Desktop/PD/Phospho-fill/Validation-allPDB/pdb_cache/6vsn.cif	TYR	TYR	OH	CZ	ok			-0.26591266432271515	LYS:999	LYS	CE	4.184123649637676	0.0	1.0	LYS:999	LYS	NZ	4.329069803220661	HOH:1395	O	3.0979034788280893	1.0	10.0	water_mediated_like			intermediate	PTR:1007	PTR	13.818557953968483	0.0	0.0		unmodified	
P00523	6WIW	B	527	TYR_single	1	1	2.3	TYR	101		2	259-411,425-533	259-411,425-533	TYR	/mnt/c/Users/drpat/OneDrive - UGent/Desktop/PD/Phospho-fill/Validation-allPDB/pdb_cache/6wiw.cif	TYR	TYR	OH	CZ	ok			-1.1301657266558927	ARG:359	ARG	NE	6.656295468617695	0.0	0.0	ARG:359	ARG	NE	6.656295468617695	HOH:783	O	3.0936162788527577	1.0	38.0	water_mediated_like			buried				0.0	0.0		unmodified	
P29597	6X8F	A	1055	TYR_single	1	1	2.15	TYR	482		2	889-966,974-1178	889-966,974-1178	TYR	/mnt/c/Users/drpat/OneDrive - UGent/Desktop/PD/Phospho-fill/Validation-allPDB/pdb_cache/6x8f.cif	TYR	TYR	OH	CZ	ok			-1.4724173313158937	LYS:1046	LYS	CE	3.277416596448589	1.0	2.0	LYS:1046	LYS	NZ	3.2859206635338167	HOH:4127	O	3.68411349341401	2.0	15.0	salt_bridge_like			exposed	PTR:1054	PTR	12.780681319580609	0.0	0.0		unmodified	
P29597	6X8G	A	1055	TYR_single	1	1	2.21	TYR	483		2	889-920,925-933,936-1057,1060-1178	889-920,925-933,936-1057,1060-1178	TYR	/mnt/c/Users/drpat/OneDrive - UGent/Desktop/PD/Phospho-fill/Validation-allPDB/pdb_cache/6x8g.cif	TYR	TYR	OH	CZ	ok			1.6132098525915468	LYS:1046	LYS	NZ	3.3433465020104136	1.0	2.0	LYS:1046	LYS	NZ	3.3433465020104136	HOH:4181	O	2.9789611520981825	1.0	14.0	salt_bridge_like			intermediate	PTR:1054	PTR	13.005820362678381	0.0	0.0		unmodified	
P47811	6Y4T	A	182	TYR_single	1	1	1.98	TYR	511		2	5-171,182-355	5-171,182-355	TYR	/mnt/c/Users/drpat/OneDrive - UGent/Desktop/PD/Phospho-fill/Validation-allPDB/pdb_cache/6y4t.cif	TYR				missing_anchor_or_base																														
P47811	6Y4U	A	182	TYR_single	1	1	1.86	TYR	512		2	5-171,182-355	5-171,182-355	TYR	/mnt/c/Users/drpat/OneDrive - UGent/Desktop/PD/Phospho-fill/Validation-allPDB/pdb_cache/6y4u.cif	TYR				missing_anchor_or_base																														
P47811	6Y4V	A	182	TYR_single	1	1	1.75	TYR	513		2	5-173,182-355	5-173,182-355	TYR	/mnt/c/Users/drpat/OneDrive - UGent/Desktop/PD/Phospho-fill/Validation-allPDB/pdb_cache/6y4v.cif	TYR	TYR	OH	CZ	ok			-0.21078709957899863	LYS:152	LYS	NZ	3.7644018242325035	1.0	1.0	LYS:152	LYS	NZ	3.7644018242325035	HOH:626	O	5.168927598735129	0.0	15.0	none_obvious			intermediate				0.0	0.0		unmodified	
P47811	6Y4W	A	182	TYR_single	1	1	1.86	TYR	514		2	5-171,182-355	5-171,182-355	TYR	/mnt/c/Users/drpat/OneDrive - UGent/Desktop/PD/Phospho-fill/Validation-allPDB/pdb_cache/6y4w.cif	TYR				missing_anchor_or_base																														
P47811	6Y4X	A	182	TYR_single	1	1	1.6	TYR	515		2	1-172,182-360	1-172,182-360	TYR	/mnt/c/Users/drpat/OneDrive - UGent/Desktop/PD/Phospho-fill/Validation-allPDB/pdb_cache/6y4x.cif	TYR	TYR	OH	CZ	ok			0.7034187206442711	LYS:152	LYS	NZ	4.620725994703306	0.0	1.0	LYS:152	LYS	NZ	4.620725994703306	HOH:525	O	2.618484363091933	1.0	12.0	water_mediated_like			intermediate				0.0	0.0		unmodified	
P47811	6Y7W	A	182	TYR_single	1	1	1.39	TYR	516		2	6-171,182-359	6-171,182-359	TYR	/mnt/c/Users/drpat/OneDrive - UGent/Desktop/PD/Phospho-fill/Validation-allPDB/pdb_cache/6y7w.cif	TYR	TYR	OH	CZ	ok			0.09040480176675557					0.0	0.0	SER:32	SER	OG	5.836451468940691	HOH:719	O	4.11554066605312	0.0	2.0	none_obvious			intermediate				0.0	0.0		unmodified	
P47811	6Y7X	A	182	TYR_single	1	1	1.45	TYR	517		2	5-171,182-359	5-171,182-359	TYR	/mnt/c/Users/drpat/OneDrive - UGent/Desktop/PD/Phospho-fill/Validation-allPDB/pdb_cache/6y7x.cif	TYR	TYR	OH	CZ	ok			0.10577625416319382	ARG:57	ARG	NH2	6.834771088989477	0.0	0.0	SER:32	SER	OG	5.414374943844579	HOH:651	O	4.470001741632625	0.0	2.0	none_obvious			intermediate				0.0	0.0		unmodified	
P47811	6Y7Z	A	182	TYR_single	1	1	1.35	TYR	518		2	5-171,182-359	5-171,182-359	TYR	/mnt/c/Users/drpat/OneDrive - UGent/Desktop/PD/Phospho-fill/Validation-allPDB/pdb_cache/6y7z.cif	TYR	TYR	OH	CZ	ok			0.1395584570211903					0.0	0.0	SER:32	SER	OG	5.50773645218031	HOH:613	O	4.759488494883407	0.0	2.0	none_obvious			intermediate				0.0	0.0		unmodified	
P47811	6Y80	A	182	TYR_single	1	1	1.24	TYR	519		2	5-173,182-359	5-173,182-359	TYR	/mnt/c/Users/drpat/OneDrive - UGent/Desktop/PD/Phospho-fill/Validation-allPDB/pdb_cache/6y80.cif	TYR	TYR	OH	CZ	ok			0.0154438627477582	ARG:57	ARG	NH2	6.838337815247224	0.0	0.0	SER:32	SER	OG	5.40683766025201	HOH:614	O	4.546652371279143	0.0	2.0	none_obvious			intermediate				0.0	0.0		unmodified	
P47811	6Y81	A	182	TYR_single	1	1	1.54	TYR	520		2	6-171,182-359	6-171,182-359	TYR	/mnt/c/Users/drpat/OneDrive - UGent/Desktop/PD/Phospho-fill/Validation-allPDB/pdb_cache/6y81.cif	TYR	TYR	OH	CZ	ok			0.05944396230893771					0.0	0.0	SER:32	SER	OG	5.415589356997259	HOH:627	O	4.56452110632992	0.0	2.0	none_obvious			intermediate				0.0	0.0		unmodified	
P47811	6Y82	A	182	TYR_single	1	1	1.44	TYR	521		2	6-174,182-360	6-174,182-360	TYR	/mnt/c/Users/drpat/OneDrive - UGent/Desktop/PD/Phospho-fill/Validation-allPDB/pdb_cache/6y82.cif	TYR	TYR	OH	CZ	ok			0.21610645245039767					0.0	0.0	SER:32	SER	OG	5.489115641497535	HOH:677	O	4.637072856702644	0.0	2.0	none_obvious			intermediate				0.0	0.0		unmodified	
P47811	6Y8H	A	182	TYR_single	1	1	1.37	TYR	522		2	6-171,182-359	6-171,182-359	TYR	/mnt/c/Users/drpat/OneDrive - UGent/Desktop/PD/Phospho-fill/Validation-allPDB/pdb_cache/6y8h.cif	TYR	TYR	OH	CZ	ok			0.08017025014993348					0.0	0.0	SER:32	SER	OG	5.525255874032428	HOH:558	O	4.747026358513065	0.0	1.0	none_obvious			intermediate				0.0	0.0		unmodified	
P47811	6YCU	A	182	TYR_single	1	1	1.35	TYR	523		2	6-169,172-176,182-359	6-169,172-176,182-359	TYR	/mnt/c/Users/drpat/OneDrive - UGent/Desktop/PD/Phospho-fill/Validation-allPDB/pdb_cache/6ycu.cif	TYR	TYR	OH	CZ	ok			0.26990810611446064					0.0	0.0	SER:32	SER	OG	5.583893243055242	HOH:697	O	4.5581416533177395	0.0	2.0	none_obvious			intermediate				0.0	0.0		unmodified	
P47811	6YCW	A	182	TYR_single	1	1	1.34	TYR	524		2	6-171,182-359	6-171,182-359	TYR	/mnt/c/Users/drpat/OneDrive - UGent/Desktop/PD/Phospho-fill/Validation-allPDB/pdb_cache/6ycw.cif	TYR	TYR	OH	CZ	ok			0.12600711280910898					0.0	0.0	SER:32	SER	OG	5.541400342881589	HOH:639	O	4.478786234114205	0.0	2.0	none_obvious			intermediate				0.0	0.0		unmodified	
P47811	6YK7	A	182	TYR_single	1	1	1.9	TYR	525		2	5-171,182-355	5-171,182-355	TYR	/mnt/c/Users/drpat/OneDrive - UGent/Desktop/PD/Phospho-fill/Validation-allPDB/pdb_cache/6yk7.cif	TYR				missing_anchor_or_base																														
P24941	6YL1	A	15	TYR_single	1	1	1.66	TYR	403		3	1-37,46-153,162-298	1-37,46-153,162-298	TYR	/mnt/c/Users/drpat/OneDrive - UGent/Desktop/PD/Phospho-fill/Validation-allPDB/pdb_cache/6yl1.cif	TYR	TYR	OH	CZ	ok			-0.061627912866892474	LYS:33	LYS	NZ	6.886409058949971	0.0	0.0	THR:14	THR	OG1	4.846884894387688	HOH:406	O	7.0650400006225205	0.0	34.0	none_obvious			buried				0.0	0.0		unmodified	
P01112	721P	A	64	TYR_single	1	1	2.0	TYR	208		1	1-166	1-166	TYR	/mnt/c/Users/drpat/OneDrive - UGent/Desktop/PD/Phospho-fill/Validation-allPDB/pdb_cache/721p.cif	TYR	TYR	OH	CZ	ok			4.022500517683197					0.0	0.0	GLU:37	GLU	OE2	2.901931593160545	HOH:267	O	3.370960210620356	1.0	25.0	hbond_like			buried				0.0	0.0		unmodified	
P00523	7AH3	A	527	TYR_single	1	1	1.95	TYR	102		2	257-412,425-533	257-412,425-533	TYR	/mnt/c/Users/drpat/OneDrive - UGent/Desktop/PD/Phospho-fill/Validation-allPDB/pdb_cache/7ah3.cif	TYR	TYR	OH	CZ	ok			-0.09767914051960896	ARG:359	ARG	NE	6.236050177105382	0.0	0.0	ARG:359	ARG	NE	6.236050177105382	HOH:828	O	3.2330253218884657	1.0	38.0	water_mediated_like			buried				0.0	0.0		unmodified	
P00523	7D57	A	527	TYR_single	1	1	2.104	TYR	103		2	258-409,425-533	258-409,425-533	TYR	/mnt/c/Users/drpat/OneDrive - UGent/Desktop/PD/Phospho-fill/Validation-allPDB/pdb_cache/7d57.cif	TYR	TYR	OH	CZ	ok			-0.15513275722488384	ARG:359	ARG	NE	5.880951459015755	0.0	1.0	ARG:359	ARG	NE	5.880951459015755	HOH:813	O	3.164866325723782	1.0	39.0	water_mediated_like			buried				0.0	0.0		unmodified	
P01112	7DPJ	A	64	TYR_single	1	1	1.976	TYR	209		1	1-166	1-166	TYR	/mnt/c/Users/drpat/OneDrive - UGent/Desktop/PD/Phospho-fill/Validation-allPDB/pdb_cache/7dpj.cif	TYR				missing_anchor_or_base																														
P00519	7DT2	B	393	TYR_single	1	1	2.3	TYR	52		4	233-275,277-500	233-275,277-500	TYR	/mnt/c/Users/drpat/OneDrive - UGent/Desktop/PD/Phospho-fill/Validation-allPDB/pdb_cache/7dt2.cif	TYR	TYR	OH	CZ	ok			0.008779689197253328	ARG:362	ARG	NE	4.682387367051599	0.0	1.0	SER:385	SER	OG	3.9721337374592687	HOH:723	O	7.495960520338516	0.0	16.0	none_obvious			intermediate				0.0	0.0		unmodified	
P07355	7EQ7	A	24	TYR_single	1	1	2.111	TYR	267		1	22-339	22-339	TYR	/mnt/c/Users/drpat/OneDrive - UGent/Desktop/PD/Phospho-fill/Validation-allPDB/pdb_cache/7eq7.cif	TYR	TYR	OH	CZ	ok			-0.11769921169952559	LYS:302	LYS	CE	4.376597497325446	0.0	1.0	LYS:302	LYS	NZ	4.5156785639107655	HOH:620	O	3.030597964449548	1.0	4.0	water_mediated_like			intermediate				0.0	0.0		unmodified	
P01112	7JIF	A	64	TYR_single	1	1	1.757	TYR	210		1	1-166	1-166	TYR	/mnt/c/Users/drpat/OneDrive - UGent/Desktop/PD/Phospho-fill/Validation-allPDB/pdb_cache/7jif.cif	TYR	TYR	OH	CZ	ok			-0.1428667772142424					0.0	0.0	GLN:61	GLN	OE1	5.27380334822575	HOH:366	O	2.742445263628664	1.0	2.0	water_mediated_like			intermediate				0.0	0.0		unmodified	
P01112	7JIG	A	64	TYR_single	1	1	2.322	TYR	211		1	1-166	1-166	TYR	/mnt/c/Users/drpat/OneDrive - UGent/Desktop/PD/Phospho-fill/Validation-allPDB/pdb_cache/7jig.cif	TYR	TYR	OH	CZ	ok			-0.03338192327761336					0.0	0.0	THR:59	THR	OG1	7.452028662396328	HOH:336	O	7.569762545243768	0.0	5.0	none_obvious			intermediate				0.0	0.0		unmodified	
P01112	7JIH	A	64	TYR_single	1	1	1.989	TYR	212		1	1-30,38-166	1-30,38-166	TYR	/mnt/c/Users/drpat/OneDrive - UGent/Desktop/PD/Phospho-fill/Validation-allPDB/pdb_cache/7jih.cif	TYR	TYR	OH	CZ	ok			-0.015255749486382433	ARG:102	ARG	NH1	5.4365845058803535	0.0	1.0	ASP:69	ASP	OD2	4.1250859195904495	HOH:351	O	7.042400884172832	0.0	14.0	none_obvious			intermediate				0.0	0.0		unmodified	
P01112	7JII	A	64	TYR_single	1	1	1.532	TYR	213		1	1-166	1-166	TYR	/mnt/c/Users/drpat/OneDrive - UGent/Desktop/PD/Phospho-fill/Validation-allPDB/pdb_cache/7jii.cif	TYR	TYR	OH	CZ	ok			-0.010761930788487833	ARG:102	ARG	NH1	6.42283056982926	0.0	0.0	ASP:69	ASP	OD2	4.81983247837196	HOH:380	O	4.704933919130101	0.0	12.0	none_obvious			intermediate				0.0	0.0		unmodified	
P29317	7KJC	A	772	TYR_single	1	1	2.3	TYR	446		1	590-635,639-772,778-898,905-976	590-635,639-772,778-898,905-976	TYR	/mnt/c/Users/drpat/OneDrive - UGent/Desktop/PD/Phospho-fill/Validation-allPDB/pdb_cache/7kjc.cif	TYR	TYR	OH	CZ	ok			0.03691395918803172	HIS:824	HIS	CD2	7.699708389850335	0.0	0.0	ASN:831	ASN	ND2	4.215078842284384				0.0	10.0	none_obvious			intermediate				0.0	0.0		unmodified	
Q07912	7KP6	A	284	TYR_single	1	1	1.79	TYR	536		1	117-160,168-391	117-160,168-391	TYR	/mnt/c/Users/drpat/OneDrive - UGent/Desktop/PD/Phospho-fill/Validation-allPDB/pdb_cache/7kp6.cif	TYR	TYR	OH	CZ	ok			-0.16159880856838518	ARG:275	ARG	NE	4.014563723954841	0.0	3.0	ARG:275	ARG	NE	4.014563723954841				0.0	13.0	none_obvious			intermediate				0.0	0.0		unmodified	
P01112	7L0F	A	64	TYR_single	1	1	1.98	TYR	214		1	1-166	1-166	TYR	/mnt/c/Users/drpat/OneDrive - UGent/Desktop/PD/Phospho-fill/Validation-allPDB/pdb_cache/7l0f.cif	TYR	TYR	OH	CZ	ok			0.3587389242570432					0.0	0.0	GLU:63	GLU	OE2	6.45640736821136	HOH:304	O	5.227927043257746	0.0	0.0	none_obvious			intermediate				0.0	0.0		unmodified	
O60674	7LL4	A	1008	TYR_single	1	1	1.31	TYR	33		2	839-1132	839-1132	TYR	/mnt/c/Users/drpat/OneDrive - UGent/Desktop/PD/Phospho-fill/Validation-allPDB/pdb_cache/7ll4.cif	TYR	TYR	OH	CZ	ok			-0.37717353092495054	LYS:999	LYS	NZ	4.138282758959351	0.0	1.0	LYS:999	LYS	NZ	4.138282758959351	HOH:1517	O	3.8845687116817236	1.0	10.0	none_obvious			intermediate	PTR:1007	PTR	14.057612157299909	0.0	0.0		unmodified	
O60674	7LL5	A	1008	TYR_single	1	1	1.5	TYR	34		2	840-873,876-1132	840-873,876-1132	TYR	/mnt/c/Users/drpat/OneDrive - UGent/Desktop/PD/Phospho-fill/Validation-allPDB/pdb_cache/7ll5.cif	TYR	TYR	OH	CZ	ok			0.22044844943554906	LYS:999	LYS	NZ	3.969500262413168	1.0	1.0	LYS:999	LYS	NZ	3.969500262413168	HOH:1580	O	4.466534839669195	0.0	9.0	none_obvious			intermediate	PTR:1007	PTR	14.065128641910993	0.0	0.0		unmodified	
P01112	7OG9	A	64	TYR_single	1	1	1.75	TYR	215		1	1-166	1-166	TYR	/mnt/c/Users/drpat/OneDrive - UGent/Desktop/PD/Phospho-fill/Validation-allPDB/pdb_cache/7og9.cif	TYR	TYR	OH	CZ	ok			0.48926976538321976					0.0	0.0	GLU:63	GLU	OE1	6.86894682392705	HOH:398	O	3.790606877751635	1.0	6.0	none_obvious			intermediate				0.0	0.0		unmodified	
P01112	7OGA	A	64	TYR_single	1	1	1.9	TYR	216		1	1-166	1-166	TYR	/mnt/c/Users/drpat/OneDrive - UGent/Desktop/PD/Phospho-fill/Validation-allPDB/pdb_cache/7oga.cif	TYR	TYR	OH	CZ	ok			0.06833457393073689					0.0	0.0	GLU:63	GLU	OE1	6.978996991705654	HOH:316	O	5.133807361901551	0.0	7.0	none_obvious			intermediate				0.0	0.0		unmodified	
P01112	7OGB	A	64	TYR_single	1	1	1.85	TYR	217		1	1-166	1-166	TYR	/mnt/c/Users/drpat/OneDrive - UGent/Desktop/PD/Phospho-fill/Validation-allPDB/pdb_cache/7ogb.cif	TYR	TYR	OH	CZ	ok			-0.45761076476958945					0.0	0.0	GLU:63	GLU	OE1	5.142459457254797	HOH:373	O	2.971437989055663	2.0	10.0	water_mediated_like			exposed				0.0	0.0		unmodified	
P01112	7OGC	A	64	TYR_single	1	1	1.7	TYR	218		1	1-166	1-166	TYR	/mnt/c/Users/drpat/OneDrive - UGent/Desktop/PD/Phospho-fill/Validation-allPDB/pdb_cache/7ogc.cif	TYR	TYR	OH	CZ	ok			-0.41880251311966515					0.0	0.0	GLN:61	GLN	NE2	5.337946476869902	HOH:305	O	7.757603603995972	0.0	10.0	none_obvious			intermediate				0.0	0.0		unmodified	
P01112	7OGD	A	64	TYR_single	1	1	1.95	TYR	219		1	1-166	1-166	TYR	/mnt/c/Users/drpat/OneDrive - UGent/Desktop/PD/Phospho-fill/Validation-allPDB/pdb_cache/7ogd.cif	TYR	TYR	OH	CZ	ok			0.10473357637769219					0.0	0.0	GLU:63	GLU	OE2	6.788750082158258	HOH:321	O	4.349566113811636	0.0	9.0	none_obvious			intermediate				0.0	0.0		unmodified	
P01112	7OGE	A	64	TYR_single	1	1	2.1	TYR	220		1	1-166	1-166	TYR	/mnt/c/Users/drpat/OneDrive - UGent/Desktop/PD/Phospho-fill/Validation-allPDB/pdb_cache/7oge.cif	TYR	TYR	OH	CZ	ok			-0.618836114380751					0.0	0.0	GLU:63	GLU	OE2	7.025784774347512	HOH:368	O	5.057328095470546	0.0	6.0	none_obvious			intermediate				0.0	0.0		unmodified	
P01112	7OGF	A	64	TYR_single	1	1	1.8	TYR	221		1	1-166	1-166	TYR	/mnt/c/Users/drpat/OneDrive - UGent/Desktop/PD/Phospho-fill/Validation-allPDB/pdb_cache/7ogf.cif	TYR	TYR	OH	CZ	ok			0.001624462136867403					0.0	0.0	GLN:61	GLN	OE1	2.710795581030722	HOH:509	O	4.826152280316184	0.0	17.0	hbond_like			intermediate				0.0	0.0		unmodified	
P07477	7QE9	A	154	TYR_single	1	1	2.1	TYR	268		1	24-247	24-247	TYR	/mnt/c/Users/drpat/OneDrive - UGent/Desktop/PD/Phospho-fill/Validation-allPDB/pdb_cache/7qe9.cif	TYR	TYR	OH	CZ	ok			1.0323735511594014					0.0	0.0	ASN:146	ASN	ND2	3.790847110565828	HOH:438	O	4.162086328733021	0.0	20.0	none_obvious			intermediate				0.0	0.0		unmodified	
P24941	7QHL	C	159	TYR_single	1	1	1.7	TYR	404		3	1-12,17-37,41-294	1-12,17-37,41-294	TYR	/mnt/c/Users/drpat/OneDrive - UGent/Desktop/PD/Phospho-fill/Validation-allPDB/pdb_cache/7qhl.cif	TYR	TYR	OH	CZ	ok			2.348220497677308	ARG:157	ARG	NH1	5.431258987671489	0.0	2.0	ARG:157	ARG	NH1	5.431258987671489	HOH:427	O	2.5517669180856917	1.0	36.0	water_mediated_like			buried	TPO:160	TPO	9.355776749611044	0.0	1.0	TPO:160@9.36	unmodified	
P24941	7RA5	A	15	TYR_single	1	1	1.67	TYR	405		3	1-37,45-149,163-296	1-37,45-149,163-296	TYR	/mnt/c/Users/drpat/OneDrive - UGent/Desktop/PD/Phospho-fill/Validation-allPDB/pdb_cache/7ra5.cif	TYR	TYR	OH	CZ	ok			-0.16214944085713032	LYS:33	LYS	NZ	7.590651250748916	0.0	0.0	THR:14	THR	OG1	5.969293280305283	HOH:503	O	3.928820548784873	1.0	15.0	none_obvious			intermediate				0.0	0.0		unmodified	
O60674	7REE	A	1008	TYR_single	1	1	1.38	TYR	35		2	839-873,876-1013,1016-1130	839-873,876-1013,1016-1130	TYR	/mnt/c/Users/drpat/OneDrive - UGent/Desktop/PD/Phospho-fill/Validation-allPDB/pdb_cache/7ree.cif	TYR	TYR	OH	CZ	ok			-0.2486190171133785	LYS:999	LYS	CE	3.956840027253132	1.0	1.0	LYS:999	LYS	NZ	3.957547474047485	HOH:1486	O	3.921273160809513	1.0	9.0	none_obvious			intermediate	PTR:1007	PTR	13.995421983115289	0.0	0.0		unmodified	
P24941	7S7A	A	15	TYR_single	1	1	1.7	TYR	406		3	2-24,26-35,46-72,75-156,163-298	2-24,26-35,46-72,75-156,163-298	TYR	/mnt/c/Users/drpat/OneDrive - UGent/Desktop/PD/Phospho-fill/Validation-allPDB/pdb_cache/7s7a.cif	TYR	TYR	OH	CZ	ok			-0.34037863663322043	ARG:126	ARG	NH1	7.799002916512222	0.0	0.0	THR:14	THR	OG1	5.517380789995076	HOH:424	O	2.6265398600017407	1.0	25.0	water_mediated_like			buried				0.0	0.0		unmodified	
P24941	7S84	A	15	TYR_single	1	1	2.0	TYR	407		3	1-12,15-37,45-72,74-156,163-298	1-12,15-37,45-72,74-156,163-298	TYR	/mnt/c/Users/drpat/OneDrive - UGent/Desktop/PD/Phospho-fill/Validation-allPDB/pdb_cache/7s84.cif	TYR	TYR	OH	CZ	ok			-0.30052765890925814	ARG:150	ARG	NH2	6.237249545591587	0.0	0.0	ARG:150	ARG	NH2	6.237249545591587	HOH:420	O	2.5503905950347225	1.0	23.0	water_mediated_like			intermediate				0.0	0.0		unmodified	
P24941	7S85	A	15	TYR_single	1	1	1.98	TYR	408		3	3-37,47-156,163-298	3-37,47-156,163-298	TYR	/mnt/c/Users/drpat/OneDrive - UGent/Desktop/PD/Phospho-fill/Validation-allPDB/pdb_cache/7s85.cif	TYR	TYR	OH	CZ	ok			0.4366051949483838	LYS:33	LYS	NZ	3.325832342680866	1.0	1.0	LYS:33	LYS	NZ	3.325832342680866				0.0	32.0	salt_bridge_like			buried				0.0	0.0		unmodified	
P24941	7S9X	A	15	TYR_single	1	1	1.69	TYR	409		3	3-11,14-36,48-72,75-150,163-298	3-11,14-36,48-72,75-150,163-298	TYR	/mnt/c/Users/drpat/OneDrive - UGent/Desktop/PD/Phospho-fill/Validation-allPDB/pdb_cache/7s9x.cif	TYR	TYR	OH	CZ	ok			0.12736618003648245	ARG:150	ARG	NH2	3.308890851966427	1.0	1.0	ARG:150	ARG	NH2	3.308890851966427				0.0	28.0	salt_bridge_like			buried				0.0	0.0		unmodified	
P24941	7SA0	A	15	TYR_single	1	1	1.59	TYR	410		3	1-11,15-36,45-156,163-298	1-11,15-36,45-156,163-298	TYR	/mnt/c/Users/drpat/OneDrive - UGent/Desktop/PD/Phospho-fill/Validation-allPDB/pdb_cache/7sa0.cif	TYR	TYR	OH	CZ	ok			0.1348917770282975	ARG:126	ARG	NH1	7.420084942795507	0.0	0.0	ASP:127	ASP	OD2	7.014873619830894				0.0	21.0	none_obvious			intermediate				0.0	0.0		unmodified	
P01112	7TAM	A	64	TYR_single	1	1	1.87	TYR	222		1	1-166	1-166	TYR	/mnt/c/Users/drpat/OneDrive - UGent/Desktop/PD/Phospho-fill/Validation-allPDB/pdb_cache/7tam.cif	TYR	TYR	OH	CZ	ok			-0.13005247866185818	ARG:68	ARG	NH2	3.2228907235372413	1.0	1.0	GLN:61	GLN	OE1	2.7996311255980255	HOH:394	O	3.4413418855105307	2.0	20.0	salt_bridge_like			exposed				0.0	0.0		unmodified	
P24941	7UG1	A	15	TYR_single	1	1	1.84	TYR	411		3	1-37,44-158,162-295	1-37,44-158,162-295	TYR	/mnt/c/Users/drpat/OneDrive - UGent/Desktop/PD/Phospho-fill/Validation-allPDB/pdb_cache/7ug1.cif	TYR	TYR	OH	CZ	ok			-0.3052713640402799	LYS:33	LYS	NZ	6.756440920788661	0.0	0.0	ASP:145	ASP	OD1	5.646659559662173	HOH:416	O	2.4517292329724305	2.0	37.0	water_mediated_like			exposed				0.0	0.0		unmodified	
P63086	7UGB	A	185	TYR_single	1	2	1.9	TYR	529		2	9-172,182-328,333-354	9-172,182-328,333-354	TYR	/mnt/c/Users/drpat/OneDrive - UGent/Desktop/PD/Phospho-fill/Validation-allPDB/pdb_cache/7ugb.cif	THR	THR	OG1	CB	ok				ARG:191	ARG	NH2	7.788395635129825	0.0	0.0	GLU:186	GLU	OE2	6.116211356160752	HOH:638	O	7.553064149173575	0.0	13.0	none_obvious			intermediate				0.0	0.0		unmodified	-131.2444951957816
P01112	7VV8	A	64	TYR_single	1	1	1.7	TYR	223		1	1-166	1-166	TYR	/mnt/c/Users/drpat/OneDrive - UGent/Desktop/PD/Phospho-fill/Validation-allPDB/pdb_cache/7vv8.cif	TYR	TYR	OH	CZ	ok			-0.4496695923696545					0.0	0.0	GLU:63	GLU	OE1	3.450032388224452	HOH:374	O	2.7837806161416676	1.0	12.0	hbond_like			intermediate				0.0	0.0		unmodified	
P01112	7VV9	A	64	TYR_single	1	1	1.6	TYR	224		1	1-166	1-166	TYR	/mnt/c/Users/drpat/OneDrive - UGent/Desktop/PD/Phospho-fill/Validation-allPDB/pdb_cache/7vv9.cif	TYR	TYR	OH	CZ	ok			-0.018434286201365578					0.0	0.0	GLU:63	GLU	OE1	3.608580085795539	HOH:478	O	3.9471645981941026	1.0	11.0	none_obvious			intermediate				0.0	0.0		unmodified	
P01112	7VVG	A	64	TYR_single	1	1	1.7	TYR	225		1	1-166	1-166	TYR	/mnt/c/Users/drpat/OneDrive - UGent/Desktop/PD/Phospho-fill/Validation-allPDB/pdb_cache/7vvg.cif	TYR	TYR	OH	CZ	ok			0.48628934292820697					0.0	0.0	GLN:61	GLN	OE1	4.824187610590409	HOH:483	O	4.006264530054904	0.0	7.0	none_obvious			intermediate				0.0	0.0		unmodified	
P00523	7WF5	B	527	TYR_single	1	1	1.798	TYR	104		2	254-408,424-533	254-408,424-533	TYR	/mnt/c/Users/drpat/OneDrive - UGent/Desktop/PD/Phospho-fill/Validation-allPDB/pdb_cache/7wf5.cif	TYR	TYR	OH	CZ	ok			0.8501011098545525	ARG:359	ARG	NE	6.31739503730096	0.0	0.0	ARG:359	ARG	NE	6.31739503730096	HOH:768	O	2.756443551872523	1.0	37.0	water_mediated_like			buried				0.0	0.0		unmodified	
Q92731	7XVY	B	488	TYR_single	1	1	1.544	TYR	589		1	263-409,421-497	263-409,421-497	TYR	/mnt/c/Users/drpat/OneDrive - UGent/Desktop/PD/Phospho-fill/Validation-allPDB/pdb_cache/7xvy.cif	TYR	TYR	OH	CZ	ok			1.5325413243750776	LYS:304	LYS	NZ	7.44889608947293	0.0	0.0	THR:299	THR	OG1	4.830881716320901	HOH:808	O	5.788848332559422	0.0	24.0	none_obvious			buried				0.0	0.0		unmodified	
Q92731	7XVZ	B	488	TYR_single	1	1	2.08	TYR	590		1	263-409,421-498	263-409,421-498	TYR	/mnt/c/Users/drpat/OneDrive - UGent/Desktop/PD/Phospho-fill/Validation-allPDB/pdb_cache/7xvz.cif	TYR				missing_anchor_or_base																														
Q92731	7XWP	B	488	TYR_single	1	1	1.919	TYR	591		1	263-409,421-498	263-409,421-498	TYR	/mnt/c/Users/drpat/OneDrive - UGent/Desktop/PD/Phospho-fill/Validation-allPDB/pdb_cache/7xwp.cif	TYR	TYR	OH	CZ	ok			-0.4078197942312373	LYS:300	LYS	CE	3.638245226716506	1.0	1.0	LYS:300	LYS	NZ	4.856736401061583				0.0	23.0	none_obvious			intermediate				0.0	0.0		unmodified	
Q92731	7XWQ	B	488	TYR_single	1	1	1.89	TYR	592		1	263-409,421-498	263-409,421-498	TYR	/mnt/c/Users/drpat/OneDrive - UGent/Desktop/PD/Phospho-fill/Validation-allPDB/pdb_cache/7xwq.cif	TYR	TYR	OH	CZ	ok			-0.31782608718804767	LYS:300	LYS	CE	3.6085361403326894	1.0	1.0	LYS:300	LYS	NZ	4.774750393805317	HOH:735	O	5.130652320142409	0.0	23.0	none_obvious			intermediate				0.0	0.0		unmodified	
Q92731	7XWR	B	488	TYR_single	1	1	2.164	TYR	593		1	263-409,421-498	263-409,421-498	TYR	/mnt/c/Users/drpat/OneDrive - UGent/Desktop/PD/Phospho-fill/Validation-allPDB/pdb_cache/7xwr.cif	TYR	TYR	OH	CZ	ok			0.009891344273334995	LYS:300	LYS	CE	3.211302846759	1.0	1.0	LYS:300	LYS	NZ	4.454267191477776				0.0	25.0	salt_bridge_like			buried				0.0	0.0		unmodified	
P37840	7YNF	A	39	TYR_single	1	1	2.5	TYR	486		1	37-99	37-99	TYR	/mnt/c/Users/drpat/OneDrive - UGent/Desktop/PD/Phospho-fill/Validation-allPDB/pdb_cache/7ynf.cif	TYR	TYR	OH	CZ	ok			-0.13454836504517512	LYS:80	LYS	NZ	7.71510177631999	0.0	0.0	THR:44	THR	OG1	5.559826403648442				0.0	6.0	none_obvious			intermediate				0.0	0.0		unmodified	
P01112	821P	A	64	TYR_single	1	1	1.5	TYR	226		1	1-166	1-166	TYR	/mnt/c/Users/drpat/OneDrive - UGent/Desktop/PD/Phospho-fill/Validation-allPDB/pdb_cache/821p.cif	TYR	TYR	OH	CZ	ok			1.6487253256294974					0.0	0.0	GLU:62	GLU	OE2	6.4315258362442975	HOH:175	O	5.838451581088642	0.0	18.0	none_obvious			intermediate				0.0	0.0		unmodified	
P37840	8A9L	A	39	TYR_single	1	1	2.2	TYR	487		1	31-100	31-100	TYR	/mnt/c/Users/drpat/OneDrive - UGent/Desktop/PD/Phospho-fill/Validation-allPDB/pdb_cache/8a9l.cif	TYR	TYR	OH	CZ	ok			-0.008439856148023743	LYS:34	LYS	NZ	2.585001226019065	1.0	1.0	LYS:34	LYS	NZ	2.585001226019065				0.0	9.0	salt_bridge_like			intermediate				0.0	0.0		unmodified	
P08581	8AW1	B	1234	TYR_single	1	1	2.14	TYR	269		3	1064-1099,1103-1114,1119-1148,1152-1234,1243-1345	1064-1099,1103-1114,1119-1148,1152-1234,1243-1345	TYR	/mnt/c/Users/drpat/OneDrive - UGent/Desktop/PD/Phospho-fill/Validation-allPDB/pdb_cache/8aw1.cif	TYR	TYR	OH	CZ	ok			0.14495786218564177	ARG:1208	ARG	NE	2.995922041341262	1.0	1.0	ARG:1208	ARG	NE	2.995922041341262	HOH:1608	O	6.3565357920016385	0.0	40.0	salt_bridge_like			buried				0.0	0.0		unmodified	
P29317	8BOC	A	772	TYR_single	1	1	1.9	TYR	447		1	605-621,626-634,638-647,654-888	605-621,626-634,638-647,654-888	TYR	/mnt/c/Users/drpat/OneDrive - UGent/Desktop/PD/Phospho-fill/Validation-allPDB/pdb_cache/8boc.cif	TYR	TYR	OH	CZ	ok			-0.020853877843887664					0.0	0.0	THR:771	THR	OG1	7.060092361919155	HOH:1132	O	7.284398021568677	0.0	1.0	none_obvious			intermediate				0.0	0.0		unmodified	
P29317	8BOK	A	772	TYR_single	1	1	2.02	TYR	448		1	605-622,626-635,639-890	605-622,626-635,639-890	TYR	/mnt/c/Users/drpat/OneDrive - UGent/Desktop/PD/Phospho-fill/Validation-allPDB/pdb_cache/8bok.cif	TYR	TYR	OH	CZ	ok			0.023682070733635516					0.0	0.0	THR:771	THR	OG1	7.031538438992	HOH:1177	O	7.224656565531795	0.0	1.0	none_obvious			intermediate				0.0	0.0		unmodified	
P37840	8BQV	A	39	TYR_single	1	1	2.0	TYR	488		1	14-25,36-100	14-25,36-100	TYR	/mnt/c/Users/drpat/OneDrive - UGent/Desktop/PD/Phospho-fill/Validation-allPDB/pdb_cache/8bqv.cif	TYR	TYR	OH	CZ	ok			0.21379858777815883	LYS:43	LYS	NZ	3.5251549609634716	1.0	1.0	LYS:43	LYS	NZ	3.5251549609634716				0.0	7.0	none_obvious			intermediate				0.0	0.0		unmodified	
P37840	8BQW	A	39	TYR_single	1	1	2.3	TYR	489		1	14-25,36-100	14-25,36-100	TYR	/mnt/c/Users/drpat/OneDrive - UGent/Desktop/PD/Phospho-fill/Validation-allPDB/pdb_cache/8bqw.cif	TYR	TYR	OH	CZ	ok			0.26921204562187045	LYS:43	LYS	CE	4.758550531460498	0.0	1.0	LYS:43	LYS	NZ	6.226877515021561				0.0	5.0	none_obvious			intermediate				0.0	0.0		unmodified	
P01112	8CNJ	A	64	TYR_single	1	1	1.35	TYR	227		1	1-166	1-166	TYR	/mnt/c/Users/drpat/OneDrive - UGent/Desktop/PD/Phospho-fill/Validation-allPDB/pdb_cache/8cnj.cif	TYR	TYR	OH	CZ	ok			0.15307104327227086					0.0	0.0	GLU:63	GLU	OE1	6.421172404308617	HOH:378	O	2.815916607398193	1.0	6.0	water_mediated_like			intermediate				0.0	0.0		unmodified	
P24941	8CUR	A	15	TYR_single	1	1	2.2	TYR	412		3	1-38,50-151,163-296	1-38,50-151,163-296	TYR	/mnt/c/Users/drpat/OneDrive - UGent/Desktop/PD/Phospho-fill/Validation-allPDB/pdb_cache/8cur.cif	TYR	TYR	OH	CZ	ok			-0.09528848916164076	ARG:150	ARG	NE	4.144161479950618	0.0	1.0	ARG:150	ARG	NE	4.144161479950618				0.0	10.0	none_obvious			intermediate				0.0	0.0		unmodified	
P01112	8ELR	A	64	TYR_single	1	1	2.05	TYR	228		1	1-166	1-166	TYR	/mnt/c/Users/drpat/OneDrive - UGent/Desktop/PD/Phospho-fill/Validation-allPDB/pdb_cache/8elr.cif	TYR	TYR	OH	CZ	ok			0.01488782343758181					0.0	0.0	GLN:61	GLN	OE1	5.869717643671499	HOH:342	O	7.863667420499548	0.0	10.0	none_obvious			intermediate				0.0	0.0		unmodified	
P01112	8ELS	A	64	TYR_single	1	1	2.267	TYR	229		1	1-166	1-166	TYR	/mnt/c/Users/drpat/OneDrive - UGent/Desktop/PD/Phospho-fill/Validation-allPDB/pdb_cache/8els.cif	TYR	TYR	OH	CZ	ok			-0.44827533191637664					0.0	0.0	GLU:63	GLU	OE2	4.044635760627273	HOH:362	O	6.980351751128967	0.0	11.0	none_obvious			intermediate				0.0	0.0		unmodified	
P01112	8ELT	A	64	TYR_single	1	1	1.66	TYR	230		1	1-166	1-166	TYR	/mnt/c/Users/drpat/OneDrive - UGent/Desktop/PD/Phospho-fill/Validation-allPDB/pdb_cache/8elt.cif	TYR	TYR	OH	CZ	ok			-0.04150251174166389					0.0	0.0	GLN:61	GLN	NE2	4.828275939081798	HOH:308	O	7.237985830540417	0.0	12.0	none_obvious			intermediate				0.0	0.0		unmodified	
P01112	8ELU	A	64	TYR_single	1	1	1.93	TYR	231		1	1-166	1-166	TYR	/mnt/c/Users/drpat/OneDrive - UGent/Desktop/PD/Phospho-fill/Validation-allPDB/pdb_cache/8elu.cif	TYR	TYR	OH	CZ	ok			0.2611320999839701					0.0	0.0	GLU:63	GLU	OE1	3.126451257963663	HOH:361	O	6.359148037555264	0.0	11.0	hbond_like			intermediate				0.0	0.0		unmodified	
P01112	8ELV	A	64	TYR_single	1	1	2.153	TYR	232		1	1-166	1-166	TYR	/mnt/c/Users/drpat/OneDrive - UGent/Desktop/PD/Phospho-fill/Validation-allPDB/pdb_cache/8elv.cif	TYR				missing_anchor_or_base																														
P01112	8ELW	A	64	TYR_single	1	1	1.699	TYR	233		1	1-166	1-166	TYR	/mnt/c/Users/drpat/OneDrive - UGent/Desktop/PD/Phospho-fill/Validation-allPDB/pdb_cache/8elw.cif	TYR				missing_anchor_or_base																														
P01112	8ELX	A	64	TYR_single	1	1	1.975	TYR	234		1	1-166	1-166	TYR	/mnt/c/Users/drpat/OneDrive - UGent/Desktop/PD/Phospho-fill/Validation-allPDB/pdb_cache/8elx.cif	TYR	TYR	OH	CZ	ok			-0.7965640160020582					0.0	0.0	GLN:61	GLN	OE1	4.751576371607025	HOH:428	O	4.0728558780116995	0.0	8.0	none_obvious			intermediate				0.0	0.0		unmodified	
P01112	8ELY	A	64	TYR_single	1	1	1.75	TYR	235		1	1-166	1-166	TYR	/mnt/c/Users/drpat/OneDrive - UGent/Desktop/PD/Phospho-fill/Validation-allPDB/pdb_cache/8ely.cif	TYR				missing_anchor_or_base																														
P01112	8ELZ	A	64	TYR_single	1	1	1.961	TYR	236		1	1-166	1-166	TYR	/mnt/c/Users/drpat/OneDrive - UGent/Desktop/PD/Phospho-fill/Validation-allPDB/pdb_cache/8elz.cif	TYR	TYR	OH	CZ	ok			-0.4686265115932917					0.0	0.0	GLN:61	GLN	OE1	5.0988928230068735	HOH:428	O	7.284909133062329	0.0	8.0	none_obvious			intermediate				0.0	0.0		unmodified	
P01112	8EM0	A	64	TYR_single	1	1	2.109	TYR	237		1	1-166	1-166	TYR	/mnt/c/Users/drpat/OneDrive - UGent/Desktop/PD/Phospho-fill/Validation-allPDB/pdb_cache/8em0.cif	TYR	TYR	OH	CZ	ok			-0.5830041952829513					0.0	0.0	GLU:63	GLU	OE1	3.6435494934932007	HOH:307	O	4.476563071921419	0.0	11.0	none_obvious			intermediate				0.0	0.0		unmodified	
P01112	8FG3	A	64	TYR_single	1	1	1.49	TYR	238		1	1-166	1-166	TYR	/mnt/c/Users/drpat/OneDrive - UGent/Desktop/PD/Phospho-fill/Validation-allPDB/pdb_cache/8fg3.cif	TYR				missing_anchor_or_base																														
P01112	8FG4	A	64	TYR_single	1	1	1.85	TYR	239		1	1-166	1-166	TYR	/mnt/c/Users/drpat/OneDrive - UGent/Desktop/PD/Phospho-fill/Validation-allPDB/pdb_cache/8fg4.cif	TYR	TYR	OH	CZ	ok			0.30079020426796155					0.0	0.0	GLU:63	GLU	OE2	3.955845162313324	HOH:414	O	4.507261766413131	0.0	13.0	none_obvious			intermediate				0.0	0.0		unmodified	
P24941	8FOW	A	15	TYR_single	1	1	1.6	TYR	413		3	3-36,47-72,75-152,162-298	3-36,47-72,75-152,162-298	TYR	/mnt/c/Users/drpat/OneDrive - UGent/Desktop/PD/Phospho-fill/Validation-allPDB/pdb_cache/8fow.cif	TYR	TYR	OH	CZ	ok			0.4665605202239192	ARG:150	ARG	NE	2.9345690871578967	1.0	1.0	ARG:150	ARG	NE	2.9345690871578967	HOH:481	O	6.046872184780504	0.0	23.0	salt_bridge_like			intermediate				0.0	0.0		unmodified	
P24941	8FP0	A	15	TYR_single	1	1	1.6	TYR	414		3	2-36,47-72,75-151,163-298	2-36,47-72,75-151,163-298	TYR	/mnt/c/Users/drpat/OneDrive - UGent/Desktop/PD/Phospho-fill/Validation-allPDB/pdb_cache/8fp0.cif	TYR	TYR	OH	CZ	ok			-0.04783529946516385	ARG:150	ARG	NH2	2.0652026663263414	1.0	1.0	ARG:150	ARG	NH2	2.0652026663263414	HOH:414	O	3.7214252985621052	1.0	27.0	salt_bridge_like			buried				0.0	0.0		unmodified	
O60674	8G6Z	A	1008	TYR_single	1	1	2.45	TYR	36		2	843-918,923-1010,1013-1067,1070-1131	843-918,923-1010,1013-1067,1070-1131	TYR	/mnt/c/Users/drpat/OneDrive - UGent/Desktop/PD/Phospho-fill/Validation-allPDB/pdb_cache/8g6z.cif	TYR	TYR	OH	CZ	ok			0.09040248738298855	LYS:999	LYS	NZ	4.969714559328541	0.0	1.0	LYS:999	LYS	NZ	4.969714559328541	HOH:1368	O	4.141370399102819	0.0	7.0	none_obvious			intermediate	PTR:1007	PTR	13.006336516024728	0.0	0.0		unmodified	
Q13191	8GCY	A	363	TYR_single	1	1	1.81	TYR	537		1	38-338,354-427	38-338,354-427	TYR	/mnt/c/Users/drpat/OneDrive - UGent/Desktop/PD/Phospho-fill/Validation-allPDB/pdb_cache/8gcy.cif	TYR	TYR	OH	CZ	ok			-1.6996116439934459					0.0	0.0	THR:219	THR	OG1	2.5650386430710985	HOH:669	O	6.142690217798041	0.0	42.0	hbond_like			buried				0.0	0.0		unmodified	
O15151	8HDG	A	99	TYR_single	1	1	1.73	TYR	12		2	23-109	23-109	TYR	/mnt/c/Users/drpat/OneDrive - UGent/Desktop/PD/Phospho-fill/Validation-allPDB/pdb_cache/8hdg.cif	TYR	TYR	OH	CZ	ok			1.8592478140504918	ARG:103	ARG	NH2	6.825205542785598	0.0	0.0	ARG:103	ARG	NH2	6.825205542785598				0.0	3.0	none_obvious			intermediate				0.0	0.0		unmodified	
P01112	8OSM	A	64	TYR_single	1	1	2.05	TYR	240		1	1-166	1-166	TYR	/mnt/c/Users/drpat/OneDrive - UGent/Desktop/PD/Phospho-fill/Validation-allPDB/pdb_cache/8osm.cif	TYR	TYR	OH	CZ	ok			0.12642333934819466					0.0	0.0	GLN:61	GLN	NE2	5.060568196331197				0.0	8.0	none_obvious			intermediate				0.0	0.0		unmodified	
P01112	8OSN	A	64	TYR_single	1	1	1.8	TYR	241		1	1-166	1-166	TYR	/mnt/c/Users/drpat/OneDrive - UGent/Desktop/PD/Phospho-fill/Validation-allPDB/pdb_cache/8osn.cif	TYR	TYR	OH	CZ	ok			-0.054953863826296676					0.0	0.0	GLU:63	GLU	OE1	6.734691724622366	HOH:326	O	5.055968952220462	0.0	6.0	none_obvious			intermediate				0.0	0.0		unmodified	
P01112	8OSO	A	64	TYR_single	1	1	2.5	TYR	242		1	1-166	1-166	TYR	/mnt/c/Users/drpat/OneDrive - UGent/Desktop/PD/Phospho-fill/Validation-allPDB/pdb_cache/8oso.cif	TYR	TYR	OH	CZ	ok			-0.08148822258472471					0.0	0.0	GLU:63	GLU	OE2	3.8305989277629213				0.0	15.0	none_obvious			intermediate				0.0	0.0		unmodified	
P37840	8PJO	A	39	TYR_single	1	1	2.31	TYR	490		1	36-98	36-98	TYR	/mnt/c/Users/drpat/OneDrive - UGent/Desktop/PD/Phospho-fill/Validation-allPDB/pdb_cache/8pjo.cif	TYR	TYR	OH	CZ	ok			-0.1622947039909632					0.0	0.0								0.0	3.0	none_obvious			intermediate				0.0	0.0		unmodified	
P28482	8PSW	A	187	TYR_single	1	1	2.0	TYR	424		2	11-176,187-358	11-176,187-358	TYR	/mnt/c/Users/drpat/OneDrive - UGent/Desktop/PD/Phospho-fill/Validation-allPDB/pdb_cache/8psw.cif	TYR				missing_anchor_or_base																														
Q13191	8QNG	A	363	TYR_single	1	1	2.197	TYR	538		1	38-347,354-427	38-347,354-427	TYR	/mnt/c/Users/drpat/OneDrive - UGent/Desktop/PD/Phospho-fill/Validation-allPDB/pdb_cache/8qng.cif	TYR	TYR	OH	CZ	ok			3.4820910293040703					0.0	0.0	THR:219	THR	OG1	2.747971588007808	HOH:601	O	7.73591449660138	0.0	42.0	hbond_like			buried				0.0	0.0		unmodified	
Q13191	8QNH	A	363	TYR_single	1	1	2.001	TYR	539		1	37-346,354-427	37-346,354-427	TYR	/mnt/c/Users/drpat/OneDrive - UGent/Desktop/PD/Phospho-fill/Validation-allPDB/pdb_cache/8qnh.cif	TYR	TYR	OH	CZ	ok			-1.501768982588139					0.0	0.0	THR:219	THR	OG1	2.5632216804840735	HOH:613	O	6.1829491910221375	0.0	44.0	hbond_like			buried				0.0	0.0		unmodified	
Q13191	8QNI	A	363	TYR_single	1	1	2.483	TYR	540		1	38-347,354-420	38-347,354-420	TYR	/mnt/c/Users/drpat/OneDrive - UGent/Desktop/PD/Phospho-fill/Validation-allPDB/pdb_cache/8qni.cif	TYR	TYR	OH	CZ	ok			1.4727179522204188					0.0	0.0	THR:219	THR	OG1	2.628033232346787	HOH:608	O	6.3664838329060185	0.0	41.0	hbond_like			buried				0.0	0.0		unmodified	
Q13191	8QTG	A	363	TYR_single	1	1	1.419	TYR	541		1	37-346,354-427	37-346,354-427	TYR	/mnt/c/Users/drpat/OneDrive - UGent/Desktop/PD/Phospho-fill/Validation-allPDB/pdb_cache/8qtg.cif	TYR	TYR	OH	CZ	ok			0.4990322931413224					0.0	0.0	THR:219	THR	OG1	2.647867058936177	HOH:767	O	2.9723147705274275	1.0	43.0	hbond_like			buried				0.0	0.0		unmodified	
Q13191	8QTH	A	363	TYR_single	1	1	2.198	TYR	542		1	37-348,354-427	37-348,354-427	TYR	/mnt/c/Users/drpat/OneDrive - UGent/Desktop/PD/Phospho-fill/Validation-allPDB/pdb_cache/8qth.cif	TYR	TYR	OH	CZ	ok			0.23064052582493638					0.0	0.0	THR:219	THR	OG1	2.8346576504127894				0.0	41.0	hbond_like			buried				0.0	0.0		unmodified	
Q13191	8QTJ	A	363	TYR_single	1	1	1.523	TYR	543		1	37-346,354-427	37-346,354-427	TYR	/mnt/c/Users/drpat/OneDrive - UGent/Desktop/PD/Phospho-fill/Validation-allPDB/pdb_cache/8qtj.cif	TYR	TYR	OH	CZ	ok			-0.7798877427518689					0.0	0.0	THR:219	THR	OG1	2.678807065201346	HOH:679	O	6.188433346161366	0.0	42.0	hbond_like			buried				0.0	0.0		unmodified	
Q13191	8QTK	A	363	TYR_single	1	1	1.873	TYR	544		1	37-346,354-427	37-346,354-427	TYR	/mnt/c/Users/drpat/OneDrive - UGent/Desktop/PD/Phospho-fill/Validation-allPDB/pdb_cache/8qtk.cif	TYR	TYR	OH	CZ	ok			-2.974487641740601					0.0	0.0	THR:219	THR	OG1	2.727178035748322	HOH:665	O	6.189241379702159	0.0	44.0	hbond_like			buried				0.0	0.0		unmodified	
P24941	8RU8	A	15	TYR_single	1	1	1.51	TYR	415		3	1-36,46-146,161-298	1-36,46-146,161-298	TYR	/mnt/c/Users/drpat/OneDrive - UGent/Desktop/PD/Phospho-fill/Validation-allPDB/pdb_cache/8ru8.cif	TYR	TYR	OH	CZ	ok			0.06463845574740498	ARG:126	ARG	NE	7.724189901419882	0.0	0.0	GLN:14	GLN	NE2	3.960179672876059	HOH:666	O	5.406642613806328	0.0	5.0	none_obvious			intermediate				0.0	0.0		unmodified	
P01112	8TBG	A	64	TYR_single	1	1	1.2	TYR	243		1	1-166	1-166	TYR	/mnt/c/Users/drpat/OneDrive - UGent/Desktop/PD/Phospho-fill/Validation-allPDB/pdb_cache/8tbg.cif	TYR	TYR	OH	CZ	ok			-0.05796760431496388					0.0	0.0	GLN:61	GLN	OE1	6.067916690780374	HOH:338	O	2.64646483511011	2.0	3.0	water_mediated_like			exposed				0.0	0.0		unmodified	
P22607	8UDV	A	648	TYR_single	1	1	2.348	TYR	278		3	458-573,586-640,648-755	458-573,586-640,648-755	TYR	/mnt/c/Users/drpat/OneDrive - UGent/Desktop/PD/Phospho-fill/Validation-allPDB/pdb_cache/8udv.cif	TYR	TYR	OH	CZ	ok			1.029662247926274	LYS:649	LYS	CE	4.770804682904655	0.0	1.0	LYS:649	LYS	NZ	5.792030272631423	HOH:1135	O	2.7655611567270313	1.0	4.0	water_mediated_like			intermediate				0.0	0.0		unmodified	
P24941	8UV0	A	15	TYR_single	1	1	1.55	TYR	416		3	2-37,44-73,76-153,164-298	2-37,44-73,76-153,164-298	TYR	/mnt/c/Users/drpat/OneDrive - UGent/Desktop/PD/Phospho-fill/Validation-allPDB/pdb_cache/8uv0.cif	TYR	TYR	OH	CZ	ok			-0.8187669495295594	ARG:126	ARG	NE	7.876667785633257	0.0	0.0	ASP:127	ASP	OD2	7.827170567698787	HOH:518	O	5.203777566621895	0.0	20.0	none_obvious			intermediate				0.0	0.0		unmodified	
Q9WV60	8VME	A	216	TYR_single	1	1	2.3	TYR	597		2	26-31,35-383	26-31,35-383	TYR	/mnt/c/Users/drpat/OneDrive - UGent/Desktop/PD/Phospho-fill/Validation-allPDB/pdb_cache/8vme.cif	TYR	TYR	OH	CZ	ok			-0.0592017909719129					0.0	0.0	SER:215	SER	OG	4.7518246496395165	HOH:567	O	2.8195751635375386	1.0	17.0	water_mediated_like			intermediate				0.0	0.0		unmodified	
Q9WV60	8VMF	A	216	TYR_single	1	1	2.5	TYR	598		2	27-31,35-383	27-31,35-383	TYR	/mnt/c/Users/drpat/OneDrive - UGent/Desktop/PD/Phospho-fill/Validation-allPDB/pdb_cache/8vmf.cif	TYR	TYR	OH	CZ	ok			-0.05284548900971775					0.0	0.0								0.0	8.0	none_obvious			intermediate				0.0	0.0		unmodified	
Q9WV60	8VMG	A	216	TYR_single	1	1	2.45	TYR	599		2	26-383	26-383	TYR	/mnt/c/Users/drpat/OneDrive - UGent/Desktop/PD/Phospho-fill/Validation-allPDB/pdb_cache/8vmg.cif	TYR	TYR	OH	CZ	ok			0.24439856488252498	ARG:223	ARG	NH2	5.023908576459728	0.0	1.0	ARG:223	ARG	NH2	5.023908576459728	HOH:579	O	6.46440608576987	0.0	14.0	none_obvious			intermediate				0.0	0.0		unmodified	
P21802	8W3B	D	561	TYR_single	1	1	2.23	TYR	276		6	465-582,592-651,663-764	465-582,592-651,663-764	TYR	/mnt/c/Users/drpat/OneDrive - UGent/Desktop/PD/Phospho-fill/Validation-allPDB/pdb_cache/8w3b.cif	TYR	TYR	OH	CZ	ok			-0.022982689620357964	ARG:478	ARG	NH1	5.252875848424992	0.0	1.0	ARG:478	ARG	NH1	5.252875848424992	HOH:937	O	4.569503757601645	0.0	16.0	none_obvious			intermediate				0.0	0.0		unmodified	
P07332	8XKP	A	713	TYR_single	1	1	2.05	TYR	264		1	450-821	450-821	TYR	/mnt/c/Users/drpat/OneDrive - UGent/Desktop/PD/Phospho-fill/Validation-allPDB/pdb_cache/8xkp.cif	TYR	TYR	OH	CZ	ok			0.8430726105361386	ARG:706	ARG	NE	3.310139914725057	1.0	3.0	ARG:706	ARG	NE	3.310139914725057	HOH:1071	O	6.059449876173276	0.0	27.0	salt_bridge_like			buried				0.0	0.0		unmodified	
P24941	8YQE	A	15	TYR_single	1	1	1.94	TYR	417		3	1-37,45-154,163-298	1-37,45-154,163-298	TYR	/mnt/c/Users/drpat/OneDrive - UGent/Desktop/PD/Phospho-fill/Validation-allPDB/pdb_cache/8yqe.cif	TYR	TYR	OH	CZ	ok			0.4262463253124738					0.0	0.0	ASP:145	ASP	OD2	7.332457441972995	HOH:441	O	5.745901205146471	0.0	32.0	none_obvious			buried				0.0	0.0		unmodified	
P37840	9CK3	A	39	TYR_single	1	1	2.04	TYR	491		1	15-22,36-97	15-22,36-97	TYR	/mnt/c/Users/drpat/OneDrive - UGent/Desktop/PD/Phospho-fill/Validation-allPDB/pdb_cache/9ck3.cif	TYR	TYR	OH	CZ	ok			-0.19469245966541127	LYS:43	LYS	NZ	4.9136360960726835	0.0	1.0	LYS:43	LYS	NZ	4.9136360960726835				0.0	11.0	none_obvious			intermediate				0.0	0.0		unmodified	
P37840	9CKK	A	39	TYR_single	1	1	2.21	TYR	492		1	15-22,36-92	15-22,36-92	TYR	/mnt/c/Users/drpat/OneDrive - UGent/Desktop/PD/Phospho-fill/Validation-allPDB/pdb_cache/9ckk.cif	TYR	TYR	OH	CZ	ok			-0.448386849735746					0.0	0.0								0.0	5.0	none_obvious			intermediate				0.0	0.0		unmodified	
Q92731	9EBL	B	488	TYR_single	1	1	2.2	TYR	594		1	262-411,421-497	262-411,421-497	TYR	/mnt/c/Users/drpat/OneDrive - UGent/Desktop/PD/Phospho-fill/Validation-allPDB/pdb_cache/9ebl.cif	TYR	TYR	OH	CZ	ok			-0.05088493307160615					0.0	0.0					HOH:715	O	7.4026352528707635	0.0	8.0	none_obvious			intermediate				0.0	0.0		unmodified	
Q92731	9ECF	M	488	TYR_single	1	1	2.0	TYR	595		1	263-285,287-408,424-497	263-285,287-408,424-497	TYR	/mnt/c/Users/drpat/OneDrive - UGent/Desktop/PD/Phospho-fill/Validation-allPDB/pdb_cache/9ecf.cif	TYR	TYR	OH	CZ	ok			-0.07592069171078308					0.0	0.0	THR:299	THR	OG1	4.758512151323567	HOH:790	O	6.766710091780204	0.0	25.0	none_obvious			buried				0.0	0.0		unmodified	
P37840	9EUU	A	39	TYR_single	1	1	1.93	TYR	493		1	37-97	37-97	TYR	/mnt/c/Users/drpat/OneDrive - UGent/Desktop/PD/Phospho-fill/Validation-allPDB/pdb_cache/9euu.cif	TYR	TYR	OH	CZ	ok			-0.3198827831665261	LYS:80	LYS	NZ	6.782983832380221	0.0	0.0	GLU:46	GLU	OE2	3.725186208620499				0.0	10.0	none_obvious			intermediate				0.0	0.0		unmodified	
Q13191	9FQH	A	363	TYR_single	1	1	1.786	TYR	545		1	37-346,354-427	37-346,354-427	TYR	/mnt/c/Users/drpat/OneDrive - UGent/Desktop/PD/Phospho-fill/Validation-allPDB/pdb_cache/9fqh.cif	TYR	TYR	OH	CZ	ok			1.9536966448690027					0.0	0.0	THR:219	THR	OG1	2.5326929596821426	HOH:624	O	6.165770797530556	0.0	43.0	hbond_like			buried				0.0	0.0		unmodified	
Q13191	9FQI	A	363	TYR_single	1	1	1.954	TYR	546		1	37-346,354-427	37-346,354-427	TYR	/mnt/c/Users/drpat/OneDrive - UGent/Desktop/PD/Phospho-fill/Validation-allPDB/pdb_cache/9fqi.cif	TYR	TYR	OH	CZ	ok			-0.6429858165436493					0.0	0.0	THR:219	THR	OG1	2.7654531219383127	HOH:655	O	3.014585411725838	1.0	39.0	hbond_like			buried				0.0	0.0		unmodified	
Q13191	9FQJ	A	363	TYR_single	1	1	1.563	TYR	547		1	37-346,354-427	37-346,354-427	TYR	/mnt/c/Users/drpat/OneDrive - UGent/Desktop/PD/Phospho-fill/Validation-allPDB/pdb_cache/9fqj.cif	TYR	TYR	OH	CZ	ok			0.1893768118275225					0.0	0.0	THR:219	THR	OG1	2.606579463706809	HOH:755	O	2.891683994548291	1.0	40.0	hbond_like			buried				0.0	0.0		unmodified	
P24941	9FR2	A	15	TYR_single	1	1	1.6	TYR	418		3	2-36,45-153,163-298	2-35,45-153,163-298	TYR	/mnt/c/Users/drpat/OneDrive - UGent/Desktop/PD/Phospho-fill/Validation-allPDB/pdb_cache/9fr2.cif	TYR	TYR	OH	CZ	ok			-0.18254706484256347					0.0	0.0	THR:14	THR	OG1	6.079430828416448	HOH:531	O	5.222735832729253	0.0	23.0	none_obvious			intermediate				0.0	0.0		unmodified	
P37840	9FYP	I	39	TYR_single	1	1	2.23	TYR	494		1	35-98	35-98	TYR	/mnt/c/Users/drpat/OneDrive - UGent/Desktop/PD/Phospho-fill/Validation-allPDB/pdb_cache/9fyp.cif	TYR	TYR	OH	CZ	ok			-0.48233843635151313					0.0	0.0								0.0	4.0	none_obvious			intermediate				0.0	0.0		unmodified	
P0AES4	9GBV	A	122	TYR_single	1	1	2.32	TYR	270		1	6-841	6-841	TYR	/mnt/c/Users/drpat/OneDrive - UGent/Desktop/PD/Phospho-fill/Validation-allPDB/pdb_cache/9gbv.cif	TYR	TYR	OH	CZ	ok			-0.030963359907441458	ARG:121	ARG	NH2	3.1672397888221733	1.0	1.0	ARG:121	ARG	NH2	3.1672397888221733				0.0	7.0	salt_bridge_like			intermediate				0.0	0.0		unmodified	
P24941	9GNO	A	15	TYR_single	1	1	1.16	TYR	419		3	1-4,8-37,46-152,163-298	1-4,8-37,46-152,163-298	TYR	/mnt/c/Users/drpat/OneDrive - UGent/Desktop/PD/Phospho-fill/Validation-allPDB/pdb_cache/9gno.cif	TYR	TYR	OH	CZ	ok			1.311028060413528	HIS:125	HIS	CE1	6.907819830115197	0.0	0.0	THR:14	THR	OG1	4.818767909483345	HOH:535	O	2.9888707274777846	1.0	21.0	water_mediated_like			intermediate				0.0	0.0		unmodified	
P37840	9JC3	D	39	TYR_single	1	1	2.39	TYR	495		1	37-98	37-98	TYR	/mnt/c/Users/drpat/OneDrive - UGent/Desktop/PD/Phospho-fill/Validation-allPDB/pdb_cache/9jc3.cif	TYR	TYR	OH	CZ	ok			-0.3330468997819716					0.0	0.0	THR:44	THR	OG1	4.881728178916757				0.0	6.0	none_obvious			intermediate				0.0	0.0		unmodified	
P24941	9JJ5	A	15	TYR_single	1	1	1.71	TYR	420		3	1-35,44-72,74-151,162-298	1-35,44-72,74-151,162-298	TYR	/mnt/c/Users/drpat/OneDrive - UGent/Desktop/PD/Phospho-fill/Validation-allPDB/pdb_cache/9jj5.cif	TYR	TYR	OH	CZ	ok			0.2737800882320441	LYS:89	LYS	NZ	7.910028168618098	0.0	0.0	THR:14	THR	OG1	7.537297867114483	HOH:479	O	5.551567817899236	0.0	35.0	none_obvious			buried				0.0	0.0		unmodified	
P37840	9OBP	A	39	TYR_single	1	1	2.5	TYR	496		1	14-100	14-100	TYR	/mnt/c/Users/drpat/OneDrive - UGent/Desktop/PD/Phospho-fill/Validation-allPDB/pdb_cache/9obp.cif	TYR	TYR	OH	CZ	ok			-0.0442488657712118					0.0	0.0								0.0	6.0	none_obvious			intermediate				0.0	0.0		unmodified	
P01112	9P46	A	64	TYR_single	1	1	2.02	TYR	244		1	1-32,36-168	1-32,36-168	TYR	/mnt/c/Users/drpat/OneDrive - UGent/Desktop/PD/Phospho-fill/Validation-allPDB/pdb_cache/9p46.cif	TYR	TYR	OH	CZ	ok			-0.37970677791700436	HIS:95	HIS	CE1	2.9508457110760515	1.0	1.0	GLU:62	GLU	OE2	2.537822801174894	HOH:344	O	4.407472414484634	0.0	38.0	salt_bridge_like			buried				0.0	0.0		unmodified	
P21802	9U7E	B	561	TYR_single	1	1	2.2	TYR	277		6	467-582,592-655,662-763	467-582,592-655,662-763	TYR	/mnt/c/Users/drpat/OneDrive - UGent/Desktop/PD/Phospho-fill/Validation-allPDB/pdb_cache/9u7e.cif	TYR	TYR	OH	CZ	ok			-0.250728170805336	ARG:478	ARG	NH1	4.8982979432807685	0.0	1.0	ARG:478	ARG	NH1	4.8982979432807685	HOH:944	O	6.169389824604317	0.0	15.0	none_obvious			intermediate				0.0	0.0		unmodified	
Q16539	9YLH	A	182	TYR_single	1	1	2.02	TYR	559		2	5-167,178-353	5-167,178-353	TYR	/mnt/c/Users/drpat/OneDrive - UGent/Desktop/PD/Phospho-fill/Validation-allPDB/pdb_cache/9ylh.cif	TYR	TYR	OH	CZ	ok			0.06464574976787031	HIS:228	HIS	NE2	5.941484562333259	0.0	1.0	HIS:228	HIS	NE2	5.941484562333259				0.0	11.0	none_obvious			intermediate	TPO:180	TPO	14.85755498703359	0.0	0.0		unmodified	
