acc_id	pdb_id	chain_id	target_position	subset_class	n_target_sites	n_context_sites	input_resolution	expected_resname	source_row_index	master_phospho_sites	master_site_count	mapped_uniprot_range	observed_uniprot_range	target_site_residues	structure_file	actual_resname	residue_class	anchor_atom	base_atom	status	d_anchor_p	angle_base_anchor_p	torsion_CE1_CZ_OH_P	torsion_CE2_CZ_OH_P	nearest_basic_label	nearest_basic_resname	nearest_basic_atom	nearest_basic_dist	n_basic_within4	n_basic_within6	nearest_polar_label	nearest_polar_resname	nearest_polar_atom	nearest_polar_dist	nearest_water_label	nearest_water_atom	nearest_water_dist	n_water_within4	nonwater_heavy_within6	interaction_class	secondary_structure	rsa	exposure_class	nearest_other_ptm_label	nearest_other_ptm_resname	nearest_other_ptm_dist	n_other_ptm_within8	n_other_ptm_within12	other_ptm_neighbors	audit_mode	phosphate_vector_norm	phosphate_to_basic_angle_deg	phosphate_to_water_angle_deg	same_side_as_nearest_basic	orientation_toward_basic	ptr_torsion_ce1	ptr_torsion_ce2
P49841	1O9U	A	216	PTR_single	1	1	2.4	PTR	100		3	35-384	35-384	PTR	/mnt/c/Users/drpat/OneDrive - UGent/Desktop/PD/Phospho-fill/Validation-allPDB/pdb_cache/1o9u.cif	PTR	PTR	OH	CZ	ok	1.644511575444053	125.48007669279288	61.36980624747313	-119.3908980555543	ARG:220	ARG	NH2	2.5449148200502227	2.0	2.0	ARG:220	ARG	NH2	2.5449148200502227	HOH:2069	O	3.204349741942019	1.0	13.0	salt_bridge_like			intermediate				0.0	0.0		modified	1.644511575444053	57.22342031414365	20.466581082460994	same	toward	61.36980624747313	-119.3908980555543
P06239	1QPC	A	394	PTR_single	1	1	1.6	PTR	39		2	231-502	231-502	PTR	/mnt/c/Users/drpat/OneDrive - UGent/Desktop/PD/Phospho-fill/Validation-allPDB/pdb_cache/1qpc.cif	PTR	PTR	OH	CZ	ok	1.631986158397885	122.99099606618414	27.67540975065934	-152.49288685283733	ARG:363	ARG	NH2	3.289938995803796	2.0	2.0	ARG:363	ARG	NH2	3.289938995803796	HOH:1052	O	2.17340620406652	2.0	18.0	salt_bridge_like			exposed				0.0	0.0		modified	1.631986158397885	79.96687551070477	40.83822156096273	opposite	lateral	27.67540975065934	-152.49288685283733
P06239	1QPD	A	394	PTR_single	1	1	2.0	PTR	40		2	231-502	231-502	PTR	/mnt/c/Users/drpat/OneDrive - UGent/Desktop/PD/Phospho-fill/Validation-allPDB/pdb_cache/1qpd.cif	PTR	PTR	OH	CZ	ok	1.5738836051055005	134.83840327181449	-6.08260555205836	173.91031213405626	ARG:387	ARG	NE	2.9114850477228904	1.0	2.0	ARG:387	ARG	NE	2.9114850477228904	HOH:112	O	5.721846607147196	0.0	11.0	salt_bridge_like			intermediate				0.0	0.0		modified	1.5738836051055005	78.05114622985856	108.71490613688417	opposite	lateral	-6.08260555205836	173.91031213405626
P06239	1QPE	A	394	PTR_single	1	1	2.0	PTR	41		2	231-501	231-501	PTR	/mnt/c/Users/drpat/OneDrive - UGent/Desktop/PD/Phospho-fill/Validation-allPDB/pdb_cache/1qpe.cif	PTR	PTR	OH	CZ	ok	1.631986158397885	122.99099606618414	27.67540975065934	-152.49288685283733	ARG:363	ARG	NH2	3.3718864734970326	2.0	2.0	ARG:363	ARG	NH2	3.3718864734970326	HOH:2027	O	2.230727493201097	2.0	18.0	salt_bridge_like			exposed				0.0	0.0		modified	1.631986158397885	80.88239360963834	42.17245378922167	opposite	lateral	27.67540975065934	-152.49288685283733
P06239	1QPJ	A	394	PTR_single	1	1	2.2	PTR	42		2	236-501	236-501	PTR	/mnt/c/Users/drpat/OneDrive - UGent/Desktop/PD/Phospho-fill/Validation-allPDB/pdb_cache/1qpj.cif	PTR	PTR	OH	CZ	ok	1.760021787828379	130.19018383214103	179.90226295614286	-2.7330386023008297	ARG:387	ARG	NE	2.8307947100658204	1.0	2.0	ARG:387	ARG	NE	2.8307947100658204	HOH:70	O	3.808984001367018	1.0	16.0	salt_bridge_like			intermediate				0.0	0.0		modified	1.760021787828379	80.66262752844429	108.3461300443826	opposite	lateral	179.90226295614286	-2.7330386023008297
P00519	2GQG	A	393	PTR_single	1	1	2.4	PTR	24		4	229-500	229-500	PTR	/mnt/c/Users/drpat/OneDrive - UGent/Desktop/PD/Phospho-fill/Validation-allPDB/pdb_cache/2gqg.cif	PTR				missing_anchor_or_base																																					
P07949	2IVU	A	905	PTR_single	1	1	2.5	PTR	61		5	703-712,714-820,844-1012	703-712,714-820,844-1012	PTR	/mnt/c/Users/drpat/OneDrive - UGent/Desktop/PD/Phospho-fill/Validation-allPDB/pdb_cache/2ivu.cif	PTR	PTR	OH	CZ	ok	1.6323971234514365	131.6095344525071	179.6901689488885	-0.0495870531214433	ARG:897	ARG	NE	3.0216867771700877	3.0	4.0	ARG:897	ARG	NE	3.0216867771700877	HOH:2048	O	2.4620440866426523	2.0	18.0	salt_bridge_like			exposed				0.0	0.0		modified	1.6323971234514365	85.21883702425635	54.0643164538357	same	lateral	179.6901689488885	-0.0495870531214433
P07949	2IVV	A	905	PTR_single	1	1	2.25	PTR	62		5	703-711,716-820,846-1011	703-711,716-820,846-1011	PTR	/mnt/c/Users/drpat/OneDrive - UGent/Desktop/PD/Phospho-fill/Validation-allPDB/pdb_cache/2ivv.cif	PTR	PTR	OH	CZ	ok	1.6427347188172738	129.0003823415318	178.5508209485825	-0.8351787229742507	ARG:770	ARG	NH2	2.5632732276976635	3.0	4.0	ARG:770	ARG	NH2	2.5632732276976635	HOH:2080	O	2.5456521457311445	7.0	22.0	salt_bridge_like			exposed				0.0	0.0		modified	1.6427347188172738	32.37405810956928	27.216438098197298	opposite	toward	178.5508209485825	-0.8351787229742507
P06239	2OFU	A	394	PTR_single	1	1	2.0	PTR	43		2	229-501	229-501	PTR	/mnt/c/Users/drpat/OneDrive - UGent/Desktop/PD/Phospho-fill/Validation-allPDB/pdb_cache/2ofu.cif	PTR	PTR	OH	CZ	ok	1.6418294346607447	122.22467799507147	-22.02343624109056	150.54672229968205	ARG:387	ARG	NH2	2.9411400856300203	1.0	2.0	ARG:387	ARG	NH2	2.9411400856300203	HOH:783	O	2.4164949451826883	3.0	16.0	salt_bridge_like			exposed				0.0	0.0		modified	1.6418294346607447	76.3439959037984	48.05696825068645	opposite	lateral	-22.02343624109056	150.54672229968205
P00523	2PTK	A	527	PTR_single	1	1	2.35	PTR	35		2	83-299,304-407,424-528	83-299,304-407,424-528	PTR	/mnt/c/Users/drpat/OneDrive - UGent/Desktop/PD/Phospho-fill/Validation-allPDB/pdb_cache/2ptk.cif	PTR	PTR	OH	CZ	ok	1.5876999380821062	121.04335202593376	-104.95391925679762	71.74466825262715	ARG:175	ARG	NH1	2.631583867670654	2.0	3.0	THR:179	THR	OG1	2.4246771857467966	HOH:585	O	6.19832472555412	0.0	40.0	salt_bridge_like			buried				0.0	0.0		modified	1.5876999380821062	42.469831647533624	33.250763966532595	same	toward	-104.95391925679762	71.74466825262715
P29320	2QO7	A	701	PTR_single	1	1	1.605	PTR	77		1	595-600,608-766,787-893,898-904	595-600,608-766,787-893,898-904	PTR	/mnt/c/Users/drpat/OneDrive - UGent/Desktop/PD/Phospho-fill/Validation-allPDB/pdb_cache/2qo7.cif	PTR	PTR	OH	CZ	ok	1.615920926305495	124.15066340599225	-58.67091726491008	120.35506510665017	LYS:625	LYS	NZ	2.3230924838397633	1.0	1.0	LYS:625	LYS	NZ	2.3230924838397633	HOH:1218	O	2.8554930479307594	2.0	16.0	salt_bridge_like			exposed				0.0	0.0		modified	1.615920926305495	41.673817051853995	54.18086581656089	same	toward	-58.67091726491008	120.35506510665017
P29320	2QOB	A	701	PTR_single	1	1	1.65	PTR	78		1	609-771,785-892,897-906	609-771,785-892,897-906	PTR	/mnt/c/Users/drpat/OneDrive - UGent/Desktop/PD/Phospho-fill/Validation-allPDB/pdb_cache/2qob.cif	PTR	PTR	OH	CZ	ok	1.602322882898077	121.69345914609671	-86.1721950735182	92.59436167894295	LYS:625	LYS	CE	5.0522690891195925	0.0	1.0	SER:637	SER	OG	2.9955071897416676	HOH:1220	O	2.736992622275966	3.0	10.0	hbond_like			exposed				0.0	0.0		modified	1.602322882898077	41.73300989390448	68.73456470770547	same	toward	-86.1721950735182	92.59436167894295
P29320	2QON	A	701	PTR_single	1	1	1.79	PTR	79		1	595-597,608-769,786-894,898-905	595-597,608-769,786-894,898-905	PTR	/mnt/c/Users/drpat/OneDrive - UGent/Desktop/PD/Phospho-fill/Validation-allPDB/pdb_cache/2qon.cif	PTR	PTR	OH	CZ	ok	1.6175983248213996	128.2988434394237	-96.85063164513942	76.90917800140204	LYS:625	LYS	NZ	3.144941396079091	1.0	1.0	LYS:625	LYS	NZ	3.144941396079091	HOH:164	O	2.6040344900933405	6.0	12.0	salt_bridge_like			exposed				0.0	0.0		modified	1.6175983248213996	19.93742832179494	70.63577047092713	same	toward	-96.85063164513942	76.90917800140204
P29320	2QOQ	A	701	PTR_single	1	1	1.6	PTR	80		1	595-600,603-766,785-892,900-906	595-600,603-766,785-892,900-906	PTR	/mnt/c/Users/drpat/OneDrive - UGent/Desktop/PD/Phospho-fill/Validation-allPDB/pdb_cache/2qoq.cif	PTR	PTR	OH	CZ	ok	1.6183317891292823	123.01508783663732	-60.328161788328956	118.91648533861532	LYS:625	LYS	CE	3.7250896057617697	1.0	1.0	LYS:625	LYS	NZ	3.929168085660042	HOH:1147	O	2.735726495528378	3.0	14.0	water_mediated_like			exposed				0.0	0.0		modified	1.6183317891292823	55.91119550332362	58.51880391617617	same	toward	-60.328161788328956	118.91648533861532
P00519	2V7A	A	393	PTR_single	1	1	2.5	PTR	25		4	233-503	233-503	PTR	/mnt/c/Users/drpat/OneDrive - UGent/Desktop/PD/Phospho-fill/Validation-allPDB/pdb_cache/2v7a.cif	PTR	PTR	OH	CZ	ok	1.6478769188431157	128.47878994041957	-23.012481817832132	155.92613927315963	HIS:396	HIS	NE2	2.934864572103526	2.0	4.0	HIS:396	HIS	NE2	2.934864572103526	HOH:2062	O	2.9217173994826373	1.0	15.0	salt_bridge_like			intermediate				0.0	0.0		modified	1.6478769188431157	60.29648110958156	76.59192797257982	same	lateral	-23.012481817832132	155.92613927315963
Q13627	2VX3	A	321	PTR_single	1	1	2.4	PTR	138		2	135-481	135-481	PTR	/mnt/c/Users/drpat/OneDrive - UGent/Desktop/PD/Phospho-fill/Validation-allPDB/pdb_cache/2vx3.cif	PTR	PTR	OH	CZ	ok	1.6018740300689127	134.80681591472197	-59.21039763314358	114.4633308522934	ARG:325	ARG	NH2	2.9884076138269275	2.0	2.0	ARG:325	ARG	NH2	2.9884076138269275	HOH:2043	O	2.712161595450895	2.0	14.0	salt_bridge_like			exposed				0.0	0.0		modified	1.6018740300689127	14.888165806832049	41.58218943932361	same	toward	-59.21039763314358	114.4633308522934
Q13627	2WO6	A	321	PTR_single	1	1	2.5	PTR	139		2	133-408,413-481	133-408,413-481	PTR	/mnt/c/Users/drpat/OneDrive - UGent/Desktop/PD/Phospho-fill/Validation-allPDB/pdb_cache/2wo6.cif	PTR	PTR	OH	CZ	ok	1.5971091110312448	114.4343394470158	84.04573247490289	-96.818463378937	ARG:328	ARG	NH2	2.7066819896473575	2.0	2.0	ARG:328	ARG	NH2	2.7066819896473575	HOH:2061	O	5.0993612553949506	0.0	14.0	salt_bridge_like			intermediate				0.0	0.0		modified	1.5971091110312448	49.83063702292303	113.98424857387943	same	toward	84.04573247490289	-96.818463378937
P07949	2X2L	A	905	PTR_single	1	1	2.0	PTR	63		5	703-712,715-822,844-1010	703-712,715-822,844-1010	PTR	/mnt/c/Users/drpat/OneDrive - UGent/Desktop/PD/Phospho-fill/Validation-allPDB/pdb_cache/2x2l.cif	PTR	PTR	OH	CZ	ok	1.5965039023603174	128.69537571520567	5.522627248881471	-174.5122686188448	ARG:770	ARG	NH2	2.6630474091420253	3.0	4.0	ARG:770	ARG	NH2	2.6630474091420253	HOH:3028	O	4.700566576046877	0.0	21.0	salt_bridge_like			intermediate				0.0	0.0		modified	1.5965039023603174	26.13882893583152	55.7689616294358	same	toward	5.522627248881471	-174.5122686188448
P07949	2X2M	A	905	PTR_single	1	1	2.5	PTR	64		5	703-712,714-732,735-820,845-1013	703-712,714-732,735-820,845-1013	PTR	/mnt/c/Users/drpat/OneDrive - UGent/Desktop/PD/Phospho-fill/Validation-allPDB/pdb_cache/2x2m.cif	PTR	PTR	OH	CZ	ok	1.6039414554813942	126.89162439818158	-2.7247991513748167	177.29119809901914	ARG:770	ARG	NH2	2.6990782583594592	3.0	4.0	ARG:770	ARG	NH2	2.6990782583594592				0.0	21.0	salt_bridge_like			intermediate				0.0	0.0		modified	1.6039414554813942	28.82603694031891		opposite	toward	-2.7247991513748167	177.29119809901914
P06239	2ZM1	A	394	PTR_single	1	1	2.1	PTR	44		2	231-501	231-501	PTR	/mnt/c/Users/drpat/OneDrive - UGent/Desktop/PD/Phospho-fill/Validation-allPDB/pdb_cache/2zm1.cif	PTR	PTR	OH	CZ	ok	1.6113531720177858	127.64245103429121	-17.637768485912442	161.82025772729384	ARG:387	ARG	NH2	2.8571380480219837	2.0	3.0	ARG:387	ARG	NH2	2.8571380480219837	HOH:790	O	2.724866336160749	2.0	17.0	salt_bridge_like			exposed				0.0	0.0		modified	1.6113531720177858	74.82745794454655	73.30425010475295	opposite	lateral	-17.637768485912442	161.82025772729384
P27361	2ZOQ	A	204	PTR_single	1	1	2.39	PTR	75		3	24-375	24-375	PTR	/mnt/c/Users/drpat/OneDrive - UGent/Desktop/PD/Phospho-fill/Validation-allPDB/pdb_cache/2zoq.cif	PTR	PTR	OH	CZ	ok	1.535388968110256	123.32664319121758	90.10568350072441	-93.42347742926405	ARG:165	ARG	NH1	2.3764269236474207	2.0	3.0	ARG:165	ARG	NH1	2.3764269236474207	HOH:426	O	3.1915135962095222	3.0	20.0	salt_bridge_like			exposed				0.0	0.0		modified	1.535388968110256	99.79197858213084	32.16031803526071	opposite	lateral	90.10568350072441	-93.42347742926405
P06239	3AC1	A	394	PTR_single	1	1	1.99	PTR	45		2	231-502	231-502	PTR	/mnt/c/Users/drpat/OneDrive - UGent/Desktop/PD/Phospho-fill/Validation-allPDB/pdb_cache/3ac1.cif	PTR	PTR	OH	CZ	ok	1.5950789593265198	125.89606535781672	176.0119949318811	-4.29596703085205	ARG:387	ARG	NE	2.653000981807748	1.0	2.0	ARG:387	ARG	NE	2.653000981807748	HOH:201	O	2.626242890127509	1.0	16.0	salt_bridge_like			intermediate				0.0	0.0		modified	1.5950789593265198	72.25968765777237	74.14664482969897	opposite	lateral	176.0119949318811	-4.29596703085205
P06239	3AC2	A	394	PTR_single	1	1	2.1	PTR	46		2	231-502	231-502	PTR	/mnt/c/Users/drpat/OneDrive - UGent/Desktop/PD/Phospho-fill/Validation-allPDB/pdb_cache/3ac2.cif	PTR	PTR	OH	CZ	ok	1.606554761134349	129.64694744597077	-147.37293826652382	27.58618106616978	ARG:387	ARG	NH2	2.5890733404831328	2.0	2.0	ARG:387	ARG	NH2	2.5890733404831328	HOH:528	O	2.803403613046587	2.0	12.0	salt_bridge_like			exposed				0.0	0.0		modified	1.606554761134349	49.377305178087965	28.011998507187194	same	toward	-147.37293826652382	27.58618106616978
P06239	3AC5	A	394	PTR_single	1	1	2.5	PTR	47		2	231-502	231-502	PTR	/mnt/c/Users/drpat/OneDrive - UGent/Desktop/PD/Phospho-fill/Validation-allPDB/pdb_cache/3ac5.cif	PTR	PTR	OH	CZ	ok	1.6115165532771505	123.78108064743557	159.1880262805638	-19.672037185417334	ARG:387	ARG	NH2	2.9878397408936217	1.0	2.0	ARG:387	ARG	NH2	2.9878397408936217	HOH:80	O	5.0224715810233445	0.0	11.0	salt_bridge_like			intermediate				0.0	0.0		modified	1.6115165532771505	69.38299249708624	68.69720413890161	opposite	lateral	159.1880262805638	-19.672037185417334
P06239	3AC8	A	394	PTR_single	1	1	2.3	PTR	48		2	231-501	231-501	PTR	/mnt/c/Users/drpat/OneDrive - UGent/Desktop/PD/Phospho-fill/Validation-allPDB/pdb_cache/3ac8.cif	PTR	PTR	OH	CZ	ok	1.6118952166801463	122.24120667723417	172.75654108408375	-7.182359398637868	ARG:387	ARG	NE	2.7085439606226567	1.0	2.0	ARG:387	ARG	NE	2.7085439606226567	HOH:203	O	2.6173677892572704	2.0	16.0	salt_bridge_like			exposed				0.0	0.0		modified	1.6118952166801463	72.59769471774855	68.4163373432843	opposite	lateral	172.75654108408375	-7.182359398637868
P06239	3ACJ	A	394	PTR_single	1	1	2.2	PTR	49		2	231-502	231-502	PTR	/mnt/c/Users/drpat/OneDrive - UGent/Desktop/PD/Phospho-fill/Validation-allPDB/pdb_cache/3acj.cif	PTR	PTR	OH	CZ	ok	1.6134882448511747	130.0248182978143	-176.71407030670176	2.5887761452947564	ARG:387	ARG	NE	2.6695202528847664	1.0	2.0	ARG:387	ARG	NE	2.6695202528847664	HOH:178	O	2.8099253639511335	3.0	13.0	salt_bridge_like			exposed				0.0	0.0		modified	1.6134882448511747	73.76503499017093	30.49832468438256	same	lateral	-176.71407030670176	2.5887761452947564
P06239	3AD4	A	394	PTR_single	1	1	2.2	PTR	50		2	231-502	231-502	PTR	/mnt/c/Users/drpat/OneDrive - UGent/Desktop/PD/Phospho-fill/Validation-allPDB/pdb_cache/3ad4.cif	PTR	PTR	OH	CZ	ok	1.5889779451993982	129.8358810288449	174.29769471104066	-4.329754092912532	ARG:387	ARG	NH2	2.8810171124044244	1.0	2.0	ARG:387	ARG	NH2	2.8810171124044244	HOH:130	O	2.9092397439495707	2.0	16.0	salt_bridge_like			exposed				0.0	0.0		modified	1.5889779451993982	66.393629767353	76.29561810503736	opposite	lateral	174.29769471104066	-4.329754092912532
P06239	3AD5	A	394	PTR_single	1	1	2.0	PTR	51		2	230-502	230-502	PTR	/mnt/c/Users/drpat/OneDrive - UGent/Desktop/PD/Phospho-fill/Validation-allPDB/pdb_cache/3ad5.cif	PTR	PTR	OH	CZ	ok	1.6053141184247837	126.37236622686626	175.5353810829647	-4.672028056886443	ARG:387	ARG	NH2	2.604631677628535	1.0	2.0	ARG:387	ARG	NH2	2.604631677628535	HOH:219	O	2.9112992238566244	3.0	15.0	salt_bridge_like			exposed				0.0	0.0		modified	1.6053141184247837	64.23825783070315	78.2598062776699	opposite	lateral	175.5353810829647	-4.672028056886443
P06239	3AD6	A	394	PTR_single	1	1	2.15	PTR	52		2	230-502	230-502	PTR	/mnt/c/Users/drpat/OneDrive - UGent/Desktop/PD/Phospho-fill/Validation-allPDB/pdb_cache/3ad6.cif	PTR	PTR	OH	CZ	ok	1.607926505841113	128.3671958038739	-154.54125557012568	21.283953295380332	ARG:387	ARG	NH2	2.5150982464630975	2.0	2.0	ARG:387	ARG	NH2	2.5150982464630975	HOH:62	O	3.4828513432976296	1.0	13.0	salt_bridge_like			intermediate				0.0	0.0		modified	1.607926505841113	55.215443864656045	92.4935459571611	same	toward	-154.54125557012568	21.283953295380332
P06239	3BYM	A	394	PTR_single	1	1	2.0	PTR	53		2	230-501	230-501	PTR	/mnt/c/Users/drpat/OneDrive - UGent/Desktop/PD/Phospho-fill/Validation-allPDB/pdb_cache/3bym.cif	PTR	PTR	OH	CZ	ok	1.6235353310495746	121.42944559420799	178.8405165203873	0.0941282649345107	ARG:387	ARG	NH2	2.9567583213801334	1.0	2.0	ARG:387	ARG	NH2	2.9567583213801334	HOH:666	O	2.5895873222419663	3.0	12.0	salt_bridge_like			exposed				0.0	0.0		modified	1.6235353310495746	74.76445267288683	73.22645234592447	same	lateral	178.8405165203873	0.0941282649345107
P06239	3BYO	A	394	PTR_single	1	1	2.0	PTR	54		2	231-501	231-501	PTR	/mnt/c/Users/drpat/OneDrive - UGent/Desktop/PD/Phospho-fill/Validation-allPDB/pdb_cache/3byo.cif	PTR	PTR	OH	CZ	ok	1.624585306226287	121.93677991119529	3.644485140527819	-172.00154875650313	ARG:387	ARG	NH2	2.4275475965184956	1.0	2.0	ARG:387	ARG	NH2	2.4275475965184956	HOH:607	O	6.08819610242773	0.0	11.0	salt_bridge_like			intermediate				0.0	0.0		modified	1.624585306226287	62.84552212331579	106.26131465626605	same	lateral	3.644485140527819	-172.00154875650313
P07332	3CD3	A	713	PTR_single	1	1	1.98	PTR	60		1	448-485,489-495,501-506,511-515,520-537,541-593,598-821	448-485,489-495,501-506,511-515,520-537,541-593,598-821	PTR	/mnt/c/Users/drpat/OneDrive - UGent/Desktop/PD/Phospho-fill/Validation-allPDB/pdb_cache/3cd3.cif	PTR	PTR	OH	CZ	ok	1.5995887971350162	128.3007848826449	-22.610735081807615	156.44262214063235	ARG:706	ARG	NH2	2.7235961831499993	2.0	3.0	ARG:706	ARG	NH2	2.7235961831499993	HOH:317	O	2.97055883819714	1.0	22.0	salt_bridge_like			intermediate				0.0	0.0		modified	1.5995887971350162	54.6560697930002	45.34632115185831	same	toward	-22.610735081807615	156.44262214063235
P00520	3DK6	A	393	PTR_single	1	1	2.02	PTR	33		1	233-248,251-273,279-502	233-248,251-273,279-502	PTR	/mnt/c/Users/drpat/OneDrive - UGent/Desktop/PD/Phospho-fill/Validation-allPDB/pdb_cache/3dk6.cif	PTR	PTR	OH	CZ	ok	1.6162270011881934	127.0526480395106	-32.37802474809673	145.80098911361117	ARG:362	ARG	NH1	2.6436172705820775	2.0	2.0	ARG:362	ARG	NH1	2.6436172705820775	HOH:555	O	2.646010951912803	2.0	19.0	salt_bridge_like			exposed				0.0	0.0		modified	1.6162270011881934	62.85215788558351	41.933872594571675	same	lateral	-32.37802474809673	145.80098911361117
P00520	3DK7	B	393	PTR_single	1	1	2.01	PTR	34		1	233-273,278-505	233-273,278-505	PTR	/mnt/c/Users/drpat/OneDrive - UGent/Desktop/PD/Phospho-fill/Validation-allPDB/pdb_cache/3dk7.cif	PTR	PTR	OH	CZ	ok	1.6098229063841618	125.14894379246206	-86.92153040769988	90.57362018905164	ARG:362	ARG	NH1	2.721800978618727	1.0	2.0	SER:385	SER	OG	2.685737487129776	HOH:710	O	3.6397487309464056	1.0	16.0	salt_bridge_like			intermediate				0.0	0.0		modified	1.6098229063841618	66.42411058769518	124.74977674632217	same	lateral	-86.92153040769988	90.57362018905164
P00523	3DQW	A	416	PTR_single	1	1	2.017	PTR	36		2	255-533	255-533	PTR	/mnt/c/Users/drpat/OneDrive - UGent/Desktop/PD/Phospho-fill/Validation-allPDB/pdb_cache/3dqw.cif	PTR	PTR	OH	CZ	ok	1.6171269371908064	124.74086592866963	174.7454053773346	-5.1660519888669825	ARG:385	ARG	NH1	2.7191929865236197	2.0	3.0	ARG:385	ARG	NH1	2.7191929865236197	HOH:539	O	2.477483201731788	2.0	23.0	salt_bridge_like			exposed				0.0	0.0		modified	1.6171269371908064	63.84769524583611	30.11659534578769	same	lateral	174.7454053773346	-5.1660519888669825
P49841	3F7Z	A	216	PTR_single	1	1	2.4	PTR	101		3	35-121,125-287,295-383	35-121,125-287,295-383	PTR	/mnt/c/Users/drpat/OneDrive - UGent/Desktop/PD/Phospho-fill/Validation-allPDB/pdb_cache/3f7z.cif	PTR	PTR	OH	CZ	ok	1.6100189636916822	123.13886709685458	96.43049469681209	-82.58175328511189	ARG:223	ARG	NH1	2.803540907478223	2.0	2.0	ARG:223	ARG	NH1	2.803540907478223	HOH:435	O	3.3654400985334645	1.0	16.0	salt_bridge_like			intermediate				0.0	0.0		modified	1.6100189636916822	52.531747771635324	75.59799871663083	same	toward	96.43049469681209	-82.58175328511189
P49841	3GB2	A	216	PTR_single	1	1	2.4	PTR	102		3	35-119,125-286,290-383	35-119,125-286,290-383	PTR	/mnt/c/Users/drpat/OneDrive - UGent/Desktop/PD/Phospho-fill/Validation-allPDB/pdb_cache/3gb2.cif	PTR	PTR	OH	CZ	ok	1.6194334616737787	123.46993588004152	101.6148001164247	-76.9745804389488	ARG:223	ARG	NH1	2.3552605583190203	2.0	2.0	ARG:223	ARG	NH1	2.3552605583190203	HOH:1093	O	4.46650087342182	0.0	19.0	salt_bridge_like			intermediate				0.0	0.0		modified	1.6194334616737787	55.85270181174364	86.68952120362225	same	toward	101.6148001164247	-76.9745804389488
P29322	3KUL	B	793	PTR_single	1	1	2.15	PTR	81		1	627-795,797-899	627-795,797-899	PTR	/mnt/c/Users/drpat/OneDrive - UGent/Desktop/PD/Phospho-fill/Validation-allPDB/pdb_cache/3kul.cif	PTR	PTR	OH	CZ	ok	1.6119452847031128	128.77599126706647	151.39586411618927	-26.34246455433621	ARG:783	ARG	NE	3.267756955783774	1.0	2.0	ARG:783	ARG	NE	3.267756955783774				0.0	15.0	salt_bridge_like			intermediate				0.0	0.0		modified	1.6119452847031128	91.38834356967776		opposite	lateral	151.39586411618927	-26.34246455433621
P06239	3KXZ	A	394	PTR_single	1	1	2.37	PTR	55		2	238-501	238-501	PTR	/mnt/c/Users/drpat/OneDrive - UGent/Desktop/PD/Phospho-fill/Validation-allPDB/pdb_cache/3kxz.cif	PTR	PTR	OH	CZ	ok	1.62042434858463	128.4884350560106	19.26705698249112	-159.6453241649251	ARG:387	ARG	NH2	3.0304304931874473	2.0	3.0	ARG:387	ARG	NH2	3.0304304931874473	HOH:64	O	4.392640163918637	0.0	20.0	salt_bridge_like			intermediate				0.0	0.0		modified	1.62042434858463	67.27134391762691	114.26703426149551	opposite	lateral	19.26705698249112	-159.6453241649251
P06786	3L4J	A	782	PTR_single	1	1	2.48	PTR	59		1	421-1070,1107-1177	421-1070,1107-1177	PTR	/mnt/c/Users/drpat/OneDrive - UGent/Desktop/PD/Phospho-fill/Validation-allPDB/pdb_cache/3l4j.cif	PTR	PTR	OH	CZ	ok	1.617010129592105	129.6888115153033	-25.592575499117263	152.45210387655882	ARG:781	ARG	NH1	2.857989533985265	1.0	1.0	TYR:782	TYR	OH	1.1301972747376823				0.0	13.0	salt_bridge_like			intermediate				0.0	0.0		modified	1.617010129592105	87.87404724648778		opposite	lateral	-25.592575499117263	152.45210387655882
P06239	3LCK	A	394	PTR_single	1	1	1.7	PTR	56		2	231-501	231-501	PTR	/mnt/c/Users/drpat/OneDrive - UGent/Desktop/PD/Phospho-fill/Validation-allPDB/pdb_cache/3lck.cif	PTR	PTR	OH	CZ	ok	1.604024044725688	155.04863610505058	139.8222912599561	-39.99161357441413	ARG:387	ARG	NH2	2.9274626888847584	1.0	2.0	ARG:387	ARG	NH2	2.9274626888847584	HOH:1195	O	2.543588920894282	4.0	15.0	salt_bridge_like			exposed				0.0	0.0		modified	1.604024044725688	78.60206657354559	90.62974965317446	opposite	lateral	139.8222912599561	-39.99161357441413
P29597	3LXN	A	1054	PTR_single	1	1	2.5	PTR	82		2	888-1057,1061-1178	888-1057,1061-1178	PTR	/mnt/c/Users/drpat/OneDrive - UGent/Desktop/PD/Phospho-fill/Validation-allPDB/pdb_cache/3lxn.cif	PTR	PTR	OH	CZ	ok	1.6199386438399426	125.96956572102525	-92.08517039413539	89.28913180382116	HIS:1052	HIS	ND1	3.214719082206397	1.0	1.0	HIS:1052	HIS	ND1	3.214719082206397	HOH:26	O	3.209634901817625	1.0	7.0	salt_bridge_like			intermediate				0.0	0.0		modified	1.6199386438399426	38.027193532515945	68.95808792323	same	toward	-92.08517039413539	89.28913180382116
P29597	3LXP	A	1054	PTR_single	1	1	1.65	PTR	83		2	888-920,923-1057,1061-1178	888-920,923-1057,1061-1178	PTR	/mnt/c/Users/drpat/OneDrive - UGent/Desktop/PD/Phospho-fill/Validation-allPDB/pdb_cache/3lxp.cif	PTR	PTR	OH	CZ	ok	1.6253727582321766	130.06396876477334	-126.93287449674739	49.35300340666859	HIS:1052	HIS	ND1	2.241424440501298	2.0	3.0	HIS:1052	HIS	ND1	2.241424440501298	HOH:108	O	3.365118799039392	2.0	11.0	salt_bridge_like			exposed				0.0	0.0		modified	1.6253727582321766	45.20158639750134	65.36259650693248	same	toward	-126.93287449674739	49.35300340666859
Q16539	3NNX	A	182	PTR_single	1	1	2.28	PTR	195		2	5-117,122-174,182-352	5-117,122-174,182-352	PTR	/mnt/c/Users/drpat/OneDrive - UGent/Desktop/PD/Phospho-fill/Validation-allPDB/pdb_cache/3nnx.cif	PTR	PTR	OH	CZ	ok	1.640636353088909	132.54172721724726	-29.98261167747118	148.32827885705896	ARG:173	ARG	NE	3.0393531901795723	2.0	3.0	ARG:173	ARG	NE	3.0393531901795723	HOH:440	O	4.0196872623440525	0.0	23.0	salt_bridge_like			intermediate				0.0	0.0		modified	1.640636353088909	52.635064290248614	114.79680680862852	same	toward	-29.98261167747118	148.32827885705896
Q92731	3OLL	A	488	PTR_single	1	1	1.5	PTR	205		1	262-417,420-498	262-417,420-498	PTR	/mnt/c/Users/drpat/OneDrive - UGent/Desktop/PD/Phospho-fill/Validation-allPDB/pdb_cache/3oll.cif	PTR	PTR	OH	CZ	ok	1.622299428290276	127.21486434634934	-25.832863759640585	154.9568978138039					0.0	0.0					HOH:591	O	2.779726808355388	1.0	4.0	water_mediated_like			intermediate				0.0	0.0		modified	1.622299428290276		76.21249375255394			-25.832863759640585	154.9568978138039
P06612	3PX7	A	319	PTR_single	1	1	2.3	PTR	58		1	2-38,62-356,365-441,448-590	2-38,62-356,365-441,448-590	PTR	/mnt/c/Users/drpat/OneDrive - UGent/Desktop/PD/Phospho-fill/Validation-allPDB/pdb_cache/3px7.cif	PTR	PTR	OH	CZ	ok	1.611062428090254	119.98720574482131	11.79679220147375	-168.183791572055	ARG:321	ARG	NH1	2.614460970230884	1.0	2.0	ARG:321	ARG	NH1	2.614460970230884				0.0	12.0	salt_bridge_like			intermediate				0.0	0.0		modified	1.611062428090254	80.29407324527898		same	lateral	11.79679220147375	-168.183791572055
P49841	3SAY	A	216	PTR_single	1	1	2.231	PTR	103		3	35-288,291-384	35-288,291-384	PTR	/mnt/c/Users/drpat/OneDrive - UGent/Desktop/PD/Phospho-fill/Validation-allPDB/pdb_cache/3say.cif	PTR	PTR	OH	CZ	ok	1.6262896351329414	124.71206663106145	104.62782057585301	-73.67674878704103	ARG:220	ARG	NH1	2.6412557988780323	2.0	2.0	ARG:220	ARG	NH1	2.6412557988780323	HOH:507	O	2.5306304518253717	2.0	14.0	salt_bridge_like			exposed				0.0	0.0		modified	1.6262896351329414	34.277267461227844	72.8500285918984	same	toward	104.62782057585301	-73.67674878704103
P43405	3SRV	A	525	PTR_single	1	1	1.95	PTR	93		3	364-378,381-405,412-634	364-378,381-405,412-634	PTR	/mnt/c/Users/drpat/OneDrive - UGent/Desktop/PD/Phospho-fill/Validation-allPDB/pdb_cache/3srv.cif	PTR	PTR	OH	CZ	ok	1.615795166353095	123.34183309491316	-36.08278431567465	143.1688523291138	LYS:548	LYS	CE	3.164423943524674	1.0	1.0	LYS:548	LYS	NZ	3.3187603833104187	HOH:234	O	4.295872078349187	0.0	4.0	salt_bridge_like			intermediate				0.0	0.0		modified	1.615795166353095	81.21869190572014	121.79201536962644	same	lateral	-36.08278431567465	143.1688523291138
P54760	3ZEW	A	774	PTR_single	1	1	2.5	PTR	122		1	609-649,654-765,769-777,781-888	609-649,654-765,769-777,781-888	PTR	/mnt/c/Users/drpat/OneDrive - UGent/Desktop/PD/Phospho-fill/Validation-allPDB/pdb_cache/3zew.cif	PTR	PTR	OH	CZ	ok	1.5663932305266834	127.45511284315901	-160.38522061057546	16.72688203532429	ARG:739	ARG	NH2	3.4085369680759547	2.0	2.0	SER:777	SER	OG	2.9918214492953337				0.0	20.0	salt_bridge_like			intermediate				0.0	0.0		modified	1.5663932305266834	69.13377188282114		opposite	lateral	-160.38522061057546	16.72688203532429
Q13191	3ZNI	A	363	PTR_single	1	1	2.21	PTR	131		1	38-427	38-427	PTR	/mnt/c/Users/drpat/OneDrive - UGent/Desktop/PD/Phospho-fill/Validation-allPDB/pdb_cache/3zni.cif	PTR	PTR	OH	CZ	ok	1.610199914897228	124.49871852810458	159.1122325556541	-20.102508863566452	LYS:381	LYS	NZ	2.683254750062911	2.0	2.0	LYS:381	LYS	NZ	2.683254750062911	HOH:2105	O	2.91877707881622	2.0	15.0	salt_bridge_like			exposed				0.0	0.0		modified	1.610199914897228	58.662496649016674	20.86992152172333	same	toward	159.1122325556541	-20.102508863566452
P49841	3ZRK	B	216	PTR_single	1	1	2.37	PTR	104		3	36-384	36-384	PTR	/mnt/c/Users/drpat/OneDrive - UGent/Desktop/PD/Phospho-fill/Validation-allPDB/pdb_cache/3zrk.cif	PTR	PTR	OH	CZ	ok	1.627421851038688	126.26213443297776	118.00028993372703	-59.83904561882261	ARG:223	ARG	NH2	2.75647130882437	2.0	2.0	ARG:223	ARG	NH2	2.75647130882437	HOH:2050	O	2.6306075844935597	2.0	16.0	salt_bridge_like			exposed				0.0	0.0		modified	1.627421851038688	59.93620863836576	39.553575698433946	same	toward	118.00028993372703	-59.83904561882261
P49841	3ZRL	B	216	PTR_single	1	1	2.48	PTR	105		3	36-384	36-384	PTR	/mnt/c/Users/drpat/OneDrive - UGent/Desktop/PD/Phospho-fill/Validation-allPDB/pdb_cache/3zrl.cif	PTR	PTR	OH	CZ	ok	1.6322486751228569	126.27128978797946	128.93452758100747	-49.42957669576654	ARG:223	ARG	NH2	2.736124564833686	2.0	2.0	ARG:223	ARG	NH2	2.736124564833686	HOH:2046	O	2.8234659929569883	2.0	16.0	salt_bridge_like			exposed				0.0	0.0		modified	1.6322486751228569	62.330616722346114	62.50266746887472	same	lateral	128.93452758100747	-49.42957669576654
P49841	3ZRM	B	216	PTR_single	1	1	2.49	PTR	106		3	36-384	36-384	PTR	/mnt/c/Users/drpat/OneDrive - UGent/Desktop/PD/Phospho-fill/Validation-allPDB/pdb_cache/3zrm.cif	PTR	PTR	OH	CZ	ok	1.6266336393634462	125.85930264756406	131.781142771805	-47.24458942399343	ARG:223	ARG	NH2	2.6569363509032176	2.0	2.0	ARG:223	ARG	NH2	2.6569363509032176	HOH:2041	O	2.8099867775008955	2.0	15.0	salt_bridge_like			exposed				0.0	0.0		modified	1.6266336393634462	62.72714833050546	64.15400260582975	same	lateral	131.781142771805	-47.24458942399343
P22681	4A49	A	371	PTR_single	1	1	2.214	PTR	72		1	359-435	359-435	PTR	/mnt/c/Users/drpat/OneDrive - UGent/Desktop/PD/Phospho-fill/Validation-allPDB/pdb_cache/4a49.cif	PTR	PTR	OH	CZ	ok	1.6092553326847356	128.24612921895914	150.94488585327355	-26.961743378292454	LYS:389	LYS	NZ	2.751506675529258	2.0	2.0	LYS:389	LYS	NZ	2.751506675529258	HOH:2006	O	2.818416591619051	4.0	16.0	salt_bridge_like			exposed				0.0	0.0		modified	1.6092553326847356	51.609376113497035	62.451183440745105	same	toward	150.94488585327355	-26.961743378292454
P49841	4AFJ	B	216	PTR_single	1	1	1.98	PTR	107		3	34-89,94-384	34-89,94-384	PTR	/mnt/c/Users/drpat/OneDrive - UGent/Desktop/PD/Phospho-fill/Validation-allPDB/pdb_cache/4afj.cif	PTR	PTR	OH	CZ	ok	1.5447208931696266	122.80479140010625	104.49645718233927	-70.20895530787244	ARG:223	ARG	NH2	2.686555321858533	2.0	2.0	ARG:223	ARG	NH2	2.686555321858533	HOH:2079	O	2.69820185246858	3.0	15.0	salt_bridge_like			exposed				0.0	0.0		modified	1.5447208931696266	55.12357403762405	30.533272223174485	same	toward	104.49645718233927	-70.20895530787244
P07949	4CKJ	A	905	PTR_single	1	1	1.65	PTR	65		5	705-822,844-1013	705-822,844-1013	PTR	/mnt/c/Users/drpat/OneDrive - UGent/Desktop/PD/Phospho-fill/Validation-allPDB/pdb_cache/4ckj.cif	PTR	PTR	OH	CZ	ok	1.6331406849813364	126.13069325682181	4.47539419142408	-176.078866782608	ARG:770	ARG	NH2	2.708344745221086	3.0	4.0	ARG:770	ARG	NH2	2.708344745221086	HOH:3040	O	2.423255999520803	4.0	23.0	salt_bridge_like			exposed				0.0	0.0		modified	1.6331406849813364	30.533988659337016	38.59104214982708	same	toward	4.47539419142408	-176.078866782608
Q7CWV1	4DWP	A	405	PTR_single	1	1	2.35	PTR	200		1	103-421	103-421	PTR	/mnt/c/Users/drpat/OneDrive - UGent/Desktop/PD/Phospho-fill/Validation-allPDB/pdb_cache/4dwp.cif	PTR	PTR	OH	CZ	ok	1.6188553322908241	125.9227651486955	-179.6216770310205	0.6797047600923573	HIS:394	HIS	NE2	2.69662155282709	3.0	4.0	TYR:363	TYR	OH	2.4340952002875067	HOH:546	O	3.694143205198923	2.0	26.0	salt_bridge_like			exposed				0.0	0.0		modified	1.6188553322908241	57.49363863094243	5.846254113486269	same	toward	-179.6216770310205	0.6797047600923573
Q7CWV1	4E0P	A	405	PTR_single	1	1	2.2	PTR	201		1	103-420	103-420	PTR	/mnt/c/Users/drpat/OneDrive - UGent/Desktop/PD/Phospho-fill/Validation-allPDB/pdb_cache/4e0p.cif	PTR	PTR	OH	CZ	ok	1.5991733960413612	126.35890367815081	-178.25603832947982	2.6210300217575657	HIS:394	HIS	NE2	2.681630818007572	4.0	4.0	TYR:363	TYR	OH	2.604178418430242	HOH:944	O	3.663511502275478	1.0	28.0	salt_bridge_like			buried				0.0	0.0		modified	1.5991733960413612	52.6067720404722	66.42408363326558	same	toward	-178.25603832947982	2.6210300217575657
Q7CWV1	4E0Y	A	405	PTR_single	1	1	2.4	PTR	202		1	103-420	103-420	PTR	/mnt/c/Users/drpat/OneDrive - UGent/Desktop/PD/Phospho-fill/Validation-allPDB/pdb_cache/4e0y.cif	PTR	PTR	OH	CZ	ok	1.6132609014866126	125.90589602330941	-122.27488223083014	55.151060890765095	HIS:394	HIS	NE2	2.4161934167022308	4.0	4.0	HIS:394	HIS	NE2	2.4161934167022308	HOH:528	O	3.6995524262655195	1.0	30.0	salt_bridge_like			buried				0.0	0.0		modified	1.6132609014866126	51.72327580161652	76.55231452629809	same	toward	-122.27488223083014	55.151060890765095
Q7CWV1	4E0Z	A	405	PTR_single	1	1	2.42	PTR	203		1	103-421	103-421	PTR	/mnt/c/Users/drpat/OneDrive - UGent/Desktop/PD/Phospho-fill/Validation-allPDB/pdb_cache/4e0z.cif	PTR	PTR	OH	CZ	ok	1.627551626061996	128.35574030516534	-6.541221473397838	172.62011210714795	HIS:394	HIS	NE2	2.7777833645883585	4.0	4.0	TYR:363	TYR	OH	2.6266643313729645	HOH:643	O	5.43758880530036	0.0	25.0	salt_bridge_like			buried				0.0	0.0		modified	1.627551626061996	56.61918250168818	32.681104497771535	opposite	toward	-6.541221473397838	172.62011210714795
Q07912	4EWH	B	284	PTR_single	1	1	2.5	PTR	130		1	117-391	117-390	PTR	/mnt/c/Users/drpat/OneDrive - UGent/Desktop/PD/Phospho-fill/Validation-allPDB/pdb_cache/4ewh.cif	PTR	PTR	OH	CZ	ok	1.6929256563577129	135.35324247759985	-37.614204563552896	139.57882014908208	ARG:251	ARG	NH2	2.5345664123168947	4.0	5.0	ARG:251	ARG	NH2	2.5345664123168947				0.0	36.0	salt_bridge_like			buried				0.0	0.0		modified	1.6929256563577129	54.71557945150874		same	toward	-37.614204563552896	139.57882014908208
Q13523	4IAN	A	849	PTR_single	1	1	2.44	PTR	132		1	676-935,940-960,965-1005	676-935,940-960,965-1005	PTR	/mnt/c/Users/drpat/OneDrive - UGent/Desktop/PD/Phospho-fill/Validation-allPDB/pdb_cache/4ian.cif	PTR	PTR	OH	CZ	ok	1.5445928482608458	125.1590963650164	83.72086703080991	-93.85440880093397	HIS:922	HIS	CE1	7.315069502004313	0.0	0.0	GLN:921	GLN	OE1	4.098687821866256	HOH:1206	O	4.359796795111714	0.0	4.0	none_obvious			intermediate				0.0	0.0		modified	1.5445928482608458	115.07730247280467	95.79529957688955	opposite	lateral	83.72086703080991	-93.85440880093397
Q13523	4IFC	B	849	PTR_single	1	1	2.13	PTR	133		1	670-695,697-935,939-960,963-1005	670-695,697-935,939-960,963-1005	PTR	/mnt/c/Users/drpat/OneDrive - UGent/Desktop/PD/Phospho-fill/Validation-allPDB/pdb_cache/4ifc.cif	PTR	PTR	OH	CZ	ok	1.5509173949436943	119.03239981632025	-25.395756517809893	152.5844985841743	HIS:922	HIS	NE2	7.546735949741348	0.0	0.0	GLN:921	GLN	OE1	4.425394185751386	HOH:1329	O	2.8368507914204097	3.0	4.0	water_mediated_like			exposed				0.0	0.0		modified	1.5509173949436943	93.23793272302416	76.21058805080321	same	lateral	-25.395756517809893	152.5844985841743
Q13523	4IIR	B	849	PTR_single	1	1	2.0	PTR	134		1	670-695,699-935,939-960,963-1005	670-695,699-935,939-960,963-1005	PTR	/mnt/c/Users/drpat/OneDrive - UGent/Desktop/PD/Phospho-fill/Validation-allPDB/pdb_cache/4iir.cif	PTR	PTR	OH	CZ	ok	1.5374587072906942	119.09268524124579	-27.999845778697026	149.65821127455328	HIS:922	HIS	CE1	6.963054774945427	0.0	0.0	GLN:921	GLN	OE1	3.998573536147285	HOH:1378	O	2.9990319828646443	2.0	6.0	water_mediated_like			exposed				0.0	0.0		modified	1.5374587072906942	88.61782810041025	80.40927987753818	same	lateral	-27.999845778697026	149.65821127455328
Q13523	4IJP	B	849	PTR_single	1	1	2.25	PTR	135		1	668-935,940-1005	668-935,940-1005	PTR	/mnt/c/Users/drpat/OneDrive - UGent/Desktop/PD/Phospho-fill/Validation-allPDB/pdb_cache/4ijp.cif	PTR	PTR	OH	CZ	ok	1.5480111493419648	119.72844253334124	-20.84595384763114	157.16410840416523	HIS:922	HIS	NE2	6.931012965504934	0.0	0.0	GLN:921	GLN	NE2	3.9204214589830357	HOH:1273	O	2.7273150592093933	2.0	7.0	water_mediated_like			exposed				0.0	0.0		modified	1.5480111493419648	81.99467551644629	51.252437793852486	same	lateral	-20.84595384763114	157.16410840416523
P49841	4J71	A	216	PTR_single	1	1	2.31	PTR	108		3	36-383	36-383	PTR	/mnt/c/Users/drpat/OneDrive - UGent/Desktop/PD/Phospho-fill/Validation-allPDB/pdb_cache/4j71.cif	PTR	PTR	OH	CZ	ok	1.6130643463668393	123.20564009245817	90.90772198841431	-88.8244779756273	ARG:220	ARG	NH2	2.753567443893655	2.0	2.0	ARG:220	ARG	NH2	2.753567443893655	HOH:633	O	2.672243541967414	2.0	18.0	salt_bridge_like			exposed				0.0	0.0		modified	1.6130643463668393	42.769660265892014	27.417983765161246	same	toward	90.90772198841431	-88.8244779756273
Q13627	4MQ1	A	321	PTR_single	1	1	2.35	PTR	140		2	135-480	135-480	PTR	/mnt/c/Users/drpat/OneDrive - UGent/Desktop/PD/Phospho-fill/Validation-allPDB/pdb_cache/4mq1.cif	PTR	PTR	OH	CZ	ok	1.5568829210555	125.38650372398213	-71.1640214621997	103.47668773827789	ARG:325	ARG	NH2	2.5785182528619206	2.0	2.0	ARG:325	ARG	NH2	2.5785182528619206	HOH:664	O	2.7484393701259084	1.0	15.0	salt_bridge_like			intermediate				0.0	0.0		modified	1.5568829210555	26.20189547473008	34.6293573756889	same	toward	-71.1640214621997	103.47668773827789
P29597	4PY1	A	1054	PTR_single	1	1	2.16	PTR	84		2	889-1178	889-1178	PTR	/mnt/c/Users/drpat/OneDrive - UGent/Desktop/PD/Phospho-fill/Validation-allPDB/pdb_cache/4py1.cif	PTR	PTR	OH	CZ	ok	1.5565720021463343	115.4485491967043	-94.15989323465992	83.49303615779145	ARG:1056	ARG	NH2	2.8135631467996705	2.0	3.0	ARG:1056	ARG	NH2	2.8135631467996705	HOH:1347	O	2.7440908577711416	1.0	14.0	salt_bridge_like			intermediate				0.0	0.0		modified	1.5565720021463343	52.673665756252156	65.00642214233226	same	toward	-94.15989323465992	83.49303615779145
O15151	4RXZ	A	99	PTR_single	1	1	1.55	PTR	2		2	25-108	25-108	PTR	/mnt/c/Users/drpat/OneDrive - UGent/Desktop/PD/Phospho-fill/Validation-allPDB/pdb_cache/4rxz.cif	PTR	PTR	OH	CZ	ok	1.6308311882506052	121.30876916648032	-107.3331172584344	72.89150707583048					0.0	0.0	ASP:94	ASP	OD1	7.388918439734344	HOH:240	O	4.388957132353728	0.0	1.0	none_obvious			intermediate				0.0	0.0		modified	1.6308311882506052		68.61477058677065			-107.3331172584344	72.89150707583048
P29317	4TRL	A	772	PTR_single	1	1	2.452	PTR	76		1	599-634,640-649,651-653,655-765,767-875	599-634,640-649,651-653,655-765,767-875	PTR	/mnt/c/Users/drpat/OneDrive - UGent/Desktop/PD/Phospho-fill/Validation-allPDB/pdb_cache/4trl.cif	PTR	PTR	OH	CZ	ok	1.6192110109806526	130.1670151297992	27.183916443277308	-150.98472740781827	ARG:762	ARG	NH2	3.6266379248366376	2.0	2.0	THR:774	THR	OG1	2.998917079263101	HOH:902	O	2.824146597473439	1.0	23.0	hbond_like			intermediate				0.0	0.0		modified	1.6192110109806526	71.62963802320003	39.0389054472792	opposite	lateral	27.183916443277308	-150.98472740781827
Q13627	4YLK	A	321	PTR_single	1	1	1.4	PTR	141		2	134-407,414-481	134-407,414-481	PTR	/mnt/c/Users/drpat/OneDrive - UGent/Desktop/PD/Phospho-fill/Validation-allPDB/pdb_cache/4ylk.cif	PTR	PTR	OH	CZ	ok	1.6284372211241154	123.1111081257099	76.36650678643474	-97.4126909205534	LYS:390	LYS	NZ	4.93016169208677	0.0	1.0	GLN:320	GLN	OE1	2.3002799667797422	HOH:601	O	2.303456873615245	3.0	5.0	hbond_like			exposed				0.0	0.0		modified	1.6284372211241154	73.63746123306547	73.89370600719177	same	lateral	76.36650678643474	-97.4126909205534
Q13627	4YLL	A	321	PTR_single	1	1	1.4	PTR	142		2	134-407,414-481	134-407,414-481	PTR	/mnt/c/Users/drpat/OneDrive - UGent/Desktop/PD/Phospho-fill/Validation-allPDB/pdb_cache/4yll.cif	PTR	PTR	OH	CZ	ok	1.63270719892589	123.40325175711678	73.79683847479868	-102.6399583876574	LYS:390	LYS	NZ	4.809142903940793	0.0	1.0	GLN:320	GLN	OE1	2.57993341033164	HOH:602	O	2.332178658788691	5.0	5.0	hbond_like			exposed				0.0	0.0		modified	1.63270719892589	71.94659148615976	71.77212637075485	same	lateral	73.79683847479868	-102.6399583876574
Q13627	5A3X	A	321	PTR_single	1	1	2.26	PTR	143		2	134-408,414-481	134-408,414-481	PTR	/mnt/c/Users/drpat/OneDrive - UGent/Desktop/PD/Phospho-fill/Validation-allPDB/pdb_cache/5a3x.cif	PTR	PTR	OH	CZ	ok	1.6076414513655701	126.59056611993532	-76.44421121537135	101.25827797943091	ARG:325	ARG	NH2	2.7456244852539595	2.0	2.0	ARG:325	ARG	NH2	2.7456244852539595	HOH:2050	O	2.552934179056089	2.0	15.0	salt_bridge_like			exposed				0.0	0.0		modified	1.6076414513655701	25.021848814817314	31.28378857308774	same	toward	-76.44421121537135	101.25827797943091
Q13627	5A4Q	A	321	PTR_single	1	1	2.37	PTR	144		2	134-408,414-480	134-408,414-480	PTR	/mnt/c/Users/drpat/OneDrive - UGent/Desktop/PD/Phospho-fill/Validation-allPDB/pdb_cache/5a4q.cif	PTR	PTR	OH	CZ	ok	1.6139181656448442	127.68492320068303	-82.55977487853495	97.56642338746093	ARG:328	ARG	NH2	2.746554983591971	2.0	2.0	ARG:328	ARG	NH2	2.746554983591971	HOH:2062	O	2.5577032860413946	2.0	16.0	salt_bridge_like			exposed				0.0	0.0		modified	1.6139181656448442	56.03021778422003	25.780811117688426	same	toward	-82.55977487853495	97.56642338746093
Q13627	5A4T	A	321	PTR_single	1	1	2.15	PTR	145		2	134-408,414-480	134-408,414-480	PTR	/mnt/c/Users/drpat/OneDrive - UGent/Desktop/PD/Phospho-fill/Validation-allPDB/pdb_cache/5a4t.cif	PTR	PTR	OH	CZ	ok	1.6086990630324989	123.61484389592682	-102.60825806020306	75.20655670832507	ARG:328	ARG	NH2	2.7008663737303404	2.0	2.0	ARG:328	ARG	NH2	2.7008663737303404	HOH:2070	O	2.8814714844711404	2.0	16.0	salt_bridge_like			exposed				0.0	0.0		modified	1.6086990630324989	50.44371835948838	88.83983998016438	same	toward	-102.60825806020306	75.20655670832507
P9WG47	5BS8	A	129	PTR_single	1	1	2.399	PTR	125		1	15-500	15-500	PTR	/mnt/c/Users/drpat/OneDrive - UGent/Desktop/PD/Phospho-fill/Validation-allPDB/pdb_cache/5bs8.cif	PTR	PTR	OH	CZ	ok	1.5949985650275273	117.49213975662259	-133.24119217459338	47.263322094546005	ARG:128	ARG	NH1	5.006509358337337	0.0	1.0	ARG:128	ARG	NH1	5.006509358337337	HOH:604	O	2.950186513194315	1.0	6.0	water_mediated_like			intermediate				0.0	0.0		modified	1.5949985650275273	109.84727054852334	106.25920873349581	opposite	lateral	-133.24119217459338	47.263322094546005
P9WG47	5BTD	A	129	PTR_single	1	1	2.497	PTR	126		1	15-500	15-500	PTR	/mnt/c/Users/drpat/OneDrive - UGent/Desktop/PD/Phospho-fill/Validation-allPDB/pdb_cache/5btd.cif	PTR	PTR	OH	CZ	ok	1.6095272248640429	120.72348778753063	-129.61093870169933	50.08733482044545	ARG:128	ARG	NH1	4.65340026778361	0.0	1.0	ARG:128	ARG	NH1	4.65340026778361	HOH:697	O	7.6406080510665895	0.0	5.0	none_obvious			intermediate				0.0	0.0		modified	1.6095272248640429	106.12413990122155	166.19244761817214	opposite	lateral	-129.61093870169933	50.08733482044545
P9WG47	5BTG	A	129	PTR_single	1	1	2.5	PTR	127		1	15-500	15-500	PTR	/mnt/c/Users/drpat/OneDrive - UGent/Desktop/PD/Phospho-fill/Validation-allPDB/pdb_cache/5btg.cif	PTR	PTR	OH	CZ	ok	1.6089451607783702	119.29490944611712	-111.69766954104598	68.35764098612827	ARG:128	ARG	NH1	5.02479536245867	0.0	1.0	ARG:128	ARG	NH1	5.02479536245867				0.0	4.0	none_obvious			intermediate				0.0	0.0		modified	1.6089451607783702	111.1999653501743		opposite	lateral	-111.69766954104598	68.35764098612827
P9WG47	5BTL	A	129	PTR_single	1	1	2.5	PTR	128		1	15-500	15-500	PTR	/mnt/c/Users/drpat/OneDrive - UGent/Desktop/PD/Phospho-fill/Validation-allPDB/pdb_cache/5btl.cif	PTR	PTR	OH	CZ	ok	1.555756943985279	118.20105173087535	-130.79659852510042	49.577193219024174	ARG:128	ARG	NH1	5.164335088848632	0.0	1.0	ARG:128	ARG	NH1	5.164335088848632	HOH:607	O	2.8263182537689833	1.0	6.0	water_mediated_like			intermediate				0.0	0.0		modified	1.555756943985279	109.7354786938239	102.04812419632663	opposite	lateral	-130.79659852510042	49.577193219024174
P9WG47	5BTN	A	129	PTR_single	1	1	2.5	PTR	129		1	15-500	15-500	PTR	/mnt/c/Users/drpat/OneDrive - UGent/Desktop/PD/Phospho-fill/Validation-allPDB/pdb_cache/5btn.cif	PTR	PTR	OH	CZ	ok	1.5959624914154869	119.34085917719358	-134.460089507368	45.204575684037636	ARG:128	ARG	NH1	5.242667379965625	0.0	1.0	ARG:128	ARG	NH1	5.242667379965625	HOH:616	O	2.8435322679862445	1.0	5.0	water_mediated_like			intermediate				0.0	0.0		modified	1.5959624914154869	108.11643696343195	99.65273804958372	opposite	lateral	-134.460089507368	45.204575684037636
P49841	5K5N	B	216	PTR_single	1	1	2.2	PTR	109		3	36-45,49-89,95-287,294-384	36-45,49-89,95-287,294-384	PTR	/mnt/c/Users/drpat/OneDrive - UGent/Desktop/PD/Phospho-fill/Validation-allPDB/pdb_cache/5k5n.cif	PTR	PTR	OH	CZ	ok	1.547059344050706	119.46925998234703	94.02699809659823	-81.30137203702448	ARG:220	ARG	NH2	2.79018483125476	2.0	2.0	ARG:220	ARG	NH2	2.79018483125476	HOH:521	O	2.758602626925504	1.0	17.0	salt_bridge_like			intermediate				0.0	0.0		modified	1.547059344050706	45.548135956588794	27.175254951294587	same	toward	94.02699809659823	-81.30137203702448
P49841	5KPK	A	216	PTR_single	1	1	2.4	PTR	110		3	35-119,123-384	35-119,123-384	PTR	/mnt/c/Users/drpat/OneDrive - UGent/Desktop/PD/Phospho-fill/Validation-allPDB/pdb_cache/5kpk.cif	PTR	PTR	OH	CZ	ok	1.6098018957768756	128.87858894482474	102.44475644782695	-75.13756520277317	ARG:223	ARG	NH1	2.7029545020403734	2.0	2.0	ARG:223	ARG	NH1	2.7029545020403734	HOH:673	O	2.833226167887462	1.0	17.0	salt_bridge_like			intermediate				0.0	0.0		modified	1.6098018957768756	62.65964179614552	30.88391111421279	same	lateral	102.44475644782695	-75.13756520277317
P43405	5LMA	A	525	PTR_single	1	1	1.43	PTR	94		3	363-529,532-632	363-529,532-632	PTR	/mnt/c/Users/drpat/OneDrive - UGent/Desktop/PD/Phospho-fill/Validation-allPDB/pdb_cache/5lma.cif	PTR	PTR	OH	CZ	ok	1.6167693020289764	124.06718931722824	-65.58874374399768	113.80417275519429	LYS:548	LYS	NZ	3.112129634824717	1.0	1.0	LYS:548	LYS	NZ	3.112129634824717	HOH:834	O	2.6347574030555663	5.0	7.0	salt_bridge_like			exposed				0.0	0.0		modified	1.6167693020289764	61.26581919858047	70.57772050292711	same	lateral	-65.58874374399768	113.80417275519429
P43405	5LMB	A	525	PTR_single	1	1	1.95	PTR	95		3	364-404,411-634	364-404,411-634	PTR	/mnt/c/Users/drpat/OneDrive - UGent/Desktop/PD/Phospho-fill/Validation-allPDB/pdb_cache/5lmb.cif	PTR	PTR	OH	CZ	ok	1.614230599987286	122.2587392290265	-71.8869799057038	107.15839363594365	LYS:548	LYS	NZ	2.615668919950013	1.0	1.0	LYS:548	LYS	NZ	2.615668919950013	HOH:991	O	4.193127664453526	0.0	7.0	salt_bridge_like			intermediate				0.0	0.0		modified	1.614230599987286	54.51626454984535	39.56776234093579	same	toward	-71.8869799057038	107.15839363594365
Q8A8Z7	5MQR	A	372	PTR_single	1	1	2.2	PTR	204		1	27-1108	27-1108	PTR	/mnt/c/Users/drpat/OneDrive - UGent/Desktop/PD/Phospho-fill/Validation-allPDB/pdb_cache/5mqr.cif	PTR	PTR	OH	CZ	ok	1.7020340014011515	118.87174625134226	-113.93127246280243	70.72261034756602	LYS:396	LYS	NZ	2.8814909435430853	4.0	6.0	LYS:396	LYS	NZ	2.8814909435430853	HOH:1691	O	4.3240592850722015	0.0	26.0	salt_bridge_like			buried				0.0	0.0		modified	1.7020340014011515	24.744918008746097	20.779711518350368	same	toward	-113.93127246280243	70.72261034756602
P22681	5O76	C	371	PTR_single	1	1	2.473	PTR	73		1	48-434	48-434	PTR	/mnt/c/Users/drpat/OneDrive - UGent/Desktop/PD/Phospho-fill/Validation-allPDB/pdb_cache/5o76.cif	PTR	PTR	OH	CZ	ok	1.5436693646266557	122.74706216443461	150.09789282464078	-26.320623519650482	LYS:389	LYS	NZ	2.7952506116835436	2.0	2.0	LYS:389	LYS	NZ	2.7952506116835436	HOH:626	O	3.2218650258680395	2.0	15.0	salt_bridge_like			exposed				0.0	0.0		modified	1.5436693646266557	51.20080758234302	55.76601860390473	same	toward	150.09789282464078	-26.320623519650482
O60674	5USY	A	1007	PTR_single	1	1	2.0	PTR	3		2	840-1012,1016-1130	840-1012,1016-1130	PTR	/mnt/c/Users/drpat/OneDrive - UGent/Desktop/PD/Phospho-fill/Validation-allPDB/pdb_cache/5usy.cif	PTR	PTR	OH	CZ	ok	1.6123869393514454	124.51656411133386	-40.07995800330217	137.55133803446384	LYS:1030	LYS	NZ	2.560910036640765	1.0	1.0	LYS:1030	LYS	NZ	2.560910036640765	HOH:1343	O	3.3864223304561154	1.0	3.0	salt_bridge_like			intermediate				0.0	0.0		modified	1.6123869393514454	61.625303533989815	112.31003176936551	same	lateral	-40.07995800330217	137.55133803446384
Q13627	6A1F	A	321	PTR_single	1	1	1.5	PTR	146		2	134-409,414-483	134-409,414-483	PTR	/mnt/c/Users/drpat/OneDrive - UGent/Desktop/PD/Phospho-fill/Validation-allPDB/pdb_cache/6a1f.cif	PTR	PTR	OH	CZ	ok	1.604839306401573	122.66490416149259	-97.50188901173448	81.07818926939572	LYS:390	LYS	NZ	2.790284216965227	1.0	1.0	LYS:390	LYS	NZ	2.790284216965227	HOH:905	O	2.5941936918610478	1.0	8.0	salt_bridge_like			intermediate				0.0	0.0		modified	1.604839306401573	57.28515993309308	42.82207234468192	same	toward	-97.50188901173448	81.07818926939572
Q13627	6A1G	A	321	PTR_single	1	1	2.15	PTR	147		2	134-297,300-406,414-480	134-297,300-406,414-480	PTR	/mnt/c/Users/drpat/OneDrive - UGent/Desktop/PD/Phospho-fill/Validation-allPDB/pdb_cache/6a1g.cif	PTR	PTR	OH	CZ	ok	1.596369415835098	128.38831235708616	100.8380380350054	-76.62241576267444	ARG:328	ARG	NH1	2.7934449490141344	2.0	2.0	ARG:328	ARG	NH1	2.7934449490141344	HOH:907	O	2.6284949798784205	1.0	15.0	salt_bridge_like			intermediate				0.0	0.0		modified	1.596369415835098	61.131081740866044	33.4551115965376	same	lateral	100.8380380350054	-76.62241576267444
Q9WV60	6AE3	A	216	PTR_single	1	1	2.14	PTR	207		2	36-89,92-120,122-290,292-387	36-89,92-120,122-290,292-387	PTR	/mnt/c/Users/drpat/OneDrive - UGent/Desktop/PD/Phospho-fill/Validation-allPDB/pdb_cache/6ae3.cif	PTR	PTR	OH	CZ	ok	1.615013076729443	124.22822822287871	-84.12947493144928	92.25050962832943	ARG:223	ARG	NH1	2.6709440017970008	2.0	2.0	ARG:223	ARG	NH1	2.6709440017970008	HOH:626	O	2.563613550381676	4.0	13.0	salt_bridge_like			exposed				0.0	0.0		modified	1.615013076729443	67.52166998998663	37.86517680548143	same	lateral	-84.12947493144928	92.25050962832943
P23458	6C7Y	A	1035	PTR_single	1	1	2.499	PTR	74		2	869-894,898-912,918-946,951-1153	869-894,898-912,918-946,951-1153	PTR	/mnt/c/Users/drpat/OneDrive - UGent/Desktop/PD/Phospho-fill/Validation-allPDB/pdb_cache/6c7y.cif	PTR	PTR	OH	CZ	ok	1.5702544254555848	122.63768400442667	43.42658437883479	-136.5847657731517	LYS:1026	LYS	CE	3.5164087159084123	1.0	3.0	LYS:1026	LYS	NZ	3.652316199727089	HOH:1314	O	1.5168699775924168	1.0	26.0	water_mediated_like			buried				0.0	0.0		modified	1.5702544254555848	71.97396895804704	12.75209008614776	opposite	lateral	43.42658437883479	-136.5847657731517
Q13882	6CZ2	A	342	PTR_single	1	1	2.5	PTR	194		1	182-443	182-443	PTR	/mnt/c/Users/drpat/OneDrive - UGent/Desktop/PD/Phospho-fill/Validation-allPDB/pdb_cache/6cz2.cif	PTR	PTR	OH	CZ	ok	1.6226065266228507	124.55179858952663	167.29908159117838	-9.151895675173177					0.0	0.0					HOH:514	O	7.809497457798188	0.0	0.0	none_obvious			intermediate				0.0	0.0		modified	1.6226065266228507		103.25670425003835			167.29908159117838	-9.151895675173177
P29597	6DBK	A	1054	PTR_single	1	1	2.0	PTR	85		2	889-1178	889-1178	PTR	/mnt/c/Users/drpat/OneDrive - UGent/Desktop/PD/Phospho-fill/Validation-allPDB/pdb_cache/6dbk.cif	PTR	PTR	OH	CZ	ok	1.5604366004226866	118.68056247884664	-97.50915686596815	79.04021202642096	ARG:1056	ARG	NH2	2.7872307626244606	2.0	3.0	ARG:1056	ARG	NH2	2.7872307626244606	HOH:4159	O	2.750008951838174	2.0	15.0	salt_bridge_like			exposed				0.0	0.0		modified	1.5604366004226866	45.230811883996196	61.568454134811034	same	toward	-97.50915686596815	79.04021202642096
P29597	6DBM	A	1054	PTR_single	1	1	2.368	PTR	86		2	889-916,925-933,939-1056,1060-1178	889-916,925-933,939-1056,1060-1178	PTR	/mnt/c/Users/drpat/OneDrive - UGent/Desktop/PD/Phospho-fill/Validation-allPDB/pdb_cache/6dbm.cif	PTR	PTR	OH	CZ	ok	1.6122764746864475	121.24095174448605	-93.41103735507791	86.06050252572459	ARG:1056	ARG	NH1	2.6309539835150733	2.0	3.0	ARG:1056	ARG	NH1	2.6309539835150733	HOH:4172	O	6.261980892599095	0.0	13.0	salt_bridge_like			intermediate				0.0	0.0		modified	1.6122764746864475	63.93853997720879	80.24469172654004	same	lateral	-93.41103735507791	86.06050252572459
O60674	6DRW	A	1007	PTR_single	1	1	2.303	PTR	4		2	840-857,860-1012,1016-1131	840-857,860-1012,1016-1131	PTR	/mnt/c/Users/drpat/OneDrive - UGent/Desktop/PD/Phospho-fill/Validation-allPDB/pdb_cache/6drw.cif	PTR	PTR	OH	CZ	ok	1.6131016565950707	123.46412848282722	1.7252905684813022	-178.38227246973338	LYS:1030	LYS	NZ	3.895477996540419	1.0	1.0	LYS:1030	LYS	NZ	3.895477996540419	HOH:1325	O	7.437907593266795	0.0	3.0	none_obvious			intermediate				0.0	0.0		modified	1.6131016565950707	95.04333918603687	99.44899386107504	opposite	lateral	1.7252905684813022	-178.38227246973338
Q13627	6EIF	A	321	PTR_single	1	1	2.22	PTR	148		2	134-410,414-480	134-410,414-480	PTR	/mnt/c/Users/drpat/OneDrive - UGent/Desktop/PD/Phospho-fill/Validation-allPDB/pdb_cache/6eif.cif	PTR	PTR	OH	CZ	ok	1.6128610177934903	124.54460391040031	98.20420823679972	-80.1876344337276	ARG:328	ARG	NH1	2.784906853350218	2.0	2.0	ARG:328	ARG	NH1	2.784906853350218	HOH:660	O	2.8598390242270337	1.0	15.0	salt_bridge_like			intermediate				0.0	0.0		modified	1.6128610177934903	59.98623016809182	23.695352159416313	same	toward	98.20420823679972	-80.1876344337276
Q13627	6EIJ	A	321	PTR_single	1	1	2.42	PTR	149		2	134-408,414-480	134-408,414-480	PTR	/mnt/c/Users/drpat/OneDrive - UGent/Desktop/PD/Phospho-fill/Validation-allPDB/pdb_cache/6eij.cif	PTR	PTR	OH	CZ	ok	1.5974636053638502	126.97864634131375	84.54720163146345	-93.05142461546582	ARG:328	ARG	NH2	2.5935410116542483	2.0	2.0	ARG:328	ARG	NH2	2.5935410116542483	HOH:721	O	3.393776220647067	1.0	16.0	salt_bridge_like			intermediate				0.0	0.0		modified	1.5974636053638502	63.34772277712139	66.82045031102442	same	lateral	84.54720163146345	-93.05142461546582
Q13627	6EIL	A	321	PTR_single	1	1	2.465	PTR	150		2	134-408,414-480	134-408,414-480	PTR	/mnt/c/Users/drpat/OneDrive - UGent/Desktop/PD/Phospho-fill/Validation-allPDB/pdb_cache/6eil.cif	PTR	PTR	OH	CZ	ok	1.6054806635386905	123.79327739318492	80.29509472396343	-97.94554726367427	ARG:328	ARG	NH2	2.8602115507407646	2.0	2.0	ARG:328	ARG	NH2	2.8602115507407646	HOH:658	O	2.722638806562419	2.0	14.0	salt_bridge_like			exposed				0.0	0.0		modified	1.6054806635386905	54.56153179509013	21.76132443584729	same	toward	80.29509472396343	-97.94554726367427
Q13627	6EIQ	A	321	PTR_single	1	1	2.3	PTR	151		2	134-408,414-480	134-408,414-480	PTR	/mnt/c/Users/drpat/OneDrive - UGent/Desktop/PD/Phospho-fill/Validation-allPDB/pdb_cache/6eiq.cif	PTR	PTR	OH	CZ	ok	1.6050892950965516	124.15304058644016	103.52322386761658	-75.04562928628991	ARG:328	ARG	NH1	2.7852133579924994	2.0	2.0	ARG:328	ARG	NH1	2.7852133579924994	HOH:614	O	2.650657826190559	1.0	16.0	salt_bridge_like			intermediate				0.0	0.0		modified	1.6050892950965516	54.190649798664666	29.65272151776953	same	toward	103.52322386761658	-75.04562928628991
Q13627	6EIR	A	321	PTR_single	1	1	2.4	PTR	152		2	134-408,414-480	134-408,414-480	PTR	/mnt/c/Users/drpat/OneDrive - UGent/Desktop/PD/Phospho-fill/Validation-allPDB/pdb_cache/6eir.cif	PTR	PTR	OH	CZ	ok	1.6023963423552103	125.84351285394212	103.78186780922384	-73.67884528458973	ARG:325	ARG	NH1	2.6862894146726193	2.0	2.0	ARG:325	ARG	NH1	2.6862894146726193	HOH:622	O	2.733052526936871	1.0	16.0	salt_bridge_like			intermediate				0.0	0.0		modified	1.6023963423552103	30.885678535423438	28.43124596876943	same	toward	103.78186780922384	-73.67884528458973
Q13627	6EIS	A	321	PTR_single	1	1	2.36	PTR	153		2	134-409,412-480	134-409,412-480	PTR	/mnt/c/Users/drpat/OneDrive - UGent/Desktop/PD/Phospho-fill/Validation-allPDB/pdb_cache/6eis.cif	PTR	PTR	OH	CZ	ok	1.6115637679216799	124.44178671300118	84.49671144716561	-93.82043708487396	ARG:325	ARG	NH2	2.523224773308788	2.0	2.0	ARG:325	ARG	NH2	2.523224773308788	HOH:674	O	2.8317590766628142	2.0	16.0	salt_bridge_like			exposed				0.0	0.0		modified	1.6115637679216799	32.499553208744395	20.922080075882775	same	toward	84.49671144716561	-93.82043708487396
P49841	6HK3	A	216	PTR_single	1	1	2.35	PTR	111		3	35-384	35-384	PTR	/mnt/c/Users/drpat/OneDrive - UGent/Desktop/PD/Phospho-fill/Validation-allPDB/pdb_cache/6hk3.cif	PTR	PTR	OH	CZ	ok	1.60150219040351	122.51668271776083	100.8875708410563	-78.32734797390059	ARG:220	ARG	NH2	2.6195728572336425	2.0	2.0	ARG:220	ARG	NH2	2.6195728572336425	HOH:507	O	3.2170330059898595	1.0	21.0	salt_bridge_like			intermediate				0.0	0.0		modified	1.60150219040351	34.971647021401544	82.00646271831029	same	toward	100.8875708410563	-78.32734797390059
P49841	6HK4	A	216	PTR_single	1	1	2.5	PTR	112		3	35-384	35-384	PTR	/mnt/c/Users/drpat/OneDrive - UGent/Desktop/PD/Phospho-fill/Validation-allPDB/pdb_cache/6hk4.cif	PTR	PTR	OH	CZ	ok	1.5981425621887229	121.03776781103203	99.47072330291701	-79.96616641336789	ARG:223	ARG	NH2	2.588596242968313	2.0	2.0	ARG:223	ARG	NH2	2.588596242968313	HOH:506	O	2.3593354625465945	3.0	18.0	salt_bridge_like			exposed				0.0	0.0		modified	1.5981425621887229	53.174749392142445	69.21875529129827	same	toward	99.47072330291701	-79.96616641336789
P43405	6HM6	A	525	PTR_single	1	1	2.1	PTR	96		3	364-392,394-404,410-529,532-632	364-392,394-404,410-529,532-632	PTR	/mnt/c/Users/drpat/OneDrive - UGent/Desktop/PD/Phospho-fill/Validation-allPDB/pdb_cache/6hm6.cif	PTR	PTR	OH	CZ	ok	1.616368330610575	123.84484795484822	-49.60441760608699	129.63066645036906	LYS:548	LYS	NZ	2.6839848149665952	1.0	1.0	LYS:548	LYS	NZ	2.6839848149665952	HOH:910	O	3.9636162659540206	1.0	4.0	salt_bridge_like			intermediate				0.0	0.0		modified	1.616368330610575	59.407824122326566	71.07270415417172	same	toward	-49.60441760608699	129.63066645036906
P43405	6HM7	A	525	PTR_single	1	1	1.64	PTR	97		3	363-530,534-633	363-530,534-633	PTR	/mnt/c/Users/drpat/OneDrive - UGent/Desktop/PD/Phospho-fill/Validation-allPDB/pdb_cache/6hm7.cif	PTR	PTR	OH	CZ	ok	1.618385243653547	123.71840636462059	126.22503673200053	-52.81312539791207	LYS:548	LYS	NZ	2.763300677782856	2.0	2.0	LYS:548	LYS	NZ	2.763300677782856	HOH:1088	O	4.255014913801489	0.0	6.0	salt_bridge_like			intermediate				0.0	0.0		modified	1.618385243653547	61.40146648717997	113.81265936667796	same	lateral	126.22503673200053	-52.81312539791207
P07949	6I82	B	928	PTR_single	1	1	2.05	PTR	66		5	714-828,842-1012	714-828,842-1012	PTR	/mnt/c/Users/drpat/OneDrive - UGent/Desktop/PD/Phospho-fill/Validation-allPDB/pdb_cache/6i82.cif	PTR	PTR	OH	CZ	ok	1.6633211070167018	125.56884270653775	177.47195851631244	-1.8390331464654062	ARG:873	ARG	NH2	3.3636850969660186	3.0	3.0	ARG:873	ARG	NH2	3.3636850969660186	HOH:1304	O	1.4630911593302496	3.0	41.0	salt_bridge_like			exposed				0.0	0.0		modified	1.6633211070167018	97.45274070700722	35.41405527301674	opposite	lateral	177.47195851631244	-1.8390331464654062
P07949	6I83	A	905	PTR_single	1	1	1.88	PTR	67		5	705-821,844-1013	705-821,844-1013	PTR	/mnt/c/Users/drpat/OneDrive - UGent/Desktop/PD/Phospho-fill/Validation-allPDB/pdb_cache/6i83.cif	PTR	PTR	OH	CZ	ok	1.5793817178092462	125.58734414393945	-10.399293048904386	169.00023629393667	LYS:907	LYS	NZ	2.875335334775225	2.0	4.0	LYS:907	LYS	NZ	2.875335334775225	HOH:1276	O	5.63212075402979	0.0	19.0	salt_bridge_like			intermediate				0.0	0.0		modified	1.5793817178092462	84.94885175302905	92.15814183309885	same	lateral	-10.399293048904386	169.00023629393667
P21802	6LVK	A	561	PTR_single	1	1	2.29	PTR	70		6	468-583,595-766	468-583,595-766	PTR	/mnt/c/Users/drpat/OneDrive - UGent/Desktop/PD/Phospho-fill/Validation-allPDB/pdb_cache/6lvk.cif	PTR	PTR	OH	CZ	ok	1.6415393539115146	126.15338414595355	134.78623089836822	-44.18115957144498	ARG:478	ARG	NE	2.927073644082045	1.0	1.0	ARG:478	ARG	NE	2.927073644082045	HOH:901	O	2.352541062810805	1.0	13.0	salt_bridge_like			intermediate				0.0	0.0		modified	1.6415393539115146	60.359204700544616	54.02446537739137	same	lateral	134.78623089836822	-44.18115957144498
P06239	6PDJ	A	394	PTR_single	1	1	1.81	PTR	57		2	225,231-500	225,231-500	PTR	/mnt/c/Users/drpat/OneDrive - UGent/Desktop/PD/Phospho-fill/Validation-allPDB/pdb_cache/6pdj.cif	PTR	PTR	OH	CZ	ok	1.5961490091352402	129.41518438683963	-177.29428141383872	1.8997262029367634	ARG:387	ARG	NE	2.797291831969128	1.0	2.0	ARG:387	ARG	NE	2.797291831969128	HOH:765	O	2.738767916482835	2.0	15.0	salt_bridge_like			exposed				0.0	0.0		modified	1.5961490091352402	75.47134004931247	45.582592823713355	same	lateral	-177.29428141383872	1.8997262029367634
Q13523	6PJJ	B	849	PTR_single	1	1	2.4	PTR	136		1	674-695,698-934,939-1005	674-695,698-934,939-1005	PTR	/mnt/c/Users/drpat/OneDrive - UGent/Desktop/PD/Phospho-fill/Validation-allPDB/pdb_cache/6pjj.cif	PTR	PTR	OH	CZ	ok	1.5867047408246875	125.58802081185773	-177.09312961080684	2.6214138350060026	HIS:922	HIS	CE1	4.865972613902534	0.0	1.0	ASN:894	ASN	ND2	3.9604150670707674	HOH:1205	O	2.5027401894315204	2.0	10.0	water_mediated_like			exposed				0.0	0.0		modified	1.5867047408246875	53.14873117628852	21.821967654080943	same	toward	-177.09312961080684	2.6214138350060026
Q13523	6PK6	A	849	PTR_single	1	1	2.1	PTR	137		1	668-1005	668-1005	PTR	/mnt/c/Users/drpat/OneDrive - UGent/Desktop/PD/Phospho-fill/Validation-allPDB/pdb_cache/6pk6.cif	PTR	PTR	OH	CZ	ok	1.5790548734595005	124.48046875634795	120.57688203195798	-59.304989539263026	ARG:856	ARG	NH2	6.696716797377768	0.0	0.0	ASN:894	ASN	ND2	5.311814878031037	HOH:1233	O	2.741260974820275	1.0	2.0	water_mediated_like			intermediate				0.0	0.0		modified	1.5790548734595005	100.7945086069101	63.65764681794849	opposite	lateral	120.57688203195798	-59.304989539263026
Q13627	6S11	A	321	PTR_single	1	1	2.445	PTR	154		2	134-408,412-480	134-408,412-480	PTR	/mnt/c/Users/drpat/OneDrive - UGent/Desktop/PD/Phospho-fill/Validation-allPDB/pdb_cache/6s11.cif	PTR	PTR	OH	CZ	ok	1.639251075047826	131.0389736818074	-14.559703893586077	165.4747342709249	LYS:393	LYS	NZ	2.9979528593850557	1.0	3.0	LYS:393	LYS	NZ	2.9979528593850557	HOH:635	O	2.5967838094221327	2.0	15.0	salt_bridge_like			exposed				0.0	0.0		modified	1.639251075047826	97.21977445166482	40.012103598970604	opposite	lateral	-14.559703893586077	165.4747342709249
Q13627	6S14	A	321	PTR_single	1	1	1.05	PTR	155		2	135-407,415-481	135-407,415-481	PTR	/mnt/c/Users/drpat/OneDrive - UGent/Desktop/PD/Phospho-fill/Validation-allPDB/pdb_cache/6s14.cif	PTR	PTR	OH	CZ	ok	1.628124291188389	128.48692687657712	23.62583150917325	-154.85262668393767	LYS:390	LYS	NZ	4.467085704884306	0.0	1.0	GLN:320	GLN	NE2	2.868179935650565	HOH:893	O	2.9960048433591813	1.0	6.0	hbond_like			intermediate				0.0	0.0		modified	1.628124291188389	52.66696793554785	61.066153141078246	same	toward	23.62583150917325	-154.85262668393767
Q13627	6S17	A	321	PTR_single	1	1	1.1	PTR	156		2	134-407,414-482	134-407,414-482	PTR	/mnt/c/Users/drpat/OneDrive - UGent/Desktop/PD/Phospho-fill/Validation-allPDB/pdb_cache/6s17.cif	PTR	PTR	OH	CZ	ok	1.608069192529485	128.97771542641513	50.15804264324718	-126.04371643225245	LYS:390	LYS	NZ	4.654367041019012	0.0	1.0	GLN:320	GLN	NE2	2.0339699292958593	HOH:603	O	2.0741945941020967	1.0	5.0	hbond_like			intermediate				0.0	0.0		modified	1.608069192529485	58.74535213999467	53.89383325250035	same	toward	50.15804264324718	-126.04371643225245
Q13627	6S1B	A	321	PTR_single	1	1	1.3	PTR	157		2	135-397,400-407,415-481	135-397,400-407,415-481	PTR	/mnt/c/Users/drpat/OneDrive - UGent/Desktop/PD/Phospho-fill/Validation-allPDB/pdb_cache/6s1b.cif	PTR	PTR	OH	CZ	ok	1.6061921372216528	125.02004443776168	69.85668794005855	-108.15355513139069	LYS:390	LYS	CE	5.304350382752622	0.0	1.0	GLN:320	GLN	NE2	3.4568236770989524	HOH:614	O	2.4584906471675634	2.0	4.0	hbond_like			exposed				0.0	0.0		modified	1.6061921372216528	59.090288804877474	71.12002743436695	same	toward	69.85668794005855	-108.15355513139069
Q13627	6S1H	A	321	PTR_single	1	1	1.05	PTR	158		2	135-407,414-480	135-407,414-480	PTR	/mnt/c/Users/drpat/OneDrive - UGent/Desktop/PD/Phospho-fill/Validation-allPDB/pdb_cache/6s1h.cif	PTR	PTR	OH	CZ	ok	1.6163204959305333	126.93753871012677	50.44920936262402	-127.58115833050915	LYS:390	LYS	NZ	4.8976007094838625	0.0	1.0	GLN:320	GLN	NE2	1.9648094033418584	HOH:608	O	2.159170872228669	3.0	5.0	hbond_like			exposed				0.0	0.0		modified	1.6163204959305333	63.16932003537513	39.289653773250265	same	lateral	50.44920936262402	-127.58115833050915
Q13627	6S1I	A	321	PTR_single	1	1	2.38	PTR	159		2	135-481	135-481	PTR	/mnt/c/Users/drpat/OneDrive - UGent/Desktop/PD/Phospho-fill/Validation-allPDB/pdb_cache/6s1i.cif	PTR	PTR	OH	CZ	ok	1.610301941809653	128.08848782188107	50.42502112410911	-126.95291752463389	ARG:325	ARG	NH1	2.7316407471254065	2.0	2.0	ARG:325	ARG	NH1	2.7316407471254065	HOH:737	O	2.9874912751294453	1.0	16.0	salt_bridge_like			intermediate				0.0	0.0		modified	1.610301941809653	32.16302349593014	25.227579417008386	same	toward	50.42502112410911	-126.95291752463389
Q13627	6S1J	A	321	PTR_single	1	1	1.408	PTR	160		2	134-407,414-480	134-407,414-480	PTR	/mnt/c/Users/drpat/OneDrive - UGent/Desktop/PD/Phospho-fill/Validation-allPDB/pdb_cache/6s1j.cif	PTR	PTR	OH	CZ	ok	1.5995569399621024	125.11553082589698	74.73388134393944	-103.54164950803892	LYS:390	LYS	CE	5.085696571296355	0.0	1.0	LYS:390	LYS	NZ	5.106109545870786	HOH:605	O	2.3266202155025684	1.0	1.0	water_mediated_like			intermediate				0.0	0.0		modified	1.5995569399621024	58.464788239703296	39.53161659759621	same	toward	74.73388134393944	-103.54164950803892
P49841	6TCU	A	216	PTR_single	1	1	2.14	PTR	113		3	35-384	35-384	PTR	/mnt/c/Users/drpat/OneDrive - UGent/Desktop/PD/Phospho-fill/Validation-allPDB/pdb_cache/6tcu.cif	PTR	PTR	OH	CZ	ok	1.6052636192325715	127.2595826078702	86.52723549334365	-91.72064106056442	ARG:223	ARG	NH2	2.7931204316515728	2.0	2.0	ARG:223	ARG	NH2	2.7931204316515728	HOH:546	O	2.8090933466754073	1.0	17.0	salt_bridge_like			intermediate				0.0	0.0		modified	1.6052636192325715	60.38642545095389	26.578987623283993	same	lateral	86.52723549334365	-91.72064106056442
P54762	6UMW	A	647	PTR_single	1	1	1.982	PTR	123		2	611-763,786-889	611-763,786-889	PTR	/mnt/c/Users/drpat/OneDrive - UGent/Desktop/PD/Phospho-fill/Validation-allPDB/pdb_cache/6umw.cif	PTR	PTR	OH	CZ	ok	1.6197893233572105	121.00843776089837	-71.5098324787508	108.23387999599598	ARG:637	ARG	NH2	2.8633571543646057	2.0	2.0	ARG:637	ARG	NH2	2.8633571543646057	HOH:1009	O	4.112919202135275	0.0	9.0	salt_bridge_like			intermediate				0.0	0.0		modified	1.6197893233572105	76.2553602034997	31.749520594147512	opposite	lateral	-71.5098324787508	108.23387999599598
P49841	6V6L	A	216	PTR_single	1	1	2.19	PTR	114		3	37-91,96-384	37-91,96-384	PTR	/mnt/c/Users/drpat/OneDrive - UGent/Desktop/PD/Phospho-fill/Validation-allPDB/pdb_cache/6v6l.cif	PTR	PTR	OH	CZ	ok	1.5859852435741562	125.99471683435613	89.80326477857952	-86.69142189762192	ARG:220	ARG	NH2	2.7180858005171276	2.0	2.0	ARG:220	ARG	NH2	2.7180858005171276	HOH:648	O	2.70860326655922	4.0	17.0	salt_bridge_like			exposed				0.0	0.0		modified	1.5859852435741562	31.80959087614418	88.94614423694914	same	toward	89.80326477857952	-86.69142189762192
P21802	6V6Q	B	656	PTR_single	1	1	2.46	PTR	71		6	467-585,595-766	467-585,595-766	PTR	/mnt/c/Users/drpat/OneDrive - UGent/Desktop/PD/Phospho-fill/Validation-allPDB/pdb_cache/6v6q.cif	PTR	PTR	OH	CZ	ok	1.582213804518582	125.25125328564835	-0.9253207823308358	-179.6202589156528	ARG:649	ARG	NH2	2.643457081408517	3.0	4.0	ARG:649	ARG	NH2	2.643457081408517	HOH:1003	O	2.475756740952158	1.0	24.0	salt_bridge_like			buried				0.0	0.0		modified	1.582213804518582	70.39426094859682	65.14077033352862	opposite	lateral	-0.9253207823308358	-179.6202589156528
O60674	6VGL	B	1007	PTR_single	1	1	1.9	PTR	5		2	840-1132	840-1132	PTR	/mnt/c/Users/drpat/OneDrive - UGent/Desktop/PD/Phospho-fill/Validation-allPDB/pdb_cache/6vgl.cif	PTR	PTR	OH	CZ	ok	1.6174225347665774	124.66556215431778	-66.27756233994693	111.61084168146266	LYS:1009	LYS	NZ	3.0998386180217086	2.0	3.0	LYS:1009	LYS	NZ	3.0998386180217086	HOH:1319	O	2.577305262967339	1.0	9.0	salt_bridge_like			intermediate				0.0	0.0		modified	1.6174225347665774	67.93072098226575	52.91225526116471	same	lateral	-66.27756233994693	111.61084168146266
O60674	6VN8	B	1007	PTR_single	1	1	1.9	PTR	6		2	840-1132	843-1131	PTR	/mnt/c/Users/drpat/OneDrive - UGent/Desktop/PD/Phospho-fill/Validation-allPDB/pdb_cache/6vn8.cif	PTR	PTR	OH	CZ	ok	1.609619024135301	122.77372215438194	-60.63992371598075	122.64867963205234	LYS:1030	LYS	NZ	2.847699869640645	2.0	3.0	LYS:1030	LYS	NZ	2.847699869640645	HOH:1401	O	4.950512716990018	0.0	7.0	salt_bridge_like			intermediate				0.0	0.0		modified	1.609619024135301	59.206317868193935	99.72655138053999	same	toward	-60.63992371598075	122.64867963205234
O60674	6VNB	B	1007	PTR_single	1	1	2.19	PTR	7		2	840-1132	843-1131	PTR	/mnt/c/Users/drpat/OneDrive - UGent/Desktop/PD/Phospho-fill/Validation-allPDB/pdb_cache/6vnb.cif	PTR	PTR	OH	CZ	ok	1.6056942667183631	124.59390755166463	-81.5943621004628	96.09631981779064	LYS:1030	LYS	NZ	2.8887948995966917	1.0	3.0	LYS:1030	LYS	NZ	2.8887948995966917	HOH:1359	O	5.892423974567694	0.0	8.0	salt_bridge_like			intermediate				0.0	0.0		modified	1.6056942667183631	63.160001017503006	118.23523692147411	same	lateral	-81.5943621004628	96.09631981779064
O60674	6VNC	B	1007	PTR_single	1	1	2.3	PTR	8		2	840-1131	843-1131	PTR	/mnt/c/Users/drpat/OneDrive - UGent/Desktop/PD/Phospho-fill/Validation-allPDB/pdb_cache/6vnc.cif	PTR	PTR	OH	CZ	ok	1.6664245298558302	120.9241426286223	-103.77893541960422	74.92635849713481	LYS:1030	LYS	NZ	3.329722272653558	2.0	3.0	LYS:1030	LYS	NZ	3.329722272653558	HOH:1311	O	2.653229790840948	1.0	9.0	salt_bridge_like			intermediate				0.0	0.0		modified	1.6664245298558302	72.85607142738411	63.12681567841266	same	lateral	-103.77893541960422	74.92635849713481
O60674	6VNE	B	1007	PTR_single	1	1	2.32	PTR	9		2	840-1131	843-1131	PTR	/mnt/c/Users/drpat/OneDrive - UGent/Desktop/PD/Phospho-fill/Validation-allPDB/pdb_cache/6vne.cif	PTR	PTR	OH	CZ	ok	1.5943459661767554	121.7004129848205	-110.50128083105736	64.83302435184156	LYS:1005	LYS	NZ	3.673976238388032	1.0	3.0	LYS:1005	LYS	NZ	3.673976238388032				0.0	11.0	none_obvious			intermediate				0.0	0.0		modified	1.5943459661767554	112.02446587949747		opposite	lateral	-110.50128083105736	64.83302435184156
O60674	6VNF	B	1007	PTR_single	1	1	2.06	PTR	10		2	840-1132	841-1131	PTR	/mnt/c/Users/drpat/OneDrive - UGent/Desktop/PD/Phospho-fill/Validation-allPDB/pdb_cache/6vnf.cif	PTR	PTR	OH	CZ	ok	1.6056802938989723	125.0207420162234	-83.81189973449948	95.59685630341635	LYS:1030	LYS	NZ	2.977112726295235	2.0	3.0	LYS:1030	LYS	NZ	2.977112726295235	HOH:1357	O	6.119952306959308	0.0	9.0	salt_bridge_like			intermediate				0.0	0.0		modified	1.6056802938989723	63.37618006746219	122.65978069921134	same	lateral	-83.81189973449948	95.59685630341635
O60674	6VNG	B	1007	PTR_single	1	1	2.5	PTR	11		2	841-1132	843-1131	PTR	/mnt/c/Users/drpat/OneDrive - UGent/Desktop/PD/Phospho-fill/Validation-allPDB/pdb_cache/6vng.cif	PTR	PTR	OH	CZ	ok	1.6070204441843279	122.31565685653867	-104.9426268006488	78.39703666593266	LYS:1030	LYS	NZ	2.8935211166042483	2.0	3.0	LYS:1030	LYS	NZ	2.8935211166042483	HOH:1308	O	2.461635539604321	1.0	9.0	salt_bridge_like			intermediate				0.0	0.0		modified	1.6070204441843279	67.12292612543754	83.66366252807609	same	lateral	-104.9426268006488	78.39703666593266
O60674	6VNH	B	1007	PTR_single	1	1	2.4	PTR	12		2	840-1132	843-1131	PTR	/mnt/c/Users/drpat/OneDrive - UGent/Desktop/PD/Phospho-fill/Validation-allPDB/pdb_cache/6vnh.cif	PTR	PTR	OH	CZ	ok	1.6086137005227048	120.90405277642076	-128.65730919655982	50.44272513242615	LYS:1030	LYS	NZ	3.4928315807267003	2.0	3.0	LYS:1030	LYS	NZ	3.4928315807267003	HOH:1319	O	3.0014174122884563	1.0	9.0	salt_bridge_like			intermediate				0.0	0.0		modified	1.6086137005227048	74.23934323018831	81.12403297589992	same	lateral	-128.65730919655982	50.44272513242615
O60674	6VNI	B	1007	PTR_single	1	1	2.1	PTR	13		2	842-1132	843-1131	PTR	/mnt/c/Users/drpat/OneDrive - UGent/Desktop/PD/Phospho-fill/Validation-allPDB/pdb_cache/6vni.cif	PTR	PTR	OH	CZ	ok	1.6069009784408432	122.34002245546081	-74.45432589622344	104.76942404278435	LYS:1005	LYS	NZ	3.6433391633131333	2.0	3.0	LYS:1005	LYS	NZ	3.6433391633131333	HOH:1332	O	3.4345675655770354	1.0	9.0	water_mediated_like			intermediate				0.0	0.0		modified	1.6069009784408432	92.56792831751198	111.46239448986644	opposite	lateral	-74.45432589622344	104.76942404278435
O60674	6VNJ	B	1007	PTR_single	1	1	1.9	PTR	14		2	840-1132	842-1131	PTR	/mnt/c/Users/drpat/OneDrive - UGent/Desktop/PD/Phospho-fill/Validation-allPDB/pdb_cache/6vnj.cif	PTR	PTR	OH	CZ	ok	1.6091761954396007	125.78705246970036	-82.23921320662586	97.42107878236763	LYS:1030	LYS	NZ	2.8588344950903823	2.0	3.0	LYS:1030	LYS	NZ	2.8588344950903823	HOH:1403	O	5.584405186661404	0.0	8.0	salt_bridge_like			intermediate				0.0	0.0		modified	1.6091761954396007	62.51762820346966	114.64475491662928	same	lateral	-82.23921320662586	97.42107878236763
O60674	6VNK	B	1007	PTR_single	1	1	2.0	PTR	15		2	840-919,921-1132	840-919,921-1132	PTR	/mnt/c/Users/drpat/OneDrive - UGent/Desktop/PD/Phospho-fill/Validation-allPDB/pdb_cache/6vnk.cif	PTR	PTR	OH	CZ	ok	1.620428008684014	123.22663983455186	-99.42395825071699	81.8372404373568	LYS:1030	LYS	NZ	2.8787727161180583	1.0	3.0	LYS:1030	LYS	NZ	2.8787727161180583	HOH:1312	O	2.8891908454671924	1.0	8.0	salt_bridge_like			intermediate				0.0	0.0		modified	1.620428008684014	70.3052853056826	35.38349162544989	same	lateral	-99.42395825071699	81.8372404373568
O60674	6VNL	B	1007	PTR_single	1	1	2.4	PTR	16		2	840-1132	840-1132	PTR	/mnt/c/Users/drpat/OneDrive - UGent/Desktop/PD/Phospho-fill/Validation-allPDB/pdb_cache/6vnl.cif	PTR	PTR	OH	CZ	ok	1.613566367068046	118.43760932845049	-69.97663965602018	109.6466075843208	LYS:1030	LYS	NZ	1.2979959334471451	1.0	3.0	LYS:1030	LYS	NZ	1.2979959334471451				0.0	8.0	salt_bridge_like			intermediate				0.0	0.0		modified	1.613566367068046	53.72392333229885		same	toward	-69.97663965602018	109.6466075843208
O60674	6VNM	B	1007	PTR_single	1	1	2.2	PTR	17		2	840-1132	843-1131	PTR	/mnt/c/Users/drpat/OneDrive - UGent/Desktop/PD/Phospho-fill/Validation-allPDB/pdb_cache/6vnm.cif	PTR	PTR	OH	CZ	ok	1.612734956977565	121.65153639442583	-154.9082017454906	24.316758367357544	LYS:1009	LYS	CE	3.7252250596351173	1.0	3.0	LYS:1009	LYS	NZ	4.242415666686583	HOH:1319	O	3.075487362584078	1.0	10.0	water_mediated_like			intermediate				0.0	0.0		modified	1.612734956977565	43.35284641538679	91.4434073945776	same	toward	-154.9082017454906	24.316758367357544
P29597	6VNS	A	1054	PTR_single	1	1	2.09	PTR	87		2	889-1178	889-1178	PTR	/mnt/c/Users/drpat/OneDrive - UGent/Desktop/PD/Phospho-fill/Validation-allPDB/pdb_cache/6vns.cif	PTR	PTR	OH	CZ	ok	1.5762376704767749	114.6788193717915	-109.60839434081662	69.33554132339052	HIS:1052	HIS	ND1	2.771826552818851	2.0	3.0	HIS:1052	HIS	ND1	2.771826552818851	HOH:4223	O	3.5131482376291094	1.0	13.0	salt_bridge_like			intermediate				0.0	0.0		modified	1.5762376704767749	37.143787770950055	77.5763420494419	same	toward	-109.60839434081662	69.33554132339052
P29597	6VNV	A	1054	PTR_single	1	1	2.15	PTR	88		2	889-919,925-934,938-966,974-1178	889-919,925-934,938-966,974-1178	PTR	/mnt/c/Users/drpat/OneDrive - UGent/Desktop/PD/Phospho-fill/Validation-allPDB/pdb_cache/6vnv.cif	PTR	PTR	OH	CZ	ok	1.6151592395171455	117.19413920043648	-117.09034171083806	63.08323174073932	HIS:1052	HIS	ND1	2.7681674228468314	2.0	3.0	HIS:1052	HIS	ND1	2.7681674228468314	HOH:4140	O	2.7234319299266647	1.0	13.0	salt_bridge_like			intermediate				0.0	0.0		modified	1.6151592395171455	36.31612801691123	58.15810898325849	same	toward	-117.09034171083806	63.08323174073932
P29597	6VNX	A	1054	PTR_single	1	1	2.18	PTR	89		2	889-1178	889-1178	PTR	/mnt/c/Users/drpat/OneDrive - UGent/Desktop/PD/Phospho-fill/Validation-allPDB/pdb_cache/6vnx.cif	PTR	PTR	OH	CZ	ok	1.566854211715817	114.67488115722031	-94.73234255234502	83.47925555160636	HIS:1052	HIS	ND1	2.812124843416687	2.0	2.0	HIS:1052	HIS	ND1	2.812124843416687	HOH:4127	O	2.736201634550141	1.0	12.0	salt_bridge_like			intermediate				0.0	0.0		modified	1.566854211715817	33.027059937967984	67.8577722973919	same	toward	-94.73234255234502	83.47925555160636
P29597	6VNY	A	1054	PTR_single	1	1	2.3	PTR	90		2	889-1056,1060-1178	889-1056,1060-1178	PTR	/mnt/c/Users/drpat/OneDrive - UGent/Desktop/PD/Phospho-fill/Validation-allPDB/pdb_cache/6vny.cif	PTR	PTR	OH	CZ	ok	1.598879998224902	115.6418233542679	-104.4793037608126	74.6857157336625	ARG:1056	ARG	NH1	2.771777406865762	2.0	3.0	ARG:1056	ARG	NH1	2.771777406865762	HOH:4168	O	3.3943040580539043	1.0	13.0	salt_bridge_like			intermediate				0.0	0.0		modified	1.598879998224902	68.09273267232133	72.80698023945612	same	lateral	-104.4793037608126	74.6857157336625
O60674	6VS3	B	1007	PTR_single	1	1	2.0	PTR	18		2	840-1132	840-1132	PTR	/mnt/c/Users/drpat/OneDrive - UGent/Desktop/PD/Phospho-fill/Validation-allPDB/pdb_cache/6vs3.cif	PTR	PTR	OH	CZ	ok	1.6136544404128637	125.14321947176371	-69.44717960426856	106.41016563475496	LYS:1030	LYS	NZ	2.958231341758032	2.0	3.0	LYS:1030	LYS	NZ	2.958231341758032	HOH:1439	O	6.537117333060593	0.0	7.0	salt_bridge_like			intermediate				0.0	0.0		modified	1.6136544404128637	62.06405503148603	154.23840697899794	same	lateral	-69.44717960426856	106.41016563475496
O60674	6VSN	B	1007	PTR_single	1	1	2.5	PTR	19		2	842-1132	842-1132	PTR	/mnt/c/Users/drpat/OneDrive - UGent/Desktop/PD/Phospho-fill/Validation-allPDB/pdb_cache/6vsn.cif	PTR	PTR	OH	CZ	ok	1.601991647346125	121.9017381796622	-91.69212267366964	87.61127697313083	LYS:1009	LYS	NZ	2.8042234719131547	2.0	3.0	LYS:1009	LYS	NZ	2.8042234719131547				0.0	9.0	salt_bridge_like			intermediate				0.0	0.0		modified	1.601991647346125	52.33236354284626		same	toward	-91.69212267366964	87.61127697313083
P29597	6X8F	A	1054	PTR_single	1	1	2.15	PTR	91		2	889-966,974-1178	889-966,974-1178	PTR	/mnt/c/Users/drpat/OneDrive - UGent/Desktop/PD/Phospho-fill/Validation-allPDB/pdb_cache/6x8f.cif	PTR	PTR	OH	CZ	ok	1.565344083234117	112.36923341070576	-91.08526999917635	87.76059008259492	HIS:1052	HIS	ND1	2.906417199100042	2.0	3.0	HIS:1052	HIS	ND1	2.906417199100042	HOH:4178	O	3.2372968340733896	1.0	16.0	salt_bridge_like			intermediate				0.0	0.0		modified	1.565344083234117	27.614550753672663	63.14456858541031	same	toward	-91.08526999917635	87.76059008259492
P29597	6X8G	A	1054	PTR_single	1	1	2.21	PTR	92		2	889-920,925-933,936-1057,1060-1178	889-920,925-933,936-1057,1060-1178	PTR	/mnt/c/Users/drpat/OneDrive - UGent/Desktop/PD/Phospho-fill/Validation-allPDB/pdb_cache/6x8g.cif	PTR	PTR	OH	CZ	ok	1.5846372460093407	113.93467565558862	-89.96960434043075	89.93994563892541	ARG:1056	ARG	NH2	2.7908684078538273	2.0	3.0	ARG:1056	ARG	NH2	2.7908684078538273	HOH:4195	O	3.132695142348093	2.0	15.0	salt_bridge_like			exposed				0.0	0.0		modified	1.5846372460093407	64.8774943594771	72.58823662233642	same	lateral	-89.96960434043075	89.93994563892541
P49841	6Y9R	A	216	PTR_single	1	1	2.08	PTR	115		3	35-384	35-384	PTR	/mnt/c/Users/drpat/OneDrive - UGent/Desktop/PD/Phospho-fill/Validation-allPDB/pdb_cache/6y9r.cif	PTR	PTR	OH	CZ	ok	1.6197996764481257	126.38880616930483	94.2348706815203	-85.29408460017102	ARG:223	ARG	NH1	2.6946837559057273	2.0	2.0	ARG:223	ARG	NH1	2.6946837559057273	HOH:524	O	2.677899320984675	2.0	16.0	salt_bridge_like			exposed				0.0	0.0		modified	1.6197996764481257	63.44605446909093	74.70633220045859	same	lateral	94.2348706815203	-85.29408460017102
P49841	6Y9S	A	216	PTR_single	1	1	2.03	PTR	116		3	35-287,293-383	35-287,293-383	PTR	/mnt/c/Users/drpat/OneDrive - UGent/Desktop/PD/Phospho-fill/Validation-allPDB/pdb_cache/6y9s.cif	PTR	PTR	OH	CZ	ok	1.607674706920728	128.27300597383115	97.59101223850402	-79.90347055237929	ARG:220	ARG	NH2	2.7999790926971575	2.0	2.0	ARG:220	ARG	NH2	2.7999790926971575	HOH:562	O	2.726134982150459	3.0	16.0	salt_bridge_like			exposed				0.0	0.0		modified	1.607674706920728	43.055498436578866	27.733323604312073	same	toward	97.59101223850402	-79.90347055237929
Q13627	7A4O	A	321	PTR_single	1	1	1.9	PTR	161		2	136-408,414-481	136-408,414-481	PTR	/mnt/c/Users/drpat/OneDrive - UGent/Desktop/PD/Phospho-fill/Validation-allPDB/pdb_cache/7a4o.cif	PTR	PTR	OH	CZ	ok	1.5871903627429667	126.97676602507484	-87.20693480758807	90.36719301604062	ARG:328	ARG	NH2	2.813065345928535	2.0	2.0	ARG:328	ARG	NH2	2.813065345928535	HOH:607	O	2.4780385967214884	2.0	16.0	salt_bridge_like			exposed				0.0	0.0		modified	1.5871903627429667	58.350831006777355	68.07692846784354	same	toward	-87.20693480758807	90.36719301604062
Q13627	7A4R	A	321	PTR_single	1	1	1.8	PTR	162		2	148-410,414-479	148-410,414-479	PTR	/mnt/c/Users/drpat/OneDrive - UGent/Desktop/PD/Phospho-fill/Validation-allPDB/pdb_cache/7a4r.cif	PTR	PTR	OH	CZ	ok	1.6006979526326288	126.75708437981268	42.29626184420042	-136.36731942470857	LYS:390	LYS	NZ	2.9153450427666456	2.0	2.0	GLN:320	GLN	NE2	2.753560190525251	HOH:661	O	2.6367306363622114	2.0	9.0	salt_bridge_like			exposed	SEP:145	SEP	24.91480808837555	0.0	0.0		modified	1.6006979526326288	42.15193419228973	26.554397825931336	same	toward	42.29626184420042	-136.36731942470857
Q13627	7A4Z	A	321	PTR_single	1	1	1.9	PTR	163		2	148-410,415-481	148-410,415-481	PTR	/mnt/c/Users/drpat/OneDrive - UGent/Desktop/PD/Phospho-fill/Validation-allPDB/pdb_cache/7a4z.cif	PTR	PTR	OH	CZ	ok	1.5199353000702358	130.10533653228325	-115.84600904441221	51.586855942456445	ARG:328	ARG	NH2	2.745939483889769	2.0	2.0	ARG:328	ARG	NH2	2.745939483889769	HOH:723	O	2.850992171435359	4.0	17.0	salt_bridge_like			exposed				0.0	0.0		modified	1.5199353000702358	65.67903810364665	29.9340975959441	same	lateral	-115.84600904441221	51.586855942456445
Q13627	7A51	A	321	PTR_single	1	1	1.9	PTR	164		2	148-410,415-481	148-410,415-481	PTR	/mnt/c/Users/drpat/OneDrive - UGent/Desktop/PD/Phospho-fill/Validation-allPDB/pdb_cache/7a51.cif	PTR	PTR	OH	CZ	ok	1.5276905960640625	128.17475542738393	-111.8994666849601	52.783338565848034	ARG:328	ARG	NH2	2.7392063430509634	2.0	2.0	ARG:328	ARG	NH2	2.7392063430509634	HOH:726	O	2.8228926975861417	4.0	17.0	salt_bridge_like			exposed				0.0	0.0		modified	1.5276905960640625	64.44057647747007	76.63740754409127	same	lateral	-111.8994666849601	52.783338565848034
Q13627	7A52	A	321	PTR_single	1	1	2.1	PTR	165		2	148-410,414-479	148-410,414-479	PTR	/mnt/c/Users/drpat/OneDrive - UGent/Desktop/PD/Phospho-fill/Validation-allPDB/pdb_cache/7a52.cif	PTR	PTR	OH	CZ	ok	1.6074048318561889	128.98615174713908	51.60381075533047	-126.8920791461254	LYS:390	LYS	NZ	2.7092620580327567	2.0	2.0	LYS:390	LYS	NZ	2.7092620580327567	HOH:608	O	4.081418925160612	0.0	9.0	salt_bridge_like			intermediate	SEP:145	SEP	24.99452588442375	0.0	0.0		modified	1.6074048318561889	42.12074957894407	63.459079908686284	same	toward	51.60381075533047	-126.8920791461254
Q13627	7A53	A	321	PTR_single	1	1	2.2	PTR	166		2	148-408,414-481	148-408,414-481	PTR	/mnt/c/Users/drpat/OneDrive - UGent/Desktop/PD/Phospho-fill/Validation-allPDB/pdb_cache/7a53.cif	PTR	PTR	OH	CZ	ok	1.5993096118997403	131.4021285111203	-138.9523454156047	36.707320619678036	ARG:325	ARG	NE	2.8220172655645386	2.0	2.0	ARG:325	ARG	NE	2.8220172655645386	HOH:626	O	2.51184843319157	1.0	16.0	salt_bridge_like			intermediate	SEP:145	SEP	19.417981395074076	0.0	0.0		modified	1.5993096118997403	40.55008303355301	27.672632145498618	same	toward	-138.9523454156047	36.707320619678036
Q13627	7A55	B	321	PTR_single	1	1	2.2	PTR	167		2	134-406,414-481	134-406,414-481	PTR	/mnt/c/Users/drpat/OneDrive - UGent/Desktop/PD/Phospho-fill/Validation-allPDB/pdb_cache/7a55.cif	PTR	PTR	OH	CZ	ok	1.5891879976721286	125.23806094198275	-29.772554447329014	149.71089861358942	LYS:390	LYS	CE	3.1607166450254227	2.0	2.0	LYS:390	LYS	NZ	3.2114467371160287	HOH:605	O	2.3944613829642316	3.0	11.0	salt_bridge_like			exposed				0.0	0.0		modified	1.5891879976721286	66.6216837717324	48.450320233651404	same	lateral	-29.772554447329014	149.71089861358942
Q13627	7A5D	A	321	PTR_single	1	1	1.8	PTR	168		2	148-410,415-481	148-410,415-481	PTR	/mnt/c/Users/drpat/OneDrive - UGent/Desktop/PD/Phospho-fill/Validation-allPDB/pdb_cache/7a5d.cif	PTR	PTR	OH	CZ	ok	1.503063922909826	129.72532515986865	-120.16259964193713	45.383962871583954	ARG:328	ARG	NH2	2.7465565968442194	2.0	2.0	ARG:328	ARG	NH2	2.7465565968442194	HOH:738	O	2.819180484197161	3.0	17.0	salt_bridge_like			exposed				0.0	0.0		modified	1.503063922909826	66.71003318867878	86.45932252635853	same	lateral	-120.16259964193713	45.383962871583954
Q13627	7A5L	A	321	PTR_single	1	1	2.1	PTR	169		2	148-410,415-481	148-410,415-481	PTR	/mnt/c/Users/drpat/OneDrive - UGent/Desktop/PD/Phospho-fill/Validation-allPDB/pdb_cache/7a5l.cif	PTR	PTR	OH	CZ	ok	1.5215159504275049	131.114528331078	-122.14159932043134	47.749095984515435	ARG:328	ARG	NH2	2.6990114680969275	2.0	2.0	ARG:328	ARG	NH2	2.6990114680969275	HOH:621	O	2.50384643926475	3.0	17.0	salt_bridge_like			exposed				0.0	0.0		modified	1.5215159504275049	69.27691012305219	45.506673086472205	same	lateral	-122.14159932043134	47.749095984515435
Q13627	7A5N	A	321	PTR_single	1	1	2.3	PTR	170		2	148-410,414-481	148-410,414-481	PTR	/mnt/c/Users/drpat/OneDrive - UGent/Desktop/PD/Phospho-fill/Validation-allPDB/pdb_cache/7a5n.cif	PTR	PTR	OH	CZ	ok	1.5951191128587336	124.97531561353298	-161.85876841614714	17.939127392270823	ARG:328	ARG	NH1	2.9226023085416455	2.0	2.0	ARG:328	ARG	NH1	2.9226023085416455	HOH:620	O	3.3016648460313758	1.0	16.0	salt_bridge_like			intermediate	SEP:145	SEP	21.02958409912269	0.0	0.0		modified	1.5951191128587336	86.30829093889375	79.07799856610814	same	lateral	-161.85876841614714	17.939127392270823
Q13627	7AJ2	A	321	PTR_single	1	1	2.1	PTR	171		2	148-410,415-481	148-410,415-481	PTR	/mnt/c/Users/drpat/OneDrive - UGent/Desktop/PD/Phospho-fill/Validation-allPDB/pdb_cache/7aj2.cif	PTR	PTR	OH	CZ	ok	1.5660580624666305	128.9154592767233	-126.97789270644374	46.32200172564143	ARG:325	ARG	NE	2.6211365854477764	2.0	2.0	ARG:325	ARG	NE	2.6211365854477764	HOH:701	O	2.7884864931152267	4.0	16.0	salt_bridge_like			exposed				0.0	0.0		modified	1.5660580624666305	34.7541130060485	27.137129144834457	same	toward	-126.97789270644374	46.32200172564143
Q13627	7AJ4	A	321	PTR_single	1	1	2.0	PTR	172		2	149-410,415-481	149-410,415-481	PTR	/mnt/c/Users/drpat/OneDrive - UGent/Desktop/PD/Phospho-fill/Validation-allPDB/pdb_cache/7aj4.cif	PTR	PTR	OH	CZ	ok	1.5361802042757327	128.2802899315582	-123.43720104945481	44.60159617167651	ARG:325	ARG	NE	2.7080561088750477	2.0	2.0	ARG:325	ARG	NE	2.7080561088750477	HOH:722	O	2.7944065011497137	4.0	17.0	salt_bridge_like			exposed				0.0	0.0		modified	1.5361802042757327	33.957312237940315	83.15323995877058	same	toward	-123.43720104945481	44.60159617167651
Q13627	7AJ5	A	321	PTR_single	1	1	2.0	PTR	173		2	149-411,415-481	149-411,415-481	PTR	/mnt/c/Users/drpat/OneDrive - UGent/Desktop/PD/Phospho-fill/Validation-allPDB/pdb_cache/7aj5.cif	PTR	PTR	OH	CZ	ok	1.5349362146598198	129.54455520503598	-133.21841965378474	36.90560856918987	ARG:325	ARG	NE	2.588671277638279	2.0	2.0	ARG:325	ARG	NE	2.588671277638279	HOH:663	O	2.680062991710263	3.0	17.0	salt_bridge_like			exposed				0.0	0.0		modified	1.5349362146598198	34.15505196074047	78.71609348821993	same	toward	-133.21841965378474	36.90560856918987
Q13627	7AJ8	A	321	PTR_single	1	1	2.0	PTR	174		2	148-410,415-481	148-410,415-481	PTR	/mnt/c/Users/drpat/OneDrive - UGent/Desktop/PD/Phospho-fill/Validation-allPDB/pdb_cache/7aj8.cif	PTR	PTR	OH	CZ	ok	1.5380508518135654	127.50584411364953	-124.47107741999609	45.9668515914482	ARG:325	ARG	NE	2.638129930238003	2.0	2.0	ARG:325	ARG	NE	2.638129930238003	HOH:673	O	2.673355053720541	3.0	17.0	salt_bridge_like			exposed				0.0	0.0		modified	1.5380508518135654	31.674454328992887	80.85905213083385	same	toward	-124.47107741999609	45.9668515914482
Q13627	7AJA	A	321	PTR_single	1	1	2.2	PTR	175		2	148-410,415-481	148-410,415-481	PTR	/mnt/c/Users/drpat/OneDrive - UGent/Desktop/PD/Phospho-fill/Validation-allPDB/pdb_cache/7aja.cif	PTR	PTR	OH	CZ	ok	1.5288798437403268	129.07935361819284	-126.3868057643934	43.36787995497314	ARG:325	ARG	NE	2.703935703985831	2.0	2.0	ARG:325	ARG	NE	2.703935703985831	HOH:641	O	2.618804368738428	5.0	17.0	salt_bridge_like			exposed				0.0	0.0		modified	1.5288798437403268	34.97467400923555	76.00483544532068	same	toward	-126.3868057643934	43.36787995497314
Q13627	7AJM	A	321	PTR_single	1	1	2.4	PTR	176		2	148-410,414-479	148-410,414-479	PTR	/mnt/c/Users/drpat/OneDrive - UGent/Desktop/PD/Phospho-fill/Validation-allPDB/pdb_cache/7ajm.cif	PTR	PTR	OH	CZ	ok	1.6088948921597386	127.74597445430392	45.12535255342954	-132.66602118737538	LYS:390	LYS	NZ	3.3694522273454175	2.0	2.0	LYS:390	LYS	NZ	3.3694522273454175	HOH:618	O	3.0238229130057603	1.0	7.0	salt_bridge_like			intermediate	SEP:145	SEP	24.149338631633242	0.0	0.0		modified	1.6088948921597386	36.23583114210179	26.561642130441616	same	toward	45.12535255342954	-132.66602118737538
Q13627	7AJS	A	321	PTR_single	1	1	2.15	PTR	177		2	148-410,414-479	148-410,414-479	PTR	/mnt/c/Users/drpat/OneDrive - UGent/Desktop/PD/Phospho-fill/Validation-allPDB/pdb_cache/7ajs.cif	PTR	PTR	OH	CZ	ok	1.5891241027729406	124.81786810499155	35.72690753876313	-143.16150071649267	LYS:390	LYS	NZ	2.9404681540163726	2.0	2.0	LYS:390	LYS	NZ	2.9404681540163726	HOH:705	O	2.718773127237089	2.0	10.0	salt_bridge_like			exposed	SEP:145	SEP	24.333148033534776	0.0	0.0		modified	1.5891241027729406	33.30583867822345	29.035046618574036	same	toward	35.72690753876313	-143.16150071649267
Q13627	7AJV	A	321	PTR_single	1	1	2.1	PTR	178		2	148-409,414-481	148-409,414-481	PTR	/mnt/c/Users/drpat/OneDrive - UGent/Desktop/PD/Phospho-fill/Validation-allPDB/pdb_cache/7ajv.cif	PTR	PTR	OH	CZ	ok	1.5853878382458921	126.496939324174	42.819487187722565	-134.74581265146986	LYS:390	LYS	NZ	3.2707319226090155	2.0	2.0	LYS:390	LYS	NZ	3.2707319226090155	HOH:621	O	5.3111844235174	0.0	8.0	salt_bridge_like			intermediate	SEP:145	SEP	24.526064499144514	0.0	0.0		modified	1.5853878382458921	45.327580691474985	66.38622973597411	same	toward	42.819487187722565	-134.74581265146986
Q13627	7AJY	A	321	PTR_single	1	1	2.2	PTR	179		2	148-409,414-481	148-409,414-481	PTR	/mnt/c/Users/drpat/OneDrive - UGent/Desktop/PD/Phospho-fill/Validation-allPDB/pdb_cache/7ajy.cif	PTR	PTR	OH	CZ	ok	1.6092311976208116	126.41183393136063	12.986878547910015	-166.66690748610787	LYS:393	LYS	NZ	3.860745785789787	1.0	2.0	LYS:393	LYS	NZ	3.860745785789787	HOH:604	O	2.4136694715931686	1.0	6.0	water_mediated_like			intermediate	SEP:145	SEP	24.461282304037027	0.0	0.0		modified	1.6092311976208116	47.552680560581656	20.24770921886351	opposite	toward	12.986878547910015	-166.66690748610787
Q13627	7AK2	A	321	PTR_single	1	1	2.1	PTR	180		2	148-410,414-481	148-410,414-481	PTR	/mnt/c/Users/drpat/OneDrive - UGent/Desktop/PD/Phospho-fill/Validation-allPDB/pdb_cache/7ak2.cif	PTR	PTR	OH	CZ	ok	1.5843886525739457	126.2236648530327	54.07502510263649	-124.54064512290044	LYS:393	LYS	NZ	3.8742592533334057	1.0	2.0	GLN:320	GLN	NE2	2.983901408006543	HOH:685	O	5.665808757505564	0.0	7.0	hbond_like			intermediate	SEP:145	SEP	23.439253815848907	0.0	0.0		modified	1.5843886525739457	66.82579818539986	98.30803160937138	opposite	lateral	54.07502510263649	-124.54064512290044
Q13627	7AKA	B	321	PTR_single	1	1	1.9	PTR	181		2	148-409,414-481	148-409,414-481	PTR	/mnt/c/Users/drpat/OneDrive - UGent/Desktop/PD/Phospho-fill/Validation-allPDB/pdb_cache/7aka.cif	PTR	PTR	OH	CZ	ok	1.593883470450622	125.38232576496235	-158.28240556243276	21.272852688989634	LYS:393	LYS	NZ	4.15260437579567	0.0	2.0	LYS:393	LYS	NZ	4.15260437579567	HOH:607	O	2.459878823568189	1.0	4.0	water_mediated_like			intermediate	SEP:145	SEP	23.50399653249512	0.0	0.0		modified	1.593883470450622	53.233058456752104	30.13338392718805	opposite	toward	-158.28240556243276	21.272852688989634
Q13627	7AKE	B	321	PTR_single	1	1	2.3	PTR	182		2	148-408,414-481	148-408,414-481	PTR	/mnt/c/Users/drpat/OneDrive - UGent/Desktop/PD/Phospho-fill/Validation-allPDB/pdb_cache/7ake.cif	PTR	PTR	OH	CZ	ok	1.579356273615285	127.98681963691142	-152.51755638648257	24.990113951587773	LYS:390	LYS	NZ	3.190651270784304	2.0	2.0	LYS:390	LYS	NZ	3.190651270784304	HOH:619	O	2.5226593349179773	3.0	5.0	salt_bridge_like			exposed	SEP:145	SEP	24.858197892235154	0.0	0.0		modified	1.579356273615285	49.720950650142925	35.22435059940189	same	toward	-152.51755638648257	24.990113951587773
Q13627	7AKL	A	321	PTR_single	1	1	2.0	PTR	183		2	148-410,415-481	148-410,415-481	PTR	/mnt/c/Users/drpat/OneDrive - UGent/Desktop/PD/Phospho-fill/Validation-allPDB/pdb_cache/7akl.cif	PTR	PTR	OH	CZ	ok	1.5454301906223606	129.3027629263424	-136.11555230605512	36.676781555493136	ARG:328	ARG	NH2	2.6368187894046913	2.0	2.0	ARG:328	ARG	NH2	2.6368187894046913	HOH:686	O	2.7417770262126857	3.0	17.0	salt_bridge_like			exposed				0.0	0.0		modified	1.5454301906223606	67.64112220468537	85.64994677870689	same	lateral	-136.11555230605512	36.676781555493136
P49841	7B6F	A	216	PTR_single	1	1	2.05	PTR	117		3	36-382	36-382	PTR	/mnt/c/Users/drpat/OneDrive - UGent/Desktop/PD/Phospho-fill/Validation-allPDB/pdb_cache/7b6f.cif	PTR	PTR	OH	CZ	ok	1.6254569942315618	126.4763640334416	-70.50110645186383	107.4823117534899	ARG:220	ARG	NH2	2.6074664199239153	2.0	2.0	ARG:220	ARG	NH2	2.6074664199239153	HOH:539	O	2.680650122655836	2.0	18.0	salt_bridge_like			exposed				0.0	0.0		modified	1.6254569942315618	37.18107311431251	33.98293446663529	same	toward	-70.50110645186383	107.4823117534899
Q13627	7FHS	A	321	PTR_single	1	1	2.42	PTR	184		2	134-408,414-481	134-408,414-481	PTR	/mnt/c/Users/drpat/OneDrive - UGent/Desktop/PD/Phospho-fill/Validation-allPDB/pdb_cache/7fhs.cif	PTR	PTR	OH	CZ	ok	1.5887342877059327	127.48345285698791	-62.54783780215412	114.57196760353793	ARG:325	ARG	NH2	2.647080371188617	2.0	2.0	ARG:325	ARG	NH2	2.647080371188617	HOH:607	O	2.600168895265478	2.0	17.0	salt_bridge_like			exposed				0.0	0.0		modified	1.5887342877059327	31.486492875850967	30.617937983072668	same	toward	-62.54783780215412	114.57196760353793
P54762	7KPM	A	647	PTR_single	1	1	1.608	PTR	124		2	611-763,787-888	611-763,787-888	PTR	/mnt/c/Users/drpat/OneDrive - UGent/Desktop/PD/Phospho-fill/Validation-allPDB/pdb_cache/7kpm.cif	PTR	PTR	OH	CZ	ok	1.6188817809234468	119.91566727119049	-81.85278280471509	98.07139716385316	ARG:637	ARG	NH2	2.8947314421102166	2.0	2.0	ARG:637	ARG	NH2	2.8947314421102166	HOH:1190	O	3.065243374889724	1.0	8.0	salt_bridge_like			intermediate				0.0	0.0		modified	1.6188817809234468	82.46296436626815	70.50843647932867	opposite	lateral	-81.85278280471509	98.07139716385316
O60674	7LL4	A	1007	PTR_single	1	1	1.31	PTR	20		2	839-1132	839-1132	PTR	/mnt/c/Users/drpat/OneDrive - UGent/Desktop/PD/Phospho-fill/Validation-allPDB/pdb_cache/7ll4.cif	PTR	PTR	OH	CZ	ok	1.616835816573547	125.13214590658941	146.85517567158232	-31.31465785912917	LYS:1030	LYS	NZ	2.4419488394344513	1.0	3.0	LYS:1030	LYS	NZ	2.4419488394344513	HOH:1469	O	4.646317096088574	0.0	8.0	salt_bridge_like			intermediate				0.0	0.0		modified	1.616835816573547	71.4749349654639	88.52327832990139	same	lateral	146.85517567158232	-31.31465785912917
O60674	7LL5	A	1007	PTR_single	1	1	1.5	PTR	21		2	840-873,876-1132	840-873,876-1132	PTR	/mnt/c/Users/drpat/OneDrive - UGent/Desktop/PD/Phospho-fill/Validation-allPDB/pdb_cache/7ll5.cif	PTR	PTR	OH	CZ	ok	1.6120907692453685	125.80638691504977	135.2884872642352	-42.437634535854926	LYS:1030	LYS	NZ	2.8404162342768116	2.0	3.0	LYS:1030	LYS	NZ	2.8404162342768116	HOH:1328	O	3.523093475102388	1.0	7.0	salt_bridge_like			intermediate				0.0	0.0		modified	1.6120907692453685	67.10254736882685	71.50723807113425	same	lateral	135.2884872642352	-42.437634535854926
Q9H422	7O7I	A	359	PTR_single	1	1	2.5	PTR	206		1	184-550	184-550	PTR	/mnt/c/Users/drpat/OneDrive - UGent/Desktop/PD/Phospho-fill/Validation-allPDB/pdb_cache/7o7i.cif	PTR	PTR	OH	CZ	ok	1.5950675075881893	125.80848315324255	19.902122685478606	-159.68460268130337	ARG:431	ARG	NH2	3.0462095492365817	1.0	2.0	ARG:431	ARG	NH2	3.0462095492365817	HOH:747	O	3.538513870064927	1.0	7.0	salt_bridge_like			intermediate				0.0	0.0		modified	1.5950675075881893	30.139274685888616	94.58662096231723	same	toward	19.902122685478606	-159.68460268130337
Q13627	7O7K	A	321	PTR_single	1	1	1.82	PTR	185		2	134-410,413-480	134-410,413-480	PTR	/mnt/c/Users/drpat/OneDrive - UGent/Desktop/PD/Phospho-fill/Validation-allPDB/pdb_cache/7o7k.cif	PTR	PTR	OH	CZ	ok	1.650505497556064	124.29175031150584	90.52413907287684	-87.34044762112532	ARG:325	ARG	NH2	2.73999740038992	2.0	2.0	ARG:325	ARG	NH2	2.73999740038992	HOH:972	O	2.79363912352246	3.0	16.0	salt_bridge_like			exposed				0.0	0.0		modified	1.650505497556064	25.364238286051414	29.26040343728558	same	toward	90.52413907287684	-87.34044762112532
Q48614	7R06	A	44	PTR_single	1	1	2.27	PTR	199		1	1-188,191-599	1-188,191-599	PTR	/mnt/c/Users/drpat/OneDrive - UGent/Desktop/PD/Phospho-fill/Validation-allPDB/pdb_cache/7r06.cif	PTR	PTR	OH	CZ	ok	1.611320866167451	124.85870260225984	132.74446866397315	-45.52886573375592	LYS:37	LYS	NZ	3.224703848422131	1.0	1.0	LYS:37	LYS	NZ	3.224703848422131				0.0	12.0	salt_bridge_like			intermediate				0.0	0.0		modified	1.611320866167451	90.80391725162637		opposite	lateral	132.74446866397315	-45.52886573375592
O60674	7REE	A	1007	PTR_single	1	1	1.38	PTR	22		2	839-873,876-1013,1016-1130	839-873,876-1013,1016-1130	PTR	/mnt/c/Users/drpat/OneDrive - UGent/Desktop/PD/Phospho-fill/Validation-allPDB/pdb_cache/7ree.cif	PTR	PTR	OH	CZ	ok	1.598233806059531	124.55541764714528	145.09830271386642	-32.80928562795358	LYS:1005	LYS	NZ	2.4814971143964275	2.0	3.0	LYS:1005	LYS	NZ	2.4814971143964275	HOH:1468	O	4.558672772638857	0.0	8.0	salt_bridge_like			intermediate				0.0	0.0		modified	1.598233806059531	77.7560824924464	89.67822295297543	opposite	lateral	145.09830271386642	-32.80928562795358
A4HXQ3	7S6U	A	186	PTR_single	1	1	1.74	PTR	0		1	1-259,262-353	1-259,262-353	PTR	/mnt/c/Users/drpat/OneDrive - UGent/Desktop/PD/Phospho-fill/Validation-allPDB/pdb_cache/7s6u.cif	PTR	PTR	OH	CZ	ok	1.606817471253906	122.44087844017682	102.37580753877573	-76.4750550235121	ARG:193	ARG	NH2	2.841998272965018	2.0	2.0	ARG:193	ARG	NH2	2.841998272965018	HOH:656	O	4.960232006991525	0.0	16.0	salt_bridge_like			intermediate				0.0	0.0		modified	1.606817471253906	63.08970792668707	76.05463628538385	same	lateral	102.37580753877573	-76.4750550235121
A4HXQ3	7S6V	A	186	PTR_single	1	1	1.66	PTR	1		1	1-255,264-353	1-255,264-353	PTR	/mnt/c/Users/drpat/OneDrive - UGent/Desktop/PD/Phospho-fill/Validation-allPDB/pdb_cache/7s6v.cif	PTR	PTR	OH	CZ	ok	1.6094973178005951	124.25712816433963	83.94321219044787	-94.29929201176586	ARG:193	ARG	NH1	3.0146634512417347	2.0	2.0	ARG:193	ARG	NH1	3.0146634512417347	HOH:534	O	2.6695955465416112	2.0	13.0	salt_bridge_like			exposed				0.0	0.0		modified	1.6094973178005951	66.94843153711192	80.60161335207752	same	lateral	83.94321219044787	-94.29929201176586
P49840	7SXF	A	279	PTR_single	1	1	1.94	PTR	98		1	101-138,142-184,187-444	101-138,142-184,187-444	PTR	/mnt/c/Users/drpat/OneDrive - UGent/Desktop/PD/Phospho-fill/Validation-allPDB/pdb_cache/7sxf.cif	PTR	PTR	OH	CZ	ok	1.6184190471800075	124.24985584666271	-73.77877826366125	104.46639424460038	ARG:283	ARG	NH2	2.604239088994482	2.0	2.0	ARG:283	ARG	NH2	2.604239088994482	HOH:644	O	2.794140439949525	2.0	14.0	salt_bridge_like			exposed				0.0	0.0		modified	1.6184190471800075	33.47603938464605	30.57549708451625	same	toward	-73.77877826366125	104.46639424460038
P49840	7SXG	A	279	PTR_single	1	1	2.4	PTR	99		1	103-109,111-113,116-138,142-184,188-445	103-109,111-113,116-138,142-184,188-445	PTR	/mnt/c/Users/drpat/OneDrive - UGent/Desktop/PD/Phospho-fill/Validation-allPDB/pdb_cache/7sxg.cif	PTR	PTR	OH	CZ	ok	1.6085982369998832	121.12835952583094	106.69675568487139	-72.74970412317136	ARG:286	ARG	NH2	2.4826552335974403	2.0	2.0	ARG:286	ARG	NH2	2.4826552335974403	HOH:613	O	2.8850953459846838	2.0	15.0	salt_bridge_like			exposed				0.0	0.0		modified	1.6085982369998832	54.22897907557503	31.59200128449238	same	toward	106.69675568487139	-72.74970412317136
P49841	7SXH	A	216	PTR_single	1	1	2.09	PTR	118		3	37-119,123-148,151-288,290-383	37-119,123-148,151-288,290-383	PTR	/mnt/c/Users/drpat/OneDrive - UGent/Desktop/PD/Phospho-fill/Validation-allPDB/pdb_cache/7sxh.cif	PTR	PTR	OH	CZ	ok	1.6119839735163526	120.69842385636068	86.03712772946199	-93.77541945092376	ARG:223	ARG	NH2	2.777179962086676	2.0	2.0	ARG:223	ARG	NH2	2.777179962086676	HOH:612	O	4.844092355909254	0.0	15.0	salt_bridge_like			intermediate				0.0	0.0		modified	1.6119839735163526	52.07088429335987	91.90551632608873	same	toward	86.03712772946199	-93.77541945092376
P49841	7SXJ	A	216	PTR_single	1	1	1.85	PTR	119		3	34-63,67-120,122-383	34-63,67-120,122-383	PTR	/mnt/c/Users/drpat/OneDrive - UGent/Desktop/PD/Phospho-fill/Validation-allPDB/pdb_cache/7sxj.cif	PTR	PTR	OH	CZ	ok	1.6107532560333957	123.11209841778009	-73.986598252023	104.95077435293985	ARG:223	ARG	NH2	2.62734607857227	2.0	2.0	ARG:223	ARG	NH2	2.62734607857227	HOH:650	O	4.923410552900197	0.0	15.0	salt_bridge_like			intermediate				0.0	0.0		modified	1.6107532560333957	54.58088968502445	86.75208975039055	same	toward	-73.986598252023	104.95077435293985
P00519	7W7X	A	393	PTR_single	1	1	2.00000937681	PTR	26		4	232-275,278-500	232-275,278-500	PTR	/mnt/c/Users/drpat/OneDrive - UGent/Desktop/PD/Phospho-fill/Validation-allPDB/pdb_cache/7w7x.cif	PTR	PTR	OH	CZ	ok	1.604580030398407	131.38799414246392	-26.24257451537386	151.38564178436232	HIS:396	HIS	ND1	2.7418623637748154	2.0	2.0	HIS:396	HIS	ND1	2.7418623637748154	HOH:722	O	2.549548388114896	2.0	16.0	salt_bridge_like			exposed				0.0	0.0		modified	1.604580030398407	60.41090087456988	67.25226926786077	same	lateral	-26.24257451537386	151.38564178436232
P00519	7W7Y	A	393	PTR_single	1	1	2.20003021871	PTR	27		4	232-500	232-500	PTR	/mnt/c/Users/drpat/OneDrive - UGent/Desktop/PD/Phospho-fill/Validation-allPDB/pdb_cache/7w7y.cif	PTR	PTR	OH	CZ	ok	1.6120393883374764	126.94181613503866	-5.8212586541113795	173.93633964173716	HIS:396	HIS	ND1	3.3048811245249237	2.0	2.0	HIS:396	HIS	ND1	3.3048811245249237	HOH:707	O	2.293173031717738	3.0	17.0	salt_bridge_like			exposed				0.0	0.0		modified	1.6120393883374764	68.47226903285967	81.69004354673115	same	lateral	-5.8212586541113795	173.93633964173716
Q13627	7ZH8	A	321	PTR_single	1	1	2.3	PTR	186		2	135-482	135-482	PTR	/mnt/c/Users/drpat/OneDrive - UGent/Desktop/PD/Phospho-fill/Validation-allPDB/pdb_cache/7zh8.cif	PTR	PTR	OH	CZ	ok	1.5951600655050144	131.5736419977889	-67.04128197325952	107.87934352115023	ARG:328	ARG	NH2	2.7663433268274638	2.0	2.0	ARG:328	ARG	NH2	2.7663433268274638	HOH:703	O	2.8393784261069652	2.0	16.0	salt_bridge_like			exposed				0.0	0.0		modified	1.5951600655050144	65.32632633533213	33.31408606346486	same	lateral	-67.04128197325952	107.87934352115023
P49841	8AV1	A	216	PTR_single	1	1	2.15	PTR	120		3	27-119,124-381	27-119,124-381	PTR	/mnt/c/Users/drpat/OneDrive - UGent/Desktop/PD/Phospho-fill/Validation-allPDB/pdb_cache/8av1.cif	PTR	PTR	OH	CZ	ok	1.5580566536202494	125.32585945102902	82.03014471483075	-95.54245825208288	ARG:220	ARG	NH2	2.799000775762097	2.0	2.0	ARG:220	ARG	NH2	2.799000775762097	HOH:508	O	2.5331946176448543	2.0	17.0	salt_bridge_like			exposed				0.0	0.0		modified	1.5580566536202494	33.38613947710352	71.95687273403658	same	toward	82.03014471483075	-95.54245825208288
Q9Y463	8C2Z	A	273	PTR_single	1	1	1.91	PTR	208		1	88-381,395-434	88-381,395-434	PTR	/mnt/c/Users/drpat/OneDrive - UGent/Desktop/PD/Phospho-fill/Validation-allPDB/pdb_cache/8c2z.cif	PTR	PTR	OH	CZ	ok	1.608121569436326	121.54378066922825	111.55351599508431	-66.69123183872007	ARG:277	ARG	NH2	2.6379422162594572	2.0	2.0	ARG:277	ARG	NH2	2.6379422162594572	HOH:696	O	2.8586179758431216	3.0	15.0	salt_bridge_like			exposed				0.0	0.0		modified	1.608121569436326	31.32811726532217	34.08518719051924	same	toward	111.55351599508431	-66.69123183872007
Q13627	8C3G	A	321	PTR_single	1	1	2.08	PTR	187		2	134-409,413-480	134-409,413-480	PTR	/mnt/c/Users/drpat/OneDrive - UGent/Desktop/PD/Phospho-fill/Validation-allPDB/pdb_cache/8c3g.cif	PTR	PTR	OH	CZ	ok	1.6282376516968435	126.00834054638452	104.44335472108224	-73.67565014002253	ARG:328	ARG	NH2	2.830531434680267	2.0	2.0	ARG:328	ARG	NH2	2.830531434680267	HOH:601	O	2.2453566266678253	3.0	14.0	salt_bridge_like			exposed				0.0	0.0		modified	1.6282376516968435	52.7709739227994	60.25456141068487	same	toward	104.44335472108224	-73.67565014002253
Q13627	8C3Q	A	321	PTR_single	1	1	2.32	PTR	188		2	134-400,402-409,412-480	134-400,402-409,412-480	PTR	/mnt/c/Users/drpat/OneDrive - UGent/Desktop/PD/Phospho-fill/Validation-allPDB/pdb_cache/8c3q.cif	PTR	PTR	OH	CZ	ok	1.5604657243645992	124.15758355115383	-79.72531976676953	99.84502515698063	ARG:325	ARG	NH1	2.7295938475928487	2.0	2.0	ARG:325	ARG	NH1	2.7295938475928487	HOH:659	O	2.7921265317287713	2.0	14.0	salt_bridge_like			exposed				0.0	0.0		modified	1.5604657243645992	28.828894629854094	20.5137604787775	same	toward	-79.72531976676953	99.84502515698063
Q13627	8C3R	A	321	PTR_single	1	1	2.06	PTR	189		2	135-480	135-480	PTR	/mnt/c/Users/drpat/OneDrive - UGent/Desktop/PD/Phospho-fill/Validation-allPDB/pdb_cache/8c3r.cif	PTR	PTR	OH	CZ	ok	1.6019246758940109	124.36559274458645	100.53037989826859	-77.95652308360702	ARG:328	ARG	NH2	2.797922414221456	2.0	2.0	ARG:328	ARG	NH2	2.797922414221456	HOH:718	O	2.7787055591759624	3.0	15.0	salt_bridge_like			exposed				0.0	0.0		modified	1.6019246758940109	55.55602181271171	26.25843730379057	same	toward	100.53037989826859	-77.95652308360702
P01112	8CNN	A	64	PTR_single	1	1	1.48	PTR	37		1	1-166	1-166	PTR	/mnt/c/Users/drpat/OneDrive - UGent/Desktop/PD/Phospho-fill/Validation-allPDB/pdb_cache/8cnn.cif	PTR	PTR	OH	CZ	ok	1.5868028097061417	125.69359591415987	-147.41337782436423	31.687084165869937					0.0	0.0	ASP:33	ASP	OD1	7.190360645582881	HOH:303	O	2.4320029157414087	2.0	5.0	water_mediated_like			exposed				0.0	0.0		modified	1.5868028097061417		67.96698046523935			-147.41337782436423	31.687084165869937
O60674	8G6Z	A	1007	PTR_single	1	1	2.45	PTR	23		2	843-918,923-1010,1013-1067,1070-1131	843-918,923-1010,1013-1067,1070-1131	PTR	/mnt/c/Users/drpat/OneDrive - UGent/Desktop/PD/Phospho-fill/Validation-allPDB/pdb_cache/8g6z.cif	PTR	PTR	OH	CZ	ok	1.5892532051449288	125.42496484914659	-45.82116043394289	132.8173773032536	LYS:1030	LYS	NZ	2.512138081306108	2.0	2.0	LYS:1030	LYS	NZ	2.512138081306108				0.0	6.0	salt_bridge_like			intermediate				0.0	0.0		modified	1.5892532051449288	65.7812968027733		same	lateral	-45.82116043394289	132.8173773032536
P00519	8H7F	A	393	PTR_single	1	1	2.4501342407	PTR	28		4	232-273,276-500	232-273,276-500	PTR	/mnt/c/Users/drpat/OneDrive - UGent/Desktop/PD/Phospho-fill/Validation-allPDB/pdb_cache/8h7f.cif	PTR	PTR	OH	CZ	ok	1.6089977828910866	126.11155387746572	136.61211430500026	-41.16684277824825	ARG:362	ARG	NH1	2.3056599780958305	2.0	2.0	ARG:362	ARG	NH1	2.3056599780958305	HOH:727	O	3.400084637336882	1.0	18.0	salt_bridge_like			intermediate				0.0	0.0		modified	1.6089977828910866	58.001322762784085	111.93953238152825	same	toward	136.61211430500026	-41.16684277824825
P00519	8H7H	A	393	PTR_single	1	1	2.27789711576	PTR	29		4	232-500	232-500	PTR	/mnt/c/Users/drpat/OneDrive - UGent/Desktop/PD/Phospho-fill/Validation-allPDB/pdb_cache/8h7h.cif	PTR	PTR	OH	CZ	ok	1.6103953232553923	123.38233075375547	29.24805657692905	-150.14163605242655	ARG:362	ARG	NH2	2.956416287914097	2.0	2.0	ARG:362	ARG	NH2	2.956416287914097	HOH:701	O	1.9421851781382315	5.0	16.0	salt_bridge_like			exposed				0.0	0.0		modified	1.6103953232553923	77.7402264109565	36.85019021814816	same	lateral	29.24805657692905	-150.14163605242655
P00519	8I7S	B	393	PTR_single	1	1	1.94635467805	PTR	30		4	232-274,280-500	232-274,280-500	PTR	/mnt/c/Users/drpat/OneDrive - UGent/Desktop/PD/Phospho-fill/Validation-allPDB/pdb_cache/8i7s.cif	PTR	PTR	OH	CZ	ok	1.6103947160470287	127.72073737203318	132.54006956439383	-44.65887034335928	LYS:285	LYS	NZ	2.8592484552941038	2.0	3.0	SER:385	SER	OG	2.8413494956912757	HOH:763	O	3.517175893032923	2.0	18.0	salt_bridge_like			exposed				0.0	0.0		modified	1.6103947160470287	60.93737043453125	94.35700153510335	same	lateral	132.54006956439383	-44.65887034335928
P00519	8I7Z	B	393	PTR_single	1	1	2.25495806781	PTR	31		4	232-248,250-273,277-500	232-248,250-273,277-500	PTR	/mnt/c/Users/drpat/OneDrive - UGent/Desktop/PD/Phospho-fill/Validation-allPDB/pdb_cache/8i7z.cif	PTR	PTR	OH	CZ	ok	1.6115939831355997	123.4855916221477	53.814513085671194	-125.21990707383384	HIS:396	HIS	NE2	3.732268953766448	1.0	2.0	SER:385	SER	OG	2.6386820606540065	HOH:760	O	7.100260514451182	0.0	12.0	hbond_like			intermediate				0.0	0.0		modified	1.6115939831355997	90.26500491450497	18.65406674061536	opposite	lateral	53.814513085671194	-125.21990707383384
P12931	8JN8	A	530	PTR_single	1	1	1.902	PTR	68		3	86-536	86-536	PTR	/mnt/c/Users/drpat/OneDrive - UGent/Desktop/PD/Phospho-fill/Validation-allPDB/pdb_cache/8jn8.cif	PTR	PTR	OH	CZ	ok	1.4948722996362145	123.98631226483143	-81.2403371674816	97.04980799686868	ARG:178	ARG	NH2	2.7379238963797055	2.0	4.0	ARG:178	ARG	NH2	2.7379238963797055	HOH:846	O	2.818002477150859	2.0	35.0	salt_bridge_like			exposed				0.0	0.0		modified	1.4948722996362145	55.14506662134367	22.16611318509228	same	toward	-81.2403371674816	97.04980799686868
Q13627	8R8E	A	321	PTR_single	1	1	2.22	PTR	190		2	135-481	135-481	PTR	/mnt/c/Users/drpat/OneDrive - UGent/Desktop/PD/Phospho-fill/Validation-allPDB/pdb_cache/8r8e.cif	PTR	PTR	OH	CZ	ok	1.608687909703663	130.8637767853637	-69.36240678279631	106.14929048332458	ARG:325	ARG	NH1	2.7503121224550435	2.0	2.0	ARG:325	ARG	NH1	2.7503121224550435	HOH:702	O	2.781492568186353	1.0	20.0	salt_bridge_like			intermediate				0.0	0.0		modified	1.608687909703663	18.81457470449738	32.93094914781209	same	toward	-69.36240678279631	106.14929048332458
Q13627	8T2H	B	321	PTR_single	1	1	1.85	PTR	191		2	135-408,414-481	135-408,414-481	PTR	/mnt/c/Users/drpat/OneDrive - UGent/Desktop/PD/Phospho-fill/Validation-allPDB/pdb_cache/8t2h.cif	PTR	PTR	OH	CZ	ok	1.5702154208860277	122.54196280093439	46.25764924918697	-130.24391804668429	LYS:390	LYS	CE	4.505713005738439	0.0	1.0	GLN:320	GLN	NE2	2.2784186081991273	HOH:676	O	2.70840771741247	1.0	7.0	hbond_like			intermediate				0.0	0.0		modified	1.5702154208860277	58.444399530228914	68.86198265288431	same	toward	46.25764924918697	-130.24391804668429
P05480	8XN8	A	529	PTR_single	1	1	1.95	PTR	38		1	85-534	85-534	PTR	/mnt/c/Users/drpat/OneDrive - UGent/Desktop/PD/Phospho-fill/Validation-allPDB/pdb_cache/8xn8.cif	PTR	PTR	OH	CZ	ok	1.5570936631041352	125.02003702174999	106.83273131963534	-70.9539167364617	ARG:177	ARG	NH2	2.764065323550653	2.0	4.0	THR:181	THR	OG1	2.5575299199330823	HOH:785	O	2.6183646388225648	1.0	38.0	salt_bridge_like			buried				0.0	0.0		modified	1.5570936631041352	63.204625625690824	56.49228479002739	same	lateral	106.83273131963534	-70.9539167364617
Q13627	8YEV	A	321	PTR_single	1	1	2.25152331476	PTR	192		2	135-480	135-480	PTR	/mnt/c/Users/drpat/OneDrive - UGent/Desktop/PD/Phospho-fill/Validation-allPDB/pdb_cache/8yev.cif	PTR	PTR	OH	CZ	ok	1.6070297717556967	127.79064053059031	-70.38471960322688	106.55225248541335	ARG:325	ARG	NH2	2.838227779090496	2.0	2.0	ARG:325	ARG	NH2	2.838227779090496	HOH:679	O	2.7359220188283735	3.0	14.0	salt_bridge_like			exposed				0.0	0.0		modified	1.6070297717556967	24.24690512961234	29.904299708368995	same	toward	-70.38471960322688	106.55225248541335
Q16539	9CJ1	A	182	PTR_single	1	1	1.8	PTR	196		2	5-116,119-120,123-169,182-351	5-116,119-120,123-169,182-351	PTR	/mnt/c/Users/drpat/OneDrive - UGent/Desktop/PD/Phospho-fill/Validation-allPDB/pdb_cache/9cj1.cif	PTR	PTR	OH	CZ	ok	1.610151930960578	119.46677534807145	-58.37281590111219	121.76946288922395	LYS:152	LYS	CE	4.360312860338042	0.0	1.0	THR:185	THR	OG1	3.314631977317809	HOH:517	O	2.4893670797212417	1.0	17.0	hbond_like			intermediate				0.0	0.0		modified	1.610151930960578	41.282448864024104	57.91441150553854	same	toward	-58.37281590111219	121.76946288922395
Q16539	9CJ3	A	182	PTR_single	1	1	1.95	PTR	197		2	4-175,181-352	4-175,181-352	PTR	/mnt/c/Users/drpat/OneDrive - UGent/Desktop/PD/Phospho-fill/Validation-allPDB/pdb_cache/9cj3.cif	PTR	PTR	OH	CZ	ok	1.7457627782898968	118.0203526751699	112.16816390241917	-66.09794058059701	ARG:186	ARG	NH2	2.9497786568757243	2.0	2.0	ARG:186	ARG	NH2	2.9497786568757243	HOH:576	O	2.66377515055579	2.0	22.0	salt_bridge_like			exposed				0.0	0.0		modified	1.7457627782898968	59.128307154372095	26.7947565215078	opposite	toward	112.16816390241917	-66.09794058059701
Q16539	9CJ4	A	182	PTR_single	1	1	1.8	PTR	198		2	5-110,114-116,119-173,181-352	5-110,114-116,119-173,181-352	PTR	/mnt/c/Users/drpat/OneDrive - UGent/Desktop/PD/Phospho-fill/Validation-allPDB/pdb_cache/9cj4.cif	PTR	PTR	OH	CZ	ok	1.7672420620726055	123.70115013965936	114.87805860973135	-64.12933248578291	ARG:186	ARG	NH2	2.823047708365951	1.0	1.0	ARG:186	ARG	NH2	2.823047708365951	HOH:510	O	2.3767900866563716	2.0	7.0	salt_bridge_like			exposed				0.0	0.0		modified	1.7672420620726055	60.507421036262414	91.48383147731894	opposite	lateral	114.87805860973135	-64.12933248578291
Q13627	9CY5	B	321	PTR_single	1	1	2.49	PTR	193		2	135-408,414-481	135-408,414-481	PTR	/mnt/c/Users/drpat/OneDrive - UGent/Desktop/PD/Phospho-fill/Validation-allPDB/pdb_cache/9cy5.cif	PTR	PTR	OH	CZ	ok	1.623604172180192	129.30274023031996	-36.64192495346141	138.88731353526515	ARG:325	ARG	NH1	2.691409052786964	2.0	2.0	ARG:325	ARG	NH1	2.691409052786964	HOH:617	O	2.6521430054539046	1.0	15.0	salt_bridge_like			intermediate				0.0	0.0		modified	1.623604172180192	22.842259554320417	65.52819798776991	same	toward	-36.64192495346141	138.88731353526515
P12931	9IRL	A	530	PTR_single	1	1	2.031	PTR	69		3	86-536	86-529,531-536	PTR	/mnt/c/Users/drpat/OneDrive - UGent/Desktop/PD/Phospho-fill/Validation-allPDB/pdb_cache/9irl.cif	PTR	PTR	OH	CZ	ok	1.6121936947225437	124.31218054281283	176.76242792610563	-3.178390960377024	ARG:178	ARG	NH2	3.0318857168240956	2.0	3.0	SER:180	SER	OG	2.658230796618871	HOH:710	O	2.44018387266374	1.0	35.0	salt_bridge_like			buried				0.0	0.0		modified	1.6121936947225437	91.72888163332439	53.296536129303576	same	lateral	176.76242792610563	-3.178390960377024
P00519	9KS5	B	393	PTR_single	1	1	2.2	PTR	32		4	233-500	233-500	PTR	/mnt/c/Users/drpat/OneDrive - UGent/Desktop/PD/Phospho-fill/Validation-allPDB/pdb_cache/9ks5.cif	PTR	PTR	OH	CZ	ok	1.6167382557717003	126.14268744189334	-155.66261516063102	23.140224664047857	HIS:396	HIS	NE2	3.4227493666647786	2.0	3.0	SER:385	SER	OG	2.659948215383619	HOH:603	O	2.0856764973933073	4.0	14.0	salt_bridge_like			exposed				0.0	0.0		modified	1.6167382557717003	86.71372684242435	76.15541715635328	opposite	lateral	-155.66261516063102	23.140224664047857
P49841	9PE9	A	216	PTR_single	1	1	2.11	PTR	121		3	36-45,48-119,125-285,294-382	36-45,48-119,125-285,294-382	PTR	/mnt/c/Users/drpat/OneDrive - UGent/Desktop/PD/Phospho-fill/Validation-allPDB/pdb_cache/9pe9.cif	PTR	PTR	OH	CZ	ok	1.5874964514902048	124.16502552126488	-89.08980971867295	87.54075719610272	ARG:220	ARG	NH2	2.724669086101961	2.0	2.0	ARG:220	ARG	NH2	2.724669086101961	HOH:1027	O	2.6797998890133674	3.0	17.0	salt_bridge_like			exposed				0.0	0.0		modified	1.5874964514902048	38.49781415091802	28.569277482696045	same	toward	-89.08980971867295	87.54075719610272
