acc_id	pdb_id	chain_id	target_position	subset_class	n_target_sites	n_context_sites	input_resolution	expected_resname	source_row_index	master_phospho_sites	master_site_count	mapped_uniprot_range	observed_uniprot_range	target_site_residues	structure_file	actual_resname	residue_class	anchor_atom	base_atom	status	d_anchor_p	angle_base_anchor_p	torsion_CA_CB_OG_P	nearest_basic_label	nearest_basic_resname	nearest_basic_atom	nearest_basic_dist	n_basic_within4	n_basic_within6	nearest_polar_label	nearest_polar_resname	nearest_polar_atom	nearest_polar_dist	nearest_water_label	nearest_water_atom	nearest_water_dist	n_water_within4	nonwater_heavy_within6	interaction_class	secondary_structure	rsa	exposure_class	nearest_other_ptm_label	nearest_other_ptm_resname	nearest_other_ptm_dist	n_other_ptm_within8	n_other_ptm_within12	other_ptm_neighbors	audit_mode	phosphate_vector_norm	phosphate_to_basic_angle_deg	phosphate_to_water_angle_deg	same_side_as_nearest_basic	orientation_toward_basic	ptr_torsion_ce1	ptr_torsion_ce2
Q582V7	10JU	A	71	SEP_single	1	1	2.15	SEP	190		1	54-207,233-347	54-207,233-347	SEP	/mnt/c/Users/drpat/OneDrive - UGent/Desktop/PD/Phospho-fill/Validation-allPDB/pdb_cache/10ju.cif	SEP	SEP	OG	CB	ok	1.6136464592881001	109.36190984076721	-28.861293876054276	HIS:100	HIS	NE2	2.9953667333587597	1	2	HIS:100	HIS	NE2	2.9953667333587597				0	9	salt_bridge_like			intermediate				0	0		modified	1.6136464592881001	64.68730586834309		opposite	lateral		
P07515	1FU0	A	46	SEP_single	1	1	1.9	SEP	89		1	1-87	1-87	SEP	/mnt/c/Users/drpat/OneDrive - UGent/Desktop/PD/Phospho-fill/Validation-allPDB/pdb_cache/1fu0.cif	SEP	SEP	OG	CB	ok	1.5854622240580971	110.67549245193021	8.398830617106807					0	0	ASN:43	ASN	OD1	5.169094018866708	HOH:212	O	2.6387955910985457	4	17	water_mediated_like			exposed				0	0		modified	1.5854622240580971		45.29476753768348				
P51584	1GKK	A	954	SEP_single	1	1	1.6	SEP	169		1	803-1077	803-1077	SEP	/mnt/c/Users/drpat/OneDrive - UGent/Desktop/PD/Phospho-fill/Validation-allPDB/pdb_cache/1gkk.cif	SEP	SEP	OG	CB	ok	1.606485192756335	113.78662515681968	41.728001558089524	HIS:1058	HIS	NE2	3.502773452106512	1	1	HIS:1058	HIS	NE2	3.502773452106512	HOH:2046	O	3.479939980669382	5	24	water_mediated_like			exposed				0	0		modified	1.606485192756335	87.18605161979184	30.131069381047556	opposite	lateral		
Q9PRS8	1GZ2	A	61	SEP_single	1	1	1.5	SEP	222		1	4-142	4-63,69-142	SEP	/mnt/c/Users/drpat/OneDrive - UGent/Desktop/PD/Phospho-fill/Validation-allPDB/pdb_cache/1gz2.cif	SEP	SEP	OG	CB	ok	1.5662183303207895	110.56890929714415	69.9887449350689					0	0	ASN:59	ASN	OD1	2.7873614327656724	HOH:2071	O	2.618449995937942	3	20	hbond_like			exposed				0	0		modified	1.5662183303207895		64.44866517835352				
O15530	1H1W	A	241	SEP_single	1	1	2.0	SEP	7		1	71-232,237-359	71-232,237-359	SEP	/mnt/c/Users/drpat/OneDrive - UGent/Desktop/PD/Phospho-fill/Validation-allPDB/pdb_cache/1h1w.cif	SEP	SEP	OG	CB	ok	1.4864018196159499	120.23376023559756	25.178670758379997	ARG:129	ARG	NH2	3.028407805283063	3	3	ARG:129	ARG	NH2	3.028407805283063	HOH:2114	O	5.765864607890957	0	23	salt_bridge_like			intermediate				0	0		modified	1.4864018196159499	30.35709714079783	22.078788208516944	opposite	toward		
O32723	1H4X	A	57	SEP_single	1	1	1.16	SEP	55		1	2-112	2-112	SEP	/mnt/c/Users/drpat/OneDrive - UGent/Desktop/PD/Phospho-fill/Validation-allPDB/pdb_cache/1h4x.cif	SEP	SEP	OG	CB	ok	1.536555568592753	97.39436135272022	54.589500922846	HIS:23	HIS	CD2	7.8550359642137995	0	0	ASP:56	ASP	OD2	3.6434133694895454	HOH:2133	O	2.6437066137194436	6	9	water_mediated_like			exposed				0	0		modified	1.536555568592753	92.87292211002159	45.84657089290891	same	lateral		
P26276	1K35	A	108	SEP_single	1	1	2.2	SEP	155		1	9-463	9-463	SEP	/mnt/c/Users/drpat/OneDrive - UGent/Desktop/PD/Phospho-fill/Validation-allPDB/pdb_cache/1k35.cif	SEP	SEP	OG	CB	ok	1.6462185335414241	116.31215117734857	-29.238345785108685	LYS:118	LYS	NZ	2.397284415182947	4	6	LYS:118	LYS	NZ	2.397284415182947	HOH:505	O	5.425173259398305	0	28	salt_bridge_like			buried				0	0		modified	1.6462185335414241	53.89844725232292	45.85856462546196	same	toward		
O31465	1MKI	A	74	SEP_single	1	1	2.0	SEP	54		1	1-5,13-35,45-327	1-5,13-35,45-327	SEP	/mnt/c/Users/drpat/OneDrive - UGent/Desktop/PD/Phospho-fill/Validation-allPDB/pdb_cache/1mki.cif	SEP	SEP	OG	CB	ok	1.5030729160357164	115.39441479435256	-63.27423880109678	LYS:77	LYS	NZ	3.4195018520236977	1	2	TYR:253	TYR	OH	2.57712854693445	HOH:1314	O	2.7474502354594934	3	42	salt_bridge_like			exposed				0	0		modified	1.5030729160357164	113.53752097177392	47.46176977960455	opposite	lateral		
O15530	1OKY	A	241	SEP_single	1	1	2.3	SEP	8		1	72-232,239-360	72-232,239-360	SEP	/mnt/c/Users/drpat/OneDrive - UGent/Desktop/PD/Phospho-fill/Validation-allPDB/pdb_cache/1oky.cif	SEP	SEP	OG	CB	ok	1.4817880433448425	119.77821410246263	-24.60568461715254	ARG:204	ARG	NH2	2.950438658114885	1	2	ARG:204	ARG	NH2	2.950438658114885	HOH:2015	O	6.876896223239432	0	18	salt_bridge_like			intermediate				0	0		modified	1.4817880433448425	65.85023820916315	78.19089991055024	same	lateral		
P25924	1PJQ	B	128	SEP_single	1	1	2.21	SEP	153		1	1-272,275-457	1-272,275-457	SEP	/mnt/c/Users/drpat/OneDrive - UGent/Desktop/PD/Phospho-fill/Validation-allPDB/pdb_cache/1pjq.cif	SEP	SEP	OG	CB	ok	1.7696268034239946	145.92394069323575	-131.4497446402091	ARG:137	ARG	NH1	6.382830757186474	0	0	SER:127	SER	OG	3.3099336004872986	HOH:510	O	4.9300019362816565	0	37	hbond_like			buried				0	0		modified	1.7696268034239946	78.69428143276083	20.973664348885393	opposite	lateral		
P25924	1PJS	B	128	SEP_single	1	1	2.4	SEP	154		1	1-359,363-457	1-359,363-457	SEP	/mnt/c/Users/drpat/OneDrive - UGent/Desktop/PD/Phospho-fill/Validation-allPDB/pdb_cache/1pjs.cif	SEP	SEP	OG	CB	ok	1.7280316131781992	146.46843815389926	156.08957953906054	ARG:137	ARG	NE	7.755825963303587	0	0	SER:127	SER	OG	3.386261907229189	HOH:545	O	4.245801370898902	0	32	hbond_like			buried				0	0		modified	1.7280316131781992	74.71256439967297	25.01751666093317	same	lateral		
Q9JLS3	1U5Q	A	181	SEP_single	1	1	2.1	SEP	211		1	12-320	12-320	SEP	/mnt/c/Users/drpat/OneDrive - UGent/Desktop/PD/Phospho-fill/Validation-allPDB/pdb_cache/1u5q.cif	SEP	SEP	OG	CB	ok	1.582788994053688	121.75643164265674	-3.795548789181097	ARG:150	ARG	NH1	2.8946494558895415	1	1	ARG:150	ARG	NH1	2.8946494558895415	HOH:689	O	2.7746652573401644	3	15	salt_bridge_like			exposed				0	0		modified	1.582788994053688	86.8158034150055	38.370833289780464	same	lateral		
Q9JLS3	1U5R	A	181	SEP_single	1	1	2.1	SEP	212		1	12-320	12-320	SEP	/mnt/c/Users/drpat/OneDrive - UGent/Desktop/PD/Phospho-fill/Validation-allPDB/pdb_cache/1u5r.cif	SEP	SEP	OG	CB	ok	1.5843605259590143	116.16801322761842	-33.61894437010477	ARG:150	ARG	NH1	2.6923405880126166	1	2	ARG:150	ARG	NH1	2.6923405880126166	HOH:655	O	2.374969953091959	6	19	salt_bridge_like			exposed				0	0		modified	1.5843605259590143	63.442361667740734	66.23486694636439	same	lateral		
O15530	1UU3	A	241	SEP_single	1	1	1.7	SEP	9		1	73-230,241-360	73-230,241-360	SEP	/mnt/c/Users/drpat/OneDrive - UGent/Desktop/PD/Phospho-fill/Validation-allPDB/pdb_cache/1uu3.cif	SEP	SEP	OG	CB	ok	1.6193579135829153	112.76941011193742	59.080744862093916	ARG:204	ARG	NH2	2.895735376701745	2	2	ARG:204	ARG	NH2	2.895735376701745	HOH:2051	O	4.155830570726157	0	13	salt_bridge_like			intermediate				0	0		modified	1.6193579135829153	49.69659249892166	75.77611467463227	same	toward		
O15530	1UU7	A	241	SEP_single	1	1	1.9	SEP	10		1	73-232,238-359	73-232,238-359	SEP	/mnt/c/Users/drpat/OneDrive - UGent/Desktop/PD/Phospho-fill/Validation-allPDB/pdb_cache/1uu7.cif	SEP	SEP	OG	CB	ok	1.6090872009682649	113.88188001789466	73.72503962888219	ARG:129	ARG	NH2	2.859510919455479	2	2	ARG:129	ARG	NH2	2.859510919455479	HOH:2121	O	2.737539256903202	1	28	salt_bridge_like			buried				0	0		modified	1.6090872009682649	47.18164110190766	63.255903468484924	same	toward		
O15530	1UU8	A	241	SEP_single	1	1	2.5	SEP	11		1	72-231,240-358	72-231,240-358	SEP	/mnt/c/Users/drpat/OneDrive - UGent/Desktop/PD/Phospho-fill/Validation-allPDB/pdb_cache/1uu8.cif	SEP	SEP	OG	CB	ok	1.4962523877069855	120.08164003743201	68.28196572005106	ARG:204	ARG	NH2	2.8393402088186797	2	2	ARG:204	ARG	NH2	2.8393402088186797	HOH:2008	O	7.930227996161942	0	20	salt_bridge_like			intermediate				0	0		modified	1.4962523877069855	58.98050375176818	42.14163094767591	same	toward		
O15530	1UU9	A	241	SEP_single	1	1	1.95	SEP	12		1	72-230,240-357	72-230,240-357	SEP	/mnt/c/Users/drpat/OneDrive - UGent/Desktop/PD/Phospho-fill/Validation-allPDB/pdb_cache/1uu9.cif	SEP	SEP	OG	CB	ok	1.4868594834176372	120.11733440316648	62.8437284686239	ARG:204	ARG	NH2	2.814654253846326	2	2	ARG:204	ARG	NH2	2.814654253846326	HOH:2135	O	4.738900153219245	0	19	salt_bridge_like			intermediate				0	0		modified	1.4868594834176372	53.1094216743399	87.10824437686097	same	toward		
P11309	1YHS	A	261	SEP_single	1	1	2.15	SEP	95		2	33-79,84-305	33-79,84-305	SEP	/mnt/c/Users/drpat/OneDrive - UGent/Desktop/PD/Phospho-fill/Validation-allPDB/pdb_cache/1yhs.cif	SEP	SEP	OG	CB	ok	1.8106211191174577	126.03054222249553	-80.85262906680916	ARG:258	ARG	NH2	3.3600053024381205	1	1	ARG:258	ARG	NH2	3.3600053024381205	HOH:371	O	2.8658071783933408	2	9	salt_bridge_like			exposed				0	0		modified	1.8106211191174577	41.85227974126271	68.72162079513062	same	toward		
P11309	1YI3	A	261	SEP_single	1	1	2.5	SEP	96		2	33-79,84-305	33-79,84-305	SEP	/mnt/c/Users/drpat/OneDrive - UGent/Desktop/PD/Phospho-fill/Validation-allPDB/pdb_cache/1yi3.cif	SEP	SEP	OG	CB	ok	1.5940243237219027	120.57617126902981	-75.40949780116645	ARG:258	ARG	NH2	3.661954156625612	1	1	ARG:258	ARG	NH2	3.661954156625612	HOH:363	O	2.5730119737983723	2	9	water_mediated_like			exposed				0	0		modified	1.5940243237219027	41.883380505802535	59.82142977349317	same	toward		
P11309	1YI4	A	261	SEP_single	1	1	2.4	SEP	97		2	33-79,84-305	33-79,84-305	SEP	/mnt/c/Users/drpat/OneDrive - UGent/Desktop/PD/Phospho-fill/Validation-allPDB/pdb_cache/1yi4.cif	SEP	SEP	OG	CB	ok	1.5882447708008416	121.80717802146754	-66.57564385074127	ARG:258	ARG	NH2	3.978364000148395	1	1	ARG:258	ARG	NH2	3.978364000148395	HOH:381	O	2.5698901609438383	2	9	water_mediated_like			exposed				0	0		modified	1.5882447708008416	51.080478153566524	50.26574025403082	same	toward		
O15530	1Z5M	A	241	SEP_single	1	1	2.17	SEP	13		1	74-230,241-359	74-230,241-359	SEP	/mnt/c/Users/drpat/OneDrive - UGent/Desktop/PD/Phospho-fill/Validation-allPDB/pdb_cache/1z5m.cif	SEP	SEP	OG	CB	ok	1.6031085627185993	115.79659834770946	39.49069160665925	ARG:204	ARG	NH2	2.8210892120050497	1	3	ARG:204	ARG	NH2	2.8210892120050497	HOH:770	O	2.6731832294910127	1	15	salt_bridge_like			intermediate				0	0		modified	1.6031085627185993	73.78114551709261	40.69932887129281	same	lateral		
O06976	2AK7	A	46	SEP_single	1	1	2.0	SEP	6		1	1-85	1-85	SEP	/mnt/c/Users/drpat/OneDrive - UGent/Desktop/PD/Phospho-fill/Validation-allPDB/pdb_cache/2ak7.cif	SEP	SEP	OG	CB	ok	1.6061110218316825	121.17447498084024	-20.520682073672713					0	0	ASN:43	ASN	ND2	4.725966943071205	HOH:4460	O	2.584214946784858	3	18	water_mediated_like			exposed				0	0		modified	1.6061110218316825		86.6966171440513				
O96013	2BVA	B	474	SEP_single	1	1	2.3	SEP	62		2	301-330,334-354,362-465,468-587	301-330,334-354,362-465,468-587	SEP	/mnt/c/Users/drpat/OneDrive - UGent/Desktop/PD/Phospho-fill/Validation-allPDB/pdb_cache/2bva.cif	SEP	SEP	OG	CB	ok	1.621068197243143	103.66113279578387	-62.794549826091966	ARG:472	ARG	NH1	2.8462681117005415	2	2	ARG:472	ARG	NH1	2.8462681117005415				0	18	salt_bridge_like			intermediate				0	0		modified	1.621068197243143	9.34785595139668		same	toward		
Q9NQU5	2C30	A	560	SEP_single	1	1	1.6	SEP	216		2	385-674	385-674	SEP	/mnt/c/Users/drpat/OneDrive - UGent/Desktop/PD/Phospho-fill/Validation-allPDB/pdb_cache/2c30.cif	SEP	SEP	OG	CB	ok	1.6146098194399163	113.84547826559414	-49.769101582492155	ARG:525	ARG	NH2	2.7762220870344954	2	3	ARG:525	ARG	NH2	2.7762220870344954	HOH:2201	O	2.5901798645076775	5	21	salt_bridge_like			exposed				0	0		modified	1.6146098194399163	54.2825494515834	37.17437363784933	same	toward		
O96013	2CDZ	A	474	SEP_single	1	1	2.3	SEP	63		2	299-341,344-590	299-341,344-590	SEP	/mnt/c/Users/drpat/OneDrive - UGent/Desktop/PD/Phospho-fill/Validation-allPDB/pdb_cache/2cdz.cif	SEP	SEP	OG	CB	ok	1.6106206591228842	114.61180210926264	-28.921108324585504	ARG:439	ARG	NH2	2.4742056702331463	2	3	ARG:439	ARG	NH2	2.4742056702331463	HOH:2061	O	5.888735249181162	0	23	salt_bridge_like			intermediate				0	0		modified	1.6106206591228842	56.5524759060867	35.13957699351533	same	toward		
Q9P286	2F57	B	602	SEP_single	1	1	1.8	SEP	221		1	425-718	425-718	SEP	/mnt/c/Users/drpat/OneDrive - UGent/Desktop/PD/Phospho-fill/Validation-allPDB/pdb_cache/2f57.cif	SEP	SEP	OG	CB	ok	1.6001910914036093	115.10548267010711	-48.042885498743516	ARG:567	ARG	NH2	2.7270014776457647	2	2	ARG:567	ARG	NH2	2.7270014776457647	HOH:785	O	2.8328699219313287	2	21	salt_bridge_like			exposed				0	0		modified	1.6001910914036093	55.94148664793377	67.90383079745897	same	toward		
P26276	2FKF	A	108	SEP_single	1	1	2.0	SEP	156		1	9-463	9-463	SEP	/mnt/c/Users/drpat/OneDrive - UGent/Desktop/PD/Phospho-fill/Validation-allPDB/pdb_cache/2fkf.cif	SEP	SEP	OG	CB	ok	1.6274601521697027	114.7160870512773	-35.362906854479895	LYS:118	LYS	NZ	2.878593587038219	5	7	LYS:118	LYS	NZ	2.878593587038219	HOH:638	O	3.4549757962525787	1	35	salt_bridge_like			buried				0	0		modified	1.6274601521697027	49.561059455921765	37.42090259178102	same	toward		
P20906	2FWN	A	26	SEP_single	1	1	1.4	SEP	151		1	2-525	2-525	SEP	/mnt/c/Users/drpat/OneDrive - UGent/Desktop/PD/Phospho-fill/Validation-allPDB/pdb_cache/2fwn.cif	SEP	SEP	OG	CB	ok	1.6034633627200103	120.87799453749389	-32.23875885016107	HIS:70	HIS	NE2	5.074928256172844	0	1	HIS:70	HIS	NE2	5.074928256172844	HOH:1024	O	2.367541965300656	8	7	water_mediated_like			exposed				0	0		modified	1.6034633627200103	79.70509183740603	17.406489543842383	same	lateral		
O96013	2J0I	A	474	SEP_single	1	1	1.6	SEP	64		2	300-589	300-589	SEP	/mnt/c/Users/drpat/OneDrive - UGent/Desktop/PD/Phospho-fill/Validation-allPDB/pdb_cache/2j0i.cif	SEP	SEP	OG	CB	ok	1.6102042765385332	114.08337646084846	-58.80100747800412	ARG:439	ARG	NH2	2.764329548649285	3	4	ARG:439	ARG	NH2	2.764329548649285	HOH:2140	O	2.7404883354633824	2	30	salt_bridge_like			exposed				0	0		modified	1.6102042765385332	50.007169914421375	22.583908178185904	same	toward		
P11309	2OBJ	A	261	SEP_single	1	1	2.5	SEP	98		2	33-305	33-305	SEP	/mnt/c/Users/drpat/OneDrive - UGent/Desktop/PD/Phospho-fill/Validation-allPDB/pdb_cache/2obj.cif	SEP	SEP	OG	CB	ok	1.607486638543097	112.64006298308809	-2.1048984998550524	ARG:258	ARG	NH2	4.196114911798324	0	1	ARG:258	ARG	NH2	4.196114911798324	HOH:410	O	2.4602835790382045	1	4	water_mediated_like			intermediate				0	0		modified	1.607486638543097	89.84529166102631	78.71960211841052	same	lateral		
O15530	2PE0	A	241	SEP_single	1	1	2.35	SEP	14		1	74-230,241-359	74-230,241-359	SEP	/mnt/c/Users/drpat/OneDrive - UGent/Desktop/PD/Phospho-fill/Validation-allPDB/pdb_cache/2pe0.cif	SEP	SEP	OG	CB	ok	1.6064732975680047	116.32748627870208	-16.8202467853961	LYS:228	LYS	NZ	2.7769248208262405	2	3	LYS:228	LYS	NZ	2.7769248208262405				0	19	salt_bridge_like			intermediate				0	0		modified	1.6064732975680047	69.59805176374029		opposite	lateral		
O15530	2PE1	A	241	SEP_single	1	1	2.14	SEP	15		1	74-230,241-359	74-230,241-359	SEP	/mnt/c/Users/drpat/OneDrive - UGent/Desktop/PD/Phospho-fill/Validation-allPDB/pdb_cache/2pe1.cif	SEP	SEP	OG	CB	ok	1.6103026929485151	116.32539795787324	-24.196370184804625	LYS:228	LYS	NZ	2.8545591936624493	2	3	LYS:228	LYS	NZ	2.8545591936624493				0	19	salt_bridge_like			intermediate				0	0		modified	1.6103026929485151	65.88430629204302		opposite	lateral		
O15530	2PE2	A	241	SEP_single	1	1	2.13	SEP	16		1	74-230,241-359	74-230,241-359	SEP	/mnt/c/Users/drpat/OneDrive - UGent/Desktop/PD/Phospho-fill/Validation-allPDB/pdb_cache/2pe2.cif	SEP	SEP	OG	CB	ok	1.6049755895268982	116.1880457695863	47.36010559164539	LYS:228	LYS	NZ	2.7740326966585425	3	3	LYS:228	LYS	NZ	2.7740326966585425	HOH:792	O	5.399566808929472	0	17	salt_bridge_like			intermediate				0	0		modified	1.6049755895268982	28.809081241116864	136.96559844383174	same	toward		
O96013	2Q0N	A	474	SEP_single	1	1	1.75	SEP	65		2	298-591	298-591	SEP	/mnt/c/Users/drpat/OneDrive - UGent/Desktop/PD/Phospho-fill/Validation-allPDB/pdb_cache/2q0n.cif	SEP	SEP	OG	CB	ok	1.5930068363189729	115.37563225722766	-19.98919474177423	ARG:439	ARG	NH1	2.7805630582627097	3	3	ARG:439	ARG	NH1	2.7805630582627097	HOH:153	O	2.689875976657557	1	28	salt_bridge_like			buried				0	0		modified	1.5930068363189729	61.63181167659099	82.52381104996356	same	lateral		
Q9KWY4	2W5V	A	84	SEP_single	1	1	1.78	SEP	213		1	30-375	30-375	SEP	/mnt/c/Users/drpat/OneDrive - UGent/Desktop/PD/Phospho-fill/Validation-allPDB/pdb_cache/2w5v.cif	SEP	SEP	OG	CB	ok	1.619765300073955	116.80266977603354	-66.13103915496015	ARG:148	ARG	NH1	2.680066396491486	3	4	ASP:259	ASP	OD2	2.6193912002649533	HOH:2065	O	2.58126547055396	3	36	salt_bridge_like			exposed				0	0		modified	1.619765300073955	56.52547987877741	54.51681185947787	same	toward		
Q9KWY4	2W5W	A	84	SEP_single	1	1	1.79	SEP	214		1	30-375	30-375	SEP	/mnt/c/Users/drpat/OneDrive - UGent/Desktop/PD/Phospho-fill/Validation-allPDB/pdb_cache/2w5w.cif	SEP	SEP	OG	CB	ok	1.6149734926073909	117.04942221213273	-63.449017368244306	ARG:148	ARG	NH1	2.60250092884528	4	4	ASP:259	ASP	OD2	2.5698220768505204	HOH:2513	O	2.432805069611911	6	36	salt_bridge_like			exposed				0	0		modified	1.6149734926073909	58.012279591531374	10.468858278411732	same	toward		
Q9KWY4	2W5X	A	84	SEP_single	1	1	1.99	SEP	215		1	30-375	30-375	SEP	/mnt/c/Users/drpat/OneDrive - UGent/Desktop/PD/Phospho-fill/Validation-allPDB/pdb_cache/2w5x.cif	SEP	SEP	OG	CB	ok	1.6328959765769109	119.14368795280822	-65.32561213213906	ARG:148	ARG	NH2	2.5838151977839523	4	4	ARG:148	ARG	NH2	2.5838151977839523	HOH:2352	O	2.471972086991163	5	38	salt_bridge_like			exposed				0	0		modified	1.6328959765769109	52.329085734568075	12.43048118722942	same	toward		
O96013	2X4Z	A	474	SEP_single	1	1	2.1	SEP	66		2	299-590	299-590	SEP	/mnt/c/Users/drpat/OneDrive - UGent/Desktop/PD/Phospho-fill/Validation-allPDB/pdb_cache/2x4z.cif	SEP	SEP	OG	CB	ok	1.5875857947347687	120.35802345862196	-47.37450646657798	ARG:472	ARG	NH2	2.6422694636582342	2	3	ARG:472	ARG	NH2	2.6422694636582342	HOH:2087	O	3.2594956400896518	2	22	salt_bridge_like			exposed				0	0		modified	1.5875857947347687	28.15173708689402	70.04667941224139	same	toward		
O15530	2XCH	A	241	SEP_single	1	1	2.0	SEP	17		1	73-231,240-359	73-231,240-359	SEP	/mnt/c/Users/drpat/OneDrive - UGent/Desktop/PD/Phospho-fill/Validation-allPDB/pdb_cache/2xch.cif	SEP	SEP	OG	CB	ok	1.615503776468872	107.42274561230869	30.594700725893183	LYS:228	LYS	NZ	2.657153921492182	3	3	LYS:228	LYS	NZ	2.657153921492182	HOH:2083	O	4.044326902044575	0	20	salt_bridge_like			intermediate				0	0		modified	1.615503776468872	26.788432873232573	14.687224887029977	same	toward		
O15530	2XCK	A	241	SEP_single	1	1	2.3	SEP	18		1	76-231,240-359	76-231,240-359	SEP	/mnt/c/Users/drpat/OneDrive - UGent/Desktop/PD/Phospho-fill/Validation-allPDB/pdb_cache/2xck.cif	SEP	SEP	OG	CB	ok	1.6268117162454019	112.01261136287444	26.004305866696743	LYS:228	LYS	NZ	2.4942249072554135	3	3	LYS:228	LYS	NZ	2.4942249072554135	HOH:2021	O	3.6467214842992575	1	21	salt_bridge_like			intermediate				0	0		modified	1.6268117162454019	30.506843474484626	42.055059654474974	same	toward		
P11309	2XIY	A	261	SEP_single	1	1	2.2	SEP	99		2	33-306	33-306	SEP	/mnt/c/Users/drpat/OneDrive - UGent/Desktop/PD/Phospho-fill/Validation-allPDB/pdb_cache/2xiy.cif	SEP	SEP	OG	CB	ok	1.6362808625719205	117.42482542688069	-62.92559375481854	ARG:258	ARG	NH2	3.114586829775168	1	1	ARG:258	ARG	NH2	3.114586829775168	HOH:2106	O	2.551033494868689	3	9	salt_bridge_like			exposed				0	0		modified	1.6362808625719205	50.08318338793908	31.698054733857273	same	toward		
P11309	2XIZ	A	261	SEP_single	1	1	2.21	SEP	100		2	33-306	33-306	SEP	/mnt/c/Users/drpat/OneDrive - UGent/Desktop/PD/Phospho-fill/Validation-allPDB/pdb_cache/2xiz.cif	SEP	SEP	OG	CB	ok	1.634928090583339	117.24681086114542	-66.3775188348106	ARG:258	ARG	NH2	3.6580512905707434	1	1	ARG:258	ARG	NH2	3.6580512905707434	HOH:2059	O	3.61049388285389	1	9	none_obvious			intermediate				0	0		modified	1.634928090583339	44.33030191749655	76.0874129506276	same	toward		
P11309	2XJ1	A	261	SEP_single	1	1	2.13	SEP	101		2	33-306	33-306	SEP	/mnt/c/Users/drpat/OneDrive - UGent/Desktop/PD/Phospho-fill/Validation-allPDB/pdb_cache/2xj1.cif	SEP	SEP	OG	CB	ok	1.6404835234575224	115.8777921878497	-66.30181742086036	ARG:258	ARG	NH2	3.3215057090473614	1	1	ARG:258	ARG	NH2	3.3215057090473614	HOH:2089	O	2.550135560422525	3	9	salt_bridge_like			exposed				0	0		modified	1.6404835234575224	48.771475162377065	61.67309876325263	same	toward		
P11309	2XJ2	A	261	SEP_single	1	1	2.2	SEP	102		2	33-306	33-306	SEP	/mnt/c/Users/drpat/OneDrive - UGent/Desktop/PD/Phospho-fill/Validation-allPDB/pdb_cache/2xj2.cif	SEP	SEP	OG	CB	ok	1.6285143847631416	116.34951334534954	-62.21762213942233	ARG:258	ARG	NH2	3.572890241877676	1	1	ARG:258	ARG	NH2	3.572890241877676	HOH:2117	O	2.540103170039161	4	9	water_mediated_like			exposed				0	0		modified	1.6285143847631416	47.361436873050515	34.727525679897006	same	toward		
P11309	3BGQ	A	261	SEP_single	1	1	2.0	SEP	103		2	33-305	33-305	SEP	/mnt/c/Users/drpat/OneDrive - UGent/Desktop/PD/Phospho-fill/Validation-allPDB/pdb_cache/3bgq.cif	SEP	SEP	OG	CB	ok	1.8103938875676606	125.4277947883459	-100.70271462359312	ARG:258	ARG	NH2	2.670506568587878	1	1	ARG:258	ARG	NH2	2.670506568587878	HOH:379	O	2.565758384560892	1	13	salt_bridge_like			intermediate				0	0		modified	1.8103938875676606	30.608582189440067	62.921228204613826	same	toward		
P11309	3BGZ	A	261	SEP_single	1	1	2.4	SEP	104		2	33-79,85-305	33-79,85-305	SEP	/mnt/c/Users/drpat/OneDrive - UGent/Desktop/PD/Phospho-fill/Validation-allPDB/pdb_cache/3bgz.cif	SEP	SEP	OG	CB	ok	1.6773244807697365	118.93299504795814	-71.03053835705003	ARG:258	ARG	NH2	3.4615703124140733	1	1	ARG:258	ARG	NH2	3.4615703124140733				0	9	salt_bridge_like			intermediate				0	0		modified	1.6773244807697365	44.32307262671742		same	toward		
P26276	3C04	A	108	SEP_single	1	1	2.2	SEP	157		1	6-463	6-463	SEP	/mnt/c/Users/drpat/OneDrive - UGent/Desktop/PD/Phospho-fill/Validation-allPDB/pdb_cache/3c04.cif	SEP	SEP	OG	CB	ok	1.64631939122902	121.02828917785838	-13.918186108537508	LYS:118	LYS	NZ	2.7583052314101772	4	6	LYS:118	LYS	NZ	2.7583052314101772	HOH:506	O	5.379982716143901	0	29	salt_bridge_like			buried				0	0		modified	1.64631939122902	63.07917181539787	54.37024264283464	same	lateral		
P11309	3CY3	A	261	SEP_single	1	1	2.15	SEP	105		2	33-81,84-305	33-81,84-305	SEP	/mnt/c/Users/drpat/OneDrive - UGent/Desktop/PD/Phospho-fill/Validation-allPDB/pdb_cache/3cy3.cif	SEP	SEP	OG	CB	ok	1.5959576795589163	118.6446433336573	-19.991972056186672	ARG:258	ARG	NH1	4.248505290982854	0	1	ARG:258	ARG	NH1	4.248505290982854	HOH:639	O	2.6186858814397067	2	5	water_mediated_like			exposed				0	0		modified	1.5959576795589163	78.66379128072451	53.41578779198084	same	lateral		
P08149	3EQU	A	465	SEP_single	1	1	2.4	SEP	90		1	63-92,164-501,513-573	63-92,164-501,513-573	SEP	/mnt/c/Users/drpat/OneDrive - UGent/Desktop/PD/Phospho-fill/Validation-allPDB/pdb_cache/3equ.cif	SEP	SEP	OG	CB	ok	1.6661649908501759	118.88459167780498	87.89873956481628	ARG:468	ARG	NH2	3.9884898227363568	1	2	ARG:468	ARG	NH2	3.9884898227363568				0	15	none_obvious			intermediate				0	0		modified	1.6661649908501759	76.12645195147648		same	lateral		
P08149	3EQV	A	465	SEP_single	1	1	2.4	SEP	91		1	53-93,164-503,512-573	53-93,164-503,512-573	SEP	/mnt/c/Users/drpat/OneDrive - UGent/Desktop/PD/Phospho-fill/Validation-allPDB/pdb_cache/3eqv.cif	SEP	SEP	OG	CB	ok	1.6376754156147562	116.03734538271604	77.20012532798589	LYS:463	LYS	CE	4.271090645378665	0	2	GLU:464	GLU	OE2	3.4820995096192693	HOH:601	O	3.267333401460406	1	16	hbond_like			intermediate				0	0		modified	1.6376754156147562	108.20383360794263	54.8097821787088	opposite	lateral		
P11309	3F2A	A	261	SEP_single	1	1	1.9	SEP	106		2	32-308	32-308	SEP	/mnt/c/Users/drpat/OneDrive - UGent/Desktop/PD/Phospho-fill/Validation-allPDB/pdb_cache/3f2a.cif	SEP	SEP	OG	CB	ok	1.5937780525886136	109.4877660484518	-80.09684101624282	ARG:258	ARG	NH1	3.6420955939027175	1	1	ARG:258	ARG	NH1	3.6420955939027175	HOH:351	O	2.6156423273977296	2	13	water_mediated_like			exposed				0	0		modified	1.5937780525886136	64.77483547202525	43.84337428629512	same	lateral		
Q8ZRA1	3GA7	A	165	SEP_single	1	1	1.55	SEP	202		1	4-25,36-321	4-25,36-321	SEP	/mnt/c/Users/drpat/OneDrive - UGent/Desktop/PD/Phospho-fill/Validation-allPDB/pdb_cache/3ga7.cif	SEP	SEP	OG	CB	ok	1.62909388132443	115.00707470322001	40.19448067448849	HIS:292	HIS	NE2	2.84060103857906	1	1	HIS:292	HIS	NE2	2.84060103857906	HOH:665	O	2.49642905516996	2	26	salt_bridge_like			exposed				0	0		modified	1.62909388132443	92.99205135350778	63.875488475128435	opposite	lateral		
O15530	3H9O	A	241	SEP_single	1	1	2.3	SEP	19		1	75-231,241-359	75-231,241-359	SEP	/mnt/c/Users/drpat/OneDrive - UGent/Desktop/PD/Phospho-fill/Validation-allPDB/pdb_cache/3h9o.cif	SEP	SEP	OG	CB	ok	1.619665898199197	111.13810149672055	22.515714031939186	LYS:228	LYS	NZ	2.917659161356661	3	3	LYS:228	LYS	NZ	2.917659161356661	HOH:384	O	6.145143103174085	0	19	salt_bridge_like			intermediate				0	0		modified	1.619665898199197	21.499704806600768	128.06546732693948	same	toward		
O15530	3HRC	A	241	SEP_single	1	1	1.91	SEP	20		1	76-232,237-359	76-232,237-359	SEP	/mnt/c/Users/drpat/OneDrive - UGent/Desktop/PD/Phospho-fill/Validation-allPDB/pdb_cache/3hrc.cif	SEP	SEP	OG	CB	ok	1.6024655119472226	111.51426304093812	-66.85784412106136	ARG:204	ARG	NH2	2.6201261927497432	3	3	ARG:204	ARG	NH2	2.6201261927497432	HOH:427	O	2.5171776895437863	2	22	salt_bridge_like			exposed				0	0		modified	1.6024655119472226	49.488756434825184	85.34788437678912	same	toward		
O15530	3HRF	A	241	SEP_single	1	1	1.9	SEP	21		1	75-359	75-359	SEP	/mnt/c/Users/drpat/OneDrive - UGent/Desktop/PD/Phospho-fill/Validation-allPDB/pdb_cache/3hrf.cif	SEP	SEP	OG	CB	ok	1.6083315519829033	112.76394794315972	-65.86157404578324	ARG:204	ARG	NH2	2.6074539397274257	3	3	ARG:204	ARG	NH2	2.6074539397274257	HOH:378	O	2.83357732098908	1	21	salt_bridge_like			intermediate				0	0		modified	1.6083315519829033	50.75591928632122	50.76993959433523	same	toward		
Q5NII8	3I3W	A	101	SEP_single	1	1	2.3	SEP	192		1	3-443	3-443	SEP	/mnt/c/Users/drpat/OneDrive - UGent/Desktop/PD/Phospho-fill/Validation-allPDB/pdb_cache/3i3w.cif	SEP	SEP	OG	CB	ok	1.6196758565644016	110.51548365596749	16.590031792892027	HIS:102	HIS	ND1	2.4493074262513996	5	5	HIS:102	HIS	ND1	2.4493074262513996	HOH:560	O	4.544450934685082	0	39	salt_bridge_like			buried				0	0		modified	1.6196758565644016	62.27670033204426	54.8778861197775	same	lateral		
O15530	3IOP	A	241	SEP_single	1	1	2.2	SEP	22		1	75-231,241-359	75-231,241-359	SEP	/mnt/c/Users/drpat/OneDrive - UGent/Desktop/PD/Phospho-fill/Validation-allPDB/pdb_cache/3iop.cif	SEP	SEP	OG	CB	ok	1.6157120911897234	111.67748976352638	52.829104550066994	LYS:228	LYS	NZ	2.720033017390741	2	3	LYS:228	LYS	NZ	2.720033017390741				0	17	salt_bridge_like			intermediate				0	0		modified	1.6157120911897234	43.05815674617448		same	toward		
P11309	3MA3	A	261	SEP_single	1	1	2.3	SEP	107		2	37-45,48-305	37-45,48-305	SEP	/mnt/c/Users/drpat/OneDrive - UGent/Desktop/PD/Phospho-fill/Validation-allPDB/pdb_cache/3ma3.cif	SEP	SEP	OG	CB	ok	1.6283813347549612	114.2229546015177	59.96772650854853	ARG:258	ARG	NH2	3.000158716691577	1	1	ARG:258	ARG	NH2	3.000158716691577	HOH:402	O	2.182537586537067	3	9	salt_bridge_like			exposed				0	0		modified	1.6283813347549612	46.35577038957465	71.10459340240746	same	toward		
O15530	3NUN	A	241	SEP_single	1	1	2.2	SEP	23		1	71-231,241-358	71-231,241-358	SEP	/mnt/c/Users/drpat/OneDrive - UGent/Desktop/PD/Phospho-fill/Validation-allPDB/pdb_cache/3nun.cif	SEP	SEP	OG	CB	ok	1.6190811361650337	112.10257472676456	32.93923836970745	ARG:204	ARG	NH2	2.8951903413540494	3	3	ARG:204	ARG	NH2	2.8951903413540494	HOH:377	O	6.793918780083705	0	17	salt_bridge_like			intermediate				0	0		modified	1.6190811361650337	78.51647686664117	141.2640428957062	same	lateral		
O15530	3NUU	A	241	SEP_single	1	1	1.9803	SEP	24		1	73-231,241-358	73-231,241-358	SEP	/mnt/c/Users/drpat/OneDrive - UGent/Desktop/PD/Phospho-fill/Validation-allPDB/pdb_cache/3nuu.cif	SEP	SEP	OG	CB	ok	1.6135532231408907	111.14988519723313	41.774046663016186	LYS:228	LYS	NZ	3.0048330317270846	3	3	LYS:228	LYS	NZ	3.0048330317270846				0	15	salt_bridge_like			intermediate				0	0		modified	1.6135532231408907	13.58370725600103		same	toward		
O15530	3NUY	A	241	SEP_single	1	1	2.1	SEP	25		1	73-231,241-358	73-231,241-358	SEP	/mnt/c/Users/drpat/OneDrive - UGent/Desktop/PD/Phospho-fill/Validation-allPDB/pdb_cache/3nuy.cif	SEP	SEP	OG	CB	ok	1.617336959183032	114.36915621951667	0.7324135263780412	ARG:204	ARG	NH2	3.0372700544744204	3	3	TYR:126	TYR	OH	2.9844673669162574				0	18	salt_bridge_like			intermediate				0	0		modified	1.617336959183032	66.74912233148741		same	lateral		
O15530	3ORX	A	241	SEP_single	1	1	2.2044	SEP	26		1	75-236,238-359	75-236,238-359	SEP	/mnt/c/Users/drpat/OneDrive - UGent/Desktop/PD/Phospho-fill/Validation-allPDB/pdb_cache/3orx.cif	SEP	SEP	OG	CB	ok	1.618882861804942	113.74620010693893	53.418561756909234	ARG:129	ARG	NH2	2.4376949971307	2	3	ARG:129	ARG	NH2	2.4376949971307	HOH:398	O	3.84242863470118	1	23	salt_bridge_like			intermediate				0	0		modified	1.618882861804942	33.85969836792178	68.700313578813	same	toward		
O15530	3ORZ	B	241	SEP_single	1	1	1.9995	SEP	27		1	73-231,240-359	73-231,240-359	SEP	/mnt/c/Users/drpat/OneDrive - UGent/Desktop/PD/Phospho-fill/Validation-allPDB/pdb_cache/3orz.cif	SEP	SEP	OG	CB	ok	1.6147113558194024	111.36919544115612	23.14207253979003	LYS:123	LYS	NZ	4.3757590265200355	0	1	LYS:123	LYS	NZ	4.3757590265200355	HOH:462	O	5.717358934422138	0	4	none_obvious			intermediate				0	0		modified	1.6147113558194024	64.88110841685968	120.98000279736817	opposite	lateral		
O15530	3OTU	A	241	SEP_single	1	1	2.1013	SEP	28		1	77-90,92-231,237-359	77-90,92-231,237-359	SEP	/mnt/c/Users/drpat/OneDrive - UGent/Desktop/PD/Phospho-fill/Validation-allPDB/pdb_cache/3otu.cif	SEP	SEP	OG	CB	ok	1.5961761188350299	109.13661301001244	-51.104303042544174	ARG:204	ARG	NH2	2.936945157980482	2	2	ARG:204	ARG	NH2	2.936945157980482	HOH:38	O	2.8361872652719353	1	15	salt_bridge_like			intermediate				0	0		modified	1.5961761188350299	74.89656533324536	10.30948037968968	same	lateral		
O15530	3QC4	A	241	SEP_single	1	1	1.8	SEP	29		1	76-231,239-359	76-231,239-359	SEP	/mnt/c/Users/drpat/OneDrive - UGent/Desktop/PD/Phospho-fill/Validation-allPDB/pdb_cache/3qc4.cif	SEP	SEP	OG	CB	ok	1.6398277260388285	115.06793705866704	-66.40867967247237	LYS:228	LYS	NZ	2.6262031856179378	2	3	LYS:228	LYS	NZ	2.6262031856179378	HOH:540	O	2.485548866052292	2	15	salt_bridge_like			exposed				0	0		modified	1.6398277260388285	26.434954399088426	80.16103338953123	same	toward		
O15530	3QCS	A	241	SEP_single	1	1	2.487	SEP	30		1	73-231,241-358	73-231,241-358	SEP	/mnt/c/Users/drpat/OneDrive - UGent/Desktop/PD/Phospho-fill/Validation-allPDB/pdb_cache/3qcs.cif	SEP	SEP	OG	CB	ok	1.6164605905594838	112.02315593953958	2.1533650784647134	ARG:204	ARG	NH2	2.912695140856245	3	3	ARG:204	ARG	NH2	2.912695140856245				0	17	salt_bridge_like			intermediate				0	0		modified	1.6164605905594838	62.42610470575829		same	lateral		
O15530	3QCX	A	241	SEP_single	1	1	2.3	SEP	31		1	73-231,241-358	73-231,241-358	SEP	/mnt/c/Users/drpat/OneDrive - UGent/Desktop/PD/Phospho-fill/Validation-allPDB/pdb_cache/3qcx.cif	SEP	SEP	OG	CB	ok	1.6221251288714893	111.81331013470978	-45.38024350017357	ARG:204	ARG	NH2	2.845760323706865	1	3	ARG:204	ARG	NH2	2.845760323706865				0	13	salt_bridge_like			intermediate				0	0		modified	1.6221251288714893	55.222701409740445		same	toward		
O15530	3QD3	A	241	SEP_single	1	1	2.0	SEP	32		1	71-231,241-358	71-231,241-358	SEP	/mnt/c/Users/drpat/OneDrive - UGent/Desktop/PD/Phospho-fill/Validation-allPDB/pdb_cache/3qd3.cif	SEP	SEP	OG	CB	ok	1.608947395275706	109.98019542597993	27.40493399400188	ARG:204	ARG	NH2	2.6450931233966006	2	3	ARG:204	ARG	NH2	2.6450931233966006	HOH:34	O	3.4728783087003046	1	13	salt_bridge_like			intermediate				0	0		modified	1.608947395275706	61.63731727391307	47.48378675618221	same	lateral		
P35557	3QIC	A	411	SEP_single	1	1	2.2	SEP	161		1	12-459	12-459	SEP	/mnt/c/Users/drpat/OneDrive - UGent/Desktop/PD/Phospho-fill/Validation-allPDB/pdb_cache/3qic.cif	SEP	SEP	OG	CB	ok	1.6722024080908997	122.53952646970889	91.45557601081292	LYS:169	LYS	NZ	6.724596280276519	0	0	THR:82	THR	OG1	2.781838308167966	HOH:702	O	3.452055427835855	1	21	hbond_like			intermediate				0	0		modified	1.6722024080908997	50.88638658827737	55.74913379407936	same	toward		
P52956	3QPD	A	126	SEP_single	1	1	1.571	SEP	175		1	26-212	26-212	SEP	/mnt/c/Users/drpat/OneDrive - UGent/Desktop/PD/Phospho-fill/Validation-allPDB/pdb_cache/3qpd.cif	SEP	SEP	OG	CB	ok	1.5355295574312762	120.55253270834658	44.542903181494914	HIS:194	HIS	NE2	3.1356220867349696	1	1	SER:48	SER	OG	2.596937438029261	HOH:349	O	2.6010354873763903	1	27	salt_bridge_like			buried				0	0		modified	1.5355295574312762	98.59678281983541	37.89214059944563	opposite	lateral		
O15530	3RCJ	A	241	SEP_single	1	1	1.7	SEP	33		1	77-358	77-358	SEP	/mnt/c/Users/drpat/OneDrive - UGent/Desktop/PD/Phospho-fill/Validation-allPDB/pdb_cache/3rcj.cif	SEP	SEP	OG	CB	ok	1.5735526135051932	110.69691903983488	-63.738495393090865	ARG:204	ARG	NH1	2.7255352526267917	3	3	ARG:204	ARG	NH1	2.7255352526267917	HOH:452	O	4.053797783112375	0	23	salt_bridge_like			intermediate				0	0		modified	1.5735526135051932	52.618481884611256	49.85816011438425	same	toward		
O15530	3RWP	A	241	SEP_single	1	1	1.92	SEP	34		1	73-231,241-359	73-231,241-359	SEP	/mnt/c/Users/drpat/OneDrive - UGent/Desktop/PD/Phospho-fill/Validation-allPDB/pdb_cache/3rwp.cif	SEP	SEP	OG	CB	ok	1.6282624714228568	115.09859945243905	63.960620453785396	ARG:204	ARG	NH2	2.768484620741756	3	3	ARG:204	ARG	NH2	2.768484620741756	HOH:384	O	3.9726410513176464	1	17	salt_bridge_like			intermediate				0	0		modified	1.6282624714228568	49.110320398467216	47.35028120082658	same	toward		
Q96G74	3TMP	A	177	SEP_single	1	1	1.91	SEP	203		1	173-188,192-341	173-188,192-341	SEP	/mnt/c/Users/drpat/OneDrive - UGent/Desktop/PD/Phospho-fill/Validation-allPDB/pdb_cache/3tmp.cif	SEP	SEP	OG	CB	ok	1.6200762639170403	116.47144870070225	68.36875896390761	LYS:273	LYS	NZ	2.7068662989239116	2	2	TYR:181	TYR	OH	2.554422296016863	HOH:78	O	2.445872250681253	2	36	salt_bridge_like			exposed				0	0		modified	1.6200762639170403	25.76197656467418	51.55282558863843	same	toward		
P23874	3TPE	A	150	SEP_single	1	1	1.9	SEP	152		1	2-108,114-134,142-341,345-437	2-108,114-134,142-341,345-437	SEP	/mnt/c/Users/drpat/OneDrive - UGent/Desktop/PD/Phospho-fill/Validation-allPDB/pdb_cache/3tpe.cif	SEP	SEP	OG	CB	ok	1.5998876635885912	121.82595193305045	-59.1561981828186	HIS:311	HIS	NE2	2.818255269346932	1	3	HIS:311	HIS	NE2	2.818255269346932	HOH:715	O	3.305355163189564	2	20	salt_bridge_like			exposed				0	0		modified	1.5998876635885912	72.8818920615396	22.549976991119266	opposite	lateral		
P51584	3ZI7	A	954	SEP_single	1	1	2.3	SEP	170		1	803-1077	803-1077	SEP	/mnt/c/Users/drpat/OneDrive - UGent/Desktop/PD/Phospho-fill/Validation-allPDB/pdb_cache/3zi7.cif	SEP	SEP	OG	CB	ok	1.5969593069605659	117.72971903016995	46.193850828398155	HIS:1058	HIS	NE2	2.7934730271442905	1	1	HIS:1058	HIS	NE2	2.7934730271442905	HOH:3240	O	2.524880164166026	5	24	salt_bridge_like			exposed				0	0		modified	1.5969593069605659	89.50488995186042	32.83643483965584	opposite	lateral		
O15530	4A06	A	241	SEP_single	1	1	2.0	SEP	35		1	75-359	75-359	SEP	/mnt/c/Users/drpat/OneDrive - UGent/Desktop/PD/Phospho-fill/Validation-allPDB/pdb_cache/4a06.cif	SEP	SEP	OG	CB	ok	1.6131915877994134	110.54313760128235	-67.25820103726043	ARG:204	ARG	NH2	2.656763917472554	3	3	ARG:204	ARG	NH2	2.656763917472554	HOH:2058	O	2.90428232375828	1	21	salt_bridge_like			intermediate				0	0		modified	1.6131915877994134	54.319053951271684	51.91768207227555	same	toward		
O15530	4A07	A	241	SEP_single	1	1	1.85	SEP	36		1	75-359	75-359	SEP	/mnt/c/Users/drpat/OneDrive - UGent/Desktop/PD/Phospho-fill/Validation-allPDB/pdb_cache/4a07.cif	SEP	SEP	OG	CB	ok	1.6074038480146384	110.65067760840864	-61.27582691799433	ARG:204	ARG	NH2	2.7401878294810005	3	3	ARG:204	ARG	NH2	2.7401878294810005	HOH:2133	O	2.6772637675861968	4	21	salt_bridge_like			exposed				0	0		modified	1.6074038480146384	51.48702274704567	50.17102511103697	same	toward		
P11309	4A7C	A	261	SEP_single	1	1	2.3	SEP	108		2	32-305	32-305	SEP	/mnt/c/Users/drpat/OneDrive - UGent/Desktop/PD/Phospho-fill/Validation-allPDB/pdb_cache/4a7c.cif	SEP	SEP	OG	CB	ok	1.6456177306073287	115.53002546299939	-65.70892541221446	ARG:258	ARG	NH2	3.5482531326515456	1	1	ARG:258	ARG	NH2	3.5482531326515456	HOH:2160	O	2.6384877863033034	3	9	water_mediated_like			exposed				0	0		modified	1.6456177306073287	48.40359261448403	53.27439583489968	same	toward		
O96013	4APP	A	474	SEP_single	1	1	2.2	SEP	67		2	300-591	300-591	SEP	/mnt/c/Users/drpat/OneDrive - UGent/Desktop/PD/Phospho-fill/Validation-allPDB/pdb_cache/4app.cif	SEP	SEP	OG	CB	ok	1.588103318786221	120.6779880503231	-49.74045854890477	ARG:472	ARG	NH2	2.5865929806052406	2	2	ARG:472	ARG	NH2	2.5865929806052406	HOH:2021	O	3.0047607512076513	2	22	salt_bridge_like			exposed				0	0		modified	1.588103318786221	25.117958188127197	22.67073916156201	same	toward		
O15530	4AW0	A	241	SEP_single	1	1	1.43	SEP	37		1	75-359	75-359	SEP	/mnt/c/Users/drpat/OneDrive - UGent/Desktop/PD/Phospho-fill/Validation-allPDB/pdb_cache/4aw0.cif	SEP	SEP	OG	CB	ok	1.5965398058828604	108.27597331311009	-63.20101982597702	ARG:204	ARG	NH2	2.7730609055949924	3	3	ARG:204	ARG	NH2	2.7730609055949924	HOH:2147	O	2.694795730454868	4	22	salt_bridge_like			exposed				0	0		modified	1.5965398058828604	48.441340329963985	48.43396891525524	same	toward		
O15530	4AW1	A	241	SEP_single	1	1	1.68	SEP	38		1	66-72,75-231,237-359	66-72,75-231,237-359	SEP	/mnt/c/Users/drpat/OneDrive - UGent/Desktop/PD/Phospho-fill/Validation-allPDB/pdb_cache/4aw1.cif	SEP	SEP	OG	CB	ok	1.6230344769164433	109.19407428579598	-64.494656837089	ARG:129	ARG	NH1	2.5623039031772668	3	3	ARG:129	ARG	NH1	2.5623039031772668	HOH:2098	O	2.864775615793467	1	25	salt_bridge_like			buried				0	0		modified	1.6230344769164433	40.10293372701265	52.598361143431994	same	toward		
P51584	4BAG	A	954	SEP_single	1	1	1.9	SEP	171		1	803-1077	803-1077	SEP	/mnt/c/Users/drpat/OneDrive - UGent/Desktop/PD/Phospho-fill/Validation-allPDB/pdb_cache/4bag.cif	SEP	SEP	OG	CB	ok	1.62054071502045	111.64085388801207	38.8219289029269	HIS:1058	HIS	NE2	2.746233104786743	1	1	HIS:1058	HIS	NE2	2.746233104786743	HOH:3061	O	2.68948700228481	1	23	salt_bridge_like			intermediate				0	0		modified	1.62054071502045	87.02534687493959	42.88765548490136	opposite	lateral		
B0XPI4	4BJU	A	69	SEP_single	1	1	2.35	SEP	3		1	1-84,102-565	1-84,102-565	SEP	/mnt/c/Users/drpat/OneDrive - UGent/Desktop/PD/Phospho-fill/Validation-allPDB/pdb_cache/4bju.cif	SEP	SEP	OG	CB	ok	1.6139460648396498	118.27187908970915	22.085956152673056	ARG:289	ARG	NH1	2.6820697554953634	3	4	ARG:289	ARG	NH1	2.6820697554953634	HOH:2001	O	6.704430775785099	0	27	salt_bridge_like			buried				0	0		modified	1.6139460648396498	48.248933962962624	96.40034899543468	same	toward		
P39579	4BPG	A	36	SEP_single	1	1	2.2	SEP	167		1	1-78	1-78	SEP	/mnt/c/Users/drpat/OneDrive - UGent/Desktop/PD/Phospho-fill/Validation-allPDB/pdb_cache/4bpg.cif	SEP	SEP	OG	CB	ok	1.6115046560876274	110.07003038016198	-0.5255974633978551	ARG:61	ARG	NH2	5.258903420732872	0	1	ARG:61	ARG	NH2	5.258903420732872	HOH:2019	O	3.3514335886804822	1	7	water_mediated_like			intermediate				0	0		modified	1.6115046560876274	114.91633375302055	96.89117215153628	opposite	lateral		
P11309	4BZN	A	261	SEP_single	1	1	1.9	SEP	109		2	33-305	33-305	SEP	/mnt/c/Users/drpat/OneDrive - UGent/Desktop/PD/Phospho-fill/Validation-allPDB/pdb_cache/4bzn.cif	SEP	SEP	OG	CB	ok	1.6427597611753981	121.75573247596431	-73.78013399038565	ARG:258	ARG	NH2	3.384237965972158	1	1	ARG:258	ARG	NH2	3.384237965972158	HOH:2138	O	2.7828388181317947	5	8	salt_bridge_like			exposed				0	0		modified	1.6427597611753981	42.25424189227241	36.386660616050094	same	toward		
P11309	4BZO	A	261	SEP_single	1	1	2.1	SEP	110		2	33-305	33-305	SEP	/mnt/c/Users/drpat/OneDrive - UGent/Desktop/PD/Phospho-fill/Validation-allPDB/pdb_cache/4bzo.cif	SEP	SEP	OG	CB	ok	1.6558298540493614	123.95584646219483	-74.44181320286303	ARG:258	ARG	NH2	3.409656233876114	1	1	ARG:258	ARG	NH2	3.409656233876114	HOH:2112	O	2.971001438786453	2	8	salt_bridge_like			exposed				0	0		modified	1.6558298540493614	43.278867530779074	32.996369318777425	same	toward		
O15530	4CT1	A	241	SEP_single	1	1	1.85	SEP	39		1	76-359	76-359	SEP	/mnt/c/Users/drpat/OneDrive - UGent/Desktop/PD/Phospho-fill/Validation-allPDB/pdb_cache/4ct1.cif	SEP	SEP	OG	CB	ok	1.5991797183775796	107.86712481173608	-62.310860319279264	ARG:204	ARG	NH1	2.6893046860596703	3	3	ARG:204	ARG	NH1	2.6893046860596703	HOH:2033	O	2.617039259328185	5	21	salt_bridge_like			exposed				0	0		modified	1.5991797183775796	53.00773304271811	51.26763520755686	same	toward		
O15530	4CT2	A	241	SEP_single	1	1	1.25	SEP	40		1	75-118,124-359	75-118,124-359	SEP	/mnt/c/Users/drpat/OneDrive - UGent/Desktop/PD/Phospho-fill/Validation-allPDB/pdb_cache/4ct2.cif	SEP	SEP	OG	CB	ok	1.6195956025603055	115.48336041430991	-64.8519549500992	ARG:129	ARG	NH1	2.693073145121266	3	3	ARG:129	ARG	NH1	2.693073145121266	HOH:2205	O	2.575758924316281	4	22	salt_bridge_like			exposed				0	0		modified	1.6195956025603055	38.47335793277149	86.61239193192891	same	toward		
Q9UHD2	4EUU	A	172	SEP_single	1	1	1.8	SEP	225		1	2-307	2-307	SEP	/mnt/c/Users/drpat/OneDrive - UGent/Desktop/PD/Phospho-fill/Validation-allPDB/pdb_cache/4euu.cif	SEP	SEP	OG	CB	ok	1.6077611418338646	113.46337866307816	26.340562104357364	ARG:134	ARG	NH1	2.7160216421144163	3	3	TYR:174	TYR	OH	2.5458999222941285	HOH:653	O	2.573839819921903	3	27	salt_bridge_like			exposed				0	0		modified	1.6077611418338646	83.08863201331016	74.22879436024651	opposite	lateral		
P51584	4H35	A	954	SEP_single	1	1	1.9	SEP	172		1	803-1077	803-1077	SEP	/mnt/c/Users/drpat/OneDrive - UGent/Desktop/PD/Phospho-fill/Validation-allPDB/pdb_cache/4h35.cif	SEP	SEP	OG	CB	ok	1.622527454576937	111.55431681085902	39.60862602543154	HIS:1058	HIS	NE2	2.701746747022576	1	1	HIS:1058	HIS	NE2	2.701746747022576	HOH:1277	O	2.777550564941846	1	24	salt_bridge_like			buried				0	0		modified	1.622527454576937	86.80364554418938	42.17796167370465	opposite	lateral		
P08200	4ICD	A	113	SEP_single	1	1	2.5	SEP	93		1	3-416	3-416	SEP	/mnt/c/Users/drpat/OneDrive - UGent/Desktop/PD/Phospho-fill/Validation-allPDB/pdb_cache/4icd.cif	SEP	SEP	OG	CB	ok	1.569990992224229	132.20893690086612	-46.54898277899613	ARG:119	ARG	NH1	4.635974929455663	0	1	ASN:115	ASN	ND2	3.1103837452729053	HOH:480	O	2.6952821980081643	4	17	hbond_like			exposed				0	0		modified	1.569990992224229	64.58039148345887	63.3117099953203	opposite	lateral		
P26276	4IL8	A	108	SEP_single	1	1	1.8	SEP	158		1	5-463	5-463	SEP	/mnt/c/Users/drpat/OneDrive - UGent/Desktop/PD/Phospho-fill/Validation-allPDB/pdb_cache/4il8.cif	SEP	SEP	OG	CB	ok	1.6237409282888386	112.42274232960385	-11.850464225755946	HIS:109	HIS	CE1	2.5726503445632907	3	5	HIS:109	HIS	ND1	2.626565725858422	HOH:628	O	2.700422283306785	4	28	salt_bridge_like			exposed				0	0		modified	1.6237409282888386	70.6332755423145	63.904902200102065	opposite	lateral		
P33284	4JAX	C	15	SEP_single	1	1	2.26	SEP	160		1	11-485	11-485	SEP	/mnt/c/Users/drpat/OneDrive - UGent/Desktop/PD/Phospho-fill/Validation-allPDB/pdb_cache/4jax.cif	SEP	SEP	OG	CB	ok	1.626088515322125	123.56446541883363	-84.86030741637954	LYS:378	LYS	NZ	6.822599185150602	0	0	LYS:378	LYS	NZ	6.822599185150602				0	8	none_obvious			intermediate				0	0		modified	1.626088515322125	170.90522573382822		opposite	opposite		
O96013	4JDH	A	474	SEP_single	1	1	2.0	SEP	68		2	300-589	300-589	SEP	/mnt/c/Users/drpat/OneDrive - UGent/Desktop/PD/Phospho-fill/Validation-allPDB/pdb_cache/4jdh.cif	SEP	SEP	OG	CB	ok	1.5686497437221365	118.81902608080134	-48.775436204312946	ARG:439	ARG	NH1	2.7749604061058335	2	2	ARG:439	ARG	NH1	2.7749604061058335	HOH:606	O	2.752649619733084	1	22	salt_bridge_like			intermediate				0	0		modified	1.5686497437221365	56.21026491097581	66.3998830136269	same	toward		
O96013	4JDI	A	474	SEP_single	1	1	1.85	SEP	69		2	300-589	300-589	SEP	/mnt/c/Users/drpat/OneDrive - UGent/Desktop/PD/Phospho-fill/Validation-allPDB/pdb_cache/4jdi.cif	SEP	SEP	OG	CB	ok	1.608867736767409	115.88521849413364	-56.60354521287884	ARG:439	ARG	NH1	2.693981773811851	3	3	ARG:439	ARG	NH1	2.693981773811851	HOH:1112	O	2.884770880571971	1	26	salt_bridge_like			buried				0	0		modified	1.608867736767409	53.83782658785911	64.61368716219157	same	toward		
P39155	4KK4	A	7	SEP_single	1	1	1.8	SEP	166		1	1-150	1-150	SEP	/mnt/c/Users/drpat/OneDrive - UGent/Desktop/PD/Phospho-fill/Validation-allPDB/pdb_cache/4kk4.cif	SEP	SEP	OG	CB	ok	1.6815665219546174	116.79909004855843	-45.895542648790105	ARG:13	ARG	NE	2.753514704529188	1	2	ARG:13	ARG	NE	2.753514704529188	HOH:248	O	6.26369516759202	0	47	salt_bridge_like			buried				0	0		modified	1.6815665219546174	61.973652534489986	63.04803229854461	same	lateral		
Q9NQU5	4KS7	A	560	SEP_single	1	1	1.4	SEP	217		2	386-672	386-672	SEP	/mnt/c/Users/drpat/OneDrive - UGent/Desktop/PD/Phospho-fill/Validation-allPDB/pdb_cache/4ks7.cif	SEP	SEP	OG	CB	ok	1.5962928745902523	124.24564361911126	19.40884213872515	ARG:525	ARG	NH1	2.731425821234799	3	3	ARG:525	ARG	NH1	2.731425821234799	HOH:1028	O	2.4813190707216854	3	21	salt_bridge_like			exposed				0	0		modified	1.5962928745902523	80.8062543168495	38.507629009141304	opposite	lateral		
Q9NQU5	4KS8	A	560	SEP_single	1	1	1.95	SEP	218		2	385-671	385-671	SEP	/mnt/c/Users/drpat/OneDrive - UGent/Desktop/PD/Phospho-fill/Validation-allPDB/pdb_cache/4ks8.cif	SEP	SEP	OG	CB	ok	1.6080360745901892	121.48722015684389	28.502338377154565	ARG:558	ARG	NH1	2.6042362136064945	3	3	ARG:558	ARG	NH1	2.6042362136064945	HOH:830	O	2.575822438346939	2	22	salt_bridge_like			exposed				0	0		modified	1.6080360745901892	34.246615505183556	72.790279866425	same	toward		
Q7Z4H3	4L1J	B	10	SEP_single	1	1	1.824	SEP	197		1	6-200	6-200	SEP	/mnt/c/Users/drpat/OneDrive - UGent/Desktop/PD/Phospho-fill/Validation-allPDB/pdb_cache/4l1j.cif	SEP	SEP	OG	CB	ok	1.6597619732353996	118.92879235619893	8.172481140136751					0	0	THR:8	THR	OG1	2.9380137506751387	HOH:509	O	2.5825159060082132	1	12	hbond_like			intermediate				0	0		modified	1.6597619732353996		52.427818051096224				
Q7Z4H3	4L7E	B	10	SEP_single	1	1	2.229	SEP	198		1	7-198	7-198	SEP	/mnt/c/Users/drpat/OneDrive - UGent/Desktop/PD/Phospho-fill/Validation-allPDB/pdb_cache/4l7e.cif	SEP	SEP	OG	CB	ok	1.6453792816201895	116.7526226194129	4.323054366738601	HIS:12	HIS	NE2	7.940491629127338	0	0	THR:8	THR	OG1	3.8270137544768126	HOH:429	O	4.285487217242396	0	10	none_obvious			intermediate				0	0		modified	1.6453792816201895	108.59191724752024	99.87416867586604	opposite	lateral		
P11309	4N6Z	A	261	SEP_single	1	1	2.2	SEP	111		2	33-305	33-305	SEP	/mnt/c/Users/drpat/OneDrive - UGent/Desktop/PD/Phospho-fill/Validation-allPDB/pdb_cache/4n6z.cif	SEP	SEP	OG	CB	ok	1.7078253676993278	118.04590189811879	-66.9358651179833	ARG:258	ARG	NH1	3.5341606219998254	1	1	ARG:258	ARG	NH1	3.5341606219998254	HOH:705	O	2.960763603044732	3	9	water_mediated_like			exposed				0	0		modified	1.7078253676993278	47.88936520642312	13.631564157877708	same	toward		
P11309	4N70	A	261	SEP_single	1	1	2.1	SEP	112		2	32-306	32-306	SEP	/mnt/c/Users/drpat/OneDrive - UGent/Desktop/PD/Phospho-fill/Validation-allPDB/pdb_cache/4n70.cif	SEP	SEP	OG	CB	ok	1.6779098891568833	119.96339750839641	-71.07289762433679	ARG:258	ARG	NH1	3.7698829748816918	1	1	ARG:258	ARG	NH1	3.7698829748816918	HOH:694	O	2.268228506597755	4	9	water_mediated_like			exposed				0	0		modified	1.6779098891568833	47.95116880366314	61.624834757132085	same	toward		
O96013	4NJD	A	474	SEP_single	1	1	2.5	SEP	70		2	300-589	300-589	SEP	/mnt/c/Users/drpat/OneDrive - UGent/Desktop/PD/Phospho-fill/Validation-allPDB/pdb_cache/4njd.cif	SEP	SEP	OG	CB	ok	1.6044180187443275	110.50220695704901	-42.59572419748699	ARG:472	ARG	NH2	2.5894288943779418	3	3	ARG:472	ARG	NH2	2.5894288943779418	HOH:732	O	3.396040177190113	1	24	salt_bridge_like			buried				0	0		modified	1.6044180187443275	31.33573804906859	118.10845437913588	same	toward		
P49841	4NM3	A	9	SEP_single	1	1	2.1	SEP	168		3	6-10,26-30,35-119,122-383	6-10,26-30,35-119,122-383	SEP	/mnt/c/Users/drpat/OneDrive - UGent/Desktop/PD/Phospho-fill/Validation-allPDB/pdb_cache/4nm3.cif	SEP	SEP	OG	CB	ok	1.5796269241081966	118.52471275337034	-57.3890856488615	LYS:205	LYS	NZ	2.419075453145976	3	4	LYS:205	LYS	NZ	2.419075453145976	HOH:609	O	4.0416686389028085	0	36	salt_bridge_like			buried				0	0		modified	1.5796269241081966	31.88144278840887	48.38029744028353	same	toward		
Q9WV60	4NU1	A	9	SEP_single	1	1	2.5	SEP	226		2	6-11,26-29,35-119,122-383	6-11,26-29,35-119,122-383	SEP	/mnt/c/Users/drpat/OneDrive - UGent/Desktop/PD/Phospho-fill/Validation-allPDB/pdb_cache/4nu1.cif	SEP	SEP	OG	CB	ok	1.5773273055140316	117.87117750430757	-49.77296201966413	LYS:205	LYS	NZ	2.5566288959101087	3	4	LYS:205	LYS	NZ	2.5566288959101087	HOH:536	O	6.952012262410524	0	35	salt_bridge_like			buried				0	0		modified	1.5773273055140316	27.82318295899382	60.02040776338762	same	toward		
O96013	4O0X	A	474	SEP_single	1	1	2.483	SEP	71		2	300-589	300-589	SEP	/mnt/c/Users/drpat/OneDrive - UGent/Desktop/PD/Phospho-fill/Validation-allPDB/pdb_cache/4o0x.cif	SEP	SEP	OG	CB	ok	1.59627555983804	104.86751245395035	25.961741103212503	ARG:359	ARG	NH2	2.3581610806736424	3	3	ARG:359	ARG	NH2	2.3581610806736424	HOH:736	O	4.050992061790851	0	25	salt_bridge_like			buried				0	0		modified	1.59627555983804	40.19773348411219	24.728872274693842	same	toward		
O96013	4O0Y	A	474	SEP_single	1	1	2.2	SEP	72		2	300-589	300-589	SEP	/mnt/c/Users/drpat/OneDrive - UGent/Desktop/PD/Phospho-fill/Validation-allPDB/pdb_cache/4o0y.cif	SEP	SEP	OG	CB	ok	1.6048693866241204	117.0231923900832	48.970619819082195	ARG:472	ARG	NE	2.5858592296884972	3	3	ARG:472	ARG	NE	2.5858592296884972	HOH:733	O	2.684356759157443	2	26	salt_bridge_like			exposed				0	0		modified	1.6048693866241204	45.27819145944433	53.659502827554384	same	toward		
O43683	4QPM	A	969	SEP_single	1	1	2.202	SEP	56		3	740-806,815-931,939-1083	740-806,815-931,939-1083	SEP	/mnt/c/Users/drpat/OneDrive - UGent/Desktop/PD/Phospho-fill/Validation-allPDB/pdb_cache/4qpm.cif	SEP	SEP	OG	CB	ok	1.611221485926597	109.99467204678673	10.172035783953975	LYS:1005	LYS	CE	6.566757765423223	0	0	GLN:972	GLN	OE1	6.502918580135867	HOH:1669	O	2.9990539692296077	1	3	water_mediated_like			intermediate				0	0		modified	1.611221485926597	81.43196147472561	88.13576909265282	same	lateral		
P11309	4RC2	A	261	SEP_single	1	1	2.096	SEP	113		2	33-305	33-305	SEP	/mnt/c/Users/drpat/OneDrive - UGent/Desktop/PD/Phospho-fill/Validation-allPDB/pdb_cache/4rc2.cif	SEP	SEP	OG	CB	ok	1.609481555645959	120.50097118609513	-54.86186447355263	ARG:258	ARG	NH2	3.8305778506861894	1	1	ARG:258	ARG	NH2	3.8305778506861894				0	8	none_obvious			intermediate				0	0		modified	1.609481555645959	56.66539340187417		same	toward		
P11309	4RC3	A	261	SEP_single	1	1	2.338	SEP	114		2	33-47,49-305	33-47,49-305	SEP	/mnt/c/Users/drpat/OneDrive - UGent/Desktop/PD/Phospho-fill/Validation-allPDB/pdb_cache/4rc3.cif	SEP	SEP	OG	CB	ok	1.6100790094006365	120.48172145610665	-76.25104312952742	ARG:258	ARG	NH2	3.818262066528453	1	1	ARG:258	ARG	NH2	3.818262066528453				0	9	none_obvious			intermediate				0	0		modified	1.6100790094006365	45.890162661605935		same	toward		
O15530	4RQK	A	241	SEP_single	1	1	1.55	SEP	41		1	74-359	74-359	SEP	/mnt/c/Users/drpat/OneDrive - UGent/Desktop/PD/Phospho-fill/Validation-allPDB/pdb_cache/4rqk.cif	SEP	SEP	OG	CB	ok	1.6052353858498598	111.39053980282954	-66.11424651530875	ARG:204	ARG	NH2	2.672345241038532	3	3	ARG:204	ARG	NH2	2.672345241038532	HOH:2101	O	2.6499142241548497	3	21	salt_bridge_like			exposed				0	0		modified	1.6052353858498598	55.56489997852646	46.19240069710197	same	toward		
O15530	4RQV	A	241	SEP_single	1	1	1.502	SEP	42		1	71-359	71-359	SEP	/mnt/c/Users/drpat/OneDrive - UGent/Desktop/PD/Phospho-fill/Validation-allPDB/pdb_cache/4rqv.cif	SEP	SEP	OG	CB	ok	1.6166508522549468	113.78922944487374	-68.22471172103089	ARG:204	ARG	NH2	2.750956813327457	2	3	ARG:204	ARG	NH2	2.750956813327457	HOH:2140	O	2.4166126208499215	5	21	salt_bridge_like			exposed				0	0		modified	1.6166508522549468	55.47386723371373	34.30825734617834	same	toward		
O15530	4RRV	A	241	SEP_single	1	1	1.412	SEP	43		1	76-359	76-359	SEP	/mnt/c/Users/drpat/OneDrive - UGent/Desktop/PD/Phospho-fill/Validation-allPDB/pdb_cache/4rrv.cif	SEP	SEP	OG	CB	ok	1.6170692857774458	113.95777940649563	-66.49287934563488	ARG:204	ARG	NH2	2.762703134981953	2	3	ARG:204	ARG	NH2	2.762703134981953	HOH:2293	O	2.4537487302602177	5	21	salt_bridge_like			exposed				0	0		modified	1.6170692857774458	54.27967027138166	32.31390615843272	same	toward		
O96013	4XBU	A	474	SEP_single	1	1	2.06	SEP	73		2	297-589	297-589	SEP	/mnt/c/Users/drpat/OneDrive - UGent/Desktop/PD/Phospho-fill/Validation-allPDB/pdb_cache/4xbu.cif	SEP	SEP	OG	CB	ok	1.5812858559409864	117.12741881574712	-38.41039626118955	ARG:472	ARG	NH2	2.53319340893904	3	3	ARG:472	ARG	NH2	2.53319340893904	HOH:613	O	2.6676250764692218	1	27	salt_bridge_like			buried				0	0		modified	1.5812858559409864	42.23151320328076	81.03786914037605	same	toward		
O15530	4XX9	A	241	SEP_single	1	1	1.4	SEP	44		1	71-359	71-359	SEP	/mnt/c/Users/drpat/OneDrive - UGent/Desktop/PD/Phospho-fill/Validation-allPDB/pdb_cache/4xx9.cif	SEP	SEP	OG	CB	ok	1.6314456293499575	114.33181892461003	-67.47174048233087	ARG:204	ARG	NH2	2.7531124462702468	2	3	ARG:204	ARG	NH2	2.7531124462702468	HOH:728	O	2.618412142451137	3	21	salt_bridge_like			exposed				0	0		modified	1.6314456293499575	53.96732273218178	82.19087710965029	same	toward		
O15530	5ACK	A	241	SEP_single	1	1	1.24	SEP	45		1	73-359	73-359	SEP	/mnt/c/Users/drpat/OneDrive - UGent/Desktop/PD/Phospho-fill/Validation-allPDB/pdb_cache/5ack.cif	SEP	SEP	OG	CB	ok	1.5838018071676847	119.32160421765137	-66.09324010692333	ARG:204	ARG	NH2	2.788207718482964	3	3	ARG:204	ARG	NH2	2.788207718482964	HOH:2065	O	2.3594635993827033	5	21	salt_bridge_like			exposed				0	0		modified	1.5838018071676847	56.628811803596115	48.09673825933993	same	toward		
O43683	5DMZ	A	969	SEP_single	1	1	2.4	SEP	57		3	735-806,816-1083	735-806,816-1083	SEP	/mnt/c/Users/drpat/OneDrive - UGent/Desktop/PD/Phospho-fill/Validation-allPDB/pdb_cache/5dmz.cif	SEP	SEP	OG	CB	ok	1.6039292547783364	107.05029676968313	-18.2241707542053	LYS:919	LYS	NZ	3.3782036872427663	1	1	ASP:917	ASP	OD2	2.760846339823239	HOH:1209	O	3.6218029353942964	1	23	salt_bridge_like			intermediate				0	0		modified	1.6039292547783364	30.80409134558703	17.355515604327348	same	toward		
P11309	5DWR	A	261	SEP_single	1	1	2.0	SEP	115		2	33-306	33-306	SEP	/mnt/c/Users/drpat/OneDrive - UGent/Desktop/PD/Phospho-fill/Validation-allPDB/pdb_cache/5dwr.cif	SEP	SEP	OG	CB	ok	1.605940628014482	116.91944241648235	-73.67171986034667	ARG:258	ARG	NH1	3.366773112249047	1	1	ARG:258	ARG	NH1	3.366773112249047	HOH:512	O	2.650724016211918	5	8	salt_bridge_like			exposed				0	0		modified	1.605940628014482	41.803185845177126	29.61585840171794	same	toward		
Q04759	5F9E	B	695	SEP_single	1	1	2.0	SEP	185		3	375-656,689-700	375-656,689-700	SEP	/mnt/c/Users/drpat/OneDrive - UGent/Desktop/PD/Phospho-fill/Validation-allPDB/pdb_cache/5f9e.cif	SEP	SEP	OG	CB	ok	1.608108817630342	118.45362562840175	-29.252550266451916	LYS:413	LYS	NZ	7.067719357647196	0	0	GLN:449	GLN	NE2	2.7002438278200263				0	21	hbond_like			intermediate				0	0		modified	1.608108817630342	64.48226712765798		same	lateral		
P51584	5FXM	A	954	SEP_single	1	1	1.99	SEP	173		1	803-1077	803-1077	SEP	/mnt/c/Users/drpat/OneDrive - UGent/Desktop/PD/Phospho-fill/Validation-allPDB/pdb_cache/5fxm.cif	SEP	SEP	OG	CB	ok	1.610968267317053	118.33559714203605	43.307235787230674	HIS:1058	HIS	NE2	2.696398287594411	1	1	HIS:1058	HIS	NE2	2.696398287594411	HOH:2046	O	6.771056930994563	0	23	salt_bridge_like			intermediate				0	0		modified	1.610968267317053	85.02778973921558	75.75816700898235	opposite	lateral		
O15530	5HKM	A	241	SEP_single	1	1	2.1	SEP	46		1	76-230,241-358	76-230,241-358	SEP	/mnt/c/Users/drpat/OneDrive - UGent/Desktop/PD/Phospho-fill/Validation-allPDB/pdb_cache/5hkm.cif	SEP	SEP	OG	CB	ok	1.5749949837680297	114.10472250489462	62.65568890486676	ARG:204	ARG	NH2	2.7945722271185063	2	3	ARG:204	ARG	NH2	2.7945722271185063	HOH:513	O	5.583670637696178	0	19	salt_bridge_like			intermediate				0	0		modified	1.5749949837680297	28.69077488880319	127.99222590412832	same	toward		
P11309	5IIS	A	261	SEP_single	1	1	2.1	SEP	116		2	32-305	32-305	SEP	/mnt/c/Users/drpat/OneDrive - UGent/Desktop/PD/Phospho-fill/Validation-allPDB/pdb_cache/5iis.cif	SEP	SEP	OG	CB	ok	1.665247120782874	112.46469565650325	-64.71781082649197	ARG:258	ARG	NH1	3.4967552210809525	1	1	ARG:258	ARG	NH1	3.4967552210809525	HOH:512	O	2.6767911117446554	4	9	salt_bridge_like			exposed				0	0		modified	1.665247120782874	48.45856839147808	38.682537885009964	same	toward		
Q9HCE5	5IL0	B	399	SEP_single	1	1	1.882	SEP	207		1	116-200,205-272,274-402	116-200,205-272,274-402	SEP	/mnt/c/Users/drpat/OneDrive - UGent/Desktop/PD/Phospho-fill/Validation-allPDB/pdb_cache/5il0.cif	SEP	SEP	OG	CB	ok	1.6141894400543504	106.56312988257794	52.149648912790745	ARG:298	ARG	NH2	4.4570335591651595	0	1	ARG:298	ARG	NH2	4.4570335591651595	HOH:695	O	4.701290826063983	0	19	none_obvious			intermediate				0	0		modified	1.6141894400543504	38.40611606751152	64.0061692905891	same	toward		
Q9HCE5	5IL1	B	399	SEP_single	1	1	1.71	SEP	208		1	117-202,204-402	117-202,204-402	SEP	/mnt/c/Users/drpat/OneDrive - UGent/Desktop/PD/Phospho-fill/Validation-allPDB/pdb_cache/5il1.cif	SEP	SEP	OG	CB	ok	1.6068082216813404	105.56322341504747	-27.69511483542337	ARG:298	ARG	NE	4.797981193763236	0	1	ARG:298	ARG	NE	4.797981193763236	HOH:711	O	2.996489133114225	1	15	water_mediated_like			intermediate				0	0		modified	1.6068082216813404	89.79128851305457	86.34094606517463	opposite	lateral		
Q9HCE5	5IL2	B	399	SEP_single	1	1	1.606	SEP	209		1	117-202,204-402	117-202,204-402	SEP	/mnt/c/Users/drpat/OneDrive - UGent/Desktop/PD/Phospho-fill/Validation-allPDB/pdb_cache/5il2.cif	SEP	SEP	OG	CB	ok	1.6083192690580692	122.41239021543383	-20.744448974193052	ARG:298	ARG	NE	3.4847539996669283	1	1	ARG:298	ARG	NE	3.4847539996669283	HOH:608	O	2.4683157105855615	2	22	salt_bridge_like			exposed				0	0		modified	1.6083192690580692	68.06194833556198	73.36339982009827	same	lateral		
P36871	5JN5	A	117	SEP_single	1	1	1.75	SEP	162		1	1-506,511-562	1-506,511-562	SEP	/mnt/c/Users/drpat/OneDrive - UGent/Desktop/PD/Phospho-fill/Validation-allPDB/pdb_cache/5jn5.cif	SEP	SEP	OG	CB	ok	1.636953520203535	111.20565120891284	-24.14073919625109	ARG:23	ARG	NH2	2.7559574184731876	3	4	ARG:23	ARG	NH2	2.7559574184731876	HOH:701	O	1.9219973025351822	6	31	salt_bridge_like			exposed				0	0		modified	1.636953520203535	73.26750249206434	41.65372862651015	opposite	lateral		
P08149	5KSH	A	465	SEP_single	1	1	2.4	SEP	92		1	53-92,164-573	53-92,164-573	SEP	/mnt/c/Users/drpat/OneDrive - UGent/Desktop/PD/Phospho-fill/Validation-allPDB/pdb_cache/5ksh.cif	SEP	SEP	OG	CB	ok	1.6694423883320266	128.7785588409049	96.6490449029617	LYS:463	LYS	CE	3.426333807206204	1	3	ARG:468	ARG	NH2	4.817045105962693	HOH:703	O	3.225792752292281	1	16	salt_bridge_like			intermediate				0	0		modified	1.6694423883320266	94.15777431180119	47.005841452671284	opposite	lateral		
O15530	5LVL	A	241	SEP_single	1	1	1.4	SEP	47		1	74-359	74-359	SEP	/mnt/c/Users/drpat/OneDrive - UGent/Desktop/PD/Phospho-fill/Validation-allPDB/pdb_cache/5lvl.cif	SEP	SEP	OG	CB	ok	1.570994713019953	114.07068313617968	-67.47215057172117	ARG:204	ARG	NH2	2.7628313572066863	2	3	ARG:204	ARG	NH2	2.7628313572066863	HOH:528	O	2.587282286859585	5	21	salt_bridge_like			exposed				0	0		modified	1.570994713019953	55.225140314184664	35.142568976961655	same	toward		
O15530	5LVM	A	241	SEP_single	1	1	1.26	SEP	48		1	76-359	76-359	SEP	/mnt/c/Users/drpat/OneDrive - UGent/Desktop/PD/Phospho-fill/Validation-allPDB/pdb_cache/5lvm.cif	SEP	SEP	OG	CB	ok	1.6427165954384562	117.77725377079362	-66.8323966341864	ARG:204	ARG	NH2	2.7926749824869344	2	3	ARG:204	ARG	NH2	2.7926749824869344	HOH:518	O	2.484489868288648	6	21	salt_bridge_like			exposed				0	0		modified	1.6427165954384562	54.04321150741581	41.8310263440033	same	toward		
O15530	5LVN	A	241	SEP_single	1	1	1.379	SEP	49		1	75-359	75-359	SEP	/mnt/c/Users/drpat/OneDrive - UGent/Desktop/PD/Phospho-fill/Validation-allPDB/pdb_cache/5lvn.cif	SEP	SEP	OG	CB	ok	1.6006839690136032	113.11985115236843	-67.65800471862688	ARG:204	ARG	NH2	2.774409536897714	3	3	ARG:204	ARG	NH2	2.774409536897714	HOH:520	O	2.5164648865366095	6	21	salt_bridge_like			exposed				0	0		modified	1.6006839690136032	52.855482019843286	47.00931676477355	same	toward		
O15530	5LVO	A	241	SEP_single	1	1	1.09	SEP	50		1	73-359	73-359	SEP	/mnt/c/Users/drpat/OneDrive - UGent/Desktop/PD/Phospho-fill/Validation-allPDB/pdb_cache/5lvo.cif	SEP	SEP	OG	CB	ok	1.6230561641484074	116.37678388425462	-67.57368656503442	ARG:204	ARG	NH2	2.8160212247479635	2	3	ARG:204	ARG	NH2	2.8160212247479635	HOH:535	O	2.5640831790683967	5	21	salt_bridge_like			exposed				0	0		modified	1.6230561641484074	53.47254775628731	42.190296197355266	same	toward		
O15530	5LVP	B	241	SEP_single	1	1	2.5	SEP	51		1	74-231,241-359	74-231,241-359	SEP	/mnt/c/Users/drpat/OneDrive - UGent/Desktop/PD/Phospho-fill/Validation-allPDB/pdb_cache/5lvp.cif	SEP	SEP	OG	CB	ok	1.6130288518619689	110.90726001237661	-18.790979022795334	ARG:204	ARG	NH2	3.007461544308495	2	3	ARG:204	ARG	NH2	3.007461544308495				0	9	salt_bridge_like			intermediate				0	0		modified	1.6130288518619689	47.742167427007765		same	toward		
O15530	5MRD	A	241	SEP_single	1	1	1.41	SEP	52		1	76-359	76-359	SEP	/mnt/c/Users/drpat/OneDrive - UGent/Desktop/PD/Phospho-fill/Validation-allPDB/pdb_cache/5mrd.cif	SEP	SEP	OG	CB	ok	1.6251724084260788	114.87173732434714	-68.39026182383132	ARG:204	ARG	NH2	2.7591470592029363	2	3	ARG:204	ARG	NH2	2.7591470592029363	HOH:525	O	2.495656252828027	5	21	salt_bridge_like			exposed				0	0		modified	1.6251724084260788	51.2699882636541	38.571824698079915	same	toward		
P11309	5N51	A	261	SEP_single	1	1	2.118	SEP	117		2	33-46,51-305	33-46,51-305	SEP	/mnt/c/Users/drpat/OneDrive - UGent/Desktop/PD/Phospho-fill/Validation-allPDB/pdb_cache/5n51.cif	SEP	SEP	OG	CB	ok	1.62467353113997	114.14409620429258	-70.66490904296923	ARG:258	ARG	NH1	3.4883981034458023	1	1	ARG:258	ARG	NH1	3.4883981034458023	HOH:526	O	2.6998917645592075	2	9	salt_bridge_like			exposed				0	0		modified	1.62467353113997	47.46579930002656	37.31348158355645	same	toward		
P11309	5N5L	A	261	SEP_single	1	1	1.97	SEP	118		2	33-80,82-305	33-80,82-305	SEP	/mnt/c/Users/drpat/OneDrive - UGent/Desktop/PD/Phospho-fill/Validation-allPDB/pdb_cache/5n5l.cif	SEP	SEP	OG	CB	ok	1.6333657861588018	114.38222711477215	-69.49912481707557	ARG:258	ARG	NH2	3.6067148145924186	1	1	ARG:258	ARG	NH2	3.6067148145924186	HOH:503	O	4.774099456399872	0	11	none_obvious			intermediate				0	0		modified	1.6333657861588018	46.96073353645691	56.766096343978596	same	toward		
P11309	5N5M	A	261	SEP_single	1	1	2.21	SEP	119		2	33-305	33-305	SEP	/mnt/c/Users/drpat/OneDrive - UGent/Desktop/PD/Phospho-fill/Validation-allPDB/pdb_cache/5n5m.cif	SEP	SEP	OG	CB	ok	1.631871142293539	114.71042717158481	-63.478775318775405	ARG:258	ARG	NH2	3.747217296244158	1	1	ARG:258	ARG	NH2	3.747217296244158	HOH:510	O	2.8167345054462216	1	12	water_mediated_like			intermediate				0	0		modified	1.631871142293539	51.94708341738853	40.35922210975639	same	toward		
P11309	5O11	A	261	SEP_single	1	1	2.4	SEP	120		2	34-47,50-305	34-47,50-305	SEP	/mnt/c/Users/drpat/OneDrive - UGent/Desktop/PD/Phospho-fill/Validation-allPDB/pdb_cache/5o11.cif	SEP	SEP	OG	CB	ok	1.6973157333911792	123.53965848733733	-67.79968568757099	ARG:258	ARG	NH2	3.329315916351944	1	1	ARG:258	ARG	NH2	3.329315916351944	HOH:502	O	2.198533283962687	1	12	salt_bridge_like			intermediate				0	0		modified	1.6973157333911792	48.65621195897727	34.78437475332658	same	toward		
P11309	5O12	A	261	SEP_single	1	1	2.4	SEP	121		2	34-46,51-81,84-305	34-46,51-81,84-305	SEP	/mnt/c/Users/drpat/OneDrive - UGent/Desktop/PD/Phospho-fill/Validation-allPDB/pdb_cache/5o12.cif	SEP	SEP	OG	CB	ok	1.6965893398775418	124.97595757965068	-62.62468166899432	ARG:258	ARG	NH2	3.3913174098908705	1	1	ARG:258	ARG	NH2	3.3913174098908705	HOH:510	O	2.5648785695394314	2	9	salt_bridge_like			exposed				0	0		modified	1.6965893398775418	48.83318939731996	31.852008359363154	same	toward		
P11309	5O13	A	261	SEP_single	1	1	2.44	SEP	122		2	34-305	34-305	SEP	/mnt/c/Users/drpat/OneDrive - UGent/Desktop/PD/Phospho-fill/Validation-allPDB/pdb_cache/5o13.cif	SEP	SEP	OG	CB	ok	1.660668585776091	118.86940340982052	-68.60794142533898	ARG:258	ARG	NH2	3.4259021849634257	1	1	ARG:258	ARG	NH2	3.4259021849634257	HOH:507	O	5.595703015653383	0	14	salt_bridge_like			intermediate				0	0		modified	1.660668585776091	44.16199027813644	61.1344912041933	same	toward		
Q9BYP7	5O1V	A	304	SEP_single	1	1	1.723	SEP	204		2	134-412	134-412	SEP	/mnt/c/Users/drpat/OneDrive - UGent/Desktop/PD/Phospho-fill/Validation-allPDB/pdb_cache/5o1v.cif	SEP	SEP	OG	CB	ok	1.6149523818237785	109.84072480010053	-67.89368000038532					0	0	THR:303	THR	OG1	3.9084395944640398				0	7	none_obvious			intermediate				0	0		modified	1.6149523818237785						
Q9BYP7	5O21	B	304	SEP_single	1	1	2.06	SEP	205		2	135-408	135-408	SEP	/mnt/c/Users/drpat/OneDrive - UGent/Desktop/PD/Phospho-fill/Validation-allPDB/pdb_cache/5o21.cif	SEP	SEP	OG	CB	ok	1.6058666405174484	108.70875020187867	-34.46269035513299	LYS:307	LYS	NZ	7.676097403695542	0	0	GLU:187	GLU	OE2	5.34933081992584	HOH:699	O	3.003527124235291	2	2	water_mediated_like			exposed				0	0		modified	1.6058666405174484	141.13387032730083	70.58083906988826	opposite	opposite		
Q9BYP7	5O23	B	304	SEP_single	1	1	2.25	SEP	206		2	132-408	132-408	SEP	/mnt/c/Users/drpat/OneDrive - UGent/Desktop/PD/Phospho-fill/Validation-allPDB/pdb_cache/5o23.cif	SEP	SEP	OG	CB	ok	1.6098289017120166	109.55412990131451	-72.35110915786593	LYS:307	LYS	CE	4.850566584445541	0	1	GLU:187	GLU	OE1	4.537429644892998	HOH:640	O	2.670445451167634	1	4	water_mediated_like			intermediate				0	0		modified	1.6098289017120166	77.22431084732456	38.07484863878367	same	lateral		
O48814	5TOS	A	253	SEP_single	1	1	2.35	SEP	59		1	52-69,80-223,243-360	52-69,80-223,243-360	SEP	/mnt/c/Users/drpat/OneDrive - UGent/Desktop/PD/Phospho-fill/Validation-allPDB/pdb_cache/5tos.cif	SEP	SEP	OG	CB	ok	1.6110635928620454	111.01760453946599	-45.281126319342654	HIS:255	HIS	CE1	3.4522934769574585	1	1	SER:252	SER	OG	2.2315712780589676	HOH:405	O	2.4074331051985887	1	12	salt_bridge_like			intermediate				0	0		modified	1.6110635928620454	69.65220086200179	39.84852641532569	same	lateral		
P36871	5TR2	A	117	SEP_single	1	1	2.5	SEP	163		1	1-507,510-562	1-507,510-562	SEP	/mnt/c/Users/drpat/OneDrive - UGent/Desktop/PD/Phospho-fill/Validation-allPDB/pdb_cache/5tr2.cif	SEP	SEP	OG	CB	ok	1.607572347098313	111.39680424355639	-1.127785762214588	ARG:23	ARG	NH2	3.278081277450879	3	4	ASP:292	ASP	OD1	2.7331277787816526	HOH:732	O	2.561583673305703	4	25	salt_bridge_like			exposed				0	0		modified	1.607572347098313	82.07100825592553	36.98566122189787	opposite	lateral		
P36871	5VBI	A	117	SEP_single	1	1	1.75000083769	SEP	164		1	1-562	1-562	SEP	/mnt/c/Users/drpat/OneDrive - UGent/Desktop/PD/Phospho-fill/Validation-allPDB/pdb_cache/5vbi.cif	SEP	SEP	OG	CB	ok	1.6862837737578429	112.93696523690342	19.95558931862395	HIS:118	HIS	ND1	2.181943827740567	2	3	HIS:118	HIS	ND1	2.181943827740567	HOH:704	O	0.2109383190297833	7	31	salt_bridge_like			exposed				0	0		modified	1.6862837737578429	55.43211700030881	37.14894956510928	same	toward		
O96013	5VED	A	474	SEP_single	1	1	2.301	SEP	74		2	300-589	300-589	SEP	/mnt/c/Users/drpat/OneDrive - UGent/Desktop/PD/Phospho-fill/Validation-allPDB/pdb_cache/5ved.cif	SEP	SEP	OG	CB	ok	1.6100944805409778	109.61892752163385	-53.7403534624442	ARG:472	ARG	NH2	2.603444380315454	2	3	ARG:472	ARG	NH2	2.603444380315454				0	23	salt_bridge_like			intermediate				0	0		modified	1.6100944805409778	15.526587042179992		same	toward		
O96013	5VEE	A	474	SEP_single	1	1	2.5	SEP	75		2	300-589	300-589	SEP	/mnt/c/Users/drpat/OneDrive - UGent/Desktop/PD/Phospho-fill/Validation-allPDB/pdb_cache/5vee.cif	SEP	SEP	OG	CB	ok	1.6230003825979913	125.1980462769194	13.618406192228731	ARG:439	ARG	NH2	3.545867817486538	2	2	ARG:439	ARG	NH2	3.545867817486538				0	15	none_obvious			intermediate				0	0		modified	1.6230003825979913	68.10579014124984		opposite	lateral		
O96013	5VEF	A	474	SEP_single	1	1	1.752	SEP	76		2	300-589	300-589	SEP	/mnt/c/Users/drpat/OneDrive - UGent/Desktop/PD/Phospho-fill/Validation-allPDB/pdb_cache/5vef.cif	SEP	SEP	OG	CB	ok	1.6148822247162637	112.46718560901564	-54.69895469538954	ARG:439	ARG	NH1	2.7253737752658083	3	3	ARG:439	ARG	NH1	2.7253737752658083	HOH:707	O	2.5598209752864176	3	26	salt_bridge_like			exposed				0	0		modified	1.6148822247162637	53.93323643808697	78.44131789573296	same	toward		
P36871	5VG7	A	117	SEP_single	1	1	1.95000322932	SEP	165		1	1-562	1-562	SEP	/mnt/c/Users/drpat/OneDrive - UGent/Desktop/PD/Phospho-fill/Validation-allPDB/pdb_cache/5vg7.cif	SEP	SEP	OG	CB	ok	1.5854491049858026	115.62404286064455	16.2428107364191	HIS:118	HIS	ND1	2.1984861503934816	3	4	HIS:118	HIS	ND1	2.1984861503934816	HOH:897	O	0.23523047508405634	8	31	salt_bridge_like			exposed				0	0		modified	1.5854491049858026	57.49971719557064	33.80850323111992	same	toward		
Q9JIH7	5W7T	A	382	SEP_single	1	1	2.01	SEP	210		1	210-482	210-482	SEP	/mnt/c/Users/drpat/OneDrive - UGent/Desktop/PD/Phospho-fill/Validation-allPDB/pdb_cache/5w7t.cif	SEP	SEP	OG	CB	ok	1.6220558039219848	121.78209358080686	90.33735190656697	ARG:376	ARG	NH2	2.957520142842491	1	1	ARG:376	ARG	NH2	2.957520142842491	HOH:692	O	3.056925696294161	1	12	salt_bridge_like			intermediate				0	0		modified	1.6220558039219848	46.50403390734018	82.69186249383954	same	toward		
O96013	5XVA	A	474	SEP_single	1	1	1.847	SEP	77		2	300-591	300-591	SEP	/mnt/c/Users/drpat/OneDrive - UGent/Desktop/PD/Phospho-fill/Validation-allPDB/pdb_cache/5xva.cif	SEP	SEP	OG	CB	ok	1.6010587485243288	113.76491500797587	-36.61648761644236	ARG:472	ARG	NH2	2.6093446811889875	3	3	ARG:472	ARG	NH2	2.6093446811889875	HOH:803	O	3.5652245210519538	1	25	salt_bridge_like			buried				0	0		modified	1.6010587485243288	39.856404282723105	82.85941439832393	same	toward		
O96013	5XVG	A	474	SEP_single	1	1	2.1	SEP	78		2	300-591	300-591	SEP	/mnt/c/Users/drpat/OneDrive - UGent/Desktop/PD/Phospho-fill/Validation-allPDB/pdb_cache/5xvg.cif	SEP	SEP	OG	CB	ok	1.6074793681280464	113.41323596295722	-36.95656884135054	ARG:472	ARG	NH2	2.6411361891599334	3	3	ARG:472	ARG	NH2	2.6411361891599334	HOH:776	O	3.619901871359747	2	26	salt_bridge_like			exposed				0	0		modified	1.6074793681280464	36.56528659011848	82.04682960856985	same	toward		
O96013	5ZJW	A	474	SEP_single	1	1	1.798	SEP	79		2	300-591	300-591	SEP	/mnt/c/Users/drpat/OneDrive - UGent/Desktop/PD/Phospho-fill/Validation-allPDB/pdb_cache/5zjw.cif	SEP	SEP	OG	CB	ok	1.6045614145424876	111.9872531098594	-44.71902273881946	ARG:472	ARG	NH2	2.3265572130197585	3	3	ARG:472	ARG	NH2	2.3265572130197585	HOH:817	O	2.821424476062997	2	26	salt_bridge_like			exposed				0	0		modified	1.6045614145424876	28.55441452429773	16.627448830545053	same	toward		
Q16594	6F3T	F	8	SEP_single	1	1	2.5	SEP	189		1	5-120	5-120	SEP	/mnt/c/Users/drpat/OneDrive - UGent/Desktop/PD/Phospho-fill/Validation-allPDB/pdb_cache/6f3t.cif	SEP	SEP	OG	CB	ok	1.612732444339809	110.37342049484904	21.382787798096988					0	0	THR:6	THR	OG1	2.8627936852357623				0	10	hbond_like			intermediate				0	0		modified	1.612732444339809						
O43683	6F7B	A	969	SEP_single	1	1	2.0	SEP	58		3	733-806,813-1009,1012-1083	733-806,813-1009,1012-1083	SEP	/mnt/c/Users/drpat/OneDrive - UGent/Desktop/PD/Phospho-fill/Validation-allPDB/pdb_cache/6f7b.cif	SEP	SEP	OG	CB	ok	1.62154947381983	124.52724637500467	13.827014740782968	LYS:919	LYS	NZ	2.9491380920547177	1	1	LYS:919	LYS	NZ	2.9491380920547177	HOH:1219	O	2.584434033745209	4	13	salt_bridge_like			exposed				0	0		modified	1.62154947381983	89.17917884148315	35.75145118311184	opposite	lateral		
P0DMV8	6FHK	A	66	SEP_single	1	1	1.657	SEP	94		1	4-381	4-381	SEP	/mnt/c/Users/drpat/OneDrive - UGent/Desktop/PD/Phospho-fill/Validation-allPDB/pdb_cache/6fhk.cif	SEP	SEP	OG	CB	ok	1.6192387368766985	113.83963304324936	35.09126124026082	ARG:261	ARG	NH2	2.9000375554232014	1	2	TYR:41	TYR	OH	2.4495829555733883	HOH:538	O	2.7162790588143135	4	30	salt_bridge_like			exposed				0	0		modified	1.6192387368766985	26.073444095775262	71.32578304398582	same	toward		
P51584	6FJ4	A	954	SEP_single	1	1	1.7	SEP	174		1	803-1077	803-1077	SEP	/mnt/c/Users/drpat/OneDrive - UGent/Desktop/PD/Phospho-fill/Validation-allPDB/pdb_cache/6fj4.cif	SEP	SEP	OG	CB	ok	1.6102466000307132	119.65627772396546	47.59895848844261	HIS:1058	HIS	NE2	2.783809110747706	1	1	HIS:1058	HIS	NE2	2.783809110747706	HOH:1217	O	2.6117345569244446	4	24	salt_bridge_like			exposed				0	0		modified	1.6102466000307132	88.15848066468976	40.467473268444095	opposite	lateral		
O60260	6GLC	A	65	SEP_single	1	1	1.8	SEP	60		1	1-72,100-108,143-353,356-378	1-72,100-108,143-353,356-378	SEP	/mnt/c/Users/drpat/OneDrive - UGent/Desktop/PD/Phospho-fill/Validation-allPDB/pdb_cache/6glc.cif	SEP	SEP	OG	CB	ok	1.60931707105271	117.91529983077517	-85.59231958383286	LYS:211	LYS	NZ	2.5313652095274812	3	3	LYS:211	LYS	NZ	2.5313652095274812	HOH:610	O	2.4449875432052783	4	32	salt_bridge_like			exposed				0	0		modified	1.60931707105271	38.66341334030879	81.38357564258837	same	toward		
P96356	6J7S	A	78	SEP_single	1	1	2.102	SEP	182		1	4-292	4-292	SEP	/mnt/c/Users/drpat/OneDrive - UGent/Desktop/PD/Phospho-fill/Validation-allPDB/pdb_cache/6j7s.cif	SEP	SEP	OG	CB	ok	1.6107008460371155	120.49798178131584	-75.53881620222714	ARG:76	ARG	NH2	2.9579594029151326	1	4	ARG:76	ARG	NH2	2.9579594029151326	HOH:413	O	2.3818232566613102	4	25	salt_bridge_like			exposed				0	0		modified	1.6107008460371155	54.99973118079407	60.3413002278358	same	toward		
P11309	6L11	A	261	SEP_single	1	1	2.05	SEP	123		2	33-305	33-305	SEP	/mnt/c/Users/drpat/OneDrive - UGent/Desktop/PD/Phospho-fill/Validation-allPDB/pdb_cache/6l11.cif	SEP	SEP	OG	CB	ok	1.618379469694339	125.28618219295078	-65.59746642949419	ARG:258	ARG	NH2	3.600293622044593	1	1	ARG:258	ARG	NH2	3.600293622044593	HOH:520	O	2.58887470024246	1	9	water_mediated_like			intermediate				0	0		modified	1.618379469694339	49.62200404851381	37.12364585796921	same	toward		
P11309	6L12	A	261	SEP_single	1	1	1.87	SEP	124		2	33-305	33-305	SEP	/mnt/c/Users/drpat/OneDrive - UGent/Desktop/PD/Phospho-fill/Validation-allPDB/pdb_cache/6l12.cif	SEP	SEP	OG	CB	ok	1.6716258182944472	123.6728523258919	-65.92433843790872	ARG:258	ARG	NH2	3.229809989456609	1	1	ARG:258	ARG	NH2	3.229809989456609	HOH:502	O	2.7509623827344165	1	9	salt_bridge_like			intermediate				0	0		modified	1.6716258182944472	47.269303535660235	35.54469529827091	same	toward		
P11309	6L13	A	261	SEP_single	1	1	2.24	SEP	125		2	33-305	33-305	SEP	/mnt/c/Users/drpat/OneDrive - UGent/Desktop/PD/Phospho-fill/Validation-allPDB/pdb_cache/6l13.cif	SEP	SEP	OG	CB	ok	1.6583767947097607	124.19754589710529	-68.3463668752874	ARG:258	ARG	NH2	3.382698708239562	1	1	ARG:258	ARG	NH2	3.382698708239562	HOH:508	O	2.600708579827659	1	9	salt_bridge_like			intermediate				0	0		modified	1.6583767947097607	47.671996710908154	34.654257224729044	same	toward		
P11309	6L14	A	261	SEP_single	1	1	1.95	SEP	126		2	33-81,84-305	33-81,84-260,262-305	SEP	/mnt/c/Users/drpat/OneDrive - UGent/Desktop/PD/Phospho-fill/Validation-allPDB/pdb_cache/6l14.cif	SEP	SEP	OG	CB	ok	1.6379753133155408	124.51752977949428	-65.13276151980341	ARG:258	ARG	NH2	3.5655509314079774	1	1	ARG:258	ARG	NH2	3.5655509314079774	HOH:508	O	2.8372565812532726	2	9	water_mediated_like			exposed				0	0		modified	1.6379753133155408	48.42777207018159	37.211261823555816	same	toward		
P11309	6L16	A	261	SEP_single	1	1	2.1	SEP	127		2	33-80,84-305	33-80,84-260,262-305	SEP	/mnt/c/Users/drpat/OneDrive - UGent/Desktop/PD/Phospho-fill/Validation-allPDB/pdb_cache/6l16.cif	SEP	SEP	OG	CB	ok	1.6298175366554937	126.02079491432833	-65.48234379686279	ARG:258	ARG	NH2	3.5821012349097123	1	1	ARG:258	ARG	NH2	3.5821012349097123	HOH:502	O	7.820362462773916	0	9	none_obvious			intermediate				0	0		modified	1.6298175366554937	48.04904110758385	108.7491257971704	same	toward		
P11309	6L17	A	261	SEP_single	1	1	1.75	SEP	128		2	33-305	33-260,262-305	SEP	/mnt/c/Users/drpat/OneDrive - UGent/Desktop/PD/Phospho-fill/Validation-allPDB/pdb_cache/6l17.cif	SEP	SEP	OG	CB	ok	1.6390453314759987	120.17992295543895	-67.48977467790552	ARG:258	ARG	NH2	3.5839387727050576	1	1	ARG:258	ARG	NH2	3.5839387727050576	HOH:502	O	2.072171567274037	6	9	water_mediated_like			exposed				0	0		modified	1.6390453314759987	44.04103797713469	61.01636553928813	same	toward		
O75385	6MNH	A	87	SEP_single	1	1	1.73	SEP	61		2	8-148,158-172,180-290	8-148,158-172,180-290	SEP	/mnt/c/Users/drpat/OneDrive - UGent/Desktop/PD/Phospho-fill/Validation-allPDB/pdb_cache/6mnh.cif	SEP	SEP	OG	CB	ok	1.6071555911541509	121.10088432260697	50.150361294889784	ARG:18	ARG	NH2	6.302631600970472	0	0	TYR:89	TYR	OH	3.070701775570766	HOH:462	O	4.205411499995418	0	18	hbond_like			intermediate				0	0		modified	1.6071555911541509	90.96061350218375	60.52948450020097	opposite	lateral		
P04629	6NPT	A	677	SEP_single	1	1	2.19	SEP	85		2	491-493,501-548,553-606,613-795	491-493,501-548,553-606,613-795	SEP	/mnt/c/Users/drpat/OneDrive - UGent/Desktop/PD/Phospho-fill/Validation-allPDB/pdb_cache/6npt.cif	SEP	SEP	OG	CB	ok	1.618207179706149	122.95878219699206	-0.6950174261940021	ARG:682	ARG	NH1	5.26877175185387	0	1	ARG:682	ARG	NH1	5.26877175185387	HOH:946	O	3.112013232350267	1	7	water_mediated_like			intermediate				0	0		modified	1.618207179706149	79.272775559642	98.05990970854984	same	lateral		
P11309	6PDN	A	261	SEP_single	1	1	2.4	SEP	129		2	32-46,51-305	32-46,51-305	SEP	/mnt/c/Users/drpat/OneDrive - UGent/Desktop/PD/Phospho-fill/Validation-allPDB/pdb_cache/6pdn.cif	SEP	SEP	OG	CB	ok	1.6647608957213402	120.62497119340502	-65.59298871927886	ARG:258	ARG	NH2	3.5252212493901127	1	1	ARG:258	ARG	NH2	3.5252212493901127	HOH:1007	O	5.283954915650227	0	12	none_obvious			intermediate				0	0		modified	1.6647608957213402	48.683387350400004	60.96552210355223	same	toward		
P04629	6PL1	A	677	SEP_single	1	1	2.03	SEP	86		2	500-548,552-683,687-795	500-548,552-683,687-795	SEP	/mnt/c/Users/drpat/OneDrive - UGent/Desktop/PD/Phospho-fill/Validation-allPDB/pdb_cache/6pl1.cif	SEP	SEP	OG	CB	ok	1.6111856569451508	122.8372581005693	46.423954149347566	ARG:682	ARG	NH2	3.0208488406676124	1	1	ARG:682	ARG	NH2	3.0208488406676124	HOH:910	O	3.0271014182698877	1	11	salt_bridge_like			intermediate				0	0		modified	1.6111856569451508	86.49824696902267	73.81694103869872	opposite	lateral		
P04629	6PL4	A	677	SEP_single	1	1	2.06	SEP	87		2	485-490,500-608,612-795	485-490,500-608,612-795	SEP	/mnt/c/Users/drpat/OneDrive - UGent/Desktop/PD/Phospho-fill/Validation-allPDB/pdb_cache/6pl4.cif	SEP	SEP	OG	CB	ok	1.6170776739698591	122.5319703591494	-12.71421809685863	ARG:682	ARG	NH1	4.966650587047737	0	1	ARG:682	ARG	NH1	4.966650587047737	HOH:931	O	3.0823410983565274	1	6	water_mediated_like			intermediate				0	0		modified	1.6170776739698591	72.94745770973651	100.91652538469896	same	lateral		
P04629	6PMC	A	677	SEP_single	1	1	2.19	SEP	88		2	500-605,613-795	500-605,613-795	SEP	/mnt/c/Users/drpat/OneDrive - UGent/Desktop/PD/Phospho-fill/Validation-allPDB/pdb_cache/6pmc.cif	SEP	SEP	OG	CB	ok	1.6010549053450602	119.93860944154387	-15.943754427497652	ARG:682	ARG	NE	5.635744301426691	0	1	ARG:682	ARG	NE	5.635744301426691				0	6	none_obvious			intermediate				0	0		modified	1.6010549053450602	73.85135840784353		same	lateral		
Q7YRZ8	6SQS	A	429	SEP_single	1	1	1.83	SEP	196		1	428-491	428-491	SEP	/mnt/c/Users/drpat/OneDrive - UGent/Desktop/PD/Phospho-fill/Validation-allPDB/pdb_cache/6sqs.cif	SEP	SEP	OG	CB	ok	1.6116036444086903	117.15923582409374	-3.402772250428747	HIS:432	HIS	CD2	7.143086755915507	0	0	HIS:432	HIS	NE2	7.640956506687976	HOH:614	O	6.193419097751461	0	3	none_obvious			intermediate				0	0		modified	1.6116036444086903	99.94721269877735	84.2917543830074	same	lateral		
P61006	6STF	A	111	SEP_single	1	1	2.4	SEP	176		2	6-176	6-176	SEP	/mnt/c/Users/drpat/OneDrive - UGent/Desktop/PD/Phospho-fill/Validation-allPDB/pdb_cache/6stf.cif	SEP	SEP	OG	CB	ok	1.6149357795365007	118.97721016204602	-4.340115991290505	ARG:79	ARG	NE	3.247807245013316	1	1	ARG:79	ARG	NE	3.247807245013316				0	16	salt_bridge_like			intermediate				0	0		modified	1.6149357795365007	29.982400159549425		opposite	toward		
P61006	6STG	A	111	SEP_single	1	1	2.5	SEP	177		2	6-176	6-176	SEP	/mnt/c/Users/drpat/OneDrive - UGent/Desktop/PD/Phospho-fill/Validation-allPDB/pdb_cache/6stg.cif	SEP	SEP	OG	CB	ok	1.6142462304628098	118.66810544833781	8.14050740939179	LYS:172	LYS	NZ	6.934045150119673	0	0	ASP:113	ASP	OD2	6.459331931358508				0	4	none_obvious			intermediate				0	0		modified	1.6142462304628098	72.6970951980695		opposite	lateral		
P15056	6U2H	D	729	SEP_single	1	1	2.5	SEP	150		2	448-607,611-733	448-607,611-733	SEP	/mnt/c/Users/drpat/OneDrive - UGent/Desktop/PD/Phospho-fill/Validation-allPDB/pdb_cache/6u2h.cif	SEP	SEP	OG	CB	ok	1.534206228346752	117.45121450035457	-7.109878373085038					0	0	GLU:730	GLU	OE1	6.832621062409391				0	5	none_obvious			intermediate				0	0		modified	1.534206228346752						
P96356	6Y5U	A	78	SEP_single	1	1	1.59	SEP	183		1	4-291	4-291	SEP	/mnt/c/Users/drpat/OneDrive - UGent/Desktop/PD/Phospho-fill/Validation-allPDB/pdb_cache/6y5u.cif	SEP	SEP	OG	CB	ok	1.6212473890721117	115.28273890403216	-53.922172989289415	ARG:76	ARG	NH2	2.8062366303723847	1	3	ARG:76	ARG	NH2	2.8062366303723847	HOH:302	O	2.348591824352661	5	22	salt_bridge_like			exposed				0	0		modified	1.6212473890721117	50.164374231207645	80.15945420507325	same	toward		
A0A6P3VN15	6Y8Y	A	121	SEP_single	1	1	1.95	SEP	0		1	1-567	1-567	SEP	/mnt/c/Users/drpat/OneDrive - UGent/Desktop/PD/Phospho-fill/Validation-allPDB/pdb_cache/6y8y.cif	SEP	SEP	OG	CB	ok	1.6048380710442085	112.96549938082684	2.6018972591653267	ARG:27	ARG	NH2	2.6405844101490317	3	4	ASN:24	ASN	ND2	2.3993988125723935	HOH:706	O	2.7487898986264185	1	37	salt_bridge_like			buried				0	0		modified	1.6048380710442085	60.46776611659431	78.24216575759685	opposite	lateral		
A0A6P3VN15	6Y8Z	A	121	SEP_single	1	1	2.05	SEP	1		1	1-509,514-567	1-509,514-567	SEP	/mnt/c/Users/drpat/OneDrive - UGent/Desktop/PD/Phospho-fill/Validation-allPDB/pdb_cache/6y8z.cif	SEP	SEP	OG	CB	ok	1.613260730814949	110.88409114159677	15.230740071458905	ARG:297	ARG	NE	2.5882086411270873	2	5	ARG:297	ARG	NE	2.5882086411270873	HOH:730	O	5.638401511512912	0	38	salt_bridge_like			buried				0	0		modified	1.613260730814949	34.542823559553376	108.3954861792733	same	toward		
Q9UBU7	6YA6	B	226	SEP_single	1	1	1.44	SEP	223		1	210-254,293-346	210-254,293-346	SEP	/mnt/c/Users/drpat/OneDrive - UGent/Desktop/PD/Phospho-fill/Validation-allPDB/pdb_cache/6ya6.cif	SEP	SEP	OG	CB	ok	1.5988165784487176	111.55654419982797	67.80770957423556					0	0	ASP:224	ASP	OD2	2.7375515662051892	HOH:503	O	2.200946581519867	1	23	hbond_like			intermediate				0	0		modified	1.5988165784487176		25.026617559653946				
Q9UBU7	6YA8	B	226	SEP_single	1	1	1.79	SEP	224		1	210-254,292-346	210-254,292-346	SEP	/mnt/c/Users/drpat/OneDrive - UGent/Desktop/PD/Phospho-fill/Validation-allPDB/pdb_cache/6ya8.cif	SEP	SEP	OG	CB	ok	1.6085664849243348	105.16332343996665	57.59301733692126					0	0	ASP:224	ASP	OD2	3.3983057346842855	HOH:515	O	7.060002488653853	0	21	hbond_like			intermediate				0	0		modified	1.6085664849243348		129.4531498541407				
P11309	6YKD	A	261	SEP_single	1	1	1.86	SEP	130		2	33-305	33-305	SEP	/mnt/c/Users/drpat/OneDrive - UGent/Desktop/PD/Phospho-fill/Validation-allPDB/pdb_cache/6ykd.cif	SEP	SEP	OG	CB	ok	1.6323644179732177	117.96621118006695	-67.57325861026075	ARG:258	ARG	NH2	3.5316512910574076	1	1	ARG:258	ARG	NH2	3.5316512910574076	HOH:535	O	2.6223521424183196	2	11	water_mediated_like			exposed				0	0		modified	1.6323644179732177	47.1198391893219	32.24283321680622	same	toward		
A0A915Q983	7A66	B	85	SEP_single	1	1	1.85	SEP	2		1	1-86	1-86	SEP	/mnt/c/Users/drpat/OneDrive - UGent/Desktop/PD/Phospho-fill/Validation-allPDB/pdb_cache/7a66.cif	SEP	SEP	OG	CB	ok	1.5321853244333488	116.76876133552682	27.12814668827778	HIS:86	HIS	ND1	7.485582694389282	0	0	GLU:81	GLU	OE2	3.6997619881616317	HOH:221	O	6.030351354190579	0	15	none_obvious			intermediate				0	0		modified	1.5321853244333488	142.58370891211976	75.04647109188252	same	opposite		
B7UL96	7AB3	C	59	SEP_single	1	1	2.4	SEP	4		2	2-335	2-335	SEP	/mnt/c/Users/drpat/OneDrive - UGent/Desktop/PD/Phospho-fill/Validation-allPDB/pdb_cache/7ab3.cif	SEP	SEP	OG	CB	ok	1.5632678436585887	112.3298457609555	-33.54097166451602	HIS:212	HIS	NE2	2.6616817081026154	2	2	HIS:212	HIS	NE2	2.6616817081026154	HOH:417	O	2.57003173837027	3	25	salt_bridge_like			exposed				0	0		modified	1.5632678436585887	28.99435835518159	63.849393645529275	same	toward		
P96356	7C48	A	78	SEP_single	1	1	1.6	SEP	184		1	4-292	4-292	SEP	/mnt/c/Users/drpat/OneDrive - UGent/Desktop/PD/Phospho-fill/Validation-allPDB/pdb_cache/7c48.cif	SEP	SEP	OG	CB	ok	1.6117364313794844	122.30086097026901	-55.49723611366394	ARG:76	ARG	NH1	2.809810538754883	1	3	ARG:76	ARG	NH1	2.809810538754883	HOH:472	O	2.7081433673555004	3	25	salt_bridge_like			exposed				0	0		modified	1.6117364313794844	62.88246599785906	32.89558504798915	same	lateral		
O96013	7CP4	A	474	SEP_single	1	1	2.5	SEP	80		2	300-591	300-591	SEP	/mnt/c/Users/drpat/OneDrive - UGent/Desktop/PD/Phospho-fill/Validation-allPDB/pdb_cache/7cp4.cif	SEP	SEP	OG	CB	ok	1.6112137763696681	110.66645720666165	-58.625680068000904	ARG:472	ARG	NH2	2.5476167459295085	2	3	ARG:472	ARG	NH2	2.5476167459295085				0	26	salt_bridge_like			buried				0	0		modified	1.6112137763696681	30.299779553335483		same	toward		
Q79V60	7DY1	A	431	SEP_single	1	1	2.2	SEP	195		2	18-111,125-151,158-246,254-497	18-111,125-151,158-246,254-497	SEP	/mnt/c/Users/drpat/OneDrive - UGent/Desktop/PD/Phospho-fill/Validation-allPDB/pdb_cache/7dy1.cif	SEP	SEP	OG	CB	ok	1.625301216158108	117.21882992737864	-61.15845672599939	HIS:429	HIS	CD2	5.089863158911285	0	1	THR:426	THR	OG1	2.824474626602672	HOH:720	O	2.57066249002826	1	27	hbond_like			buried				0	0		modified	1.625301216158108	25.711777445192038	52.857952926544684	same	toward		
Q14653	7JFL	A	386	SEP_single	1	1	1.68	SEP	186		2	199-232,238-396	199-232,238-396	SEP	/mnt/c/Users/drpat/OneDrive - UGent/Desktop/PD/Phospho-fill/Validation-allPDB/pdb_cache/7jfl.cif	SEP	SEP	OG	CB	ok	1.621271947199569	111.15629308685982	-1.2372989716278835	ARG:380	ARG	NH2	2.7286135157566274	2	2	SER:339	SER	OG	2.4696407092321504	HOH:402	O	2.2366190301177045	1	17	salt_bridge_like			intermediate				0	0		modified	1.621271947199569	43.068903676369096	59.16792561276537	opposite	toward		
P70671	7JFM	A	379	SEP_single	1	1	2.23	SEP	181		1	191-388	191-388	SEP	/mnt/c/Users/drpat/OneDrive - UGent/Desktop/PD/Phospho-fill/Validation-allPDB/pdb_cache/7jfm.cif	SEP	SEP	OG	CB	ok	1.6094611016423206	110.49311178597605	-2.6303331924660274	ARG:373	ARG	NH2	2.824876168415783	1	1	SER:332	SER	OG	2.6457722593004394	HOH:401	O	2.2800893315836634	2	13	salt_bridge_like			exposed				0	0		modified	1.6094611016423206	42.38235914447355	73.4200008806205	opposite	toward		
Q9NWF9	7M4O	A	719	SEP_single	1	1	2.21	SEP	219		1	652-760,765-771	652-760,765-771	SEP	/mnt/c/Users/drpat/OneDrive - UGent/Desktop/PD/Phospho-fill/Validation-allPDB/pdb_cache/7m4o.cif	SEP	SEP	OG	CB	ok	1.6092627961113577	109.1519298202579	-40.215401045726495					0	0	GLN:725	GLN	NE2	6.073754239676676				0	7	none_obvious			intermediate				0	0		modified	1.6092627961113577						
P14002	7MS2	A	735	SEP_single	1	1	2.04	SEP	149		1	1-750	1-750	SEP	/mnt/c/Users/drpat/OneDrive - UGent/Desktop/PD/Phospho-fill/Validation-allPDB/pdb_cache/7ms2.cif	SEP	SEP	OG	CB	ok	1.6141015887658992	111.01115589990889	-93.48447151356739					0	0	GLU:703	GLU	OE2	5.392563634601405				0	5	none_obvious			intermediate				0	0		modified	1.6141015887658992						
P11309	7QFM	A	261	SEP_single	1	1	1.95	SEP	131		2	33-46,49-305	33-46,49-305	SEP	/mnt/c/Users/drpat/OneDrive - UGent/Desktop/PD/Phospho-fill/Validation-allPDB/pdb_cache/7qfm.cif	SEP	SEP	OG	CB	ok	1.6235849683736947	111.11599928057917	-67.96657345361501	ARG:258	ARG	NH2	3.69047435622363	1	1	ARG:258	ARG	NH2	3.69047435622363	HOH:515	O	2.6309694222160904	1	11	water_mediated_like			intermediate				0	0		modified	1.6235849683736947	47.43071972650265	36.30350683764216	same	toward		
P68400	7QUX	A	2	SEP_single	1	1	1.48	SEP	180		1	2-329	2-329	SEP	/mnt/c/Users/drpat/OneDrive - UGent/Desktop/PD/Phospho-fill/Validation-allPDB/pdb_cache/7qux.cif	SEP	SEP	OG	CB	ok	1.645986265081215	121.65904750186941	60.467589923470186					0	0					HOH:624	O	2.768969980400868	2	13	water_mediated_like			exposed	SEP:1	SEP	4.493689382210941	1	1	SEP:1@4.49	modified	1.645986265081215		19.272116038931948				
Q5ZSZ6	7VKC	A	54	SEP_single	1	1	1.46	SEP	193		1	1-311	1-311	SEP	/mnt/c/Users/drpat/OneDrive - UGent/Desktop/PD/Phospho-fill/Validation-allPDB/pdb_cache/7vkc.cif	SEP	SEP	OG	CB	ok	1.6124865607478915	120.60773643926066	8.763867558752969	LYS:140	LYS	NZ	2.6712210413664863	3	3	LYS:140	LYS	NZ	2.6712210413664863	HOH:411	O	2.3947143039506478	4	23	salt_bridge_like			exposed				0	0		modified	1.6124865607478915	67.12849602595311	67.19328776811409	opposite	lateral		
Q5ZSZ6	7WCF	A	54	SEP_single	1	1	1.3636	SEP	194		1	1-311	1-311	SEP	/mnt/c/Users/drpat/OneDrive - UGent/Desktop/PD/Phospho-fill/Validation-allPDB/pdb_cache/7wcf.cif	SEP	SEP	OG	CB	ok	1.6169431570868869	122.48757459728691	20.456645866785305	ARG:131	ARG	NH1	2.868830061460822	2	3	ARG:131	ARG	NH1	2.868830061460822	HOH:517	O	2.547719314992506	4	33	salt_bridge_like			exposed				0	0		modified	1.6169431570868869	74.64231739362738	52.19010790566125	opposite	lateral		
P11309	7Z6U	A	261	SEP_single	1	1	2.28	SEP	132		2	33-46,48-80,84-98,100-305	33-46,48-80,84-98,100-305	SEP	/mnt/c/Users/drpat/OneDrive - UGent/Desktop/PD/Phospho-fill/Validation-allPDB/pdb_cache/7z6u.cif	SEP	SEP	OG	CB	ok	1.6233348501170581	115.08447577802174	-66.92976479426537	ARG:258	ARG	NH1	3.477674963625528	1	1	ARG:258	ARG	NH1	3.477674963625528				0	11	salt_bridge_like			intermediate				0	0		modified	1.6233348501170581	46.06242032330578		same	toward		
P11309	7ZUN	A	261	SEP_single	1	1	2.5	SEP	133		2	33-45,49-305	33-45,49-305	SEP	/mnt/c/Users/drpat/OneDrive - UGent/Desktop/PD/Phospho-fill/Validation-allPDB/pdb_cache/7zun.cif	SEP	SEP	OG	CB	ok	1.6443911906287783	119.76990766587924	-69.0830899427785	ARG:258	ARG	NH2	3.450325343675272	1	1	ARG:258	ARG	NH2	3.450325343675272	HOH:501	O	4.607934092116823	0	9	salt_bridge_like			intermediate				0	0		modified	1.6443911906287783	47.6884158872289	56.680620465056265	same	toward		
Q8IDR3	8A12	A	19	SEP_single	1	1	2.03	SEP	199		1	2-372,376-631,635-818	2-372,376-573,575-631,635-818	SEP	/mnt/c/Users/drpat/OneDrive - UGent/Desktop/PD/Phospho-fill/Validation-allPDB/pdb_cache/8a12.cif	SEP	SEP	OG	CB	ok	1.6073865102814318	115.80203780683982	54.9368575038092	HIS:107	HIS	ND1	2.7256819252590017	1	2	ASN:109	ASN	ND2	2.4947982811718106	HOH:1156	O	2.7906718306606955	3	30	salt_bridge_like			exposed				0	0		modified	1.6073865102814318	58.56348352990115	94.82757433079601	opposite	toward		
P11309	8AFR	A	261	SEP_single	1	1	2.15	SEP	134		2	33-44,51-80,84-305	33-44,51-80,84-305	SEP	/mnt/c/Users/drpat/OneDrive - UGent/Desktop/PD/Phospho-fill/Validation-allPDB/pdb_cache/8afr.cif	SEP	SEP	OG	CB	ok	1.617019844455011	112.12761507582952	-67.76081764227675	ARG:258	ARG	NH2	3.6602801474090905	1	1	ARG:258	ARG	NH2	3.6602801474090905	HOH:512	O	2.5931485588101295	1	9	water_mediated_like			intermediate				0	0		modified	1.617019844455011	47.26367481362974	37.88423262420166	same	toward		
O96013	8AHG	A	474	SEP_single	1	1	1.885	SEP	81		2	300-591	300-591	SEP	/mnt/c/Users/drpat/OneDrive - UGent/Desktop/PD/Phospho-fill/Validation-allPDB/pdb_cache/8ahg.cif	SEP	SEP	OG	CB	ok	1.5757081047934611	117.94898067767535	-59.02148559299452	ARG:439	ARG	NH2	2.786794222858788	3	3	ARG:439	ARG	NH2	2.786794222858788	HOH:733	O	2.6074415674744627	3	26	salt_bridge_like			exposed				0	0		modified	1.5757081047934611	53.423766096435905	79.36577381421061	same	toward		
O96013	8AHH	A	474	SEP_single	1	1	2.037	SEP	82		2	300-591	300-591	SEP	/mnt/c/Users/drpat/OneDrive - UGent/Desktop/PD/Phospho-fill/Validation-allPDB/pdb_cache/8ahh.cif	SEP	SEP	OG	CB	ok	1.567499271375138	117.6374674739584	-49.798081797595145	ARG:439	ARG	NH2	2.8360662423773433	3	3	ARG:439	ARG	NH2	2.8360662423773433	HOH:787	O	2.9377824589700796	1	26	salt_bridge_like			buried				0	0		modified	1.567499271375138	55.102079771385455	67.71612959954768	same	toward		
Q9Y478	8BIK	B	108	SEP_single	1	1	2.5	SEP	227		1	77-180,186-193,202-270	77-180,186-193,202-270	SEP	/mnt/c/Users/drpat/OneDrive - UGent/Desktop/PD/Phospho-fill/Validation-allPDB/pdb_cache/8bik.cif	SEP	SEP	OG	CB	ok	1.5758708397566064	115.57794687362838	43.583373742916976	HIS:109	HIS	ND1	4.222743722047537	0	1	ASN:111	ASN	ND2	2.8226752557819292	HOH:350	O	3.3344382329438447	1	20	hbond_like			intermediate				0	0		modified	1.5758708397566064	93.53658346424973	43.69048473891736	same	lateral		
Q8IDR3	8CDM	A	19	SEP_single	1	1	2.35	SEP	200		1	2-370,378-631,634-818	2-370,378-631,634-818	SEP	/mnt/c/Users/drpat/OneDrive - UGent/Desktop/PD/Phospho-fill/Validation-allPDB/pdb_cache/8cdm.cif	SEP	SEP	OG	CB	ok	1.5915070425215858	109.5570087817312	-27.458104519961232	HIS:107	HIS	ND1	2.5381848500384283	1	2	HIS:107	HIS	ND1	2.5381848500384283	HOH:1002	O	2.8135497134177343	1	29	salt_bridge_like			buried				0	0		modified	1.5915070425215858	27.031530972695194	82.71574886896798	same	toward		
Q8IDR3	8CDQ	A	19	SEP_single	1	1	2.21	SEP	201		1	2-372,376-818	2-372,376-818	SEP	/mnt/c/Users/drpat/OneDrive - UGent/Desktop/PD/Phospho-fill/Validation-allPDB/pdb_cache/8cdq.cif	SEP	SEP	OG	CB	ok	1.610190340279968	113.43237633644854	54.1003024392016	HIS:107	HIS	ND1	2.465706700535677	1	2	HIS:107	HIS	ND1	2.465706700535677	HOH:1060	O	2.6606546121632566	2	26	salt_bridge_like			exposed				0	0		modified	1.610190340279968	57.268133972219765	23.46884269369118	opposite	toward		
Q9NWZ3	8DKS	A	346	SEP_single	1	1	2.45	SEP	220		4	165-216,222-336,343-344,346-459	165-216,222-336,343-344,346-459	SEP	/mnt/c/Users/drpat/OneDrive - UGent/Desktop/PD/Phospho-fill/Validation-allPDB/pdb_cache/8dks.cif	SEP	SEP	OG	CB	ok	1.6098886816426998	111.08805903201521	0.5896836625494508	ARG:347	ARG	NE	5.676870766096287	0	1	ARG:347	ARG	NE	5.676870766096287				0	2	none_obvious			intermediate				0	0		modified	1.6098886816426998	110.12738520524655		opposite	lateral		
O15530	8DQT	A	241	SEP_single	1	1	1.31	SEP	53		1	70-359	70-359	SEP	/mnt/c/Users/drpat/OneDrive - UGent/Desktop/PD/Phospho-fill/Validation-allPDB/pdb_cache/8dqt.cif	SEP	SEP	OG	CB	ok	1.5820889523342272	115.52200192962167	-67.57464844843925	ARG:129	ARG	NH1	2.8173128932354627	2	3	ARG:129	ARG	NH1	2.8173128932354627	HOH:508	O	2.555754337770195	1	21	salt_bridge_like			intermediate				0	0		modified	1.5820889523342272	36.74047809958831	46.608387890694964	same	toward		
P62987	8IKM	B	65	SEP_single	1	1	1.92	SEP	178		1	1-75	1-75	SEP	/mnt/c/Users/drpat/OneDrive - UGent/Desktop/PD/Phospho-fill/Validation-allPDB/pdb_cache/8ikm.cif	SEP	SEP	OG	CB	ok	1.6153818778442623	119.64424094508321	38.955503367651865					0	0	GLN:62	GLN	NE2	5.123041486398325	HOH:101	O	2.5825306591566553	2	22	water_mediated_like			exposed				0	0		modified	1.6153818778442623		79.31799736147082				
P62987	8IKV	D	65	SEP_single	1	1	2.35	SEP	179		1	1-74	1-74	SEP	/mnt/c/Users/drpat/OneDrive - UGent/Desktop/PD/Phospho-fill/Validation-allPDB/pdb_cache/8ikv.cif	SEP	SEP	OG	CB	ok	1.6050293222771934	119.35324248350945	31.679652987288694					0	0	GLN:62	GLN	NE2	5.48117572029646	HOH:101	O	2.520383411848596	2	21	water_mediated_like			exposed				0	0		modified	1.6050293222771934		47.037449334744814				
P11309	8R0H	A	261	SEP_single	1	1	1.88	SEP	135		2	33-305	33-305	SEP	/mnt/c/Users/drpat/OneDrive - UGent/Desktop/PD/Phospho-fill/Validation-allPDB/pdb_cache/8r0h.cif	SEP	SEP	OG	CB	ok	1.6307030893129433	114.56531232523997	-67.40807826493418	ARG:258	ARG	NH2	3.5596513733288564	1	1	ARG:258	ARG	NH2	3.5596513733288564	HOH:557	O	2.718294589976332	2	10	water_mediated_like			exposed				0	0		modified	1.6307030893129433	46.804313979276806	37.358120060934674	same	toward		
P11309	8R0Q	A	261	SEP_single	1	1	1.7	SEP	136		2	33-79,86-305	33-79,86-305	SEP	/mnt/c/Users/drpat/OneDrive - UGent/Desktop/PD/Phospho-fill/Validation-allPDB/pdb_cache/8r0q.cif	SEP	SEP	OG	CB	ok	1.6357738657166792	114.28872520319435	-68.29654520283978	ARG:258	ARG	NH2	3.5222323149651604	1	1	ARG:258	ARG	NH2	3.5222323149651604	HOH:609	O	2.8864801174031824	2	11	water_mediated_like			exposed				0	0		modified	1.6357738657166792	46.77433274281314	36.977559739021565	same	toward		
P11309	8R0W	A	261	SEP_single	1	1	1.95	SEP	137		2	33-305	33-305	SEP	/mnt/c/Users/drpat/OneDrive - UGent/Desktop/PD/Phospho-fill/Validation-allPDB/pdb_cache/8r0w.cif	SEP	SEP	OG	CB	ok	1.6229672533106712	113.8503610425176	-65.8226096831761	ARG:258	ARG	NH2	3.6597605911167888	1	1	ARG:258	ARG	NH2	3.6597605911167888	HOH:509	O	2.5768782949927673	1	9	water_mediated_like			intermediate				0	0		modified	1.6229672533106712	50.87038180943585	36.56252715976807	same	toward		
P11309	8R0Y	A	261	SEP_single	1	1	2.05	SEP	138		2	33-47,50-305	33-47,50-305	SEP	/mnt/c/Users/drpat/OneDrive - UGent/Desktop/PD/Phospho-fill/Validation-allPDB/pdb_cache/8r0y.cif	SEP	SEP	OG	CB	ok	1.6225457632190528	112.31316338045205	-62.63658279719434	ARG:258	ARG	NH2	3.799352890473664	1	1	ARG:258	ARG	NH2	3.799352890473664	HOH:513	O	2.720388377378783	1	11	water_mediated_like			intermediate				0	0		modified	1.6225457632190528	52.66218016759126	40.746027734271	same	toward		
P11309	8R10	A	261	SEP_single	1	1	2.2	SEP	139		2	33-45,51-80,84-97,100-305	33-45,51-80,84-97,100-305	SEP	/mnt/c/Users/drpat/OneDrive - UGent/Desktop/PD/Phospho-fill/Validation-allPDB/pdb_cache/8r10.cif	SEP	SEP	OG	CB	ok	1.6343181543076577	113.63698804584763	-67.06993626050932	ARG:258	ARG	NH2	3.61793255007789	1	1	ARG:258	ARG	NH2	3.61793255007789	HOH:544	O	7.993041552061328	0	10	none_obvious			intermediate				0	0		modified	1.6343181543076577	48.08304539159868	73.40906682876887	same	toward		
P11309	8R18	A	261	SEP_single	1	1	1.89	SEP	140		2	33-305	33-305	SEP	/mnt/c/Users/drpat/OneDrive - UGent/Desktop/PD/Phospho-fill/Validation-allPDB/pdb_cache/8r18.cif	SEP	SEP	OG	CB	ok	1.6273959128990854	113.99466349218298	-69.03688854208445	ARG:258	ARG	NH2	3.5893324430439852	1	1	ARG:258	ARG	NH2	3.5893324430439852	HOH:506	O	2.6445206132391057	2	11	water_mediated_like			exposed				0	0		modified	1.6273959128990854	45.60349976302757	34.25655895257201	same	toward		
P11309	8R1K	A	261	SEP_single	1	1	1.95	SEP	141		2	33-305	33-305	SEP	/mnt/c/Users/drpat/OneDrive - UGent/Desktop/PD/Phospho-fill/Validation-allPDB/pdb_cache/8r1k.cif	SEP	SEP	OG	CB	ok	1.624948437712055	115.02607405907335	-65.0248723771735	ARG:258	ARG	NH2	3.5173556776356687	1	1	ARG:258	ARG	NH2	3.5173556776356687	HOH:501	O	2.519165566362963	1	11	water_mediated_like			intermediate				0	0		modified	1.624948437712055	51.72322767640764	36.557309341879076	same	toward		
P11309	8R1N	A	261	SEP_single	1	1	2.21	SEP	142		2	34-305	34-305	SEP	/mnt/c/Users/drpat/OneDrive - UGent/Desktop/PD/Phospho-fill/Validation-allPDB/pdb_cache/8r1n.cif	SEP	SEP	OG	CB	ok	1.6233310408116965	115.1333119665965	-62.19731300285108	ARG:258	ARG	NH2	3.548940443398736	1	1	ARG:258	ARG	NH2	3.548940443398736	HOH:510	O	2.5815900408017476	2	11	water_mediated_like			exposed				0	0		modified	1.6233310408116965	53.36008330726807	59.4873141468234	same	toward		
P11309	8R1P	A	261	SEP_single	1	1	2.45	SEP	143		2	33-44,49-305	33-44,49-305	SEP	/mnt/c/Users/drpat/OneDrive - UGent/Desktop/PD/Phospho-fill/Validation-allPDB/pdb_cache/8r1p.cif	SEP	SEP	OG	CB	ok	1.6315274641666555	114.12718451531477	-66.70590034665662	ARG:258	ARG	NH2	3.5496994842698193	1	1	ARG:258	ARG	NH2	3.5496994842698193	HOH:515	O	2.6852979214324533	2	11	water_mediated_like			exposed				0	0		modified	1.6315274641666555	48.22421291931773	59.062403303258485	same	toward		
P11309	8R1T	A	261	SEP_single	1	1	2.0	SEP	144		2	33-305	33-305	SEP	/mnt/c/Users/drpat/OneDrive - UGent/Desktop/PD/Phospho-fill/Validation-allPDB/pdb_cache/8r1t.cif	SEP	SEP	OG	CB	ok	1.622357113931827	113.72157933303576	-64.76420896310287	ARG:258	ARG	NH2	3.5522486953915546	1	1	ARG:258	ARG	NH2	3.5522486953915546	HOH:510	O	2.5670679082604573	2	9	water_mediated_like			exposed				0	0		modified	1.622357113931827	50.34655440428001	35.111495716695174	same	toward		
P11309	8R1W	A	261	SEP_single	1	1	2.15	SEP	145		2	33-45,49-305	33-45,49-305	SEP	/mnt/c/Users/drpat/OneDrive - UGent/Desktop/PD/Phospho-fill/Validation-allPDB/pdb_cache/8r1w.cif	SEP	SEP	OG	CB	ok	1.6161391526030546	111.71205136531155	-67.47734533164548	ARG:258	ARG	NH2	3.600893722487218	1	1	ARG:258	ARG	NH2	3.600893722487218	HOH:505	O	2.528233426385192	1	11	water_mediated_like			intermediate				0	0		modified	1.6161391526030546	49.64563714244644	37.829471231471764	same	toward		
P11309	8R25	A	261	SEP_single	1	1	2.1	SEP	146		2	33-305	33-305	SEP	/mnt/c/Users/drpat/OneDrive - UGent/Desktop/PD/Phospho-fill/Validation-allPDB/pdb_cache/8r25.cif	SEP	SEP	OG	CB	ok	1.6167876954828315	111.89651699964088	-67.76646283973524	ARG:258	ARG	NH2	3.576758999433279	1	1	ARG:258	ARG	NH2	3.576758999433279	HOH:502	O	2.509646833578826	2	12	water_mediated_like			exposed				0	0		modified	1.6167876954828315	48.780223520104585	55.406016695614355	same	toward		
P11309	8R27	A	261	SEP_single	1	1	1.95	SEP	147		2	33-80,82-305	33-80,82-305	SEP	/mnt/c/Users/drpat/OneDrive - UGent/Desktop/PD/Phospho-fill/Validation-allPDB/pdb_cache/8r27.cif	SEP	SEP	OG	CB	ok	1.6286605389136466	114.15902043019064	-68.16895433585603	ARG:258	ARG	NH2	3.5477031608157006	1	1	ARG:258	ARG	NH2	3.5477031608157006	HOH:525	O	2.7033388690392424	1	11	water_mediated_like			intermediate				0	0		modified	1.6286605389136466	48.06871735477611	35.879521982071736	same	toward		
Q15843	8WZN	B	65	SEP_single	1	1	1.8	SEP	187		1	1-73	1-73	SEP	/mnt/c/Users/drpat/OneDrive - UGent/Desktop/PD/Phospho-fill/Validation-allPDB/pdb_cache/8wzn.cif	SEP	SEP	OG	CB	ok	1.6200572178710204	120.05804627050551	35.08215364200161					0	0	TYR:45	TYR	OH	2.717847138415813	HOH:117	O	4.645481880252117	0	22	hbond_like			intermediate				0	0		modified	1.6200572178710204		23.383903522821257				
Q15843	8WZO	B	65	SEP_single	1	1	2.25	SEP	188		1	1-72	1-72	SEP	/mnt/c/Users/drpat/OneDrive - UGent/Desktop/PD/Phospho-fill/Validation-allPDB/pdb_cache/8wzo.cif	SEP	SEP	OG	CB	ok	1.6163708292647485	119.365634111791	37.01391044593634					0	0	TYR:45	TYR	OH	2.78445823228989	HOH:108	O	2.6606634289028146	2	21	hbond_like			exposed				0	0		modified	1.6163708292647485		82.50563887103218				
C5IWW7	9D1J	A	218	SEP_single	1	1	2.03	SEP	5		1	2-570	2-570	SEP	/mnt/c/Users/drpat/OneDrive - UGent/Desktop/PD/Phospho-fill/Validation-allPDB/pdb_cache/9d1j.cif	SEP	SEP	OG	CB	ok	1.6198708756061708	112.92445084762957	27.98057580077567	HIS:471	HIS	NE2	3.4242155474730818	1	1	HIS:471	HIS	NE2	3.4242155474730818	HOH:691	O	3.4840096845127375	1	31	salt_bridge_like			buried				0	0		modified	1.6198708756061708	102.24670858235993	10.776124278547432	opposite	lateral		
O96013	9D52	A	474	SEP_single	1	1	2.449	SEP	83		2	300-589	300-589	SEP	/mnt/c/Users/drpat/OneDrive - UGent/Desktop/PD/Phospho-fill/Validation-allPDB/pdb_cache/9d52.cif	SEP	SEP	OG	CB	ok	1.6090136162494604	117.36539072524803	-44.58842926811375	ARG:359	ARG	NH2	2.8495947547308615	3	3	ARG:359	ARG	NH2	2.8495947547308615	HOH:729	O	2.97364041244543	1	26	salt_bridge_like			buried				0	0		modified	1.6090136162494604	70.4741846603685	66.17769186782525	opposite	lateral		
O96013	9D53	A	474	SEP_single	1	1	2.468	SEP	84		2	300-591	300-591	SEP	/mnt/c/Users/drpat/OneDrive - UGent/Desktop/PD/Phospho-fill/Validation-allPDB/pdb_cache/9d53.cif	SEP	SEP	OG	CB	ok	1.6020218385753988	119.05784040726692	-60.54855032056544	ARG:439	ARG	NH1	2.4532885103438766	3	3	ARG:439	ARG	NH1	2.4532885103438766				0	24	salt_bridge_like			buried				0	0		modified	1.6020218385753988	47.7125162653724		same	toward		
P27361	9TU0	A	286	SEP_single	1	1	2.17	SEP	159		3	28-191,208-218,222-373	28-191,208-218,222-373	SEP	/mnt/c/Users/drpat/OneDrive - UGent/Desktop/PD/Phospho-fill/Validation-allPDB/pdb_cache/9tu0.cif	SEP	SEP	OG	CB	ok	1.6139991793253705	111.04222979895616	72.97681302492576					0	0	SER:263	SER	OG	6.293685484603017	HOH:508	O	4.254912136251643	0	6	none_obvious			intermediate				0	0		modified	1.6139991793253705		58.95004718816737				
P11309	9YKI	A	261	SEP_single	1	1	1.95	SEP	148		2	33-306	33-306	SEP	/mnt/c/Users/drpat/OneDrive - UGent/Desktop/PD/Phospho-fill/Validation-allPDB/pdb_cache/9yki.cif	SEP	SEP	OG	CB	ok	1.6868059705158738	115.19550781007804	-69.64753653933258	ARG:258	ARG	NH2	3.595803300679387	1	1	ARG:258	ARG	NH2	3.595803300679387	HOH:569	O	2.7559159080279083	2	8	water_mediated_like			exposed				0	0		modified	1.6868059705158738	42.770566386016675	59.294333970598316	same	toward		
Q582V7	9Z8K	A	71	SEP_single	1	1	2.05	SEP	191		1	54-208,232-348	54-208,232-348	SEP	/mnt/c/Users/drpat/OneDrive - UGent/Desktop/PD/Phospho-fill/Validation-allPDB/pdb_cache/9z8k.cif	SEP	SEP	OG	CB	ok	1.6064570928350312	110.3659234247994	-7.274378731596625	HIS:100	HIS	NE2	3.3318937868257215	1	2	HIS:100	HIS	NE2	3.3318937868257215	HOH:673	O	4.196597610279151	0	7	salt_bridge_like			intermediate				0	0		modified	1.6064570928350312	52.92799332972608	103.30450776600348	opposite	toward		
