acc_id	anchor_atom	angle_base_anchor_p	base_atom	chain_id	context_n_sites	context_signature	d_P_O1P	d_P_O2P	d_P_O3P	d_anchor_p	expected_resname	mapped_uniprot_range	master_phospho_sites	master_site_count	n_context_sites_input	n_target_sites	observed_uniprot_range	pdb_id	resname	resolution	status	subset_class	target_position	target_site_residues	torsion_CD1_CE1_CZ_OH	torsion_CE1_CZ_OH_P	torsion_CE2_CZ_OH_P
A4HXQ3	OH	122.44087844017682	CZ	A	1	186	1.5061561158054921	1.505449724134436	1.5077278655930233	1.606817471253906	PTR	1-259,262-353		1	1	1	1-259,262-353	7S6U	PTR	1.74	ok	PTR_single	186	PTR	-0.3581758921596009	-102.37580753877573	76.4750550235121
A4HXQ3	OH	124.25712816433963	CZ	A	1	186	1.5090652529487734	1.5086252543064562	1.5155449965208168	1.6094973178005951	PTR	1-255,264-353		1	1	1	1-255,264-353	7S6V	PTR	1.66	ok	PTR_single	186	PTR	-0.8585713462770392	-83.94321219044787	94.29929201176586
O15151	OH	121.30876916648032	CZ	A	1	99	1.5191484309714125	1.506250110653496	1.5195808505320916	1.6308311882506052	PTR	25-108		2	1	1	25-108	4RXZ	PTR	1.55	ok	PTR_single	99	PTR	-1.180186183152426	107.3331172584344	-72.89150707583048
O43781	OH	123.9325235656555	CZ	A	1	369	1.4711352303678056	1.5118164884879408	1.5045228956873837	1.5427472725002038	PTR	138-532		4	4	1	138-532	5Y86	PTR	1.9	ok	PTR_mixed_with_SEPTPO	369	PTR	-0.4614588159239589	-138.48128488336397	34.51520666797254
O60674	OH	121.72960897637948	CZ	B	2	1007,1008	1.4813478750376166	1.54106315704949	1.54042080467455	1.6143129137741068	PTR	840-919,924-1132		2	2	2	840-919,924-1132	2B7A	PTR	2.0	ok	PTR_only_multi_2	1007	PTR,PTR	0.035220476704457986	-108.03960700890384	71.51448323219336
O60674	OH	123.81683402037568	CZ	B	2	1007,1008	1.482743455436702	1.5424463966351238	1.5421397639969143	1.6143653281309318	PTR	840-919,924-1132		2	2	2	840-919,924-1132	2B7A	PTR	2.0	ok	PTR_only_multi_2	1008	PTR,PTR	0.44105739092139307	126.16499588435842	-52.59389697122967
O60674	OH	125.36095218741455	CZ	A	2	1007,1008	1.482861365835674	1.544235723239835	1.5465506564965295	1.6179424527513986	PTR	843-857,860-919,924-1010,1015-1130		2	2	2	843-857,860-919,924-1010,1015-1130	2XA4	PTR	2.04	ok	PTR_only_multi_2	1007	PTR,PTR	-0.10441929760243014	13.392452164307969	-166.56574258133898
O60674	OH	127.594953638418	CZ	A	2	1007,1008	1.4800920695432012	1.5384056148000933	1.5385697789725277	1.604315912719771	PTR	843-857,860-919,924-1010,1015-1130		2	2	2	843-857,860-919,924-1010,1015-1130	2XA4	PTR	2.04	ok	PTR_only_multi_2	1008	PTR,PTR	-1.3225454616270274	-157.0842827495824	21.412849317666723
O60674	OH	124.15112618536322	CZ	A	2	1007,1008	1.4803544024537199	1.5433996508088426	1.5388978966127023	1.6124607603992116	PTR	839-1131		2	2	2	839-1131	3E62	PTR	1.922	ok	PTR_only_multi_2	1007	PTR,PTR	-1.1971583295845054	-112.31108260748836	65.78845282439312
O60674	OH	126.86812093538042	CZ	A	2	1007,1008	1.4828643101403287	1.543108863140305	1.537068039807632	1.6118367485325709	PTR	839-1131		2	2	2	839-1131	3E62	PTR	1.922	ok	PTR_only_multi_2	1008	PTR,PTR	0.5576103403016353	9.926909308449382	-168.83887002007722
O60674	OH	124.24839849191206	CZ	A	2	1007,1008	1.4810914945398608	1.5442340282193485	1.5409576961175027	1.6092023881858193	PTR	840-1131		2	2	2	840-1131	3E63	PTR	1.9	ok	PTR_only_multi_2	1007	PTR,PTR	-1.1637663249271686	-103.10587419831676	74.82896943240131
O60674	OH	126.32532524782319	CZ	A	2	1007,1008	1.4841433463595053	1.544268524461098	1.5410689567778437	1.6255251917815838	PTR	840-1131		2	2	2	840-1131	3E63	PTR	1.9	ok	PTR_only_multi_2	1008	PTR,PTR	0.3169956139959995	-9.797046073250838	170.121998095346
O60674	OH	123.55889011071868	CZ	A	2	1007,1008	1.4821345473976038	1.5467486179929844	1.5423714705747287	1.6104077421085905	PTR	839-1131		2	2	2	839-1131	3E64	PTR	1.8	ok	PTR_only_multi_2	1007	PTR,PTR	-0.8746653373127058	-110.7728528682035	67.40654455456094
O60674	OH	126.31801204093364	CZ	A	2	1007,1008	1.4853967468899045	1.545875732037177	1.5432019512668456	1.6286716689991638	PTR	839-1131		2	2	2	839-1131	3E64	PTR	1.8	ok	PTR_only_multi_2	1008	PTR,PTR	0.3168827851037749	10.810301115517774	-168.16548495154504
O60674	OH	119.9429871779623	CZ	B	2	1007,1008	1.479463245881663	1.5402523974803668	1.5400919408631442	1.6095801102610383	PTR	840-919,924-1132		2	2	2	840-919,924-1132	3FUP	PTR	2.4	ok	PTR_only_multi_2	1007	PTR,PTR	0.06453565956188813	-108.14263090215607	71.90056026884123
O60674	OH	119.98829617998013	CZ	B	2	1007,1008	1.4805124678575772	1.5400448454542854	1.5397521323940861	1.6099746322444912	PTR	840-919,924-1132		2	2	2	840-919,924-1132	3FUP	PTR	2.4	ok	PTR_only_multi_2	1008	PTR,PTR	-0.01972258983318025	-134.00244344132904	45.96074839211869
O60674	OH	122.56205006336486	CZ	A	2	1007,1008	1.4846274771264907	1.5456458175426142	1.547762550771293	1.6177848681870082	PTR	842-858,861-1130		2	2	2	842-858,861-1130	3IOK	PTR	2.1	ok	PTR_only_multi_2	1007	PTR,PTR	0.05242727283436474	-108.99824510426669	70.03199222457644
O60674	OH	131.2919901892072	CZ	A	2	1007,1008	1.4793062509364143	1.5448260624475052	1.543982682480133	1.616220746467352	PTR	842-858,861-1130		2	2	2	842-858,861-1130	3IOK	PTR	2.1	ok	PTR_only_multi_2	1008	PTR,PTR	1.2257986507808074	34.08021933061725	-142.9669544736318
O60674	OH	127.05870342199846	CZ	A	2	1007,1008	1.498829621270172	1.5511774382731682	1.5577067925839818	1.642220352953973	PTR	842-858,861-919,923-1130		2	2	2	842-858,861-919,923-1130	3JY9	PTR	2.1	ok	PTR_only_multi_2	1007	PTR,PTR	-1.1834059786510691	-125.63941493077681	51.75591801383614
O60674	OH	132.03419836602518	CZ	A	2	1007,1008	1.474416104398511	1.5433270440203286	1.527272596355541	1.5792828673146126	PTR	842-858,861-919,923-1130		2	2	2	842-858,861-919,923-1130	3JY9	PTR	2.1	ok	PTR_only_multi_2	1008	PTR,PTR	5.941997075373568	83.96346685304341	-88.59609405006285
O60674	OH	122.79917173170732	CZ	A	2	1007,1008	1.4908444440888973	1.5321787370347215	1.5458795825359277	1.623213176808465	PTR	842-858,861-1130		2	2	2	842-858,861-1130	3KCK	PTR	2.2	ok	PTR_only_multi_2	1007	PTR,PTR	0.3999464028041983	-139.77151180250928	39.29633439348068
O60674	OH	129.75669009574182	CZ	A	2	1007,1008	1.4710732942256437	1.5497794029361875	1.5435832902437678	1.597264573026421	PTR	842-858,861-1130		2	2	2	842-858,861-1130	3KCK	PTR	2.2	ok	PTR_only_multi_2	1008	PTR,PTR	4.035678653798698	88.96427782236454	-85.3415820516984
O60674	OH	123.58593398172194	CZ	A	2	1007,1008	1.4801678456524712	1.5410260390522033	1.5408069184758248	1.6068065644452674	PTR	840-1131		2	2	2	840-1131	3KRR	PTR	1.8	ok	PTR_only_multi_2	1007	PTR,PTR	-0.9943497984112891	-115.52751013369183	63.138542633013714
O60674	OH	128.0110103949599	CZ	A	2	1007,1008	1.480352900718198	1.539220048337667	1.5348101671506964	1.6080378638427366	PTR	840-1131		2	2	2	840-1131	3KRR	PTR	1.8	ok	PTR_only_multi_2	1008	PTR,PTR	0.0818754057102521	-3.8126630098207754	176.16701743290608
O60674	OH	124.12758088596286	CZ	B	2	1007,1008	1.4831140196005466	1.5333857449872637	1.5419555551800488	1.6215712857867182	PTR	840-918,924-1011,1015-1132		2	2	2	840-918,924-1011,1015-1132	3LPB	PTR	2.0	ok	PTR_only_multi_2	1007	PTR,PTR	-0.49533878480048354	-114.59068977392809	64.4982378326431
O60674	OH	127.28340166539253	CZ	B	2	1007,1008	1.4743267061161538	1.5376155467017443	1.5398133767415012	1.6130127102091052	PTR	840-918,924-1011,1015-1132		2	2	2	840-918,924-1011,1015-1132	3LPB	PTR	2.0	ok	PTR_only_multi_2	1008	PTR,PTR	0.6705655781061247	173.94127315461975	-5.262240645616379
O60674	OH	115.73324139835513	CZ	B	2	1007,1008	1.560903013864689	1.5458705590828727	1.5550804281219095	1.5734291179391156	PTR	839-1132		2	2	2	839-1132	3Q32	PTR	2.5	ok	PTR_only_multi_2	1007	PTR,PTR	-0.16433863282012404	-106.98537857645888	71.65149586958395
O60674	OH	115.84867305841271	CZ	B	2	1007,1008	1.564378954124977	1.5436287536452171	1.5450429365347123	1.580199587474219	PTR	839-1132		2	2	2	839-1132	3Q32	PTR	2.5	ok	PTR_only_multi_2	1008	PTR,PTR	-0.2189787709252302	-100.09286412544397	78.903373106329
O60674	OH	126.68537645483568	CZ	A	2	1007,1008	1.4825024128867084	1.53896758381333	1.5459490598984302	1.6219400162052402	PTR	841-1010,1016-1132		2	2	2	841-1010,1016-1132	3RVG	PTR	2.498	ok	PTR_only_multi_2	1007	PTR,PTR	-0.3129803135900392	-20.097868526490714	159.32467202593443
O60674	OH	126.1901473679741	CZ	A	2	1007,1008	1.485058105391284	1.542368475671297	1.5453294458046025	1.6167391821904766	PTR	841-1010,1016-1132		2	2	2	841-1010,1016-1132	3RVG	PTR	2.498	ok	PTR_only_multi_2	1008	PTR,PTR	0.28981313078538096	-177.01120333517514	2.6000202908156718
O60674	OH	120.95095968077729	CZ	B	2	1007,1008	1.5213881605925224	1.529669072828496	1.513634134984652	1.6279192228823323	PTR	840-919,924-1132		2	2	2	840-919,924-1132	3TJC	PTR	2.4	ok	PTR_only_multi_2	1007	PTR,PTR	-2.3116385482051736	-104.37538259487059	73.81405856971892
O60674	OH	121.56390244428802	CZ	B	2	1007,1008	1.5233758672270077	1.527527459426799	1.5231164448423777	1.6283630212990448	PTR	840-919,924-1132		2	2	2	840-919,924-1132	3TJC	PTR	2.4	ok	PTR_only_multi_2	1008	PTR,PTR	6.128236524875789	124.3899151078997	-50.62639247835122
O60674	OH	126.68930557822665	CZ	B	2	1007,1008	1.480296667095356	1.5392221988996484	1.5491352836260301	1.6269616154119615	PTR	836-1132		2	2	2	836-1132	4AQC	PTR	1.9	ok	PTR_only_multi_2	1007	PTR,PTR	1.0600915303075553	47.63590863253737	-129.80128736104007
O60674	OH	131.19750238877702	CZ	B	2	1007,1008	1.485124627020314	1.5401141262871085	1.5440566270994538	1.6160977394365303	PTR	836-1132		2	2	2	836-1132	4AQC	PTR	1.9	ok	PTR_only_multi_2	1008	PTR,PTR	2.1029015305246417	30.44691211028353	-146.49231182193472
O60674	OH	118.70323395444899	CZ	B	2	1007,1008	1.5351241745857678	1.47004380426731	1.5237710193758431	1.4819814497262023	PTR	843-884,891-917,925-1131		2	2	2	843-884,891-917,925-1131	4C61	PTR	2.45	ok	PTR_only_multi_2	1007	PTR,PTR	0.6502955127351497	29.485915796208065	-148.5793464113175
O60674	OH	133.78650475540303	CZ	B	2	1007,1008	1.525282404208036	1.5007056065293902	1.5216983817850203	1.4708607077401223	PTR	843-884,891-917,925-1131		2	2	2	843-884,891-917,925-1131	4C61	PTR	2.45	ok	PTR_only_multi_2	1008	PTR,PTR	4.093116174292997	156.1197366663981	-19.37279757567486
O60674	OH	122.42750506363852	CZ	A	2	1007,1008	1.5165348606771003	1.5145003527914236	1.509754434851532	1.604911212518193	PTR	839-858,860-1130		2	2	2	839-858,860-1130	4D0W	PTR	1.77	ok	PTR_only_multi_2	1007	PTR,PTR	-0.9164401146378663	57.509448754086556	-121.17924417932261
O60674	OH	128.8723668889149	CZ	A	2	1007,1008	1.51259255063551	1.5199624924515187	1.5074097040387655	1.5861730219171786	PTR	839-858,860-1130		2	2	2	839-858,860-1130	4D0W	PTR	1.77	ok	PTR_only_multi_2	1008	PTR,PTR	0.6015755833226442	169.84677250098633	-10.932329496274635
O60674	OH	121.07062363155453	CZ	A	2	1007,1008	1.51338743966154	1.5333536747796488	1.5195253800911155	1.5990813214191812	PTR	839-1131		2	2	2	839-1131	4D0X	PTR	1.82	ok	PTR_only_multi_2	1007	PTR,PTR	0.8421500530644417	61.56087049245466	-117.37180487932096
O60674	OH	132.96992383180574	CZ	A	2	1007,1008	1.5150932708804203	1.5142210092786796	1.5124104057391599	1.5799743066226488	PTR	839-1131		2	2	2	839-1131	4D0X	PTR	1.82	ok	PTR_only_multi_2	1008	PTR,PTR	3.6895160689399877	133.19908773406388	-41.81681053517206
O60674	OH	125.35133551906266	CZ	A	2	1007,1008	1.5142892839498885	1.5238620277339239	1.5341835668402124	1.6024539467228738	PTR	842-858,860-1010,1016-1052,1054-1130		2	2	2	842-858,860-1010,1016-1052,1054-1130	4D1S	PTR	1.66	ok	PTR_only_multi_2	1007	PTR,PTR	0.45862299572988724	19.29586493684081	-159.4714181537406
O60674	OH	132.79050208717788	CZ	A	2	1007,1008	1.5003235667799113	1.510938938629547	1.511187225229706	1.5920819969767683	PTR	842-858,860-1010,1016-1052,1054-1130		2	2	2	842-858,860-1010,1016-1052,1054-1130	4D1S	PTR	1.66	ok	PTR_only_multi_2	1008	PTR,PTR	-1.377249654589538	-6.662400401362099	173.05729313638594
O60674	OH	125.90246231923122	CZ	A	2	1007,1008	1.5449667372496787	1.5508867356099747	1.48454036157482	1.6210698004399366	PTR	835-1132		2	2	2	835-1132	4E4M	PTR	2.25	ok	PTR_only_multi_2	1007	PTR,PTR	-0.5665606409417998	-122.79668174882211	55.47021336873226
O60674	OH	130.70279309428352	CZ	A	2	1007,1008	1.4822849473061497	1.5447475927798044	1.545249142066335	1.6082320071378982	PTR	835-1132		2	2	2	835-1132	4E4M	PTR	2.25	ok	PTR_only_multi_2	1008	PTR,PTR	-0.23343350339236096	169.91976453426582	-9.751249581841378
O60674	OH	124.8264117567226	CZ	B	2	1007,1008	1.4973760074040758	1.544281783644256	1.546918102833912	1.6288979633336342	PTR	840-918,924-1132		2	2	2	840-918,924-1132	4E6D	PTR	2.22	ok	PTR_only_multi_2	1007	PTR,PTR	-0.26806020814264897	-106.47947258423963	72.40402586886485
O60674	OH	129.2704371370228	CZ	B	2	1007,1008	1.4865920363522587	1.5412646028198962	1.541113552601068	1.6033307194939055	PTR	840-918,924-1132		2	2	2	840-918,924-1132	4E6D	PTR	2.22	ok	PTR_only_multi_2	1008	PTR,PTR	-2.4691894760833835	-71.19790280595461	105.63710501594339
O60674	OH	128.99362382331373	CZ	B	2	1007,1008	1.4673527359771887	1.5462478982561	1.5465480859257632	1.6233933884078742	PTR	835-1132		2	2	2	835-1132	4E6Q	PTR	1.948	ok	PTR_only_multi_2	1007	PTR,PTR	-1.6017796209238289	-130.97956412278003	45.19064564965795
O60674	OH	124.84393345184499	CZ	B	2	1007,1008	1.485587157931756	1.5342370045850038	1.551905752719606	1.6136277433007475	PTR	835-1132		2	2	2	835-1132	4E6Q	PTR	1.948	ok	PTR_only_multi_2	1008	PTR,PTR	-0.9467283517384355	-48.20754301469814	131.26743309569036
O60674	OH	132.05276746877794	CZ	A	2	1007,1008	1.4634789397103156	1.4924108759992019	1.4979531688081473	1.5832370930239468	PTR	843-1132		2	2	2	843-1132	4F09	PTR	2.4	ok	PTR_only_multi_2	1007	PTR,PTR	-3.019904951561375	-132.34360410507668	43.16350353586986
O60674	OH	137.48295454018825	CZ	A	2	1007,1008	1.4605030020553662	1.461856289108314	1.4615202542995376	1.5453196777893214	PTR	843-1132		2	2	2	843-1132	4F09	PTR	2.4	ok	PTR_only_multi_2	1008	PTR,PTR	-1.1989183668530579	-9.177466871605404	168.6712841942663
O60674	OH	124.36478884562715	CZ	A	2	1007,1008	1.5152862375742144	1.5100544647512153	1.5158065217342906	1.602974213512611	PTR	840-1130		2	2	2	840-1130	4GFM	PTR	2.3	ok	PTR_only_multi_2	1007	PTR,PTR	-1.1187759953949477	-124.09986010830555	53.70777797704157
O60674	OH	128.23646392832205	CZ	A	2	1007,1008	1.5089983026059488	1.509909996823753	1.5104760539461142	1.6079262488997776	PTR	840-1130		2	2	2	840-1130	4GFM	PTR	2.3	ok	PTR_only_multi_2	1008	PTR,PTR	-0.8349509909677459	-37.214105545232364	140.47660771489856
O60674	OH	123.91253008295335	CZ	A	2	1007,1008	1.4733420442621628	1.5376187405768773	1.533911526115874	1.6199296141001833	PTR	833-1132		2	2	2	833-1132	4GMY	PTR	2.403	ok	PTR_only_multi_2	1007	PTR,PTR	-0.6883496547286986	-166.74580964493825	12.936414189479231
O60674	OH	124.00381922878529	CZ	A	2	1007,1008	1.4760121283899919	1.5411813269874497	1.5308626506748662	1.6241610480522757	PTR	833-1132		2	2	2	833-1132	4GMY	PTR	2.403	ok	PTR_only_multi_2	1008	PTR,PTR	0.23631153103167668	4.126687153392646	-175.29987827864392
O60674	OH	124.98244221017276	CZ	B	2	1007,1008	1.5119636304712019	1.5079757585812474	1.5166357811482087	1.61172245341933	PTR	839-919,924-1132		2	2	2	839-919,924-1132	4HGE	PTR	2.3	ok	PTR_only_multi_2	1007	PTR,PTR	-1.2216312744645434	-110.6640369696288	67.09889999912733
O60674	OH	126.0765378198615	CZ	B	2	1007,1008	1.5115981349681604	1.5056099665081006	1.5119384691353315	1.6007070334571707	PTR	839-919,924-1132		2	2	2	839-919,924-1132	4HGE	PTR	2.3	ok	PTR_only_multi_2	1008	PTR,PTR	-0.644839054587695	-155.91335259387853	23.3769401278484
O60674	OH	124.68845988959633	CZ	A	2	1007,1008	1.5126023690075783	1.511396204825582	1.5099394611931263	1.6101191159184232	PTR	841-1132		2	2	2	841-1132	4IVA	PTR	1.5	ok	PTR_only_multi_2	1007	PTR,PTR	-0.4235158141587254	-153.78264643431746	25.415118466118237
O60674	OH	124.39938666610787	CZ	A	2	1007,1008	1.5119063481968393	1.5092022432410586	1.509023377547938	1.610841218290067	PTR	841-1132		2	2	2	841-1132	4IVA	PTR	1.5	ok	PTR_only_multi_2	1008	PTR,PTR	-0.12369904356614828	-157.90307163286562	21.697708168729086
O60674	OH	123.88181575048394	CZ	B	2	1007,1008	1.5119273473454247	1.51037242920281	1.5135553422512433	1.6142608667393514	PTR	839-919,924-1132		2	2	2	839-919,924-1132	4JI9	PTR	2.4	ok	PTR_only_multi_2	1007	PTR,PTR	-0.5188859641518532	-120.38070724033436	58.320105603103435
O60674	OH	126.17561712078574	CZ	B	2	1007,1008	1.511355510987317	1.514120926419148	1.5132417675933068	1.6159265132380731	PTR	839-919,924-1132		2	2	2	839-919,924-1132	4JI9	PTR	2.4	ok	PTR_only_multi_2	1008	PTR,PTR	0.3390785076602203	-179.18585028977165	1.21960436166382
O60674	OH	124.70287144242234	CZ	A	2	1007,1008	1.5108373259903989	1.5127574112119775	1.511637428545226	1.6116537680892542	PTR	833-1132		2	2	2	833-1132	4JIA	PTR	1.85	ok	PTR_only_multi_2	1007	PTR,PTR	-0.8901508925681657	-151.88829050868134	26.75371579181095
O60674	OH	127.2474816617981	CZ	A	2	1007,1008	1.5096405409267488	1.5110499508686552	1.5073450276797382	1.616612685501379	PTR	833-1132		2	2	2	833-1132	4JIA	PTR	1.85	ok	PTR_only_multi_2	1008	PTR,PTR	0.2750566956821331	-2.867368637115494	176.9977763332914
O60674	OH	124.91723965454227	CZ	B	2	1007,1008	1.483685284195202	1.542779622648008	1.5425658056532319	1.6258166613170553	PTR	840-919,924-1069,1072-1132		2	2	2	840-919,924-1069,1072-1132	4P7E	PTR	2.4	ok	PTR_only_multi_2	1007	PTR,PTR	-0.07600067908086812	-104.55394056185227	74.29095861268758
O60674	OH	129.87947430723904	CZ	B	2	1007,1008	1.543861018384034	1.5446935504232022	1.4901194231345365	1.618616151264034	PTR	840-919,924-1069,1072-1132		2	2	2	840-919,924-1069,1072-1132	4P7E	PTR	2.4	ok	PTR_only_multi_2	1008	PTR,PTR	-1.0211644739329935	-156.54151452606484	21.736142137791724
O60674	OH	117.99004929785102	CZ	A	2	1007,1008	1.5640683651006213	1.5455029185481388	1.5594691810481163	1.540459403900382	PTR	842-858,861-920,922-1130		2	2	2	842-858,861-920,922-1130	4YTC	PTR	2.16	ok	PTR_only_multi_2	1007	PTR,PTR	-1.2008101039628423	-110.61386772363127	66.2406434332998
O60674	OH	124.86525353982809	CZ	A	2	1007,1008	1.5634968323017329	1.5548707475880066	1.5556154303673808	1.558503456778301	PTR	842-858,861-920,922-1130		2	2	2	842-858,861-920,922-1130	4YTC	PTR	2.16	ok	PTR_only_multi_2	1008	PTR,PTR	2.137454932841568	131.79642743552026	-44.598287200524965
O60674	OH	117.43075503025369	CZ	A	2	1007,1008	1.546323644548916	1.5564450269409056	1.5603448216641447	1.5481189384413179	PTR	842-858,861-919,922-1130		2	2	2	842-858,861-919,922-1130	4YTF	PTR	1.78	ok	PTR_only_multi_2	1007	PTR,PTR	-0.7945574066896031	-112.25534995387994	65.36805121464691
O60674	OH	123.05765949873997	CZ	A	2	1007,1008	1.5174601168913995	1.5658136490358645	1.4999973364937917	1.4723400778592868	PTR	842-858,861-919,922-1130		2	2	2	842-858,861-919,922-1130	4YTF	PTR	1.78	ok	PTR_only_multi_2	1008	PTR,PTR	4.493370876976904	78.07982804933312	-97.29120658000157
O60674	OH	122.22382342251377	CZ	A	2	1007,1008	1.552974612223907	1.5524625240897991	1.540519745318924	1.5489200839466404	PTR	842-1130		2	2	2	842-1130	4YTH	PTR	2.04	ok	PTR_only_multi_2	1007	PTR,PTR	-2.2311871668350793	-130.94445316863366	45.58242555857002
O60674	OH	128.56049172458347	CZ	A	2	1007,1008	1.5520462111772833	1.5983019506401035	1.5442036448026157	1.5131232109940373	PTR	842-1130		2	2	2	842-1130	4YTH	PTR	2.04	ok	PTR_only_multi_2	1008	PTR,PTR	2.407984413698253	43.06534944714334	-132.12739383691567
O60674	OH	120.89682827274166	CZ	A	2	1007,1008	1.5078441375211056	1.523706491596952	1.5079094185738349	1.610681026997635	PTR	840-919,923-1131		2	2	2	840-919,923-1131	5AEP	PTR	1.95	ok	PTR_only_multi_2	1007	PTR,PTR	0.5926246246372595	66.0834739515654	-113.2303748246525
O60674	OH	132.58384034866685	CZ	A	2	1007,1008	1.5148451272869523	1.5198048531966153	1.5192362988071006	1.6116001577518402	PTR	840-919,923-1131		2	2	2	840-919,923-1131	5AEP	PTR	1.95	ok	PTR_only_multi_2	1008	PTR,PTR	2.9362924643025465	143.09254641316105	-34.91301818755935
O60674	OH	119.12219918706937	CZ	B	2	1007,1008	1.5517913106195966	1.543819861424088	1.5634813559375202	1.5887685077306946	PTR	839-921,923-1132		2	2	2	839-921,923-1132	5CF4	PTR	2.38	ok	PTR_only_multi_2	1007	PTR,PTR	-0.17583105562881574	-112.17179903230138	64.77946283991018
O60674	OH	126.56894851145066	CZ	B	2	1007,1008	1.549123362363301	1.548430272356566	1.553420574328004	1.543368521900883	PTR	839-921,923-1132		2	2	2	839-921,923-1132	5CF4	PTR	2.38	ok	PTR_only_multi_2	1008	PTR,PTR	2.2669254578945166	155.40478937885436	-21.085891573439696
O60674	OH	120.89588617454547	CZ	B	2	1007,1008	1.544129663742563	1.5382001935074925	1.5440888954227567	1.5804306101593038	PTR	839-1132		2	2	2	839-1132	5CF5	PTR	2.45	ok	PTR_only_multi_2	1007	PTR,PTR	-0.19782256271941104	-119.16255804084858	56.782811961570076
O60674	OH	121.75581394362028	CZ	B	2	1007,1008	1.5793425773454295	1.5404508661240086	1.536798399590531	1.5417729378250329	PTR	839-1132		2	2	2	839-1132	5CF5	PTR	2.45	ok	PTR_only_multi_2	1008	PTR,PTR	1.2209963606777805	15.620771073072643	-162.9086573152953
O60674	OH	119.62399912060584	CZ	B	2	1007,1008	1.5661106452020288	1.5384899608159337	1.5507091586509312	1.5896675287627045	PTR	839-918,923-1132		2	2	2	839-918,923-1132	5CF6	PTR	2.5	ok	PTR_only_multi_2	1007	PTR,PTR	-1.4714317767761877	-120.2263981425348	57.50336407409482
O60674	OH	126.51120185911968	CZ	B	2	1007,1008	1.5729291605293663	1.5196461971421618	1.5226548903793422	1.5131974812571627	PTR	839-918,923-1132		2	2	2	839-918,923-1132	5CF6	PTR	2.5	ok	PTR_only_multi_2	1008	PTR,PTR	2.575919704017072	167.25790585793473	-11.433324594955177
O60674	OH	120.29608364555011	CZ	B	2	1007,1008	1.536110888234307	1.5004093664574174	1.5402560815957407	1.5739450651722047	PTR	839-918,924-1132		2	2	2	839-918,924-1132	5CF8	PTR	1.8	ok	PTR_only_multi_2	1007	PTR,PTR	-2.514897877178233	-126.55605838870753	52.01773148351584
O60674	OH	121.47123315358384	CZ	B	2	1007,1008	1.5394532576426518	1.52877986696528	1.5247785988007128	1.5185790634802956	PTR	839-918,924-1132		2	2	2	839-918,924-1132	5CF8	PTR	1.8	ok	PTR_only_multi_2	1008	PTR,PTR	4.1885629713703665	40.01742481223201	-132.754733274709
O60674	OH	126.09636271277634	CZ	A	2	1007,1008	1.5117077748819305	1.5120760106125066	1.512888846810179	1.6157162903749356	PTR	841-1132		2	2	2	841-1132	5TQ4	PTR	2.3	ok	PTR_only_multi_2	1007	PTR,PTR	-0.9891990192129171	-131.63792946992808	46.57392078852913
O60674	OH	126.34432925144607	CZ	A	2	1007,1008	1.5098538131387842	1.5106173768238416	1.5116582773708283	1.6118340744548563	PTR	841-1132		2	2	2	841-1132	5TQ4	PTR	2.3	ok	PTR_only_multi_2	1008	PTR,PTR	-1.2950725444558666	-122.50432210875752	55.275004750890766
O60674	OH	125.71187757836044	CZ	A	2	1007,1008	1.5117992644365783	1.5172855860833931	1.5044428371880374	1.6019181357232797	PTR	843-919,924-1011,1015-1065,1073-1132		2	2	2	843-919,924-1011,1015-1065,1073-1132	5TQ6	PTR	2.06	ok	PTR_only_multi_2	1007	PTR,PTR	0.776328011585409	17.659981686511706	-160.66074144686397
O60674	OH	125.12760465563895	CZ	A	2	1007,1008	1.5064064356947966	1.504412144675583	1.513603363772291	1.6050232723298012	PTR	843-919,924-1011,1015-1065,1073-1132		2	2	2	843-919,924-1011,1015-1065,1073-1132	5TQ6	PTR	2.06	ok	PTR_only_multi_2	1008	PTR,PTR	-1.0638717436128866	-134.30103489948826	43.64211380595021
O60674	OH	122.35943016995338	CZ	A	2	1007,1008	1.4969647620880129	1.5092761493595854	1.5039182309334709	1.6103194681841302	PTR	841-886,890-921,924-1010,1015-1066,1073-1132		2	2	2	841-886,890-921,924-1010,1015-1066,1073-1132	5TQ7	PTR	2.1	ok	PTR_only_multi_2	1007	PTR,PTR	-0.7680045917705337	-93.48118260922888	84.7778754495315
O60674	OH	119.73426095294843	CZ	A	2	1007,1008	1.4966803983537658	1.5141544368097724	1.5187027991680293	1.6182988799082039	PTR	841-886,890-921,924-1010,1015-1066,1073-1132		2	2	2	841-886,890-921,924-1010,1015-1066,1073-1132	5TQ7	PTR	2.1	ok	PTR_only_multi_2	1008	PTR,PTR	0.1391102397583512	-119.28466642230231	61.0475011868579
O60674	OH	124.51656411133386	CZ	A	1	1007	1.5452586517100526	1.5501655852981575	1.492266802175239	1.6123869393514454	PTR	840-1012,1016-1130		2	1	1	840-1012,1016-1130	5USY	PTR	2.0	ok	PTR_single	1007	PTR	1.092671509050415	40.07995800330217	-137.55133803446384
O60674	OH	129.71119395627412	CZ	A	2	1007,1008	1.5110533110069875	1.51011410045498	1.5088477127254298	1.6164863837296553	PTR	833-857,861-1130		2	2	2	833-857,861-1130	5WEV	PTR	1.854	ok	PTR_only_multi_2	1007	PTR,PTR	-1.2271695340520106	-144.48656095091468	33.54216219509624
O60674	OH	129.65202969170332	CZ	A	2	1007,1008	1.5054404349663908	1.5077050362679678	1.5096451266706263	1.60913156755643	PTR	833-857,861-1130		2	2	2	833-857,861-1130	5WEV	PTR	1.854	ok	PTR_only_multi_2	1008	PTR,PTR	-1.5901690401241901	-47.28557008829439	129.46413724461945
O60674	OH	121.56412751668488	CZ	A	2	1007,1008	1.5109505151002254	1.5128639346236863	1.512003404826026	1.6408291685609275	PTR	843-885,887-919,924-1130		2	2	2	843-885,887-919,924-1130	6AAJ	PTR	2.37	ok	PTR_only_multi_2	1007	PTR,PTR	-0.09648312217536646	-122.40278722001739	57.03753267043286
O60674	OH	126.6201770148666	CZ	A	2	1007,1008	1.509473200757516	1.5112676893313244	1.516889053384031	1.6273817874034715	PTR	843-885,887-919,924-1130		2	2	2	843-885,887-919,924-1130	6AAJ	PTR	2.37	ok	PTR_only_multi_2	1008	PTR,PTR	0.7373146632200029	35.32077399277846	-143.27071416798955
O60674	OH	123.46412848282722	CZ	A	1	1007	1.5405718555371501	1.480618296971047	1.5425130806790865	1.6131016565950707	PTR	840-857,860-1012,1016-1131		2	1	1	840-857,860-1012,1016-1131	6DRW	PTR	2.303	ok	PTR_single	1007	PTR	-0.20837899212357303	-1.725290568481305	178.38227246973338
O60674	OH	124.66556215431778	CZ	B	1	1007	1.491650790566718	1.5432756617007266	1.5393509861302768	1.6174225347665774	PTR	840-1132		2	1	1	840-1132	6VGL	PTR	1.9	ok	PTR_single	1007	PTR	1.139140346155193	66.27756233994693	-111.61084168146266
O60674	OH	122.77372215438194	CZ	B	1	1007	1.5284588676042274	1.5293946261413933	1.4726779565239783	1.609619024135301	PTR	840-1132		2	1	1	843-1131	6VN8	PTR	1.9	ok	PTR_single	1007	PTR	-0.5499463977414434	60.63992371598075	-122.64867963205234
O60674	OH	124.59390755166463	CZ	B	1	1007	1.541623665735748	1.4833828402633225	1.5455360944094574	1.6056942667183631	PTR	840-1132		2	1	1	843-1131	6VNB	PTR	2.19	ok	PTR_single	1007	PTR	1.5057100299898554	81.5943621004628	-96.09631981779064
O60674	OH	120.9241426286223	CZ	B	1	1007	1.640604198607268	1.539862009454309	1.4594545007541067	1.6664245298558302	PTR	840-1131		2	1	1	843-1131	6VNC	PTR	2.3	ok	PTR_single	1007	PTR	2.5722617228683906	103.77893541960422	-74.92635849713483
O60674	OH	121.7004129848205	CZ	B	1	1007	1.5449300254530898	1.5424497051628765	1.4827248518671958	1.5943459661767554	PTR	840-1131		2	1	1	843-1131	6VNE	PTR	2.32	ok	PTR_single	1007	PTR	1.9484466976519221	110.50128083105734	-64.83302435184156
O60674	OH	125.0207420162234	CZ	B	1	1007	1.533599098986589	1.5366797405823611	1.4910470137869085	1.6056802938989723	PTR	840-1132		2	1	1	841-1131	6VNF	PTR	2.06	ok	PTR_single	1007	PTR	0.7291986304402822	83.81189973449948	-95.59685630341633
O60674	OH	122.31565685653867	CZ	B	1	1007	1.481024959369078	1.5408899302506804	1.5448320431837916	1.6070204441843279	PTR	841-1132		2	1	1	843-1131	6VNG	PTR	2.5	ok	PTR_single	1007	PTR	0.2910648763566652	104.94262680064881	-78.39703666593266
O60674	OH	120.90405277642076	CZ	B	1	1007	1.4806865908361342	1.539829214948077	1.5410192449723237	1.6086137005227048	PTR	840-1132		2	1	1	843-1131	6VNH	PTR	2.4	ok	PTR_single	1007	PTR	0.2998013327298854	128.65730919655982	-50.44272513242615
O60674	OH	122.34002245546081	CZ	B	1	1007	1.5423868746291383	1.5447797481872747	1.4893093552915142	1.6069009784408432	PTR	842-1132		2	1	1	843-1131	6VNI	PTR	2.1	ok	PTR_single	1007	PTR	0.7928364007374018	74.45432589622344	-104.76942404278435
O60674	OH	125.78705246970036	CZ	B	1	1007	1.5397823336266978	1.4921599389557632	1.5539464560510057	1.6091761954396007	PTR	840-1132		2	1	1	842-1131	6VNJ	PTR	1.9	ok	PTR_single	1007	PTR	1.132529818720633	82.23921320662586	-97.42107878236763
O60674	OH	123.22663983455186	CZ	B	1	1007	1.4785377025655082	1.5411667072087827	1.54555314159362	1.620428008684014	PTR	840-919,921-1132		2	1	1	840-919,921-1132	6VNK	PTR	2.0	ok	PTR_single	1007	PTR	-0.09993106073694116	99.42395825071699	-81.8372404373568
O60674	OH	118.43760932845049	CZ	B	1	1007	1.4806491804453061	1.5435799672896728	1.5398015402019523	1.613566367068046	PTR	840-1132		2	1	1	840-1132	6VNL	PTR	2.4	ok	PTR_single	1007	PTR	-0.5103886009339792	69.9766396560202	-109.6466075843208
O60674	OH	121.65153639442583	CZ	B	1	1007	1.5418594459306683	1.4817389472987186	1.542378391017613	1.612734956977565	PTR	840-1132		2	1	1	843-1131	6VNM	PTR	2.2	ok	PTR_single	1007	PTR	0.08167092051040155	154.9082017454906	-24.316758367357544
O60674	OH	125.14321947176371	CZ	B	1	1007	1.4825612417544738	1.5441692597712484	1.5406236380394547	1.6136544404128637	PTR	840-1132		2	1	1	840-1132	6VS3	PTR	2.0	ok	PTR_single	1007	PTR	0.9400337594067686	69.44717960426854	-106.41016563475496
O60674	OH	121.9017381796622	CZ	B	1	1007	1.4826257571442374	1.546533781988416	1.541405342902355	1.601991647346125	PTR	842-1132		2	1	1	842-1132	6VSN	PTR	2.5	ok	PTR_single	1007	PTR	0.5077015927595174	91.69212267366964	-87.61127697313083
O60674	OH	125.26108387141478	CZ	A	2	1007,1008	1.5423298022252265	1.4802729222141886	1.5395300354668424	1.5987229731067694	PTR	843-919,922-1010,1015-1132		2	2	2	843-919,922-1010,1015-1132	6WTN	PTR	1.83	ok	PTR_only_multi_2	1007	PTR,PTR	-1.2519834113485409	-67.21065489208513	110.27793811338775
O60674	OH	125.97915993589194	CZ	A	2	1007,1008	1.5397913113667245	1.5396067714989714	1.480618304013237	1.6075204114160997	PTR	843-919,922-1010,1015-1132		2	2	2	843-919,922-1010,1015-1132	6WTN	PTR	1.83	ok	PTR_only_multi_2	1008	PTR,PTR	1.2997156700355268	53.67176738599851	-124.1588978952019
O60674	OH	123.77613677567925	CZ	A	2	1007,1008	1.4729639772453913	1.5364910856626464	1.5408938795404787	1.6025831033783289	PTR	843-871,875-918,925-1011,1016-1132		2	2	2	843-871,875-918,925-1011,1016-1132	6WTO	PTR	1.74	ok	PTR_only_multi_2	1007	PTR,PTR	1.215903614927213	92.11334219499614	-86.07512594809154
O60674	OH	124.56801917599743	CZ	A	2	1007,1008	1.4802422123715069	1.540688646469432	1.542134095624288	1.6108768057297502	PTR	843-871,875-918,925-1011,1016-1132		2	2	2	843-871,875-918,925-1011,1016-1132	6WTO	PTR	1.74	ok	PTR_only_multi_2	1008	PTR,PTR	1.0887200113410203	111.01060480788293	-66.82020007142677
O60674	OH	119.41250557127343	CZ	A	2	1007,1008	1.5397163877973818	1.4770570149370974	1.5398423006679738	1.6055301063778926	PTR	844-846,849-917,924-1004,1006-1010,1016-1132		2	2	2	844-846,849-917,924-1004,1006-1010,1016-1132	6WTP	PTR	2.5	ok	PTR_only_multi_2	1007	PTR,PTR	-0.10976975090434252	-60.6612476352875	119.43662791807743
O60674	OH	120.20512021824233	CZ	A	2	1007,1008	1.5404657000208772	1.5420520487846172	1.4795178181928086	1.610911414316148	PTR	844-846,849-917,924-1004,1006-1010,1016-1132		2	2	2	844-846,849-917,924-1004,1006-1010,1016-1132	6WTP	PTR	2.5	ok	PTR_only_multi_2	1008	PTR,PTR	0.008169198855434743	40.41373213923694	-139.62031459743667
O60674	OH	122.16165238286841	CZ	A	2	1007,1008	1.5396604624703902	1.4842157824639348	1.5410526801740765	1.5982760636688509	PTR	849-856,862-871,877-918,925-1011,1016-1069,1071-1132		2	2	2	849-856,862-871,877-918,925-1011,1016-1069,1071-1132	6WTQ	PTR	1.79968475557	ok	PTR_only_multi_2	1007	PTR,PTR	-0.7130373464236488	-148.01434193407582	30.64302712692422
O60674	OH	124.69295762399403	CZ	A	2	1007,1008	1.5388470624306383	1.5371176449358328	1.4802320774139945	1.6091652984423073	PTR	849-856,862-871,877-918,925-1011,1016-1069,1071-1132		2	2	2	849-856,862-871,877-918,925-1011,1016-1069,1071-1132	6WTQ	PTR	1.79968475557	ok	PTR_only_multi_2	1008	PTR,PTR	0.8816974628904614	32.84662114242147	-146.00179074920334
O60674	OH	116.80328563249678	CZ	B	2	1007,1008	1.527111774243852	1.5176988009359704	1.5327867947188583	1.5295808126674506	PTR	843-919,924-1010,1016-1132		2	2	2	843-919,924-1010,1016-1132	6X8E	PTR	1.75	ok	PTR_only_multi_2	1007	PTR,PTR	-1.5766723184470985	-70.19574907441309	105.98676745725695
O60674	OH	121.98341062988803	CZ	B	2	1007,1008	1.4925341975680975	1.4891956600027014	1.4703648166023353	1.5597013740193584	PTR	843-919,924-1010,1016-1132		2	2	2	843-919,924-1010,1016-1132	6X8E	PTR	1.75	ok	PTR_only_multi_2	1008	PTR,PTR	2.049913834534806	154.88950279442798	-21.768492621798107
O60674	OH	125.13214590658941	CZ	A	1	1007	1.538529924115179	1.5401334681266148	1.483014569163052	1.616835816573547	PTR	839-1132		2	1	1	839-1132	7LL4	PTR	1.31	ok	PTR_single	1007	PTR	-0.8790661499233196	-146.8551756715823	31.31465785912917
O60674	OH	125.80638691504977	CZ	A	1	1007	1.5379483342233156	1.5428882807352715	1.4800722760481355	1.6120907692453685	PTR	840-873,876-1132		2	1	1	840-873,876-1132	7LL5	PTR	1.5	ok	PTR_single	1007	PTR	-1.187253416643627	-135.2884872642352	42.43763453585491
O60674	OH	121.48943181009317	CZ	A	2	1007,1008	1.5636593156221774	1.562459268770144	1.5469719082890385	1.5822595263935735	PTR	840-1131		2	2	2	840-1131	7Q7I	PTR	1.78	ok	PTR_only_multi_2	1007	PTR,PTR	-1.061523783200406	-107.67401930809196	70.82818859478785
O60674	OH	127.02910135228673	CZ	A	2	1007,1008	1.5242326398179236	1.528032142787563	1.4923021672314847	1.5687412117894182	PTR	840-1131		2	2	2	840-1131	7Q7I	PTR	1.78	ok	PTR_only_multi_2	1008	PTR,PTR	6.301220014353914	90.30042746588704	-79.93422120864955
O60674	OH	121.57106508361687	CZ	A	2	1007,1008	1.5380426363961657	1.5441753474682542	1.5392578619916697	1.5869619318821377	PTR	840-1131		2	2	2	840-1131	7Q7K	PTR	1.61	ok	PTR_only_multi_2	1007	PTR,PTR	-0.8180078980482915	-110.71890317630398	68.00655184152819
O60674	OH	125.53232686597238	CZ	A	2	1007,1008	1.4964340164866974	1.5211795918062718	1.514147698621368	1.570809881858866	PTR	840-1131		2	2	2	840-1131	7Q7K	PTR	1.61	ok	PTR_only_multi_2	1008	PTR,PTR	1.8571235177573917	137.18004384512065	-40.289914478163645
O60674	OH	114.96602986343635	CZ	A	2	1007,1008	1.5272581285433353	1.545747139373753	1.5372608465322475	1.5615819658811338	PTR	843-1131		2	2	2	843-1131	7Q7L	PTR	1.97	ok	PTR_only_multi_2	1007	PTR,PTR	-1.4297137374855007	-129.03601180721046	46.804730265080295
O60674	OH	124.25739555276	CZ	A	2	1007,1008	1.5184956135866141	1.518106831694546	1.4951721398362245	1.5081012558316262	PTR	843-1131		2	2	2	843-1131	7Q7L	PTR	1.97	ok	PTR_only_multi_2	1008	PTR,PTR	5.909464221313223	102.90693254776355	-68.8571883162424
O60674	OH	124.2256864146666	CZ	A	2	1007,1008	1.536428509984054	1.5712335362545455	1.5628559529132773	1.5904021755766047	PTR	840-1131		2	2	2	840-1131	7Q7W	PTR	1.85	ok	PTR_only_multi_2	1007	PTR,PTR	-2.024450208777533	-120.7482736335892	56.00322874328661
O60674	OH	128.26280556900207	CZ	A	2	1007,1008	1.4916792458022017	1.5480547585306257	1.48277292982238	1.5639334440224184	PTR	840-1131		2	2	2	840-1131	7Q7W	PTR	1.85	ok	PTR_only_multi_2	1008	PTR,PTR	7.8280306401528446	114.35255399851873	-53.8148953583232
O60674	OH	124.55541764714528	CZ	A	1	1007	1.4850891888181053	1.543553425515823	1.5409126881424968	1.598233806059531	PTR	839-873,876-1013,1016-1130		2	1	1	839-873,876-1013,1016-1130	7REE	PTR	1.38	ok	PTR_single	1007	PTR	-1.4356222465776483	-145.09830271386642	32.80928562795358
O60674	OH	124.9253824494241	CZ	A	2	1007,1008	1.4793947275498547	1.5422850301932236	1.5358594022979306	1.6175122337856913	PTR	840-1132		2	2	2	840-1132	8BM2	PTR	1.5	ok	PTR_only_multi_2	1007	PTR,PTR	-0.0893526164846503	23.30910349396759	-156.3520165504798
O60674	OH	131.8751935880565	CZ	A	2	1007,1008	1.5339650020706679	1.4894216795496102	1.5501461035835165	1.5903843701870102	PTR	840-1132		2	2	2	840-1132	8BM2	PTR	1.5	ok	PTR_only_multi_2	1008	PTR,PTR	-3.642340979955685	-115.31663240937061	59.291858929163894
O60674	OH	123.1492952382705	CZ	A	2	1007,1008	1.540851577837706	1.5406605637331503	1.480927210987911	1.6151886192211007	PTR	840-1132		2	2	2	840-1132	8BPV	PTR	1.7	ok	PTR_only_multi_2	1007	PTR,PTR	0.6569173530836772	46.145420407144556	-132.61190793953318
O60674	OH	128.81575903940234	CZ	A	2	1007,1008	1.5478491022846022	1.541444890061408	1.4854930848769665	1.606937346850511	PTR	840-1132		2	2	2	840-1132	8BPV	PTR	1.7	ok	PTR_only_multi_2	1008	PTR,PTR	-2.770015792573405	-97.17160804200873	78.40694141135639
O60674	OH	126.05785145085387	CZ	A	2	1007,1008	1.4830026893020698	1.5444821094378738	1.539747370580009	1.6294545645675584	PTR	840-1132		2	2	2	840-1132	8BPW	PTR	1.8	ok	PTR_only_multi_2	1007	PTR,PTR	0.32340196864986936	43.7629071373183	-135.15453915178634
O60674	OH	132.8452665093421	CZ	A	2	1007,1008	1.5400588348084305	1.488063935238957	1.5424531184252792	1.5931697884951395	PTR	840-1132		2	2	2	840-1132	8BPW	PTR	1.8	ok	PTR_only_multi_2	1008	PTR,PTR	-3.658959074816878	-111.85297434091785	62.818352205014314
O60674	OH	125.04849013984325	CZ	A	2	1007,1008	1.543877469356669	1.5402151785318632	1.4815954861059681	1.6127048054595987	PTR	840-1132		2	2	2	840-1132	8BX6	PTR	1.5	ok	PTR_only_multi_2	1007	PTR,PTR	0.8493096303813831	37.44287286160225	-141.08008011658515
O60674	OH	132.95239455441813	CZ	A	2	1007,1008	1.56015343547816	1.5475956617253006	1.4918874301270655	1.581745421908414	PTR	840-1132		2	2	2	840-1132	8BX6	PTR	1.5	ok	PTR_only_multi_2	1008	PTR,PTR	-5.344736409805362	-102.36234293702493	70.13628527506452
O60674	OH	125.00789617051332	CZ	A	2	1007,1008	1.5471300510667914	1.4783760186472987	1.5425477030056183	1.614101693832687	PTR	840-1132		2	2	2	840-1132	8BX9	PTR	1.4	ok	PTR_only_multi_2	1007	PTR,PTR	0.8325526937840639	44.88078975053153	-133.33188718872066
O60674	OH	132.67771944241088	CZ	A	2	1007,1008	1.4872389909506707	1.5414357749417995	1.5498441170328352	1.6127945569498852	PTR	840-1132		2	2	2	840-1132	8BX9	PTR	1.4	ok	PTR_only_multi_2	1008	PTR,PTR	-3.174167950330362	-88.57050154876045	85.8546618922667
O60674	OH	122.8589855638443	CZ	A	2	1007,1008	1.4803403028633242	1.5415097283958115	1.5396691870421026	1.6107024533174228	PTR	840-1132		2	2	2	840-1132	8BXC	PTR	1.9	ok	PTR_only_multi_2	1007	PTR,PTR	-0.5516219456822379	-139.78119484075452	39.19603427402116
O60674	OH	127.08051775422571	CZ	A	2	1007,1008	1.5399554713045636	1.480659590834871	1.5421449079558998	1.6174954523128902	PTR	840-1132		2	2	2	840-1132	8BXC	PTR	1.9	ok	PTR_only_multi_2	1008	PTR,PTR	0.2657546231120767	171.25328115701623	-8.322019224918275
O60674	OH	123.90857108499259	CZ	A	2	1007,1008	1.540749093475753	1.5416200139137495	1.4825111605943075	1.6141479601107707	PTR	840-1132		2	2	2	840-1132	8BXH	PTR	1.3	ok	PTR_only_multi_2	1007	PTR,PTR	0.2951967665457466	45.77729728276486	-133.22969956755867
O60674	OH	132.38459692065987	CZ	A	2	1007,1008	1.5405635688737753	1.5486353583911316	1.4778065027556462	1.6123908030090754	PTR	840-1132		2	2	2	840-1132	8BXH	PTR	1.3	ok	PTR_only_multi_2	1008	PTR,PTR	-3.2492389974563025	-103.93208412516117	70.70289320870728
O60674	OH	125.42496484914659	CZ	A	1	1007	1.5216063904062327	1.5166203212499996	1.5058777872026834	1.5892532051449288	PTR	843-918,923-1010,1013-1067,1070-1131		2	1	1	843-918,923-1010,1013-1067,1070-1131	8G6Z	PTR	2.45	ok	PTR_single	1007	PTR	1.1139490375413992	45.82116043394289	-132.8173773032536
O60674	OH	124.08679448846227	CZ	A	2	1007,1008	1.504883044650718	1.5360752789856358	1.5276746480094001	1.6028306472910512	PTR	842-885,888-919,921-1066,1071-1130		2	2	2	842-885,888-919,921-1066,1071-1130	8G8O	PTR	2.2	ok	PTR_only_multi_2	1007	PTR,PTR	1.8425852126361975	-141.3252602299438	41.12988875565546
O60674	OH	125.37361792186745	CZ	A	2	1007,1008	1.528640532327019	1.5126480735527736	1.5018163547022882	1.5863403040248532	PTR	842-885,888-919,921-1066,1071-1130		2	2	2	842-885,888-919,921-1066,1071-1130	8G8O	PTR	2.2	ok	PTR_only_multi_2	1008	PTR,PTR	0.10757804747411594	-152.72158010338717	26.834038921894322
O60674	OH	126.40392398314731	CZ	B	2	1007,1008	1.53619357039392	1.5187445325304842	1.4895701225777664	1.5664562424961401	PTR	842-1011,1015-1066,1070-1130		2	2	2	842-1011,1015-1066,1070-1130	8G8X	PTR	1.97	ok	PTR_only_multi_2	1007	PTR,PTR	-1.6280033311116384	-31.500165364056667	142.9930435829685
O60674	OH	124.58394464420932	CZ	B	2	1007,1008	1.5172903957751895	1.4789380181408456	1.5072369139819484	1.5633643853032104	PTR	842-1011,1015-1066,1070-1130		2	2	2	842-1011,1015-1066,1070-1130	8G8X	PTR	1.97	ok	PTR_only_multi_2	1008	PTR,PTR	-1.1702361224225468	169.28971519057131	-7.568490657862131
P00519				A	1	393					PTR	229-500		4	1	1	229-500	2GQG	PTR	2.4	missing_required_atoms:OH	PTR_single	393	PTR			
P00519	OH	128.47878994041957	CZ	A	1	393	1.5416081538870952	1.4959443816760054	1.5384682685988809	1.6478769188431157	PTR	233-503		4	1	1	233-503	2V7A	PTR	2.5	ok	PTR_single	393	PTR	-0.1238921212225839	23.012481817832125	-155.92613927315963
P00519	OH	124.94501892466252	CZ	B	2	70,115	1.491346813661941	1.535847775639381	1.5329503715680355	1.6148569992210269	PTR	64-120		4	2	2	64-120	5NP2	PTR	1.6	ok	PTR_only_multi_2	70	PTR,PTR	-0.8319116762028574	-30.100832596325766	149.07054913825263
P00519	OH	124.62255499531241	CZ	B	2	70,115	1.5380548676386008	1.4783499581479556	1.5366542487340307	1.6032639599060214	PTR	64-120		4	2	2	64-120	5NP2	PTR	1.6	ok	PTR_only_multi_2	115	PTR,PTR	0.7960671904369788	148.3498192190901	-30.12752002567254
P00519	OH	131.38799414246392	CZ	A	1	393	1.5320166164097493	1.481044702926092	1.5357793044508172	1.604580030398407	PTR	232-275,278-500		4	1	1	232-275,278-500	7W7X	PTR	2.00000937681	ok	PTR_single	393	PTR	1.6167008324696552	26.24257451537386	-151.38564178436232
P00519	OH	126.94181613503866	CZ	A	1	393	1.487408632827515	1.5409522233015083	1.53792566833211	1.6120393883374764	PTR	232-500		4	1	1	232-500	7W7Y	PTR	2.20003021871	ok	PTR_single	393	PTR	-0.04683900817432784	5.821258654111379	-173.93633964173716
P00519	OH	126.11155387746572	CZ	A	1	393	1.5405904629444895	1.4805664694943756	1.5410247659759622	1.6089977828910866	PTR	232-273,276-500		4	1	1	232-273,276-500	8H7F	PTR	2.4501342407	ok	PTR_single	393	PTR	-1.252132284481575	-136.61211430500026	41.16684277824825
P00519	OH	123.38233075375547	CZ	A	1	393	1.4796423414611979	1.5392561083213092	1.5409651728650549	1.6103953232553923	PTR	232-500		4	1	1	232-500	8H7H	PTR	2.27789711576	ok	PTR_single	393	PTR	-0.43868801415642183	-29.24805657692904	150.14163605242655
P00519	OH	127.72073737203318	CZ	B	1	393	1.5427161729957939	1.5417309901411218	1.4799754133170426	1.6103947160470287	PTR	232-274,280-500		4	1	1	232-274,280-500	8I7S	PTR	1.94635467805	ok	PTR_single	393	PTR	-1.4803689298719267	-132.54006956439383	44.65887034335927
P00519	OH	123.4855916221477	CZ	B	1	393	1.4804720825752065	1.5404802211440924	1.5398753315806657	1.6115939831355997	PTR	232-248,250-273,277-500		4	1	1	232-248,250-273,277-500	8I7Z	PTR	2.25495806781	ok	PTR_single	393	PTR	-0.4546786576417384	-53.81451308567119	125.21990707383384
P00519	OH	126.14268744189334	CZ	B	1	393	1.482134429285262	1.5404650089824259	1.5395697413556295	1.6167382557717003	PTR	233-500		4	1	1	233-500	9KS5	PTR	2.2	ok	PTR_single	393	PTR	0.5940200598068713	155.66261516063102	-23.14022466404785
P00520	OH	127.0526480395106	CZ	A	1	393	1.479083334380606	1.5367948992953646	1.535509170699095	1.6162270011881934	PTR	233-248,251-273,279-502		1	1	1	233-248,251-273,279-502	3DK6	PTR	2.02	ok	PTR_single	393	PTR	1.053733746177093	32.378024748096735	-145.8009891136112
P00520	OH	125.14894379246206	CZ	B	1	393	1.4817615152640005	1.541466585899021	1.5391122452902763	1.6098229063841618	PTR	233-273,278-505		1	1	1	233-273,278-505	3DK7	PTR	2.01	ok	PTR_single	393	PTR	1.6932913719999245	86.92153040769988	-90.57362018905164
P00523	OH	121.04335202593373	CZ	A	1	527	1.5505574109562221	1.5616365978000595	1.553991874291389	1.5876999380821062	PTR	83-299,304-407,424-528		2	1	1	83-299,304-407,424-528	2PTK	PTR	2.35	ok	PTR_single	527	PTR	3.123179137801752	104.95391925679762	-71.74466825262715
P00523	OH	124.74086592866963	CZ	A	1	416	1.4784877193744075	1.5347820683561029	1.54183380316593	1.6171269371908064	PTR	255-533		2	1	1	255-533	3DQW	PTR	2.017	ok	PTR_single	416	PTR	-0.36874249023527184	-174.7454053773346	5.166051988866983
P01112	OH	125.69359591415987	CZ	A	1	64	1.50121746097724	1.5005528597803104	1.4970524600157111	1.5868028097061417	PTR	1-166		1	1	1	1-166	8CNN	PTR	1.48	ok	PTR_single	64	PTR	0.8383716360376328	147.41337782436423	-31.68708416586993
P05480	OH	125.02003702174999	CZ	A	1	529	1.5073952437161138	1.504393253422893	1.5065210258265078	1.5570936631041352	PTR	85-534		1	1	1	85-534	8XN8	PTR	1.95	ok	PTR_single	529	PTR	-2.0261511001873433	-106.83273131963534	70.9539167364617
P06239	OH	122.99099606618414	CZ	A	1	394	1.440131044570119	1.484852612948717	1.527697277002149	1.631986158397885	PTR	231-502		2	1	1	231-502	1QPC	PTR	1.6	ok	PTR_single	394	PTR	0.3054387429028912	-27.675409750659345	152.49288685283733
P06239	OH	134.83840327181449	CZ	A	1	394	1.4462815546547843	1.5558572922919665	1.4113980359840956	1.5738836051055005	PTR	231-502		2	1	1	231-502	1QPD	PTR	2.0	ok	PTR_single	394	PTR	0.888153285494635	6.082605552058358	-173.91031213405626
P06239	OH	122.99099606618414	CZ	A	1	394	1.440131044570119	1.484852612948717	1.527697277002149	1.631986158397885	PTR	231-501		2	1	1	231-501	1QPE	PTR	2.0	ok	PTR_single	394	PTR	0.3054387429028912	-27.675409750659345	152.49288685283733
P06239	OH	130.19018383214103	CZ	A	1	394	1.4918633845989737	1.5024118949158176	1.4892039818319638	1.760021787828379	PTR	236-501		2	1	1	236-501	1QPJ	PTR	2.2	ok	PTR_single	394	PTR	3.1173450249682872	-179.90226295614286	2.733038602300832
P06239	OH	122.22467799507147	CZ	A	1	394	1.4811115896873168	1.5242986242036154	1.5044328124602817	1.6418294346607447	PTR	229-501		2	1	1	229-501	2OFU	PTR	2.0	ok	PTR_single	394	PTR	5.728314789250171	22.02343624109055	-150.54672229968205
P06239	OH	127.64245103429121	CZ	A	1	394	1.495139536376602	1.5058997295563201	1.5036332561603012	1.6113531720177858	PTR	231-501		2	1	1	231-501	2ZM1	PTR	2.1	ok	PTR_single	394	PTR	0.29020931435308206	17.637768485912446	-161.82025772729384
P06239	OH	125.89606535781672	CZ	A	1	394	1.4776261544862226	1.5237882873663275	1.5280124609248158	1.5950789593265198	PTR	231-502		2	1	1	231-502	3AC1	PTR	1.99	ok	PTR_single	394	PTR	0.6801473131695875	-176.0119949318811	4.295967030852045
P06239	OH	129.64694744597077	CZ	A	1	394	1.4759306786394477	1.5280938355416753	1.5277377215499204	1.606554761134349	PTR	231-502		2	1	1	231-502	3AC2	PTR	2.1	ok	PTR_single	394	PTR	2.5880998919566296	147.37293826652382	-27.586181066169775
P06239	OH	123.78108064743557	CZ	A	1	394	1.4765456076534338	1.538680558481843	1.5369855556093053	1.6115165532771505	PTR	231-502		2	1	1	231-502	3AC5	PTR	2.5	ok	PTR_single	394	PTR	-0.5550842998204538	-159.1880262805638	19.672037185417334
P06239	OH	122.2412066772342	CZ	A	1	394	1.4814572040507112	1.5397819610836685	1.5385639256737371	1.6118952166801463	PTR	231-501		2	1	1	231-501	3AC8	PTR	2.3	ok	PTR_single	394	PTR	-0.06095934187009268	-172.75654108408375	7.1823593986378755
P06239	OH	130.0248182978143	CZ	A	1	394	1.4754639862239773	1.5294775015889113	1.534841212997248	1.6134882448511747	PTR	231-502		2	1	1	231-502	3ACJ	PTR	2.2	ok	PTR_single	394	PTR	0.5238142673576032	176.71407030670173	-2.5887761452947617
P06239	OH	129.8358810288449	CZ	A	1	394	1.470512363464894	1.520616509544142	1.5240850284841398	1.5889779451993982	PTR	231-502		2	1	1	231-502	3AD4	PTR	2.2	ok	PTR_single	394	PTR	-1.0677043415803038	-174.29769471104066	4.329754092912538
P06239	OH	126.37236622686626	CZ	A	1	394	1.4800962436939453	1.5156914553762162	1.529200149209379	1.6053141184247837	PTR	230-502		2	1	1	230-502	3AD5	PTR	2.0	ok	PTR_single	394	PTR	-0.03259621546166478	-175.53538108296468	4.672028056886441
P06239	OH	128.3671958038739	CZ	A	1	394	1.4758709179384455	1.5205670885707012	1.5264855438852774	1.607926505841113	PTR	230-502		2	1	1	230-502	3AD6	PTR	2.15	ok	PTR_single	394	PTR	3.2418581605910615	154.54125557012568	-21.283953295380332
P06239	OH	121.42944559420799	CZ	A	1	394	1.5192588429959992	1.5488580082659391	1.5199433196696865	1.6235353310495746	PTR	230-501		2	1	1	230-501	3BYM	PTR	2.0	ok	PTR_single	394	PTR	-1.2642316578316792	-178.8405165203873	-0.09412826493451744
P06239	OH	121.93677991119532	CZ	A	1	394	1.5390653112800148	1.538111662410961	1.520170102401599	1.624585306226287	PTR	231-501		2	1	1	231-501	3BYO	PTR	2.0	ok	PTR_single	394	PTR	-5.278930468044291	-3.644485140527812	172.00154875650313
P06239	OH	128.4884350560106	CZ	A	1	394	1.4790506423469836	1.5416793334704908	1.5452024101509911	1.62042434858463	PTR	238-501		2	1	1	238-501	3KXZ	PTR	2.37	ok	PTR_single	394	PTR	-0.41284323913653614	-19.267056982491127	159.6453241649251
P06239	OH	155.04863610505058	CZ	A	1	394	1.4832114082015955	1.4802365367049606	1.4807685274783593	1.604024044725688	PTR	231-501		2	1	1	231-501	3LCK	PTR	1.7	ok	PTR_single	394	PTR	-0.20984901988989157	-139.82229125995607	39.99161357441414
P06239	OH	129.41518438683963	CZ	A	1	394	1.5036326812161986	1.5065093630537714	1.5402859510706999	1.5961490091352402	PTR	225,231-500		2	1	1	225,231-500	6PDJ	PTR	1.81	ok	PTR_single	394	PTR	0.44749496219105545	177.29428141383872	-1.8997262029367616
P06612	OH	119.98720574482131	CZ	A	1	319	1.4800148143238523	1.540101101181483	1.539655397656554	1.611062428090254	PTR	2-38,62-356,365-441,448-590		1	1	1	2-38,62-356,365-441,448-590	3PX7	PTR	2.3	ok	PTR_single	319	PTR	0.002424471127242897	-11.796792201473751	168.183791572055
P06786	OH	129.68881151530329	CZ	A	1	782	1.482687521659811	1.5410699238358816	1.5386398137814303	1.617010129592105	PTR	421-1070,1107-1177		1	1	1	421-1070,1107-1177	3L4J	PTR	2.48	ok	PTR_single	782	PTR	0.6295405995244875	25.59257549911726	-152.45210387655882
P07332	OH	128.3007848826449	CZ	A	1	713	1.4797903733451379	1.5358757012933257	1.5416630663195705	1.5995887971350162	PTR	448-485,489-495,501-506,511-515,520-537,541-593,598-821		1	1	1	448-485,489-495,501-506,511-515,520-537,541-593,598-821	3CD3	PTR	1.98	ok	PTR_single	713	PTR	3.2232495853248766	22.61073508180761	-156.44262214063232
P07949	OH	131.6095344525071	CZ	A	1	905	1.537607073030151	1.5384982685306345	1.5077300501843178	1.6323971234514365	PTR	703-712,714-820,844-1012		5	1	1	703-712,714-820,844-1012	2IVU	PTR	2.5	ok	PTR_single	905	PTR	0.4371738705040287	-179.6901689488885	0.04958705312143473
P07949	OH	129.0003823415318	CZ	A	1	905	1.4892698516832985	1.5428537361113133	1.5406363665837608	1.6427347188172738	PTR	703-711,716-820,846-1011		5	1	1	703-711,716-820,846-1011	2IVV	PTR	2.25	ok	PTR_single	905	PTR	-0.636265578964146	-178.5508209485825	0.8351787229742552
P07949	OH	128.69537571520567	CZ	A	1	905	1.5012817834373502	1.5551569583191795	1.5605845265229004	1.5965039023603174	PTR	703-712,715-822,844-1010		5	1	1	703-712,715-822,844-1010	2X2L	PTR	2.0	ok	PTR_single	905	PTR	-0.483815088376188	-5.522627248881476	174.5122686188448
P07949	OH	126.89162439818158	CZ	A	1	905	1.5161546329656859	1.565630272025335	1.5449951817509244	1.6039414554813942	PTR	703-712,714-732,735-820,845-1013		5	1	1	703-712,714-732,735-820,845-1013	2X2M	PTR	2.5	ok	PTR_single	905	PTR	-0.3926567548691391	2.7247991513748167	-177.29119809901914
P07949	OH	121.86234562120545	CZ	A	2	900,905	1.48089388578615	1.539835400185493	1.5402478432544262	1.6121135673101037	PTR	705-822,842-1013		5	2	2	705-822,842-1013	4CKI	PTR	2.116	ok	PTR_only_multi_2	900	PTR,PTR	0.5684168861886341	80.04488698398346	-99.17573159997592
P07949	OH	126.6226843420406	CZ	A	2	900,905	1.4767108539632947	1.54919619439128	1.53954346763886	1.621667364879348	PTR	705-822,842-1013		5	2	2	705-822,842-1013	4CKI	PTR	2.116	ok	PTR_only_multi_2	905	PTR,PTR	0.555239260371341	175.51627555062973	-4.172137989466267
P07949	OH	126.13069325682181	CZ	A	1	905	1.5106621324490122	1.5721891512822583	1.5437033328303305	1.6331406849813364	PTR	705-822,844-1013		5	1	1	705-822,844-1013	4CKJ	PTR	1.65	ok	PTR_single	905	PTR	-1.9465231725786796	-4.475394191424082	176.078866782608
P07949	OH	121.41089297698812	CZ	A	2	900,905	1.538104266488949	1.479186444293065	1.5392599264956548	1.6107342648671	PTR	705-825,841-1010		5	2	2	705-825,841-1010	6FEK	PTR	2.3	ok	PTR_only_multi_2	900	PTR,PTR	0.08774793867731148	93.36019410007222	-86.16436588535564
P07949	OH	124.66166201290235	CZ	A	2	900,905	1.5441474382452953	1.5420493210799544	1.4839288457871276	1.6149690238375536	PTR	705-825,841-1010		5	2	2	705-825,841-1010	6FEK	PTR	2.3	ok	PTR_only_multi_2	905	PTR,PTR	0.17164436806763927	179.024515689599	-0.8437087952938443
P07949	OH	125.56884270653775	CZ	B	1	928	1.5202192441833764	1.5253427390356615	1.4993669296915297	1.6633211070167018	PTR	714-828,842-1012		5	1	1	714-828,842-1012	6I82	PTR	2.05	ok	PTR_single	928	PTR	1.179970053255117	-177.47195851631244	1.8390331464653997
P07949	OH	125.58734414393945	CZ	A	1	905	1.513980767716283	1.517183178277352	1.5193566124768074	1.5793817178092462	PTR	705-821,844-1013		5	1	1	705-821,844-1013	6I83	PTR	1.88	ok	PTR_single	905	PTR	0.5929951618055362	10.399293048904386	-169.0002362939367
P07949	OH	123.06371529802806	CZ	A	2	900,905	1.5165741295715498	1.5127210650346568	1.5085167679759288	1.5954237304079164	PTR	705-823,843-1013		5	2	2	705-823,843-1013	6NE7	PTR	1.99	ok	PTR_only_multi_2	900	PTR,PTR	0.7868527977973555	-102.40663891576604	79.54197488928068
P07949	OH	123.84878224206366	CZ	A	2	900,905	1.5281621499089237	1.5269425530462144	1.5106204642909697	1.5804756091903909	PTR	705-823,843-1013		5	2	2	705-823,843-1013	6NE7	PTR	1.99	ok	PTR_only_multi_2	905	PTR,PTR	-0.10083034666441706	-166.94821581384664	13.22197956254448
P07949	OH	124.18041883719891	CZ	A	2	900,905	1.4994690585314385	1.4989197445001285	1.5007108446299988	1.5933761071272243	PTR	705-822,843-1013		5	2	2	705-822,843-1013	6NJA	PTR	1.92	ok	PTR_only_multi_2	900	PTR,PTR	0.9736028132225253	-65.89671736911535	115.4224005779721
P07949	OH	123.82350048483349	CZ	A	2	900,905	1.500157414902698	1.5043641060691226	1.4939407219739516	1.5560978302101933	PTR	705-822,843-1013		5	2	2	705-822,843-1013	6NJA	PTR	1.92	ok	PTR_only_multi_2	905	PTR,PTR	-0.49714712880597006	-170.57209639542407	8.021066558578918
P07949	OH	129.35508910720924	CZ	A	2	905,928	1.5370319364304053	1.507480904354534	1.5151052235434923	1.5839119983192593	PTR	707-820,844-1012		5	2	2	707-820,844-1012	6VHG	PTR	2.303	ok	PTR_only_multi_2	905	PTR,PTR	2.947564008385662	152.26878381010692	-23.430497879752757
P07949	OH	129.33032396612808	CZ	A	2	905,928	1.5085816291608654	1.4919424979908291	1.5188539711452964	1.6333147342112002	PTR	707-820,844-1012		5	2	2	707-820,844-1012	6VHG	PTR	2.303	ok	PTR_only_multi_2	928	PTR,PTR	-2.1207414370290927	-179.40357480537773	0.294404527302228
P07949	OH	120.66444464755064	CZ	A	2	900,905	1.480444510794786	1.5402947157476925	1.5404937774737555	1.6101014482064342	PTR	705-711,714-820,844-1013		5	2	2	705-711,714-820,844-1013	7NZN	PTR	2.39	ok	PTR_only_multi_2	900	PTR,PTR	0.1566981820946387	78.10811004702212	-101.69781031671991
P07949	OH	123.03264806723148	CZ	A	2	900,905	1.540291296323261	1.540762246684052	1.4817113051519124	1.6115203207841733	PTR	705-711,714-820,844-1013		5	2	2	705-711,714-820,844-1013	7NZN	PTR	2.39	ok	PTR_only_multi_2	905	PTR,PTR	0.0036782220771696466	3.385355293564863	-176.54842017289067
P08069				A	3	1161,1165,1166					PTR	981-1097,1101-1285		3	3	3	981-1097,1101-1285	2ZM3	PTR	2.5	missing_required_atoms:P	PTR_only_multi_3	1161	PTR,PTR,PTR			
P08069	OH	124.29910757554964	CZ	A	3	1161,1165,1166	1.4825629410524503	1.54129196411338	1.5392155065187452	1.6107050740125606	PTR	981-1097,1101-1285		3	3	3	981-1097,1101-1285	2ZM3	PTR	2.5	ok	PTR_only_multi_3	1165	PTR,PTR,PTR	0.6681472036232857	120.50297388103564	-58.398412556104795
P08069	OH	125.14110025859218	CZ	A	3	1161,1165,1166	1.481434876385394	1.5401909646506613	1.5415656456692923	1.613567653002382	PTR	981-1097,1101-1285		3	3	3	981-1097,1101-1285	2ZM3	PTR	2.5	ok	PTR_only_multi_3	1166	PTR,PTR,PTR	0.17126008504886842	171.82512381610752	-8.189876180464216
P08581	OH	119.2298783405727	CZ	A	2	1234,1235	1.5259793767124965	1.5378546637198716	1.539987987515149	1.5529820938515386	PTR	1050-1239,1244-1348		3	2	2	1050-1239,1244-1348	3Q6W	PTR	1.75	ok	PTR_only_multi_2	1234	PTR,PTR	-0.1457076462337658	-10.366535089967881	168.5699350012757
P08581	OH	123.19432058677467	CZ	A	2	1234,1235	1.5278574531546405	1.5169881666710234	1.5267078557813867	1.5528237339362203	PTR	1050-1239,1244-1348		3	2	2	1050-1239,1244-1348	3Q6W	PTR	1.75	ok	PTR_only_multi_2	1235	PTR,PTR	-1.3818155594658967	2.518366983742288	-177.4197796216624
P08581	OH	123.42183956716076	CZ	A	2	1234,1235	1.540082460810653	1.534279483466729	1.54689786632378	1.5744970573384247	PTR	1048-1239,1244-1348		3	2	2	1048-1239,1244-1348	3R7O	PTR	2.3	ok	PTR_only_multi_2	1234	PTR,PTR	1.2315816846793655	35.07074494708989	-142.58773930020735
P08581	OH	120.65454742891929	CZ	A	2	1234,1235	1.5472229061262945	1.5147457892222342	1.5169767275177928	1.518742233115193	PTR	1048-1239,1244-1348		3	2	2	1048-1239,1244-1348	3R7O	PTR	2.3	ok	PTR_only_multi_2	1235	PTR,PTR	0.3486517376614056	2.016015280100985	-178.78284570523365
P08581	OH	120.70986941132237	CZ	A	2	1234,1235	1.5233365879056922	1.5543018833862785	1.5373237520271852	1.5549539402658046	PTR	1048-1239,1244-1348		3	2	2	1048-1239,1244-1348	4IWD	PTR	1.99	ok	PTR_only_multi_2	1234	PTR,PTR	-0.10634077783773906	-3.2371795385307482	176.25507915287415
P08581	OH	123.01396004799349	CZ	A	2	1234,1235	1.517987353244264	1.5501355625814872	1.534250478987276	1.517869740992917	PTR	1048-1239,1244-1348		3	2	2	1048-1239,1244-1348	4IWD	PTR	1.99	ok	PTR_only_multi_2	1235	PTR,PTR	1.905321171144167	9.78607456404667	-168.27158168423233
P11362	OH	139.91169074003255	CZ	A	3	653,654,766	1.555372076209914	1.5542743574765137	1.496688644755561	1.5488584822775238	PTR	464-770		3	3	3	464-770	3GQI	PTR	2.5	ok	PTR_only_multi_3	653	PTR,PTR,PTR	-0.029369919666981444	-21.911630354167155	158.4635958825793
P11362	OH	139.86278183283844	CZ	A	3	653,654,766	1.5476679912760147	1.552283069516915	1.4977092973726227	1.5446548273073726	PTR	464-770		3	3	3	464-770	3GQI	PTR	2.5	ok	PTR_only_multi_3	654	PTR,PTR,PTR	-0.32403377597469696	-6.23068438036886	173.52495832141526
P11362	OH	134.9069701079116	CZ	A	3	653,654,766	1.551146456052796	1.5568459627940177	1.4972121053459404	1.542045410388197	PTR	464-770		3	3	3	464-770	3GQI	PTR	2.5	ok	PTR_only_multi_3	766	PTR,PTR,PTR	-0.15217153297938227	88.71592556710928	-91.15395214228379
P12931	OH	123.98631226483143	CZ	A	1	530	1.4217920331129312	1.3798532783619115	1.401725110112812	1.4948722996362145	PTR	86-536		3	1	1	86-536	8JN8	PTR	1.902	ok	PTR_single	530	PTR	3.403534752883577	81.2403371674816	-97.04980799686868
P12931	OH	124.31218054281283	CZ	A	1	530	1.4770237449317365	1.539743033702071	1.5402421655078535	1.6121936947225437	PTR	86-536		3	1	1	86-529,531-536	9IRL	PTR	2.031	ok	PTR_single	530	PTR	0.08045291161694769	-176.76242792610563	3.1783909603770235
P21802	OH	126.15338414595355	CZ	A	1	561	1.5147961839945807	1.510361683980213	1.5083467402294175	1.6415393539115146	PTR	468-583,595-766		6	1	1	468-583,595-766	6LVK	PTR	2.29	ok	PTR_single	561	PTR	-1.0482554249597469	-134.78623089836822	44.18115957144498
P21802	OH	125.25125328564835	CZ	B	1	656	1.5314868724487964	1.5256054645547625	1.5172863158557246	1.582213804518582	PTR	467-585,595-766		6	1	1	467-585,595-766	6V6Q	PTR	2.46	ok	PTR_single	656	PTR	-1.5388274613041042	0.92532078233083	179.6202589156528
P22681	OH	128.24612921895914	CZ	A	1	371	1.4780027906318258	1.5549141527038	1.5355197053669054	1.6092553326847356	PTR	359-435		1	1	1	359-435	4A49	PTR	2.214	ok	PTR_single	371	PTR	-0.6390292469199108	-150.94488585327358	26.961743378292457
P22681	OH	122.74706216443461	CZ	C	1	371	1.504176683783145	1.5403969540160876	1.5001032966407957	1.5436693646266557	PTR	48-434		1	1	1	48-434	5O76	PTR	2.473	ok	PTR_single	371	PTR	0.3378047790545921	-150.09789282464078	26.32062351965047
P23458	OH	129.63235602253675	CZ	A	2	1034,1035	1.477116150697418	1.5385111890233056	1.5467050955903765	1.5774735853666009	PTR	865-912,918-946,950-1154		2	2	2	865-912,918-946,950-1154	3EYG	PTR	1.9	ok	PTR_only_multi_2	1034	PTR,PTR	1.1384513707019999	161.2752919515893	-17.925158171659668
P23458	OH	128.83625249803123	CZ	A	2	1034,1035	1.4834146874381693	1.516801314342842	1.509348662766099	1.6085121276331869	PTR	865-912,918-946,950-1154		2	2	2	865-912,918-946,950-1154	3EYG	PTR	1.9	ok	PTR_only_multi_2	1035	PTR,PTR	-0.11965730487716873	-3.583658268728714	177.2829936694418
P23458	OH	127.64485563108931	CZ	A	2	1034,1035	1.4792531246579952	1.5423256070078433	1.5365578530900919	1.6062305535651178	PTR	865-913,917-1154		2	2	2	865-913,917-1154	3EYH	PTR	2.0	ok	PTR_only_multi_2	1034	PTR,PTR	-1.121882771749702	-167.50004538304728	10.761351734737923
P23458	OH	128.69002905081274	CZ	A	2	1034,1035	1.4879600162281235	1.5364914919106993	1.5373882952408675	1.6142675511224587	PTR	865-913,917-1154		2	2	2	865-913,917-1154	3EYH	PTR	2.0	ok	PTR_only_multi_2	1035	PTR,PTR	0.8651894831629475	4.349590894000584	-175.03694408242671
P23458	OH	125.05453936556735	CZ	D	2	1034,1035	1.5091903701768992	1.5170015552600975	1.51493348927168	1.6119516221973547	PTR	864-911,918-945,948-1154		2	2	2	864-911,918-945,948-1154	4E4L	PTR	2.0	ok	PTR_only_multi_2	1034	PTR,PTR	0.21493122642842172	152.24086458038772	-26.985437312812646
P23458	OH	124.77960253574943	CZ	D	2	1034,1035	1.5157980456977471	1.5126293372282633	1.510605564038901	1.625819266858215	PTR	864-911,918-945,948-1154		2	2	2	864-911,918-945,948-1154	4E4L	PTR	2.0	ok	PTR_only_multi_2	1035	PTR,PTR	0.08758784633958351	4.358516053590342	-175.35358939638883
P23458	OH	126.32702662089916	CZ	A	2	1034,1035	1.5438562247561192	1.4801831424687397	1.5399304855022442	1.6096277380042567	PTR	854-912,918-946,951-1154		2	2	2	854-912,918-946,951-1154	4E4N	PTR	1.9	ok	PTR_only_multi_2	1034	PTR,PTR	1.626531122262269	118.991951176034	-58.147157099621765
P23458	OH	126.83492551141343	CZ	A	2	1034,1035	1.5409319897301126	1.5350584331997588	1.4878183502154567	1.6260158596113758	PTR	854-912,918-946,951-1154		2	2	2	854-912,918-946,951-1154	4E4N	PTR	1.9	ok	PTR_only_multi_2	1035	PTR,PTR	0.31841377062008486	-2.102240533578393	177.75947119546916
P23458	OH	119.20393744737983	CZ	A	2	1034,1035	1.5245600060807654	1.5218431135258919	1.516304137323233	1.558570349889568	PTR	854-911,917-946,950-1154		2	2	2	854-911,917-946,950-1154	4E5W	PTR	1.86	ok	PTR_only_multi_2	1034	PTR,PTR	-0.46092865074592326	-179.67443394582682	-1.1139821047991427
P23458	OH	120.38364099705741	CZ	A	2	1034,1035	1.533606814226879	1.534195692837279	1.528049777808826	1.6033054994501295	PTR	854-911,917-946,950-1154		2	2	2	854-911,917-946,950-1154	4E5W	PTR	1.86	ok	PTR_only_multi_2	1035	PTR,PTR	0.7614707246151275	6.481213796096434	-172.11770362932467
P23458	OH	128.76678910154183	CZ	A	2	1034,1035	1.481551084985741	1.542533903450998	1.541865635285511	1.6175142326118814	PTR	858-912,918-1154		2	2	2	858-912,918-1154	4EHZ	PTR	2.174	ok	PTR_only_multi_2	1034	PTR,PTR	0.11995174780832028	171.91336311493097	-7.74120395279897
P23458	OH	127.38269007431141	CZ	A	2	1034,1035	1.483943639251372	1.537973301900873	1.5442803528234228	1.6257461172384993	PTR	858-912,918-1154		2	2	2	858-912,918-1154	4EHZ	PTR	2.174	ok	PTR_only_multi_2	1035	PTR,PTR	0.5012970252411291	14.806077373742207	-164.3541816511232
P23458	OH	126.58639366279417	CZ	A	2	1034,1035	1.475606901851217	1.5487309401708897	1.5430890035185754	1.6142620648197659	PTR	854-911,918-945,951-1154		2	2	2	854-911,918-945,951-1154	4EI4	PTR	2.22	ok	PTR_only_multi_2	1034	PTR,PTR	1.2247534780392146	127.28419763527593	-50.504175803338846
P23458	OH	126.82851691863831	CZ	A	2	1034,1035	1.5421430283058177	1.5405462674572998	1.4949656686395503	1.6366611193924596	PTR	854-911,918-945,951-1154		2	2	2	854-911,918-945,951-1154	4EI4	PTR	2.22	ok	PTR_only_multi_2	1035	PTR,PTR	0.2305516488767298	-5.9286417045456075	174.40484206408942
P23458	OH	124.56013788740249	CZ	A	2	1034,1035	1.514050371128033	1.5251103202795715	1.5165396370311173	1.5200101172306661	PTR	863-883,886-913,917-1154		2	2	2	863-883,886-913,917-1154	4FK6	PTR	2.2	ok	PTR_only_multi_2	1034	PTR,PTR	4.835556083576326	101.06766536586983	-70.96206468745551
P23458	OH	122.25042072212747	CZ	A	2	1034,1035	1.523219560466358	1.5420681141307828	1.5481121329968133	1.5972284472872957	PTR	863-883,886-913,917-1154		2	2	2	863-883,886-913,917-1154	4FK6	PTR	2.2	ok	PTR_only_multi_2	1035	PTR,PTR	0.1899668865997515	2.3427620095941055	-176.4901931069644
P23458	OH	124.48533478119073	CZ	B	2	1034,1035	1.5480411228987214	1.52854948841754	1.558707392550088	1.530614714052173	PTR	854-912,918-946,951-1154		2	2	2	854-912,918-946,951-1154	4I5C	PTR	2.1	ok	PTR_only_multi_2	1034	PTR,PTR	2.8904402559956632	111.08212149829696	-63.01274664412623
P23458	OH	120.98324917582435	CZ	B	2	1034,1035	1.5484923316635537	1.520905800262716	1.5259181525505938	1.5648753245170548	PTR	854-912,918-946,951-1154		2	2	2	854-912,918-946,951-1154	4I5C	PTR	2.1	ok	PTR_only_multi_2	1035	PTR,PTR	-0.497190239878166	-1.1974026967088727	177.4536140949766
P23458	OH	123.63395654708626	CZ	A	2	1034,1035	1.5135191372060746	1.506719506767559	1.5111307967486973	1.6054793455995908	PTR	854-912,918-946,951-1154		2	2	2	854-912,918-946,951-1154	4IVB	PTR	1.9	ok	PTR_only_multi_2	1034	PTR,PTR	0.9127397088555709	92.76887972981787	-85.60026303062217
P23458	OH	125.23807647541432	CZ	A	2	1034,1035	1.5131007773227032	1.5080305935144291	1.5141299547743805	1.6278364917719563	PTR	854-912,918-946,951-1154		2	2	2	854-912,918-946,951-1154	4IVB	PTR	1.9	ok	PTR_only_multi_2	1035	PTR,PTR	0.017906181274554924	2.506401821174552	-177.45270654215585
P23458	OH	123.7201089833165	CZ	A	2	1034,1035	1.5084782984601113	1.5206936351289968	1.507644975900896	1.605458075779519	PTR	854-912,918-946,951-1154		2	2	2	854-912,918-946,951-1154	4IVC	PTR	2.35	ok	PTR_only_multi_2	1034	PTR,PTR	0.9172253393149029	101.66551863625067	-76.76189869522443
P23458	OH	123.00158454322163	CZ	A	2	1034,1035	1.5163285153489305	1.5116854148743146	1.523867667658259	1.6215914025681315	PTR	854-912,918-946,951-1154		2	2	2	854-912,918-946,951-1154	4IVC	PTR	2.35	ok	PTR_only_multi_2	1035	PTR,PTR	0.0024692353039609785	13.557901014295778	-165.5485531311253
P23458	OH	124.9755697739446	CZ	A	2	1034,1035	1.5094234684966685	1.5138979031615283	1.5128524532165057	1.6109199085064483	PTR	854-912,918-945,951-1154		2	2	2	854-912,918-945,951-1154	4IVD	PTR	1.93	ok	PTR_only_multi_2	1034	PTR,PTR	0.2045200491581256	151.09409245816244	-28.038907941106018
P23458	OH	127.03024393749553	CZ	A	2	1034,1035	1.5130173988729048	1.5051796461795097	1.5150247727147286	1.621834039565632	PTR	854-912,918-945,951-1154		2	2	2	854-912,918-945,951-1154	4IVD	PTR	1.93	ok	PTR_only_multi_2	1035	PTR,PTR	-0.2747540971362915	-0.7895241137521078	178.80976800941744
P23458	OH	123.95768901715316	CZ	A	2	1034,1035	1.5068727577627132	1.5103893700740554	1.5103309628172115	1.6034466330650896	PTR	864-912,916-946,951-1154		2	2	2	864-912,916-946,951-1154	4K77	PTR	2.4	ok	PTR_only_multi_2	1034	PTR,PTR	1.0968836771402404	108.02329570024739	-70.35004613034967
P23458	OH	126.38973488396888	CZ	A	2	1034,1035	1.5113197217316074	1.5120717252611757	1.5146141532255126	1.6126151992403641	PTR	864-912,916-946,951-1154		2	2	2	864-912,916-946,951-1154	4K77	PTR	2.4	ok	PTR_only_multi_2	1035	PTR,PTR	0.8209631677900115	16.931835665383325	-162.01526352081927
P23458	OH	121.9880394049914	CZ	B	2	1034,1035	1.5484989310518618	1.5223661422542618	1.5120855905896975	1.5471453892349243	PTR	865-911,917-946,950-1154		2	2	2	865-911,917-946,950-1154	5E1E	PTR	2.3	ok	PTR_only_multi_2	1034	PTR,PTR	2.6189756017504644	159.50148416720003	-17.38480965364038
P23458	OH	122.18843310976865	CZ	B	2	1034,1035	1.5544421415583576	1.514972161954444	1.5333898962131902	1.5780060827480704	PTR	865-911,917-946,950-1154		2	2	2	865-911,917-946,950-1154	5E1E	PTR	2.3	ok	PTR_only_multi_2	1035	PTR,PTR	1.5165424855531797	-9.580195535192756	171.48484920024433
P23458	OH	121.39181603065171	CZ	A	2	1034,1035	1.5326965152691092	1.5316677133082954	1.5381702165205742	1.547729697053552	PTR	855-912,917-946,950-1154		2	2	2	855-912,917-946,950-1154	5HX8	PTR	2.2	ok	PTR_only_multi_2	1034	PTR,PTR	0.7799055080080868	157.20980874438067	-21.152357616670066
P23458	OH	121.42747538008862	CZ	A	2	1034,1035	1.5386165476474079	1.541427793566146	1.5534112461473566	1.5836580732228869	PTR	855-912,917-946,950-1154		2	2	2	855-912,917-946,950-1154	5HX8	PTR	2.2	ok	PTR_only_multi_2	1035	PTR,PTR	0.3570544659686163	5.078575737452489	-174.99916030506319
P23458	OH	122.91598643155659	CZ	A	2	1034,1035	1.52102383806466	1.541451335088198	1.5321344421317473	1.5220480286770732	PTR	867-911,918-946,950-1153		2	2	2	867-911,918-946,950-1153	5KHW	PTR	2.47	ok	PTR_only_multi_2	1034	PTR,PTR	4.3746819734014535	93.05396584566331	-81.86633025275894
P23458	OH	117.07225941836579	CZ	A	2	1034,1035	1.5228825473398855	1.5402835890060385	1.4939455301809474	1.519866619542803	PTR	867-911,918-946,950-1153		2	2	2	867-911,918-946,950-1153	5KHW	PTR	2.47	ok	PTR_only_multi_2	1035	PTR,PTR	-2.4674255288981928	-68.93520331502313	108.13214458906853
P23458	OH	133.92781404557115	CZ	A	2	1034,1035	1.5298556546505542	1.5370980989132477	1.5589677209601887	1.5120517699046507	PTR	867-882,888-911,917-1154		2	2	2	867-882,888-911,917-1154	5KHX	PTR	2.4	ok	PTR_only_multi_2	1034	PTR,PTR	4.89992119356333	140.59816399826988	-31.723010102292815
P23458	OH	121.40415767834942	CZ	A	2	1034,1035	1.5476445386841942	1.5247638290149985	1.5686412263184404	1.5897123419106505	PTR	867-882,888-911,917-1154		2	2	2	867-882,888-911,917-1154	5KHX	PTR	2.4	ok	PTR_only_multi_2	1035	PTR,PTR	0.25882217662570967	-14.340950282908079	164.235579486641
P23458	OH	121.96726022626275	CZ	A	2	1034,1035	1.5315478917832193	1.532758213792121	1.5248743280967845	1.5455743886524256	PTR	854-912,917-946,950-1154		2	2	2	854-912,917-946,950-1154	5WO4	PTR	1.84	ok	PTR_only_multi_2	1034	PTR,PTR	1.481889736023021	165.9660705862112	-11.823076295170885
P23458	OH	120.36452891524009	CZ	A	2	1034,1035	1.5186869472755251	1.526154207454975	1.5526870500945007	1.5968649098324117	PTR	854-912,917-946,950-1154		2	2	2	854-912,917-946,950-1154	5WO4	PTR	1.84	ok	PTR_only_multi_2	1035	PTR,PTR	1.066124177941312	1.2090228316597547	-177.55760239346284
P23458	OH	126.11312442493774	CZ	B	2	1034,1035	1.5110680206712124	1.5075169694702018	1.5143567246241156	1.6143423864910518	PTR	865-912,917-1154		2	2	2	865-912,917-1154	6AAH	PTR	1.83	ok	PTR_only_multi_2	1034	PTR,PTR	-0.7127216893860672	-139.9303127262149	38.642982173969386
P23458	OH	125.42576059859977	CZ	B	2	1034,1035	1.496551997417918	1.5067913689158152	1.520236178116602	1.5994672209070921	PTR	865-912,917-1154		2	2	2	865-912,917-1154	6AAH	PTR	1.83	ok	PTR_only_multi_2	1035	PTR,PTR	-0.22119276427515772	-13.42148625513143	165.77519312158086
P23458	OH	125.19322661289036	CZ	A	2	1034,1035	1.5277980863170193	1.5337657083945522	1.5501660024091295	1.5406140876163419	PTR	867-912,917-946,950-1154		2	2	2	867-912,917-946,950-1154	6BBU	PTR	2.08	ok	PTR_only_multi_2	1034	PTR,PTR	2.8209905915910145	142.7307670054359	-33.23081788871027
P23458	OH	123.5537668454066	CZ	A	2	1034,1035	1.5419160352501975	1.5412620740995342	1.5475852077710286	1.581659768028592	PTR	867-912,917-946,950-1154		2	2	2	867-912,917-946,950-1154	6BBU	PTR	2.08	ok	PTR_only_multi_2	1035	PTR,PTR	0.31176137677778204	-4.377729837174518	173.34114189964146
P23458	OH	122.63768400442667	CZ	A	1	1035	1.5404780936865945	1.5395262150047855	1.479908663952256	1.5702544254555848	PTR	869-894,898-912,918-946,951-1153		2	1	1	869-894,898-912,918-946,951-1153	6C7Y	PTR	2.499	ok	PTR_single	1035	PTR	-0.042148576815234984	-43.42658437883479	136.5847657731517
P23458	OH	130.58048485496113	CZ	A	2	1034,1035	1.566386106216489	1.5703150060640452	1.5622549706508293	1.5443761221877184	PTR	867-912,917-946,950-1154		2	2	2	867-912,917-946,950-1154	6DBN	PTR	2.48	ok	PTR_only_multi_2	1034	PTR,PTR	4.929408508386343	118.74640971762635	-54.6327948096478
P23458	OH	120.32826116099257	CZ	A	2	1034,1035	1.5412275733908307	1.5503281476333783	1.5514431743696044	1.5703866364809402	PTR	867-912,917-946,950-1154		2	2	2	867-912,917-946,950-1154	6DBN	PTR	2.48	ok	PTR_only_multi_2	1035	PTR,PTR	1.114799612553828	11.420699953880272	-168.46107113040102
P23458	OH	121.25979888458086	CZ	A	2	1034,1035	1.5286466799918044	1.5330847889099875	1.5145855854204953	1.5346817396565924	PTR	854-883,887-911,918-946,950-1154		2	2	2	854-883,887-911,918-946,950-1154	6ELR	PTR	1.8	ok	PTR_only_multi_2	1034	PTR,PTR	2.350378930004589	151.3128761979155	-25.015409832259998
P23458	OH	123.03238150494106	CZ	A	2	1034,1035	1.5210105333183512	1.5079320464394044	1.523806534780134	1.5665013586454455	PTR	854-883,887-911,918-946,950-1154		2	2	2	854-883,887-911,918-946,950-1154	6ELR	PTR	1.8	ok	PTR_only_multi_2	1035	PTR,PTR	0.6905581415763177	-5.144803344334776	174.39145022130384
P23458	OH	127.02097606566349	CZ	A	2	1034,1035	1.5096524695643176	1.5069898923208582	1.5104425208222045	1.604851075153485	PTR	865-945,950-1154		2	2	2	865-945,950-1154	6GGH	PTR	1.7	ok	PTR_only_multi_2	1034	PTR,PTR	0.802522412783398	142.16342159533843	-36.09937554622355
P23458	OH	126.95596442432429	CZ	A	2	1034,1035	1.5106090333922115	1.5082638810942235	1.5087322666343614	1.609679955312077	PTR	865-945,950-1154		2	2	2	865-945,950-1154	6GGH	PTR	1.7	ok	PTR_only_multi_2	1035	PTR,PTR	0.04478157173446078	-0.27787036465718973	179.53304541736378
P23458	OH	124.4176863413578	CZ	A	2	1034,1035	1.5387277070907037	1.4824941446034137	1.5397558242266056	1.6120177199301948	PTR	854-912,917-945,950-1154		2	2	2	854-912,917-945,950-1154	6HZU	PTR	2.2	ok	PTR_only_multi_2	1034	PTR,PTR	0.9436898795391924	118.2664584631206	-59.776321044696616
P23458	OH	128.6016283730707	CZ	A	2	1034,1035	1.5366733131028754	1.5338354992459708	1.487053493130568	1.6239513638946588	PTR	854-912,917-945,950-1154		2	2	2	854-912,917-945,950-1154	6HZU	PTR	2.2	ok	PTR_only_multi_2	1035	PTR,PTR	0.5583132195231343	-11.704113108789425	167.6945999376707
P23458	OH	126.28428532509844	CZ	A	2	1034,1035	1.5260243546303591	1.5202766598291506	1.5328913304208172	1.5815262613930006	PTR	866-912,917-945,951-1154		2	2	2	866-912,917-945,951-1154	6N77	PTR	1.64	ok	PTR_only_multi_2	1034	PTR,PTR	3.029458390470787	116.43139787013276	-59.16379497483913
P23458	OH	130.53834406781792	CZ	A	2	1034,1035	1.5224497388339124	1.5386536007568605	1.5020811503720546	1.5883132170027263	PTR	866-912,917-945,951-1154		2	2	2	866-912,917-945,951-1154	6N77	PTR	1.64	ok	PTR_only_multi_2	1035	PTR,PTR	-0.896513044192081	-167.45901708877832	10.301426603532581
P23458	OH	128.7989788426699	CZ	A	2	1034,1035	1.5377441240329617	1.544016315813786	1.5304079527919834	1.5870959904278745	PTR	866-912,918-945,951-1118,1121-1154		2	2	2	866-912,918-945,951-1118,1121-1154	6N78	PTR	1.83	ok	PTR_only_multi_2	1034	PTR,PTR	1.4426327184151884	165.90251299711875	-12.311344050400324
P23458	OH	130.00187332724045	CZ	A	2	1034,1035	1.5090177879625608	1.5140943690764346	1.5216412279346267	1.5890909291173907	PTR	866-912,918-945,951-1118,1121-1154		2	2	2	866-912,918-945,951-1118,1121-1154	6N78	PTR	1.83	ok	PTR_only_multi_2	1035	PTR,PTR	-0.5824958030569894	-17.270028530905346	159.38098013865465
P23458	OH	126.95082172360794	CZ	A	2	1034,1035	1.5627482942271549	1.5341308885493143	1.530579948449326	1.587313568835821	PTR	866-912,917-946,951-1029,1032-1154		2	2	2	866-912,917-946,951-1029,1032-1154	6N79	PTR	2.27	ok	PTR_only_multi_2	1034	PTR,PTR	0.5706516438842777	-150.24586228740094	26.354962830322382
P23458	OH	129.2807319794188	CZ	A	2	1034,1035	1.5208035059361564	1.5231977894132187	1.5357310437648004	1.5897582257018414	PTR	866-912,917-946,951-1029,1032-1154		2	2	2	866-912,917-946,951-1029,1032-1154	6N79	PTR	2.27	ok	PTR_only_multi_2	1035	PTR,PTR	1.145089063398369	-17.951564141894686	159.0900005495231
P23458	OH	126.61887337623556	CZ	B	2	1034,1035	1.511238838769547	1.5446656397025451	1.5362623102949184	1.5859914722095345	PTR	854-912,918-945,951-1154		2	2	2	854-912,918-945,951-1154	6N7A	PTR	1.33	ok	PTR_only_multi_2	1034	PTR,PTR	1.4910127445574521	-168.79647714340356	11.016614545592429
P23458	OH	127.63324894434156	CZ	B	2	1034,1035	1.5680224050537166	1.5559211855161634	1.5468066245153878	1.5828225964438054	PTR	854-912,918-945,951-1154		2	2	2	854-912,918-945,951-1154	6N7A	PTR	1.33	ok	PTR_only_multi_2	1035	PTR,PTR	-4.838173411089785	-122.13343538790872	53.495229204836896
P23458	OH	125.31100802946156	CZ	A	2	1034,1035	1.5422999980241392	1.5439647140672728	1.5247075478322771	1.588106589067426	PTR	865-912,918-945,951-1154		2	2	2	865-912,918-945,951-1154	6N7B	PTR	1.81	ok	PTR_only_multi_2	1034	PTR,PTR	1.573660315027567	111.22954930471823	-66.45569231595
P23458	OH	131.2469939066478	CZ	A	2	1034,1035	1.5377395884249578	1.5484458553863458	1.527713927357431	1.5869770508702699	PTR	865-912,918-945,951-1154		2	2	2	865-912,918-945,951-1154	6N7B	PTR	1.81	ok	PTR_only_multi_2	1035	PTR,PTR	4.415580817110729	16.06279489197122	-160.21663419062048
P23458	OH	128.3579365799629	CZ	A	2	1034,1035	1.5288454806289227	1.5447138569512833	1.5114189830727347	1.590972406264693	PTR	865-912,918-945,951-1039,1042-1094,1098-1154		2	2	2	865-912,918-945,951-1039,1042-1094,1098-1154	6N7C	PTR	1.69	ok	PTR_only_multi_2	1034	PTR,PTR	0.13284720943037784	-166.38477464968366	11.79827721875312
P23458	OH	127.1102803972768	CZ	A	2	1034,1035	1.539128555294432	1.537259431179094	1.5394730999779078	1.5853005216575238	PTR	865-912,918-945,951-1039,1042-1094,1098-1154		2	2	2	865-912,918-945,951-1039,1042-1094,1098-1154	6N7C	PTR	1.69	ok	PTR_only_multi_2	1035	PTR,PTR	-2.7164517232275407	-129.6845248595391	45.92429440835321
P23458	OH	128.16792079139063	CZ	A	2	1034,1035	1.5269591266831957	1.5601109296239077	1.533907878541709	1.5873915164292576	PTR	865-912,918-945,951-1154		2	2	2	865-912,918-945,951-1154	6N7D	PTR	1.78	ok	PTR_only_multi_2	1034	PTR,PTR	2.371774096464038	129.6298984104373	-45.38769834088088
P23458	OH	128.71669851315366	CZ	A	2	1034,1035	1.532835321896867	1.5388135559998832	1.5370180560003726	1.5929402756024909	PTR	865-912,918-945,951-1154		2	2	2	865-912,918-945,951-1154	6N7D	PTR	1.78	ok	PTR_only_multi_2	1035	PTR,PTR	0.06917950011941347	-9.694421164203362	169.61237187727784
P23458	OH	126.64554881565975	CZ	A	2	1034,1035	1.5513485570284653	1.5116332878705243	1.5879800874983503	1.561319991265018	PTR	865-946,951-1154		2	2	2	865-946,951-1154	6RSB	PTR	1.8	ok	PTR_only_multi_2	1034	PTR,PTR	1.5949080979405879	154.74211272980892	-22.73443565275459
P23458	OH	126.62731952858104	CZ	A	2	1034,1035	1.5040544982130069	1.517040459921996	1.5118691621552969	1.5708515039110977	PTR	865-946,951-1154		2	2	2	865-946,951-1154	6RSB	PTR	1.8	ok	PTR_only_multi_2	1035	PTR,PTR	0.5845031862943477	-3.5076420321138353	175.6811845005872
P23458	OH	124.23445391361571	CZ	A	2	1034,1035	1.5067004588102575	1.4866394126821896	1.4929463241662215	1.5573288142301018	PTR	865-946,951-1154		2	2	2	865-946,951-1154	6RSC	PTR	1.85	ok	PTR_only_multi_2	1034	PTR,PTR	0.42924677391868593	164.16407401906213	-17.020871321041994
P23458	OH	124.27411571188843	CZ	A	2	1034,1035	1.4858437376465117	1.4995443042344567	1.5145657938296073	1.6053771211831636	PTR	865-946,951-1154		2	2	2	865-946,951-1154	6RSC	PTR	1.85	ok	PTR_only_multi_2	1035	PTR,PTR	-0.3296839236247387	-4.558289513811333	176.25508358963495
P23458	OH	124.73849960696977	CZ	A	2	1034,1035	1.4918810808924217	1.51800924155145	1.5144789285961677	1.552911426962635	PTR	865-946,951-1154		2	2	2	865-946,951-1154	6RSD	PTR	1.76	ok	PTR_only_multi_2	1034	PTR,PTR	-2.4533932333944626	167.90949285794247	-13.504364485723334
P23458	OH	125.66336819240519	CZ	A	2	1034,1035	1.5205873544748032	1.4998983691040004	1.4921829077257345	1.652753132482532	PTR	865-946,951-1154		2	2	2	865-946,951-1154	6RSD	PTR	1.76	ok	PTR_only_multi_2	1035	PTR,PTR	0.8973966947312125	1.8833003519965474	-177.89452185186087
P23458	OH	126.10086064336402	CZ	A	2	1034,1035	1.510502435745374	1.5010538443560142	1.524607972326506	1.5666858832692425	PTR	865-946,951-1154		2	2	2	865-946,951-1154	6RSE	PTR	1.8	ok	PTR_only_multi_2	1034	PTR,PTR	1.5586844686850072	131.34568355391795	-44.27363041218077
P23458	OH	127.79315498172906	CZ	A	2	1034,1035	1.503394553389179	1.5104489137183759	1.5119552555243034	1.5962736932914168	PTR	865-946,951-1154		2	2	2	865-946,951-1154	6RSE	PTR	1.8	ok	PTR_only_multi_2	1035	PTR,PTR	0.1812052080273819	-0.20924922462727555	179.67465185072288
P23458	OH	126.43764581624018	CZ	A	2	1034,1035	1.5008514481810824	1.5162386448577838	1.5115717675831029	1.5380300346474998	PTR	865-946,951-1154		2	2	2	865-946,951-1154	6RSH	PTR	1.71	ok	PTR_only_multi_2	1034	PTR,PTR	2.7683682187902368	122.57539167132242	-54.56840488975947
P23458	OH	125.059300435	CZ	A	2	1034,1035	1.519995105279316	1.4918898695848883	1.516485383696724	1.5850722060158224	PTR	865-946,951-1154		2	2	2	865-946,951-1154	6RSH	PTR	1.71	ok	PTR_only_multi_2	1035	PTR,PTR	-0.2818981672777418	-4.215222801686175	178.1518312975439
P23458	OH	126.91899728456445	CZ	A	2	1034,1035	1.5121569051421826	1.5229068191344095	1.5529426600937237	1.5836187731429676	PTR	854-913,917-946,949-1154		2	2	2	854-913,917-946,949-1154	6SM8	PTR	1.85	ok	PTR_only_multi_2	1034	PTR,PTR	-0.7238172675982143	-149.21805724434373	27.83435375268177
P23458	OH	128.7496911993272	CZ	A	2	1034,1035	1.52870900237541	1.515666328742984	1.548449337742752	1.5952923774585006	PTR	854-913,917-946,949-1154		2	2	2	854-913,917-946,949-1154	6SM8	PTR	1.85	ok	PTR_only_multi_2	1035	PTR,PTR	0.06855962494419823	2.877481811942143	-176.5292301093108
P23458	OH	124.57299625355772	CZ	A	2	1034,1035	1.5278520378066303	1.5472868479717778	1.5284629906546088	1.5849769497038044	PTR	863-913,915-946,949-1153		2	2	2	863-913,915-946,949-1153	6SMB	PTR	2.04	ok	PTR_only_multi_2	1034	PTR,PTR	0.8323533020533274	140.0415007135816	-36.755294593515686
P23458	OH	126.67132474234444	CZ	A	2	1034,1035	1.5459195517746664	1.5782257984809005	1.5237683481390294	1.5776149819862153	PTR	863-913,915-946,949-1153		2	2	2	863-913,915-946,949-1153	6SMB	PTR	2.04	ok	PTR_only_multi_2	1035	PTR,PTR	0.6393305330958656	-21.418526162196827	155.77339735064504
P23458	OH	123.33354498548121	CZ	A	2	1034,1035	1.5262951010753658	1.5054849947230762	1.5178715739553026	1.5998182027725094	PTR	864-912,915-1153		2	2	2	864-912,915-1153	6TPF	PTR	2.31	ok	PTR_only_multi_2	1034	PTR,PTR	0.202855228907045	109.13872806997203	-70.39171673835482
P23458	OH	126.44543349594548	CZ	A	2	1034,1035	1.5144739102237528	1.515909771667857	1.5106052254703817	1.6121105079873526	PTR	864-912,915-1153		2	2	2	864-912,915-1153	6TPF	PTR	2.31	ok	PTR_only_multi_2	1035	PTR,PTR	-0.5130403909161226	6.059827641852359	-173.67191395563106
P23458	OH	129.58058326380254	CZ	A	2	1034,1035	1.5367575038036432	1.5506810757236473	1.5416784151598635	1.5839421899341948	PTR	867-911,917-946,950-1154		2	2	2	867-911,917-946,950-1154	6W8L	PTR	2.11	ok	PTR_only_multi_2	1034	PTR,PTR	6.003851397740759	108.07642614044931	-62.04360104813339
P23458	OH	125.54144543261553	CZ	A	2	1034,1035	1.4983385374566252	1.5271432799493947	1.546762995253472	1.5913459060514392	PTR	867-911,917-946,950-1154		2	2	2	867-911,917-946,950-1154	6W8L	PTR	2.11	ok	PTR_only_multi_2	1035	PTR,PTR	3.1695878223930136	2.835494671185011	-175.9726107075234
P23458	OH	125.64482335095961	CZ	A	2	1034,1035	1.5412154915095948	1.4780745500805046	1.5373755440021015	1.610059723912576	PTR	854-911,917-945,950-1154		2	2	2	854-911,917-945,950-1154	8S85	PTR	1.75	ok	PTR_only_multi_2	1034	PTR,PTR	1.3497097403846943	129.6913637396604	-48.24537575556894
P23458	OH	128.6583611046593	CZ	A	2	1034,1035	1.541010011708618	1.5334480801437012	1.4831596628264823	1.6254492666963423	PTR	854-911,917-945,950-1154		2	2	2	854-911,917-945,950-1154	8S85	PTR	1.75	ok	PTR_only_multi_2	1035	PTR,PTR	0.22573483352127827	-1.829310932324635	177.8849834220346
P24941	OH	122.03249913351932	CZ	C	1	15	1.494717407804769	1.559370529290661	1.5596791585217074	1.6348630692436137	PTR	1-297		3	2	1	1-297	2CJM	PTR	2.3	ok	PTR_mixed_with_TPO	15	PTR	-0.35793048868667593	52.016186918268886	-127.84886994786956
P27361	OH	123.32664319121758	CZ	A	1	204	1.4822612014653027	1.4828809182380964	1.4855833611346732	1.535388968110256	PTR	24-375		3	1	1	24-375	2ZOQ	PTR	2.39	ok	PTR_single	204	PTR	4.400007338951783	-90.10568350072441	93.42347742926405
P28482	OH	123.54149192847922	CZ	A	1	187	1.4749968772262385	1.5329714136364405	1.5479254761581835	1.593975773364036	PTR	11-358		2	2	1	11-358	4IZA	PTR	1.93	ok	PTR_mixed_with_TPO	187	PTR	1.4258137321087896	61.63325084650922	-115.93331367277013
P28482	OH	124.12711070395673	CZ	A	1	187	1.5108903657131652	1.5028960050849205	1.5110615145920248	1.615854331901313	PTR	10-358		2	2	1	10-358	5V60	PTR	2.18	ok	PTR_mixed_with_TPO	187	PTR	-0.5557928871953157	-87.59650102606835	91.06187832773728
P28482	OH	123.37929730301694	CZ	A	1	187	1.5234181359648253	1.5120643364424204	1.503781689484762	1.6064083848870154	PTR	10-359		2	2	1	10-359	5V61	PTR	2.2	ok	PTR_mixed_with_TPO	187	PTR	-0.9551369075994232	-101.10455469334924	77.8980466868727
P28482	OH	122.54334334070165	CZ	A	1	187	1.509151447045451	1.507680616859373	1.5145028427672997	1.608138659557856	PTR	10-360		2	2	1	10-360	5V62	PTR	1.9	ok	PTR_mixed_with_TPO	187	PTR	-0.42356277761428146	-95.1290748114037	83.6665233761757
P28482	OH	124.02064034438503	CZ	A	1	187	1.539610112783534	1.4791170165770162	1.5402892551259033	1.6088628098282378	PTR	1-360		2	2	1	1-360	7OPM	PTR	2.45	ok	PTR_mixed_with_TPO	187	PTR	-1.0075574689111222	-124.62882117103707	53.562800618244616
P29317	OH	130.1670151297992	CZ	A	1	772	1.485478121921059	1.5462632712717523	1.5429804912531568	1.6192110109806526	PTR	599-634,640-649,651-653,655-765,767-875		1	1	1	599-634,640-649,651-653,655-765,767-875	4TRL	PTR	2.452	ok	PTR_single	772	PTR	-1.2658331726194205	-27.183916443277298	150.98472740781827
P29320	OH	124.15066340599225	CZ	A	1	701	1.482897672662286	1.5390337065271995	1.5410428233917652	1.615920926305495	PTR	595-600,608-766,787-893,898-904		1	1	1	595-600,608-766,787-893,898-904	2QO7	PTR	1.605	ok	PTR_single	701	PTR	0.5618480601829635	58.67091726491011	-120.3550651066502
P29320	OH	121.69345914609671	CZ	A	1	701	1.4805776356829865	1.5369101427512828	1.5386589928641983	1.602322882898077	PTR	609-771,785-892,897-906		1	1	1	609-771,785-892,897-906	2QOB	PTR	1.65	ok	PTR_single	701	PTR	0.3279466862475148	86.1721950735182	-92.59436167894295
P29320	OH	128.2988434394237	CZ	A	1	701	1.4680362818234263	1.5347586281215788	1.5280324609561868	1.6175983248213996	PTR	595-597,608-769,786-894,898-905		1	1	1	595-597,608-769,786-894,898-905	2QON	PTR	1.79	ok	PTR_single	701	PTR	2.6607256056747013	96.85063164513942	-76.90917800140204
P29320	OH	123.01508783663732	CZ	A	1	701	1.4835363721733075	1.5407414946451183	1.538546272879086	1.6183317891292823	PTR	595-600,603-766,785-892,900-906		1	1	1	595-600,603-766,785-892,900-906	2QOQ	PTR	1.6	ok	PTR_single	701	PTR	0.2724335412611975	60.32816178832894	-118.91648533861532
P29322	OH	128.77599126706647	CZ	B	1	793	1.483005845457854	1.5453767056560606	1.5427029409692272	1.6119452847031128	PTR	627-795,797-899		1	1	1	627-795,797-899	3KUL	PTR	2.15	ok	PTR_single	793	PTR	-1.4405750720605743	-151.39586411618927	26.342464554336207
P29597	OH	125.96956572102525	CZ	A	1	1054	1.4459632389363026	1.5007396114615685	1.499469947349442	1.6199386438399426	PTR	888-1057,1061-1178		2	1	1	888-1057,1061-1178	3LXN	PTR	2.5	ok	PTR_single	1054	PTR	-0.6627167577166891	92.08517039413539	-89.28913180382116
P29597	OH	130.06396876477334	CZ	A	1	1054	1.4649680090423052	1.4954874854758466	1.5201820982524605	1.6253727582321766	PTR	888-920,923-1057,1061-1178		2	1	1	888-920,923-1057,1061-1178	3LXP	PTR	1.65	ok	PTR_single	1054	PTR	1.3851308867265664	126.93287449674739	-49.353003406668584
P29597	OH	115.44854919670429	CZ	A	1	1054	1.5234758808275015	1.5318988284078383	1.5344459782129278	1.5565720021463343	PTR	889-1178		2	1	1	889-1178	4PY1	PTR	2.16	ok	PTR_single	1054	PTR	0.5496090644166258	94.1598932346599	-83.49303615779145
P29597	OH	118.68056247884664	CZ	A	1	1054	1.512945923041897	1.5443430388448591	1.5250039056945122	1.5604366004226866	PTR	889-1178		2	1	1	889-1178	6DBK	PTR	2.0	ok	PTR_single	1054	PTR	1.9387129511029677	97.50915686596815	-79.04021202642096
P29597	OH	121.24095174448603	CZ	A	1	1054	1.5387755034942228	1.5405853931358822	1.4802223434816473	1.6122764746864475	PTR	889-916,925-933,939-1056,1060-1178		2	1	1	889-916,925-933,939-1056,1060-1178	6DBM	PTR	2.368	ok	PTR_single	1054	PTR	0.19105143685828996	93.41103735507791	-86.06050252572457
P29597	OH	114.6788193717915	CZ	A	1	1054	1.522142112071679	1.5504337630319096	1.5178858561130284	1.5762376704767749	PTR	889-1178		2	1	1	889-1178	6VNS	PTR	2.09	ok	PTR_single	1054	PTR	0.4642363432789686	109.60839434081662	-69.33554132339052
P29597	OH	117.19413920043648	CZ	A	1	1054	1.5008100573229526	1.5216864055190005	1.5239188941128197	1.6151592395171455	PTR	889-919,925-934,938-966,974-1178		2	1	1	889-919,925-934,938-966,974-1178	6VNV	PTR	2.15	ok	PTR_single	1054	PTR	-1.4683117948790039	117.09034171083806	-63.08323174073932
P29597	OH	114.67488115722031	CZ	A	1	1054	1.5364210343614202	1.5449732470701152	1.5354515881802555	1.566854211715817	PTR	889-1178		2	1	1	889-1178	6VNX	PTR	2.18	ok	PTR_single	1054	PTR	0.6417413011049012	94.73234255234502	-83.47925555160636
P29597	OH	115.6418233542679	CZ	A	1	1054	1.5265054852332272	1.5520478271414697	1.527337738406261	1.598879998224902	PTR	889-1056,1060-1178		2	1	1	889-1056,1060-1178	6VNY	PTR	2.3	ok	PTR_single	1054	PTR	0.020784623126512494	104.4793037608126	-74.6857157336625
P29597	OH	112.36923341070576	CZ	A	1	1054	1.5232703754553094	1.536177740045176	1.5557958849745859	1.565344083234117	PTR	889-966,974-1178		2	1	1	889-966,974-1178	6X8F	PTR	2.15	ok	PTR_single	1054	PTR	1.1383368887356715	91.08526999917635	-87.76059008259492
P29597	OH	113.93467565558862	CZ	A	1	1054	1.515757395777213	1.5410681187837776	1.5328358207009973	1.5846372460093407	PTR	889-920,925-933,936-1057,1060-1178		2	1	1	889-920,925-933,936-1057,1060-1178	6X8G	PTR	2.21	ok	PTR_single	1054	PTR	-1.365950832025546	89.96960434043073	-89.93994563892541
P29597	OH	124.78052911413322	CZ	A	2	1054,1055	1.5270404398596573	1.5264766941434682	1.5119713990559431	1.6064384654109687	PTR	890-1049,1053-1058,1062-1177		2	2	2	890-1049,1053-1058,1062-1177	7UYR	PTR	2.15	ok	PTR_only_multi_2	1054	PTR,PTR	-0.7014122053633743	-44.88334587233285	134.90595864624427
P29597	OH	125.35979647749632	CZ	A	2	1054,1055	1.521893427984534	1.5077786259867285	1.5227965390296794	1.611063005067201	PTR	890-1049,1053-1058,1062-1177		2	2	2	890-1049,1053-1058,1062-1177	7UYR	PTR	2.15	ok	PTR_only_multi_2	1055	PTR,PTR	-0.47735903786434863	135.09582754589488	-44.44555390911637
P29597	OH	120.19304984950936	CZ	A	2	1054,1055	1.5129368379534003	1.5105005641765432	1.509128859470634	1.6151249970928292	PTR	890-933,936-1049,1052-1059,1062-1177		2	2	2	890-933,936-1049,1052-1059,1062-1177	7UYS	PTR	2.15	ok	PTR_only_multi_2	1054	PTR,PTR	0.2423874395510637	-92.39581239574157	88.1133279159107
P29597	OH	128.3985688811362	CZ	A	2	1054,1055	1.5093234331769756	1.5087708317173167	1.5103339968433842	1.6186218177204121	PTR	890-933,936-1049,1052-1059,1062-1177		2	2	2	890-933,936-1049,1052-1059,1062-1177	7UYS	PTR	2.15	ok	PTR_only_multi_2	1055	PTR,PTR	-0.045044748521211334	170.8925744765099	-8.832924896544375
P29597	OH	124.14416539059216	CZ	A	2	1054,1055	1.5168626424548468	1.514027446344088	1.5109047926970829	1.5862992977873702	PTR	890-921,924-933,940-1049,1052-1177		2	2	2	890-921,924-933,940-1049,1052-1177	7UYT	PTR	2.14	ok	PTR_only_multi_2	1054	PTR,PTR	0.49906605357340694	-103.37152097457403	77.26530451424534
P29597	OH	126.07917774915184	CZ	A	2	1054,1055	1.51052254624912	1.5151724428220867	1.515202138886073	1.5963783421075306	PTR	890-921,924-933,940-1049,1052-1177		2	2	2	890-921,924-933,940-1049,1052-1177	7UYT	PTR	2.14	ok	PTR_only_multi_2	1055	PTR,PTR	-0.21143251337662386	152.11517670571504	-27.50595557956541
P29597	OH	121.53603409839951	CZ	A	2	1054,1055	1.5116126910091763	1.509073214717952	1.513676021707012	1.616413882815703	PTR	889-932,941-968,974-1049,1052-1057,1063-1177		2	2	2	889-932,941-968,974-1049,1052-1057,1063-1177	7UYU	PTR	2.05	ok	PTR_only_multi_2	1054	PTR,PTR	0.08526112116208329	-99.59601113076158	80.3279223147708
P29597	OH	127.34712369762214	CZ	A	2	1054,1055	1.5127954258833065	1.5114478272029952	1.507597729624879	1.6197668494649493	PTR	889-932,941-968,974-1049,1052-1057,1063-1177		2	2	2	889-932,941-968,974-1049,1052-1057,1063-1177	7UYU	PTR	2.05	ok	PTR_only_multi_2	1055	PTR,PTR	-0.05524250301948957	172.01090650898632	-7.943687921141786
P35968	OH	125.72717677527788	CZ	A	2	1054,1059	1.4928523306309323	1.533257223468678	1.5505813803004118	1.6067741170421888	PTR	819-939,998-1047,1052-1171		2	2	2	819-939,998-1047,1052-1171	3C7Q	PTR	2.1	ok	PTR_only_multi_2	1054	PTR,PTR	-1.361212941671958	-134.1503136066644	44.61952374505115
P35968	OH	128.42691277875846	CZ	A	2	1054,1059	1.4289489057489149	1.5075059065218435	1.5119814133470084	1.585674310413297	PTR	819-939,998-1047,1052-1171		2	2	2	819-939,998-1047,1052-1171	3C7Q	PTR	2.1	ok	PTR_only_multi_2	1059	PTR,PTR	-1.2747044697265348	-25.6873799076808	152.32715364259099
P43405	OH	123.34183309491318	CZ	A	1	525	1.4962198888210736	1.5485153594470664	1.5422475550350783	1.615795166353095	PTR	364-378,381-405,412-634		3	1	1	364-378,381-405,412-634	3SRV	PTR	1.95	ok	PTR_single	525	PTR	1.8432799649953042	36.082784315674644	-143.1688523291138
P43405	OH	122.92209973223386	CZ	A	2	525,526	1.5340207433878716	1.5638136171875094	1.5214282043459593	1.573127142927668	PTR	364-378,383-633		3	2	2	364-378,383-633	4YJQ	PTR	1.34	ok	PTR_only_multi_2	525	PTR,PTR	-2.989648921295037	-112.54013503560252	67.126658365148
P43405	OH	121.42257545845287	CZ	A	2	525,526	1.5210218755791887	1.5376630939410132	1.5096433233839155	1.5764525142144763	PTR	364-378,383-633		3	2	2	364-378,383-633	4YJQ	PTR	1.34	ok	PTR_only_multi_2	526	PTR,PTR	1.1265232098561173	-179.22730956732852	-0.18723386317090113
P43405	OH	126.19767262365751	CZ	A	2	525,526	1.5507819890712182	1.5500328085505946	1.5264077362363215	1.5761677395254206	PTR	364-377,383-633		3	2	2	364-377,383-633	4YJR	PTR	1.32	ok	PTR_only_multi_2	525	PTR,PTR	-0.8342223504024603	-116.666816311106	65.99316157141077
P43405	OH	125.16936403609314	CZ	A	2	525,526	1.5311036708824797	1.5351519144740131	1.5247842378367147	1.5999435149906578	PTR	364-377,383-633		3	2	2	364-377,383-633	4YJR	PTR	1.32	ok	PTR_only_multi_2	526	PTR,PTR	0.6635849472492715	175.2618873951985	-3.5422814263779063
P43405	OH	124.83315610828296	CZ	A	2	525,526	1.525578095547752	1.5529646778095063	1.5259073866744035	1.544078516394314	PTR	364-633		3	2	2	364-633	4YJT	PTR	1.52	ok	PTR_only_multi_2	525	PTR,PTR	-4.473060358282955	-111.12483065195788	64.88970137645397
P43405	OH	120.55777483892471	CZ	A	2	525,526	1.5549423887715577	1.5358475771523066	1.5366952091131958	1.5862388609544038	PTR	364-633		3	2	2	364-633	4YJT	PTR	1.52	ok	PTR_only_multi_2	526	PTR,PTR	1.9166296139965788	-178.5334543754531	0.8305216588693131
P43405	OH	120.19449609501915	CZ	A	2	525,526	1.5271762721461541	1.5471110208099943	1.5424269608429182	1.5410135453095477	PTR	364-528,532-633		3	2	2	364-528,532-633	4YJU	PTR	1.67	ok	PTR_only_multi_2	525	PTR,PTR	-2.343162883203675	-107.73984461095914	68.7878612409352
P43405	OH	121.2929816304503	CZ	A	2	525,526	1.5440636900590756	1.5380176742198723	1.5221914333111877	1.5854037003737642	PTR	364-528,532-633		3	2	2	364-528,532-633	4YJU	PTR	1.67	ok	PTR_only_multi_2	526	PTR,PTR	0.8979141028361526	-175.8146406970183	3.5665776170363492
P43405	OH	122.65036738190564	CZ	A	2	525,526	1.5464901414000713	1.5467679670607761	1.5369884588679363	1.5415022730516155	PTR	364-377,383-633		3	2	2	364-377,383-633	4YJV	PTR	1.652	ok	PTR_only_multi_2	525	PTR,PTR	-3.1868425595776273	-106.06520838474792	67.71133954385452
P43405	OH	121.70167026396172	CZ	A	2	525,526	1.5401759646379205	1.5342889788013354	1.5356709473536145	1.5910561242606924	PTR	364-377,383-633		3	2	2	364-377,383-633	4YJV	PTR	1.652	ok	PTR_only_multi_2	526	PTR,PTR	0.8718067414538798	178.60256288323802	-0.8026387687359096
P43405	OH	122.38658467819081	CZ	A	2	525,526	1.540752301361062	1.5311220837047674	1.5219102376468463	1.5391492650531209	PTR	363-635		3	2	2	363-635	5C26	PTR	1.95	ok	PTR_only_multi_2	525	PTR,PTR	1.934608704216427	42.841159638760296	-132.73529906275118
P43405	OH	121.98799092106931	CZ	A	2	525,526	1.5320192505819756	1.5343219160481338	1.5230714116878283	1.5441820249492506	PTR	363-635		3	2	2	363-635	5C26	PTR	1.95	ok	PTR_only_multi_2	526	PTR,PTR	-2.559926592512943	-173.80865650451986	4.213820747063459
P43405	OH	123.35495999286118	CZ	A	2	525,526	1.561570645074876	1.5511066245762664	1.56742982124146	1.5585302586542662	PTR	363-635		3	2	2	363-635	5C27	PTR	2.15	ok	PTR_only_multi_2	525	PTR,PTR	2.2596634414949768	88.74804031787691	-85.1527338782179
P43405	OH	122.85915814598171	CZ	A	2	525,526	1.5879765459583786	1.5872869155348406	1.5680841733396174	1.6068671214082497	PTR	363-635		3	2	2	363-635	5C27	PTR	2.15	ok	PTR_only_multi_2	526	PTR,PTR	-0.9483524189336298	-152.34189338317987	25.309746215942237
P43405	OH	124.06718931722824	CZ	A	1	525	1.512482471055674	1.5113972382900713	1.5102841379994432	1.6167693020289764	PTR	363-529,532-632		3	1	1	363-529,532-632	5LMA	PTR	1.43	ok	PTR_single	525	PTR	0.39066226239614815	65.58874374399768	-113.80417275519427
P43405	OH	122.2587392290265	CZ	A	1	525	1.5127751750829137	1.5125969588915023	1.5146910132435327	1.614230599987286	PTR	364-404,411-634		3	1	1	364-404,411-634	5LMB	PTR	1.95	ok	PTR_single	525	PTR	0.6812143873942206	71.8869799057038	-107.15839363594365
P43405	OH	123.84484795484822	CZ	A	1	525	1.5185368445855218	1.5139506211340903	1.510581459329317	1.616368330610575	PTR	364-392,394-404,410-529,532-632		3	1	1	364-392,394-404,410-529,532-632	6HM6	PTR	2.1	ok	PTR_single	525	PTR	0.23117061556833968	49.604417606087	-129.63066645036906
P43405	OH	123.71840636462059	CZ	A	1	525	1.5125804773940783	1.5154492468600915	1.5153226374310707	1.618385243653547	PTR	363-530,534-633		3	1	1	363-530,534-633	6HM7	PTR	1.64	ok	PTR_single	525	PTR	-0.7399775811255561	-126.22503673200052	52.813125397912074
P43405	OH	126.37486274750823	CZ	A	2	525,526	1.513747558046402	1.5035655580695846	1.521895241484389	1.5959368740428022	PTR	363-529,532-632		3	2	2	363-529,532-632	8RRQ	PTR	1.6	ok	PTR_only_multi_2	525	PTR,PTR	0.5773350544792353	17.22744779877553	-161.4944527527292
P43405	OH	125.6936120205216	CZ	A	2	525,526	1.5206185746339775	1.513018216135608	1.5100800993364338	1.5998253974369734	PTR	363-529,532-632		3	2	2	363-529,532-632	8RRQ	PTR	1.6	ok	PTR_only_multi_2	526	PTR,PTR	1.2219315371423545	-178.1656112752656	1.1326410394643034
P43405	OH	128.27113189106032	CZ	A	2	525,526	1.5290055097751594	1.5029271145086693	1.503840348735904	1.604858114755008	PTR	363-406,412-529,534-633		3	2	2	363-406,412-529,534-633	8RRZ	PTR	1.75	ok	PTR_only_multi_2	525	PTR,PTR	2.4993450749877857	40.06488871071573	-134.85985909853295
P43405	OH	128.86494947065202	CZ	A	2	525,526	1.5367034486235323	1.5181201731083107	1.521142012283065	1.6123413772283794	PTR	363-406,412-529,534-633		3	2	2	363-406,412-529,534-633	8RRZ	PTR	1.75	ok	PTR_only_multi_2	526	PTR,PTR	-0.02333557684888494	-147.61985017169047	31.067719402731104
P47811	OH	126.18905582998978	CZ	A	1	182	1.4809619073914966	1.5410060928202267	1.5402322937690367	1.615558242244079	PTR	1-354		2	2	1	1-354	3PY3	PTR	2.1	ok	PTR_mixed_with_TPO	182	PTR	1.384619289950587	70.6726784031524	-106.83528272291665
P49840	OH	124.24985584666271	CZ	A	1	279	1.5481832191110105	1.5397837256201954	1.4835525774159612	1.6184190471800075	PTR	101-138,142-184,187-444		1	1	1	101-138,142-184,187-444	7SXF	PTR	1.94	ok	PTR_single	279	PTR	0.8514082740465959	73.77877826366124	-104.46639424460038
P49840	OH	121.12835952583094	CZ	A	1	279	1.540211913814654	1.5389060858474062	1.481981613106707	1.6085982369998832	PTR	103-109,111-113,116-138,142-184,188-445		1	1	1	103-109,111-113,116-138,142-184,188-445	7SXG	PTR	2.4	ok	PTR_single	279	PTR	-0.4170214194258921	-106.69675568487138	72.74970412317136
P49841	OH	125.48007669279285	CZ	A	1	216	1.4649172120079716	1.4863086736491165	1.4923426250064116	1.644511575444053	PTR	35-384		3	1	1	35-384	1O9U	PTR	2.4	ok	PTR_single	216	PTR	0.9103351980180863	-61.36980624747314	119.3908980555543
P49841	OH	123.13886709685458	CZ	A	1	216	1.4886708469676275	1.54632199258201	1.5459876883167434	1.6100189636916822	PTR	35-121,125-287,295-383		3	1	1	35-121,125-287,295-383	3F7Z	PTR	2.4	ok	PTR_single	216	PTR	-0.7371841808855377	-96.4304946968121	82.58175328511187
P49841	OH	123.46993588004152	CZ	A	1	216	1.4906673939064095	1.5179449359144823	1.5507727351358418	1.6194334616737787	PTR	35-119,125-286,290-383		3	1	1	35-119,125-286,290-383	3GB2	PTR	2.4	ok	PTR_single	216	PTR	-0.9476343588477404	-101.6148001164247	76.9745804389488
P49841	OH	124.71206663106145	CZ	A	1	216	1.4969106373486747	1.543759127039593	1.5389839392823317	1.6262896351329414	PTR	35-288,291-384		3	1	1	35-288,291-384	3SAY	PTR	2.231	ok	PTR_single	216	PTR	-1.031364725581167	-104.627820575853	73.67674878704103
P49841	OH	126.26213443297776	CZ	B	1	216	1.4845794100359098	1.5378577686332668	1.5385177569683248	1.627421851038688	PTR	36-384		3	1	1	36-384	3ZRK	PTR	2.37	ok	PTR_single	216	PTR	-1.119121310075662	-118.000289933727	59.83904561882261
P49841	OH	126.27128978797946	CZ	B	1	216	1.4830521383983077	1.5385165009928847	1.5409427442893149	1.6322486751228569	PTR	36-384		3	1	1	36-384	3ZRL	PTR	2.48	ok	PTR_single	216	PTR	-0.8154943323051449	-128.93452758100747	49.42957669576654
P49841	OH	125.85930264756406	CZ	B	1	216	1.4798793651458735	1.5365245991636014	1.5452481042687574	1.6266336393634462	PTR	36-384		3	1	1	36-384	3ZRM	PTR	2.49	ok	PTR_single	216	PTR	-0.42498474783268353	-131.781142771805	47.244589423993425
P49841	OH	122.80479140010623	CZ	B	1	216	1.547372093858155	1.550010222442689	1.5337030545219859	1.5447208931696266	PTR	34-89,94-384		3	1	1	34-89,94-384	4AFJ	PTR	1.98	ok	PTR_single	216	PTR	-4.6680340035320045	-104.49645718233927	70.20895530787244
P49841	OH	123.20564009245817	CZ	A	1	216	1.5114233389774694	1.5083740711044769	1.5107549228737585	1.6130643463668393	PTR	36-383		3	1	1	36-383	4J71	PTR	2.31	ok	PTR_single	216	PTR	-0.012528628699082996	-90.90772198841431	88.8244779756273
P49841	OH	122.67865796654776	CZ	A	1	216	1.5041510071480226	1.4906316320411401	1.4962389936233638	1.630355418520536	PTR	36-119,125-287,291-382		3	2	1	36-119,125-287,291-382	5HLP	PTR	2.45	ok	PTR_mixed_with_TPO	216	PTR	0.17481002247911634	-99.62919228127261	82.85378900306445
P49841	OH	119.46925998234703	CZ	B	1	216	1.5432061761261777	1.5049398374832463	1.51179763397959	1.547059344050706	PTR	36-45,49-89,95-287,294-384		3	1	1	36-45,49-89,95-287,294-384	5K5N	PTR	2.2	ok	PTR_single	216	PTR	-2.837234640139818	-94.02699809659823	81.30137203702448
P49841	OH	128.87858894482474	CZ	A	1	216	1.4880004749015634	1.5373828936633398	1.5216431143274336	1.6098018957768756	PTR	35-119,123-384		3	1	1	35-119,123-384	5KPK	PTR	2.4	ok	PTR_single	216	PTR	-2.1347195224828233	-102.44475644782695	75.13756520277319
P49841	OH	122.51668271776083	CZ	A	1	216	1.5469243046251033	1.4838726704823741	1.5363046854103273	1.60150219040351	PTR	35-384		3	1	1	35-384	6HK3	PTR	2.35	ok	PTR_single	216	PTR	-0.6639588557082282	-100.8875708410563	78.3273479739006
P49841	OH	121.03776781103203	CZ	A	1	216	1.5613181600093353	1.4916479751939586	1.5319988479510764	1.5981425621887229	PTR	35-384		3	1	1	35-384	6HK4	PTR	2.5	ok	PTR_single	216	PTR	-0.8118624774809954	-99.47072330291701	79.96616641336789
P49841	OH	127.2595826078702	CZ	A	1	216	1.5024756155691745	1.510889404285099	1.504001594641536	1.6052636192325715	PTR	35-384		3	1	1	35-384	6TCU	PTR	2.14	ok	PTR_single	216	PTR	-1.6756444875604095	-86.52723549334365	91.72064106056442
P49841	OH	125.99471683435613	CZ	A	1	216	1.535578653763878	1.5355549975983964	1.520079024523538	1.5859852435741562	PTR	37-91,96-384		3	1	1	37-91,96-384	6V6L	PTR	2.19	ok	PTR_single	216	PTR	-2.4781076497499908	-89.80326477857952	86.69142189762192
P49841	OH	126.3888061693048	CZ	A	1	216	1.5112688713113633	1.504442554356074	1.5183589564096711	1.6197996764481257	PTR	35-384		3	1	1	35-384	6Y9R	PTR	2.08	ok	PTR_single	216	PTR	-1.0847737717076595	-94.2348706815203	85.29408460017102
P49841	OH	128.27300597383115	CZ	A	1	216	1.5095359266367228	1.5089298859999056	1.5104283477097673	1.607674706920728	PTR	35-287,293-383		3	1	1	35-287,293-383	6Y9S	PTR	2.03	ok	PTR_single	216	PTR	-1.5593027350337556	-97.59101223850402	79.90347055237929
P49841	OH	126.4763640334416	CZ	A	1	216	1.4918836805149	1.5395455654147212	1.5391403029229542	1.6254569942315618	PTR	36-382		3	1	1	36-382	7B6F	PTR	2.05	ok	PTR_single	216	PTR	1.172317643622674	70.50110645186385	-107.4823117534899
P49841	OH	120.69842385636068	CZ	A	1	216	1.5405646472423158	1.4801977144090301	1.541251068282763	1.6119839735163526	PTR	37-119,123-148,151-288,290-383		3	1	1	37-119,123-148,151-288,290-383	7SXH	PTR	2.09	ok	PTR_single	216	PTR	-0.12095088529614431	-86.03712772946199	93.77541945092375
P49841	OH	123.11209841778009	CZ	A	1	216	1.5409553247112753	1.4813180214567818	1.5420602377483885	1.6107532560333957	PTR	34-63,67-120,122-383		3	1	1	34-63,67-120,122-383	7SXJ	PTR	1.85	ok	PTR_single	216	PTR	0.580579795929003	73.986598252023	-104.95077435293983
P49841	OH	125.32585945102902	CZ	A	1	216	1.4872357428274088	1.4913405690535781	1.521693698367488	1.5580566536202494	PTR	27-119,124-381		3	1	1	27-119,124-381	8AV1	PTR	2.15	ok	PTR_single	216	PTR	-1.7961444656435297	-82.03014471483075	95.54245825208288
P49841	OH	124.16502552126488	CZ	A	1	216	1.5133524005128558	1.5240662070770892	1.4910752270623646	1.5874964514902048	PTR	36-45,48-119,125-285,294-382		3	1	1	36-45,48-119,125-285,294-382	9PE9	PTR	2.11	ok	PTR_single	216	PTR	0.65746876192287	89.08980971867295	-87.54075719610272
P52333	OH	123.07360283422518	CZ	A	2	980,981	1.5385989350959588	1.4836608966098759	1.5400304759925627	1.6053947971307636	PTR	814-892,897-983,988-1100		2	2	2	814-892,897-983,988-1100	3ZC6	PTR	2.42	ok	PTR_only_multi_2	980	PTR,PTR	-0.4593133552968551	-121.99645612470145	57.047216829288885
P52333	OH	124.4761255492971	CZ	A	2	980,981	1.53769657609467	1.484599705929693	1.5401020765596571	1.6172311681552582	PTR	814-892,897-983,988-1100		2	2	2	814-892,897-983,988-1100	3ZC6	PTR	2.42	ok	PTR_only_multi_2	981	PTR,PTR	0.6817694050805178	125.03380597945616	-53.56363074429374
P52333	OH	122.19689149804836	CZ	C	2	980,981	1.5108357344937444	1.5120395843153034	1.511028111791291	1.6143524664408864	PTR	814-830,834-892,897-985,988-1100		2	2	2	814-830,834-892,897-985,988-1100	3ZEP	PTR	2.35	ok	PTR_only_multi_2	980	PTR,PTR	-0.11050056254558963	-80.07296584772062	99.61774934314549
P52333	OH	121.55765602126846	CZ	C	2	980,981	1.511858992728228	1.5093567698993637	1.5102299509649613	1.6114775788272695	PTR	814-830,834-892,897-985,988-1100		2	2	2	814-830,834-892,897-985,988-1100	3ZEP	PTR	2.35	ok	PTR_only_multi_2	981	PTR,PTR	0.1395605897626819	108.83492770106855	-70.97640454788078
P52333	OH	123.06672013929175	CZ	B	2	980,981	1.5392228589921653	1.4819349776106199	1.541505516025627	1.6143195793921712	PTR	815-858,861-891,896-983,990-1037,1042-1099		2	2	2	815-858,861-891,896-983,990-1037,1042-1099	6HZV	PTR	2.46	ok	PTR_only_multi_2	980	PTR,PTR	0.3535343316784197	62.8083493744078	-116.23835512852459
P52333	OH	123.84652367979379	CZ	B	2	980,981	1.4814593226385597	1.5399244592248422	1.5390708479561024	1.610668931123375	PTR	815-858,861-891,896-983,990-1037,1042-1099		2	2	2	815-858,861-891,896-983,990-1037,1042-1099	6HZV	PTR	2.46	ok	PTR_only_multi_2	981	PTR,PTR	1.0775632622326865	90.59520153310217	-87.81702656303331
P52333	OH	121.03930052405428	CZ	A	2	980,981	1.5409448440419506	1.5403042409028698	1.4795728681827296	1.6087196503950019	PTR	814-1102		2	2	2	814-1102	7C3N	PTR	1.98	ok	PTR_only_multi_2	980	PTR,PTR	0.19743676305159752	52.71413846789628	-126.96060201973432
P52333	OH	121.13655385682965	CZ	A	2	980,981	1.479811447319769	1.5404497710514626	1.5405217930719197	1.6097248642964916	PTR	814-1102		2	2	2	814-1102	7C3N	PTR	1.98	ok	PTR_only_multi_2	981	PTR,PTR	0.0593276990053754	46.7905033988145	-132.97895815568162
P52333	OH	122.181865716997	CZ	B	2	980,981	1.541441336569651	1.4820229622462526	1.5400990000161907	1.6150376615416022	PTR	814-891,895-1100		2	2	2	814-891,895-1100	7UYV	PTR	2.15	ok	PTR_only_multi_2	980	PTR,PTR	0.24625609469291512	69.30235911695428	-110.08395560927258
P52333	OH	123.20661337696228	CZ	B	2	980,981	1.4832819712742682	1.5425845146585546	1.5403140799176858	1.6184688300685743	PTR	814-891,895-1100		2	2	2	814-891,895-1100	7UYV	PTR	2.15	ok	PTR_only_multi_2	981	PTR,PTR	-0.09557416732240112	-124.62266720958914	54.73200954498803
P53778	OH	123.77011340116917	CZ	A	1	185	1.4639906094265913	1.49796685398171	1.4460928070303531	1.55765579446811	PTR	8-33,40-315,322-329,335-353		2	2	1	8-33,40-315,322-329,335-353	1CM8	PTR	2.4	ok	PTR_mixed_with_TPO	185	PTR	4.826980861425399	124.90481207759456	-50.52031915099274
P54760	OH	127.45511284315901	CZ	A	1	774	1.5294068413426238	1.5265853608872464	1.523484759027243	1.5663932305266834	PTR	609-649,654-765,769-777,781-888		1	1	1	609-649,654-765,769-777,781-888	3ZEW	PTR	2.5	ok	PTR_single	774	PTR	2.6230676927600047	160.3852206105755	-16.726882035324287
P54762	OH	119.84771554531943	CZ	B	2	647,778	1.549653471095751	1.5365290673413095	1.5376076478315002	1.5701629982568612	PTR	609-769,776-890		2	2	2	609-769,776-890	5MJA	PTR	2.14	ok	PTR_only_multi_2	647	PTR,PTR	3.5033432994398828	119.43315250316363	-56.165198171993694
P54762	OH	126.272873612583	CZ	B	2	647,778	1.5200444109731184	1.4984252108634601	1.5090277686713252	1.5279890819347195	PTR	609-769,776-890		2	2	2	609-769,776-890	5MJA	PTR	2.14	ok	PTR_only_multi_2	778	PTR,PTR	0.679852238726742	170.34662891690056	-8.363878793042117
P54762	OH	113.81046177650994	CZ	B	2	647,778	1.5240744951787875	1.5309881603908653	1.539190408209277	1.559552747094054	PTR	608-769,773-890		2	2	2	608-769,773-890	5MJB	PTR	2.23	ok	PTR_only_multi_2	647	PTR,PTR	1.771743901875166	90.25491278159205	-87.1428840789082
P54762	OH	126.32618258666977	CZ	B	2	647,778	1.5146861371571938	1.5420641946844498	1.4814048782899438	1.5345056568471351	PTR	608-769,773-890		2	2	2	608-769,773-890	5MJB	PTR	2.23	ok	PTR_only_multi_2	778	PTR,PTR	-0.2592997342682046	175.7621863169417	-3.704065799206519
P54762	OH	121.0084377608984	CZ	A	1	647	1.4863082555859164	1.5439872355257973	1.5442000108944602	1.6197893233572105	PTR	611-763,786-889		2	1	1	611-763,786-889	6UMW	PTR	1.982	ok	PTR_single	647	PTR	0.12278754485471999	71.5098324787508	-108.23387999599598
P54762	OH	119.91566727119049	CZ	A	1	647	1.4911683610507067	1.5373744059656864	1.5432048471177207	1.6188817809234468	PTR	611-763,787-888		2	1	1	611-763,787-888	7KPM	PTR	1.608	ok	PTR_single	647	PTR	-0.03757168652535558	81.85278280471509	-98.07139716385316
P63086	OH	119.20159895043851	CZ	A	1	185	1.5811599020842986	1.5859914283960685	1.4950772498556857	1.5935512608564086	PTR	6-358		2	2	1	6-358	2ERK	PTR	2.4	ok	PTR_mixed_with_TPO	185	PTR	-7.545639566657061	-65.95331286046823	106.81407489779117
P9WG47	OH	117.49213975662259	CZ	A	1	129	1.5395592270773513	1.5594839719730775	1.5007975919430254	1.5949985650275273	PTR	15-500		1	1	1	15-500	5BS8	PTR	2.399	ok	PTR_single	129	PTR	-0.2786877890145984	133.24119217459338	-47.26332209454601
P9WG47	OH	120.72348778753063	CZ	A	1	129	1.510445849553884	1.508898526717893	1.5100518174217215	1.6095272248640429	PTR	15-500		1	1	1	15-500	5BTD	PTR	2.497	ok	PTR_single	129	PTR	0.1313035965793631	129.61093870169933	-50.087334820445456
P9WG47	OH	119.29490944611712	CZ	A	1	129	1.5096810264992258	1.5086564359224581	1.5095813124074973	1.6089451607783702	PTR	15-500		1	1	1	15-500	5BTG	PTR	2.5	ok	PTR_single	129	PTR	0.05650863051027616	111.69766954104598	-68.35764098612826
P9WG47	OH	118.20105173087535	CZ	A	1	129	1.4404570303662283	1.5106930940710122	1.4958046525285116	1.555756943985279	PTR	15-500		1	1	1	15-500	5BTL	PTR	2.5	ok	PTR_single	129	PTR	-0.5487938881915103	130.79659852510042	-49.57719321902418
P9WG47	OH	119.34085917719358	CZ	A	1	129	1.5032556320220583	1.5622448829371127	1.540131324510307	1.5959624914154869	PTR	15-500		1	1	1	15-500	5BTN	PTR	2.5	ok	PTR_single	129	PTR	0.13447984394887139	134.460089507368	-45.204575684037636
Q00944	OH	121.04091573484548	CZ	A	2	576,577	1.4789850164330487	1.535849360133218	1.5393154749462699	1.6021487995726535	PTR	411-686		2	2	2	411-686	2J0L	PTR	2.3	ok	PTR_only_multi_2	576	PTR,PTR	0.26994422753966996	-22.98951025004751	156.9525987775252
Q00944	OH	124.6056948591415	CZ	A	2	576,577	1.4788031328011113	1.540221538699995	1.5432163957119485	1.6195275981563069	PTR	411-686		2	2	2	411-686	2J0L	PTR	2.3	ok	PTR_only_multi_2	577	PTR,PTR	0.6740804613806926	135.16960438797585	-43.83629696358527
Q07912	OH	135.35324247759982	CZ	B	1	284	1.5539215858442317	1.5701494312419109	1.5065234617654684	1.6929256563577129	PTR	117-391		1	1	1	117-390	4EWH	PTR	2.5	ok	PTR_single	284	PTR	1.0820934260411017	37.61420456355289	-139.57882014908208
Q13191	OH	124.4987185281046	CZ	A	1	363	1.5384155025693411	1.4849624560044825	1.5373279654461107	1.610199914897228	PTR	38-427		1	1	1	38-427	3ZNI	PTR	2.21	ok	PTR_single	363	PTR	-0.7427878022645529	-159.1122325556541	20.102508863566452
Q13523	OH	125.1590963650164	CZ	A	1	849	1.4923236512720328	1.4924580020308456	1.4896704049226381	1.5445928482608458	PTR	676-935,940-960,965-1005		1	1	1	676-935,940-960,965-1005	4IAN	PTR	2.44	ok	PTR_single	849	PTR	-2.911246985129999	-83.72086703080991	93.85440880093397
Q13523	OH	119.03239981632025	CZ	B	1	849	1.5257421330617489	1.5290561229519266	1.5280026706475032	1.5509173949436943	PTR	670-695,697-935,939-960,963-1005		1	1	1	670-695,697-935,939-960,963-1005	4IFC	PTR	2.13	ok	PTR_single	849	PTR	0.7645204788798692	25.395756517809893	-152.5844985841743
Q13523	OH	119.09268524124579	CZ	B	1	849	1.521863490180812	1.5266774582891263	1.5282489800859458	1.5374587072906942	PTR	670-695,699-935,939-960,963-1005		1	1	1	670-695,699-935,939-960,963-1005	4IIR	PTR	2.0	ok	PTR_single	849	PTR	0.8733418471980867	27.999845778697026	-149.65821127455328
Q13523	OH	119.72844253334124	CZ	B	1	849	1.5278561218981395	1.5233794840760102	1.5301395981569448	1.5480111493419648	PTR	668-935,940-1005		1	1	1	668-935,940-1005	4IJP	PTR	2.25	ok	PTR_single	849	PTR	0.7169666960589485	20.84595384763114	-157.16410840416523
Q13523	OH	125.58802081185773	CZ	B	1	849	1.508929760227936	1.511216455014664	1.502597837472549	1.5867047408246875	PTR	674-695,698-934,939-1005		1	1	1	674-695,698-934,939-1005	6PJJ	PTR	2.4	ok	PTR_single	849	PTR	0.5702087325787931	177.09312961080684	-2.6214138350060057
Q13523	OH	124.48046875634795	CZ	A	1	849	1.5141714534660318	1.5041310067695288	1.5103207084776318	1.5790548734595005	PTR	668-1005		1	1	1	668-1005	6PK6	PTR	2.1	ok	PTR_single	849	PTR	-0.10958920701766019	-120.57688203195798	59.30498953926304
Q13627	OH	134.80681591472197	CZ	A	1	321	1.5241841001028182	1.4820943740883206	1.5698660739327635	1.6018740300689127	PTR	135-481		2	1	1	135-481	2VX3	PTR	2.4	ok	PTR_single	321	PTR	3.423522299148053	59.21039763314359	-114.46333085229338
Q13627	OH	114.4343394470158	CZ	A	1	321	1.4832692601365594	1.5447406614540047	1.5514568613962014	1.5971091110312448	PTR	133-408,413-481		2	1	1	133-408,413-481	2WO6	PTR	2.5	ok	PTR_single	321	PTR	-0.4657163283679442	-84.04573247490289	96.818463378937
Q13627	OH	125.38650372398213	CZ	A	1	321	1.4844014933186538	1.493613628001364	1.5313078274518037	1.5568829210555	PTR	135-480		2	1	1	135-480	4MQ1	PTR	2.35	ok	PTR_single	321	PTR	3.048580839010821	71.1640214621997	-103.47668773827787
Q13627	OH	123.1111081257099	CZ	A	1	321	1.5093714787606962	1.534559107711817	1.5293762241347932	1.6284372211241154	PTR	134-407,414-481		2	1	1	134-407,414-481	4YLK	PTR	1.4	ok	PTR_single	321	PTR	-2.956276659715737	-76.36650678643474	97.4126909205534
Q13627	OH	123.40325175711678	CZ	A	1	321	1.4969742330962879	1.5468289914067537	1.5424321597827082	1.63270719892589	PTR	134-407,414-481		2	1	1	134-407,414-481	4YLL	PTR	1.4	ok	PTR_single	321	PTR	-1.7084901513779776	-73.79683847479868	102.6399583876574
Q13627	OH	126.59056611993532	CZ	A	1	321	1.5108112704492935	1.5115839536559932	1.5006893405863537	1.6076414513655701	PTR	134-408,414-481		2	1	1	134-408,414-481	5A3X	PTR	2.26	ok	PTR_single	321	PTR	1.3305123503442984	76.44421121537137	-101.25827797943091
Q13627	OH	127.68492320068303	CZ	A	1	321	1.511729875958772	1.5140127007973543	1.5007884235233968	1.6139181656448442	PTR	134-408,414-480		2	1	1	134-408,414-480	5A4Q	PTR	2.37	ok	PTR_single	321	PTR	0.1931528900027907	82.55977487853495	-97.56642338746094
Q13627	OH	123.61484389592682	CZ	A	1	321	1.513187164462383	1.4985551287413885	1.519082342432983	1.6086990630324989	PTR	134-408,414-480		2	1	1	134-408,414-480	5A4T	PTR	2.15	ok	PTR_single	321	PTR	1.3166631624144647	102.60825806020306	-75.20655670832507
Q13627	OH	122.66490416149259	CZ	A	1	321	1.5103685896535675	1.535046220562979	1.5219860811788133	1.604839306401573	PTR	134-409,414-483		2	1	1	134-409,414-483	6A1F	PTR	1.5	ok	PTR_single	321	PTR	0.10339512358909111	97.50188901173448	-81.07818926939572
Q13627	OH	128.38831235708616	CZ	A	1	321	1.5050729306350228	1.5104270252176755	1.5215986623485613	1.596369415835098	PTR	134-297,300-406,414-480		2	1	1	134-297,300-406,414-480	6A1G	PTR	2.15	ok	PTR_single	321	PTR	-1.4349430302699007	-100.8380380350054	76.62241576267444
Q13627	OH	124.54460391040031	CZ	A	1	321	1.5074564876366807	1.5094824003042813	1.5061237287735167	1.6128610177934903	PTR	134-410,414-480		2	1	1	134-410,414-480	6EIF	PTR	2.22	ok	PTR_single	321	PTR	-1.0482127793961347	-98.20420823679972	80.1876344337276
Q13627	OH	126.97864634131375	CZ	A	1	321	1.513750417567244	1.5009994281685926	1.5204457816784267	1.5974636053638502	PTR	134-408,414-480		2	1	1	134-408,414-480	6EIJ	PTR	2.42	ok	PTR_single	321	PTR	-1.3346967862010461	-84.54720163146345	93.05142461546583
Q13627	OH	123.79327739318492	CZ	A	1	321	1.5362747746555456	1.4793356153024804	1.5391859979353189	1.6054806635386905	PTR	134-408,414-480		2	1	1	134-408,414-480	6EIL	PTR	2.465	ok	PTR_single	321	PTR	-1.1921639710400558	-80.29509472396343	97.94554726367427
Q13627	OH	124.15304058644018	CZ	A	1	321	1.5082623764991652	1.5174985048039842	1.5123004706208558	1.6050892950965516	PTR	134-408,414-480		2	1	1	134-408,414-480	6EIQ	PTR	2.3	ok	PTR_single	321	PTR	-1.0175218209429957	-103.52322386761658	75.04562928628991
Q13627	OH	125.84351285394212	CZ	A	1	321	1.5069780071734782	1.5069480451559814	1.507740421853933	1.6023963423552103	PTR	134-408,414-480		2	1	1	134-408,414-480	6EIR	PTR	2.4	ok	PTR_single	321	PTR	-1.7086515726654559	-103.78186780922384	73.67884528458971
Q13627	OH	124.44178671300118	CZ	A	1	321	1.5411807384266487	1.4805327823294827	1.5394310216913025	1.6115637679216799	PTR	134-409,412-480		2	1	1	134-409,412-480	6EIS	PTR	2.36	ok	PTR_single	321	PTR	-1.021492250902087	-84.49671144716561	93.82043708487396
Q13627	OH	131.0389736818074	CZ	A	1	321	1.4836528315620239	1.5491098629076698	1.547402755141619	1.639251075047826	PTR	134-408,412-480		2	1	1	134-408,412-480	6S11	PTR	2.445	ok	PTR_single	321	PTR	0.16266820197887089	14.559703893586088	-165.4747342709249
Q13627	OH	128.48692687657712	CZ	A	1	321	1.5435849674665203	1.5424996976435097	1.4846829391112688	1.628124291188389	PTR	135-407,415-481		2	1	1	135-407,415-481	6S14	PTR	1.05	ok	PTR_single	321	PTR	-0.7524435278169493	-23.625831509173253	154.85262668393767
Q13627	OH	128.9777154264151	CZ	A	1	321	1.537108326086942	1.4641676640652805	1.5595900040840844	1.608069192529485	PTR	134-407,414-482		2	1	1	134-407,414-482	6S17	PTR	1.1	ok	PTR_single	321	PTR	-3.331688638014268	-50.15804264324718	126.04371643225245
Q13627	OH	125.02004443776168	CZ	A	1	321	1.5422751991021615	1.539346638111831	1.482486280932932	1.6061921372216528	PTR	135-397,400-407,415-481		2	1	1	135-397,400-407,415-481	6S1B	PTR	1.3	ok	PTR_single	321	PTR	-2.2405462894776185	-69.85668794005855	108.15355513139069
Q13627	OH	126.93753871012677	CZ	A	1	321	1.5398491629325484	1.4686332247178326	1.5415027287840537	1.6163204959305333	PTR	135-407,414-480		2	1	1	135-407,414-480	6S1H	PTR	1.05	ok	PTR_single	321	PTR	-1.4609163580889297	-50.44920936262401	127.58115833050915
Q13627	OH	128.08848782188107	CZ	A	1	321	1.532107603313148	1.4797798262296666	1.5384320943032506	1.610301941809653	PTR	135-481		2	1	1	135-481	6S1I	PTR	2.38	ok	PTR_single	321	PTR	-1.3842519999285738	-50.42502112410911	126.95291752463389
Q13627	OH	125.11553082589698	CZ	A	1	321	1.5453818587049457	1.5422548239005576	1.4833440350977019	1.5995569399621024	PTR	134-407,414-480		2	1	1	134-407,414-480	6S1J	PTR	1.408	ok	PTR_single	321	PTR	-3.455467079801923	-74.73388134393944	103.54164950803892
Q13627	OH	126.97676602507484	CZ	A	1	321	1.4900000104727855	1.5272854011295631	1.4928385452320836	1.5871903627429667	PTR	136-408,414-481		2	1	1	136-408,414-481	7A4O	PTR	1.9	ok	PTR_single	321	PTR	0.849370250561764	87.20693480758807	-90.36719301604063
Q13627	OH	126.75708437981268	CZ	A	1	321	1.483501995944555	1.470612786189493	1.5082938341335033	1.6006979526326288	PTR	148-410,414-479		2	1	1	148-410,414-479	7A4R	PTR	1.8	ok	PTR_single	321	PTR	-2.3687780877199147	-42.29626184420042	136.36731942470857
Q13627	OH	130.10533653228325	CZ	A	1	321	1.4551016110864017	1.51232074054331	1.5017478175801755	1.5199353000702358	PTR	148-410,415-481		2	1	1	148-410,415-481	7A4Z	PTR	1.9	ok	PTR_single	321	PTR	8.953963702880092	115.84600904441224	-51.586855942456445
Q13627	OH	128.17475542738393	CZ	A	1	321	1.4558718084774036	1.5045583132068545	1.502942751147798	1.5276905960640625	PTR	148-410,415-481		2	1	1	148-410,415-481	7A51	PTR	1.9	ok	PTR_single	321	PTR	10.749652139606761	111.8994666849601	-52.783338565848034
Q13627	OH	128.98615174713908	CZ	A	1	321	1.5018355278707032	1.4987328911119178	1.4875454685116674	1.6074048318561889	PTR	148-410,414-479		2	1	1	148-410,414-479	7A52	PTR	2.1	ok	PTR_single	321	PTR	-1.0633678561136406	-51.60381075533047	126.8920791461254
Q13627	OH	131.4021285111203	CZ	A	1	321	1.5028089061297574	1.5186894136024092	1.5133976601265817	1.5993096118997403	PTR	148-408,414-481		2	1	1	148-408,414-481	7A53	PTR	2.2	ok	PTR_single	321	PTR	3.3991754763970916	138.9523454156047	-36.70732061967803
Q13627	OH	125.23806094198275	CZ	B	1	321	1.5214073719286803	1.499295535854468	1.522675368504151	1.5891879976721286	PTR	134-406,414-481		2	1	1	134-406,414-481	7A55	PTR	2.2	ok	PTR_single	321	PTR	0.3369612035593281	29.772554447329014	-149.71089861358942
Q13627	OH	129.72532515986865	CZ	A	1	321	1.4333706221239393	1.5177025629335814	1.518876490741898	1.503063922909826	PTR	148-410,415-481		2	1	1	148-410,415-481	7A5D	PTR	1.8	ok	PTR_single	321	PTR	9.554277669578298	120.16259964193713	-45.383962871583954
Q13627	OH	131.114528331078	CZ	A	1	321	1.4696292536629652	1.5245234027691708	1.5066928451405457	1.5215159504275049	PTR	148-410,415-481		2	1	1	148-410,415-481	7A5L	PTR	2.1	ok	PTR_single	321	PTR	9.924561683380226	122.14159932043131	-47.749095984515435
Q13627	OH	124.97531561353298	CZ	A	1	321	1.4892607460454315	1.4856204152245305	1.5226750577662438	1.5951191128587336	PTR	148-410,414-481		2	1	1	148-410,414-481	7A5N	PTR	2.3	ok	PTR_single	321	PTR	0.35946019120818523	161.85876841614714	-17.939127392270827
Q13627	OH	128.9154592767233	CZ	A	1	321	1.4686348253417307	1.4992996104643592	1.5063465329399721	1.5660580624666305	PTR	148-410,415-481		2	1	1	148-410,415-481	7AJ2	PTR	2.1	ok	PTR_single	321	PTR	5.233802507707966	126.97789270644374	-46.32200172564143
Q13627	OH	128.28028993155817	CZ	A	1	321	1.4281623962903465	1.496857045281071	1.4969973065217685	1.5361802042757327	PTR	149-410,415-481		2	1	1	149-410,415-481	7AJ4	PTR	2.0	ok	PTR_single	321	PTR	9.467703003758432	123.43720104945481	-44.60159617167651
Q13627	OH	129.54455520503598	CZ	A	1	321	1.4210779015302628	1.498996012212547	1.4855433627180379	1.5349362146598198	PTR	149-411,415-481		2	1	1	149-411,415-481	7AJ5	PTR	2.0	ok	PTR_single	321	PTR	8.781390730642118	133.21841965378474	-36.905608569189866
Q13627	OH	127.50584411364954	CZ	A	1	321	1.45147817583557	1.5016845293443555	1.4952469872707215	1.5380508518135654	PTR	148-410,415-481		2	1	1	148-410,415-481	7AJ8	PTR	2.0	ok	PTR_single	321	PTR	7.80235645152337	124.47107741999609	-45.96685159144819
Q13627	OH	129.07935361819284	CZ	A	1	321	1.4450541449484005	1.4962824744775236	1.5060459441665537	1.5288798437403268	PTR	148-410,415-481		2	1	1	148-410,415-481	7AJA	PTR	2.2	ok	PTR_single	321	PTR	7.537992739372196	126.3868057643934	-43.367879954973134
Q13627	OH	127.74597445430392	CZ	A	1	321	1.49841357399749	1.5152572931801906	1.5125788537937315	1.6088948921597386	PTR	148-410,414-479		2	1	1	148-410,414-479	7AJM	PTR	2.4	ok	PTR_single	321	PTR	-1.1659229201227244	-45.12535255342954	132.66602118737538
Q13627	OH	124.81786810499155	CZ	A	1	321	1.4867747207584812	1.4898300881948792	1.4860674998220569	1.5891241027729406	PTR	148-410,414-479		2	1	1	148-410,414-479	7AJS	PTR	2.15	ok	PTR_single	321	PTR	-0.27214469660671686	-35.72690753876313	143.16150071649264
Q13627	OH	126.496939324174	CZ	A	1	321	1.5037773279367743	1.5052328407417193	1.501989992863925	1.5853878382458921	PTR	148-409,414-481		2	1	1	148-409,414-481	7AJV	PTR	2.1	ok	PTR_single	321	PTR	-1.4877284744789108	-42.819487187722565	134.74581265146986
Q13627	OH	126.41183393136063	CZ	A	1	321	1.5041163135051456	1.5216368704873444	1.5041361782131768	1.6092311976208116	PTR	148-409,414-481		2	1	1	148-409,414-481	7AJY	PTR	2.2	ok	PTR_single	321	PTR	-0.1383608261860767	-12.986878547910019	166.66690748610787
Q13627	OH	126.22366485303267	CZ	A	1	321	1.5084780616973845	1.5081198895304828	1.5209222134649811	1.5843886525739457	PTR	148-410,414-481		2	1	1	148-410,414-481	7AK2	PTR	2.1	ok	PTR_single	321	PTR	-0.9886434342480385	-54.07502510263649	124.54064512290044
Q13627	OH	125.38232576496235	CZ	B	1	321	1.5168460074591854	1.5208319028868034	1.5118805332621248	1.593883470450622	PTR	148-409,414-481		2	1	1	148-409,414-481	7AKA	PTR	1.9	ok	PTR_single	321	PTR	-0.15128466320276762	158.28240556243276	-21.272852688989637
Q13627	OH	127.98681963691142	CZ	B	1	321	1.5094790221909045	1.512193206788014	1.4960768149208559	1.579356273615285	PTR	148-408,414-481		2	1	1	148-408,414-481	7AKE	PTR	2.3	ok	PTR_single	321	PTR	1.5333191975024094	152.51755638648257	-24.99011395158777
Q13627	OH	129.3027629263424	CZ	A	1	321	1.4663216029734163	1.5100737475165609	1.4853698967136846	1.5454301906223606	PTR	148-410,415-481		2	1	1	148-410,415-481	7AKL	PTR	2.0	ok	PTR_single	321	PTR	5.952750656987237	136.11555230605512	-36.67678155549313
Q13627	OH	127.48345285698791	CZ	A	1	321	1.5056827674845124	1.511463875044666	1.5105434111876566	1.5887342877059327	PTR	134-408,414-481		2	1	1	134-408,414-481	7FHS	PTR	2.42	ok	PTR_single	321	PTR	1.558023984849088	62.547837802154106	-114.57196760353794
Q13627	OH	124.29175031150584	CZ	A	1	321	1.5086326177843081	1.5130950762935516	1.5068861884202476	1.650505497556064	PTR	134-410,413-480		2	1	1	134-410,413-480	7O7K	PTR	1.82	ok	PTR_single	321	PTR	-2.4406248112902205	-90.52413907287684	87.34044762112532
Q13627	OH	131.5736419977889	CZ	A	1	321	1.540098675451872	1.5005804393702962	1.499714733755169	1.5951600655050144	PTR	135-482		2	1	1	135-482	7ZH8	PTR	2.3	ok	PTR_single	321	PTR	2.1878625781724916	67.04128197325953	-107.87934352115022
Q13627	OH	126.00834054638452	CZ	A	1	321	1.4766105554246678	1.5407989540822598	1.5510259312986339	1.6282376516968435	PTR	134-409,413-480		2	1	1	134-409,413-480	8C3G	PTR	2.08	ok	PTR_single	321	PTR	-0.9360070392387083	-104.44335472108224	73.67565014002253
Q13627	OH	124.15758355115383	CZ	A	1	321	1.4903123428676708	1.49572304342205	1.4987934989675464	1.5604657243645992	PTR	134-400,402-409,412-480		2	1	1	134-400,402-409,412-480	8C3Q	PTR	2.32	ok	PTR_single	321	PTR	0.679204613270093	79.72531976676953	-99.84502515698063
Q13627	OH	124.36559274458645	CZ	A	1	321	1.4977055146961673	1.4978674621742183	1.4955001524863158	1.6019246758940109	PTR	135-480		2	1	1	135-480	8C3R	PTR	2.06	ok	PTR_single	321	PTR	-0.8838092992863668	-100.53037989826859	77.95652308360702
Q13627	OH	130.8637767853637	CZ	A	1	321	1.4641475751955566	1.533893389778972	1.5564236181941196	1.608687909703663	PTR	135-481		2	1	1	135-481	8R8E	PTR	2.22	ok	PTR_single	321	PTR	2.5465755493999236	69.36240678279631	-106.14929048332458
Q13627	OH	122.54196280093439	CZ	B	1	321	1.52632079410106	1.4976870579939257	1.509921823804765	1.5702154208860277	PTR	135-408,414-481		2	1	1	135-408,414-481	8T2H	PTR	1.85	ok	PTR_single	321	PTR	1.1973266770022286	-46.25764924918696	130.24391804668426
Q13627	OH	127.79064053059031	CZ	A	1	321	1.4887579727121805	1.5398810352262458	1.5389387248256383	1.6070297717556967	PTR	135-480		2	1	1	135-480	8YEV	PTR	2.25152331476	ok	PTR_single	321	PTR	1.4644564493086778	70.38471960322687	-106.55225248541335
Q13627	OH	129.30274023031996	CZ	B	1	321	1.5268329925646753	1.4828526978909973	1.5010480366289405	1.623604172180192	PTR	135-408,414-481		2	1	1	135-408,414-481	9CY5	PTR	2.49	ok	PTR_single	321	PTR	-1.216246069189269	36.64192495346142	-138.88731353526515
Q13882	OH	124.55179858952663	CZ	A	1	342	1.4977429394505426	1.4979520616634374	1.497072243734017	1.6226065266228507	PTR	182-443		1	1	1	182-443	6CZ2	PTR	2.5	ok	PTR_single	342	PTR	-4.332825497739333	-167.2990815911784	9.15189567517317
Q16539	OH	132.54172721724726	CZ	A	1	182	1.5068926466225427	1.5405590034073517	1.5596421601530768	1.640636353088909	PTR	5-117,122-174,182-352		2	1	1	5-117,122-174,182-352	3NNX	PTR	2.28	ok	PTR_single	182	PTR	1.8893234926464948	29.98261167747118	-148.328278857059
Q16539	OH	129.10101692256015	CZ	A	1	182	1.5250062450243644	1.4803981377925464	1.5396066399036885	1.6125989688628681	PTR	4-353		2	2	1	4-353	6ZQS	PTR	1.95	ok	PTR_mixed_with_TPO	182	PTR	1.8774240292591953	112.71822055683148	-63.84379515976077
Q16539	OH	119.46677534807145	CZ	A	1	182	1.4794063708326606	1.5380472132824394	1.5409844069858576	1.610151930960578	PTR	5-116,119-120,123-169,182-351		2	1	1	5-116,119-120,123-169,182-351	9CJ1	PTR	1.8	ok	PTR_single	182	PTR	0.09798901887227357	58.372815901112176	-121.76946288922395
Q16539	OH	118.0203526751699	CZ	A	1	182	1.5098284454452306	1.5205102409068056	1.5072436718112823	1.7457627782898968	PTR	4-175,181-352		2	1	1	4-175,181-352	9CJ3	PTR	1.95	ok	PTR_single	182	PTR	0.06329952579746335	-112.16816390241917	66.097940580597
Q16539	OH	123.70115013965939	CZ	A	1	182	1.5113261928060644	1.5316740574628254	1.5199060025168376	1.7672420620726055	PTR	5-110,114-116,119-173,181-352		2	1	1	5-110,114-116,119-173,181-352	9CJ4	PTR	1.8	ok	PTR_single	182	PTR	-0.6905318722391331	-114.87805860973135	64.12933248578291
Q48614	OH	124.85870260225984	CZ	A	1	44	1.5424261413388514	1.539330147420801	1.4790380131142615	1.611320866167451	PTR	1-188,191-599		1	1	1	1-188,191-599	7R06	PTR	2.27	ok	PTR_single	44	PTR	-0.7737156651783514	-132.74446866397312	45.52886573375592
Q7CWV1	OH	125.9227651486955	CZ	A	1	405	1.4914706225212508	1.5292823887011644		1.6188553322908241	PTR	103-421		1	1	1	103-421	4DWP	PTR	2.35	ok	PTR_single	405	PTR	-0.28400861244846026	179.6216770310205	-0.6797047600923584
Q7CWV1	OH	126.35890367815081	CZ	A	1	405	1.4460473359830808		1.6049465611946951	1.5991733960413612	PTR	103-420		1	1	1	103-420	4E0P	PTR	2.2	ok	PTR_single	405	PTR	-0.9647569406747862	178.25603832947982	-2.621030021757578
Q7CWV1	OH	125.90589602330938	CZ	A	1	405	1.4825807654038596	1.5434005155196935		1.6132609014866126	PTR	103-420		1	1	1	103-420	4E0Y	PTR	2.4	ok	PTR_single	405	PTR	1.8041301267511733	122.27488223083014	-55.151060890765095
Q7CWV1	OH	128.35574030516534	CZ	A	1	405	1.4555548716151574	1.611638394095985		1.627551626061996	PTR	103-421		1	1	1	103-421	4E0Z	PTR	2.42	ok	PTR_single	405	PTR	1.944840138592693	6.541221473397837	-172.62011210714795
Q8A8Z7	OH	118.87174625134226	CZ	A	1	372	1.540875649985426	1.5425732670502745	1.5168317089798775	1.7020340014011515	PTR	27-1108		1	1	1	27-1108	5MQR	PTR	2.2	ok	PTR_single	372	PTR	-3.287410198480666	113.93127246280243	-70.72261034756602
Q92630	OH	130.8267944765103	CZ	A	1	382	1.5667851952710286	1.549950519816282	1.4813153580308627	1.6151257174600608	PTR	212-536		5	2	1	212-536	6K0J	PTR	2.352	ok	PTR_mixed_with_SEP	382	PTR	2.7457324883125156	79.0003716399271	-95.64894491033223
Q92630	OH	128.24930698068044	CZ	A	1	382	1.555589883168902	1.5442858527872785	1.4754493432268392	1.619891995522213	PTR	213-538		5	2	1	213-538	7DH3	PTR	2.33	ok	PTR_mixed_with_SEP	382	PTR	1.4476239132774462	82.58161847321601	-93.6740490732345
Q92630	OH	131.81165164071433	CZ	A	1	382	1.5536210453918307	1.5487492027622656	1.4800466887336736	1.6078667869095709	PTR	215-538		5	2	1	215-538	7DH9	PTR	2.194	ok	PTR_mixed_with_SEP	382	PTR	2.3791936188964127	74.98514446987703	-99.51172523768548
Q92630	OH	120.13965330596746	CZ	A	1	382	1.5400125038831958	1.539044792105223	1.4800741846913599	1.6123973458598964	PTR	215-538		5	2	1	215-381,383-457,459-538	7DHH	PTR	2.486	ok	PTR_mixed_with_SEP	382	PTR	-0.17846809131514435	94.13402213305251	-85.84949688706836
Q92630	OH	119.93727396288436	CZ	A	1	382	1.5103948379740688	1.5100081265082934	1.5092530227655045	1.609914427708664	PTR	215-538		5	2	1	215-381,383-457,459-538	7DHK	PTR	2.341	ok	PTR_mixed_with_SEP	382	PTR	-0.04415470057830786	96.46604062872538	-83.52019618323172
Q92630	OH	130.7189352823848	CZ	A	1	382	1.5451291313037703	1.5470159721569323	1.471885423721096	1.6071095849113126	PTR	215-538		5	2	1	215-538	7DHN	PTR	2.38	ok	PTR_mixed_with_SEP	382	PTR	2.6556769427147393	84.46995449865794	-90.8840989251234
Q92630	OH	123.67839312557446	CZ	A	1	382	1.5402815960707474	1.5400585960296278	1.4806474392771345	1.6120722566432053	PTR	215-538		5	2	1	215-381,383-457,459-538	7DJO	PTR	2.499	ok	PTR_mixed_with_SEP	382	PTR	0.6364053594850307	95.82754637506666	-82.66868250077933
Q92731	OH	127.21486434634934	CZ	A	1	488	1.4847781164284346	1.567202944922792	1.5833665879637615	1.622299428290276	PTR	262-417,420-498		1	1	1	262-417,420-498	3OLL	PTR	1.5	ok	PTR_single	488	PTR	-0.2778039086934308	25.83286375964058	-154.9568978138039
Q9H2X6	OH	126.28841464271821	CZ	A	1	361	1.4798801362240535	1.5449283519346138	1.5411016065262908	1.6126564172580018	PTR	185-207,211-230,238-269,272-353,360-535		2	2	1	185-207,211-230,238-269,272-353,360-535	6P5S	PTR	2.194	ok	PTR_mixed_with_SEP	361	PTR	-1.7415218811538276	-98.39681818058632	78.82760035889268
Q9H422	OH	125.80848315324255	CZ	A	1	359	1.509893608065782	1.5078648985523906	1.5104797866716826	1.5950675075881893	PTR	184-550		1	1	1	184-550	7O7I	PTR	2.5	ok	PTR_single	359	PTR	-0.0707796972087778	-19.902122685478613	159.68460268130337
Q9WV60	OH	124.22822822287871	CZ	A	1	216	1.492626287396062	1.4978646373316888	1.4831659162576658	1.615013076729443	PTR	36-89,92-120,122-290,292-387		2	1	1	36-89,92-120,122-290,292-387	6AE3	PTR	2.14	ok	PTR_single	216	PTR	3.8643923137853813	84.12947493144928	-92.25050962832943
Q9Y463	OH	121.54378066922825	CZ	A	1	273	1.5195562329347816	1.5465668809396371	1.5417889795055317	1.608121569436326	PTR	88-381,395-434		1	1	1	88-381,395-434	8C2Z	PTR	1.91	ok	PTR_single	273	PTR	-1.1829509772498217	-111.55351599508431	66.69123183872009
