acc_id	anchor_atom	angle_base_anchor_p	base_atom	chain_id	context_n_sites	context_signature	d_P_O1P	d_P_O2P	d_P_O3P	d_anchor_p	expected_resname	mapped_uniprot_range	master_phospho_sites	master_site_count	n_context_sites_input	n_target_sites	observed_uniprot_range	pdb_id	resname	resolution	status	subset_class	target_position	target_site_residues	torsion_N_CA_CB_OG
A0A0K8P8E7	OG		CB	A	1	225					SER	43-603		1	1	1	43-603	6JTU	SER	2.1	ok	SER_single	225	SER	-5.562268079596133
A0A0K8P8E7	OG		CB	G	1	225					SER	39-55,59-603		1	1	1	39-55,59-603	6QG9	SER	2.05	ok	SER_single	225	SER	-9.905205749082164
A0A0K8P8E7	OG		CB	D	1	225					SER	43-56,59-603		1	1	1	43-56,59-603	6QGA	SER	2.1	ok	SER_single	225	SER	-21.333667563290025
A0A0K8P8E7	OG		CB	B	1	225					SER	43-56,59-603		1	1	1	43-56,59-603	6QGB	SER	2.2	ok	SER_single	225	SER	-1.3741669658526419
A0A0K8P8E7	OG		CB	A	1	225					SER	40-55,61-603		1	1	1	40-55,61-603	6QZ1	SER	1.7	ok	SER_single	225	SER	-16.655144096821157
A0A0K8P8E7	OG		CB	A	1	225					SER	42-603		1	1	1	42-603	6QZ2	SER	1.9	ok	SER_single	225	SER	-13.922725754551925
A0A0K8P8E7	OG		CB	A	1	225					SER	40-55,62-603		1	1	1	40-55,62-603	6QZ3	SER	1.6	ok	SER_single	225	SER	-10.830979625150656
A0A0K8P8E7	OG		CB	A	1	225					SER	36-603		1	1	1	36-603	6QZ4	SER	1.8	ok	SER_single	225	SER	-15.303443982897175
E0W1I1	OG		CB	A	2	202,204					SER	116-137,147-180,188-267,281-517,540-574		3	3	2	116-137,147-180,188-267,281-517,540-574	7T4M	SER	2.48	ok	SER_mixed_with_THR	202	SER,SER	-120.1383024655295
E0W1I1	OG		CB	A	2	202,204					SER	116-137,147-180,188-267,281-517,540-574		3	3	2	116-137,147-180,188-267,281-517,540-574	7T4M	SER	2.48	ok	SER_mixed_with_THR	204	SER,SER	129.90800692505107
E0W1I1	OG		CB	A	2	202,204					SER	116-137,148-180,188-267,282-515,540-574		3	3	2	116-137,148-180,188-267,282-515,540-574	7T4N	SER	2.35	ok	SER_mixed_with_THR	202	SER,SER	-129.4595820982259
E0W1I1	OG		CB	A	2	202,204					SER	116-137,148-180,188-267,282-515,540-574		3	3	2	116-137,148-180,188-267,282-515,540-574	7T4N	SER	2.35	ok	SER_mixed_with_THR	204	SER,SER	128.21610634728103
O06291	OG		CB	A	1	280					SER	226-405,415-528		1	1	1	226-405,415-528	6IEO	SER	1.83	ok	SER_single	280	SER	113.56677442523933
O06291	OG		CB	A	1	280					SER	226-363,365-405,414-449,451,454-528		1	1	1	226-363,365-405,414-449,451,454-528	7VYZ	SER	2.401	ok	SER_single	280	SER	114.94669466664976
O06291	OG		CB	A	1	280					SER	226-404,415-528		1	1	1	226-404,415-528	7VZ0	SER	1.95	ok	SER_single	280	SER	-132.50205104331027
O06291	OG		CB	A	1	280					SER	226-404,415-528		1	1	1	226-404,415-528	7W21	SER	2.0	ok	SER_single	280	SER	113.94026351029004
O06291	OG		CB	A	1	280					SER	225-405,415-452,455-528		1	1	1	225-405,415-452,455-528	7W22	SER	2.01	ok	SER_single	280	SER	116.00908613492791
O06291	OG		CB	A	1	280					SER	226-363,365-405,415-451,454-528		1	1	1	226-363,365-405,415-451,454-528	7W23	SER	1.9	ok	SER_single	280	SER	101.65646435186008
O06291	OG		CB	A	1	280					SER	226-363,365-405,414-449,451,454-528		1	1	1	226-363,365-405,414-449,451,454-528	7W4T	SER	2.2	ok	SER_single	280	SER	118.22792793129197
O06291	OG		CB	A	1	280					SER	226-405,415-453,455-528		1	1	1	226-405,415-453,455-528	7W4U	SER	2.3	ok	SER_single	280	SER	127.68627183146224
O06291	OG		CB	A	1	280					SER	225-405,415-452,455-528		1	1	1	225-405,415-452,455-528	7W4W	SER	2.0	ok	SER_single	280	SER	104.2236629287568
O06976	OG		CB	A	1	46					SER	1-85		1	1	1	1-85	1MO1	SER	1.8	ok	SER_single	46	SER	11.68270916517812
O06976	OG		CB	A	1	46					SER	1-85		1	1	1	1-85	1MU4	SER	1.8	ok	SER_single	46	SER	13.084474196134519
O22476	OG		CB	A	1	1060					SER	866-1086,1095-1124,1126-1160		4	1	1	866-1086,1095-1124,1126-1160	5LPZ	SER	2.48	ok	SER_single	1060	SER	-121.89054462198631
O31465	OG		CB	A	1	74					SER	1-8,12-101,118-283,287-327		1	1	1	1-8,12-101,118-283,287-327	2OSU	SER	2.29	ok	SER_single	74	SER	-111.33281922492918
O31465	OG		CB	B	1	74					SER	13-101,120-281,287-327		1	1	1	13-101,120-281,287-327	3BRM	SER	2.29	ok	SER_single	74	SER	-114.4141211202774
O32723	OG		CB	A	1	57					SER	2-116		1	1	1	2-116	1H4Y	SER	1.61	ok	SER_single	57	SER	116.2235232627697
O43293	OG		CB	A	1	50					SER	9-169,178-283		2	2	1	9-169,178-283	3BHY	SER	1.24	ok	SER_mixed_with_THR	50	SER	129.86897341003612
O43293	OG		CB	A	1	50					SER	9-172,176-284		2	2	1	9-172,176-284	3BQR	SER	1.75	ok	SER_mixed_with_THR	50	SER	8.694025726306872
O43293	OG		CB	A	1	50					SER	9-278		2	2	1	9-278	5A6N	SER	1.7	ok	SER_mixed_with_THR	50	SER	124.6644042081589
O43293	OG		CB	A	1	50					SER	9-169,175-278		2	2	1	9-169,175-278	5A6O	SER	1.6	ok	SER_mixed_with_THR	50	SER	121.67715621102643
O43293	OG		CB	C	1	50					SER	9-51,55-104,107-149,152-278		2	2	1	9-51,55-104,107-149,152-278	5VJA	SER	2.46	ok	SER_mixed_with_THR	50	SER	134.22481145295498
O43318	OG		CB	A	1	192					SER	31-178,191-305		2	1	1	31-178,191-305	2EVA	SER	2.0	ok	SER_single	192	SER	-130.55314520760933
O43318	OG		CB	A	1	192					SER	31-177,191-303		2	1	1	31-177,191-303	2YIY	SER	2.49	ok	SER_single	192	SER	-118.45312755327943
O43318	OG		CB	A	1	192					SER	31-177,191-303		2	1	1	31-177,191-303	4GS6	SER	2.2	ok	SER_single	192	SER	-126.52646209934827
O43318	OG		CB	A	1	192					SER	31-177,191-303		2	1	1	31-177,191-303	4O91	SER	2.393	ok	SER_single	192	SER	-113.99156261389739
O43318	OG		CB	A	1	192					SER	31-44,48-65,81-177,191-303		2	1	1	31-44,48-65,81-177,191-303	5E7R	SER	2.11	ok	SER_single	192	SER	-4.882424783521965
O43318	OG		CB	A	1	192					SER	31-45,48-63,72-93,97-176,191-303		2	1	1	31-45,48-63,72-93,97-176,191-303	5J7S	SER	2.368	ok	SER_single	192	SER	-119.62022257920898
O43318	OG		CB	A	1	192					SER	31-44,47-94,96-175,191-303		2	1	1	31-44,47-94,96-175,191-303	5J8I	SER	2.404	ok	SER_single	192	SER	-120.81323893712359
O43318	OG		CB	A	1	192					SER	31-179,191-303		2	1	1	31-179,191-303	5JGA	SER	2.0	ok	SER_single	192	SER	-121.32601503433168
O43318	OG		CB	A	1	192					SER	31-47,49-93,97-176,191-303		2	1	1	31-47,49-93,97-176,191-303	5JH6	SER	2.365	ok	SER_single	192	SER	-118.9601366034681
O43318	OG		CB	A	1	192					SER	31,36-44,50-52,61-65,67-93,98-175,191-303		2	1	1	31,36-44,50-52,61-65,67-93,98-175,191-303	5JK3	SER	2.371	ok	SER_single	192	SER	-114.16489517372769
O43318	OG		CB	A	1	192					SER	31-178,191-303		2	1	1	31-178,191-303	5V5N	SER	2.006	ok	SER_single	192	SER	-120.17882049962789
O43318	OG		CB	A	1	192					SER	31-178,191-303		2	1	1	31-178,191-303	7NTH	SER	1.97	ok	SER_single	192	SER	-114.4628791492244
O43318	OG		CB	A	1	192					SER	31-179,191-303		2	1	1	31-179,191-303	7NTI	SER	1.98	ok	SER_single	192	SER	-123.82888064137303
O43318	OG		CB	A	1	192					SER	27-303		2	2	1	27-303	8GW3	SER	2.05	ok	SER_mixed_with_THR	192	SER	-121.4603832016123
O43683	OG		CB	A	1	969					SER	736-806,816-931,939-1083		3	1	1	736-806,816-931,939-1083	4R8Q	SER	2.31	ok	SER_single	969	SER	123.49798599604975
O43741	OG		CB	A	1	108					SER	75-163		1	1	1	75-163	2F15	SER	2.0	ok	SER_single	108	SER	-115.77847183599845
O75385	OG		CB	A	1	87					SER	8-280		2	1	1	8-280	4WNO	SER	1.56	ok	SER_single	87	SER	116.76133795976294
O75385	OG		CB	A	1	87					SER	7-280		2	1	1	7-280	4WNP	SER	1.88	ok	SER_single	87	SER	116.52601332068745
O75385	OG		CB	A	1	87					SER	3-279		2	1	1	3-279	5CI7	SER	1.74	ok	SER_single	87	SER	113.33811196168477
O75385	OG		CB	B	1	87					SER	8-148,154-279		2	1	1	8-148,154-279	8P5G	SER	2.019	ok	SER_single	87	SER	113.27417851065586
O75385	OG		CB	A	1	87					SER	8-149,154-280		2	1	1	8-149,154-280	8P5H	SER	1.941	ok	SER_single	87	SER	117.22186252208496
O75385	OG		CB	B	1	87					SER	8-280		2	1	1	8-280	8P5I	SER	1.829	ok	SER_single	87	SER	111.81507307071978
O75385	OG		CB	A	1	87					SER	8-149,153-279		2	1	1	8-149,153-279	8P5J	SER	2.164	ok	SER_single	87	SER	111.18155005980906
O75385	OG		CB	B	1	87					SER	8-280		2	1	1	8-280	8P5K	SER	2.209	ok	SER_single	87	SER	109.5908515809136
O75385	OG		CB	A	1	87					SER	8-149,154-280		2	1	1	8-149,154-280	8P5L	SER	1.836	ok	SER_single	87	SER	107.93159668443224
O75385	OG		CB	A	1	87					SER	8-51,65-149,157-166,182-282		2	1	1	8-51,65-149,157-166,182-282	9F32	SER	2.1	ok	SER_single	87	SER	115.99720030315008
O75460	OG		CB	A	3	724,726,729					SER	561-963		3	3	3	561-963	4U6R	SER	2.5	ok	SER_only_multi_3	724	SER,SER,SER	104.37019991015607
O75460	OG		CB	A	3	724,726,729					SER	561-963		3	3	3	561-963	4U6R	SER	2.5	ok	SER_only_multi_3	726	SER,SER,SER	124.58922989067328
O75460	OG		CB	A	3	724,726,729					SER	561-963		3	3	3	561-963	4U6R	SER	2.5	ok	SER_only_multi_3	729	SER,SER,SER	110.35273999039727
O75460	OG		CB	A	3	724,726,729					SER	562-606,617-717,720-744,749-964		3	3	3	562-606,617-717,720-744,749-964	6HX1	SER	2.14	ok	SER_only_multi_3	724	SER,SER,SER	101.20330233624476
O75460	OG		CB	A	3	724,726,729					SER	562-606,617-717,720-744,749-964		3	3	3	562-606,617-717,720-744,749-964	6HX1	SER	2.14	ok	SER_only_multi_3	726	SER,SER,SER	4.996537785437062
O75460	OG		CB	A	3	724,726,729					SER	562-606,617-717,720-744,749-964		3	3	3	562-606,617-717,720-744,749-964	6HX1	SER	2.14	ok	SER_only_multi_3	729	SER,SER,SER	-8.825424928564072
O75460	OG		CB	A	3	724,726,729					SER	560-886,891-963		3	3	3	560-886,891-963	6URC	SER	2.2	ok	SER_only_multi_3	724	SER,SER,SER	107.81654373548216
O75460	OG		CB	A	3	724,726,729					SER	560-886,891-963		3	3	3	560-886,891-963	6URC	SER	2.2	ok	SER_only_multi_3	726	SER,SER,SER	126.72004216181682
O75460	OG		CB	A	3	724,726,729					SER	560-886,891-963		3	3	3	560-886,891-963	6URC	SER	2.2	ok	SER_only_multi_3	729	SER,SER,SER	123.19991161388599
O75460	OG		CB	A	2	724,726					SER	562-727,732-963		3	2	2	562-727,732-963	6W3K	SER	2.08	ok	SER_only_multi_2	724	SER,SER	-116.72847080508595
O75460	OG		CB	A	2	724,726					SER	562-727,732-963		3	2	2	562-727,732-963	6W3K	SER	2.08	ok	SER_only_multi_2	726	SER,SER	-126.57115185891354
O75460	OG		CB	A	3	724,726,729					SER	561-964		3	3	3	561-964	6XDB	SER	2.45	ok	SER_only_multi_3	724	SER,SER,SER	99.43403368716672
O75460	OG		CB	A	3	724,726,729					SER	561-964		3	3	3	561-964	6XDB	SER	2.45	ok	SER_only_multi_3	726	SER,SER,SER	-0.00894797150972856
O75460	OG		CB	A	3	724,726,729					SER	561-964		3	3	3	561-964	6XDB	SER	2.45	ok	SER_only_multi_3	729	SER,SER,SER	120.69235939609187
O75460	OG		CB	A	3	724,726,729					SER	561-966		3	3	3	561-966	7BMK	SER	1.85	ok	SER_only_multi_3	724	SER,SER,SER	116.3873138319975
O75460	OG		CB	A	3	724,726,729					SER	561-966		3	3	3	561-966	7BMK	SER	1.85	ok	SER_only_multi_3	726	SER,SER,SER	15.214325884622639
O75460	OG		CB	A	3	724,726,729					SER	561-966		3	3	3	561-966	7BMK	SER	1.85	ok	SER_only_multi_3	729	SER,SER,SER	-122.24341683241136
O75460	OG		CB	A	3	724,726,729					SER	562-964		3	3	3	562-964	8UVL	SER	2.43	ok	SER_only_multi_3	724	SER,SER,SER	90.07894450355374
O75460	OG		CB	A	3	724,726,729					SER	562-964		3	3	3	562-964	8UVL	SER	2.43	ok	SER_only_multi_3	726	SER,SER,SER	21.86750662435905
O75460	OG		CB	A	3	724,726,729					SER	562-964		3	3	3	562-964	8UVL	SER	2.43	ok	SER_only_multi_3	729	SER,SER,SER	-33.14064503926522
O75531	OG		CB	A	1	4					SER	1-89		2	2	1	1-89	1CI4	SER	1.9	ok	SER_mixed_with_THR	4	SER	111.43794129216619
O75531	OG		CB	E	1	4					SER	2-89		2	2	1	2-89	6GHD	SER	2.1	ok	SER_mixed_with_THR	4	SER	113.96937660929026
O75531	OG		CB	A	1	4					SER	1-89		2	2	1	1-89	6UNT	SER	1.75	ok	SER_mixed_with_THR	4	SER	122.24327029728686
O75531	OG		CB	A	1	4					SER	1-89		2	2	1	1-89	6URE	SER	1.653	ok	SER_mixed_with_THR	4	SER	116.46497165371603
O75531	OG		CB	A	1	4					SER	1-89		2	2	1	1-89	6URJ	SER	1.653	ok	SER_mixed_with_THR	4	SER	139.6728734122338
O75531	OG		CB	A	1	4					SER	1-89		2	2	1	1-89	6URK	SER	1.86	ok	SER_mixed_with_THR	4	SER	106.72155669731191
O75531	OG		CB	A	1	4					SER	1-89		2	2	1	1-89	6URL	SER	1.72	ok	SER_mixed_with_THR	4	SER	118.20572299988267
O75531	OG		CB	A	1	4					SER	1-89		2	2	1	1-89	6URN	SER	1.68	ok	SER_mixed_with_THR	4	SER	113.5529722524026
O75531	OG		CB	A	1	4					SER	1-89		2	2	1	1-89	6URR	SER	1.8	ok	SER_mixed_with_THR	4	SER	112.83850025124067
O75531	OG		CB	A	1	4					SER	1-89		2	2	1	1-89	6URZ	SER	1.653	ok	SER_mixed_with_THR	4	SER	113.96125986134274
O75531	OG		CB	A	1	4					SER	1-89		2	2	1	1-89	6US0	SER	1.653	ok	SER_mixed_with_THR	4	SER	115.82143896545202
O75531	OG		CB	A	1	4					SER	1-89		2	2	1	1-89	6US1	SER	1.653	ok	SER_mixed_with_THR	4	SER	114.04426321889129
O75531	OG		CB	A	1	4					SER	1-89		2	2	1	1-89	6US7	SER	1.653	ok	SER_mixed_with_THR	4	SER	120.63964678744418
O75531	OG		CB	A	1	4					SER	1-89		2	2	1	1-89	6USB	SER	1.68	ok	SER_mixed_with_THR	4	SER	122.53898706730784
O75531	OG		CB	A	1	4					SER	1-89		2	2	1	1-89	6USD	SER	1.653	ok	SER_mixed_with_THR	4	SER	118.1675301952091
O75531	OG		CB	A	1	4					SER	1-89		2	2	1	1-89	6USI	SER	1.653	ok	SER_mixed_with_THR	4	SER	110.42476644012034
O75531	OG		CB	A	1	4					SER	2-89		2	2	1	2-89	7Z21	SER	1.629	ok	SER_mixed_with_THR	4	SER	120.89107307716112
O94804	OG		CB	B	1	191					SER	23-317		3	3	1	23-317	6EIM	SER	1.43	ok	SER_mixed_with_THR	191	SER	123.13140362812456
O94804				A	1	191					SER	23-68,72-313		3	3	1	23-68,72-313	7QGP	SER	1.9	missing_required_atoms:OG	SER_mixed_with_THR	191	SER	
P00517	OG		CB	A	1	140					SER	15-41,48-317,342-351		4	1	1	15-41,48-317,342-351	5VI9	SER	1.95	ok	SER_single	140	SER	105.56140755575315
P00517	OG		CB	A	1	140					SER	19-317,327-331,347-351		4	1	1	19-317,327-331,347-351	5VIB	SER	2.37	ok	SER_single	140	SER	117.2638047322203
P00517	OG		CB	A	1	140					SER	19-351		4	1	1	19-351	6E99	SER	1.88	ok	SER_single	140	SER	110.91570965428356
P02699	OG		CB	A	3	334,338,343					SER	1-348		7	7	3	1-348	1U19	SER	2.2	ok	SER_mixed_with_THR	334	SER,SER,SER	-116.72996546468129
P02699	OG		CB	A	3	334,338,343					SER	1-348		7	7	3	1-348	1U19	SER	2.2	ok	SER_mixed_with_THR	338	SER,SER,SER	-140.73931143108427
P02699	OG		CB	A	3	334,338,343					SER	1-348		7	7	3	1-348	1U19	SER	2.2	ok	SER_mixed_with_THR	343	SER,SER,SER	-35.90055138059799
P03960	OG		CB	B	1	162					SER	2-682		1	1	1	2-682	9OC4	SER	2.1	ok	SER_single	162	SER	142.13621498708682
P03960	OG		CB	B	1	162					SER	5-682		1	1	1	5-682	9ZWK	SER	2.34	ok	SER_single	162	SER	135.58160728365607
P03960	OG		CB	B	1	162					SER	2-682		1	1	1	2-682	9ZWL	SER	2.28	ok	SER_single	162	SER	30.958020981830433
P03960	OG		CB	B	1	162					SER	2-682		1	1	1	2-682	9ZWM	SER	2.25	ok	SER_single	162	SER	-17.474644454516064
P04150	OG		CB	A	1	617					SER	523-777		2	2	1	523-777	1M2Z	SER	2.5	ok	SER_mixed_with_THR	617	SER	-122.91327244351295
P04150	OG		CB	A	1	617					SER	530-759,768-776		2	1	1	530-759,768-776	1NHZ	SER	2.3	ok	SER_single	617	SER	-106.74943350702047
P04150	OG		CB	A	1	617					SER	525-777		2	1	1	525-777	3BQD	SER	2.5	ok	SER_single	617	SER	-118.11564785794936
P04150	OG		CB	A	1	617					SER	530-776		2	1	1	530-776	4CSJ	SER	2.3	ok	SER_single	617	SER	-9.083218713990753
P04150	OG		CB	A	1	617					SER	526-702,711-777		2	1	1	526-702,711-777	4LSJ	SER	2.35	ok	SER_single	617	SER	-118.98584976426699
P04150	OG		CB	A	1	617					SER	530-776		2	1	1	530-776	4MDD	SER	2.4	ok	SER_single	617	SER	-122.3225935046051
P04150	OG		CB	A	1	617					SER	526-777		2	1	1	526-777	4P6W	SER	1.951	ok	SER_single	617	SER	-142.4149319564612
P04150	OG		CB	A	1	617					SER	526-777		2	1	1	526-777	4P6X	SER	2.5	ok	SER_single	617	SER	104.15219578683507
P04150	OG		CB	A	1	617					SER	529-776		2	1	1	529-776	4UDC	SER	2.5	ok	SER_single	617	SER	-118.38172731675226
P04150	OG		CB	A	1	617					SER	529-777		2	1	1	529-777	4UDD	SER	1.8	ok	SER_single	617	SER	-129.57153129844446
P04150	OG		CB	A	1	617					SER	529-776		2	1	1	529-776	5G3J	SER	2.4	ok	SER_single	617	SER	-109.93608463987526
P04150	OG		CB	A	1	617					SER	530-776		2	1	1	530-776	5G5W	SER	2.2	ok	SER_single	617	SER	-115.42420930829893
P04150	OG		CB	A	1	617					SER	530-776		2	1	1	530-776	5NFP	SER	2.1	ok	SER_single	617	SER	-112.09604974965929
P04150	OG		CB	A	1	617					SER	529-776		2	1	1	529-776	5NFT	SER	2.3	ok	SER_single	617	SER	-119.05156369894104
P04150	OG		CB	A	1	617					SER	526-747,767-776		2	1	1	526-747,767-776	5UC3	SER	2.009	ok	SER_single	617	SER	116.59458224889187
P04150	OG		CB	A	1	617					SER	530-776		2	1	1	530-776	6EL6	SER	2.4	ok	SER_single	617	SER	143.6206154375055
P04150	OG		CB	A	1	617					SER	530-776		2	1	1	530-776	6EL7	SER	2.18	ok	SER_single	617	SER	-115.1089576995058
P04150	OG		CB	A	1	617					SER	530-776		2	1	1	530-776	6EL9	SER	2.19	ok	SER_single	617	SER	-119.31709305282673
P04150	OG		CB	A	1	617					SER	529-776		2	1	1	529-776	7PRX	SER	2.2	ok	SER_single	617	SER	-123.9171377792358
P04150	OG		CB	A	1	617					SER	529-633,637-702,709-777		2	1	1	529-633,637-702,709-777	8VKZ	SER	2.133	ok	SER_single	617	SER	-4.677988235530364
P04406	OG		CB	A	2	51,151					SER	3-335		2	2	2	3-335	4WNC	SER	1.99	ok	SER_only_multi_2	51	SER,SER	-118.81922111275819
P04406	OG		CB	A	2	51,151					SER	3-335		2	2	2	3-335	4WNC	SER	1.99	ok	SER_only_multi_2	151	SER,SER	112.52716855972487
P04406	OG		CB	A	2	51,151					SER	3-335		2	2	2	3-335	4WNI	SER	2.3	ok	SER_only_multi_2	51	SER,SER	-118.63408655506382
P04406	OG		CB	A	2	51,151					SER	3-335		2	2	2	3-335	4WNI	SER	2.3	ok	SER_only_multi_2	151	SER,SER	112.12467411739595
P04406	OG		CB	A	2	51,151					SER	3-335		2	2	2	3-335	6IQ6	SER	2.29	ok	SER_only_multi_2	51	SER,SER	-129.00207189466246
P04406	OG		CB	A	2	51,151					SER	3-335		2	2	2	3-335	6IQ6	SER	2.29	ok	SER_only_multi_2	151	SER,SER	117.31647426253396
P04406	OG		CB	A	2	51,151					SER	2-335		2	2	2	2-335	6YND	SER	1.525	ok	SER_only_multi_2	51	SER,SER	-120.30210866692549
P04406	OG		CB	A	2	51,151					SER	2-335		2	2	2	2-335	6YND	SER	1.525	ok	SER_only_multi_2	151	SER,SER	120.09192267533565
P04406	OG		CB	A	2	51,151					SER	2-335		2	2	2	2-335	6YNE	SER	1.853	ok	SER_only_multi_2	51	SER,SER	-122.4399264888106
P04406	OG		CB	A	2	51,151					SER	2-335		2	2	2	2-335	6YNE	SER	1.853	ok	SER_only_multi_2	151	SER,SER	118.92659152347008
P04406	OG		CB	A	2	51,151					SER	2-335		2	2	2	2-335	6YNF	SER	2.394	ok	SER_only_multi_2	51	SER,SER	-119.90595856354497
P04406	OG		CB	A	2	51,151					SER	2-335		2	2	2	2-335	6YNF	SER	2.394	ok	SER_only_multi_2	151	SER,SER	122.53772268056719
P04406	OG		CB	A	2	51,151					SER	2-335		2	2	2	2-335	8G12	SER	2.17	ok	SER_only_multi_2	51	SER,SER	-109.50382549410801
P04406	OG		CB	A	2	51,151					SER	2-335		2	2	2	2-335	8G12	SER	2.17	ok	SER_only_multi_2	151	SER,SER	114.74313874438279
P04406	OG		CB	A	2	51,151					SER	2-335		2	2	2	2-335	8G13	SER	2.3	ok	SER_only_multi_2	51	SER,SER	-109.42636771711855
P04406	OG		CB	A	2	51,151					SER	2-335		2	2	2	2-335	8G13	SER	2.3	ok	SER_only_multi_2	151	SER,SER	116.46881136750044
P04406	OG		CB	A	2	51,151					SER	2-335		2	2	2	2-335	8G14	SER	2.3	ok	SER_only_multi_2	51	SER,SER	-107.22971363833145
P04406	OG		CB	A	2	51,151					SER	2-335		2	2	2	2-335	8G14	SER	2.3	ok	SER_only_multi_2	151	SER,SER	116.34242423589167
P04406	OG		CB	A	2	51,151					SER	2-335		2	2	2	2-335	8G15	SER	2.07	ok	SER_only_multi_2	51	SER,SER	-112.65180048679615
P04406	OG		CB	A	2	51,151					SER	2-335		2	2	2	2-335	8G15	SER	2.07	ok	SER_only_multi_2	151	SER,SER	102.2521757746019
P04406	OG		CB	A	2	51,151					SER	2-335		2	2	2	2-335	8G16	SER	2.07	ok	SER_only_multi_2	51	SER,SER	-113.46357040198751
P04406	OG		CB	A	2	51,151					SER	2-335		2	2	2	2-335	8G16	SER	2.07	ok	SER_only_multi_2	151	SER,SER	102.25107670227254
P04406	OG		CB	A	2	51,151					SER	2-335		2	2	2	2-335	8G17	SER	1.98	ok	SER_only_multi_2	51	SER,SER	-111.64860634153351
P04406	OG		CB	A	2	51,151					SER	2-335		2	2	2	2-335	8G17	SER	1.98	ok	SER_only_multi_2	151	SER,SER	115.74961357727868
P04629	OG		CB	A	1	677					SER	498-534,537-548,550-610,614-793		2	1	1	498-534,537-548,550-610,614-793	4GT5	SER	2.398	ok	SER_single	677	SER	108.80821981122408
P04629	OG		CB	A	1	677					SER	501-533,537-548,552-787		2	1	1	501-533,537-548,552-787	4PMM	SER	2.0	ok	SER_single	677	SER	106.59395065094927
P04629	OG		CB	A	1	677					SER	501-533,538-547,552-673,675-684,687-787		2	1	1	501-533,538-547,552-673,675-684,687-787	4PMP	SER	1.8	ok	SER_single	677	SER	105.75904982775117
P04629	OG		CB	A	1	677					SER	501-532,537-546,556-669,672-683,687-787		2	1	1	501-532,537-546,556-669,672-683,687-787	4PMT	SER	2.1	ok	SER_single	677	SER	-61.865666213977455
P04629	OG		CB	A	1	677					SER	502-534,537-548,554-671,677-682,687-793		2	1	1	502-534,537-548,554-671,677-682,687-793	4YNE	SER	2.0229	ok	SER_single	677	SER	-26.334392057489193
P04629	OG		CB	A	1	677					SER	502-518,522-533,537-546,550-668,671-683,687-790		2	1	1	502-518,522-533,537-546,550-668,671-683,687-790	4YPS	SER	2.1012	ok	SER_single	677	SER	123.84770256744648
P04629	OG		CB	A	1	677					SER	484-531,538-548,553-796		2	2	1	484-531,538-548,553-796	5H3Q	SER	2.1	ok	SER_mixed_with_TYR	677	SER	111.30451487069409
P04629	OG		CB	A	1	677					SER	501-518,522-531,538-547,556-670,672-683,687-787		2	1	1	501-518,522-531,538-547,556-670,672-683,687-787	5I8A	SER	2.33	ok	SER_single	677	SER	105.93270838784737
P04629	OG		CB	A	1	677					SER	486-495,501-547,551-610,614-796		2	1	1	486-495,501-547,551-610,614-796	5KMI	SER	1.87	ok	SER_single	677	SER	113.05263669050646
P04629	OG		CB	A	1	677					SER	486-495,500-548,551-609,614-795		2	1	1	486-495,500-548,551-609,614-795	5KMJ	SER	2.04	ok	SER_single	677	SER	117.40450512203613
P04629	OG		CB	A	1	677					SER	484-493,500-547,551-610,613-796		2	1	1	484-493,500-547,551-610,613-796	5KMK	SER	2.24	ok	SER_single	677	SER	118.90810293476282
P04629	OG		CB	A	1	677					SER	474-479,499-534,537-548,550-608,614-796		2	1	1	474-479,499-534,537-548,550-608,614-796	5KML	SER	2.01	ok	SER_single	677	SER	109.98256677105401
P04629	OG		CB	A	1	677					SER	484-491,500-547,551-610,613-796		2	1	1	484-491,500-547,551-610,613-796	5KMM	SER	2.12	ok	SER_single	677	SER	118.31693876569673
P04629	OG		CB	A	1	677					SER	474-479,499-534,537-548,550-608,614-796		2	1	1	474-479,499-534,537-548,550-608,614-796	5KMN	SER	2.14	ok	SER_single	677	SER	111.64936155116314
P04629	OG		CB	A	1	677					SER	501-532,537-787		2	1	1	501-532,537-787	5KVT	SER	2.45	ok	SER_single	677	SER	6.236091311234492
P04629	OG		CB	A	1	677					SER	481-533,537-610,620-682,687-796		2	2	1	481-533,537-610,620-682,687-796	6D1Y	SER	1.93	ok	SER_mixed_with_TYR	677	SER	116.43613035748979
P04629	OG		CB	A	1	677					SER	483-492,501-607,620-682,687-796		2	1	1	483-492,501-607,620-682,687-796	6D1Z	SER	1.87	ok	SER_single	677	SER	118.61304150930481
P04629	OG		CB	A	1	677					SER	482-493,500-608,620-684,687-796		2	1	1	482-493,500-608,620-684,687-796	6D20	SER	1.94	ok	SER_single	677	SER	124.95299162995644
P04629	OG		CB	A	1	677					SER	502-794		2	1	1	502-794	6D22	SER	2.46	ok	SER_single	677	SER	127.1738390156119
P04629	OG		CB	A	1	677					SER	500-607,620-670,673-682,687-796		2	1	1	500-607,620-670,673-682,687-796	6DKI	SER	2.11	ok	SER_single	677	SER	124.37542726799408
P04629				A	1	677					SER	502-532,537-670,675-683,687-790		2	1	1	502-532,537-670,675-683,687-790	6J5L	SER	2.3	missing_required_atoms:OG	SER_single	677	SER	
P04629	OG		CB	A	1	677					SER	500-608,612-795		2	1	1	500-608,612-795	6NSP	SER	2.31	ok	SER_single	677	SER	91.09270820353204
P04629	OG		CB	A	1	677					SER	485-495,501-548,552-795		2	1	1	485-495,501-548,552-795	6NSS	SER	1.97	ok	SER_single	677	SER	119.60670766996834
P04629	OG		CB	A	1	677					SER	497-795		2	1	1	497-795	7XBI	SER	2.16	ok	SER_single	677	SER	127.3865441438766
P04629	OG		CB	A	1	677					SER	485-489,499-548,551-607,610-795		2	1	1	485-489,499-548,551-607,610-795	8J5W	SER	2.28041464539	ok	SER_single	677	SER	-123.16636590092298
P04629	OG		CB	A	1	677					SER	500-795		2	1	1	500-795	8J5X	SER	2.09192247704	ok	SER_single	677	SER	112.2698216947904
P07515	OG		CB	A	1	46					SER	1-87		1	1	1	1-87	1PTF	SER	1.6	ok	SER_single	46	SER	11.969774875676094
P07949	OG		CB	A	1	909					SER	713-827,844-1012		5	5	1	713-827,844-1012	2IVS	SER	2.0	ok	SER_mixed_with_TYR	909	SER	126.87831636352199
P07949	OG		CB	A	1	909					SER	703-712,714-820,844-1012		5	4	1	703-712,714-820,844-1012	2IVU	SER	2.5	ok	SER_mixed_with_TYR	909	SER	78.33557053963196
P07949	OG		CB	A	1	909					SER	703-711,716-820,846-1011		5	4	1	703-711,716-820,846-1011	2IVV	SER	2.25	ok	SER_mixed_with_TYR	909	SER	102.02899325685549
P07949	OG		CB	A	1	909					SER	703-712,715-822,844-1010		5	4	1	703-712,715-822,844-1010	2X2L	SER	2.0	ok	SER_mixed_with_TYR	909	SER	120.53885745938437
P07949	OG		CB	A	1	909					SER	703-712,714-732,735-820,845-1013		5	4	1	703-712,714-732,735-820,845-1013	2X2M	SER	2.5	ok	SER_mixed_with_TYR	909	SER	98.00747839701918
P07949	OG		CB	A	1	909					SER	705-822,842-1013		5	3	1	705-822,842-1013	4CKI	SER	2.116	ok	SER_mixed_with_TYR	909	SER	121.92238195820029
P07949	OG		CB	A	1	909					SER	705-822,844-1013		5	4	1	705-822,844-1013	4CKJ	SER	1.65	ok	SER_mixed_with_TYR	909	SER	124.5748762534637
P07949	OG		CB	A	1	909					SER	705-825,841-1010		5	3	1	705-825,841-1010	6FEK	SER	2.3	ok	SER_mixed_with_TYR	909	SER	-90.87723193636955
P07949	OG		CB	B	1	909					SER	714-828,842-1012		5	4	1	714-828,842-1012	6I82	SER	2.05	ok	SER_mixed_with_TYR	909	SER	122.44397976806269
P07949	OG		CB	A	1	909					SER	705-821,844-1013		5	4	1	705-821,844-1013	6I83	SER	1.88	ok	SER_mixed_with_TYR	909	SER	127.56605486071021
P07949	OG		CB	A	1	909					SER	705-823,843-1013		5	3	1	705-823,843-1013	6NE7	SER	1.99	ok	SER_mixed_with_TYR	909	SER	116.8326120477143
P07949	OG		CB	A	1	909					SER	713-828,842-1012		5	5	1	713-828,842-1012	6NEC	SER	1.87	ok	SER_mixed_with_TYR	909	SER	123.37484620151085
P07949	OG		CB	A	1	909					SER	705-822,843-1013		5	3	1	705-822,843-1013	6NJA	SER	1.92	ok	SER_mixed_with_TYR	909	SER	128.87787461084216
P07949	OG		CB	A	1	909					SER	707-820,844-1012		5	3	1	707-820,844-1012	6VHG	SER	2.303	ok	SER_mixed_with_TYR	909	SER	-40.803220991761
P07949	OG		CB	A	1	909					SER	714-828,842-1011		5	5	1	714-828,842-1011	7DU9	SER	2.31	ok	SER_mixed_with_TYR	909	SER	123.1048591239059
P07949	OG		CB	A	1	909					SER	712-828,842-1011		5	5	1	712-828,842-1011	7DUA	SER	1.64	ok	SER_mixed_with_TYR	909	SER	121.92953250281123
P07949	OG		CB	A	1	909					SER	705-823,843-900,909-1013		5	4	1	705-823,843-900,909-1013	7JU5	SER	1.9	ok	SER_mixed_with_TYR	909	SER	107.62403741092818
P07949	OG		CB	A	1	909					SER	713-828,841-1012		5	5	1	713-828,841-1012	7JU6	SER	2.06	ok	SER_mixed_with_TYR	909	SER	121.4341623837469
P07949	OG		CB	A	1	909					SER	705-711,714-820,844-1013		5	3	1	705-711,714-820,844-1013	7NZN	SER	2.39	ok	SER_mixed_with_TYR	909	SER	117.17107992585545
P08149	OG		CB	A	1	465					SER	237-282,297-541,546-574		1	1	1	237-282,297-541,546-574	4U3T	SER	2.2	ok	SER_single	465	SER	120.82832993355824
P08149	OG		CB	A	1	465					SER	238-282,298-575		1	1	1	238-282,298-575	6HZJ	SER	1.43	ok	SER_single	465	SER	118.71213119457217
P08149	OG		CB	A	1	465					SER	237-283,298-502,514-574		1	1	1	237-283,298-502,514-574	6P52	SER	1.83	ok	SER_single	465	SER	119.27123695124737
P08149	OG		CB	B	1	465					SER	237-283,298-574		1	1	1	237-283,298-574	6P53	SER	1.92	ok	SER_single	465	SER	122.27792752686588
P08149	OG		CB	A	1	465					SER	237-283,298-574		1	1	1	237-283,298-574	6P54	SER	1.83	ok	SER_single	465	SER	114.4776347097135
P08149	OG		CB	A	1	465					SER	237-283,298-574		1	1	1	237-283,298-574	6P55	SER	1.74	ok	SER_single	465	SER	120.70005075161485
P08149	OG		CB	B	1	465					SER	237-283,298-503,514-574		1	1	1	237-283,298-503,514-574	6P56	SER	1.92	ok	SER_single	465	SER	118.61703911835383
P08149	OG		CB	B	1	465					SER	237-283,298-574		1	1	1	237-283,298-574	6VBM	SER	1.71	ok	SER_single	465	SER	121.41636048456841
P08149	OG		CB	A	1	465					SER	237-282,298-574		1	1	1	237-282,298-574	6XQV	SER	2.05	ok	SER_single	465	SER	120.21187941797575
P08149	OG		CB	B	1	465					SER	237-282,298-574		1	1	1	237-282,298-574	6XQX	SER	2.15	ok	SER_single	465	SER	120.46022437679251
P08149	OG		CB	B	1	465					SER	237-282,298-574		1	1	1	237-282,298-574	6XQY	SER	1.9	ok	SER_single	465	SER	119.56290903491923
P08149	OG		CB	A	1	465					SER	237-282,298-504,509-574		1	1	1	237-282,298-504,509-574	6XQZ	SER	2.04	ok	SER_single	465	SER	119.1285137333012
P08200	OG		CB	A	1	113					SER	3-416		1	1	1	3-416	1AI2	SER	1.9	ok	SER_single	113	SER	3.0180543836547438
P08200	OG		CB	A	1	113					SER	3-416		1	1	1	3-416	1AI3	SER	1.9	ok	SER_single	113	SER	2.2432826515368287
P08200	OG		CB	A	1	113					SER	3-416		1	1	1	3-416	1BL5	SER	2.5	ok	SER_single	113	SER	30.30085959945559
P08200	OG		CB	A	1	113					SER	2-416		1	1	1	2-416	1CW1	SER	2.1	ok	SER_single	113	SER	21.271102661942507
P08200	OG		CB	A	1	113					SER	2-416		1	1	1	2-416	1CW4	SER	2.1	ok	SER_single	113	SER	12.311391585403387
P08200	OG		CB	A	1	113					SER	3-416		1	1	1	3-416	1GRP	SER	2.5	ok	SER_single	113	SER	2.40847753439918
P08200	OG		CB	A	1	113					SER	3-416		1	1	1	3-416	1IDC	SER	2.5	ok	SER_single	113	SER	-14.145090827341587
P08200	OG		CB	A	1	113					SER	3-416		1	1	1	3-416	1IDD	SER	2.5	ok	SER_single	113	SER	-9.825100810683686
P08200	OG		CB	A	1	113					SER	3-416		1	1	1	3-416	1IDE	SER	2.5	ok	SER_single	113	SER	16.097134614856316
P08200	OG		CB	A	1	113					SER	3-416		1	1	1	3-416	1IDF	SER	2.5	ok	SER_single	113	SER	-12.306566038767428
P08200	OG		CB	A	1	113					SER	3-416		1	1	1	3-416	1ISO	SER	1.9	ok	SER_single	113	SER	6.280033111597483
P08200	OG		CB	A	1	113					SER	1-416		1	1	1	1-416	1P8F	SER	1.85	ok	SER_single	113	SER	9.826390859819844
P08200	OG		CB	A	1	113					SER	1-416		1	1	1	1-416	1PB1	SER	1.7	ok	SER_single	113	SER	5.134219334166015
P08200	OG		CB	A	1	113					SER	1-416		1	1	1	1-416	1PB3	SER	1.7	ok	SER_single	113	SER	8.963504522818896
P08200	OG		CB	A	1	113					SER	2-416		1	1	1	2-416	1SJS	SER	2.42	ok	SER_single	113	SER	-35.245274221819294
P08200	OG		CB	A	1	113					SER	3-416		1	1	1	3-416	3ICD	SER	2.5	ok	SER_single	113	SER	6.158243813356792
P08200	OG		CB	A	1	113					SER	1-416		1	1	1	1-416	4AJ3	SER	1.9	ok	SER_single	113	SER	7.267140509844688
P08200	OG		CB	A	1	113					SER	2-416		1	1	1	2-416	4AJA	SER	1.799	ok	SER_single	113	SER	13.01412768489718
P08200	OG		CB	A	1	113					SER	2-416		1	1	1	2-416	4AJB	SER	1.9	ok	SER_single	113	SER	16.601759371463707
P08200	OG		CB	A	1	113					SER	2-416		1	1	1	2-416	4AJC	SER	2.3	ok	SER_single	113	SER	5.928014956729206
P08200	OG		CB	A	1	113					SER	2-416		1	1	1	2-416	4AJS	SER	1.802	ok	SER_single	113	SER	15.62365217130643
P08200	OG		CB	A	1	113					SER	2-416		1	1	1	2-416	4BNP	SER	2.0	ok	SER_single	113	SER	12.870543478780524
P08200	OG		CB	A	1	113					SER	3-416		1	1	1	3-416	5ICD	SER	2.5	ok	SER_single	113	SER	2.2361495072384705
P08200	OG		CB	A	1	113					SER	3-416		1	1	1	3-416	9ICD	SER	2.5	ok	SER_single	113	SER	1.526395081732205
P08877	OG		CB	A	1	46					SER	2-88		1	1	1	2-88	2HPR	SER	2.0	ok	SER_single	46	SER	21.323576250504374
P0A6F5	OG		CB	A	1	43					SER	2-526		1	1	1	2-526	1KP8	SER	2.0	ok	SER_single	43	SER	119.52242738058797
P0A6F5	OG		CB	A	1	43					SER	2-526		1	1	1	2-526	1SX3	SER	2.0	ok	SER_single	43	SER	98.03188149409466
P0A6F5	OG		CB	A	1	43					SER	2-525		1	1	1	2-525	8BKZ	SER	2.3	ok	SER_single	43	SER	141.3712803058781
P0A6F5	OG		CB	A	1	43					SER	2-525		1	1	1	2-525	8BL2	SER	2.3	ok	SER_single	43	SER	136.70654855265929
P0A6F5	OG		CB	A	1	43					SER	2-525		1	1	1	2-525	8BMT	SER	2.5	ok	SER_single	43	SER	119.62852094370704
P0A6F5	OG		CB	A	1	43					SER	2-525		1	1	1	2-525	8P4M	SER	2.5	ok	SER_single	43	SER	119.26076565029454
P11309	OG		CB	A	2	261,276					SER	32-308		2	2	2	32-308	1XQZ	SER	2.1	ok	SER_only_multi_2	261	SER,SER	-115.11104622125684
P11309	OG		CB	A	2	261,276					SER	32-308		2	2	2	32-308	1XQZ	SER	2.1	ok	SER_only_multi_2	276	SER,SER	-150.33535573173452
P11309	OG		CB	A	2	261,276					SER	32-308		2	2	2	32-308	1XR1	SER	2.1	ok	SER_only_multi_2	261	SER,SER	-123.39266335288342
P11309	OG		CB	A	2	261,276					SER	32-308		2	2	2	32-308	1XR1	SER	2.1	ok	SER_only_multi_2	276	SER,SER	90.88020786562092
P11309	OG		CB	A	2	261,276					SER	33-305		2	2	2	33-305	1XWS	SER	1.8	ok	SER_only_multi_2	261	SER,SER	-128.21187547009598
P11309	OG		CB	A	2	261,276					SER	33-305		2	2	2	33-305	1XWS	SER	1.8	ok	SER_only_multi_2	276	SER,SER	112.95671290925823
P11309	OG		CB	A	1	276					SER	33-79,84-305		2	1	1	33-79,84-305	1YHS	SER	2.15	ok	SER_single	276	SER	109.79221283968408
P11309	OG		CB	A	1	276					SER	33-79,84-305		2	1	1	33-79,84-305	1YI3	SER	2.5	ok	SER_single	276	SER	111.31957112076019
P11309	OG		CB	A	1	276					SER	33-79,84-305		2	1	1	33-79,84-305	1YI4	SER	2.4	ok	SER_single	276	SER	113.10551365332807
P11309	OG		CB	A	2	261,276					SER	33-306		2	2	2	33-306	1YWV	SER	2.0	ok	SER_only_multi_2	261	SER,SER	-114.78796054911646
P11309	OG		CB	A	2	261,276					SER	33-306		2	2	2	33-306	1YWV	SER	2.0	ok	SER_only_multi_2	276	SER,SER	106.80503975489448
P11309	OG		CB	A	2	261,276					SER	33-306		2	2	2	33-306	1YXS	SER	2.2	ok	SER_only_multi_2	261	SER,SER	-114.40001193447269
P11309	OG		CB	A	2	261,276					SER	33-306		2	2	2	33-306	1YXS	SER	2.2	ok	SER_only_multi_2	276	SER,SER	107.7855639814818
P11309	OG		CB	A	2	261,276					SER	33-306		2	2	2	33-306	1YXT	SER	2.0	ok	SER_only_multi_2	261	SER,SER	-115.19565481855302
P11309	OG		CB	A	2	261,276					SER	33-306		2	2	2	33-306	1YXT	SER	2.0	ok	SER_only_multi_2	276	SER,SER	100.48440885444053
P11309	OG		CB	A	2	261,276					SER	33-305		2	2	2	33-305	1YXU	SER	2.24	ok	SER_only_multi_2	261	SER,SER	-116.72450627244845
P11309	OG		CB	A	2	261,276					SER	33-305		2	2	2	33-305	1YXU	SER	2.24	ok	SER_only_multi_2	276	SER,SER	103.83544149779331
P11309	OG		CB	A	2	261,276					SER	33-306		2	2	2	33-306	1YXV	SER	2.0	ok	SER_only_multi_2	261	SER,SER	-106.67487730756271
P11309	OG		CB	A	2	261,276					SER	33-306		2	2	2	33-306	1YXV	SER	2.0	ok	SER_only_multi_2	276	SER,SER	120.96015222298352
P11309	OG		CB	A	2	261,276					SER	33-306		2	2	2	33-306	1YXX	SER	2.0	ok	SER_only_multi_2	261	SER,SER	-112.7490512917438
P11309	OG		CB	A	2	261,276					SER	33-306		2	2	2	33-306	1YXX	SER	2.0	ok	SER_only_multi_2	276	SER,SER	114.6829544886595
P11309	OG		CB	A	2	261,276					SER	33-305		2	2	2	33-305	2BZJ	SER	2.05	ok	SER_only_multi_2	261	SER,SER	-123.26147436105315
P11309	OG		CB	A	2	261,276					SER	33-305		2	2	2	33-305	2BZJ	SER	2.05	ok	SER_only_multi_2	276	SER,SER	101.35957031966446
P11309	OG		CB	B	2	261,276					SER	33-45,51-305		2	2	2	33-45,51-305	2BZK	SER	2.45	ok	SER_only_multi_2	261	SER,SER	-110.74058905400246
P11309	OG		CB	B	2	261,276					SER	33-45,51-305		2	2	2	33-45,51-305	2BZK	SER	2.45	ok	SER_only_multi_2	276	SER,SER	121.67182353632205
P11309	OG		CB	B	2	261,276					SER	37-79,83-305		2	2	2	37-79,83-305	2C3I	SER	1.9	ok	SER_only_multi_2	261	SER,SER	-111.87212447798568
P11309	OG		CB	B	2	261,276					SER	37-79,83-305		2	2	2	37-79,83-305	2C3I	SER	1.9	ok	SER_only_multi_2	276	SER,SER	111.41420803434593
P11309	OG		CB	A	2	261,276					SER	33-306		2	2	2	33-306	2O3P	SER	2.24	ok	SER_only_multi_2	261	SER,SER	-105.69930742837404
P11309	OG		CB	A	2	261,276					SER	33-306		2	2	2	33-306	2O3P	SER	2.24	ok	SER_only_multi_2	276	SER,SER	116.39542542014607
P11309	OG		CB	A	2	261,276					SER	33-306		2	2	2	33-306	2O63	SER	2.0	ok	SER_only_multi_2	261	SER,SER	-117.50123084654219
P11309	OG		CB	A	2	261,276					SER	33-306		2	2	2	33-306	2O63	SER	2.0	ok	SER_only_multi_2	276	SER,SER	113.07068167775505
P11309	OG		CB	A	2	261,276					SER	33-306		2	2	2	33-306	2O64	SER	2.44	ok	SER_only_multi_2	261	SER,SER	-106.31565902028147
P11309	OG		CB	A	2	261,276					SER	33-306		2	2	2	33-306	2O64	SER	2.44	ok	SER_only_multi_2	276	SER,SER	125.30086897533312
P11309	OG		CB	A	1	276					SER	33-305		2	1	1	33-305	2OBJ	SER	2.5	ok	SER_single	276	SER	116.170807810955
P11309	OG		CB	A	1	276					SER	33-306		2	1	1	33-306	2XIY	SER	2.2	ok	SER_single	276	SER	106.61864859485786
P11309	OG		CB	A	1	276					SER	33-306		2	1	1	33-306	2XIZ	SER	2.21	ok	SER_single	276	SER	111.57625025694409
P11309	OG		CB	A	1	276					SER	33-306		2	1	1	33-306	2XJ1	SER	2.13	ok	SER_single	276	SER	101.04525285688075
P11309	OG		CB	A	1	276					SER	33-306		2	1	1	33-306	2XJ2	SER	2.2	ok	SER_single	276	SER	99.369043939286
P11309	OG		CB	A	2	261,276					SER	33-305		2	2	2	33-305	3A99	SER	1.6	ok	SER_only_multi_2	261	SER,SER	-114.85395493307372
P11309	OG		CB	A	2	261,276					SER	33-305		2	2	2	33-305	3A99	SER	1.6	ok	SER_only_multi_2	276	SER,SER	120.8570095717036
P11309	OG		CB	A	1	276					SER	33-305		2	1	1	33-305	3BGQ	SER	2.0	ok	SER_single	276	SER	118.68411619660013
P11309	OG		CB	A	1	276					SER	33-79,85-305		2	1	1	33-79,85-305	3BGZ	SER	2.4	ok	SER_single	276	SER	119.82395988020585
P11309	OG		CB	A	2	261,276					SER	33-305		2	2	2	33-305	3BWF	SER	2.35	ok	SER_only_multi_2	261	SER,SER	-115.13882450080769
P11309	OG		CB	A	2	261,276					SER	33-305		2	2	2	33-305	3BWF	SER	2.35	ok	SER_only_multi_2	276	SER,SER	113.8647752470818
P11309	OG		CB	A	2	261,276					SER	33-305		2	2	2	33-305	3C4E	SER	1.98	ok	SER_only_multi_2	261	SER,SER	-118.37096805132474
P11309	OG		CB	A	2	261,276					SER	33-305		2	2	2	33-305	3C4E	SER	1.98	ok	SER_only_multi_2	276	SER,SER	119.40894939923149
P11309	OG		CB	A	2	261,276					SER	33-81,84-306		2	2	2	33-81,84-306	3CXW	SER	2.1	ok	SER_only_multi_2	261	SER,SER	-101.52483267103301
P11309	OG		CB	A	2	261,276					SER	33-81,84-306		2	2	2	33-81,84-306	3CXW	SER	2.1	ok	SER_only_multi_2	276	SER,SER	118.44165888116636
P11309	OG		CB	A	2	261,276					SER	33-81,84-305		2	2	2	33-81,84-305	3CY2	SER	2.01	ok	SER_only_multi_2	261	SER,SER	-114.39304016456809
P11309	OG		CB	A	2	261,276					SER	33-81,84-305		2	2	2	33-81,84-305	3CY2	SER	2.01	ok	SER_only_multi_2	276	SER,SER	111.00312122548442
P11309	OG		CB	A	1	276					SER	33-81,84-305		2	1	1	33-81,84-305	3CY3	SER	2.15	ok	SER_single	276	SER	112.35426939741582
P11309	OG		CB	A	1	276					SER	32-308		2	1	1	32-308	3F2A	SER	1.9	ok	SER_single	276	SER	113.67058889870403
P11309	OG		CB	A	2	261,276					SER	33-305		2	2	2	33-305	3JPV	SER	2.35	ok	SER_only_multi_2	261	SER,SER	-116.81431116140166
P11309	OG		CB	A	2	261,276					SER	33-305		2	2	2	33-305	3JPV	SER	2.35	ok	SER_only_multi_2	276	SER,SER	117.13608254339165
P11309	OG		CB	A	2	261,276					SER	33-307		2	2	2	33-307	3JY0	SER	2.4	ok	SER_only_multi_2	261	SER,SER	-111.71047694301451
P11309	OG		CB	A	2	261,276					SER	33-307		2	2	2	33-307	3JY0	SER	2.4	ok	SER_only_multi_2	276	SER,SER	120.13105102490542
P11309	OG		CB	A	2	261,276					SER	33-306		2	2	2	33-306	3JYA	SER	2.1	ok	SER_only_multi_2	261	SER,SER	-115.74003819798092
P11309	OG		CB	A	2	261,276					SER	33-306		2	2	2	33-306	3JYA	SER	2.1	ok	SER_only_multi_2	276	SER,SER	117.61893772943712
P11309	OG		CB	A	1	276					SER	37-45,48-305		2	1	1	37-45,48-305	3MA3	SER	2.3	ok	SER_single	276	SER	128.05947697285617
P11309	OG		CB	A	2	261,276					SER	32-305		2	2	2	32-305	3QF9	SER	2.2	ok	SER_only_multi_2	261	SER,SER	-116.570771210859
P11309	OG		CB	A	2	261,276					SER	32-305		2	2	2	32-305	3QF9	SER	2.2	ok	SER_only_multi_2	276	SER,SER	113.8467390570514
P11309	OG		CB	A	2	261,276					SER	33-306		2	2	2	33-306	3R00	SER	2.1	ok	SER_only_multi_2	261	SER,SER	-109.58060350904888
P11309	OG		CB	A	2	261,276					SER	33-306		2	2	2	33-306	3R00	SER	2.1	ok	SER_only_multi_2	276	SER,SER	118.00477067349128
P11309	OG		CB	A	2	261,276					SER	35-305		2	2	2	35-305	3R02	SER	1.95	ok	SER_only_multi_2	261	SER,SER	-111.45452281548755
P11309	OG		CB	A	2	261,276					SER	35-305		2	2	2	35-305	3R02	SER	1.95	ok	SER_only_multi_2	276	SER,SER	117.10835786659109
P11309	OG		CB	A	2	261,276					SER	35-305		2	2	2	35-305	3R04	SER	1.7	ok	SER_only_multi_2	261	SER,SER	-112.70198844841497
P11309	OG		CB	A	2	261,276					SER	35-305		2	2	2	35-305	3R04	SER	1.7	ok	SER_only_multi_2	276	SER,SER	114.68009627398654
P11309	OG		CB	A	2	261,276					SER	37-80,84-305		2	2	2	37-80,84-305	3UIX	SER	2.2	ok	SER_only_multi_2	261	SER,SER	-108.19400088017802
P11309	OG		CB	A	2	261,276					SER	37-80,84-305		2	2	2	37-80,84-305	3UIX	SER	2.2	ok	SER_only_multi_2	276	SER,SER	111.43426896734785
P11309	OG		CB	A	2	261,276					SER	37-80,85-304		2	2	2	37-80,85-304	3UMW	SER	2.08	ok	SER_only_multi_2	261	SER,SER	-112.29352390601724
P11309	OG		CB	A	2	261,276					SER	37-80,85-304		2	2	2	37-80,85-304	3UMW	SER	2.08	ok	SER_only_multi_2	276	SER,SER	116.65082193787805
P11309	OG		CB	A	2	261,276					SER	35-305		2	2	2	35-305	3VBQ	SER	1.85	ok	SER_only_multi_2	261	SER,SER	-112.71933141627021
P11309	OG		CB	A	2	261,276					SER	35-305		2	2	2	35-305	3VBQ	SER	1.85	ok	SER_only_multi_2	276	SER,SER	112.9300311861294
P11309	OG		CB	A	2	261,276					SER	35-79,84-305		2	2	2	35-79,84-305	3VBT	SER	2.23	ok	SER_only_multi_2	261	SER,SER	-112.49962303037908
P11309	OG		CB	A	2	261,276					SER	35-79,84-305		2	2	2	35-79,84-305	3VBT	SER	2.23	ok	SER_only_multi_2	276	SER,SER	115.39106225674455
P11309	OG		CB	A	2	261,276					SER	35-80,84-305		2	2	2	35-80,84-305	3VBV	SER	2.08	ok	SER_only_multi_2	261	SER,SER	-113.82388420074025
P11309	OG		CB	A	2	261,276					SER	35-80,84-305		2	2	2	35-80,84-305	3VBV	SER	2.08	ok	SER_only_multi_2	276	SER,SER	114.04638429541797
P11309	OG		CB	A	2	261,276					SER	35-45,50-80,84-305		2	2	2	35-45,50-80,84-305	3VBW	SER	2.48	ok	SER_only_multi_2	261	SER,SER	-111.42342249649536
P11309	OG		CB	A	2	261,276					SER	35-45,50-80,84-305		2	2	2	35-45,50-80,84-305	3VBW	SER	2.48	ok	SER_only_multi_2	276	SER,SER	127.31556994389307
P11309	OG		CB	A	2	261,276					SER	35-80,84-305		2	2	2	35-80,84-305	3VBX	SER	2.03	ok	SER_only_multi_2	261	SER,SER	-113.75969665867193
P11309	OG		CB	A	2	261,276					SER	35-80,84-305		2	2	2	35-80,84-305	3VBX	SER	2.03	ok	SER_only_multi_2	276	SER,SER	115.6542253658529
P11309	OG		CB	A	2	261,276					SER	35-79,84-305		2	2	2	35-79,84-305	3VBY	SER	2.27	ok	SER_only_multi_2	261	SER,SER	-124.31427528573217
P11309	OG		CB	A	2	261,276					SER	35-79,84-305		2	2	2	35-79,84-305	3VBY	SER	2.27	ok	SER_only_multi_2	276	SER,SER	113.90287610288088
P11309	OG		CB	A	2	261,276					SER	33-306		2	2	2	33-306	3VC4	SER	2.23	ok	SER_only_multi_2	261	SER,SER	-113.71011891197767
P11309	OG		CB	A	2	261,276					SER	33-306		2	2	2	33-306	3VC4	SER	2.23	ok	SER_only_multi_2	276	SER,SER	118.89212164680733
P11309	OG		CB	A	2	261,276					SER	33-305		2	2	2	33-305	3WE8	SER	1.954	ok	SER_only_multi_2	261	SER,SER	-119.00204902238288
P11309	OG		CB	A	2	261,276					SER	33-305		2	2	2	33-305	3WE8	SER	1.954	ok	SER_only_multi_2	276	SER,SER	116.76913865157687
P11309	OG		CB	A	1	276					SER	32-305		2	1	1	32-305	4A7C	SER	2.3	ok	SER_single	276	SER	116.03254205965523
P11309	OG		CB	A	2	261,276					SER	34-306		2	2	2	34-306	4ALW	SER	1.92	ok	SER_only_multi_2	261	SER,SER	-120.15944355034134
P11309	OG		CB	A	2	261,276					SER	34-306		2	2	2	34-306	4ALW	SER	1.92	ok	SER_only_multi_2	276	SER,SER	120.0245901791442
P11309	OG		CB	A	2	261,276					SER	33-305		2	2	2	33-305	4AS0	SER	2.3	ok	SER_only_multi_2	261	SER,SER	-121.27539417155698
P11309	OG		CB	A	2	261,276					SER	33-305		2	2	2	33-305	4AS0	SER	2.3	ok	SER_only_multi_2	276	SER,SER	120.98427844155025
P11309	OG		CB	A	1	276					SER	33-305		2	1	1	33-305	4BZN	SER	1.9	ok	SER_single	276	SER	114.21179529837995
P11309	OG		CB	A	1	276					SER	33-305		2	1	1	33-305	4BZO	SER	2.1	ok	SER_single	276	SER	112.07314464736005
P11309	OG		CB	A	2	261,276					SER	33-305		2	2	2	33-305	4DTK	SER	1.86	ok	SER_only_multi_2	261	SER,SER	-107.73353084706831
P11309	OG		CB	A	2	261,276					SER	33-305		2	2	2	33-305	4DTK	SER	1.86	ok	SER_only_multi_2	276	SER,SER	108.10342139274518
P11309	OG		CB	A	2	261,276					SER	33-305		2	2	2	33-305	4GW8	SER	2.0	ok	SER_only_multi_2	261	SER,SER	-114.71327383894031
P11309	OG		CB	A	2	261,276					SER	33-305		2	2	2	33-305	4GW8	SER	2.0	ok	SER_only_multi_2	276	SER,SER	120.15676360596952
P11309	OG		CB	A	2	261,276					SER	33-306		2	2	2	33-306	4JX3	SER	2.5	ok	SER_only_multi_2	261	SER,SER	-126.12252378305607
P11309	OG		CB	A	2	261,276					SER	33-306		2	2	2	33-306	4JX3	SER	2.5	ok	SER_only_multi_2	276	SER,SER	92.65345192348762
P11309	OG		CB	A	2	261,276					SER	33-306		2	2	2	33-306	4JX7	SER	2.4	ok	SER_only_multi_2	261	SER,SER	-121.74957980561928
P11309	OG		CB	A	2	261,276					SER	33-306		2	2	2	33-306	4JX7	SER	2.4	ok	SER_only_multi_2	276	SER,SER	106.32478011416597
P11309	OG		CB	A	2	261,276					SER	33-306		2	2	2	33-306	4K0Y	SER	1.954	ok	SER_only_multi_2	261	SER,SER	-114.6241166250956
P11309	OG		CB	A	2	261,276					SER	33-306		2	2	2	33-306	4K0Y	SER	1.954	ok	SER_only_multi_2	276	SER,SER	112.11313446526111
P11309	OG		CB	A	2	261,276					SER	32-308		2	2	2	32-308	4K18	SER	2.051	ok	SER_only_multi_2	261	SER,SER	-111.90602041281709
P11309	OG		CB	A	2	261,276					SER	32-308		2	2	2	32-308	4K18	SER	2.051	ok	SER_only_multi_2	276	SER,SER	119.74238531244092
P11309	OG		CB	A	2	261,276					SER	33-305		2	2	2	33-305	4K1B	SER	2.082	ok	SER_only_multi_2	261	SER,SER	-123.19825666340289
P11309	OG		CB	A	2	261,276					SER	33-305		2	2	2	33-305	4K1B	SER	2.082	ok	SER_only_multi_2	276	SER,SER	106.76722214675239
P11309	OG		CB	A	2	261,276					SER	34-79,84-305		2	2	2	34-79,84-305	4LL5	SER	2.0	ok	SER_only_multi_2	261	SER,SER	-122.52753096457337
P11309	OG		CB	A	2	261,276					SER	34-79,84-305		2	2	2	34-79,84-305	4LL5	SER	2.0	ok	SER_only_multi_2	276	SER,SER	121.49202378001361
P11309	OG		CB	A	2	261,276					SER	35-79,86-305		2	2	2	35-79,86-305	4LM5	SER	2.25	ok	SER_only_multi_2	261	SER,SER	-111.77867414050571
P11309	OG		CB	A	2	261,276					SER	35-79,86-305		2	2	2	35-79,86-305	4LM5	SER	2.25	ok	SER_only_multi_2	276	SER,SER	109.12000211568856
P11309	OG		CB	A	2	261,276					SER	36-79,84-304		2	2	2	36-79,84-304	4LMU	SER	2.38	ok	SER_only_multi_2	261	SER,SER	-120.71332548156042
P11309	OG		CB	A	2	261,276					SER	36-79,84-304		2	2	2	36-79,84-304	4LMU	SER	2.38	ok	SER_only_multi_2	276	SER,SER	107.22835354840413
P11309	OG		CB	A	2	261,276					SER	33-306		2	2	2	33-306	4MBI	SER	2.3	ok	SER_only_multi_2	261	SER,SER	-111.31318930744213
P11309	OG		CB	A	2	261,276					SER	33-306		2	2	2	33-306	4MBI	SER	2.3	ok	SER_only_multi_2	276	SER,SER	112.05885719364365
P11309	OG		CB	A	2	261,276					SER	33-305		2	2	2	33-305	4MTA	SER	2.2	ok	SER_only_multi_2	261	SER,SER	-115.44324728427539
P11309	OG		CB	A	2	261,276					SER	33-305		2	2	2	33-305	4MTA	SER	2.2	ok	SER_only_multi_2	276	SER,SER	107.09765498353954
P11309	OG		CB	A	1	276					SER	33-305		2	1	1	33-305	4N6Z	SER	2.2	ok	SER_single	276	SER	118.35173072764103
P11309	OG		CB	A	1	276					SER	32-306		2	1	1	32-306	4N70	SER	2.1	ok	SER_single	276	SER	108.34798320467549
P11309	OG		CB	A	1	276					SER	33-305		2	1	1	33-305	4RC2	SER	2.096	ok	SER_single	276	SER	107.0718869177241
P11309	OG		CB	A	1	276					SER	33-47,49-305		2	1	1	33-47,49-305	4RC3	SER	2.338	ok	SER_single	276	SER	106.35725946804385
P11309	OG		CB	A	2	261,276					SER	33-305		2	2	2	33-305	4WRS	SER	2.2	ok	SER_only_multi_2	261	SER,SER	-112.95023952070369
P11309	OG		CB	A	2	261,276					SER	33-305		2	2	2	33-305	4WRS	SER	2.2	ok	SER_only_multi_2	276	SER,SER	114.61736907042712
P11309	OG		CB	A	2	261,276					SER	33-305		2	2	2	33-305	4WSY	SER	2.3	ok	SER_only_multi_2	261	SER,SER	-126.73116566567738
P11309	OG		CB	A	2	261,276					SER	33-305		2	2	2	33-305	4WSY	SER	2.3	ok	SER_only_multi_2	276	SER,SER	116.16433348967371
P11309	OG		CB	A	2	261,276					SER	33-305		2	2	2	33-305	4WT6	SER	2.3	ok	SER_only_multi_2	261	SER,SER	-121.16153421949988
P11309	OG		CB	A	2	261,276					SER	33-305		2	2	2	33-305	4WT6	SER	2.3	ok	SER_only_multi_2	276	SER,SER	119.37947607839311
P11309	OG		CB	A	2	261,276					SER	33-305		2	2	2	33-305	4XH6	SER	2.04	ok	SER_only_multi_2	261	SER,SER	-113.98707049825083
P11309	OG		CB	A	2	261,276					SER	33-305		2	2	2	33-305	4XH6	SER	2.04	ok	SER_only_multi_2	276	SER,SER	116.32380932767333
P11309	OG		CB	A	2	261,276					SER	33-305		2	2	2	33-305	5DHJ	SER	2.457	ok	SER_only_multi_2	261	SER,SER	-118.67154319050438
P11309	OG		CB	A	2	261,276					SER	33-305		2	2	2	33-305	5DHJ	SER	2.457	ok	SER_only_multi_2	276	SER,SER	107.29359044919718
P11309	OG		CB	A	2	261,276					SER	33-305		2	2	2	33-305	5DIA	SER	1.964	ok	SER_only_multi_2	261	SER,SER	-114.22620391360135
P11309	OG		CB	A	2	261,276					SER	33-305		2	2	2	33-305	5DIA	SER	1.964	ok	SER_only_multi_2	276	SER,SER	109.45951122544656
P11309	OG		CB	A	1	276					SER	33-306		2	1	1	33-306	5DWR	SER	2.0	ok	SER_single	276	SER	119.33058187108196
P11309	OG		CB	A	2	261,276					SER	33-305		2	2	2	33-305	5EOL	SER	2.2	ok	SER_only_multi_2	261	SER,SER	-117.27024635105236
P11309	OG		CB	A	2	261,276					SER	33-305		2	2	2	33-305	5EOL	SER	2.2	ok	SER_only_multi_2	276	SER,SER	113.63781265812398
P11309	OG		CB	A	1	276					SER	32-305		2	1	1	32-305	5IIS	SER	2.1	ok	SER_single	276	SER	118.63732451354845
P11309	OG		CB	A	2	261,276					SER	33-305		2	2	2	33-305	5IPJ	SER	2.1	ok	SER_only_multi_2	261	SER,SER	-119.5635972259352
P11309	OG		CB	A	2	261,276					SER	33-305		2	2	2	33-305	5IPJ	SER	2.1	ok	SER_only_multi_2	276	SER,SER	117.11242854833516
P11309	OG		CB	A	2	261,276					SER	34-305		2	2	2	34-305	5KCX	SER	2.2	ok	SER_only_multi_2	261	SER,SER	-114.42239647338299
P11309	OG		CB	A	2	261,276					SER	34-305		2	2	2	34-305	5KCX	SER	2.2	ok	SER_only_multi_2	276	SER,SER	114.78004805050118
P11309	OG		CB	A	2	261,276					SER	33-305		2	2	2	33-305	5KGD	SER	1.98	ok	SER_only_multi_2	261	SER,SER	-114.44439360603924
P11309	OG		CB	A	2	261,276					SER	33-305		2	2	2	33-305	5KGD	SER	1.98	ok	SER_only_multi_2	276	SER,SER	109.45440921629168
P11309	OG		CB	A	2	261,276					SER	33-305		2	2	2	33-305	5KGE	SER	2.23	ok	SER_only_multi_2	261	SER,SER	-115.22395238893958
P11309	OG		CB	A	2	261,276					SER	33-305		2	2	2	33-305	5KGE	SER	2.23	ok	SER_only_multi_2	276	SER,SER	108.06253653485464
P11309	OG		CB	A	2	261,276					SER	33-305		2	2	2	33-305	5KGG	SER	1.95	ok	SER_only_multi_2	261	SER,SER	-116.12921180780727
P11309	OG		CB	A	2	261,276					SER	33-305		2	2	2	33-305	5KGG	SER	1.95	ok	SER_only_multi_2	276	SER,SER	109.2006500025664
P11309	OG		CB	A	2	261,276					SER	33-305		2	2	2	33-305	5KGI	SER	2.13	ok	SER_only_multi_2	261	SER,SER	-114.3492546104168
P11309	OG		CB	A	2	261,276					SER	33-305		2	2	2	33-305	5KGI	SER	2.13	ok	SER_only_multi_2	276	SER,SER	109.0275657393577
P11309	OG		CB	A	2	261,276					SER	33-305		2	2	2	33-305	5KZI	SER	2.1	ok	SER_only_multi_2	261	SER,SER	-117.26597755025884
P11309	OG		CB	A	2	261,276					SER	33-305		2	2	2	33-305	5KZI	SER	2.1	ok	SER_only_multi_2	276	SER,SER	125.85454613783085
P11309	OG		CB	A	2	261,276					SER	33-46,51-305		2	2	2	33-46,51-305	5MZL	SER	1.955	ok	SER_only_multi_2	261	SER,SER	-116.82710391721756
P11309	OG		CB	A	2	261,276					SER	33-46,51-305		2	2	2	33-46,51-305	5MZL	SER	1.955	ok	SER_only_multi_2	276	SER,SER	120.56442997549975
P11309	OG		CB	A	2	261,276					SER	33-305		2	2	2	33-305	5N4N	SER	2.09	ok	SER_only_multi_2	261	SER,SER	-119.2924947269977
P11309	OG		CB	A	2	261,276					SER	33-305		2	2	2	33-305	5N4N	SER	2.09	ok	SER_only_multi_2	276	SER,SER	117.22139988708817
P11309	OG		CB	A	2	261,276					SER	33-47,50-305		2	2	2	33-47,50-305	5N4O	SER	2.22	ok	SER_only_multi_2	261	SER,SER	-123.54138611780616
P11309	OG		CB	A	2	261,276					SER	33-47,50-305		2	2	2	33-47,50-305	5N4O	SER	2.22	ok	SER_only_multi_2	276	SER,SER	114.35982499577402
P11309	OG		CB	A	2	261,276					SER	33-305		2	2	2	33-305	5N4R	SER	2.13	ok	SER_only_multi_2	261	SER,SER	-120.02428525870903
P11309	OG		CB	A	2	261,276					SER	33-305		2	2	2	33-305	5N4R	SER	2.13	ok	SER_only_multi_2	276	SER,SER	115.73899109720661
P11309	OG		CB	A	2	261,276					SER	34-305		2	2	2	34-305	5N4U	SER	2.202	ok	SER_only_multi_2	261	SER,SER	-111.94313321378893
P11309	OG		CB	A	2	261,276					SER	34-305		2	2	2	34-305	5N4U	SER	2.202	ok	SER_only_multi_2	276	SER,SER	112.57011637913004
P11309	OG		CB	A	2	261,276					SER	33-305		2	2	2	33-305	5N4V	SER	1.85	ok	SER_only_multi_2	261	SER,SER	-118.41919096320085
P11309	OG		CB	A	2	261,276					SER	33-305		2	2	2	33-305	5N4V	SER	1.85	ok	SER_only_multi_2	276	SER,SER	114.08026694267025
P11309	OG		CB	A	2	261,276					SER	33-82,84-305		2	2	2	33-82,84-305	5N4X	SER	2.2	ok	SER_only_multi_2	261	SER,SER	-115.24125141431722
P11309	OG		CB	A	2	261,276					SER	33-82,84-305		2	2	2	33-82,84-305	5N4X	SER	2.2	ok	SER_only_multi_2	276	SER,SER	108.95348029536953
P11309	OG		CB	A	2	261,276					SER	34-305		2	2	2	34-305	5N4Z	SER	2.257	ok	SER_only_multi_2	261	SER,SER	-122.11486677197605
P11309	OG		CB	A	2	261,276					SER	34-305		2	2	2	34-305	5N4Z	SER	2.257	ok	SER_only_multi_2	276	SER,SER	110.56113839501188
P11309	OG		CB	A	2	261,276					SER	33-305		2	2	2	33-305	5N50	SER	1.92	ok	SER_only_multi_2	261	SER,SER	-114.3503686371541
P11309	OG		CB	A	2	261,276					SER	33-305		2	2	2	33-305	5N50	SER	1.92	ok	SER_only_multi_2	276	SER,SER	118.81225096855023
P11309	OG		CB	A	1	276					SER	33-46,51-305		2	1	1	33-46,51-305	5N51	SER	2.118	ok	SER_single	276	SER	124.01159100397048
P11309	OG		CB	A	2	261,276					SER	33-45,51-305		2	2	2	33-45,51-305	5N52	SER	2.252	ok	SER_only_multi_2	261	SER,SER	-115.34341038743817
P11309	OG		CB	A	2	261,276					SER	33-45,51-305		2	2	2	33-45,51-305	5N52	SER	2.252	ok	SER_only_multi_2	276	SER,SER	121.0831945160948
P11309	OG		CB	A	1	276					SER	33-80,82-305		2	1	1	33-80,82-305	5N5L	SER	1.97	ok	SER_single	276	SER	118.38797209990983
P11309	OG		CB	A	1	276					SER	33-305		2	1	1	33-305	5N5M	SER	2.21	ok	SER_single	276	SER	114.11066008388552
P11309	OG		CB	A	2	261,276					SER	33-305		2	2	2	33-305	5NDT	SER	1.985	ok	SER_only_multi_2	261	SER,SER	-113.55679051277127
P11309	OG		CB	A	2	261,276					SER	33-305		2	2	2	33-305	5NDT	SER	1.985	ok	SER_only_multi_2	276	SER,SER	118.7861970461696
P11309	OG		CB	A	1	276					SER	34-47,50-305		2	1	1	34-47,50-305	5O11	SER	2.4	ok	SER_single	276	SER	101.78512991341495
P11309	OG		CB	A	1	276					SER	34-46,51-81,84-305		2	1	1	34-46,51-81,84-305	5O12	SER	2.4	ok	SER_single	276	SER	107.16932443567129
P11309	OG		CB	A	1	276					SER	34-305		2	1	1	34-305	5O13	SER	2.44	ok	SER_single	276	SER	111.83072468437265
P11309	OG		CB	A	2	261,276					SER	33-82,84-306		2	2	2	33-82,84-306	5TEL	SER	2.214	ok	SER_only_multi_2	261	SER,SER	-123.54739534346533
P11309	OG		CB	A	2	261,276					SER	33-82,84-306		2	2	2	33-82,84-306	5TEL	SER	2.214	ok	SER_only_multi_2	276	SER,SER	121.1541510975825
P11309	OG		CB	A	2	261,276					SER	33-306		2	2	2	33-306	5TEX	SER	2.149	ok	SER_only_multi_2	261	SER,SER	-117.12728529284605
P11309	OG		CB	A	2	261,276					SER	33-306		2	2	2	33-306	5TEX	SER	2.149	ok	SER_only_multi_2	276	SER,SER	119.60259607951681
P11309	OG		CB	A	2	261,276					SER	34-82,84-306		2	2	2	34-82,84-306	5TOE	SER	2.301	ok	SER_only_multi_2	261	SER,SER	-120.58662330259196
P11309	OG		CB	A	2	261,276					SER	34-82,84-306		2	2	2	34-82,84-306	5TOE	SER	2.301	ok	SER_only_multi_2	276	SER,SER	114.98316731040883
P11309	OG		CB	A	2	261,276					SER	33-305		2	2	2	33-305	5V80	SER	2.252	ok	SER_only_multi_2	261	SER,SER	-125.59300905707715
P11309	OG		CB	A	2	261,276					SER	33-305		2	2	2	33-305	5V80	SER	2.252	ok	SER_only_multi_2	276	SER,SER	101.79268082045971
P11309	OG		CB	A	2	261,276					SER	34-306		2	2	2	34-306	5V82	SER	1.888	ok	SER_only_multi_2	261	SER,SER	-111.8922817766771
P11309	OG		CB	A	2	261,276					SER	34-306		2	2	2	34-306	5V82	SER	1.888	ok	SER_only_multi_2	276	SER,SER	108.55465869986494
P11309	OG		CB	A	1	276					SER	33-305		2	1	1	33-305	6L11	SER	2.05	ok	SER_single	276	SER	107.30749631055993
P11309	OG		CB	A	1	276					SER	33-305		2	1	1	33-305	6L12	SER	1.87	ok	SER_single	276	SER	115.86308565205036
P11309	OG		CB	A	1	276					SER	33-305		2	1	1	33-305	6L13	SER	2.24	ok	SER_single	276	SER	114.98612223569597
P11309	OG		CB	A	1	276					SER	33-81,84-305		2	1	1	33-81,84-260,262-305	6L14	SER	1.95	ok	SER_single	276	SER	110.40883516263929
P11309	OG		CB	A	1	276					SER	33-80,84-305		2	1	1	33-80,84-260,262-305	6L16	SER	2.1	ok	SER_single	276	SER	110.11131380190479
P11309	OG		CB	A	1	276					SER	33-305		2	1	1	33-260,262-305	6L17	SER	1.75	ok	SER_single	276	SER	116.61638393578531
P11309	OG		CB	A	2	261,276					SER	33-305		2	2	2	33-305	6MT0	SER	2.2	ok	SER_only_multi_2	261	SER,SER	-115.97225741775964
P11309	OG		CB	A	2	261,276					SER	33-305		2	2	2	33-305	6MT0	SER	2.2	ok	SER_only_multi_2	276	SER,SER	111.88667821684693
P11309	OG		CB	A	2	261,276					SER	33-305		2	2	2	33-305	6NO8	SER	2.377	ok	SER_only_multi_2	261	SER,SER	-126.48943363774664
P11309	OG		CB	A	2	261,276					SER	33-305		2	2	2	33-305	6NO8	SER	2.377	ok	SER_only_multi_2	276	SER,SER	122.71091371818596
P11309	OG		CB	A	2	261,276					SER	33-305		2	2	2	33-305	6NO9	SER	1.712	ok	SER_only_multi_2	261	SER,SER	-128.35335215420804
P11309	OG		CB	A	2	261,276					SER	33-305		2	2	2	33-305	6NO9	SER	1.712	ok	SER_only_multi_2	276	SER,SER	121.68938894691948
P11309	OG		CB	A	2	261,276					SER	32-82,84-305		2	2	2	32-82,84-305	6PCW	SER	2.2	ok	SER_only_multi_2	261	SER,SER	-114.66223358562766
P11309	OG		CB	A	2	261,276					SER	32-82,84-305		2	2	2	32-82,84-305	6PCW	SER	2.2	ok	SER_only_multi_2	276	SER,SER	123.10503921599849
P11309	OG		CB	A	2	261,276					SER	32-305		2	2	2	32-305	6PDI	SER	1.85	ok	SER_only_multi_2	261	SER,SER	-112.91997675459822
P11309	OG		CB	A	2	261,276					SER	32-305		2	2	2	32-305	6PDI	SER	1.85	ok	SER_only_multi_2	276	SER,SER	113.85961086873729
P11309	OG		CB	A	1	276					SER	32-46,51-305		2	1	1	32-46,51-305	6PDN	SER	2.4	ok	SER_single	276	SER	118.53050691946166
P11309	OG		CB	A	2	261,276					SER	35-46,51-305		2	2	2	35-46,51-305	6PDO	SER	2.4	ok	SER_only_multi_2	261	SER,SER	-117.95372983313048
P11309	OG		CB	A	2	261,276					SER	35-46,51-305		2	2	2	35-46,51-305	6PDO	SER	2.4	ok	SER_only_multi_2	276	SER,SER	117.22803411969466
P11309	OG		CB	A	2	261,276					SER	36-44,47-305		2	2	2	36-44,47-305	6PDP	SER	2.5	ok	SER_only_multi_2	261	SER,SER	-122.14067761113675
P11309	OG		CB	A	2	261,276					SER	36-44,47-305		2	2	2	36-44,47-305	6PDP	SER	2.5	ok	SER_only_multi_2	276	SER,SER	95.41867131895519
P11309	OG		CB	A	2	261,276					SER	34-306		2	2	2	34-306	6VRU	SER	2.07	ok	SER_only_multi_2	261	SER,SER	-115.83039136591914
P11309	OG		CB	A	2	261,276					SER	34-306		2	2	2	34-306	6VRU	SER	2.07	ok	SER_only_multi_2	276	SER,SER	113.51006471260912
P11309	OG		CB	A	2	261,276					SER	35-305		2	2	2	35-305	6VRV	SER	1.74	ok	SER_only_multi_2	261	SER,SER	-118.59852997972446
P11309	OG		CB	A	2	261,276					SER	35-305		2	2	2	35-305	6VRV	SER	1.74	ok	SER_only_multi_2	276	SER,SER	118.11230136938745
P11309	OG		CB	A	1	276					SER	33-305		2	1	1	33-305	6YKD	SER	1.86	ok	SER_single	276	SER	115.65857256036497
P11309	OG		CB	A	2	261,276					SER	33-305		2	2	2	33-305	7OOV	SER	1.96	ok	SER_only_multi_2	261	SER,SER	-117.46838932633169
P11309	OG		CB	A	2	261,276					SER	33-305		2	2	2	33-305	7OOV	SER	1.96	ok	SER_only_multi_2	276	SER,SER	117.15560781631315
P11309	OG		CB	A	2	261,276					SER	33-305		2	2	2	33-305	7OOW	SER	1.95	ok	SER_only_multi_2	261	SER,SER	-114.48464184408527
P11309	OG		CB	A	2	261,276					SER	33-305		2	2	2	33-305	7OOW	SER	1.95	ok	SER_only_multi_2	276	SER,SER	118.29854991004983
P11309	OG		CB	A	2	261,276					SER	1-14,36-305		2	2	2	1-14,36-305	7OOX	SER	1.97	ok	SER_only_multi_2	261	SER,SER	-113.889666448788
P11309	OG		CB	A	2	261,276					SER	1-14,36-305		2	2	2	1-14,36-305	7OOX	SER	1.97	ok	SER_only_multi_2	276	SER,SER	128.72511723115312
P11309	OG		CB	A	1	276					SER	33-46,49-305		2	1	1	33-46,49-305	7QFM	SER	1.95	ok	SER_single	276	SER	118.96144699738595
P11309	OG		CB	A	2	261,276					SER	33-305		2	2	2	33-305	7VSY	SER	2.141	ok	SER_only_multi_2	261	SER,SER	-114.32049938480517
P11309	OG		CB	A	2	261,276					SER	33-305		2	2	2	33-305	7VSY	SER	2.141	ok	SER_only_multi_2	276	SER,SER	116.13236629920178
P11309	OG		CB	A	1	276					SER	33-46,48-80,84-98,100-305		2	1	1	33-46,48-80,84-98,100-305	7Z6U	SER	2.28	ok	SER_single	276	SER	133.701538396679
P11309	OG		CB	A	1	276					SER	33-45,49-305		2	1	1	33-45,49-305	7ZUN	SER	2.5	ok	SER_single	276	SER	100.57242412095593
P11309	OG		CB	A	1	276					SER	33-44,51-80,84-305		2	1	1	33-44,51-80,84-305	8AFR	SER	2.15	ok	SER_single	276	SER	125.50879977027833
P11309	OG		CB	A	1	276					SER	33-305		2	1	1	33-305	8R0H	SER	1.88	ok	SER_single	276	SER	122.99261223781764
P11309	OG		CB	A	1	276					SER	33-79,86-305		2	1	1	33-79,86-305	8R0Q	SER	1.7	ok	SER_single	276	SER	116.15406420730208
P11309	OG		CB	A	1	276					SER	33-305		2	1	1	33-305	8R0W	SER	1.95	ok	SER_single	276	SER	-114.85233232080027
P11309	OG		CB	A	1	276					SER	33-47,50-305		2	1	1	33-47,50-305	8R0Y	SER	2.05	ok	SER_single	276	SER	123.99483155715235
P11309	OG		CB	A	1	276					SER	33-45,51-80,84-97,100-305		2	1	1	33-45,51-80,84-97,100-305	8R10	SER	2.2	ok	SER_single	276	SER	117.72534765859137
P11309	OG		CB	A	1	276					SER	33-305		2	1	1	33-305	8R18	SER	1.89	ok	SER_single	276	SER	-116.8138070295091
P11309	OG		CB	A	1	276					SER	33-305		2	1	1	33-305	8R1K	SER	1.95	ok	SER_single	276	SER	119.10575601722034
P11309	OG		CB	A	1	276					SER	34-305		2	1	1	34-305	8R1N	SER	2.21	ok	SER_single	276	SER	-103.83223191885395
P11309	OG		CB	A	1	276					SER	33-44,49-305		2	1	1	33-44,49-305	8R1P	SER	2.45	ok	SER_single	276	SER	110.82133881360758
P11309	OG		CB	A	1	276					SER	33-305		2	1	1	33-305	8R1T	SER	2.0	ok	SER_single	276	SER	-108.1036280080327
P11309	OG		CB	A	1	276					SER	33-45,49-305		2	1	1	33-45,49-305	8R1W	SER	2.15	ok	SER_single	276	SER	118.35585224768033
P11309	OG		CB	A	1	276					SER	33-305		2	1	1	33-305	8R25	SER	2.1	ok	SER_single	276	SER	121.75710617385005
P11309	OG		CB	A	1	276					SER	33-80,82-305		2	1	1	33-80,82-305	8R27	SER	1.95	ok	SER_single	276	SER	-113.77472708243062
P11309	OG		CB	A	1	276					SER	33-306		2	1	1	33-306	9YKI	SER	1.95	ok	SER_single	276	SER	112.12883871902584
P19097	OG		CB	A	1	1440					SER	1-94,328-539,602-1825,1833-1886		1	1	1	1-94,328-539,602-1825,1833-1886	8PRW	SER	1.9	ok	SER_single	1440	SER	0.09422409589783634
P19097	OG		CB	B	1	1440					SER	1-94,329-538,624-971,979-1474,1482-1744		1	1	1	1-94,329-538,624-971,979-1474,1482-1744	9P4V	SER	2.08	ok	SER_single	1440	SER	99.2019795029934
P19097	OG		CB	B	1	1440					SER	1-94,329-538,603-620,623-970,979-1067,1069-1435,1439-1470,1485-1725,1727-1744		1	1	1	1-94,329-538,603-620,623-970,979-1067,1069-1435,1439-1470,1485-1725,1727-1744	9P4W	SER	2.29	ok	SER_single	1440	SER	128.79398607263408
P20906	OG		CB	A	1	26					SER	2-524		1	1	1	2-524	1BFD	SER	1.6	ok	SER_single	26	SER	123.32214241635477
P20906	OG		CB	A	1	26					SER	2-524		1	1	1	2-524	1PI3	SER	1.2	ok	SER_single	26	SER	123.20093317089038
P20906	OG		CB	A	1	26					SER	2-525		1	1	1	2-525	1PO7	SER	1.2	ok	SER_single	26	SER	120.66827264212996
P20906	OG		CB	A	1	26					SER	2-525		1	1	1	2-525	1Q6Z	SER	1.0	ok	SER_single	26	SER	122.04001261994526
P20906	OG		CB	A	1	26					SER	2-525		1	1	1	2-525	1YNO	SER	1.22	ok	SER_single	26	SER	122.17870253335084
P20906	OG		CB	A	1	26					SER	2-527		1	1	1	2-527	2V3W	SER	2.2	ok	SER_single	26	SER	113.50830163890951
P20906	OG		CB	A	1	26					SER	2-524		1	1	1	2-524	3FZN	SER	1.62	ok	SER_single	26	SER	118.27678294129895
P20906	OG		CB	A	1	26					SER	2-526		1	1	1	2-526	4GG1	SER	1.069	ok	SER_single	26	SER	-118.11217866707081
P20906	OG		CB	A	1	26					SER	2-526		1	1	1	2-526	4GM0	SER	1.07	ok	SER_single	26	SER	-119.11053994384392
P20906	OG		CB	A	1	26					SER	2-526		1	1	1	2-526	4GM1	SER	1.26	ok	SER_single	26	SER	129.37527941164888
P20906	OG		CB	A	1	26					SER	2-526		1	1	1	2-526	4GM4	SER	1.28	ok	SER_single	26	SER	127.30696402358045
P20906	OG		CB	A	1	26					SER	2-526		1	1	1	2-526	4GP9	SER	1.07	ok	SER_single	26	SER	125.15062600501345
P20906	OG		CB	A	1	26					SER	2-526		1	1	1	2-526	4GPE	SER	1.39	ok	SER_single	26	SER	120.869017157277
P20906	OG		CB	A	1	26					SER	2-526		1	1	1	2-526	4JD5	SER	1.33	ok	SER_single	26	SER	118.36431822659637
P20906	OG		CB	A	1	26					SER	2-526		1	1	1	2-526	4JU8	SER	1.251	ok	SER_single	26	SER	126.11671611342915
P20906	OG		CB	A	1	26					SER	2-525		1	1	1	2-525	4JU9	SER	1.124	ok	SER_single	26	SER	120.00407176846487
P20906	OG		CB	A	1	26					SER	2-526		1	1	1	2-526	4JUA	SER	1.15	ok	SER_single	26	SER	-120.80996730190824
P20906	OG		CB	A	1	26					SER	2-525		1	1	1	2-525	4JUB	SER	1.901	ok	SER_single	26	SER	-118.73395333410392
P20906	OG		CB	A	1	26					SER	2-525		1	1	1	2-525	4JUF	SER	2.148	ok	SER_single	26	SER	121.8967232491738
P20906	OG		CB	A	1	26					SER	2-525		1	1	1	2-525	4K9K	SER	1.301	ok	SER_single	26	SER	117.5435287122785
P20906	OG		CB	A	1	26					SER	2-282,286-526		1	1	1	2-282,286-526	4K9L	SER	1.649	ok	SER_single	26	SER	122.14927183472838
P20906	OG		CB	A	1	26					SER	2-524		1	1	1	2-524	4K9M	SER	1.15	ok	SER_single	26	SER	121.70549079987715
P20906	OG		CB	A	1	26					SER	2-525		1	1	1	2-525	4K9N	SER	1.7	ok	SER_single	26	SER	115.96579751463152
P20906	OG		CB	A	1	26					SER	2-526		1	1	1	2-526	4K9O	SER	1.888	ok	SER_single	26	SER	117.10857896694259
P20906	OG		CB	A	1	26					SER	2-526		1	1	1	2-526	4K9P	SER	2.244	ok	SER_single	26	SER	132.83256587699492
P20906	OG		CB	A	1	26					SER	2-526		1	1	1	2-526	4MPP	SER	1.501	ok	SER_single	26	SER	124.39309945023963
P20906	OG		CB	A	1	26					SER	2-526		1	1	1	2-526	4MPR	SER	1.401	ok	SER_single	26	SER	121.48881920355699
P20906	OG		CB	A	1	26					SER	2-525		1	1	1	2-525	4MQ5	SER	1.502	ok	SER_single	26	SER	117.74564392913915
P20906	OG		CB	A	1	26					SER	2-526		1	1	1	2-526	4MZX	SER	1.558	ok	SER_single	26	SER	115.21566360383285
P20906	OG		CB	A	1	26					SER	2-525		1	1	1	2-525	4QEL	SER	1.432	ok	SER_single	26	SER	125.2133799298131
P20906	OG		CB	A	1	26					SER	2-525		1	1	1	2-525	5DGD	SER	1.13	ok	SER_single	26	SER	117.97746700855505
P20906	OG		CB	A	1	26					SER	2-525		1	1	1	2-525	5DGT	SER	1.081	ok	SER_single	26	SER	124.17948756938691
P20906	OG		CB	A	1	26					SER	2-526		1	1	1	2-526	6M2Z	SER	2.35	ok	SER_single	26	SER	124.32114456132226
P23874	OG		CB	A	1	150					SER	2-108,112-132,135-437		1	1	1	2-108,112-132,135-437	2WIU	SER	2.35	ok	SER_single	150	SER	-13.574841952174712
P23874	OG		CB	B	1	150					SER	3-183,198-435		1	1	1	3-183,198-435	3DNT	SER	1.66	ok	SER_single	150	SER	-4.084345241668296
P23874	OG		CB	A	1	150					SER	2-109,114-134,146-184,196-437		1	1	1	2-109,114-134,146-184,196-437	3DNU	SER	1.54	ok	SER_single	150	SER	-2.942840526905501
P23874	OG		CB	B	1	150					SER	3-183,198-435		1	1	1	3-183,198-435	3TPT	SER	2.25	ok	SER_single	150	SER	5.814543898492227
P24864	OG		CB	B	1	103					SER	101-376		1	1	1	101-376	7XQK	SER	2.25	ok	SER_single	103	SER	-8.13854254516862
P24864	OG		CB	B	1	103					SER	103-373		1	1	1	103-373	8H6P	SER	2.44	ok	SER_single	103	SER	-139.91550085518762
P24864	OG		CB	B	1	103					SER	101-377		1	1	1	101-377	9BJC	SER	2.22	ok	SER_single	103	SER	-24.072687128253985
P24864	OG		CB	B	1	103					SER	102-375		1	1	1	102-375	9OB2	SER	2.12	ok	SER_single	103	SER	0.7896130891133789
P24864	OG		CB	B	1	103					SER	102-375		1	1	1	102-375	9OB3	SER	1.98	ok	SER_single	103	SER	3.896681425298006
P24864	OG		CB	B	1	103					SER	102-375		1	1	1	102-375	9OB4	SER	1.95	ok	SER_single	103	SER	0.6135298417649857
P24864	OG		CB	B	1	103					SER	102-375		1	1	1	102-375	9OB5	SER	2.1	ok	SER_single	103	SER	1.7100888016443667
P24864	OG		CB	B	1	103					SER	102-375		1	1	1	102-375	9OB6	SER	2.0	ok	SER_single	103	SER	1.2077618614904917
P25321	OG		CB	A	1	140					SER	1-351		4	1	1	1-351	4WIH	SER	1.139	ok	SER_single	140	SER	106.95914155459683
P26276	OG		CB	A	1	108					SER	9-463		1	1	1	9-463	4MRQ	SER	1.9	ok	SER_single	108	SER	-126.16188041239906
P26361	OG		CB	B	3	659,660,670					SER	389-412,428-670		4	3	3	389-412,428-670	1Q3H	SER	2.5	ok	SER_only_multi_3	659	SER,SER,SER	-107.78620668529398
P26361	OG		CB	B	3	659,660,670					SER	389-412,428-670		4	3	3	389-412,428-670	1Q3H	SER	2.5	ok	SER_only_multi_3	660	SER,SER,SER	30.440441232444723
P26361	OG		CB	B	3	659,660,670					SER	389-412,428-670		4	3	3	389-412,428-670	1Q3H	SER	2.5	ok	SER_only_multi_3	670	SER,SER,SER	148.9620097683942
P26361	OG		CB	B	3	659,660,670					SER	389-413,429-670		4	3	3	389-413,429-670	1R0W	SER	2.2	ok	SER_only_multi_3	659	SER,SER,SER	-102.10198279088986
P26361	OG		CB	B	3	659,660,670					SER	389-413,429-670		4	3	3	389-413,429-670	1R0W	SER	2.2	ok	SER_only_multi_3	660	SER,SER,SER	18.863595247252086
P26361	OG		CB	B	3	659,660,670					SER	389-413,429-670		4	3	3	389-413,429-670	1R0W	SER	2.2	ok	SER_only_multi_3	670	SER,SER,SER	-144.58833602797216
P26361	OG		CB	B	3	659,660,670					SER	389-411,429-670		4	3	3	389-411,429-670	1R0X	SER	2.2	ok	SER_only_multi_3	659	SER,SER,SER	-111.77148966257505
P26361	OG		CB	B	3	659,660,670					SER	389-411,429-670		4	3	3	389-411,429-670	1R0X	SER	2.2	ok	SER_only_multi_3	660	SER,SER,SER	45.264241838599915
P26361	OG		CB	B	3	659,660,670					SER	389-411,429-670		4	3	3	389-411,429-670	1R0X	SER	2.2	ok	SER_only_multi_3	670	SER,SER,SER	-166.6127317949642
P26361	OG		CB	B	3	659,660,670					SER	389-413,429-507,509-670		4	3	3	389-413,429-507,509-670	3SI7	SER	2.25	ok	SER_only_multi_3	659	SER,SER,SER	-83.54950954918017
P26361	OG		CB	B	3	659,660,670					SER	389-413,429-507,509-670		4	3	3	389-413,429-507,509-670	3SI7	SER	2.25	ok	SER_only_multi_3	660	SER,SER,SER	30.982494048336665
P26361	OG		CB	B	3	659,660,670					SER	389-413,429-507,509-670		4	3	3	389-413,429-507,509-670	3SI7	SER	2.25	ok	SER_only_multi_3	670	SER,SER,SER	-108.9395479164788
P27361	OG		CB	A	1	286					SER	24-375		3	2	1	24-375	2ZOQ	SER	2.39	ok	SER_mixed_with_THR	286	SER	-134.3144951872798
P27361	OG		CB	A	1	286					SER	24-374		3	3	1	24-374	4QTB	SER	1.4	ok	SER_mixed_with_THRTYR	286	SER	8.029603143858736
P27361	OG		CB	A	1	286					SER	25-374		3	3	1	25-374	6GES	SER	2.07	ok	SER_mixed_with_THRTYR	286	SER	-19.644216316778746
P31324	OG		CB	B	1	112					SER	104-121,130-324,337-393		1	1	1	104-121,130-324,337-393	3TNP	SER	2.3	ok	SER_single	112	SER	-113.37118916207855
P31749	OG		CB	A	1	477					SER	144-446,463-478		3	2	1	144-446,463-478	3CQU	SER	2.2	ok	SER_mixed_with_ASP	477	SER	-74.73468223374101
P31749	OG		CB	A	1	477					SER	144-447,464-478		3	2	1	144-447,464-478	3CQW	SER	2.0	ok	SER_mixed_with_ASP	477	SER	134.38824749405117
P31749	OG		CB	A	1	477					SER	144-447,466-477		3	2	1	144-447,466-477	3MV5	SER	2.47	ok	SER_mixed_with_ASP	477	SER	81.17202757044217
P31749	OG		CB	A	1	477					SER	144-449,458-478		3	2	1	144-449,458-478	3QKK	SER	2.3	ok	SER_mixed_with_ASP	477	SER	-120.23866514452101
P31749	OG		CB	A	1	477					SER	144-448,466-478		3	2	1	144-448,466-478	3QKL	SER	1.9	ok	SER_mixed_with_ASP	477	SER	112.16279607494361
P31749	OG		CB	A	1	477					SER	144-451,457-478		3	2	1	144-451,457-478	3QKM	SER	2.2	ok	SER_mixed_with_ASP	477	SER	-93.45990274925344
P31749	OG		CB	A	1	477					SER	144-451,457-478		3	2	1	144-451,457-478	4EKL	SER	2.0	ok	SER_mixed_with_ASP	477	SER	-103.17165031040876
P31749	OG		CB	A	1	477					SER	144-451,457-477		3	2	1	144-451,457-477	4GV1	SER	1.49	ok	SER_mixed_with_ASP	477	SER	-102.16507854953072
P33284	OG		CB	B	1	15					SER	7-485		1	1	1	7-485	3O08	SER	2.0	ok	SER_single	15	SER	-1.2111581406284453
P33284	OG		CB	A	1	15					SER	2-485		1	1	1	2-485	3O1W	SER	1.66	ok	SER_single	15	SER	14.063894721650845
P33284	OG		CB	A	1	15					SER	2-485		1	1	1	2-485	3O4W	SER	1.61	ok	SER_single	15	SER	12.058786618133059
P33284	OG		CB	A	1	15					SER	7-485		1	1	1	7-485	3O5B	SER	1.97	ok	SER_single	15	SER	20.74849234954832
P33284	OG		CB	A	1	15					SER	14-485		1	1	1	14-485	3O8M	SER	1.42	ok	SER_single	15	SER	-36.290167532679575
P33981	OG		CB	A	1	677					SER	519-677,683-697,711-795		4	4	1	519-677,683-697,711-795	5MRB	SER	2.2	ok	SER_mixed_with_THR	677	SER	-4.3213477808631255
P33981	OG		CB	A	1	677					SER	515-699,709-795		4	4	1	515-699,709-795	6GVJ	SER	2.41	ok	SER_mixed_with_THR	677	SER	100.35862490027966
P33981	OG		CB	A	1	677					SER	519-678,680-698,710-795		4	4	1	519-678,680-698,710-795	7LQD	SER	1.95	ok	SER_mixed_with_THR	677	SER	85.09883329233675
P35557	OG		CB	A	1	411					SER	12-93,98-458		1	1	1	12-93,98-397,399-458	3F9M	SER	1.5	ok	SER_single	411	SER	122.39557949984004
P35557	OG		CB	A	1	411					SER	12-66,69-93,97-140,143-458		1	1	1	12-66,69-93,97-140,143-458	3FGU	SER	2.15	ok	SER_single	411	SER	116.04283261275513
P35557	OG		CB	A	1	411					SER	12-94,98-457		1	1	1	12-94,98-457	3ID8	SER	2.4	ok	SER_single	411	SER	122.19309494574672
P35557	OG		CB	A	1	411					SER	12-457		1	1	1	12-65,69-139,143-457	3IDH	SER	2.14	ok	SER_single	411	SER	124.37039760201247
P35557	OG		CB	A	1	411					SER	16-93,98-461		1	1	1	16-93,98-461	3IMX	SER	2.0	ok	SER_single	411	SER	116.61599176888866
P35557	OG		CB	A	1	411					SER	12-92,100-458		1	1	1	12-92,100-458	3S41	SER	2.18	ok	SER_single	411	SER	129.88017528050918
P35557	OG		CB	A	1	411					SER	12-93,99-458		1	1	1	12-93,99-458	3VEV	SER	1.8	ok	SER_single	411	SER	126.24150937018575
P35557	OG		CB	A	1	411					SER	12-93,100-458		1	1	1	12-93,100-458	3VF6	SER	1.86	ok	SER_single	411	SER	120.55365394773305
P35557	OG		CB	A	1	411					SER	9-94,97-153,179-465		1	1	1	9-94,97-153,179-465	4DCH	SER	1.79	ok	SER_single	411	SER	127.31462312507804
P35557	OG		CB	A	1	411					SER	12-92,100-458		1	1	1	12-92,100-458	4DHY	SER	2.38	ok	SER_single	411	SER	129.30986371972102
P35557	OG		CB	A	1	411					SER	12-91,100-458		1	1	1	12-91,100-458	4NO7	SER	1.7	ok	SER_single	411	SER	122.74258624376506
P35557	OG		CB	A	1	411					SER	16-93,99-150,180-397,401-464		1	1	1	16-93,99-150,180-397,401-464	5V4W	SER	2.39	ok	SER_single	411	SER	134.79772222602446
P35557	OG		CB	A	1	411					SER	1-66,69-92,101-458		1	1	1	1-66,69-92,101-458	6E0I	SER	1.9	ok	SER_single	411	SER	123.32636023129761
P36871	OG		CB	A	1	117					SER	1-506,510-562		1	1	1	1-506,510-562	5EPC	SER	1.85	ok	SER_single	117	SER	-13.085960658332105
P36871	OG		CB	A	1	117					SER	1-257,265-505,511-562		1	1	1	1-257,265-505,511-562	5F9C	SER	2.5	ok	SER_single	117	SER	-35.10129530610122
P36871	OG		CB	A	1	117					SER	1-562		1	1	1	1-562	5VEC	SER	2.20001616144	ok	SER_single	117	SER	-5.440008057013069
P36871	OG		CB	B	1	117					SER	1-213,215-562		1	1	1	1-213,215-562	5VG7	SER	1.95000322932	ok	SER_single	117	SER	4.148561464673836
P36871	OG		CB	A	1	117					SER	1-562		1	1	1	1-562	6UIQ	SER	2.3	ok	SER_single	117	SER	13.402131547805611
P36871	OG		CB	A	1	117					SER	1-505,510-562		1	1	1	1-505,510-562	6UO6	SER	2.15	ok	SER_single	117	SER	20.93208552218412
P36871	OG		CB	A	1	117					SER	1-505,511-562		1	1	1	1-505,511-562	7S0W	SER	2.5	ok	SER_single	117	SER	-14.994095497333271
P39579				A	1	36					SER	1-78		1	1	1	1-78	4BPH	SER	1.8	missing_required_atoms:OG	SER_single	36	SER	
P41743	OG		CB	A	1	484					SER	248-453,466-589		3	1	1	248-453,466-589	5LI9	SER	1.79	ok	SER_single	484	SER	116.21097050217418
P42336	OG		CB	A	3	7,158,790					SER	2-227,244-313,324-497,525-863,872-1061		3	3	3	2-227,244-313,324-497,525-863,872-1061	4JPS	SER	2.2	ok	SER_only_multi_3	7	SER,SER,SER	-113.82885067776351
P42336	OG		CB	A	3	7,158,790					SER	2-227,244-313,324-497,525-863,872-1061		3	3	3	2-227,244-313,324-497,525-863,872-1061	4JPS	SER	2.2	ok	SER_only_multi_3	158	SER,SER,SER	-27.747333269936167
P42336	OG		CB	A	3	7,158,790					SER	2-227,244-313,324-497,525-863,872-1061		3	3	3	2-227,244-313,324-497,525-863,872-1061	4JPS	SER	2.2	ok	SER_only_multi_3	790	SER,SER,SER	116.2170256856701
P42336	OG		CB	A	3	7,158,790					SER	2-230,234-312,323-500,524-864,872-1061		3	3	3	2-230,234-312,323-500,524-864,872-1061	4WAF	SER	2.39	ok	SER_only_multi_3	7	SER,SER,SER	-110.3949265034258
P42336	OG		CB	A	3	7,158,790					SER	2-230,234-312,323-500,524-864,872-1061		3	3	3	2-230,234-312,323-500,524-864,872-1061	4WAF	SER	2.39	ok	SER_only_multi_3	158	SER,SER,SER	123.58220982962713
P42336	OG		CB	A	3	7,158,790					SER	2-230,234-312,323-500,524-864,872-1061		3	3	3	2-230,234-312,323-500,524-864,872-1061	4WAF	SER	2.39	ok	SER_only_multi_3	790	SER,SER,SER	111.59946173035121
P42336	OG		CB	A	2	158,790					SER	107-198,203-232,248-310,322-347,354-409,417-449,454-862,873-940,949-968,970-1051		3	2	2	107-198,203-232,248-310,322-347,354-409,417-449,454-862,873-940,949-968,970-1051	5DXT	SER	2.25	ok	SER_only_multi_2	158	SER,SER	-4.895945586887486
P42336	OG		CB	A	2	158,790					SER	107-198,203-232,248-310,322-347,354-409,417-449,454-862,873-940,949-968,970-1051		3	2	2	107-198,203-232,248-310,322-347,354-409,417-449,454-862,873-940,949-968,970-1051	5DXT	SER	2.25	ok	SER_only_multi_2	790	SER,SER	123.11206543178828
P42336	OG		CB	A	3	7,158,790					SER	2-231,236-311,323-494,524-862,871-1062		3	3	3	2-231,236-311,323-494,524-862,871-1062	5FI4	SER	2.5	ok	SER_only_multi_3	7	SER,SER,SER	-128.5619660632561
P42336	OG		CB	A	3	7,158,790					SER	2-231,236-311,323-494,524-862,871-1062		3	3	3	2-231,236-311,323-494,524-862,871-1062	5FI4	SER	2.5	ok	SER_only_multi_3	158	SER,SER,SER	115.56905688570063
P42336	OG		CB	A	3	7,158,790					SER	2-231,236-311,323-494,524-862,871-1062		3	3	3	2-231,236-311,323-494,524-862,871-1062	5FI4	SER	2.5	ok	SER_only_multi_3	790	SER,SER,SER	133.55468077193615
P42336	OG		CB	A	2	158,790					SER	107-232,248-309,325-346,353-409,417-863,872-942,949-1050		3	2	2	107-232,248-309,325-346,353-409,417-863,872-942,949-1050	5UBR	SER	2.4	ok	SER_only_multi_2	158	SER,SER	-3.2563260435333605
P42336	OG		CB	A	2	158,790					SER	107-232,248-309,325-346,353-409,417-863,872-942,949-1050		3	2	2	107-232,248-309,325-346,353-409,417-863,872-942,949-1050	5UBR	SER	2.4	ok	SER_only_multi_2	790	SER,SER	145.98585555716917
P42336	OG		CB	A	3	7,158,790					SER	2-230,238-313,323-499,524-863,872-1057		3	3	3	2-230,238-313,323-499,524-863,872-1057	5UK8	SER	2.5	ok	SER_only_multi_3	7	SER,SER,SER	-96.54740318665394
P42336	OG		CB	A	3	7,158,790					SER	2-230,238-313,323-499,524-863,872-1057		3	3	3	2-230,238-313,323-499,524-863,872-1057	5UK8	SER	2.5	ok	SER_only_multi_3	158	SER,SER,SER	-89.59500984435233
P42336	OG		CB	A	3	7,158,790					SER	2-230,238-313,323-499,524-863,872-1057		3	3	3	2-230,238-313,323-499,524-863,872-1057	5UK8	SER	2.5	ok	SER_only_multi_3	790	SER,SER,SER	117.74802037716276
P42336	OG		CB	A	2	158,790					SER	107-310,324-500,507-862,873-942,949-1051		3	2	2	107-310,324-500,507-862,873-942,949-1051	6GVF	SER	2.5	ok	SER_only_multi_2	158	SER,SER	-109.99045620917555
P42336	OG		CB	A	2	158,790					SER	107-310,324-500,507-862,873-942,949-1051		3	2	2	107-310,324-500,507-862,873-942,949-1051	6GVF	SER	2.5	ok	SER_only_multi_2	790	SER,SER	128.70441855669807
P42336	OG		CB	A	2	158,790					SER	107-199,203-232,246-309,322-347,351-409,417-863,873-940,949-1051		3	2	2	107-199,203-232,246-309,322-347,351-409,417-863,873-940,949-1051	6PYS	SER	2.19	ok	SER_only_multi_2	158	SER,SER	0.2481330308119287
P42336	OG		CB	A	2	158,790					SER	107-199,203-232,246-309,322-347,351-409,417-863,873-940,949-1051		3	2	2	107-199,203-232,246-309,322-347,351-409,417-863,873-940,949-1051	6PYS	SER	2.19	ok	SER_only_multi_2	790	SER,SER	123.21563553599582
P42336	OG		CB	A	1	158					SER	157-198,203-300		3	1	1	157-198,203-300	6VO7	SER	2.31	ok	SER_single	158	SER	104.44305282264035
P42336	OG		CB	A	2	158,790					SER	107-198,203-232,246-310,322-347,350-409,417-863,866-867,869-942,949-1052		3	2	2	107-198,203-232,246-310,322-347,350-409,417-863,866-867,869-942,949-1052	7JIU	SER	2.12	ok	SER_only_multi_2	158	SER,SER	1.7256930694489585
P42336	OG		CB	A	2	158,790					SER	107-198,203-232,246-310,322-347,350-409,417-863,866-867,869-942,949-1052		3	2	2	107-198,203-232,246-310,322-347,350-409,417-863,866-867,869-942,949-1052	7JIU	SER	2.12	ok	SER_only_multi_2	790	SER,SER	118.08706539992838
P42336	OG		CB	A	2	158,790					SER	109-231,247-308,324-345,351-412,416-500,524-1047		3	2	2	109-231,247-308,324-345,351-412,416-500,524-1047	7K6M	SER	2.413	ok	SER_only_multi_2	158	SER,SER	138.20296945280964
P42336	OG		CB	A	2	158,790					SER	109-231,247-308,324-345,351-412,416-500,524-1047		3	2	2	109-231,247-308,324-345,351-412,416-500,524-1047	7K6M	SER	2.413	ok	SER_only_multi_2	790	SER,SER	148.8319046966644
P42336	OG		CB	A	3	7,158,790					SER	3-313,322-501,523-864,871-1065		3	3	3	3-313,322-501,523-864,871-1065	7PG5	SER	2.20029074868	ok	SER_only_multi_3	7	SER,SER,SER	-130.1332143313994
P42336	OG		CB	A	3	7,158,790					SER	3-313,322-501,523-864,871-1065		3	3	3	3-313,322-501,523-864,871-1065	7PG5	SER	2.20029074868	ok	SER_only_multi_3	158	SER,SER,SER	-112.75006528714299
P42336	OG		CB	A	3	7,158,790					SER	3-313,322-501,523-864,871-1065		3	3	3	3-313,322-501,523-864,871-1065	7PG5	SER	2.20029074868	ok	SER_only_multi_3	790	SER,SER,SER	118.78977666235069
P42336	OG		CB	A	3	7,158,790					SER	3-313,323-500,523-864,871-1065		3	3	3	3-313,323-500,523-864,871-1065	7PG6	SER	2.49943744477	ok	SER_only_multi_3	7	SER,SER,SER	-142.3113780277769
P42336	OG		CB	A	3	7,158,790					SER	3-313,323-500,523-864,871-1065		3	3	3	3-313,323-500,523-864,871-1065	7PG6	SER	2.49943744477	ok	SER_only_multi_3	158	SER,SER,SER	-114.07276273345477
P42336	OG		CB	A	3	7,158,790					SER	3-313,323-500,523-864,871-1065		3	3	3	3-313,323-500,523-864,871-1065	7PG6	SER	2.49943744477	ok	SER_only_multi_3	790	SER,SER,SER	100.16720448024972
P42336	OG		CB	A	3	7,158,790					SER	2-187,190-228,253-311,323-501,521-863,871-1052		3	3	3	2-187,190-228,253-311,323-501,521-863,871-1052	7TZ7	SER	2.41	ok	SER_only_multi_3	7	SER,SER,SER	-108.07555666515262
P42336				A	3	7,158,790					SER	2-187,190-228,253-311,323-501,521-863,871-1052		3	3	3	2-187,190-228,253-311,323-501,521-863,871-1052	7TZ7	SER	2.41	missing_required_atoms:OG	SER_only_multi_3	158	SER,SER,SER	
P42336	OG		CB	A	3	7,158,790					SER	2-187,190-228,253-311,323-501,521-863,871-1052		3	3	3	2-187,190-228,253-311,323-501,521-863,871-1052	7TZ7	SER	2.41	ok	SER_only_multi_3	790	SER,SER,SER	114.32510182502935
P42336	OG		CB	A	2	158,790					SER	107-231,248-310,324-409,419-862,873-939,952-1046		3	2	2	107-231,248-310,324-409,419-862,873-939,952-1046	8BFU	SER	2.41	ok	SER_only_multi_2	158	SER,SER	-116.99354484375644
P42336	OG		CB	A	2	158,790					SER	107-231,248-310,324-409,419-862,873-939,952-1046		3	2	2	107-231,248-310,324-409,419-862,873-939,952-1046	8BFU	SER	2.41	ok	SER_only_multi_2	790	SER,SER	115.63229231987631
P42336	OG		CB	A	2	158,790					SER	20-238,242-310,324-503,514-518,522-1053		3	2	2	20-238,242-310,324-503,514-518,522-1053	8DCP	SER	2.41	ok	SER_only_multi_2	158	SER,SER	29.92636235157046
P42336	OG		CB	A	2	158,790					SER	20-238,242-310,324-503,514-518,522-1053		3	2	2	20-238,242-310,324-503,514-518,522-1053	8DCP	SER	2.41	ok	SER_only_multi_2	790	SER,SER	141.76612455996784
P42336	OG		CB	A	2	158,790					SER	107-199,203-232,248-310,322-348,351-409,417-863,872-941,949-1051		3	2	2	107-199,203-232,248-310,322-348,351-409,417-863,872-941,949-1051	8EXL	SER	1.989	ok	SER_only_multi_2	158	SER,SER	4.569048910990222
P42336	OG		CB	A	2	158,790					SER	107-199,203-232,248-310,322-348,351-409,417-863,872-941,949-1051		3	2	2	107-199,203-232,248-310,322-348,351-409,417-863,872-941,949-1051	8EXL	SER	1.989	ok	SER_only_multi_2	790	SER,SER	125.21464992852033
P42336	OG		CB	A	2	158,790					SER	107-232,246-310,322-348,351-409,417-863,872-944,949-1051		3	2	2	107-232,246-310,322-348,351-409,417-863,872-944,949-1051	8EXO	SER	2.46	ok	SER_only_multi_2	158	SER,SER	7.46789709113367
P42336	OG		CB	A	2	158,790					SER	107-232,246-310,322-348,351-409,417-863,872-944,949-1051		3	2	2	107-232,246-310,322-348,351-409,417-863,872-944,949-1051	8EXO	SER	2.46	ok	SER_only_multi_2	790	SER,SER	122.97731941951396
P42336	OG		CB	A	2	158,790					SER	107-199,203-232,246-310,322-348,351-409,417-863,872-942,949-1051		3	2	2	107-199,203-232,246-310,322-348,351-409,417-863,872-942,949-1051	8EXV	SER	2.48	ok	SER_only_multi_2	158	SER,SER	-31.361531925514193
P42336	OG		CB	A	2	158,790					SER	107-199,203-232,246-310,322-348,351-409,417-863,872-942,949-1051		3	2	2	107-199,203-232,246-310,322-348,351-409,417-863,872-942,949-1051	8EXV	SER	2.48	ok	SER_only_multi_2	790	SER,SER	133.84162376263777
P42336	OG		CB	A	3	7,158,790					SER	2-195,206-225,251-310,323-498,524-862,873-1053		3	3	3	2-195,206-225,251-310,323-498,524-862,873-1053	8SBC	SER	2.3	ok	SER_only_multi_3	7	SER,SER,SER	-116.32226956955634
P42336				A	3	7,158,790					SER	2-195,206-225,251-310,323-498,524-862,873-1053		3	3	3	2-195,206-225,251-310,323-498,524-862,873-1053	8SBC	SER	2.3	missing_required_atoms:OG	SER_only_multi_3	158	SER,SER,SER	
P42336	OG		CB	A	3	7,158,790					SER	2-195,206-225,251-310,323-498,524-862,873-1053		3	3	3	2-195,206-225,251-310,323-498,524-862,873-1053	8SBC	SER	2.3	ok	SER_only_multi_3	790	SER,SER,SER	118.25178961314501
P42336	OG		CB	A	1	158					SER	157-298		3	1	1	157-298	9B4U	SER	2.21	ok	SER_single	158	SER	100.95262263552353
P49759	OG		CB	A	1	341					SER	148-306,311-482		2	2	1	148-306,311-482	1Z57	SER	1.7	ok	SER_mixed_with_THR	341	SER	-130.46851405933793
P49759	OG		CB	A	1	341					SER	148-483		2	2	1	148-483	5J1W	SER	2.42	ok	SER_mixed_with_THR	341	SER	-134.5771304545745
P49759	OG		CB	B	1	341					SER	154-481		2	2	1	155-481	5X8I	SER	1.902	ok	SER_mixed_with_THR	341	SER	-129.4326229803458
P49759	OG		CB	A	1	341					SER	148-483		2	2	1	148-483	6FT8	SER	1.45	ok	SER_mixed_with_THR	341	SER	-128.11355483336138
P49759	OG		CB	A	1	341					SER	148-482		2	2	1	148-482	6FT9	SER	1.87	ok	SER_mixed_with_THR	341	SER	-131.46250385465157
P49759	OG		CB	A	1	341					SER	148-306,310-481		2	2	1	148-306,310-481	6FYO	SER	2.32	ok	SER_mixed_with_THR	341	SER	-137.38522307203573
P49759	OG		CB	B	1	341					SER	148-482		2	2	1	148-482	6G33	SER	2.05	ok	SER_mixed_with_THR	341	SER	137.18291664474376
P49759	OG		CB	A	1	341					SER	148-302,314-481		2	2	1	148-302,314-481	6I5H	SER	1.49	ok	SER_mixed_with_THR	341	SER	-128.53467653248427
P49759	OG		CB	A	1	341					SER	148-412,416-483		2	2	1	148-412,416-483	6I5I	SER	1.6	ok	SER_mixed_with_THR	341	SER	-127.33760723547485
P49759	OG		CB	C	1	341					SER	148-483		2	2	1	148-483	6I5K	SER	2.3	ok	SER_mixed_with_THR	341	SER	-134.90493069030137
P49759	OG		CB	A	1	341					SER	148-484		2	2	1	148-484	6Q8K	SER	2.29	ok	SER_mixed_with_THR	341	SER	-129.47224332717758
P49759	OG		CB	A	1	341					SER	149-481		2	2	1	149-481	6QTY	SER	1.65	ok	SER_mixed_with_THR	341	SER	-137.10191263866832
P49759	OG		CB	A	1	341					SER	152-481		2	2	1	152-481	6R3D	SER	1.85	ok	SER_mixed_with_THR	341	SER	-127.40379896443855
P49759	OG		CB	A	1	341					SER	153-308,311-481		2	2	1	153-308,311-481	6R6E	SER	2.25	ok	SER_mixed_with_THR	341	SER	-132.88594551648924
P49759	OG		CB	A	1	341					SER	152-481		2	2	1	152-481	6R6X	SER	2.05	ok	SER_mixed_with_THR	341	SER	-127.53172899416417
P49759	OG		CB	A	1	341					SER	152-481		2	2	1	152-481	6R8J	SER	1.75	ok	SER_mixed_with_THR	341	SER	-129.05119266867217
P49759	OG		CB	A	1	341					SER	148-481		2	2	1	148-481	6RAA	SER	2.1	ok	SER_mixed_with_THR	341	SER	-142.32626179209922
P49759	OG		CB	A	1	341					SER	148-483		2	2	1	148-483	6YTA	SER	2.3	ok	SER_mixed_with_THR	341	SER	-137.1186710753878
P49759	OG		CB	A	1	341					SER	148-484		2	2	1	148-484	6YTD	SER	2.0	ok	SER_mixed_with_THR	341	SER	-132.16219961597085
P49759	OG		CB	A	1	341					SER	148-305,313-483		2	2	1	148-305,313-483	6YTG	SER	1.95	ok	SER_mixed_with_THR	341	SER	-114.86081592274782
P49759	OG		CB	A	1	341					SER	150-165,167-307,311-482		2	2	1	150-165,167-307,311-482	6YTI	SER	2.4	ok	SER_mixed_with_THR	341	SER	-140.6958773189562
P49759	OG		CB	B	1	341					SER	148-484		2	2	1	148-484	6Z4Z	SER	2.07	ok	SER_mixed_with_THR	341	SER	-132.14658473535238
P49759	OG		CB	A	1	341					SER	149-481		2	2	1	149-481	6Z50	SER	1.6	ok	SER_mixed_with_THR	341	SER	-131.54471395460627
P49759	OG		CB	A	1	341					SER	148-484		2	2	1	148-484	6ZLN	SER	1.7	ok	SER_mixed_with_THR	341	SER	-136.1483670401262
P49759				A	1	341					SER	148-483		2	2	1	148-483	7AK3	SER	2.5	missing_required_atoms:OG	SER_mixed_with_THR	341	SER	
P49759	OG		CB	A	1	341					SER	152-481		2	2	1	152-481	7O9Y	SER	1.66	ok	SER_mixed_with_THR	341	SER	-124.6078312436288
P49759	OG		CB	B	1	341					SER	148-483		2	2	1	148-483	7OPG	SER	1.93	ok	SER_mixed_with_THR	341	SER	-133.50696202891294
P49759	OG		CB	A	1	341					SER	148-481		2	2	1	148-481	8P08	SER	2.4	ok	SER_mixed_with_THR	341	SER	-149.04127577375195
P50750	OG		CB	A	1	306					SER	8-50,55-87,98-176,182-259,267-325		2	1	1	8-50,55-87,98-176,182-259,267-325	3BLH	SER	2.48	ok	SER_single	306	SER	129.42740734596583
P50750	OG		CB	A	1	306					SER	8-88,97-344		2	1	1	8-88,97-344	3MI9	SER	2.1	ok	SER_single	306	SER	112.06546391250919
P52956	OG		CB	A	1	126					SER	26-212		1	1	1	26-212	3GBS	SER	1.75	ok	SER_single	126	SER	-32.64419472977059
P61006	OG		CB	A	1	111					SER	7-176		2	2	1	7-176	3QBT	SER	2.0	ok	SER_mixed_with_THR	111	SER	5.165696924515501
P61006	OG		CB	A	1	111					SER	6-175		2	2	1	6-175	3TNF	SER	2.5	ok	SER_mixed_with_THR	111	SER	20.47624048712622
P61006	OG		CB	A	1	111					SER	6-64,74-176		2	1	1	6-64,74-176	4LHV	SER	1.95	ok	SER_single	111	SER	-154.90002791178398
P61006	OG		CB	A	1	111					SER	6-176		2	2	1	6-176	4LHW	SER	1.55	ok	SER_mixed_with_THR	111	SER	-125.95213935997143
P61006	OG		CB	B	1	111					SER	2-176		2	1	1	2-176	6RIR	SER	1.767	ok	SER_single	111	SER	-122.63432472397814
P61006	OG		CB	A	1	111					SER	2-177		2	2	1	2-177	6SQ2	SER	1.684	ok	SER_mixed_with_GLU	111	SER	-111.66243474148284
P61006	OG		CB	B	1	111					SER	4-178		2	2	1	4-178	6WHE	SER	1.73	ok	SER_mixed_with_GLU	111	SER	-131.08899930407674
P61006	OG		CB	A	1	111					SER	6-175		2	2	1	6-175	6YX5	SER	2.14	ok	SER_mixed_with_THR	111	SER	37.88438158342077
P61006	OG		CB	B	1	111					SER	3-175		2	2	1	3-175	6ZSI	SER	1.914	ok	SER_mixed_with_THR	111	SER	-136.93361626766924
P61006	OG		CB	B	1	111					SER	3-175		2	2	1	3-175	6ZSJ	SER	2.0	ok	SER_mixed_with_THR	111	SER	-119.9649844963291
P61006	OG		CB	B	1	111					SER	3-180		2	2	1	3-180	7BWT	SER	2.3	ok	SER_mixed_with_THR	111	SER	13.862684511749343
P61006	OG		CB	A	1	111					SER	1-180		2	1	1	1-180	7LWB	SER	1.9	ok	SER_single	111	SER	-115.91917869565016
P61006	OG		CB	A	1	111					SER	4-177		2	2	1	4-177	9IKQ	SER	1.93	ok	SER_mixed_with_THR	111	SER	-100.42166651575096
P62508	OG		CB	B	1	179					SER	124-203		1	1	1	124-203	8IFO	SER	2.2	ok	SER_single	179	SER	106.05023577003591
P62987	OG		CB	A	1	65					SER	1-76		1	1	1	1-76	4HJK	SER	1.784	ok	SER_single	65	SER	-110.28537464073658
P62987	OG		CB	B	1	65					SER	1-76		1	1	1	1-76	4PIG	SER	1.952	ok	SER_single	65	SER	-114.04151937518525
P62987	OG		CB	A	1	65					SER	1-76		1	1	1	1-76	4PIH	SER	1.5	ok	SER_single	65	SER	-102.68083303322311
P62987	OG		CB	A	1	65					SER	1-75		1	1	1	1-75	4PIJ	SER	1.5	ok	SER_single	65	SER	-107.75788093335706
P62987	OG		CB	B	1	65					SER	1-75		1	1	1	1-75	4RF1	SER	2.15	ok	SER_single	65	SER	-117.20372853698689
P62987	OG		CB	A	1	65					SER	1-76		1	1	1	1-76	4XKL	SER	2.1	ok	SER_single	65	SER	-97.98598667622241
P62987	OG		CB	B	1	65					SER	1-75		1	1	1	1-75	5HPK	SER	2.431	ok	SER_single	65	SER	-86.11348237042021
P62987	OG		CB	C	1	65					SER	1-77		1	1	1	1-77	5HPL	SER	2.31	ok	SER_single	65	SER	-107.44734187095382
P62987	OG		CB	B	1	65					SER	1-73		1	1	1	1-73	5HPS	SER	2.05	ok	SER_single	65	SER	-119.15342100201806
P62987	OG		CB	A	1	65					SER	1-76		1	1	1	1-76	5J8P	SER	1.554	ok	SER_single	65	SER	-115.54508538010369
P62987	OG		CB	A	1	65					SER	1-76		1	1	1	1-76	5JBV	SER	2.104	ok	SER_single	65	SER	-111.97276021341263
P62987	OG		CB	B	1	65					SER	1-52,54-74		1	1	1	1-52,54-74	7M3Q	SER	2.5	ok	SER_single	65	SER	-108.88821991247707
P62987	OG		CB	A	1	65					SER	1-74		1	1	1	1-74	7OWC	SER	1.85	ok	SER_single	65	SER	-106.28071167624766
P62987	OG		CB	B	1	65					SER	1-8,10-72		1	1	1	1-8,10-72	8IPJ	SER	2.003	ok	SER_single	65	SER	-111.26276245021796
P62992	OG		CB	B	1	65					SER	1-76		1	1	1	1-76	4M0W	SER	1.4	ok	SER_single	65	SER	-114.89095192508609
P62992	OG		CB	A	1	65					SER	1-76		1	1	1	1-76	4Y1H	SER	1.4	ok	SER_single	65	SER	-114.50222519893272
P62992	OG		CB	A	1	65					SER	1-75		1	1	1	1-75	4Z9S	SER	2.3	ok	SER_single	65	SER	-120.91615473587032
P62992	OG		CB	B	1	65					SER	1-76		1	1	1	1-76	5BZ0	SER	2.1	ok	SER_single	65	SER	-107.90526837195138
P62992	OG		CB	C	1	65					SER	1-76		1	1	1	1-76	5FER	SER	2.34	ok	SER_single	65	SER	-120.29647156996371
P62992	OG		CB	B	1	65					SER	1-76		1	1	1	1-76	5MN9	SER	2.05	ok	SER_single	65	SER	-112.0452656226652
P62992	OG		CB	B	1	65					SER	1-76		1	1	1	1-76	5XU8	SER	1.81	ok	SER_single	65	SER	-108.802158359801
P62992	OG		CB	B	1	65					SER	1-76		1	1	1	1-76	5XVE	SER	1.24	ok	SER_single	65	SER	-119.72878292036643
P62992	OG		CB	A	1	65					SER	1-76		1	1	1	1-76	6E2B	SER	1.45	ok	SER_single	65	SER	-115.18018056032575
P62992	OG		CB	A	1	65					SER	1-76		1	1	1	1-76	6Q01	SER	0.851	ok	SER_single	65	SER	-111.1909939181935
P62992	OG		CB	C	1	65					SER	1-76		1	1	1	1-76	7F0U	SER	2.2	ok	SER_single	65	SER	-105.33341048938945
P68400	OG		CB	A	1	2					SER	2-332		1	1	1	2-332	1PJK	SER	2.5	ok	SER_single	2	SER	8.58920978794905
P68400	OG		CB	A	1	2					SER	2-329		1	1	1	2-329	2PVR	SER	1.605	ok	SER_single	2	SER	-108.64443179026811
P68400	OG		CB	A	1	2					SER	1-332		1	1	1	1-332	2ZJW	SER	2.4	ok	SER_single	2	SER	-119.39493454391808
P68400	OG		CB	A	1	2					SER	2-45,51-103,108-328		1	1	1	2-45,51-103,108-328	3AMY	SER	2.3	ok	SER_single	2	SER	-25.751454445915403
P68400	OG		CB	A	1	2					SER	2-335		1	1	1	2-335	3AT2	SER	1.6	ok	SER_single	2	SER	-31.301152430896867
P68400	OG		CB	A	1	2					SER	2-332		1	1	1	2-332	3AT4	SER	2.2	ok	SER_single	2	SER	-10.567495947633759
P68400	OG		CB	A	1	2					SER	2-330		1	1	1	2-330	3AXW	SER	2.5	ok	SER_single	2	SER	-6.894496847395018
P68400	OG		CB	A	1	2					SER	2-335		1	1	1	2-335	3FWQ	SER	2.3	ok	SER_single	2	SER	124.11024643030561
P68400	OG		CB	A	1	2					SER	2-334		1	1	1	2-334	3H30	SER	1.56	ok	SER_single	2	SER	-31.26900802872982
P68400	OG		CB	A	1	2					SER	2-335		1	1	1	2-335	3JUH	SER	1.66	ok	SER_single	2	SER	160.5117352192599
P68400	OG		CB	A	1	2					SER	2-331		1	1	1	2-331	3MB7	SER	1.65	ok	SER_single	2	SER	117.80118661990345
P68400	OG		CB	A	1	2					SER	2-328		1	1	1	2-328	3NSZ	SER	1.3	ok	SER_single	2	SER	124.59809492638287
P68400	OG		CB	A	1	2					SER	2-331		1	1	1	2-331	3OWK	SER	1.8	ok	SER_single	2	SER	88.65312577760912
P68400	OG		CB	A	1	2					SER	2-331		1	1	1	2-331	3OWL	SER	2.1	ok	SER_single	2	SER	140.54029317189597
P68400	OG		CB	A	1	2					SER	2-331		1	1	1	2-331	3Q9X	SER	2.2	ok	SER_single	2	SER	69.67847118462156
P68400	OG		CB	A	1	2					SER	2-333		1	1	1	2-333	3Q9Z	SER	2.2	ok	SER_single	2	SER	147.6477474342744
P68400	OG		CB	A	1	2					SER	2-331		1	1	1	2-331	3QA0	SER	2.5	ok	SER_single	2	SER	132.44128155077283
P68400	OG		CB	A	1	2					SER	2-335		1	1	1	2-335	3RPS	SER	2.3	ok	SER_single	2	SER	-119.35296709638392
P68400	OG		CB	A	1	2					SER	2-328		1	1	1	2-328	3U4U	SER	2.2	ok	SER_single	2	SER	88.85234578944682
P68400	OG		CB	A	1	2					SER	2-335		1	1	1	2-335	3WAR	SER	1.04	ok	SER_single	2	SER	-29.306865747243695
P68400	OG		CB	A	1	2					SER	2-335		1	1	1	2-335	3WIK	SER	1.995	ok	SER_single	2	SER	-112.35102224238558
P68400	OG		CB	A	1	2					SER	2-335		1	1	1	2-335	3WOW	SER	2.5	ok	SER_single	2	SER	-74.93086879243518
P68400	OG		CB	A	1	2					SER	2-334		1	1	1	2-334	4FBX	SER	2.33	ok	SER_single	2	SER	-8.519753625673523
P68400	OG		CB	A	1	2					SER	2-328		1	1	1	2-328	4GRB	SER	2.15	ok	SER_single	2	SER	116.34047070689512
P68400	OG		CB	A	1	2					SER	2-330		1	1	1	2-330	4GUB	SER	2.2	ok	SER_single	2	SER	-14.511846509545661
P68400	OG		CB	C	1	2					SER	2-333		1	1	1	2-333	4IB5	SER	2.2	ok	SER_single	2	SER	-0.9655855266342437
P68400	OG		CB	A	1	2					SER	2-330		1	1	1	2-330	4KWP	SER	1.25	ok	SER_single	2	SER	128.4278087916161
P68400	OG		CB	A	1	2					SER	2-330		1	1	1	2-330	4RLL	SER	1.85	ok	SER_single	2	SER	-117.04862621786849
P68400	OG		CB	A	1	2					SER	2-335		1	1	1	2-335	4UB7	SER	2.1	ok	SER_single	2	SER	3.528485468722622
P68400	OG		CB	A	1	2					SER	2-330		1	1	1	2-330	5B0X	SER	2.3	ok	SER_single	2	SER	-117.76411123169147
P68400	OG		CB	A	1	2					SER	2-329		1	1	1	2-329	5CQU	SER	2.35	ok	SER_single	2	SER	116.30438727117482
P68400	OG		CB	A	1	2					SER	2-332		1	1	1	2-332	5H8E	SER	2.15	ok	SER_single	2	SER	-3.4162882966606007
P68400	OG		CB	B	1	2					SER	2-332		1	1	1	2-332	5KU8	SER	2.22	ok	SER_single	2	SER	3.1950391860034317
P68400	OG		CB	A	1	2					SER	2-332		1	1	1	2-332	5KWH	SER	2.12	ok	SER_single	2	SER	-20.276869355452863
P68400	OG		CB	A	1	2					SER	2-331		1	1	1	2-331	5M4F	SER	1.519	ok	SER_single	2	SER	133.3218967764881
P68400	OG		CB	A	1	2					SER	2-330		1	1	1	2-330	5N9K	SER	1.643	ok	SER_single	2	SER	-2.496703952309552
P68400	OG		CB	A	1	2					SER	2-330		1	1	1	2-330	5N9L	SER	1.79	ok	SER_single	2	SER	-1.6392691962977293
P68400	OG		CB	A	1	2					SER	2-330		1	1	1	2-330	5N9N	SER	1.841	ok	SER_single	2	SER	123.32354484751794
P68400	OG		CB	A	1	2					SER	2-333		1	1	1	2-333	5OMY	SER	1.95	ok	SER_single	2	SER	120.6296162559711
P68400	OG		CB	A	1	2					SER	2-335		1	1	1	2-335	5ONI	SER	2.0	ok	SER_single	2	SER	120.48464916270878
P68400	OG		CB	A	1	2					SER	2-335		1	1	1	2-335	5OWH	SER	2.3	ok	SER_single	2	SER	-120.52817710767091
P68400	OG		CB	B	1	2					SER	2-333		1	1	1	2-333	5OWL	SER	2.23	ok	SER_single	2	SER	130.19785340447498
P68400	OG		CB	A	1	2					SER	2-332		1	1	1	2-332	5T1H	SER	2.11	ok	SER_single	2	SER	132.50529168967375
P68400	OG		CB	A	1	2					SER	2-335		1	1	1	2-335	6A1C	SER	1.68	ok	SER_single	2	SER	-127.17976591597811
P68400	OG		CB	A	1	2					SER	2-333		1	1	1	2-333	6HME	SER	1.85	ok	SER_single	2	SER	-10.091615458233383
P68400	OG		CB	A	1	2					SER	2-328		1	1	1	2-328	6JWA	SER	1.781	ok	SER_single	2	SER	-19.946153366781836
P68400	OG		CB	A	1	2					SER	2-330		1	1	1	2-330	6L1Z	SER	1.90820949507	ok	SER_single	2	SER	-4.354087073313284
P68400	OG		CB	A	1	2					SER	2-332		1	1	1	2-332	6L21	SER	2.05451776886	ok	SER_single	2	SER	3.0036060103360467
P68400	OG		CB	A	1	2					SER	2-335		1	1	1	2-335	6L22	SER	2.12318084151	ok	SER_single	2	SER	115.39913779788638
P68400	OG		CB	A	1	2					SER	2-335		1	1	1	2-335	6L23	SER	1.9744942746	ok	SER_single	2	SER	-130.7525562776217
P68400	OG		CB	A	1	2					SER	2-335		1	1	1	2-335	6QY7	SER	2.1	ok	SER_single	2	SER	104.31373087176559
P68400	OG		CB	A	1	2					SER	2-330		1	1	1	2-330	6RB1	SER	1.5	ok	SER_single	2	SER	117.72157494217991
P68400	OG		CB	A	1	2					SER	2-330		1	1	1	2-330	6SPX	SER	1.994	ok	SER_single	2	SER	3.9298515655669273
P68400	OG		CB	B	1	2					SER	2-333		1	1	1	2-333	6TEI	SER	1.756	ok	SER_single	2	SER	-3.3715884659872057
P68400	OG		CB	A	1	2					SER	2-334		1	1	1	2-334	6TLL	SER	1.88	ok	SER_single	2	SER	109.71167517680855
P68400	OG		CB	A	1	2					SER	2-334		1	1	1	2-334	6TLO	SER	1.69	ok	SER_single	2	SER	-104.78812256976161
P68400	OG		CB	A	1	2					SER	2-334		1	1	1	2-334	6TLP	SER	1.93	ok	SER_single	2	SER	4.179038688069635
P68400	OG		CB	A	1	2					SER	2-334		1	1	1	2-334	6TLR	SER	1.64	ok	SER_single	2	SER	-16.903179340018017
P68400	OG		CB	A	1	2					SER	2-334		1	1	1	2-334	6TLS	SER	1.46	ok	SER_single	2	SER	-7.26756330444661
P68400	OG		CB	A	1	2					SER	2-334		1	1	1	2-334	6TLV	SER	1.67	ok	SER_single	2	SER	-14.94768537787946
P68400	OG		CB	A	1	2					SER	2-334		1	1	1	2-334	6TLW	SER	1.73	ok	SER_single	2	SER	101.23284739272778
P68400	OG		CB	B	1	2					SER	2-328		1	1	1	2-328	6YPH	SER	1.67	ok	SER_single	2	SER	117.5225196689738
P68400	OG		CB	A	1	2					SER	2-335		1	1	1	2-335	7A49	SER	2.03	ok	SER_single	2	SER	118.55443876155702
P68400	OG		CB	A	1	2					SER	2-334		1	1	1	2-334	7A4B	SER	2.06	ok	SER_single	2	SER	123.96977155981628
P68400	OG		CB	A	1	2					SER	2-333		1	1	1	2-333	7AT5	SER	1.77	ok	SER_single	2	SER	-6.502106723239287
P68400	OG		CB	A	1	2					SER	2-332		1	1	1	2-332	7AY9	SER	2.25	ok	SER_single	2	SER	-2.9049584675036244
P68400	OG		CB	A	1	2					SER	2-332		1	1	1	2-332	7AYA	SER	2.45	ok	SER_single	2	SER	125.80213713036319
P68400	OG		CB	A	1	2					SER	2-330		1	1	1	2-330	7B8H	SER	1.34	ok	SER_single	2	SER	-112.79455807880677
P68400	OG		CB	A	1	2					SER	2-335		1	1	1	2-335	7BU4	SER	1.7022731752	ok	SER_single	2	SER	4.938529165249592
P68400	OG		CB	A	1	2					SER	2-333		1	1	1	2-333	7PSU	SER	1.77	ok	SER_single	2	SER	-8.18102161218632
P68400	OG		CB	A	1	2					SER	2-334		1	1	1	2-334	7QGD	SER	2.3	ok	SER_single	2	SER	-111.92748120659483
P68400	OG		CB	A	1	2					SER	2-334		1	1	1	2-334	7QGE	SER	2.27	ok	SER_single	2	SER	101.31659560608622
P68400	OG		CB	A	1	2					SER	2-335		1	1	1	2-335	7X4H	SER	1.77	ok	SER_single	2	SER	-9.492344396697547
P68400	OG		CB	B	1	2					SER	2-332		1	1	1	2-332	8C5Q	SER	2.5	ok	SER_single	2	SER	139.6324879200253
P68400	OG		CB	A	1	2					SER	2-330		1	1	1	2-330	8P05	SER	2.45	ok	SER_single	2	SER	126.42884902761796
P68400	OG		CB	A	1	2					SER	2-332		1	1	1	2-332	8P06	SER	2.4	ok	SER_single	2	SER	113.32862597359347
P68400	OG		CB	A	1	2					SER	2-332		1	1	1	2-332	8P07	SER	2.4	ok	SER_single	2	SER	97.47570465180978
P68400	OG		CB	A	1	2					SER	2-331		1	1	1	2-331	8PVO	SER	2.25	ok	SER_single	2	SER	120.916694285416
P68400	OG		CB	A	1	2					SER	2-331		1	1	1	2-331	8QQB	SER	2.26	ok	SER_single	2	SER	-114.78334446023067
P68400	OG		CB	A	1	2					SER	2-330		1	1	1	2-330	9EPV	SER	2.3	ok	SER_single	2	SER	115.13385304869914
P68400	OG		CB	B	1	2					SER	1-331		1	1	1	1-331	9FBL	SER	2.18	ok	SER_single	2	SER	-124.0547222469333
P68400	OG		CB	B	1	2					SER	1-332		1	1	1	1-332	9FBM	SER	2.054	ok	SER_single	2	SER	-121.30684295590049
P68400	OG		CB	A	1	2					SER	2-331		1	1	1	2-331	9GCW	SER	1.86	ok	SER_single	2	SER	-120.85756809753674
P68400	OG		CB	A	1	2					SER	2-334		1	1	1	2-334	9H97	SER	1.7	ok	SER_single	2	SER	-109.43047251705035
P68400	OG		CB	A	1	2					SER	2-329		1	1	1	2-329	9H9D	SER	2.09	ok	SER_single	2	SER	-131.71588889473878
P68400	OG		CB	A	1	2					SER	2-331		1	1	1	2-331	9HKS	SER	2.4	ok	SER_single	2	SER	171.16520438859922
P68400	OG		CB	B	1	2					SER	2-332		1	1	1	2-332	9HL7	SER	2.28	ok	SER_single	2	SER	6.222719554311909
P68400	OG		CB	A	1	2					SER	2-332		1	1	1	2-332	9HPH	SER	2.16	ok	SER_single	2	SER	-3.208433828963181
P68400	OG		CB	A	1	2					SER	2-332		1	1	1	2-332	9HXU	SER	2.2	ok	SER_single	2	SER	-113.63211291179624
P68400	OG		CB	A	1	2					SER	2-333		1	1	1	2-333	9HYH	SER	1.96	ok	SER_single	2	SER	128.26584173222355
P68400	OG		CB	A	1	2					SER	2-332		1	1	1	2-332	9HZH	SER	2.07	ok	SER_single	2	SER	-116.34518649838135
P80386	OG		CB	A	1	108					SER	77-163		1	1	1	77-163	1Z0M	SER	1.91	ok	SER_single	108	SER	23.224434168222402
P80386	OG		CB	A	1	108					SER	77-163		1	1	1	77-163	1Z0N	SER	1.49	ok	SER_single	108	SER	-1.6384598787509688
P80386	OG		CB	B	1	108					SER	76-156		1	1	1	76-156	4YEF	SER	1.72	ok	SER_single	108	SER	117.50981179556796
P96356	OG		CB	A	1	78					SER	3-292		1	1	1	3-292	6J7N	SER	2.294	ok	SER_single	78	SER	-9.230166808916575
P96356	OG		CB	A	1	78					SER	3-292		1	1	1	3-292	6J7O	SER	1.9	ok	SER_single	78	SER	1.1270106033060754
P96356	OG		CB	A	1	78					SER	3-292		1	1	1	3-292	6J7T	SER	1.903	ok	SER_single	78	SER	1.3727563790882569
P96356	OG		CB	A	1	78					SER	4-291		1	1	1	4-291	7C46	SER	1.93	ok	SER_single	78	SER	1.3102329628458202
P96356	OG		CB	A	1	78					SER	4-291		1	1	1	4-291	8RR6	SER	1.78	ok	SER_single	78	SER	3.0558999501347417
P96356	OG		CB	A	1	78					SER	4-291		1	1	1	4-291	8XHR	SER	2.1	ok	SER_single	78	SER	124.14277119450243
P9WI83	OG		CB	A	1	46					SER	3-83,89-283		4	4	1	3-83,89-283	4OW8	SER	2.03	ok	SER_mixed_with_THR	46	SER	-24.079272334765168
P9WKD3	OG		CB	A	1	84					SER	43-307		1	1	1	43-307	3CG5	SER	1.7	ok	SER_single	84	SER	-90.79299954946646
P9WKD3	OG		CB	A	1	84					SER	43-307		1	1	1	43-307	3DWZ	SER	1.8	ok	SER_single	84	SER	-101.77952522172559
P9WKD3	OG		CB	A	1	84					SER	43-307		1	1	1	43-307	3IQA	SER	2.2	ok	SER_single	84	SER	-124.53969854781764
P9WKD3	OG		CB	A	1	84					SER	43-307		1	1	1	43-307	3M6B	SER	1.3	ok	SER_single	84	SER	-108.80202104643178
P9WKD3	OG		CB	A	1	84					SER	43-307		1	1	1	43-307	3M6H	SER	1.994	ok	SER_single	84	SER	-106.834762435908
P9WKD3	OG		CB	A	1	84					SER	43-307		1	1	1	43-307	3N6I	SER	2.0	ok	SER_single	84	SER	-103.94958676552395
P9WKD3	OG		CB	A	1	84					SER	43-307		1	1	1	43-307	3N7W	SER	1.7	ok	SER_single	84	SER	-110.56807993951404
P9WKD3	OG		CB	A	1	84					SER	43-307		1	1	1	43-307	3N8L	SER	1.4	ok	SER_single	84	SER	-111.40535259668933
P9WKD3	OG		CB	A	1	84					SER	43-307		1	1	1	43-307	3N8R	SER	1.41	ok	SER_single	84	SER	-109.86121277476315
P9WKD3	OG		CB	A	1	84					SER	43-307		1	1	1	43-307	3N8S	SER	2.0	ok	SER_single	84	SER	-104.55633153461045
P9WKD3	OG		CB	A	1	84					SER	43-183,188-307		1	1	1	43-183,188-307	3NBL	SER	2.0	ok	SER_single	84	SER	-117.55004345779135
P9WKD3	OG		CB	A	1	84					SER	43-307		1	1	1	43-307	3NC8	SER	1.5	ok	SER_single	84	SER	-108.50258127310242
P9WKD3	OG		CB	A	1	84					SER	43-307		1	1	1	43-307	3NDE	SER	1.7	ok	SER_single	84	SER	-105.85505383016644
P9WKD3	OG		CB	A	1	84					SER	43-307		1	1	1	43-307	3NDG	SER	1.9	ok	SER_single	84	SER	-125.09066303541647
P9WKD3	OG		CB	A	1	84					SER	43-307		1	1	1	43-307	3NY4	SER	1.22	ok	SER_single	84	SER	-108.71969250458723
P9WKD3	OG		CB	A	1	84					SER	43-307		1	1	1	43-307	4JLF	SER	2.1	ok	SER_single	84	SER	-109.6558075357559
P9WKD3	OG		CB	A	1	84					SER	43-307		1	1	1	43-307	4Q8I	SER	1.901	ok	SER_single	84	SER	-112.20203328486767
P9WKD3	OG		CB	A	1	84					SER	42-307		1	1	1	42-307	4QB8	SER	1.758	ok	SER_single	84	SER	-1.0508614126738487
P9WKD3	OG		CB	A	1	84					SER	43-307		1	1	1	43-307	4QHC	SER	1.899	ok	SER_single	84	SER	-93.17606412588071
P9WKD3	OG		CB	A	1	84					SER	45-307		1	1	1	45-307	4X6T	SER	1.4	ok	SER_single	84	SER	-113.67046327069737
Q02750	OG		CB	A	1	218					SER	62-220,224-275,306-382		2	1	1	62-220,224-275,306-382	1S9J	SER	2.4	ok	SER_single	218	SER	-121.4563444082701
Q02750	OG		CB	A	1	218					SER	62-221,225-275,307-382		2	1	1	62-221,225-275,307-382	3DV3	SER	2.3	ok	SER_single	218	SER	-115.12597109349433
Q02750	OG		CB	A	2	218,222					SER	62-222,224-275,306-382		2	2	2	62-222,224-275,306-382	3E8N	SER	2.5	ok	SER_only_multi_2	218	SER,SER	-119.19875876930291
Q02750	OG		CB	A	2	218,222					SER	62-222,224-275,306-382		2	2	2	62-222,224-275,306-382	3E8N	SER	2.5	ok	SER_only_multi_2	222	SER,SER	-4.655651357146404
Q02750	OG		CB	A	1	218					SER	39-220,224-277,307-382		2	1	1	39-220,224-277,307-382	3EQC	SER	1.8	ok	SER_single	218	SER	-137.9771558018825
Q02750	OG		CB	A	2	218,222					SER	39-277,307-382		2	2	2	39-277,307-382	3EQD	SER	2.1	ok	SER_only_multi_2	218	SER,SER	-123.72528266796638
Q02750	OG		CB	A	2	218,222					SER	39-277,307-382		2	2	2	39-277,307-382	3EQD	SER	2.1	ok	SER_only_multi_2	222	SER,SER	17.710675520638638
Q02750	OG		CB	A	2	218,222					SER	39-277,307-381		2	2	2	39-277,307-381	3EQG	SER	2.5	ok	SER_only_multi_2	218	SER,SER	-112.13237611302402
Q02750	OG		CB	A	2	218,222					SER	39-277,307-381		2	2	2	39-277,307-381	3EQG	SER	2.5	ok	SER_only_multi_2	222	SER,SER	-102.39751077103294
Q02750	OG		CB	A	2	218,222					SER	39-277,307-381		2	2	2	39-277,307-381	3EQH	SER	2.0	ok	SER_only_multi_2	218	SER,SER	-59.15572124719562
Q02750	OG		CB	A	2	218,222					SER	39-277,307-381		2	2	2	39-277,307-381	3EQH	SER	2.0	ok	SER_only_multi_2	222	SER,SER	-121.68220744318494
Q02750	OG		CB	A	2	218,222					SER	39-277,307-382		2	2	2	39-277,307-382	3EQI	SER	1.9	ok	SER_only_multi_2	218	SER,SER	-130.62399368119978
Q02750	OG		CB	A	2	218,222					SER	39-277,307-382		2	2	2	39-277,307-382	3EQI	SER	1.9	ok	SER_only_multi_2	222	SER,SER	94.48436297747443
Q02750	OG		CB	A	1	218					SER	62-220,226-275,306-382		2	1	1	62-220,226-275,306-382	3VVH	SER	2.0	ok	SER_single	218	SER	-117.38006721196528
Q02750	OG		CB	B	2	218,222					SER	62-275,308-382		2	2	2	62-275,308-382	3VVH	SER	2.0	ok	SER_only_multi_2	222	SER,SER	-102.97589704597003
Q02750	OG		CB	A	2	218,222					SER	39-278,305-382		2	2	2	39-278,305-369,371-382	3W8Q	SER	2.2	ok	SER_only_multi_2	218	SER,SER	-96.88572175103634
Q02750	OG		CB	A	2	218,222					SER	39-278,305-382		2	2	2	39-278,305-369,371-382	3W8Q	SER	2.2	ok	SER_only_multi_2	222	SER,SER	111.36521778840518
Q02750	OG		CB	A	2	218,222					SER	39-277,307-382		2	2	2	39-277,307-382	3ZLS	SER	2.5	ok	SER_only_multi_2	218	SER,SER	-126.44604485488104
Q02750	OG		CB	A	2	218,222					SER	39-277,307-382		2	2	2	39-277,307-382	3ZLS	SER	2.5	ok	SER_only_multi_2	222	SER,SER	112.78354875315966
Q02750	OG		CB	A	1	218					SER	39-220,224-277,307-382		2	1	1	39-220,224-277,307-382	3ZLW	SER	2.12	ok	SER_single	218	SER	-119.9822700554052
Q02750	OG		CB	A	1	218					SER	39-220,224-277,307-382		2	1	1	39-220,224-277,307-382	3ZLX	SER	2.2	ok	SER_single	218	SER	-123.07597578654827
Q02750	OG		CB	A	1	218					SER	40-77,79-220,224-277,307-382		2	1	1	40-77,79-220,224-277,307-382	3ZLY	SER	2.11	ok	SER_single	218	SER	-122.03796907563624
Q02750	OG		CB	A	1	218					SER	40-220,225-277,307-351,353-382		2	1	1	40-220,225-277,307-351,353-382	3ZM4	SER	2.37	ok	SER_single	218	SER	-116.98057887338553
Q02750	OG		CB	A	2	218,222					SER	43-184,189-275,307-382		2	2	2	43-184,189-275,307-382	5HZE	SER	2.4	ok	SER_only_multi_2	218	SER,SER	-146.0027615523107
Q02750	OG		CB	A	2	218,222					SER	43-184,189-275,307-382		2	2	2	43-184,189-275,307-382	5HZE	SER	2.4	ok	SER_only_multi_2	222	SER,SER	138.07516671891452
Q02750	OG		CB	B	1	218					SER	37-220,225-263,308-382		2	1	1	37-220,225-263,308-382	7B3M	SER	2.3	ok	SER_single	218	SER	-122.54227386532368
Q02750	OG		CB	A	1	218					SER	37-219,225-263,308-382		2	1	1	37-219,225-263,308-382	7B7R	SER	1.7	ok	SER_single	218	SER	-113.31256868884108
Q02750	OG		CB	A	1	218					SER	37-219,225-263,308-382		2	1	1	37-219,225-263,308-382	7B94	SER	2.0	ok	SER_single	218	SER	-120.23929473239183
Q02750	OG		CB	A	1	218					SER	37-219,227-263,308-382		2	1	1	37-219,227-263,308-382	7B9L	SER	1.7	ok	SER_single	218	SER	-118.7975925710117
Q02750	OG		CB	A	2	218,222					SER	45-263,281-286,308-382		2	2	2	45-263,281-286,308-382	7F2X	SER	2.007	ok	SER_only_multi_2	218	SER,SER	-121.15700132408625
Q02750	OG		CB	A	2	218,222					SER	45-263,281-286,308-382		2	2	2	45-263,281-286,308-382	7F2X	SER	2.007	ok	SER_only_multi_2	222	SER,SER	112.09065652460401
Q02750	OG		CB	A	1	218					SER	39-220,224-275,307-382		2	1	1	39-220,224-275,307-382	7PQV	SER	2.13	ok	SER_single	218	SER	-121.07435087058077
Q02750	OG		CB	A	1	218					SER	37-220,225-276,307-382		2	1	1	37-220,225-276,307-382	7XLP	SER	2.1	ok	SER_single	218	SER	-117.74220392730602
Q02750	OG		CB	A	1	218					SER	37-220,224-237,240-276,307-382		2	1	1	37-220,224-237,240-276,307-382	7XNC	SER	2.1	ok	SER_single	218	SER	-119.68663294142627
Q13526	OG		CB	A	1	72					SER	6-39,45-163		1	1	1	6-39,45-163	1PIN	SER	1.35	ok	SER_single	72	SER	106.60167932168032
Q13526	OG		CB	A	1	72					SER	7-15,18-38,51-163		1	1	1	7-15,18-38,51-163	1ZCN	SER	1.9	ok	SER_single	72	SER	103.79276266585889
Q13526	OG		CB	A	1	72					SER	1-18,20-39,49-163		1	1	1	1-18,20-39,49-163	2F21	SER	1.5	ok	SER_single	72	SER	100.32429692085373
Q13526	OG		CB	A	1	72					SER	7-38,51-163		1	1	1	7-38,51-163	2ITK	SER	1.45	ok	SER_single	72	SER	103.59490250198266
Q13526	OG		CB	A	1	72					SER	7-38,51-163		1	1	1	7-38,51-163	2Q5A	SER	1.5	ok	SER_single	72	SER	103.06133614548962
Q13526	OG		CB	A	1	72					SER	7-38,51-163		1	1	1	7-38,51-163	2XP3	SER	2.0	ok	SER_single	72	SER	104.04565060223054
Q13526	OG		CB	A	1	72					SER	7-37,51-163		1	1	1	7-37,51-163	2XP4	SER	1.8	ok	SER_single	72	SER	110.12318130612096
Q13526	OG		CB	A	1	72					SER	7-38,51-163		1	1	1	7-38,51-163	2XP5	SER	1.9	ok	SER_single	72	SER	108.02184418667844
Q13526	OG		CB	A	1	72					SER	7-38,51-163		1	1	1	7-38,51-163	2XP6	SER	1.9	ok	SER_single	72	SER	100.9842628567132
Q13526	OG		CB	A	1	72					SER	7-38,51-163		1	1	1	7-38,51-163	2XP7	SER	2.0	ok	SER_single	72	SER	110.64498161167076
Q13526	OG		CB	A	1	72					SER	7-38,51-163		1	1	1	7-38,51-163	2XP8	SER	2.1	ok	SER_single	72	SER	106.97810811946529
Q13526	OG		CB	A	1	72					SER	7-37,51-163		1	1	1	7-37,51-163	2XP9	SER	1.9	ok	SER_single	72	SER	106.14783520876296
Q13526	OG		CB	A	1	72					SER	7-39,51-163		1	1	1	7-39,51-163	2XPA	SER	1.9	ok	SER_single	72	SER	113.23427264432306
Q13526	OG		CB	A	1	72					SER	7-39,51-163		1	1	1	7-39,51-163	2XPB	SER	2.0	ok	SER_single	72	SER	108.91938470231722
Q13526	OG		CB	A	1	72					SER	6-39,45-163		1	1	1	6-39,45-163	2ZQS	SER	1.902	ok	SER_single	72	SER	103.32223809742135
Q13526	OG		CB	A	1	72					SER	6-39,45-163		1	1	1	6-39,45-163	2ZQT	SER	1.462	ok	SER_single	72	SER	101.75919378048704
Q13526	OG		CB	A	1	72					SER	6-39,45-163		1	1	1	6-39,45-163	2ZQU	SER	2.5	ok	SER_single	72	SER	102.12251708758056
Q13526	OG		CB	A	1	72					SER	6-39,45-163		1	1	1	6-39,45-163	2ZQV	SER	2.498	ok	SER_single	72	SER	97.91507621812084
Q13526	OG		CB	A	1	72					SER	6-39,45-163		1	1	1	6-39,45-163	2ZR4	SER	2.0	ok	SER_single	72	SER	108.17184036492611
Q13526	OG		CB	A	1	72					SER	51-163		1	1	1	51-163	3I6C	SER	1.3	ok	SER_single	72	SER	101.74864669063543
Q13526	OG		CB	A	1	72					SER	51-163		1	1	1	51-163	3IK8	SER	1.85	ok	SER_single	72	SER	106.87946416907577
Q13526	OG		CB	A	1	72					SER	51-163		1	1	1	51-163	3IKD	SER	2.0	ok	SER_single	72	SER	100.41625407364039
Q13526	OG		CB	A	1	72					SER	51-163		1	1	1	51-163	3IKG	SER	1.86	ok	SER_single	72	SER	108.50212010319288
Q13526	OG		CB	A	1	72					SER	51-163		1	1	1	51-163	3JYJ	SER	1.87	ok	SER_single	72	SER	105.08412628144076
Q13526	OG		CB	A	1	72					SER	7-38,51-163		1	1	1	7-38,51-163	3KAB	SER	2.19	ok	SER_single	72	SER	107.98132442201779
Q13526	OG		CB	B	1	72					SER	49-163		1	1	1	49-163	3KAC	SER	2.0	ok	SER_single	72	SER	103.60059243093075
Q13526	OG		CB	A	1	72					SER	7-38,51-163		1	1	1	7-38,51-163	3KAD	SER	1.95	ok	SER_single	72	SER	107.03972710542632
Q13526	OG		CB	A	1	72					SER	7-38,51-163		1	1	1	7-38,51-163	3KAF	SER	2.3	ok	SER_single	72	SER	107.73090302760878
Q13526	OG		CB	A	1	72					SER	7-38,51-163		1	1	1	7-38,51-163	3KAG	SER	1.9	ok	SER_single	72	SER	105.37924875136865
Q13526	OG		CB	A	1	72					SER	7-38,51-163		1	1	1	7-38,51-163	3KAH	SER	2.3	ok	SER_single	72	SER	104.37230691676864
Q13526	OG		CB	A	1	72					SER	7-38,51-163		1	1	1	7-38,51-163	3KAI	SER	1.9	ok	SER_single	72	SER	99.78156153649502
Q13526	OG		CB	A	1	72					SER	6-38,51-163		1	1	1	6-38,51-163	3KCE	SER	1.9	ok	SER_single	72	SER	106.60595502515542
Q13526	OG		CB	A	1	72					SER	6-38,50-163		1	1	1	6-38,50-163	3NTP	SER	1.762	ok	SER_single	72	SER	100.26403159305646
Q13526	OG		CB	A	1	72					SER	7-38,51-163		1	1	1	7-38,51-163	3ODK	SER	2.3	ok	SER_single	72	SER	103.81380367901299
Q13526	OG		CB	A	1	72					SER	6-38,51-163		1	1	1	6-38,51-163	3OOB	SER	1.89	ok	SER_single	72	SER	101.87731347899054
Q13526	OG		CB	A	1	72					SER	7-37,51-163		1	1	1	7-37,51-163	3TC5	SER	1.4	ok	SER_single	72	SER	105.67679874147056
Q13526	OG		CB	A	1	72					SER	6-38,51-163		1	1	1	6-38,51-163	3TCZ	SER	2.1	ok	SER_single	72	SER	106.92530268099661
Q13526	OG		CB	A	1	72					SER	6-38,51-163		1	1	1	6-38,51-163	3TDB	SER	2.267	ok	SER_single	72	SER	107.40187255864085
Q13526	OG		CB	A	1	72					SER	7-38,51-163		1	1	1	7-38,51-163	3WH0	SER	1.6	ok	SER_single	72	SER	104.7080898008901
Q13526	OG		CB	A	1	72					SER	7-38,51-163		1	1	1	7-38,51-163	4QIB	SER	1.865	ok	SER_single	72	SER	100.2596490009988
Q13526	OG		CB	B	1	72					SER	50-163		1	1	1	50-163	4TNS	SER	1.33	ok	SER_single	72	SER	105.35844087302281
Q13526	OG		CB	B	1	72					SER	49-163		1	1	1	49-163	4TYO	SER	1.75	ok	SER_single	72	SER	108.6559012348506
Q13526	OG		CB	A	1	72					SER	7-38,51-163		1	1	1	7-38,51-163	4U84	SER	1.78	ok	SER_single	72	SER	106.8580381324632
Q13526	OG		CB	A	1	72					SER	7-38,51-163		1	1	1	7-38,51-163	4U85	SER	1.7	ok	SER_single	72	SER	105.76417588271394
Q13526	OG		CB	A	1	72					SER	6-37,51-163		1	1	1	6-37,51-163	4U86	SER	1.6	ok	SER_single	72	SER	108.40902771786617
Q13526	OG		CB	A	1	72					SER	6-38,51-163		1	1	1	6-38,51-163	5UY9	SER	1.85	ok	SER_single	72	SER	98.55735570004607
Q13526	OG		CB	A	1	72					SER	49-163		1	1	1	49-163	6DUN	SER	1.59	ok	SER_single	72	SER	101.27722453559973
Q13526	OG		CB	A	1	72					SER	6-39,48-163		1	1	1	6-39,48-163	6O33	SER	1.74	ok	SER_single	72	SER	115.59442948942248
Q13526	OG		CB	A	1	72					SER	6-39,48-163		1	1	1	6-39,48-163	6O34	SER	1.57	ok	SER_single	72	SER	106.6120506671822
Q13526	OG		CB	A	1	72					SER	6-39,48-163		1	1	1	6-39,48-163	6VAJ	SER	1.42	ok	SER_single	72	SER	106.19312737841547
Q13526	OG		CB	A	1	72					SER	6-38,50-163		1	1	1	6-38,50-163	7EFJ	SER	1.992	ok	SER_single	72	SER	105.86571080656405
Q13526	OG		CB	A	1	72					SER	6-38,50-163		1	1	1	6-38,50-163	7EFX	SER	2.41	ok	SER_single	72	SER	99.04241460659328
Q13526	OG		CB	A	1	72					SER	6-38,51-163		1	1	1	6-38,51-163	7EKV	SER	1.95	ok	SER_single	72	SER	100.69095657967421
Q13526	OG		CB	A	1	72					SER	6-38,51-163		1	1	1	6-38,51-163	7F0M	SER	1.9	ok	SER_single	72	SER	100.61323498412233
Q13526	OG		CB	A	1	72					SER	7-38,51-163		1	1	1	7-38,51-163	8VJD	SER	1.57	ok	SER_single	72	SER	102.31299835958866
Q13526	OG		CB	A	1	72					SER	7-38,51-163		1	1	1	7-38,51-163	8VJE	SER	1.7	ok	SER_single	72	SER	100.97424603589947
Q13526	OG		CB	A	1	72					SER	7-38,51-163		1	1	1	7-38,51-163	8VJF	SER	1.7	ok	SER_single	72	SER	99.30299357158741
Q13526	OG		CB	A	1	72					SER	7-38,51-163		1	1	1	7-38,51-163	8VJG	SER	1.58	ok	SER_single	72	SER	101.6774562513253
Q13526	OG		CB	A	1	72					SER	7-38,51-163		1	1	1	7-38,51-163	8VZ3	SER	1.65	ok	SER_single	72	SER	108.13287946902732
Q13526	OG		CB	A	1	72					SER	7-38,51-163		1	1	1	7-38,51-163	8VZ5	SER	1.95	ok	SER_single	72	SER	98.79795204313542
Q13526	OG		CB	B	1	72					SER	6-39,50-163		1	1	1	6-39,50-163	8W11	SER	2.2	ok	SER_single	72	SER	102.56405155924051
Q13526	OG		CB	A	1	72					SER	51-163		1	1	1	51-163	9INN	SER	2.08	ok	SER_single	72	SER	112.32880704955096
Q13526	OG		CB	B	1	72					SER	48-163		1	1	1	48-163	9INO	SER	2.13	ok	SER_single	72	SER	99.12901385413295
Q13526	OG		CB	A	1	72					SER	51-163		1	1	1	51-163	9INQ	SER	2.17	ok	SER_single	72	SER	110.78116760050776
Q13526	OG		CB	A	1	72					SER	7-38,51-163		1	1	1	7-38,51-163	9INR	SER	1.93	ok	SER_single	72	SER	106.60191816167891
Q13526	OG		CB	A	1	72					SER	7-38,51-163		1	1	1	7-38,51-163	9IT1	SER	2.0	ok	SER_single	72	SER	99.65007547033747
Q13526	OG		CB	B	1	72					SER	48-163		1	1	1	48-163	9JJS	SER	1.52	ok	SER_single	72	SER	101.36644499654568
Q13526	OG		CB	B	1	72					SER	49-163		1	1	1	49-163	9JJZ	SER	1.61	ok	SER_single	72	SER	96.90508609741502
Q13526	OG		CB	A	1	72					SER	6-39,51-163		1	1	1	6-39,51-163	9JYO	SER	1.6	ok	SER_single	72	SER	107.26575115217277
Q13526	OG		CB	A	1	72					SER	6-39,51-163		1	1	1	6-39,51-163	9JYP	SER	1.6	ok	SER_single	72	SER	96.77772056556054
Q13526	OG		CB	A	1	72					SER	6-39,51-163		1	1	1	6-39,51-163	9JYR	SER	1.65	ok	SER_single	72	SER	97.0905303195191
Q13526	OG		CB	A	1	72					SER	6-39,51-163		1	1	1	6-39,51-163	9JYS	SER	1.75	ok	SER_single	72	SER	96.79314243668045
Q13526	OG		CB	A	1	72					SER	7-38,51-163		1	1	1	7-38,51-163	9JYT	SER	1.85	ok	SER_single	72	SER	96.24304384177742
Q13526	OG		CB	A	1	72					SER	6-39,51-163		1	1	1	6-39,51-163	9JYV	SER	1.8	ok	SER_single	72	SER	98.09612462156056
Q13526	OG		CB	A	1	72					SER	6-39,51-163		1	1	1	6-39,51-163	9JZ2	SER	1.55	ok	SER_single	72	SER	98.84174309471254
Q13526	OG		CB	A	1	72					SER	6-39,51-163		1	1	1	6-39,51-163	9JZ3	SER	1.98	ok	SER_single	72	SER	96.41318331109765
Q13526	OG		CB	A	1	72					SER	6-39,51-163		1	1	1	6-39,51-163	9JZ4	SER	1.82	ok	SER_single	72	SER	95.94569938689364
Q13526	OG		CB	A	1	72					SER	6-39,51-163		1	1	1	6-39,51-163	9JZ6	SER	1.65	ok	SER_single	72	SER	97.26983244120781
Q13526	OG		CB	A	1	72					SER	6-39,51-163		1	1	1	6-39,51-163	9JZG	SER	1.76	ok	SER_single	72	SER	97.18473402713238
Q13526	OG		CB	A	1	72					SER	6-39,51-163		1	1	1	6-39,51-163	9JZS	SER	1.91	ok	SER_single	72	SER	97.49775469342009
Q13526	OG		CB	A	1	72					SER	6-39,51-163		1	1	1	6-39,51-163	9JZU	SER	1.68	ok	SER_single	72	SER	97.39546981981533
Q13526	OG		CB	A	1	72					SER	6-39,51-163		1	1	1	6-39,51-163	9JZV	SER	1.9	ok	SER_single	72	SER	97.23028012268631
Q13526	OG		CB	A	1	72					SER	6-39,51-163		1	1	1	6-39,51-163	9KE5	SER	2.05	ok	SER_single	72	SER	87.34598783516407
Q13526	OG		CB	A	1	72					SER	7-38,51-163		1	1	1	7-38,51-163	9KE7	SER	1.68	ok	SER_single	72	SER	93.02482356269199
Q13526	OG		CB	A	1	72					SER	6-39,51-163		1	1	1	6-39,51-163	9KE9	SER	2.25	ok	SER_single	72	SER	102.08487479428646
Q13526	OG		CB	A	1	72					SER	7-38,51-163		1	1	1	7-38,51-163	9KEB	SER	1.65	ok	SER_single	72	SER	100.22197606806387
Q13526	OG		CB	A	1	72					SER	7-38,51-163		1	1	1	7-38,51-163	9KEC	SER	1.68	ok	SER_single	72	SER	93.01278715597321
Q13526	OG		CB	A	1	72					SER	7-38,51-163		1	1	1	7-38,51-163	9KEL	SER	1.96	ok	SER_single	72	SER	100.03560032560051
Q13526	OG		CB	A	1	72					SER	6-39,51-163		1	1	1	6-39,51-163	9KEQ	SER	1.53	ok	SER_single	72	SER	97.2166605225838
Q13526	OG		CB	A	1	72					SER	6-39,51-163		1	1	1	6-39,51-163	9KES	SER	1.62	ok	SER_single	72	SER	88.18183518066978
Q13526	OG		CB	A	1	72					SER	6-39,51-163		1	1	1	6-39,51-163	9KEW	SER	1.6	ok	SER_single	72	SER	97.88931215783327
Q13526	OG		CB	A	1	72					SER	6-39,51-163		1	1	1	6-39,51-163	9KEY	SER	2.49	ok	SER_single	72	SER	97.771872243129
Q13526	OG		CB	A	1	72					SER	6-39,51-163		1	1	1	6-39,51-163	9KEZ	SER	1.95	ok	SER_single	72	SER	97.81557922066023
Q13526	OG		CB	A	1	72					SER	6-39,51-163		1	1	1	6-39,51-163	9KF0	SER	1.82	ok	SER_single	72	SER	98.0375593968785
Q13526	OG		CB	A	1	72					SER	6-39,51-163		1	1	1	6-39,51-163	9KFC	SER	1.56	ok	SER_single	72	SER	97.588628609535
Q13526	OG		CB	A	1	72					SER	6-39,51-163		1	1	1	6-39,51-163	9KFH	SER	1.59	ok	SER_single	72	SER	97.28958611982954
Q13526	OG		CB	A	1	72					SER	6-39,51-163		1	1	1	6-39,51-163	9KFZ	SER	1.43	ok	SER_single	72	SER	97.89050929762293
Q13526	OG		CB	A	1	72					SER	6-39,51-163		1	1	1	6-39,51-163	9KG9	SER	1.55	ok	SER_single	72	SER	98.12451856536406
Q13526	OG		CB	A	1	72					SER	6-39,51-163		1	1	1	6-39,51-163	9KGO	SER	1.62	ok	SER_single	72	SER	96.20788575825675
Q13526	OG		CB	A	1	72					SER	6-39,51-163		1	1	1	6-39,51-163	9KX1	SER	1.7	ok	SER_single	72	SER	96.9989770705285
Q13526	OG		CB	A	1	72					SER	6-39,51-163		1	1	1	6-39,51-163	9KX7	SER	1.53	ok	SER_single	72	SER	97.87466982352984
Q13526	OG		CB	A	1	72					SER	6-39,51-163		1	1	1	6-39,51-163	9KX9	SER	1.62	ok	SER_single	72	SER	97.9647583109119
Q13526	OG		CB	A	1	72					SER	6-39,51-163		1	1	1	6-39,51-163	9KXC	SER	1.53	ok	SER_single	72	SER	98.10523327659541
Q13526	OG		CB	A	1	72					SER	6-39,51-163		1	1	1	6-39,51-163	9KXD	SER	1.6	ok	SER_single	72	SER	97.75073801042187
Q13526	OG		CB	A	1	72					SER	6-39,51-163		1	1	1	6-39,51-163	9KXE	SER	1.61	ok	SER_single	72	SER	97.85582413944483
Q13526	OG		CB	A	1	72					SER	6-39,51-163		1	1	1	6-39,51-163	9KXF	SER	1.71	ok	SER_single	72	SER	98.0155457248226
Q13526	OG		CB	A	1	72					SER	6-39,51-163		1	1	1	6-39,51-163	9KXG	SER	1.58	ok	SER_single	72	SER	99.2630676759145
Q13526	OG		CB	A	1	72					SER	6-39,51-163		1	1	1	6-39,51-163	9KXH	SER	1.68	ok	SER_single	72	SER	97.62968354636186
Q13526	OG		CB	A	1	72					SER	6-39,51-163		1	1	1	6-39,51-163	9KXI	SER	1.77	ok	SER_single	72	SER	97.86863838860764
Q13526	OG		CB	A	1	72					SER	6-39,51-163		1	1	1	6-39,51-163	9KXJ	SER	1.57	ok	SER_single	72	SER	98.18311272977176
Q13526	OG		CB	A	1	72					SER	6-39,51-163		1	1	1	6-39,51-163	9KXK	SER	1.96	ok	SER_single	72	SER	96.03067575039874
Q13526	OG		CB	A	1	72					SER	6-39,51-163		1	1	1	6-39,51-163	9KXL	SER	1.7	ok	SER_single	72	SER	97.35796024281638
Q13526	OG		CB	A	1	72					SER	6-39,51-163		1	1	1	6-39,51-163	9KXM	SER	1.64	ok	SER_single	72	SER	97.37376266352466
Q13526	OG		CB	A	1	72					SER	7-38,51-163		1	1	1	7-38,51-163	9KXN	SER	1.67	ok	SER_single	72	SER	85.1478097782438
Q13526	OG		CB	A	1	72					SER	7-37,51-163		1	1	1	7-37,51-163	9KXO	SER	1.75	ok	SER_single	72	SER	96.86184721169843
Q13526	OG		CB	A	1	72					SER	6-39,51-163		1	1	1	6-39,51-163	9KXP	SER	1.81	ok	SER_single	72	SER	97.92837245686391
Q13526	OG		CB	A	1	72					SER	6-39,51-163		1	1	1	6-39,51-163	9KXQ	SER	1.69	ok	SER_single	72	SER	97.19505238956775
Q13526	OG		CB	A	1	72					SER	6-39,51-163		1	1	1	6-39,51-163	9V92	SER	1.97	ok	SER_single	72	SER	98.05383696113675
Q13627	OG		CB	A	1	301					SER	135-481		2	1	1	135-481	2VX3	SER	2.4	ok	SER_single	301	SER	119.06423869343332
Q13627	OG		CB	A	1	301					SER	133-408,413-481		2	1	1	133-408,413-481	2WO6	SER	2.5	ok	SER_single	301	SER	109.00060298435837
Q13627	OG		CB	A	1	301					SER	135-480		2	1	1	135-480	4MQ1	SER	2.35	ok	SER_single	301	SER	118.00271911815224
Q13627	OG		CB	A	1	301					SER	134-407,414-481		2	1	1	134-407,414-481	4YLK	SER	1.4	ok	SER_single	301	SER	113.85768934488314
Q13627	OG		CB	A	1	301					SER	134-407,414-481		2	1	1	134-407,414-481	4YLL	SER	1.4	ok	SER_single	301	SER	114.62742353645264
Q13627	OG		CB	A	1	301					SER	134-408,414-481		2	1	1	134-408,414-481	5A3X	SER	2.26	ok	SER_single	301	SER	127.0540006646084
Q13627	OG		CB	A	1	301					SER	134-408,414-480		2	1	1	134-408,414-480	5A4Q	SER	2.37	ok	SER_single	301	SER	112.38893043462545
Q13627	OG		CB	A	1	301					SER	134-408,414-480		2	1	1	134-408,414-480	5A4T	SER	2.15	ok	SER_single	301	SER	126.9708039858235
Q13627	OG		CB	A	1	301					SER	134-409,414-483		2	1	1	134-409,414-483	6A1F	SER	1.5	ok	SER_single	301	SER	109.87988540516295
Q13627	OG		CB	A	1	301					SER	134-297,300-406,414-480		2	1	1	134-297,300-406,414-480	6A1G	SER	2.15	ok	SER_single	301	SER	128.7884677979244
Q13627	OG		CB	A	1	301					SER	134-410,414-480		2	1	1	134-410,414-480	6EIF	SER	2.22	ok	SER_single	301	SER	110.52592341594085
Q13627	OG		CB	A	1	301					SER	134-408,414-480		2	1	1	134-408,414-480	6EIJ	SER	2.42	ok	SER_single	301	SER	104.53947231057519
Q13627	OG		CB	A	1	301					SER	134-408,414-480		2	1	1	134-408,414-480	6EIL	SER	2.465	ok	SER_single	301	SER	110.43044362988287
Q13627	OG		CB	A	1	301					SER	134-408,414-480		2	1	1	134-408,414-480	6EIQ	SER	2.3	ok	SER_single	301	SER	111.14599492872408
Q13627	OG		CB	A	1	301					SER	134-408,414-480		2	1	1	134-408,414-480	6EIR	SER	2.4	ok	SER_single	301	SER	110.47901798353314
Q13627	OG		CB	A	1	301					SER	134-409,412-480		2	1	1	134-409,412-480	6EIS	SER	2.36	ok	SER_single	301	SER	-125.87021619161676
Q13627	OG		CB	A	1	301					SER	134-408,412-480		2	1	1	134-408,412-480	6S11	SER	2.445	ok	SER_single	301	SER	115.1916271166982
Q13627	OG		CB	A	1	301					SER	135-407,415-481		2	1	1	135-407,415-481	6S14	SER	1.05	ok	SER_single	301	SER	112.37308217794484
Q13627	OG		CB	A	1	301					SER	134-407,414-482		2	1	1	134-407,414-482	6S17	SER	1.1	ok	SER_single	301	SER	112.47980520553674
Q13627	OG		CB	A	1	301					SER	135-397,400-407,415-481		2	1	1	135-397,400-407,415-481	6S1B	SER	1.3	ok	SER_single	301	SER	110.70439755259385
Q13627	OG		CB	A	1	301					SER	135-407,414-480		2	1	1	135-407,414-480	6S1H	SER	1.05	ok	SER_single	301	SER	114.68675128234139
Q13627	OG		CB	A	1	301					SER	135-481		2	1	1	135-481	6S1I	SER	2.38	ok	SER_single	301	SER	109.0353961701099
Q13627	OG		CB	A	1	301					SER	134-407,414-480		2	1	1	134-407,414-480	6S1J	SER	1.408	ok	SER_single	301	SER	111.54789294076315
Q13627	OG		CB	A	1	301					SER	136-408,414-481		2	1	1	136-408,414-481	7A4O	SER	1.9	ok	SER_single	301	SER	118.8095410250178
Q13627	OG		CB	A	1	301					SER	148-410,414-479		2	1	1	148-410,414-479	7A4R	SER	1.8	ok	SER_single	301	SER	118.21406763957046
Q13627	OG		CB	A	1	301					SER	148-410,415-481		2	1	1	148-410,415-481	7A4Z	SER	1.9	ok	SER_single	301	SER	123.41455537888682
Q13627	OG		CB	A	1	301					SER	148-410,415-481		2	1	1	148-410,415-481	7A51	SER	1.9	ok	SER_single	301	SER	123.33063324864317
Q13627	OG		CB	A	1	301					SER	148-410,414-479		2	1	1	148-410,414-479	7A52	SER	2.1	ok	SER_single	301	SER	106.68160530362483
Q13627	OG		CB	A	1	301					SER	148-408,414-481		2	1	1	148-408,414-481	7A53	SER	2.2	ok	SER_single	301	SER	111.51990327241246
Q13627	OG		CB	B	1	301					SER	134-406,414-481		2	1	1	134-406,414-481	7A55	SER	2.2	ok	SER_single	301	SER	127.15488846515532
Q13627	OG		CB	A	1	301					SER	148-410,415-481		2	1	1	148-410,415-481	7A5D	SER	1.8	ok	SER_single	301	SER	125.15994069682617
Q13627	OG		CB	A	1	301					SER	148-410,415-481		2	1	1	148-410,415-481	7A5L	SER	2.1	ok	SER_single	301	SER	123.56412854609164
Q13627	OG		CB	A	1	301					SER	148-410,414-481		2	1	1	148-410,414-481	7A5N	SER	2.3	ok	SER_single	301	SER	130.40319959498055
Q13627	OG		CB	A	1	301					SER	148-410,415-481		2	1	1	148-410,415-481	7AJ2	SER	2.1	ok	SER_single	301	SER	118.97407016710456
Q13627	OG		CB	A	1	301					SER	149-410,415-481		2	1	1	149-410,415-481	7AJ4	SER	2.0	ok	SER_single	301	SER	125.36677282998762
Q13627	OG		CB	A	1	301					SER	149-411,415-481		2	1	1	149-411,415-481	7AJ5	SER	2.0	ok	SER_single	301	SER	135.19440888886646
Q13627	OG		CB	A	1	301					SER	148-410,415-481		2	1	1	148-410,415-481	7AJ8	SER	2.0	ok	SER_single	301	SER	120.50737487186466
Q13627	OG		CB	A	1	301					SER	148-410,415-481		2	1	1	148-410,415-481	7AJA	SER	2.2	ok	SER_single	301	SER	115.30921807958838
Q13627	OG		CB	A	1	301					SER	148-410,414-479		2	1	1	148-410,414-479	7AJM	SER	2.4	ok	SER_single	301	SER	111.65448019532832
Q13627	OG		CB	A	1	301					SER	148-410,414-479		2	1	1	148-410,414-479	7AJS	SER	2.15	ok	SER_single	301	SER	115.61834359108342
Q13627	OG		CB	A	1	301					SER	148-409,414-481		2	1	1	148-409,414-481	7AJV	SER	2.1	ok	SER_single	301	SER	109.26927381764213
Q13627	OG		CB	A	1	301					SER	148-409,414-481		2	1	1	148-409,414-481	7AJY	SER	2.2	ok	SER_single	301	SER	100.90875562990449
Q13627	OG		CB	A	1	301					SER	148-410,414-481		2	1	1	148-410,414-481	7AK2	SER	2.1	ok	SER_single	301	SER	102.18954659962834
Q13627	OG		CB	B	1	301					SER	148-409,414-481		2	1	1	148-409,414-481	7AKA	SER	1.9	ok	SER_single	301	SER	113.4303039794217
Q13627	OG		CB	B	1	301					SER	148-408,414-481		2	1	1	148-408,414-481	7AKE	SER	2.3	ok	SER_single	301	SER	124.78133991469845
Q13627	OG		CB	A	1	301					SER	148-410,415-481		2	1	1	148-410,415-481	7AKL	SER	2.0	ok	SER_single	301	SER	124.65964323914692
Q13627	OG		CB	A	1	301					SER	134-408,414-481		2	1	1	134-408,414-481	7FHS	SER	2.42	ok	SER_single	301	SER	115.67625787417877
Q13627	OG		CB	A	1	301					SER	134-410,413-480		2	1	1	134-410,413-480	7O7K	SER	1.82	ok	SER_single	301	SER	125.6257967787357
Q13627	OG		CB	A	1	301					SER	135-482		2	1	1	135-482	7ZH8	SER	2.3	ok	SER_single	301	SER	103.08141325430813
Q13627	OG		CB	A	1	301					SER	134-409,413-480		2	1	1	134-409,413-480	8C3G	SER	2.08	ok	SER_single	301	SER	-136.52968165342062
Q13627	OG		CB	A	1	301					SER	134-400,402-409,412-480		2	1	1	134-400,402-409,412-480	8C3Q	SER	2.32	ok	SER_single	301	SER	104.30990577811708
Q13627	OG		CB	A	1	301					SER	135-480		2	1	1	135-480	8C3R	SER	2.06	ok	SER_single	301	SER	114.31125708031598
Q13627	OG		CB	A	1	301					SER	135-481		2	1	1	135-481	8R8E	SER	2.22	ok	SER_single	301	SER	114.11904453460204
Q13627	OG		CB	B	1	301					SER	135-408,414-481		2	1	1	135-408,414-481	8T2H	SER	1.85	ok	SER_single	301	SER	119.97935816391973
Q13627	OG		CB	A	1	301					SER	135-480		2	1	1	135-480	8YEV	SER	2.25152331476	ok	SER_single	301	SER	117.76681635990244
Q13627	OG		CB	B	1	301					SER	135-408,414-481		2	1	1	135-408,414-481	9CY5	SER	2.49	ok	SER_single	301	SER	111.32112405228054
Q14653	OG		CB	B	2	386,402					SER	189-233,237-422		2	2	2	189-233,237-422	1J2F	SER	2.3	ok	SER_only_multi_2	386	SER,SER	114.86927053890189
Q14653	OG		CB	B	2	386,402					SER	189-233,237-422		2	2	2	189-233,237-422	1J2F	SER	2.3	ok	SER_only_multi_2	402	SER,SER	-126.23063576106476
Q14653	OG		CB	A	2	386,402					SER	189-427		2	2	2	189-427	1QWT	SER	2.1	ok	SER_only_multi_2	386	SER,SER	-116.13204553633007
Q14653	OG		CB	A	2	386,402					SER	189-427		2	2	2	189-427	1QWT	SER	2.1	ok	SER_only_multi_2	402	SER,SER	-126.70503651887186
Q14653	OG		CB	A	1	386					SER	196-386		2	1	1	196-386	1ZOQ	SER	2.37	ok	SER_single	386	SER	-116.82478118489202
Q14653	OG		CB	A	2	386,402					SER	189-422		2	2	2	189-422	5JEK	SER	2.4	ok	SER_only_multi_2	386	SER,SER	-3.994902994121019
Q14653	OG		CB	A	2	386,402					SER	189-422		2	2	2	189-422	5JEK	SER	2.4	ok	SER_only_multi_2	402	SER,SER	-4.848285819408124
Q14653	OG		CB	A	2	386,402					SER	189-422		2	2	2	189-422	5JEL	SER	1.6	ok	SER_only_multi_2	386	SER,SER	122.58151063125428
Q14653	OG		CB	A	2	386,402					SER	189-422		2	2	2	189-422	5JEL	SER	1.6	ok	SER_only_multi_2	402	SER,SER	-0.7206691559239424
Q15637	OG		CB	A	1	82					SER	33-74,81-131		2	1	1	33-74,81-131	4FXX	SER	2.4801	ok	SER_single	82	SER	-119.34685986216972
Q15843	OG		CB	A	1	65					SER	1-74		1	1	1	1-74	1NDD	SER	1.6	ok	SER_single	65	SER	-105.64588662635298
Q15843	OG		CB	B	1	65					SER	1-76		1	1	1	1-76	1XT9	SER	2.2	ok	SER_single	65	SER	-99.6247600083531
Q15843	OG		CB	B	1	65					SER	1-76		1	1	1	1-76	2BKR	SER	1.9	ok	SER_single	65	SER	-111.11824154380838
Q15843	OG		CB	B	1	65					SER	1-74		1	1	1	1-74	4F8C	SER	1.95	ok	SER_single	65	SER	-102.35212913113118
Q15843	OG		CB	B	1	65					SER	1-74		1	1	1	1-74	4FBJ	SER	1.6	ok	SER_single	65	SER	-112.93339809787287
Q2RIF5	OG		CB	A	1	58					SER	6-120		1	1	1	6-120	2VY9	SER	2.3	ok	SER_single	58	SER	-5.671535593424757
Q582V7	OG		CB	B	1	71					SER	54-208,232-347		1	1	1	54-208,232-347	9Z8K	SER	2.05	ok	SER_single	71	SER	0.21627278299464905
Q5ZSZ6	OG		CB	A	1	54					SER	52-312		1	1	1	52-312	7VKB	SER	1.82	ok	SER_single	54	SER	30.89229133105568
Q5ZSZ6	OG		CB	B	1	54					SER	1-9,50-312		1	1	1	1-9,50-312	8EZR	SER	1.95	ok	SER_single	54	SER	-17.246847164257744
Q5ZSZ6	OG		CB	B	1	54					SER	3-9,53-312		1	1	1	3-9,53-312	8EZS	SER	2.47	ok	SER_single	54	SER	10.55831450024615
Q6TGC4	OG		CB	B	2	10,446					SER	8-63,72-165,179-694		2	2	2	8-63,72-165,179-694	9FMN	SER	2.44	ok	SER_only_multi_2	10	SER,SER	-140.38734559376044
Q6TGC4	OG		CB	B	2	10,446					SER	8-63,72-165,179-694		2	2	2	8-63,72-165,179-694	9FMN	SER	2.44	ok	SER_only_multi_2	446	SER,SER	-125.96426739734393
Q79PF4	OG		CB	B	2	320,431					SER	18-108,123-249,256-497		4	4	2	18-108,123-249,256-497	7DYJ	SER	2.4	ok	SER_mixed_with_THR	320	SER,SER	-6.281378587341448
Q79PF4	OG		CB	B	2	320,431					SER	18-108,123-249,256-497		4	4	2	18-108,123-249,256-497	7DYJ	SER	2.4	ok	SER_mixed_with_THR	431	SER,SER	90.77122811722633
Q8EIX3	OG		CB	A	1	147					SER	1-433		1	1	1	1-433	4PU5	SER	1.834	ok	SER_single	147	SER	121.57618221539353
Q92630	OG		CB	A	2	232,442					SER	212-536		5	3	2	212-536	6K0J	SER	2.352	ok	SER_mixed_with_THR	232	SER,SER	136.28991182066082
Q92630	OG		CB	A	2	232,442					SER	212-536		5	3	2	212-536	6K0J	SER	2.352	ok	SER_mixed_with_THR	442	SER,SER	109.17301585680137
Q92630	OG		CB	A	2	232,442					SER	213-538		5	3	2	213-538	7DH3	SER	2.33	ok	SER_mixed_with_THR	232	SER,SER	133.26457005358043
Q92630	OG		CB	A	2	232,442					SER	213-538		5	3	2	213-538	7DH3	SER	2.33	ok	SER_mixed_with_THR	442	SER,SER	102.82911941284182
Q92630	OG		CB	A	2	232,442					SER	215-538		5	3	2	215-538	7DH9	SER	2.194	ok	SER_mixed_with_THR	232	SER,SER	130.4948889506849
Q92630	OG		CB	A	2	232,442					SER	215-538		5	3	2	215-538	7DH9	SER	2.194	ok	SER_mixed_with_THR	442	SER,SER	111.43297244460085
Q92630	OG		CB	A	2	232,442					SER	215-538		5	3	2	215-381,383-457,459-538	7DHH	SER	2.486	ok	SER_mixed_with_THR	232	SER,SER	21.564535697937647
Q92630	OG		CB	A	2	232,442					SER	215-538		5	3	2	215-381,383-457,459-538	7DHH	SER	2.486	ok	SER_mixed_with_THR	442	SER,SER	93.07830440594049
Q92630	OG		CB	A	2	232,442					SER	215-538		5	3	2	215-381,383-457,459-538	7DHK	SER	2.341	ok	SER_mixed_with_THR	232	SER,SER	-103.60188108658089
Q92630	OG		CB	A	2	232,442					SER	215-538		5	3	2	215-381,383-457,459-538	7DHK	SER	2.341	ok	SER_mixed_with_THR	442	SER,SER	103.31274422185227
Q92630	OG		CB	A	2	232,442					SER	215-538		5	3	2	215-538	7DHN	SER	2.38	ok	SER_mixed_with_THR	232	SER,SER	109.46298038002782
Q92630	OG		CB	A	2	232,442					SER	215-538		5	3	2	215-538	7DHN	SER	2.38	ok	SER_mixed_with_THR	442	SER,SER	123.27987512450541
Q92630	OG		CB	A	2	232,442					SER	215-538		5	3	2	215-381,383-457,459-538	7DJO	SER	2.499	ok	SER_mixed_with_THR	232	SER,SER	120.7395412617917
Q92630	OG		CB	A	2	232,442					SER	215-538		5	3	2	215-381,383-457,459-538	7DJO	SER	2.499	ok	SER_mixed_with_THR	442	SER,SER	93.69004719521106
Q92918	OG		CB	B	1	171					SER	10-292		2	2	1	10-292	6NFY	SER	2.17	ok	SER_mixed_with_THR	171	SER	-21.52753935794317
Q92918	OG		CB	B	1	171					SER	7-294		2	2	1	7-294	7KAC	SER	1.85	ok	SER_mixed_with_THR	171	SER	-14.952997799500515
Q92918	OG		CB	A	1	171					SER	5-294		2	2	1	5-294	7SIU	SER	1.786	ok	SER_mixed_with_THR	171	SER	-112.04015937485795
Q94F62	OG		CB	A	1	290					SER	273-576		7	3	1	273-576	3TL8	SER	2.5	ok	SER_mixed_with_THR	290	SER	105.32001973010952
Q94KI8	OG		CB	A	1	22					SER	20-173,183-359,381-407,428-454,464-513,527-686		3	3	1	20-173,183-359,381-407,428-454,464-513,527-686	7TBG	SER	2.5	ok	SER_mixed_with_THR	22	SER	-124.8902527962814
Q96RR4	OG		CB	A	2	345,400					SER	161-213,222-448		5	2	2	161-213,222-448	5UY6	SER	1.7	ok	SER_only_multi_2	345	SER,SER	-112.93515400226914
Q96RR4	OG		CB	A	2	345,400					SER	161-213,222-448		5	2	2	161-213,222-448	5UY6	SER	1.7	ok	SER_only_multi_2	400	SER,SER	-1.8262461047119545
Q96RR4	OG		CB	A	2	345,400					SER	161-212,223-449		5	2	2	161-212,223-449	5UYJ	SER	1.6	ok	SER_only_multi_2	345	SER,SER	-103.17327600761028
Q96RR4	OG		CB	A	2	345,400					SER	161-212,223-449		5	2	2	161-212,223-449	5UYJ	SER	1.6	ok	SER_only_multi_2	400	SER,SER	-4.8432990276468395
Q96RR4	OG		CB	A	2	345,400					SER	161-205,227-360,364-448		5	2	2	161-205,227-360,364-448	5VT1	SER	1.9	ok	SER_only_multi_2	345	SER,SER	132.1701930205205
Q96RR4	OG		CB	A	2	345,400					SER	161-205,227-360,364-448		5	2	2	161-205,227-360,364-448	5VT1	SER	1.9	ok	SER_only_multi_2	400	SER,SER	-102.72814309930077
Q96RR4	OG		CB	A	2	345,400					SER	160-199,229-448		5	2	2	160-199,229-448	5YV8	SER	1.927	ok	SER_only_multi_2	345	SER,SER	116.43677767074693
Q96RR4	OG		CB	A	2	345,400					SER	160-199,229-448		5	2	2	160-199,229-448	5YV8	SER	1.927	ok	SER_only_multi_2	400	SER,SER	-125.07616310058381
Q96RR4	OG		CB	A	2	345,400					SER	160-199,229-448		5	2	2	160-199,229-448	5YVB	SER	2.02	ok	SER_only_multi_2	345	SER,SER	117.18986509129438
Q96RR4	OG		CB	A	2	345,400					SER	160-199,229-448		5	2	2	160-199,229-448	5YVB	SER	2.02	ok	SER_only_multi_2	400	SER,SER	-128.6199192830531
Q96RR4	OG		CB	A	2	345,400					SER	160-199,229-448		5	2	2	160-199,229-448	5YVC	SER	2.02	ok	SER_only_multi_2	345	SER,SER	113.7658234725605
Q96RR4	OG		CB	A	2	345,400					SER	160-199,229-448		5	2	2	160-199,229-448	5YVC	SER	2.02	ok	SER_only_multi_2	400	SER,SER	-126.60440909596501
Q96RR4	OG		CB	A	2	345,400					SER	162-206,230-448		5	2	2	162-206,230-448	6BKU	SER	2.0	ok	SER_only_multi_2	345	SER,SER	119.7773483571264
Q96RR4	OG		CB	A	2	345,400					SER	162-206,230-448		5	2	2	162-206,230-448	6BKU	SER	2.0	ok	SER_only_multi_2	400	SER,SER	5.38043781361561
Q96RR4	OG		CB	A	2	345,400					SER	161-204,230-448		5	2	2	161-204,230-448	6BLE	SER	1.9	ok	SER_only_multi_2	345	SER,SER	-105.90152377781804
Q96RR4	OG		CB	A	2	345,400					SER	161-204,230-448		5	2	2	161-204,230-448	6BLE	SER	1.9	ok	SER_only_multi_2	400	SER,SER	-3.990128880527303
Q96RR4	OG		CB	A	2	345,400					SER	161-211,224-448		5	2	2	161-211,224-448	6BQL	SER	2.0	ok	SER_only_multi_2	345	SER,SER	114.24125319133428
Q96RR4	OG		CB	A	2	345,400					SER	161-211,224-448		5	2	2	161-211,224-448	6BQL	SER	2.0	ok	SER_only_multi_2	400	SER,SER	3.9112642580772015
Q96RR4	OG		CB	A	2	345,400					SER	161-203,230-448		5	2	2	161-203,230-448	6BQP	SER	1.95	ok	SER_only_multi_2	345	SER,SER	-102.75588475272937
Q96RR4	OG		CB	A	2	345,400					SER	161-203,230-448		5	2	2	161-203,230-448	6BQP	SER	1.95	ok	SER_only_multi_2	400	SER,SER	-11.60908533682219
Q96RR4	OG		CB	A	2	345,400					SER	161-203,222-412,414-448		5	2	2	161-203,222-412,414-448	6BQQ	SER	1.8	ok	SER_only_multi_2	345	SER,SER	-110.90138664080702
Q96RR4	OG		CB	A	2	345,400					SER	161-203,222-412,414-448		5	2	2	161-203,222-412,414-448	6BQQ	SER	1.8	ok	SER_only_multi_2	400	SER,SER	-2.6052216828561194
Q96RR4	OG		CB	A	2	345,400					SER	161-204,230-448		5	2	2	161-204,230-448	6BRC	SER	2.2	ok	SER_only_multi_2	345	SER,SER	130.3300791393541
Q96RR4	OG		CB	A	2	345,400					SER	161-204,230-448		5	2	2	161-204,230-448	6BRC	SER	2.2	ok	SER_only_multi_2	400	SER,SER	-0.12007575100899766
Q96RR4	OG		CB	A	2	345,400					SER	161-209,223-449		5	2	2	161-209,223-449	8TUC	SER	1.5	ok	SER_only_multi_2	345	SER,SER	-115.33920363718453
Q96RR4	OG		CB	A	2	345,400					SER	161-209,223-449		5	2	2	161-209,223-449	8TUC	SER	1.5	ok	SER_only_multi_2	400	SER,SER	5.516070497819742
Q9BYP7	OG		CB	A	1	308					SER	134-412		2	1	1	134-412	5O1V	SER	1.723	ok	SER_single	308	SER	129.1781740728904
Q9BYP7	OG		CB	B	1	308					SER	135-408		2	1	1	135-408	5O21	SER	2.06	ok	SER_single	308	SER	115.87580822274465
Q9BYP7	OG		CB	B	1	308					SER	132-408		2	1	1	132-408	5O23	SER	2.25	ok	SER_single	308	SER	121.76659482604391
Q9BYP7	OG		CB	A	2	304,308					SER	129-496		2	2	2	129-496	5O2C	SER	2.4	ok	SER_only_multi_2	304	SER,SER	-105.78864341285114
Q9BYP7	OG		CB	A	2	304,308					SER	129-496		2	2	2	129-496	5O2C	SER	2.4	ok	SER_only_multi_2	308	SER,SER	107.29781811724223
Q9F4L3	OG		CB	A	1	28					SER	2-555		1	1	1	2-555	3IAE	SER	2.3	ok	SER_single	28	SER	-116.44450387001952
Q9H2G2	OG		CB	A	1	189					SER	21-308		2	2	1	21-308	2J51	SER	2.1	ok	SER_mixed_with_THR	189	SER	-22.0572531087989
Q9H2G2	OG		CB	A	1	189					SER	21-42,45-308		2	1	1	21-42,45-308	2UV2	SER	2.3	ok	SER_single	189	SER	-40.29395759418608
Q9H2G2				A	1	189					SER	19-182,189-309		2	1	1	19-182,189-309	6HVD	SER	1.63	missing_required_atoms:OG	SER_single	189	SER	
Q9HCE5	OG		CB	B	1	399					SER	116-399		1	1	1	116-399	5K7M	SER	1.65	ok	SER_single	399	SER	127.47268582132946
Q9HCE5	OG		CB	B	1	399					SER	116-399		1	1	1	116-399	5K7U	SER	1.7	ok	SER_single	399	SER	-108.80361266829725
Q9HCE5	OG		CB	B	1	399					SER	116-399		1	1	1	116-399	5K7W	SER	1.65	ok	SER_single	399	SER	-115.45922736689435
Q9HCE5	OG		CB	B	1	399					SER	117-203,208-272,276-399		1	1	1	117-203,208-272,276-399	7RX6	SER	1.8	ok	SER_single	399	SER	129.77514630074
Q9HCE5	OG		CB	B	1	399					SER	116-399		1	1	1	116-399	7RX7	SER	1.645	ok	SER_single	399	SER	-114.01403164768847
Q9HCE5	OG		CB	B	1	399					SER	116-399		1	1	1	116-399	7RX8	SER	1.85	ok	SER_single	399	SER	135.06882138949558
Q9HW02				A	1	82					SER	16-319		1	1	1	16-319	5VVW	SER	2.3	missing_required_atoms:OG	SER_single	82	SER	
Q9HW02	OG		CB	B	1	82					SER	16-319		1	1	1	16-319	6X9N	SER	2.25	ok	SER_single	82	SER	-143.5217694660787
Q9HW02	OG		CB	A	1	82					SER	16-83,86-319		1	1	1	16-83,86-319	8EGM	SER	2.2	ok	SER_single	82	SER	-117.8628870421263
Q9HW02	OG		CB	B	1	82					SER	16-194,202-322		1	1	1	16-194,202-322	8EWA	SER	1.85	ok	SER_single	82	SER	130.39993319022182
Q9HW02	OG		CB	A	1	82					SER	15-196,202-473		1	1	1	15-196,202-473	9S8I	SER	2.3	ok	SER_single	82	SER	-131.7148301046204
Q9KJX5	OG		CB	A	1	79					SER	24-372,376-477,480-545		1	1	1	24-372,376-477,480-545	5TOO	SER	2.031	ok	SER_single	79	SER	-140.53655387194877
Q9KWY4	OG		CB	B	1	84					SER	30-315,320-375		1	1	1	30-315,320-375	2IUC	SER	1.95	ok	SER_single	84	SER	-125.53036525185769
Q9NWF9	OG		CB	A	1	719					SER	600-772		1	1	1	600-772	7M4M	SER	2.39	ok	SER_single	719	SER	-114.43446152667474
Q9NWZ3	OG		CB	B	1	284					SER	163-458		4	2	1	163-458	2NRU	SER	2.0	ok	SER_mixed_with_THR	284	SER	110.45377041070797
Q9NWZ3	OG		CB	A	2	284,346					SER	164-217,221-336,342-458		4	3	2	164-217,221-336,342-458	2NRY	SER	2.15	ok	SER_mixed_with_THR	284	SER,SER	111.31512647362017
Q9NWZ3	OG		CB	A	2	284,346					SER	164-217,221-336,342-458		4	3	2	164-217,221-336,342-458	2NRY	SER	2.15	ok	SER_mixed_with_THR	346	SER,SER	-143.60063544183757
Q9NWZ3	OG		CB	A	2	284,346					SER	165-215,226-336,342-459		4	2	2	165-215,226-336,342-459	2O8Y	SER	2.4	ok	SER_only_multi_2	284	SER,SER	109.0609040156211
Q9NWZ3	OG		CB	A	2	284,346					SER	165-215,226-336,342-459		4	2	2	165-215,226-336,342-459	2O8Y	SER	2.4	ok	SER_only_multi_2	346	SER,SER	123.88598278994495
Q9NWZ3	OG		CB	D	1	284					SER	162-187,189-215,222-459		4	1	1	162-187,189-215,222-459	2OIB	SER	2.0	ok	SER_single	284	SER	107.58540613579893
Q9NWZ3	OG		CB	D	1	284					SER	161-215,226-337,340-459		4	1	1	161-215,226-337,340-459	2OIC	SER	2.4	ok	SER_single	284	SER	119.91074481736476
Q9NWZ3	OG		CB	D	1	284					SER	164-195,197-215,231-337,341-459		4	1	1	164-195,197-215,231-337,341-459	2OID	SER	2.3	ok	SER_single	284	SER	117.32641787607461
Q9NWZ3	OG		CB	A	1	284					SER	165-216,221-336,340-458		4	1	1	165-216,221-336,340-458	4RMZ	SER	2.2	ok	SER_single	284	SER	123.12685062676861
Q9NWZ3	OG		CB	C	1	284					SER	164-337,342-460		4	1	1	164-337,342-460	4Y73	SER	2.14	ok	SER_single	284	SER	109.05149878393246
Q9NWZ3	OG		CB	A	1	284					SER	163-216,222-337,341-459		4	1	1	163-216,222-337,341-459	4YO6	SER	2.32	ok	SER_single	284	SER	112.81659568499217
Q9NWZ3	OG		CB	D	1	284					SER	164-195,197-217,222-337,342-460		4	1	1	164-195,197-217,222-337,342-460	4ZTL	SER	2.39	ok	SER_single	284	SER	113.78080897406763
Q9NWZ3	OG		CB	A	1	284					SER	163-216,221-337,342-459		4	1	1	163-216,221-337,342-459	4ZTN	SER	2.23	ok	SER_single	284	SER	110.7790240652588
Q9NWZ3	OG		CB	A	1	284					SER	164-216,226-335,343-458		4	1	1	164-216,226-335,343-458	5K72	SER	2.22	ok	SER_single	284	SER	110.60039039916595
Q9NWZ3	OG		CB	C	1	284					SER	164-215,221-336,343-458		4	1	1	164-215,221-336,343-458	5K75	SER	2.03	ok	SER_single	284	SER	113.32042061306907
Q9NWZ3	OG		CB	C	1	284					SER	164-216,220-335,343-458		4	1	1	164-216,220-335,343-458	5K7G	SER	2.23	ok	SER_single	284	SER	111.10726166634646
Q9NWZ3	OG		CB	A	1	284					SER	164-215,226-252,257-335,343-458		4	1	1	164-215,226-252,257-335,343-458	5K7I	SER	2.31	ok	SER_single	284	SER	111.95310457442484
Q9NWZ3	OG		CB	C	1	284					SER	164-215,221-336,342-460		4	1	1	164-215,221-336,342-460	5T1S	SER	2.3	ok	SER_single	284	SER	112.65136828741974
Q9NWZ3	OG		CB	C	1	284					SER	164-216,221-337,342-460		4	1	1	164-216,221-337,342-460	5T1T	SER	2.34	ok	SER_single	284	SER	110.12880671031691
Q9NWZ3	OG		CB	B	2	284,346					SER	165-216,224-253,257-336,344-405,408-458		4	2	2	165-216,224-253,257-336,344-405,408-458	5UIS	SER	2.5	ok	SER_only_multi_2	284	SER,SER	107.80182263162426
Q9NWZ3	OG		CB	B	2	284,346					SER	165-216,224-253,257-336,344-405,408-458		4	2	2	165-216,224-253,257-336,344-405,408-458	5UIS	SER	2.5	ok	SER_only_multi_2	346	SER,SER	-130.13013440132744
Q9NWZ3	OG		CB	A	1	284					SER	162-215,222-336,342-458		4	2	1	162-215,222-336,342-458	5UIT	SER	1.84	ok	SER_mixed_with_THR	284	SER	116.27190576132688
Q9NWZ3	OG		CB	B	1	284					SER	164-336,342-458		4	1	1	164-336,342-458	5UIU	SER	2.02	ok	SER_single	284	SER	109.1458547184775
Q9NWZ3	OG		CB	B	1	284					SER	164-194,197-215,224-336,341-459		4	1	1	164-194,197-215,224-336,341-459	5W85	SER	2.25	ok	SER_single	284	SER	114.485901324343
Q9NWZ3	OG		CB	A	1	284					SER	164-217,221-331,349-459		4	1	1	164-217,221-331,349-459	6EG9	SER	2.414	ok	SER_single	284	SER	111.54030863806095
Q9NWZ3	OG		CB	A	1	284					SER	164-216,222-335,352-458		4	1	1	165-195,198-216,222-253,257-335,352-458	6EGD	SER	2.1	ok	SER_single	284	SER	116.13089095308594
Q9NWZ3	OG		CB	A	1	284					SER	164-216,224-346,352-457		4	1	1	165-216,226-252,258-335,352-457	6EGE	SER	1.401	ok	SER_single	284	SER	108.18100513444611
Q9NWZ3	OG		CB	B	1	284					SER	164-217,221-336,344-458		4	1	1	164-217,221-336,344-458	6F3D	SER	2.38	ok	SER_single	284	SER	114.70426996825445
Q9NWZ3	OG		CB	B	1	284					SER	164-215,223-253,257-336,343-458		4	1	1	164-215,223-253,257-336,343-458	6F3G	SER	2.37	ok	SER_single	284	SER	111.97730699672411
Q9NWZ3	OG		CB	B	1	284					SER	164-215,223-336,344-458		4	1	1	164-215,223-336,344-458	6F3I	SER	2.14	ok	SER_single	284	SER	107.66765954461142
Q9NWZ3	OG		CB	B	1	284					SER	163-459		4	2	1	163-459	6LXY	SER	2.19	ok	SER_mixed_with_THR	284	SER	116.804139102649
Q9NWZ3	OG		CB	D	1	284					SER	164-459		4	1	1	164-459	6MOM	SER	2.1	ok	SER_single	284	SER	111.71005803504255
Q9NWZ3	OG		CB	C	1	284					SER	164-216,220-336,341-459		4	1	1	164-216,220-336,341-459	6N8G	SER	2.0	ok	SER_single	284	SER	112.09966094158698
Q9NWZ3	OG		CB	D	1	284					SER	162-219,221-336,343-458		4	1	1	162-219,221-336,343-458	6O8U	SER	1.8	ok	SER_single	284	SER	112.28596120386595
Q9NWZ3	OG		CB	B	1	284					SER	162-336,341-458		4	1	1	162-336,341-458	6O94	SER	1.98	ok	SER_single	284	SER	117.29438276348414
Q9NWZ3	OG		CB	D	1	284					SER	161-336,343-458		4	1	1	161-336,343-458	6O95	SER	1.77	ok	SER_single	284	SER	114.83057649164037
Q9NWZ3	OG		CB	A	1	284					SER	165-184,189-195,198-215,224-335,341-458		4	2	1	165-184,189-195,198-215,224-335,341-458	6RFI	SER	2.31	ok	SER_mixed_with_THR	284	SER	112.92375507658603
Q9NWZ3	OG		CB	B	1	284					SER	164-216,220-336,348-458		4	1	1	164-216,220-336,348-458	6THW	SER	2.44	ok	SER_single	284	SER	112.17365848945651
Q9NWZ3	OG		CB	B	1	284					SER	164-215,223-336,342-458		4	2	1	164-215,223-336,342-458	6THX	SER	1.99	ok	SER_mixed_with_THR	284	SER	105.12577202866376
Q9NWZ3	OG		CB	B	1	284					SER	164-215,223-336,342-458		4	2	1	164-215,223-336,342-458	6THZ	SER	2.38	ok	SER_mixed_with_THR	284	SER	117.69307141147598
Q9NWZ3	OG		CB	C	1	284					SER	164-216,221-335,343-459		4	1	1	164-216,221-335,343-459	6TI8	SER	2.32	ok	SER_single	284	SER	112.18271109422457
Q9NWZ3	OG		CB	D	1	284					SER	162-335,342-458		4	1	1	162-335,342-458	6UYA	SER	1.74	ok	SER_single	284	SER	115.09138456770603
Q9NWZ3	OG		CB	A	1	284					SER	162-217,220-336,343-458		4	1	1	162-217,220-336,343-458	6VQL	SER	2.069	ok	SER_single	284	SER	131.44839686451417
Q9NWZ3	OG		CB	A	1	284					SER	163-216,221-337,342-459		4	1	1	163-216,221-337,342-459	7C2V	SER	2.44	ok	SER_single	284	SER	119.10563612760771
Q9NWZ3	OG		CB	B	1	284					SER	164-216,223-336,344-458		4	1	1	164-216,223-336,344-458	7QG1	SER	2.07	ok	SER_single	284	SER	108.57935545775422
Q9NWZ3	OG		CB	B	1	284					SER	164-215,222-336,343-458		4	1	1	164-215,222-336,343-458	7QG3	SER	2.11	ok	SER_single	284	SER	106.32397702102824
Q9NWZ3	OG		CB	B	1	284					SER	164-215,224-335,342-458		4	2	1	164-215,224-335,342-458	7QG5	SER	2.3	ok	SER_mixed_with_THR	284	SER	108.40037121790341
Q9NWZ3	OG		CB	A	1	284					SER	165-216,222-336,343-344,346-459		4	1	1	165-216,222-336,343-344,346-459	8DKS	SER	2.45	ok	SER_single	284	SER	115.91477229729867
Q9NWZ3	OG		CB	B	1	284					SER	164-216,220-336,342-458		4	1	1	164-216,220-336,342-458	8SCE	SER	1.89	ok	SER_single	284	SER	109.1824865868485
Q9NWZ3	OG		CB	B	1	284					SER	164-217,220-336,342-459		4	1	1	164-217,220-336,342-459	8TVM	SER	2.1	ok	SER_single	284	SER	101.34787114131362
Q9NWZ3	OG		CB	B	1	284					SER	164-216,220-255,257-335,342-459		4	1	1	164-216,220-255,257-335,342-459	8TVN	SER	1.95	ok	SER_single	284	SER	106.18635376731535
Q9NWZ3	OG		CB	B	1	284					SER	164-337,342-459		4	1	1	164-337,342-459	8TX0	SER	2.0	ok	SER_single	284	SER	111.03049638551379
Q9NWZ3	OG		CB	D	1	284					SER	163-219,221-336,342-459		4	1	1	163-219,221-336,342-459	8UCB	SER	1.85	ok	SER_single	284	SER	112.87920702034525
Q9NWZ3	OG		CB	A	1	284					SER	160-336,342-459		4	2	1	160-336,342-459	8UCC	SER	1.8	ok	SER_mixed_with_THR	284	SER	112.49523726415545
Q9NWZ3	OG		CB	B	2	284,346					SER	164-216,221-336,342-458		4	3	2	164-216,221-336,342-458	8UCC	SER	1.8	ok	SER_mixed_with_THR	346	SER,SER	133.63420825954555
Q9NWZ3	OG		CB	C	1	284					SER	160-459		4	1	1	160-459	8V2F	SER	2.09	ok	SER_single	284	SER	110.25635144493914
Q9NWZ3	OG		CB	B	1	284					SER	163-336,342-459		4	1	1	163-336,342-459	8V2L	SER	2.43	ok	SER_single	284	SER	99.49859111070684
Q9NWZ3	OG		CB	A	1	284					SER	162-460		4	1	1	162-460	8W3W	SER	1.976	ok	SER_single	284	SER	117.796717666332
Q9NWZ3	OG		CB	A	1	284					SER	162-216,222-336,342-460		4	1	1	162-216,222-336,342-460	8W3X	SER	1.765	ok	SER_single	284	SER	115.9338274882348
Q9NWZ3	OG		CB	A	2	284,346					SER	165-253,257-458		4	4	2	165-253,257-458	8WTF	SER	2.0	ok	SER_mixed_with_THR	284	SER,SER	111.6183046120714
Q9NWZ3	OG		CB	A	2	284,346					SER	165-253,257-458		4	4	2	165-253,257-458	8WTF	SER	2.0	ok	SER_mixed_with_THR	346	SER,SER	112.81488429547115
Q9NWZ3	OG		CB	A	1	284					SER	164-337,340-458		4	1	1	164-337,340-458	9NA2	SER	1.99	ok	SER_single	284	SER	111.97381333842745
Q9NWZ3	OG		CB	A	1	284					SER	164-217,221-254,258-336,342-458		4	1	1	164-217,221-254,258-336,342-458	9NA3	SER	2.1	ok	SER_single	284	SER	111.95326556034675
Q9NWZ3	OG		CB	C	1	284					SER	164-216,221-254,257-336,342-459		4	1	1	164-216,221-254,257-336,342-459	9NA4	SER	2.33	ok	SER_single	284	SER	94.29167736729693
Q9NWZ3	OG		CB	A	1	284					SER	162-217,220-336,341-458		4	1	1	162-217,220-336,341-458	9NA5	SER	1.73	ok	SER_single	284	SER	110.65881183210215
Q9NWZ3	OG		CB	C	1	284					SER	165-216,220-336,342-458		4	1	1	165-216,220-336,342-458	9NA6	SER	2.14	ok	SER_single	284	SER	112.52013711569226
Q9NWZ3	OG		CB	A	1	284					SER	164-215,222-336,342-458		4	1	1	164-215,222-336,342-458	9PSS	SER	1.93	ok	SER_single	284	SER	112.01986238356565
Q9NWZ3	OG		CB	A	1	284					SER	165-216,220-336,343-458		4	1	1	165-216,220-336,343-458	9PST	SER	2.12	ok	SER_single	284	SER	108.66862471155721
Q9NWZ3	OG		CB	B	1	284					SER	164-216,222-337,342-458		4	2	1	164-216,222-337,342-458	9PSU	SER	2.43	ok	SER_mixed_with_THR	284	SER	103.82439191535535
Q9NWZ3	OG		CB	A	1	284					SER	163-216,222-335,341-458		4	2	1	163-216,222-335,341-458	9R9G	SER	1.88	ok	SER_mixed_with_THR	284	SER	112.77086533987156
Q9NWZ3	OG		CB	B	1	284					SER	161-217,222-254,257-337,342-458		4	2	1	161-217,222-254,257-337,342-458	9R9J	SER	2.39	ok	SER_mixed_with_THR	284	SER	117.1309268444269
Q9NWZ3	OG		CB	B	1	284					SER	158-216,223-335,343-460		4	1	1	158-216,223-335,343-460	9R9K	SER	1.87	ok	SER_single	284	SER	110.8435426996064
Q9P0N9	OG		CB	A	1	124					SER	21-292		1	1	1	21-292	3QWL	SER	1.9	ok	SER_single	124	SER	112.65652096973965
Q9QZL0	OG		CB	A	1	232					SER	13-168,185-312		3	2	1	13-168,185-312	9IWW	SER	1.93	ok	SER_mixed_with_THR	232	SER	119.94896608353669
Q9QZL0	OG		CB	B	1	184					SER	13-168,183-227,241-313		3	1	1	13-168,183-227,241-313	9IWW	SER	1.93	ok	SER_single	184	SER	116.88878122647844
Q9QZL0	OG		CB	A	1	232					SER	14-168,187-311		3	2	1	14-168,187-311	9IWX	SER	1.99	ok	SER_mixed_with_THR	232	SER	116.87110436791674
Q9QZL0	OG		CB	A	1	232					SER	13-169,185-312		3	2	1	13-169,185-312	9IWZ	SER	1.82	ok	SER_mixed_with_THR	232	SER	-117.47866327359287
Q9UBU7	OG		CB	B	1	226					SER	214-254,294-342		1	1	1	214-254,294-342	4F99	SER	2.33	ok	SER_single	226	SER	107.95959960721589
Q9UBU7	OG		CB	B	1	226					SER	214-254,294-342		1	1	1	214-254,294-342	4F9A	SER	2.17	ok	SER_single	226	SER	98.49374569233746
Q9UBU7	OG		CB	B	1	226					SER	214-254,294-342		1	1	1	214-254,294-342	4F9B	SER	2.5	ok	SER_single	226	SER	116.93944736820427
Q9UBU7	OG		CB	B	1	226					SER	214-227,230-254,294-342		1	1	1	214-227,230-254,294-342	4F9C	SER	2.08	ok	SER_single	226	SER	122.97570521346216
Q9UBU7	OG		CB	B	1	226					SER	210-256,292-348		1	1	1	210-256,292-348	6YA7	SER	1.67	ok	SER_single	226	SER	128.9795666809103
Q9UK32	OG		CB	A	1	232					SER	51-116,125-349		1	1	1	51-116,125-349	6G77	SER	2.499	ok	SER_single	232	SER	-107.32940842365933
Q9X1F5	OG		CB	A	1	59					SER	1-110		1	1	1	1-110	1VC1	SER	2.0	ok	SER_single	59	SER	110.37264417975243
Q9Y052	OG		CB	A	1	127					SER	24-311		1	1	1	24-311	4IQB	SER	1.13	ok	SER_single	127	SER	-99.27513565444787
Q9Y052	OG		CB	A	1	127					SER	23-312		1	1	1	23-312	4IRR	SER	2.48	ok	SER_single	127	SER	-110.75771292052205
