acc_id	anchor_atom	angle_base_anchor_p	base_atom	chain_id	context_n_sites	context_signature	d_P_O1P	d_P_O2P	d_P_O3P	d_anchor_p	expected_resname	mapped_uniprot_range	master_phospho_sites	master_site_count	n_context_sites_input	n_target_sites	observed_uniprot_range	pdb_id	resname	resolution	status	subset_class	target_position	target_site_residues	torsion_CD1_CE1_CZ_OH	torsion_CG2_CB_OG1_CA	torsion_N_CA_CB_OG1
A0A0R6L508	OG1		CB	A	1	285					THR	219-541		1	1	1	219-541	5GRR	THR	1.45	ok	THR_single	285	THR		57.43484217431414	-139.4734068723249
A0A0R6L508	OG1		CB	A	1	285					THR	219-413,425-541		1	1	1	219-413,425-541	5LRM	THR	1.75	ok	THR_single	285	THR		58.177460785788654	-140.40995892737473
A1YYW7	OG1		CB	A	1	89					THR	31-556		1	1	1	31-556	3Q3Q	THR	1.953	ok	THR_single	89	THR		57.2190548792094	-119.67610872583926
A1YYW7	OG1		CB	A	1	89					THR	31-559		1	1	1	31-559	5XWK	THR	1.901	ok	THR_single	89	THR		54.00103113716494	-113.56356212826195
D3KVM3	OG1		CB	A	2	12,276					THR	1-511		2	2	2	1-511	3WXK	THR	2.37	ok	THR_only_multi_2	12	THR,THR		59.04619682960469	112.20527124218131
D3KVM3	OG1		CB	A	2	12,276					THR	1-511		2	2	2	1-511	3WXK	THR	2.37	ok	THR_only_multi_2	276	THR,THR		62.80738128673683	167.58530917053915
D3KVM3	OG1		CB	A	2	12,276					THR	1-511		2	2	2	1-511	3WXL	THR	1.9	ok	THR_only_multi_2	12	THR,THR		57.43261229770454	112.86923662610096
D3KVM3	OG1		CB	A	2	12,276					THR	1-511		2	2	2	1-511	3WXL	THR	1.9	ok	THR_only_multi_2	276	THR,THR		57.75309472431276	-120.40437533996202
D3KVM3	OG1		CB	A	2	12,276					THR	1-511		2	2	2	1-511	5AZI	THR	2.45	ok	THR_only_multi_2	12	THR,THR		57.89042407770311	106.84227219051326
D3KVM3	OG1		CB	A	2	12,276					THR	1-511		2	2	2	1-511	5AZI	THR	2.45	ok	THR_only_multi_2	276	THR,THR		56.07794487472045	-134.21159991713108
D3KVM3	OG1		CB	A	2	12,276					THR	1-511		2	2	2	1-511	5GN6	THR	2.5	ok	THR_only_multi_2	12	THR,THR		59.558686232594475	119.6707349575255
D3KVM3	OG1		CB	A	2	12,276					THR	1-511		2	2	2	1-511	5GN6	THR	2.5	ok	THR_only_multi_2	276	THR,THR		55.574623912279804	-122.77996021342531
D3KVM3	OG1		CB	A	2	12,276					THR	1-511		2	2	2	1-511	6J9V	THR	2.4	ok	THR_only_multi_2	12	THR,THR		55.72177350581516	106.45489861956243
D3KVM3	OG1		CB	A	2	12,276					THR	1-511		2	2	2	1-511	6J9V	THR	2.4	ok	THR_only_multi_2	276	THR,THR		57.983476813268794	-129.53502705585362
D3KVM3	OG1		CB	A	2	12,276					THR	1-511		2	2	2	1-511	6JAE	THR	2.3	ok	THR_only_multi_2	12	THR,THR		57.7565226605551	119.09456254049326
D3KVM3	OG1		CB	A	2	12,276					THR	1-511		2	2	2	1-511	6JAE	THR	2.3	ok	THR_only_multi_2	276	THR,THR		58.820150459056215	-109.30291110280673
E0W1I1	OG1		CB	A	1	305					THR	116-137,147-180,188-267,281-517,540-574		3	3	1	116-137,147-180,188-267,281-517,540-574	7T4M	THR	2.48	ok	THR_mixed_with_SER	305	THR		58.48525037291574	-121.78056729309067
E0W1I1	OG1		CB	A	1	305					THR	116-137,148-180,188-267,282-515,540-574		3	3	1	116-137,148-180,188-267,282-515,540-574	7T4N	THR	2.35	ok	THR_mixed_with_SER	305	THR		59.03709459355424	-125.66863856403624
L7N686	OG1		CB	A	1	39					THR	2-196		1	1	1	2-196	8AN4	THR	1.65	ok	THR_single	39	THR		58.3045131752082	-113.20809326525756
L7N686	OG1		CB	A	1	39					THR	2-89,92-197		1	1	1	2-89,92-197	8AN5	THR	1.44	ok	THR_single	39	THR		57.18548237796237	123.68093644644217
M1UWB5	OG1		CB	A	1	683					THR	448-746,753-807		1	1	1	448-746,753-807	9FMO	THR	2.487	ok	THR_single	683	THR		58.83086627066488	-120.14991620565121
O00267				Z	1	775					THR	160-397,417-645,702-767,771-781		2	1	1	160-397,417-645,702-767,771-781	9MLC	THR	2.4	missing_required_atoms:OG1,CB	THR_single	775	THR			
O14965	OG1		CB	A	1	288					THR	126-285,288-388		2	1	1	126-285,288-388	1MQ4	THR	1.9	ok	THR_single	288	THR		60.473800183104956	-125.56098563848234
O14965	OG1		CB	A	1	288					THR	126-285,288-389		2	1	1	126-285,288-389	2DWB	THR	2.5	ok	THR_single	288	THR		59.24538436033287	-126.23704153095683
O14965	OG1		CB	B	2	287,288					THR	126-395		2	2	2	126-395	2J4Z	THR	2.0	ok	THR_only_multi_2	287	THR,THR		58.01965209873017	-109.97098041797067
O14965	OG1		CB	B	2	287,288					THR	126-395		2	2	2	126-395	2J4Z	THR	2.0	ok	THR_only_multi_2	288	THR,THR		58.76927628724711	107.86191207500154
O14965	OG1		CB	A	1	287					THR	125-389		2	1	1	125-389	3E5A	THR	2.3	ok	THR_single	287	THR		58.84731347721679	118.3401639202404
O14965				B	2	287,288					THR	126-275,287-302,307-389		2	2	2	126-275,287-302,307-389	3O50	THR	2.0	missing_required_atoms:OG1	THR_only_multi_2	287	THR,THR			
O14965	OG1		CB	B	2	287,288					THR	126-275,287-302,307-389		2	2	2	126-275,287-302,307-389	3O50	THR	2.0	ok	THR_only_multi_2	288	THR,THR		57.9911219157763	120.99274501911508
O14965	OG1		CB	A	1	288					THR	124-389		2	2	1	124-389	3UO4	THR	2.45	ok	THR_mixed_with_ASP	288	THR		59.16533233792775	-119.00609030363785
O14965	OG1		CB	A	1	288					THR	127-389		2	2	1	127-389	3UOL	THR	2.4	ok	THR_mixed_with_ASP	288	THR		57.748029192732645	121.00648574605991
O14965	OG1		CB	A	1	288					THR	124-389		2	2	1	124-389	3UP2	THR	2.3001	ok	THR_mixed_with_ASP	288	THR		58.46380509860722	178.9154156148514
O14965	OG1		CB	A	1	287					THR	127-391		2	1	1	127-391	4CEG	THR	2.1	ok	THR_single	287	THR		57.98849485023611	-130.11933217487996
O14965	OG1		CB	A	1	288					THR	124-389		2	2	1	124-389	4DEA	THR	2.45	ok	THR_mixed_with_ASP	288	THR		62.11167198610721	121.1166988244547
O14965	OG1		CB	A	1	288					THR	124-394		2	2	1	124-394	4DEE	THR	2.3	ok	THR_mixed_with_ASP	288	THR		62.12287977931545	122.23587970498676
O14965	OG1		CB	A	1	288					THR	125-390		2	2	1	125-390	4J8M	THR	1.853	ok	THR_mixed_with_ASP	288	THR		57.90837403182488	102.56771403789769
O14965	OG1		CB	A	1	287					THR	126-391		2	2	1	126-391	4JBO	THR	2.493	ok	THR_mixed_with_ASP	287	THR		58.74324602711123	-17.068163118492958
O14965	OG1		CB	A	1	288					THR	126-286,288-391		2	1	1	126-286,288-391	4O0S	THR	2.5	ok	THR_single	288	THR		58.61998865546371	128.11655722560795
O14965	OG1		CB	A	1	287					THR	125-389		2	1	1	125-389	5DN3	THR	2.05	ok	THR_single	287	THR		53.52556673824858	119.05057400391769
O14965	OG1		CB	A	1	287					THR	126-390		2	1	1	126-390	5DNR	THR	1.95	ok	THR_single	287	THR		54.71241588308315	-108.68484863411913
O14965	OG1		CB	A	1	288					THR	128-390		2	2	1	128-390	5DR2	THR	2.46	ok	THR_mixed_with_ALA	288	THR		55.18930085075408	85.61601696893665
O14965	OG1		CB	A	1	288					THR	127-390		2	1	1	127-390	5DT3	THR	2.33	ok	THR_single	288	THR		54.40937980926659	-7.919579617101254
O14965	OG1		CB	A	2	287,288					THR	126-390		2	2	2	126-390	5G15	THR	2.06	ok	THR_only_multi_2	287	THR,THR		56.50892028679651	121.19644177716548
O14965	OG1		CB	A	2	287,288					THR	126-390		2	2	2	126-390	5G15	THR	2.06	ok	THR_only_multi_2	288	THR,THR		56.756708657002356	-137.7025914490159
O14965	OG1		CB	A	1	287					THR	126-389		2	1	1	126-389	5G1X	THR	1.72	ok	THR_single	287	THR		58.244577866142805	122.41792061792921
O14965	OG1		CB	A	1	287					THR	126-392		2	1	1	126-392	5L8K	THR	1.79	ok	THR_single	287	THR		57.7080286122626	-145.8594286732204
O14965	OG1		CB	A	1	287					THR	126-389		2	1	1	126-389	5L8L	THR	1.67	ok	THR_single	287	THR		61.23083739168627	-153.42649511700353
O14965	OG1		CB	A	1	287					THR	126-392		2	1	1	126-392	5LXM	THR	2.08	ok	THR_single	287	THR		58.46864647774766	120.97798294566383
O14965	OG1		CB	A	1	287					THR	127-391		2	1	1	127-391	5ORL	THR	1.69	ok	THR_single	287	THR		57.926696905082835	-130.89661788422404
O14965	OG1		CB	A	1	287					THR	127-391		2	1	1	127-391	5ORN	THR	2.19	ok	THR_single	287	THR		56.346806060380835	10.690209197456927
O14965	OG1		CB	A	1	287					THR	127-391		2	1	1	127-391	5ORO	THR	2.12	ok	THR_single	287	THR		58.161994446808336	13.378099165510216
O14965	OG1		CB	A	1	287					THR	127-391		2	1	1	127-391	5ORP	THR	2.19	ok	THR_single	287	THR		58.17272090380339	-143.74551736075315
O14965	OG1		CB	A	1	287					THR	127-391		2	1	1	127-391	5ORR	THR	2.09	ok	THR_single	287	THR		58.353407287668254	-137.16965703655939
O14965	OG1		CB	A	1	287					THR	127-391		2	1	1	127-391	5ORS	THR	1.98	ok	THR_single	287	THR		57.83076448954507	-135.20334270703069
O14965	OG1		CB	A	1	287					THR	127-391		2	1	1	127-391	5ORV	THR	1.88	ok	THR_single	287	THR		57.657608721868485	-139.26965805462117
O14965	OG1		CB	A	1	287					THR	127-391		2	1	1	127-391	5ORW	THR	2.0	ok	THR_single	287	THR		57.87282420386985	-142.31770218425555
O14965	OG1		CB	A	1	287					THR	127-391		2	1	1	127-391	5ORX	THR	1.88	ok	THR_single	287	THR		57.90931115824726	-133.80167943105974
O14965	OG1		CB	A	1	287					THR	127-391		2	1	1	127-391	5ORY	THR	1.99	ok	THR_single	287	THR		58.38020416642387	-141.11544840823277
O14965	OG1		CB	A	1	287					THR	127-391		2	1	1	127-391	5ORZ	THR	1.92	ok	THR_single	287	THR		58.337371039917585	-143.45817259315444
O14965	OG1		CB	A	1	287					THR	127-391		2	1	1	127-391	5OS0	THR	1.74	ok	THR_single	287	THR		57.44176195997895	-136.34919285108165
O14965	OG1		CB	A	1	287					THR	127-391		2	1	1	127-391	5OS1	THR	1.9	ok	THR_single	287	THR		57.34045205085761	-134.02170022037558
O14965	OG1		CB	A	1	287					THR	127-391		2	1	1	127-391	5OS3	THR	1.81	ok	THR_single	287	THR		57.64343727489427	-132.1872729765759
O14965	OG1		CB	A	1	287					THR	127-391		2	1	1	127-391	5OS4	THR	1.88	ok	THR_single	287	THR		57.56909599887491	14.052853542476424
O14965	OG1		CB	A	1	287					THR	125-392		2	1	1	125-392	5OS5	THR	1.74	ok	THR_single	287	THR		57.968514793001056	-128.173023517657
O14965	OG1		CB	A	1	287					THR	127-391		2	1	1	127-391	5OS6	THR	2.2	ok	THR_single	287	THR		57.84640444053974	-141.63935100720053
O14965	OG1		CB	A	1	287					THR	125-391		2	1	1	125-391	5OSD	THR	1.99	ok	THR_single	287	THR		58.34623269368671	-140.65073614532298
O14965	OG1		CB	A	1	287					THR	127-391		2	1	1	127-391	5OSE	THR	1.9	ok	THR_single	287	THR		57.619927180467656	16.360544366390158
O14965	OG1		CB	A	1	287					THR	127-391		2	1	1	127-391	5OSF	THR	1.89	ok	THR_single	287	THR		53.4094300999878	-146.02474392974827
O14965				A	1	288					THR	128-279,288-388		2	1	1	128-279,288-388	6C2T	THR	1.73	missing_required_atoms:OG1	THR_single	288	THR			
O14965	OG1		CB	A	1	287					THR	127-391		2	1	1	127-391	6R4A	THR	1.937	ok	THR_single	287	THR		58.46954946967577	-128.35993852278077
O14965	OG1		CB	A	1	287					THR	127-391		2	1	1	127-391	6R4B	THR	2.15	ok	THR_single	287	THR		58.38306442681441	-135.76878298135117
O14965	OG1		CB	A	1	287					THR	127-391		2	1	1	127-391	6R4C	THR	2.04	ok	THR_single	287	THR		58.948201773151794	-128.96552818966654
O14965	OG1		CB	A	1	287					THR	127-391		2	1	1	127-391	6R4D	THR	2.009	ok	THR_single	287	THR		58.29075441752894	-136.1296543209588
O14965	OG1		CB	A	2	287,288					THR	126-389		2	2	2	126-389	6VPI	THR	2.0	ok	THR_only_multi_2	287	THR,THR		58.4910261258061	133.6447816230553
O14965	OG1		CB	A	2	287,288					THR	126-389		2	2	2	126-389	6VPI	THR	2.0	ok	THR_only_multi_2	288	THR,THR		59.049610973935096	-129.57452154088276
O14965	OG1		CB	A	2	287,288					THR	124-283,287-389		2	2	2	124-283,287-389	6VPJ	THR	2.1	ok	THR_only_multi_2	287	THR,THR		58.422560481330734	-125.84974053863684
O14965	OG1		CB	A	2	287,288					THR	124-283,287-389		2	2	2	124-283,287-389	6VPJ	THR	2.1	ok	THR_only_multi_2	288	THR,THR		58.698641218411105	-126.92840418180279
O14965	OG1		CB	A	1	287					THR	104,125-282,287-389		2	1	1	104,125-282,287-389	6VPL	THR	1.86	ok	THR_single	287	THR		58.29812376490883	141.81123776165597
O14965	OG1		CB	A	1	287					THR	125-282,287-389		2	1	1	125-282,287-389	6VPM	THR	1.58	ok	THR_single	287	THR		58.42836015891229	-94.82095112340708
O14965	OG1		CB	A	1	287					THR	126-389		2	1	1	126-389	7ZTL	THR	1.9	ok	THR_single	287	THR		57.65760653352996	106.75633118065018
O14965	OG1		CB	A	1	287					THR	126-389		2	1	1	126-389	8C14	THR	1.93	ok	THR_single	287	THR		52.10826869962489	93.57830736732484
O14965				A	1	287					THR	127-287,291-388		2	1	1	127-287,291-388	8C1D	THR	2.115	missing_required_atoms:OG1	THR_single	287	THR			
O14965	OG1		CB	A	2	287,288					THR	127-388		2	2	2	127-388	8C1K	THR	2.43	ok	THR_only_multi_2	287	THR,THR		54.693014339222074	111.61474144296636
O14965	OG1		CB	A	2	287,288					THR	127-388		2	2	2	127-388	8C1K	THR	2.43	ok	THR_only_multi_2	288	THR,THR		57.04286487603943	-11.991619847366444
O14965	OG1		CB	A	2	287,288					THR	126-390		2	2	2	126-390	8OF5	THR	1.97	ok	THR_only_multi_2	287	THR,THR		57.525418249065304	-117.1030638937989
O14965	OG1		CB	A	2	287,288					THR	126-390		2	2	2	126-390	8OF5	THR	1.97	ok	THR_only_multi_2	288	THR,THR		57.565166018537724	-128.17179582069056
O14965	OG1		CB	A	1	287					THR	127-388		2	1	1	127-388	9BZG	THR	1.8	ok	THR_single	287	THR		56.6295495968743	107.27876028195801
O14965	OG1		CB	A	1	288					THR	124-275,288-391		2	1	1	124-275,288-391	9GUC	THR	2.1	ok	THR_single	288	THR		58.32669160183908	135.2840108283355
O14965	OG1		CB	A	2	287,288					THR	125-389		2	2	2	125-389	9SUY	THR	2.27	ok	THR_only_multi_2	287	THR,THR		58.67794837347954	-121.50941271397762
O14965	OG1		CB	A	2	287,288					THR	125-389		2	2	2	125-389	9SUY	THR	2.27	ok	THR_only_multi_2	288	THR,THR		55.266576654275795	124.14626271666114
O15075	OG1		CB	A	1	484					THR	374-590,595-648		1	1	1	374-590,595-648	5JZJ	THR	1.71	ok	THR_single	484	THR		56.24352440379478	113.40770620252476
O15075	OG1		CB	A	1	484					THR	380-589,594-701		1	1	1	380-589,594-701	6KYQ	THR	2.141	ok	THR_single	484	THR		58.355237912662844	117.61251563634845
O15075	OG1		CB	A	1	484					THR	380-589,593-669,678-701		1	1	1	380-589,593-669,678-701	6KYR	THR	2.206	ok	THR_single	484	THR		58.429330026418604	118.63868685419587
O15075	OG1		CB	A	1	484					THR	376-648		1	1	1	376-648	7F3G	THR	2.1	ok	THR_single	484	THR		56.45577049097025	119.05871098675453
O15075	OG1		CB	A	1	484					THR	381-398,401-425,431-590,594-648		1	1	1	381-398,401-425,431-590,594-648	7KX6	THR	2.5	ok	THR_single	484	THR		58.78233217372801	109.57727514135455
O15264	OG1		CB	A	1	180					THR	1-173,180-351		2	2	1	1-173,180-351	8X23	THR	1.5	ok	THR_mixed_with_TYR	180	THR		56.13359856816522	122.25105534211586
O43293	OG1		CB	A	1	265					THR	9-169,178-283		2	2	1	9-169,178-283	3BHY	THR	1.24	ok	THR_mixed_with_SER	265	THR		56.6824036093483	115.79325544126452
O43293	OG1		CB	A	1	265					THR	9-172,176-284		2	2	1	9-172,176-284	3BQR	THR	1.75	ok	THR_mixed_with_SER	265	THR		56.37324391863594	117.22718222670655
O43293	OG1		CB	A	1	265					THR	9-278		2	2	1	9-278	5A6N	THR	1.7	ok	THR_mixed_with_SER	265	THR		56.31922448566717	117.66403633590404
O43293	OG1		CB	A	1	265					THR	9-169,175-278		2	2	1	9-169,175-278	5A6O	THR	1.6	ok	THR_mixed_with_SER	265	THR		56.19708974829088	118.59211919201407
O43293	OG1		CB	A	1	265					THR	9-48,54-277		2	1	1	9-48,54-277	5VJA	THR	2.46	ok	THR_single	265	THR		56.669441217323744	105.27655830948119
O43318	OG1		CB	A	1	187					THR	27-303		2	2	1	27-303	8GW3	THR	2.05	ok	THR_mixed_with_SER	187	THR		54.72052502524239	-47.85337988793852
O43353	OG1		CB	B	1	111					THR	4-26,30-50,57-172,184-204,207-310		2	1	1	4-26,30-50,57-172,184-204,207-310	5AR2	THR	2.44	ok	THR_single	111	THR		57.83584489227563	-119.46840632859593
O43353	OG1		CB	B	1	111					THR	5-172,183-201,205-299		2	1	1	5-172,183-201,205-299	5NG0	THR	2.0	ok	THR_single	111	THR		57.68636474147238	-124.11145492148373
O43353				B	1	111					THR	9-49,55-171,188-316		2	1	1	9-49,55-171,188-316	8X2O	THR	2.26	missing_required_atoms:OG1	THR_single	111	THR			
O43353	OG1		CB	B	1	111					THR	9-50,56-170,189-200,207-315		2	1	1	9-50,56-170,189-200,207-315	9F3V	THR	1.943	ok	THR_single	111	THR		56.69176122372471	-121.87833587368003
O75385	OG1		CB	A	1	180					THR	8-148,158-172,180-290		2	1	1	8-148,158-172,180-290	6MNH	THR	1.73	ok	THR_single	180	THR		54.3869715916139	-144.02765298409423
O75531	OG1		CB	A	1	3					THR	1-89		2	2	1	1-89	1CI4	THR	1.9	ok	THR_mixed_with_SER	3	THR		59.50899366450262	126.20340422360071
O75531	OG1		CB	E	1	3					THR	2-89		2	2	1	2-89	6GHD	THR	2.1	ok	THR_mixed_with_SER	3	THR		57.18661299867268	-6.871228918918343
O75531	OG1		CB	A	1	3					THR	1-89		2	2	1	1-89	6UNT	THR	1.75	ok	THR_mixed_with_SER	3	THR		60.17586714617182	121.38093669392104
O75531	OG1		CB	A	1	3					THR	1-89		2	2	1	1-89	6URE	THR	1.653	ok	THR_mixed_with_SER	3	THR		60.5244075959191	113.33037506294517
O75531	OG1		CB	A	1	3					THR	1-89		2	2	1	1-89	6URJ	THR	1.653	ok	THR_mixed_with_SER	3	THR		59.45335348691633	120.54788004679219
O75531	OG1		CB	A	1	3					THR	1-89		2	2	1	1-89	6URK	THR	1.86	ok	THR_mixed_with_SER	3	THR		60.52992703530542	122.4147966609128
O75531	OG1		CB	A	1	3					THR	1-89		2	2	1	1-89	6URL	THR	1.72	ok	THR_mixed_with_SER	3	THR		59.29341921419303	117.97113550161569
O75531	OG1		CB	A	1	3					THR	1-89		2	2	1	1-89	6URN	THR	1.68	ok	THR_mixed_with_SER	3	THR		60.77775738441935	116.59483546930747
O75531	OG1		CB	A	1	3					THR	1-89		2	2	1	1-89	6URR	THR	1.8	ok	THR_mixed_with_SER	3	THR		60.835968547243446	126.77237126863595
O75531	OG1		CB	A	1	3					THR	1-89		2	2	1	1-89	6URZ	THR	1.653	ok	THR_mixed_with_SER	3	THR		60.36292441736949	127.30972505766536
O75531	OG1		CB	A	1	3					THR	1-89		2	2	1	1-89	6US0	THR	1.653	ok	THR_mixed_with_SER	3	THR		59.87471844702622	113.99738856485736
O75531	OG1		CB	A	1	3					THR	1-89		2	2	1	1-89	6US1	THR	1.653	ok	THR_mixed_with_SER	3	THR		60.434179807651525	126.10019922962314
O75531	OG1		CB	A	1	3					THR	1-89		2	2	1	1-89	6US7	THR	1.653	ok	THR_mixed_with_SER	3	THR		60.54362319584094	121.39687408588003
O75531	OG1		CB	A	1	3					THR	1-89		2	2	1	1-89	6USB	THR	1.68	ok	THR_mixed_with_SER	3	THR		60.754691106601534	122.01200588978931
O75531	OG1		CB	A	1	3					THR	1-89		2	2	1	1-89	6USD	THR	1.653	ok	THR_mixed_with_SER	3	THR		61.04970137805023	127.15714801629638
O75531	OG1		CB	A	1	3					THR	1-89		2	2	1	1-89	6USI	THR	1.653	ok	THR_mixed_with_SER	3	THR		59.72503341954558	110.45707917152598
O75531	OG1		CB	A	1	3					THR	2-89		2	2	1	2-89	7Z21	THR	1.629	ok	THR_mixed_with_SER	3	THR		55.40652108040156	135.6020512852547
O94804	OG1		CB	A	2	185,208					THR	25-68,73-188,193-317		3	2	2	25-68,73-188,193-317	2J7T	THR	2.0	ok	THR_only_multi_2	185	THR,THR		58.071539597675056	-128.31476438626856
O94804	OG1		CB	A	2	185,208					THR	25-68,73-188,193-317		3	2	2	25-68,73-188,193-317	2J7T	THR	2.0	ok	THR_only_multi_2	208	THR,THR		58.283665789681386	-123.17343024353686
O94804				A	2	185,208					THR	24-187,196-316		3	2	2	24-187,196-316	4BC6	THR	2.2	missing_required_atoms:OG1	THR_only_multi_2	185	THR,THR			
O94804				A	2	185,208					THR	24-187,196-316		3	2	2	24-187,196-316	4BC6	THR	2.2	missing_required_atoms:OG1	THR_only_multi_2	208	THR,THR			
O94804	OG1		CB	B	1	208					THR	24-68,73-183,192-317		3	1	1	24-68,73-183,192-317	4EQU	THR	2.0	ok	THR_single	208	THR		58.12176527882586	-126.1321258142768
O94804	OG1		CB	A	2	185,208					THR	24-68,72-185,192-312		3	2	2	24-68,72-185,192-312	5AJQ	THR	2.2	ok	THR_only_multi_2	185	THR,THR		56.389540446409214	95.0078345900066
O94804	OG1		CB	A	2	185,208					THR	24-68,72-185,192-312		3	2	2	24-68,72-185,192-312	5AJQ	THR	2.2	ok	THR_only_multi_2	208	THR,THR		57.37215915478492	-107.6275375700633
O94804	OG1		CB	A	2	185,208					THR	23-43,48-70,73-188,196-317		3	2	2	23-43,48-70,73-188,196-317	5OWR	THR	2.3	ok	THR_only_multi_2	185	THR,THR		57.53243056921957	-116.96246906550593
O94804	OG1		CB	A	2	185,208					THR	23-43,48-70,73-188,196-317		3	2	2	23-43,48-70,73-188,196-317	5OWR	THR	2.3	ok	THR_only_multi_2	208	THR,THR		57.65253984173651	-112.9663143687266
O94804	OG1		CB	B	2	185,208					THR	23-317		3	3	2	23-317	6EIM	THR	1.43	ok	THR_mixed_with_SER	185	THR,THR		58.45532327679969	-121.68466675027753
O94804	OG1		CB	B	2	185,208					THR	23-317		3	3	2	23-317	6EIM	THR	1.43	ok	THR_mixed_with_SER	208	THR,THR		58.44207879981746	118.60513310387235
O94804	OG1		CB	A	1	208					THR	18-177,195-208,211-316		3	1	1	18-177,195-208,211-316	6GTT	THR	2.25	ok	THR_single	208	THR		55.66944505503755	124.20914518126827
O94804				A	2	185,208					THR	23-68,72-313		3	3	2	23-68,72-313	7QGP	THR	1.9	missing_required_atoms:OG1	THR_mixed_with_SER	185	THR,THR			
O94804	OG1		CB	A	2	185,208					THR	23-68,72-313		3	3	2	23-68,72-313	7QGP	THR	1.9	ok	THR_mixed_with_SER	208	THR,THR		56.13641080150611	121.29499254280395
O96013	OG1		CB	B	1	562					THR	301-330,334-354,362-465,468-587		2	1	1	301-330,334-354,362-465,468-587	2BVA	THR	2.3	ok	THR_single	562	THR		60.10104468287342	130.6785494733174
O96013	OG1		CB	A	1	562					THR	299-341,344-590		2	1	1	299-341,344-590	2CDZ	THR	2.3	ok	THR_single	562	THR		57.145659620124135	118.33895427825793
O96013	OG1		CB	A	1	562					THR	300-589		2	1	1	300-589	2J0I	THR	1.6	ok	THR_single	562	THR		57.64479544594303	113.33193075274968
O96013	OG1		CB	A	1	562					THR	298-591		2	1	1	298-591	2Q0N	THR	1.75	ok	THR_single	562	THR		57.633288751946765	116.52211522113491
O96013	OG1		CB	A	1	562					THR	299-590		2	1	1	299-590	2X4Z	THR	2.1	ok	THR_single	562	THR		57.851356677960545	114.06020387775617
O96013	OG1		CB	A	1	562					THR	300-591		2	1	1	300-591	4APP	THR	2.2	ok	THR_single	562	THR		57.11719894900947	116.89443243225158
O96013	OG1		CB	A	1	562					THR	300-589		2	1	1	300-589	4JDH	THR	2.0	ok	THR_single	562	THR		57.935386156673715	109.16868783986838
O96013	OG1		CB	A	1	562					THR	300-589		2	1	1	300-589	4JDI	THR	1.85	ok	THR_single	562	THR		58.106565426985895	114.65397784416865
O96013	OG1		CB	A	1	562					THR	300-589		2	1	1	300-589	4NJD	THR	2.5	ok	THR_single	562	THR		58.42562022039804	113.52598656968982
O96013	OG1		CB	A	1	562					THR	300-589		2	1	1	300-589	4O0X	THR	2.483	ok	THR_single	562	THR		58.31748860257887	101.74217058503737
O96013	OG1		CB	A	1	562					THR	300-589		2	1	1	300-589	4O0Y	THR	2.2	ok	THR_single	562	THR		60.02114595614906	113.6491694239559
O96013	OG1		CB	A	1	562					THR	297-589		2	1	1	297-589	4XBU	THR	2.06	ok	THR_single	562	THR		58.14854312189322	115.11310244045082
O96013	OG1		CB	A	1	562					THR	300-589		2	1	1	300-589	5VED	THR	2.301	ok	THR_single	562	THR		58.575081617977865	109.43878640970104
O96013	OG1		CB	A	1	562					THR	300-589		2	1	1	300-589	5VEE	THR	2.5	ok	THR_single	562	THR		59.33791321236401	-133.48997754270732
O96013	OG1		CB	A	1	562					THR	300-589		2	1	1	300-589	5VEF	THR	1.752	ok	THR_single	562	THR		58.17629638281216	114.32158501622479
O96013	OG1		CB	A	1	562					THR	300-591		2	1	1	300-591	5XVA	THR	1.847	ok	THR_single	562	THR		58.90380519586126	112.86700773382155
O96013	OG1		CB	A	1	562					THR	300-591		2	1	1	300-591	5XVG	THR	2.1	ok	THR_single	562	THR		57.87311264720918	110.1812522878553
O96013	OG1		CB	A	1	562					THR	300-591		2	1	1	300-591	5ZJW	THR	1.798	ok	THR_single	562	THR		58.149481073057565	108.72804781199535
O96013	OG1		CB	A	1	562					THR	300-591		2	1	1	300-591	7CP4	THR	2.5	ok	THR_single	562	THR		58.84768523646196	111.60555737680781
O96013	OG1		CB	A	1	562					THR	300-589		2	2	1	300-589	7S47	THR	2.0	ok	THR_mixed_with_GLU	562	THR		58.1652200293902	113.04278970916263
O96013	OG1		CB	A	1	562					THR	300-591		2	1	1	300-591	8AHG	THR	1.885	ok	THR_single	562	THR		56.40391179440907	111.47477543227943
O96013	OG1		CB	A	1	562					THR	300-591		2	1	1	300-591	8AHH	THR	2.037	ok	THR_single	562	THR		57.31538624758284	116.95756104078525
O96013	OG1		CB	A	1	562					THR	300-589		2	1	1	300-589	9D52	THR	2.449	ok	THR_single	562	THR		51.323812376391324	105.71855217975367
O96013	OG1		CB	A	1	562					THR	300-591		2	1	1	300-591	9D53	THR	2.468	ok	THR_single	562	THR		56.971857282159036	103.46134471458572
P02699	OG1		CB	A	4	335,336,340,342					THR	1-348		7	7	4	1-348	1U19	THR	2.2	ok	THR_mixed_with_SER	335	THR,THR,THR,THR		58.35383778147113	127.87493014635099
P02699	OG1		CB	A	4	335,336,340,342					THR	1-348		7	7	4	1-348	1U19	THR	2.2	ok	THR_mixed_with_SER	336	THR,THR,THR,THR		58.51470894107851	156.22017883188417
P02699	OG1		CB	A	4	335,336,340,342					THR	1-348		7	7	4	1-348	1U19	THR	2.2	ok	THR_mixed_with_SER	340	THR,THR,THR,THR		58.635105475738705	0.8735731325121222
P02699	OG1		CB	A	4	335,336,340,342					THR	1-348		7	7	4	1-348	1U19	THR	2.2	ok	THR_mixed_with_SER	342	THR,THR,THR,THR		58.07042498720108	-13.247199908775288
P04150	OG1		CB	A	1	524					THR	523-777		2	2	1	523-777	1M2Z	THR	2.5	ok	THR_mixed_with_SER	524	THR		58.312121996322304	-112.21668546249518
P04150	OG1		CB	C	1	524					THR	523-777		2	2	1	523-777	4P6X	THR	2.5	ok	THR_mixed_with_SER	524	THR		57.94794108822814	24.231842954278143
P06493	OG1		CB	A	1	161					THR	1-289		1	1	1	1-289	4Y72	THR	2.3	ok	THR_single	161	THR		56.70699676055469	117.99487022245772
P06493	OG1		CB	A	1	161					THR	1-289		1	1	1	1-289	5HQ0	THR	2.3	ok	THR_single	161	THR		56.70699676055469	117.99487022245772
P06493	OG1		CB	A	1	161					THR	1-161,165-294		1	1	1	1-161,165-294	6GU2	THR	2.0	ok	THR_single	161	THR		53.98629774028767	100.08053096259827
P06493	OG1		CB	A	1	161					THR	1-157,161-291		1	1	1	1-157,161-291	6GU6	THR	2.33	ok	THR_single	161	THR		58.01706697070776	116.69299693170905
P0CE47	OG1		CB	C	1	383					THR	209-394		1	1	1	209-394	5I4Q	THR	2.35	ok	THR_single	383	THR		59.60976395941349	-106.78646041530813
P0DMV8	OG1		CB	A	1	66					THR	3-382		1	1	1	3-382	1HJO	THR	2.3	ok	THR_single	66	THR		58.07377390461203	-117.96237502700585
P0DMV8	OG1		CB	A	1	66					THR	3-382		1	1	1	3-382	1S3X	THR	1.84	ok	THR_single	66	THR		59.66717958965828	-122.24473330003322
P0DMV8	OG1		CB	A	1	66					THR	3-383		1	1	1	3-383	2E88	THR	1.8	ok	THR_single	66	THR		59.74889417585227	-118.55047221855493
P0DMV8	OG1		CB	A	1	66					THR	3-382		1	1	1	3-382	2E8A	THR	1.77	ok	THR_single	66	THR		58.91292748917037	-119.00776002748034
P0DMV8	OG1		CB	A	1	66					THR	1-383		1	1	1	1-383	3A8Y	THR	2.3	ok	THR_single	66	THR		59.19348157659358	-117.755708532084
P0DMV8	OG1		CB	A	1	66					THR	4-382		1	1	1	4-382	3ATU	THR	1.65	ok	THR_single	66	THR		58.14167934390491	-121.39933157824242
P0DMV8	OG1		CB	A	1	66					THR	3-382		1	1	1	3-382	3ATV	THR	1.58	ok	THR_single	66	THR		58.969364236303065	-120.08748054647903
P0DMV8	OG1		CB	A	1	66					THR	4-382		1	1	1	4-382	3AY9	THR	1.75	ok	THR_single	66	THR		59.107281545156845	-124.0850934489412
P0DMV8	OG1		CB	B	1	66					THR	4-382		1	1	1	4-382	3D2E	THR	2.35	ok	THR_single	66	THR		58.509156802185416	-126.4145260651421
P0DMV8	OG1		CB	B	1	66					THR	4-382		1	1	1	4-382	3D2F	THR	2.3	ok	THR_single	66	THR		58.49881419469594	-129.7297312900025
P0DMV8	OG1		CB	A	1	66					THR	4-381		1	1	1	4-381	3JXU	THR	2.14	ok	THR_single	66	THR		57.58532259007124	-124.53957017750314
P0DMV8	OG1		CB	A	1	66					THR	3-188,192-380		1	1	1	3-188,192-380	5AQW	THR	1.53	ok	THR_single	66	THR		58.071271265230706	-121.67684119209092
P0DMV8	OG1		CB	A	1	66					THR	3-380		1	1	1	3-380	5AQX	THR	2.12	ok	THR_single	66	THR		59.177284077992475	-128.35211620861304
P0DMV8	OG1		CB	A	1	66					THR	2-380		1	1	1	2-380	5AQY	THR	1.56	ok	THR_single	66	THR		56.41518856340686	-127.88274518778381
P0DMV8	OG1		CB	A	1	66					THR	1-380		1	1	1	1-380	5AQZ	THR	1.65	ok	THR_single	66	THR		58.65721742405365	-128.29686164698964
P0DMV8	OG1		CB	A	1	66					THR	3-22,25-380		1	1	1	3-22,25-380	5AR0	THR	1.9	ok	THR_single	66	THR		57.14844156878565	-125.12665093369324
P0DMV8	OG1		CB	A	1	66					THR	4-382		1	1	1	4-382	5BN8	THR	1.34	ok	THR_single	66	THR		59.73863314584439	-119.00353064730403
P0DMV8	OG1		CB	A	1	66					THR	4-382		1	1	1	4-382	5BN9	THR	1.689	ok	THR_single	66	THR		58.64796191864792	-122.7373110640707
P0DMV8	OG1		CB	A	1	66					THR	3-382		1	1	1	3-382	5BPL	THR	1.93	ok	THR_single	66	THR		57.690774906410496	-120.11525854998287
P0DMV8	OG1		CB	A	1	66					THR	4-381		1	1	1	4-381	5BPM	THR	1.83	ok	THR_single	66	THR		57.69153377035433	-121.471253816368
P0DMV8	OG1		CB	A	1	66					THR	6-59,61-97,100-188,190-381		1	1	1	6-59,61-97,100-188,190-381	5BPN	THR	2.1	ok	THR_single	66	THR		59.08644692434505	-121.32307887131974
P0DMV8	OG1		CB	A	1	66					THR	1-189,191-380		1	1	1	1-189,191-380	5MKR	THR	1.87	ok	THR_single	66	THR		57.00072959388013	-127.48131195524505
P0DMV8	OG1		CB	A	1	66					THR	3-380		1	1	1	3-380	5MKS	THR	1.99	ok	THR_single	66	THR		56.85377417474499	-129.32601417952588
P0DMV8	OG1		CB	A	1	66					THR	3-382		1	1	1	3-382	6G3R	THR	1.4	ok	THR_single	66	THR		61.4510316562847	-117.65056410974715
P0DMV8	OG1		CB	A	1	66					THR	4-382		1	1	1	4-382	6G3S	THR	2.3	ok	THR_single	66	THR		57.74608507159191	-122.20397785300264
P0DMV8	OG1		CB	A	1	66					THR	4-188,192-381		1	1	1	4-188,192-381	6ZYI	THR	1.52	ok	THR_single	66	THR		57.0272070022619	-123.53915081791398
P0DMV8	OG1		CB	A	1	66					THR	2-217,219-381		1	1	1	2-217,219-381	7FGM	THR	2.2	ok	THR_single	66	THR		58.86863575874937	-120.02555224827195
P0DMV8	OG1		CB	A	1	66					THR	1-380		1	1	1	1-380	7GY4	THR	1.92	ok	THR_single	66	THR		56.52108002757097	-125.34618227141216
P0DMV8	OG1		CB	A	1	66					THR	1-380		1	1	1	1-380	7GY5	THR	1.92	ok	THR_single	66	THR		56.40215835640777	-124.99437536398551
P0DMV8	OG1		CB	A	1	66					THR	1-380		1	1	1	1-380	7GY6	THR	1.92	ok	THR_single	66	THR		56.41799873880823	-126.09082067267208
P0DMV8	OG1		CB	A	1	66					THR	1-380		1	1	1	1-380	7GY7	THR	1.92	ok	THR_single	66	THR		55.60975069340636	-124.69075283012378
P0DMV8	OG1		CB	A	1	66					THR	1-380		1	1	1	1-380	7GY8	THR	1.92	ok	THR_single	66	THR		56.112665274941115	-126.6480222294143
P0DMV8	OG1		CB	A	1	66					THR	1-380		1	1	1	1-380	7GY9	THR	1.92	ok	THR_single	66	THR		56.47367651602576	-124.18404725055593
P0DMV8	OG1		CB	A	1	66					THR	1-380		1	1	1	1-380	7GYA	THR	1.92	ok	THR_single	66	THR		56.74407964998648	-125.55156444136122
P0DMV8	OG1		CB	A	1	66					THR	1-380		1	1	1	1-380	7GYB	THR	1.92	ok	THR_single	66	THR		56.31990509114165	-125.2075551339013
P0DMV8	OG1		CB	A	1	66					THR	1-380		1	1	1	1-380	7GYC	THR	1.92	ok	THR_single	66	THR		56.717383960167574	-128.2854294302272
P0DMV8	OG1		CB	A	1	66					THR	1-380		1	1	1	1-380	7GYD	THR	1.92	ok	THR_single	66	THR		56.27752595875531	-124.54632655013233
P0DMV8	OG1		CB	A	1	66					THR	1-380		1	1	1	1-380	7GYE	THR	1.92	ok	THR_single	66	THR		57.071614481844385	-126.34633924363555
P0DMV8	OG1		CB	A	1	66					THR	1-380		1	1	1	1-380	7GYF	THR	1.92	ok	THR_single	66	THR		56.756200811381646	-125.1481770902807
P0DMV8	OG1		CB	A	1	66					THR	1-380		1	1	1	1-380	7GYG	THR	1.92	ok	THR_single	66	THR		56.380545065975184	-124.89451242548668
P0DMV8	OG1		CB	A	1	66					THR	1-380		1	1	1	1-380	7GYH	THR	1.92	ok	THR_single	66	THR		56.611591213973476	-123.9444780851523
P0DMV8	OG1		CB	A	1	66					THR	1-380		1	1	1	1-380	7GYI	THR	1.92	ok	THR_single	66	THR		57.0174870105623	-123.70402581404794
P0DMV8	OG1		CB	A	1	66					THR	1-380		1	1	1	1-380	7GYJ	THR	2.15	ok	THR_single	66	THR		57.805919825160245	-125.45399492455832
P0DMV8	OG1		CB	A	1	66					THR	1-380		1	1	1	1-380	7GYK	THR	2.15	ok	THR_single	66	THR		58.01581138051373	-125.278460665793
P0DMV8	OG1		CB	A	1	66					THR	1-380		1	1	1	1-380	7GYL	THR	2.15	ok	THR_single	66	THR		57.89367770966886	-125.31692159430762
P0DMV8	OG1		CB	A	1	66					THR	1-380		1	1	1	1-380	7GYM	THR	2.15	ok	THR_single	66	THR		57.62354408286887	-124.63789746845096
P0DMV8	OG1		CB	A	1	66					THR	1-380		1	1	1	1-380	7GYN	THR	2.15	ok	THR_single	66	THR		57.47942040442401	-124.80317858436898
P0DMV8	OG1		CB	A	1	66					THR	1-380		1	1	1	1-380	7GYO	THR	2.15	ok	THR_single	66	THR		57.71873293318049	-124.61557337004129
P0DMV8	OG1		CB	A	1	66					THR	1-380		1	1	1	1-380	7GYP	THR	2.15	ok	THR_single	66	THR		57.77271557291767	-123.93988777475255
P0DMV8	OG1		CB	A	1	66					THR	1-380		1	1	1	1-380	7GYQ	THR	2.15	ok	THR_single	66	THR		57.805391086977956	-123.9930935229543
P0DMV8	OG1		CB	A	1	66					THR	1-380		1	1	1	1-380	7GYR	THR	2.15	ok	THR_single	66	THR		57.86453394743823	-125.20863799122651
P0DMV8	OG1		CB	A	1	66					THR	1-380		1	1	1	1-380	7GYS	THR	2.15	ok	THR_single	66	THR		57.22090472847789	-125.10171193869456
P0DMV8	OG1		CB	A	1	66					THR	1-380		1	1	1	1-380	7GYT	THR	2.15	ok	THR_single	66	THR		57.56576242134902	-124.71266839297755
P0DMV8	OG1		CB	A	1	66					THR	1-380		1	1	1	1-380	7GYU	THR	2.15	ok	THR_single	66	THR		57.455527300545484	-126.13980381431442
P0DMV8	OG1		CB	A	1	66					THR	1-380		1	1	1	1-380	7GYV	THR	2.15	ok	THR_single	66	THR		57.40198021484715	-125.46302039595805
P0DMV8	OG1		CB	A	1	66					THR	1-380		1	1	1	1-380	7GYW	THR	2.15	ok	THR_single	66	THR		57.9386957582345	-123.08306472374552
P0DMV8	OG1		CB	A	1	66					THR	1-380		1	1	1	1-380	7GYX	THR	2.15	ok	THR_single	66	THR		58.45442419453382	-125.17017482317542
P0DMV8	OG1		CB	A	1	66					THR	2-380		1	1	1	2-380	7Q4R	THR	1.79	ok	THR_single	66	THR		59.376261347491344	-118.23297750894571
P0DTC2	OG1		CB	B	1	345					THR	333-527		1	1	1	333-527	6LZG	THR	2.5	ok	THR_single	345	THR		58.12009946622096	-117.33723820084106
P0DTC2	OG1		CB	A	1	345					THR	334-532		1	1	1	334-532	6XC4	THR	2.341	ok	THR_single	345	THR		58.53847793094096	-106.95873929615254
P0DTC2	OG1		CB	B	1	345					THR	27-69,80-143,154-172,186-251,265-444,447-676,689-1147		1	1	1	27-69,80-143,154-172,186-251,265-444,447-676,689-1147	6XLU	THR	2.4	ok	THR_single	345	THR		58.37563422697934	99.32021771089128
P0DTC2	OG1		CB	A	1	345					THR	330-529		1	1	1	332-445,448-529	6YLA	THR	2.42	ok	THR_single	345	THR		58.863875534637295	129.8969979420759
P0DTC2	OG1		CB	A	1	345					THR	334-527		1	1	1	334-527	7BNV	THR	2.35	ok	THR_single	345	THR		59.35089426784168	-112.03092065452567
P0DTC2	OG1		CB	A	1	345					THR	334-518,520-528		1	1	1	334-518,520-528	7BZ5	THR	1.84	ok	THR_single	345	THR		58.6190614112248	-111.24941566439757
P0DTC2	OG1		CB	B	1	345					THR	334-527		1	1	1	334-527	7C8V	THR	2.15	ok	THR_single	345	THR		58.84317972868508	-117.3777286368235
P0DTC2	OG1		CB	C	1	345					THR	334-527		1	1	1	334-527	7CJF	THR	2.108	ok	THR_single	345	THR		59.416059294689326	133.6287350504007
P0DTC2	OG1		CB	B	1	345					THR	330-531		1	1	1	330-531	7D2Z	THR	1.97	ok	THR_single	345	THR		59.49400398222606	-125.77676972712308
P0DTC2	OG1		CB	B	1	345					THR	334-526		1	1	1	334-526	7D30	THR	2.1	ok	THR_single	345	THR		59.74061583995858	-114.88128782289405
P0DTC2	OG1		CB	B	1	345					THR	334-530		1	1	1	334-530	7DEO	THR	2.5	ok	THR_single	345	THR		59.11904975535351	13.103043549353607
P0DTC2	OG1		CB	C	1	345					THR	334-527		1	1	1	334-527	7DET	THR	2.2	ok	THR_single	345	THR		59.09932167416649	-131.79776034095417
P0DTC2	OG1		CB	A	1	345					THR	334-527		1	1	1	334-527	7DEU	THR	2.1	ok	THR_single	345	THR		59.45264595120151	-145.76158263404267
P0DTC2	OG1		CB	B	1	345					THR	333-527		1	1	1	333-527	7DHX	THR	2.3	ok	THR_single	345	THR		58.6189376835571	-144.65775948056043
P0DTC2	OG1		CB	C	1	345					THR	334-530		1	1	1	334-530	7DJZ	THR	2.397	ok	THR_single	345	THR		58.846650100430686	-119.30811421578423
P0DTC2	OG1		CB	A	1	345					THR	324-527		1	1	1	324-527	7EAM	THR	1.4	ok	THR_single	345	THR		58.934703168477604	-121.63241653262823
P0DTC2	OG1		CB	A	1	345					THR	333-527		1	1	1	333-527	7EAN	THR	1.91	ok	THR_single	345	THR		60.49823412648954	-143.5959199311925
P0DTC2	OG1		CB	B	1	345					THR	334-527		1	1	1	334-527	7EFR	THR	2.494	ok	THR_single	345	THR		59.44706343191801	-120.72319733990113
P0DTC2	OG1		CB	B	1	345					THR	333-527		1	1	1	333-527	7EKH	THR	2.4	ok	THR_single	345	THR		58.33428473302296	-115.23065109436567
P0DTC2	OG1		CB	C	1	345					THR	330-529		1	1	1	330-529	7F5G	THR	1.75	ok	THR_single	345	THR		59.41330712824155	137.35377691670962
P0DTC2	OG1		CB	A	1	345					THR	333-515		1	1	1	333-515	7FAT	THR	1.99	ok	THR_single	345	THR		58.75883331285331	-120.94351598644849
P0DTC2	OG1		CB	C	1	345					THR	333-516		1	1	1	333-516	7FAU	THR	2.08	ok	THR_single	345	THR		57.96731848030518	-107.64115919676443
P0DTC2	OG1		CB	A	1	345					THR	334-527		1	1	1	334-527	7FBK	THR	1.9	ok	THR_single	345	THR		57.11319964304994	-119.75829677161627
P0DTC2	OG1		CB	A	1	345					THR	334-518		1	1	1	334-518	7FCP	THR	2.4	ok	THR_single	345	THR		58.33002204331854	-139.97278672381745
P0DTC2	OG1		CB	A	1	345					THR	333-528		1	1	1	333-528	7FCQ	THR	1.89	ok	THR_single	345	THR		58.12979081978228	-123.00691514742779
P0DTC2	OG1		CB	A	1	345					THR	334-526		1	1	1	334-526	7JMO	THR	2.359	ok	THR_single	345	THR		57.44253325485714	5.007180496324943
P0DTC2	OG1		CB	A	1	345					THR	338-359,366-369,371-384,392-516		1	1	1	338-359,366-369,371-384,392-516	7JMP	THR	1.712	ok	THR_single	345	THR		58.9083118891728	-134.10546279697837
P0DTC2	OG1		CB	B	1	345					THR	27-69,80-143,154-172,186-251,265-444,447-676,689-1147		1	1	1	27-69,80-143,154-172,186-251,265-444,447-676,689-1147	7JWY	THR	2.5	ok	THR_single	345	THR		58.173641115192986	-128.5100832285348
P0DTC2	OG1		CB	A	1	345					THR	334-528		1	1	1	334-528	7KFV	THR	2.102	ok	THR_single	345	THR		55.95313361851433	-117.77997841371013
P0DTC2	OG1		CB	A	1	345					THR	334-528		1	1	1	334-528	7KFX	THR	2.226	ok	THR_single	345	THR		53.928817740175894	99.96539596917586
P0DTC2	OG1		CB	A	1	345					THR	334-528		1	1	1	334-528	7KFY	THR	2.157	ok	THR_single	345	THR		55.53701611320756	-97.99617409097485
P0DTC2	OG1		CB	A	1	345					THR	333-528		1	1	1	333-528	7KGJ	THR	2.3	ok	THR_single	345	THR		58.46334071284156	125.02566403868421
P0DTC2	OG1		CB	C	1	345					THR	334-526		1	1	1	334-526	7KMG	THR	2.16	ok	THR_single	345	THR		55.788417144558395	130.59179040419667
P0DTC2	OG1		CB	C	1	345					THR	334-527		1	1	1	334-527	7KMH	THR	1.72	ok	THR_single	345	THR		55.85539542933946	-126.32387609257141
P0DTC2	OG1		CB	C	1	345					THR	334-527		1	1	1	334-527	7KMI	THR	1.73	ok	THR_single	345	THR		56.34142174700153	-132.78347978307025
P0DTC2	OG1		CB	B	1	345					THR	333-528		1	1	1	333-528	7KN3	THR	2.251	ok	THR_single	345	THR		58.87828441662643	-117.80254301418051
P0DTC2	OG1		CB	A	1	345					THR	334-528		1	1	1	334-528	7KN5	THR	1.87	ok	THR_single	345	THR		58.478724024657375	-124.87509027603993
P0DTC2	OG1		CB	A	1	345					THR	14-70,76-624,633-676,689-827,853-940,944-1146		1	1	1	14-70,76-624,633-676,689-827,853-940,944-1146	7KQB	THR	2.42	ok	THR_single	345	THR		58.44296379309853	126.46710893748964
P0DTC2	OG1		CB	A	1	345					THR	331-518,520-527		1	1	1	334-516,520-527	7LDJ	THR	2.36	ok	THR_single	345	THR		59.31803924194667	121.11569710829687
P0DTC2	OG1		CB	A	1	345					THR	334-529		1	1	1	334-529	7LM8	THR	1.936	ok	THR_single	345	THR		56.88028421247861	-116.56323037329435
P0DTC2	OG1		CB	B	1	345					THR	333-530		1	1	1	333-530	7LO4	THR	2.465	ok	THR_single	345	THR		58.828053547854644	-113.48395496102795
P0DTC2	OG1		CB	A	1	345					THR	14-18,27-66,77-176,187-250,264-621,641-675,690-826,850-1145		1	1	1	14-18,27-66,77-176,187-250,264-621,641-675,690-826,850-1145	7LXY	THR	2.2	ok	THR_single	345	THR		55.660699574063955	-128.7965034941277
P0DTC2	OG1		CB	A	1	345					THR	14-20,27-67,76-176,187-255,263-518,520-621,641-675,690-826,853-1145		1	1	1	14-20,27-67,76-176,187-255,263-518,520-621,641-675,690-826,853-1145	7LY2	THR	2.5	ok	THR_single	345	THR		59.26343577710463	-118.2863842717484
P0DTC2	OG1		CB	A	1	345					THR	334-527		1	1	1	334-527	7MF1	THR	2.092	ok	THR_single	345	THR		59.06077651014825	-134.72117002605563
P0DTC2	OG1		CB	A	1	345					THR	332-528		1	1	1	332-528	7MFU	THR	1.7	ok	THR_single	345	THR		58.89997230446229	-115.6347867951411
P0DTC2	OG1		CB	C	1	345					THR	334-527		1	1	1	334-527	7MMO	THR	2.427	ok	THR_single	345	THR		54.059630566549025	1.7098785809569
P0DTC2	OG1		CB	A	1	345					THR	334-528		1	1	1	334-528	7MSQ	THR	2.29	ok	THR_single	345	THR		55.05844612869265	-141.88667293246277
P0DTC2	OG1		CB	A	1	345					THR	334-527		1	1	1	334-527	7MZF	THR	2.493	ok	THR_single	345	THR		59.5793618539892	134.26522233392913
P0DTC2	OG1		CB	A	1	345					THR	333-527		1	1	1	333-527	7MZH	THR	2.1	ok	THR_single	345	THR		58.12626123744554	-140.61809480771564
P0DTC2	OG1		CB	B	1	345					THR	334-527		1	1	1	334-527	7MZK	THR	2.25	ok	THR_single	345	THR		58.95208631399857	-116.50250530115173
P0DTC2	OG1		CB	C	1	345					THR	334-527		1	1	1	334-527	7N4I	THR	2.284	ok	THR_single	345	THR		58.84351100262674	128.53446094136518
P0DTC2	OG1		CB	A	1	345					THR	331-527		1	1	1	331-527	7N4J	THR	2.207	ok	THR_single	345	THR		58.010850713641	12.568715230386948
P0DTC2	OG1		CB	A	1	345					THR	27-67,81-137,158-176,186-242,264-621,641-675,690-826,851-1145		1	1	1	27-67,81-137,158-176,186-242,264-621,641-675,690-826,851-1145	7N8H	THR	2.3	ok	THR_single	345	THR		57.97401741768567	-120.13946841847036
P0DTC2	OG1		CB	A	1	345					THR	333-526		1	1	1	333-526	7PS4	THR	1.94	ok	THR_single	345	THR		59.00447571400428	121.5789350275513
P0DTC2	OG1		CB	A	1	345					THR	334-370,373-528		1	1	1	334-370,373-528	7Q3R	THR	1.92	ok	THR_single	345	THR		58.45529012119186	124.60350979337154
P0DTC2	OG1		CB	A	1	345					THR	334-528		1	1	1	334-528	7QF0	THR	2.3	ok	THR_single	345	THR		58.304946219946004	131.93981290671485
P0DTC2	OG1		CB	A	1	345					THR	14-618,632-676,689-1139		1	1	1	14-618,632-676,689-1139	7QUS	THR	2.39	ok	THR_single	345	THR		58.68823404531489	-118.12147238103597
P0DTC2	OG1		CB	A	1	345					THR	334-526		1	1	1	334-526	7S4S	THR	2.05	ok	THR_single	345	THR		59.44407972323436	-124.0119370898957
P0DTC2	OG1		CB	A	1	345					THR	334-529		1	1	1	334-529	7S5R	THR	2.45	ok	THR_single	345	THR		58.79187217369787	-120.795198527719
P0DTC2	OG1		CB	A	1	345					THR	335-527		1	1	1	335-527	7SD5	THR	1.53	ok	THR_single	345	THR		58.26644299983809	123.94096933282896
P0DTC2	OG1		CB	A	1	345					THR	14-18,23-69,78-145,150-156,159-176,186-244,263-518,520-621,641-675,690-826,856-1145		1	1	1	14-18,23-69,78-145,150-156,159-176,186-244,263-518,520-621,641-675,690-826,856-1145	7SO9	THR	2.4	ok	THR_single	345	THR		59.1139306323498	-119.59914694047383
P0DTC2				A	1	345					THR	14-18,23-67,80-144,153-177,186-246,263-621,641-675,690-826,853-1145		1	1	1	14-18,23-67,80-144,153-177,186-246,263-621,641-675,690-826,853-1145	7SOB	THR	2.4	missing_required_atoms:OG1	THR_single	345	THR			
P0DTC2	OG1		CB	A	1	345					THR	334-529		1	1	1	334-529	7SPO	THR	1.92	ok	THR_single	345	THR		59.363188844160476	128.5874466210566
P0DTC2	OG1		CB	A	1	345					THR	334-528		1	1	1	334-528	7SPP	THR	1.96	ok	THR_single	345	THR		60.10074506865097	-108.7553098666962
P0DTC2	OG1		CB	A	1	345					THR	14-69,77-145,153-176,185-247,257-620,641-675,691-827,856-1147		1	1	1	14-69,77-145,153-176,185-247,257-620,641-675,691-827,856-1147	7SXT	THR	2.31	ok	THR_single	345	THR		58.86595636971351	-113.75301246036739
P0DTC2	OG1		CB	A	1	345					THR	14-68,77-141,145,153-176,185-210,215-247,257-620,641-675,691-827,856-1147		1	1	1	14-68,77-141,145,153-176,185-209,215-247,257-620,641-675,691-827,856-1147	7T9K	THR	2.45	ok	THR_single	345	THR		58.71008162493487	118.71450909737769
P0DTC2	OG1		CB	C	1	345					THR	14-69,77-145,156,159-176,185-247,257-620,641-675,691-827,856-1147		1	1	1	14-69,77-145,156,159-176,185-247,257-620,641-675,691-827,856-1147	7TEY	THR	2.25	ok	THR_single	345	THR		59.08722699920963	133.57834572988384
P0DTC2	OG1		CB	C	1	345					THR	14-69,77-145,158-176,185-247,257-620,641-675,691-827,856-1147		1	1	1	14-69,77-145,158-176,185-247,257-620,641-675,691-827,856-1147	7TF3	THR	2.25	ok	THR_single	345	THR		59.044813606453694	133.4067765206849
P0DTC2				A	1	345					THR	27-65,81-133,138-140,157-159,165-175,187-242,264-442,449-474,491-495,505-516,520-621,641-675,690-826,853-1145		1	1	1	27-65,81-133,138-140,157-159,165-175,187-242,264-442,449-474,491-495,505-516,520-621,641-675,690-826,853-1145	7TPI	THR	2.3	missing_required_atoms:OG1	THR_single	345	THR			
P0DTC2	OG1		CB	A	1	345					THR	15-1159		1	1	1	15-1159	7TPR	THR	2.39	ok	THR_single	345	THR		58.49933209944286	118.6200062967485
P0DTC2	OG1		CB	A	1	345					THR	333-527		1	1	1	333-527	7U8E	THR	2.29	ok	THR_single	345	THR		58.814603288686136	121.50278991983599
P0DTC2	OG1		CB	A	1	345					THR	334-527		1	1	1	334-527	7UL0	THR	2.49	ok	THR_single	345	THR		59.55749608028302	-120.52492227429204
P0DTC2	OG1		CB	A	1	345					THR	334-529		1	1	1	334-529	7URQ	THR	2.05	ok	THR_single	345	THR		58.726277156323576	-119.79794075474977
P0DTC2	OG1		CB	A	1	345					THR	336-518,521-526		1	1	1	336-518,521-526	7URS	THR	2.4	ok	THR_single	345	THR		58.09585082678588	-103.5593398262347
P0DTC2	OG1		CB	A	1	345					THR	333-528		1	1	1	333-528	7UZC	THR	2.2	ok	THR_single	345	THR		59.3562988189107	-128.26713048889349
P0DTC2	OG1		CB	B	1	345					THR	328-531		1	1	1	328-531	7VNB	THR	2.27	ok	THR_single	345	THR		58.89849157256278	-123.00527368173698
P0DTC2	OG1		CB	B	1	345					THR	333-528		1	1	1	333-528	7VOA	THR	1.8	ok	THR_single	345	THR		58.3194488249593	108.82825733443916
P0DTC2	OG1		CB	C	1	345					THR	336-521		1	1	1	336-521	7VYR	THR	2.2	ok	THR_single	345	THR		57.59309844808301	-128.51978890952623
P0DTC2	OG1		CB	A	1	345					THR	334-527		1	1	1	334-527	7W1S	THR	1.997	ok	THR_single	345	THR		59.12582420907133	113.6044034753197
P0DTC2	OG1		CB	A	1	345					THR	334-527		1	1	1	334-527	7WBZ	THR	2.42	ok	THR_single	345	THR		55.06143598908961	116.73587012813952
P0DTC2	OG1		CB	B	1	345					THR	333-528		1	1	1	333-528	7WD1	THR	2.5	ok	THR_single	345	THR		59.20072183106124	-130.50526545812485
P0DTC2	OG1		CB	A	1	345					THR	333-528		1	1	1	333-528	7WN2	THR	2.35	ok	THR_single	345	THR		59.03206935772451	92.22293358348081
P0DTC2	OG1		CB	F	1	345					THR	336-516,523-528		1	1	1	336-516,523-528	7X2H	THR	2.1	ok	THR_single	345	THR		59.989017238870524	-110.24175148075318
P0DTC2	OG1		CB	B	1	345					THR	14-68,77-142,153-176,185-210,215-247,257-676,690-827,845-1147		1	1	1	14-68,77-142,153-176,185-209,215-247,257-676,690-827,845-1147	7XCO	THR	2.5	ok	THR_single	345	THR		58.945613394382605	-121.18035118802824
P0DTC2	OG1		CB	A	1	345					THR	333-528		1	1	1	333-528	7YCO	THR	1.96	ok	THR_single	345	THR		59.64401476950353	124.84899361713445
P0DTC2	OG1		CB	A	1	345					THR	333-528		1	1	1	333-528	7Z1B	THR	2.3	ok	THR_single	345	THR		58.93521398655904	-126.21318313817403
P0DTC2	OG1		CB	A	1	345					THR	333-528		1	1	1	333-528	7Z1C	THR	1.9	ok	THR_single	345	THR		57.336537856885826	-115.68893975448775
P0DTC2	OG1		CB	A	1	345					THR	333-527		1	1	1	333-527	7Z8O	THR	0.96	ok	THR_single	345	THR		58.7519206987702	131.9738676876361
P0DTC2	OG1		CB	A	1	345					THR	14-70,76-247,252-620,641-674,691-828,855-1146		1	1	1	14-70,76-247,252-620,641-674,691-828,855-1146	8A94	THR	2.4	ok	THR_single	345	THR		59.163844646543374	135.31743084641747
P0DTC2	OG1		CB	A	1	345					THR	14-70,76-247,252-620,641-674,691-828,855-1146		1	1	1	14-70,76-247,252-620,641-674,691-828,855-1146	8A99	THR	2.5	ok	THR_single	345	THR		58.97060039783999	135.33859994765865
P0DTC2	OG1		CB	F	1	345					THR	335-370,375-517,521-527		1	1	1	335-370,375-517,521-527	8BE1	THR	1.98	ok	THR_single	345	THR		56.250678471512806	-127.00747211391231
P0DTC2	OG1		CB	B	1	345					THR	334-527		1	1	1	334-527	8BEC	THR	1.7	ok	THR_single	345	THR		59.17547416129248	-111.87886412885476
P0DTC2	OG1		CB	B	1	345					THR	335-527		1	1	1	335-527	8BG2	THR	2.1	ok	THR_single	345	THR		59.156081332462485	-117.65807599937781
P0DTC2	OG1		CB	B	1	345					THR	334-527		1	1	1	334-527	8BG4	THR	1.6	ok	THR_single	345	THR		61.01202508611277	-129.91861569981842
P0DTC2	OG1		CB	B	1	345					THR	334-527		1	1	1	334-527	8BG5	THR	2.05	ok	THR_single	345	THR		60.82743012222686	-126.23443016120277
P0DTC2	OG1		CB	A	1	345					THR	335-371,373-517,520-527		1	1	1	335-371,373-517,520-527	8BSE	THR	1.9	ok	THR_single	345	THR		54.83731655496558	-125.36891683462537
P0DTC2	OG1		CB	A	1	345					THR	336-366,372-384,390-483,487-517,524-526		1	1	1	336-366,372-384,390-483,487-517,524-526	8BSF	THR	2.2	ok	THR_single	345	THR		54.06408502549907	96.78025654229054
P0DTC2	OG1		CB	A	1	345					THR	334-528		1	1	1	334-528	8CWI	THR	1.873	ok	THR_single	345	THR		59.40807846278833	124.58578407218674
P0DTC2	OG1		CB	A	1	345					THR	334-528		1	1	1	334-528	8CWU	THR	1.71	ok	THR_single	345	THR		58.3257842934634	-122.92475695301157
P0DTC2	OG1		CB	A	1	345					THR	15-676,689-827,849-1147		1	1	1	15-676,689-827,849-1147	8CXQ	THR	2.3	ok	THR_single	345	THR		58.54243114868017	121.12369408375095
P0DTC2	OG1		CB	A	1	345					THR	14-69,77-145,153-176,185-247,257-620,641-675,691-827,856-1147		1	1	1	14-69,77-145,153-176,185-247,257-620,641-675,691-827,856-1147	8DLO	THR	2.25	ok	THR_single	345	THR		58.68687239125141	-121.71560853483884
P0DTC2	OG1		CB	A	1	345					THR	14-69,77-145,153-176,185-247,257-620,641-675,691-827,856-1147		1	1	1	14-69,77-145,153-176,185-247,257-620,641-675,691-827,856-1147	8DLT	THR	2.4	ok	THR_single	345	THR		58.787604877257905	-110.36999024759452
P0DTC2	OG1		CB	A	1	345					THR	15-66,78-143,152-175,185-243,258-621,641-675,690-826,849-1140		1	1	1	15-66,78-143,152-175,185-243,258-621,641-675,690-826,849-1140	8DLW	THR	2.16	ok	THR_single	345	THR		58.196298648427685	-120.43146072736366
P0DTC2	OG1		CB	C	1	345					THR	14-69,77-145,153-176,185-247,257-620,641-675,691-827,856-1147		1	1	1	14-69,77-145,153-176,185-247,257-620,641-675,691-827,856-1147	8DLX	THR	2.45	ok	THR_single	345	THR		58.88611481601002	117.51244661785005
P0DTC2	OG1		CB	A	1	345					THR	14-23,27-71,78-178,187-249,256-620,641-675,691-827,848-1147		1	1	1	14-23,27-71,78-178,187-249,256-620,641-675,691-827,848-1147	8DM3	THR	2.37	ok	THR_single	345	THR		58.89233587883395	130.05237634395854
P0DTC2	OG1		CB	A	1	345					THR	14-23,27-71,78-144,153-178,187-249,256-620,641-675,691-827,848-1147		1	1	1	14-23,27-71,78-144,153-178,187-249,256-620,641-675,691-827,848-1147	8DM7	THR	2.49	ok	THR_single	345	THR		55.89183016834648	-5.241663251897869
P0DTC2	OG1		CB	A	1	345					THR	334-527		1	1	1	334-527	8ELQ	THR	2.21	ok	THR_single	345	THR		58.91722626275694	-116.30337207292739
P0DTC2	OG1		CB	B	1	345					THR	14-180,184-620,641-676,689-827,854-1147		1	1	1	14-180,184-620,641-676,689-827,854-1147	8G71	THR	2.1	ok	THR_single	345	THR		58.8354516887925	142.7316863032077
P0DTC2	OG1		CB	B	1	345					THR	14-180,184-620,641-676,690-827,855-1147		1	1	1	14-180,184-620,641-676,690-827,855-1147	8G73	THR	2.5	ok	THR_single	345	THR		58.88054512168145	119.49472590297627
P0DTC2	OG1		CB	B	1	345					THR	14-180,184-620,641-676,690-827,855-1147		1	1	1	14-180,184-620,641-676,690-827,855-1147	8G74	THR	2.5	ok	THR_single	345	THR		59.00212729300653	119.51964238055032
P0DTC2	OG1		CB	A	1	345					THR	333-527		1	1	1	333-527	8GB6	THR	1.75	ok	THR_single	345	THR		60.23160650353344	-118.8571803481643
P0DTC2	OG1		CB	A	1	345					THR	334-528		1	1	1	334-528	8GZ5	THR	1.7	ok	THR_single	345	THR		59.11829155457164	-120.40991279963617
P0DTC2	OG1		CB	A	1	345					THR	27-67,81-130,167-173,187-209,216-242,264-368,375-404,429-442,494-676,690-828,848-1138		1	1	1	27-67,81-130,167-173,187-208,216-242,264-368,375-404,429-442,494-676,690-828,848-1138	8H3M	THR	2.48	ok	THR_single	345	THR		58.678889964247475	-127.18436735826228
P0DTC2	OG1		CB	A	1	345					THR	335-498,502-518,523-527		1	1	1	335-498,502-518,523-527	8H5T	THR	2.0	ok	THR_single	345	THR		56.887956567935895	69.99127613437955
P0DTC2	OG1		CB	C	1	345					THR	334-532		1	1	1	334-532	8H5U	THR	2.401	ok	THR_single	345	THR		58.98305874971105	104.29332401589066
P0DTC2	OG1		CB	A	1	345					THR	18-23,27-70,81-144,153-174,187-245,263-621,640-676,689-826,855-1143		1	1	1	18-23,27-70,81-143,153-174,187-245,263-621,640-676,689-826,855-1143	8H7L	THR	2.44	ok	THR_single	345	THR		58.840860012700205	-124.96707076741151
P0DTC2	OG1		CB	F	1	345					THR	333-527		1	1	1	333-527	8HN6	THR	2.07	ok	THR_single	345	THR		57.8258361484047	-116.63888271429369
P0DTC2	OG1		CB	A	1	345					THR	333-517		1	1	1	333-517	8HR2	THR	1.94	ok	THR_single	345	THR		55.93744891252742	120.65175230646106
P0DTC2	OG1		CB	A	1	345					THR	333-528		1	1	1	333-528	8HWS	THR	2.36	ok	THR_single	345	THR		58.18397657239666	-145.14161111596704
P0DTC2	OG1		CB	A	1	345					THR	334-527		1	1	1	334-527	8I5H	THR	2.38	ok	THR_single	345	THR		59.54704907087814	122.49163944467806
P0DTC2	OG1		CB	A	1	345					THR	16-23,27-69,80-143,154-177,187-246,258-620,628-677,689-1139		1	1	1	16-23,27-69,80-143,154-177,187-246,258-620,628-677,689-1139	8IOS	THR	2.5	ok	THR_single	345	THR		57.30887131652243	-6.547750773009524
P0DTC2	OG1		CB	A	1	345					THR	331-528		1	1	1	331-528	8OWW	THR	1.969	ok	THR_single	345	THR		57.56869842661832	162.51637248199873
P0DTC2	OG1		CB	A	1	345					THR	336-362,371-517		1	1	1	336-362,371-517	8Q94	THR	2.5	ok	THR_single	345	THR		58.929955233249096	-121.55417681192115
P0DTC2	OG1		CB	A	1	345					THR	334-517		1	1	1	334-517	8Q95	THR	1.6	ok	THR_single	345	THR		62.1336249532825	-120.98267784851618
P0DTC2	OG1		CB	A	1	345					THR	333-526		1	1	1	333-526	8QH0	THR	1.87	ok	THR_single	345	THR		59.418323814444236	117.83042175468482
P0DTC2	OG1		CB	A	1	345					THR	333-527		1	1	1	333-527	8RBY	THR	1.9	ok	THR_single	345	THR		59.07771253271126	121.85015858635757
P0DTC2	OG1		CB	A	1	345					THR	332-527		1	1	1	332-527	8RJ7	THR	2.1	ok	THR_single	345	THR		58.68640754412174	-135.76066274529254
P0DTC2	OG1		CB	A	1	345					THR	333-527		1	1	1	334-527	8SDF	THR	1.79	ok	THR_single	345	THR		59.621098099187385	-120.61313277136152
P0DTC2	OG1		CB	A	1	345					THR	333-527		1	1	1	333-527	8SGU	THR	1.95	ok	THR_single	345	THR		58.04476460276451	-129.88707331579855
P0DTC2	OG1		CB	A	1	345					THR	334-529		1	1	1	334-529	8SIQ	THR	2.5	ok	THR_single	345	THR		58.471700375040164	-104.6370937991678
P0DTC2	OG1		CB	A	1	345					THR	333-527		1	1	1	333-527	8SK5	THR	2.011	ok	THR_single	345	THR		58.8167953110142	-124.96515575367647
P0DTC2	OG1		CB	B	1	345					THR	333-527		1	1	1	333-527	8WE1	THR	2.47	ok	THR_single	345	THR		58.35425668210343	14.694835916077686
P0DTC2	OG1		CB	A	1	345					THR	333-518,520-528		1	1	1	334-517,521-528	8X0Y	THR	1.94	ok	THR_single	345	THR		59.62249431253871	118.13538015196656
P0DTC2	OG1		CB	A	1	345					THR	23,27-67,81-140,159-162,169-173,188-210,216-242,263-635,642-675,690-834,849-1141		1	1	1	23,27-67,81-140,159-162,169-173,188-210,216-242,263-635,642-675,690-834,849-1141	8XI6	THR	2.3	ok	THR_single	345	THR		58.74231621012128	-114.76248850375005
P0DTC2	OG1		CB	A	1	345					THR	333-527		1	1	1	333-527	8XSE	THR	2.5	ok	THR_single	345	THR		58.89518666960116	-101.7103389219537
P0DTC2	OG1		CB	B	1	345					THR	333-527		1	1	1	333-527	8XSF	THR	2.16	ok	THR_single	345	THR		58.73462199404434	-134.05217500010906
P0DTC2	OG1		CB	A	1	345					THR	16-622,637-676,689-1114		1	1	1	16-622,637-676,689-1114	8XYH	THR	2.5	ok	THR_single	345	THR		58.33127618593096	-7.139505916797315
P0DTC2	OG1		CB	B	1	345					THR	334-526		1	1	1	334-526	8YDP	THR	2.3	ok	THR_single	345	THR		58.753341654887926	-119.06282104455973
P0DTC2	OG1		CB	B	1	345					THR	333-526		1	1	1	333-526	8YDQ	THR	1.9	ok	THR_single	345	THR		58.91441419182629	-127.17865309542289
P0DTC2	OG1		CB	B	1	345					THR	334-526		1	1	1	334-526	8YDR	THR	2.3	ok	THR_single	345	THR		58.76675359082225	-138.99102014750105
P0DTC2	OG1		CB	B	1	345					THR	333-526		1	1	1	333-526	8YDS	THR	1.9	ok	THR_single	345	THR		59.00374401383987	-127.6327145871315
P0DTC2	OG1		CB	B	1	345					THR	334-526		1	1	1	334-526	8YDT	THR	2.5	ok	THR_single	345	THR		57.847050069247196	-103.67374110659301
P0DTC2	OG1		CB	B	1	345					THR	334-370,372-526		1	1	1	334-370,372-526	8YDU	THR	1.7	ok	THR_single	345	THR		59.00863141761613	-118.8376862022622
P0DTC2	OG1		CB	D	1	345					THR	333-526		1	1	1	333-526	8YDV	THR	2.2	ok	THR_single	345	THR		59.13351109224789	-116.89497612525356
P0DTC2	OG1		CB	B	1	345					THR	334-526		1	1	1	334-526	8YDW	THR	2.0	ok	THR_single	345	THR		56.84987673180468	-112.68006766883559
P0DTC2	OG1		CB	C	1	345					THR	333-529		1	1	1	333-529	8YUB	THR	2.49	ok	THR_single	345	THR		58.937162396385965	-126.22125916947904
P0DTC2	OG1		CB	B	1	345					THR	27-68,77-147,152-244,254-481,483-624,632-676,689-833,843-1150		1	1	1	27-68,77-147,152-244,254-481,483-624,632-676,689-833,843-1150	9B0Y	THR	2.32	ok	THR_single	345	THR		58.60727310930939	-125.26908122143747
P0DTC2	OG1		CB	B	1	345					THR	27-68,77-147,152-244,254-475,477-481,483-624,632-676,689-833,843-1150		1	1	1	27-68,77-147,152-244,254-475,477-481,483-624,632-676,689-833,843-1150	9CXE	THR	2.48	ok	THR_single	345	THR		58.67444919416959	-129.47417245253257
P0DTC2	OG1		CB	A	1	345					THR	333-528		1	1	1	333-528	9DSG	THR	2.4	ok	THR_single	345	THR		58.80600786620471	117.52191245723162
P0DTC2	OG1		CB	A	1	345					THR	333-527		1	1	1	333-527	9FC2	THR	1.21	ok	THR_single	345	THR		58.21384758227829	134.08328159536873
P0DTC2	OG1		CB	A	1	345					THR	14-71,75-618,633-676,689-828,834-841,848-1145		1	1	1	14-71,75-618,633-676,689-828,834-841,848-1145	9GXE	THR	2.3	ok	THR_single	345	THR		58.964625276042305	-141.73185417901828
P0DTC2	OG1		CB	A	1	345					THR	14-70,76-618,633-676,689-1146		1	1	1	14-70,76-618,633-676,689-1146	9GXG	THR	1.92	ok	THR_single	345	THR		58.824530175477946	-131.0105700561097
P0DTC2	OG1		CB	A	1	345					THR	332-527		1	1	1	332-527	9IQP	THR	1.55	ok	THR_single	345	THR		58.87697819435198	-119.35298058215236
P0DTC2	OG1		CB	D	1	345					THR	333-529		1	1	1	333-529	9JEB	THR	2.3	ok	THR_single	345	THR		60.71828609060781	-120.13122491029596
P0DTC2	OG1		CB	A	1	345					THR	334-529		1	1	1	334-529	9LH2	THR	2.3	ok	THR_single	345	THR		59.414710328610425	-125.6934470857071
P0DTC2	OG1		CB	A	1	345					THR	333-528		1	1	1	333-528	9ML8	THR	2.4	ok	THR_single	345	THR		58.610134571822016	-123.72530812921707
P15531	OG1		CB	A	1	94					THR	4-152		1	1	1	4-152	1JXV	THR	2.2	ok	THR_single	94	THR		59.045562235054476	-110.36855746656418
P15531	OG1		CB	A	1	94					THR	2-152		1	1	1	2-152	1UCN	THR	2.0	ok	THR_single	94	THR		59.00997362755271	-124.9608155562638
P15531	OG1		CB	A	1	94					THR	2-152		1	1	1	2-152	2HVD	THR	2.15	ok	THR_single	94	THR		58.067673552125605	-114.0902107513255
P15531	OG1		CB	A	1	94					THR	2-152		1	1	1	2-152	2HVE	THR	2.402	ok	THR_single	94	THR		57.25137606363418	-113.54496807288767
P15531	OG1		CB	A	1	94					THR	1-152		1	1	1	1-152	3L7U	THR	2.1	ok	THR_single	94	THR		58.24612245577604	-131.41291656598187
P15531	OG1		CB	A	1	94					THR	1-152		1	1	1	1-152	8OOV	THR	1.7	ok	THR_single	94	THR		58.42212576591913	-124.55049998045736
P24941	OG1		CB	A	1	160					THR	1-35,44-298		3	3	1	1-35,44-298	1B38	THR	2.0	ok	THR_mixed_with_TYR	160	THR		54.27840509998661	140.84990610279294
P24941	OG1		CB	A	1	160					THR	1-35,44-298		3	3	1	1-35,44-298	1B39	THR	2.1	ok	THR_mixed_with_TYR	160	THR		58.68829228903726	140.17990759327213
P24941	OG1		CB	A	1	160					THR	1-35,44-298		3	3	1	1-35,44-298	1E1V	THR	1.95	ok	THR_mixed_with_TYR	160	THR		60.087734486543205	108.54804018487492
P24941	OG1		CB	A	1	160					THR	1-35,44-298		3	3	1	1-35,44-298	1E1X	THR	1.85	ok	THR_mixed_with_TYR	160	THR		58.70242417907615	134.01058972051
P24941	OG1		CB	A	1	160					THR	1-9,12-298		3	3	1	1-9,12-298	1F5Q	THR	2.5	ok	THR_mixed_with_TYR	160	THR		58.374931572505034	35.56067214850841
P24941	OG1		CB	A	1	160					THR	1-298		3	3	1	1-298	1FIN	THR	2.3	ok	THR_mixed_with_TYR	160	THR		59.925307935854356	121.49414100782708
P24941	OG1		CB	A	1	160					THR	1-36,44-298		3	3	1	1-36,44-298	1GZ8	THR	1.3	ok	THR_mixed_with_TYR	160	THR		59.89110750332899	132.48283992816152
P24941	OG1		CB	A	1	160					THR	1-36,46-296		3	3	1	1-36,46-296	1H01	THR	1.79	ok	THR_mixed_with_TYR	160	THR		58.22757928235943	118.47606892595788
P24941	OG1		CB	A	1	160					THR	1-36,44-150,155-296		3	3	1	1-36,44-150,155-296	1H07	THR	1.85	ok	THR_mixed_with_TYR	160	THR		58.50687454284278	123.07286925073015
P24941	OG1		CB	A	1	160					THR	1-36,41-298		3	3	1	1-36,41-298	1HCK	THR	1.9	ok	THR_mixed_with_TYR	160	THR		56.45257669222638	165.76546072666537
P24941	OG1		CB	A	1	160					THR	1-36,41-298		3	3	1	1-36,41-298	1HCL	THR	1.8	ok	THR_mixed_with_TYR	160	THR		60.55780533686903	101.0358129122762
P24941	OG1		CB	A	1	160					THR	1-36,47-298		3	3	1	1-36,47-298	1JSV	THR	1.96	ok	THR_mixed_with_TYR	160	THR		57.66362000041249	113.49497187964528
P24941	OG1		CB	A	1	160					THR	1-37,47-296		3	3	1	1-37,47-296	1OIR	THR	1.91	ok	THR_mixed_with_TYR	160	THR		58.53960337542094	122.19911637869276
P24941	OG1		CB	A	1	160					THR	1-296		3	3	1	1-296	1OKV	THR	2.4	ok	THR_mixed_with_TYR	160	THR		61.671336327898935	-121.06660663420715
P24941	OG1		CB	A	1	160					THR	1-296		3	3	1	1-296	1OKW	THR	2.5	ok	THR_mixed_with_TYR	160	THR		61.426995387774575	147.70339075292102
P24941	OG1		CB	A	1	160					THR	1-36,41-298		3	3	1	1-36,41-298	1PW2	THR	1.95	ok	THR_mixed_with_TYR	160	THR		58.37985643570687	123.24593414134482
P24941	OG1		CB	A	1	160					THR	1-36,41-298		3	3	1	1-36,41-298	1PXI	THR	1.95	ok	THR_mixed_with_TYR	160	THR		58.55354958560133	119.91628044732893
P24941	OG1		CB	A	1	160					THR	1-36,41-298		3	3	1	1-36,41-298	1PXJ	THR	2.3	ok	THR_mixed_with_TYR	160	THR		57.96603424581337	12.765977421012806
P24941	OG1		CB	A	1	160					THR	1-35,44-298		3	3	1	1-35,44-298	1PXL	THR	2.5	ok	THR_mixed_with_TYR	160	THR		58.60652330092466	2.33559601605386
P24941	OG1		CB	A	1	160					THR	1-36,41-298		3	3	1	1-36,41-298	1PXN	THR	2.5	ok	THR_mixed_with_TYR	160	THR		59.3910654133961	-5.2913041402527945
P24941	OG1		CB	A	1	160					THR	1-36,41-298		3	3	1	1-36,41-298	1PXO	THR	1.96	ok	THR_mixed_with_TYR	160	THR		58.941255244106465	-127.35933032882294
P24941	OG1		CB	A	1	160					THR	1-36,41-298		3	3	1	1-36,41-298	1PXP	THR	2.3	ok	THR_mixed_with_TYR	160	THR		58.48347230292871	5.365091296247444
P24941	OG1		CB	A	1	160					THR	1-298		3	3	1	1-298	1VYW	THR	2.3	ok	THR_mixed_with_TYR	160	THR		58.622048315713904	-120.00054902285898
P24941	OG1		CB	A	1	160					THR	1-36,44-298		3	3	1	1-36,44-298	1W8C	THR	2.05	ok	THR_mixed_with_TYR	160	THR		63.25758183637087	153.96381842133832
P24941	OG1		CB	A	1	160					THR	1-37,44-298		3	3	1	1-37,44-298	1Y8Y	THR	1.996	ok	THR_mixed_with_TYR	160	THR		62.47026226492369	156.8778399380565
P24941				A	1	160					THR	1-37,45-153,159-298		3	3	1	1-37,45-153,159-298	1Y91	THR	2.15	missing_required_atoms:OG1	THR_mixed_with_TYR	160	THR			
P24941	OG1		CB	A	1	160					THR	1-298		3	3	1	1-298	1YKR	THR	1.8	ok	THR_mixed_with_TYR	160	THR		58.69450524127971	174.61111176921347
P24941	OG1		CB	A	1	160					THR	1-35,48-298		3	3	1	1-35,48-298	2A4L	THR	2.4	ok	THR_mixed_with_TYR	160	THR		58.80525584985833	112.96059160595513
P24941	OG1		CB	A	1	160					THR	1-36,41-298		3	3	1	1-36,41-298	2B53	THR	2.0	ok	THR_mixed_with_TYR	160	THR		56.11242827894607	-120.85171742802618
P24941	OG1		CB	A	1	160					THR	1-298		3	3	1	1-298	2B54	THR	1.85	ok	THR_mixed_with_TYR	160	THR		52.9374232540444	173.2834539275895
P24941	OG1		CB	A	1	160					THR	1-298		3	3	1	1-298	2BPM	THR	2.4	ok	THR_mixed_with_TYR	160	THR		58.14339540598882	-110.64446975601368
P24941	OG1		CB	C	1	160					THR	1-297		3	3	1	1-297	2C5N	THR	2.1	ok	THR_mixed_with_TYR	160	THR		61.352034282910864	112.93663637821285
P24941	OG1		CB	C	1	160					THR	1-297		3	3	1	1-297	2C5O	THR	2.1	ok	THR_mixed_with_TYR	160	THR		60.396152693524776	156.4972141651109
P24941	OG1		CB	A	1	160					THR	1-35,43-297		3	3	1	1-35,43-297	2C5Y	THR	2.25	ok	THR_mixed_with_TYR	160	THR		55.90623713807353	112.66708079369754
P24941	OG1		CB	A	1	160					THR	1-37,44-296		3	3	1	1-37,44-296	2C68	THR	1.95	ok	THR_mixed_with_TYR	160	THR		60.80793623908163	132.2109540849312
P24941	OG1		CB	A	1	160					THR	1-37,44-298		3	3	1	1-37,44-298	2C69	THR	2.1	ok	THR_mixed_with_TYR	160	THR		60.094030834875994	140.29302777549657
P24941	OG1		CB	A	1	160					THR	1-37,44-298		3	3	1	1-37,44-298	2C6I	THR	1.8	ok	THR_mixed_with_TYR	160	THR		60.10378828569674	145.10272772145905
P24941	OG1		CB	A	1	160					THR	1-37,44-298		3	3	1	1-37,44-298	2C6K	THR	1.9	ok	THR_mixed_with_TYR	160	THR		60.96268961750858	146.24518874101008
P24941	OG1		CB	A	1	160					THR	1-36,44-298		3	3	1	1-36,44-298	2C6L	THR	2.3	ok	THR_mixed_with_TYR	160	THR		60.87318630574715	137.56446132889576
P24941	OG1		CB	A	1	160					THR	1-37,44-296		3	3	1	1-37,44-296	2C6M	THR	1.9	ok	THR_mixed_with_TYR	160	THR		61.22261558123609	154.08666515561865
P24941	OG1		CB	A	1	160					THR	1-37,44-296		3	3	1	1-37,44-296	2C6O	THR	2.1	ok	THR_mixed_with_TYR	160	THR		56.6023155120146	136.34450380660618
P24941	OG1		CB	A	1	160					THR	1-37,43-298		3	3	1	1-37,43-298	2CLX	THR	1.8	ok	THR_mixed_with_TYR	160	THR		57.19580749934806	73.40473744121161
P24941	OG1		CB	A	1	160					THR	1-35,44-298		3	3	1	1-35,44-298	2DS1	THR	2.0	ok	THR_mixed_with_TYR	160	THR		58.740719513393245	0.43601509865800114
P24941	OG1		CB	A	1	160					THR	1-298		3	3	1	1-298	2EXM	THR	1.8	ok	THR_mixed_with_TYR	160	THR		59.81974661112596	-146.05014063571883
P24941	OG1		CB	A	1	160					THR	1-37,50-149,152-298		3	3	1	1-37,50-149,152-298	2FVD	THR	1.85	ok	THR_mixed_with_TYR	160	THR		58.811828212187606	-121.65605952131396
P24941	OG1		CB	A	1	160					THR	1-36,44-298		3	3	1	1-36,44-298	2R3F	THR	1.5	ok	THR_mixed_with_TYR	160	THR		57.70979711906146	131.4525922019667
P24941	OG1		CB	A	1	160					THR	1-36,46-298		3	3	1	1-36,46-298	2R3G	THR	1.55	ok	THR_mixed_with_TYR	160	THR		58.404211978037694	105.67741202667803
P24941	OG1		CB	A	1	160					THR	1-36,44-298		3	3	1	1-36,44-298	2R3H	THR	1.5	ok	THR_mixed_with_TYR	160	THR		58.65836551675646	78.96789857255031
P24941	OG1		CB	A	1	160					THR	1-36,44-298		3	3	1	1-36,44-298	2R3I	THR	1.28	ok	THR_mixed_with_TYR	160	THR		57.623929712191234	113.94836929929055
P24941	OG1		CB	A	1	160					THR	1-36,44-298		3	3	1	1-36,44-298	2R3O	THR	1.8	ok	THR_mixed_with_TYR	160	THR		58.40615850681184	121.81971326912422
P24941	OG1		CB	A	1	160					THR	1-36,44-298		3	3	1	1-36,44-298	2R3P	THR	1.66	ok	THR_mixed_with_TYR	160	THR		58.56844269451076	118.91606388891482
P24941	OG1		CB	A	1	160					THR	1-36,46-298		3	3	1	1-36,46-298	2R3Q	THR	1.35	ok	THR_mixed_with_TYR	160	THR		57.68794708128032	115.15548576319851
P24941	OG1		CB	A	1	160					THR	1-36,44-298		3	3	1	1-36,44-298	2R3R	THR	1.47	ok	THR_mixed_with_TYR	160	THR		58.97076448381396	75.66548270735754
P24941	OG1		CB	C	1	160					THR	1-297		3	3	1	1-297	2UUE	THR	2.06	ok	THR_mixed_with_TYR	160	THR		59.52015046240093	137.27025878834468
P24941	OG1		CB	A	1	160					THR	1-37,44-296		3	3	1	1-37,44-296	2UZO	THR	2.3	ok	THR_mixed_with_TYR	160	THR		55.960307410407225	162.44475044192583
P24941	OG1		CB	A	1	160					THR	1-37,44-298		3	3	1	1-37,44-298	2V0D	THR	2.2	ok	THR_mixed_with_TYR	160	THR		58.497632800111354	140.36736895632282
P24941	OG1		CB	A	1	160					THR	1-35,44-298		3	3	1	1-35,44-298	2VTL	THR	2.0	ok	THR_mixed_with_TYR	160	THR		57.59180344992359	142.33134264908705
P24941	OG1		CB	A	1	160					THR	1-35,44-298		3	3	1	1-35,44-298	2VTM	THR	2.25	ok	THR_mixed_with_TYR	160	THR		58.965159539043384	131.35761010220068
P24941	OG1		CB	A	1	160					THR	1-36,45-298		3	3	1	1-36,45-298	2VTR	THR	1.89	ok	THR_mixed_with_TYR	160	THR		58.56666922594764	131.36371358046867
P24941	OG1		CB	A	1	160					THR	1-37,47-147,152-298		3	3	1	1-37,47-147,152-298	2VU3	THR	1.85	ok	THR_mixed_with_TYR	160	THR		58.261104657919276	-118.24666903800198
P24941	OG1		CB	C	1	160					THR	1-297		3	3	1	1-297	2WEV	THR	2.3	ok	THR_mixed_with_TYR	160	THR		59.92590475037427	114.64303131704263
P24941	OG1		CB	A	1	160					THR	1-298		3	3	1	1-298	2WIH	THR	2.5	ok	THR_mixed_with_TYR	160	THR		58.82412245771297	-127.15655496014688
P24941	OG1		CB	A	1	160					THR	1-39,43-298		3	3	1	1-39,43-298	2XMY	THR	1.9	ok	THR_mixed_with_TYR	160	THR		57.61401598720965	33.00033394701358
P24941	OG1		CB	A	1	160					THR	1-40,43-298		3	3	1	1-40,43-298	2XNB	THR	1.85	ok	THR_mixed_with_TYR	160	THR		57.582595268436116	-125.85861102599061
P24941	OG1		CB	C	1	160					THR	1-298		3	3	1	1-298	3F5X	THR	2.4	ok	THR_mixed_with_TYR	160	THR		58.87125584139687	28.49282536387631
P24941	OG1		CB	A	1	160					THR	1-35,44-298		3	3	1	1-35,44-298	3IGG	THR	1.8	ok	THR_mixed_with_TYR	160	THR		60.55964050210167	94.95935489096581
P24941	OG1		CB	A	1	160					THR	1-35,45-72,75-294		3	3	1	1-35,45-72,75-294	3LE6	THR	2.0	ok	THR_mixed_with_TYR	160	THR		58.60609625429446	117.48497363908143
P24941	OG1		CB	A	1	160					THR	1-36,46-298		3	3	1	1-36,46-298	3LFQ	THR	2.03	ok	THR_mixed_with_TYR	160	THR		53.74568649943465	120.66583716026699
P24941	OG1		CB	A	1	160					THR	1-36,45-298		3	3	1	1-36,45-298	3LFS	THR	2.4	ok	THR_mixed_with_TYR	160	THR		53.85559005475431	123.77286463765034
P24941	OG1		CB	A	1	160					THR	3-35,43-298		3	3	1	3-35,43-298	3NS9	THR	1.78	ok	THR_mixed_with_TYR	160	THR		57.4886575335217	127.20141429968211
P24941	OG1		CB	A	1	160					THR	1-298		3	3	1	1-298	3PXF	THR	1.8	ok	THR_mixed_with_TYR	160	THR		58.989612984930424	3.715592396123867
P24941	OG1		CB	A	1	160					THR	1-36,41-298		3	3	1	1-36,41-298	3PXQ	THR	1.9	ok	THR_mixed_with_TYR	160	THR		58.21967791576431	129.2488658623372
P24941	OG1		CB	A	1	160					THR	1-36,41-298		3	3	1	1-36,41-298	3PXR	THR	2.0	ok	THR_mixed_with_TYR	160	THR		59.01162756652985	126.84188604386557
P24941	OG1		CB	A	1	160					THR	1-36,41-298		3	3	1	1-36,41-298	3PXY	THR	1.8	ok	THR_mixed_with_TYR	160	THR		58.48264145644529	121.68559611935973
P24941	OG1		CB	A	1	160					THR	1-298		3	3	1	1-298	3PXZ	THR	1.7	ok	THR_mixed_with_TYR	160	THR		57.99419465787157	11.578061535867691
P24941	OG1		CB	A	1	160					THR	1-36,41-298		3	3	1	1-36,41-298	3PY0	THR	1.75	ok	THR_mixed_with_TYR	160	THR		58.63821679421165	128.4428066288979
P24941	OG1		CB	A	1	160					THR	1-298		3	3	1	1-298	3PY1	THR	2.05	ok	THR_mixed_with_TYR	160	THR		59.025166623100226	117.25293040640247
P24941	OG1		CB	A	1	160					THR	1-36,41-298		3	3	1	1-36,41-298	3QL8	THR	1.9	ok	THR_mixed_with_TYR	160	THR		58.38110031891195	129.93994599753702
P24941	OG1		CB	A	1	160					THR	1-36,41-298		3	3	1	1-36,41-298	3QQF	THR	1.75	ok	THR_mixed_with_TYR	160	THR		58.29094316540691	130.19430296729072
P24941	OG1		CB	A	1	160					THR	1-36,41-298		3	3	1	1-36,41-298	3QQG	THR	1.9	ok	THR_mixed_with_TYR	160	THR		58.236305729388114	126.67372364327903
P24941	OG1		CB	A	1	160					THR	1-36,41-298		3	3	1	1-36,41-298	3QQH	THR	1.87	ok	THR_mixed_with_TYR	160	THR		58.21322631828042	133.1169950659801
P24941	OG1		CB	A	1	160					THR	1-36,41-298		3	3	1	1-36,41-298	3QQJ	THR	1.7	ok	THR_mixed_with_TYR	160	THR		58.52940589301327	132.77236818341066
P24941	OG1		CB	A	1	160					THR	1-36,41-298		3	3	1	1-36,41-298	3QQK	THR	1.86	ok	THR_mixed_with_TYR	160	THR		58.149546698235106	130.67047396544072
P24941	OG1		CB	A	1	160					THR	1-36,41-298		3	3	1	1-36,41-298	3QQL	THR	1.85	ok	THR_mixed_with_TYR	160	THR		58.43646513719579	119.41556834794844
P24941	OG1		CB	A	1	160					THR	1-36,41-298		3	3	1	1-36,41-298	3QRT	THR	1.75	ok	THR_mixed_with_TYR	160	THR		58.54638711998944	130.27701059934353
P24941	OG1		CB	A	1	160					THR	1-37,41-298		3	3	1	1-37,41-298	3QRU	THR	1.95	ok	THR_mixed_with_TYR	160	THR		58.04813142394031	141.3661148177745
P24941	OG1		CB	A	1	160					THR	1-36,41-298		3	3	1	1-36,41-298	3QTQ	THR	1.8	ok	THR_mixed_with_TYR	160	THR		57.60583574249825	139.62530158110687
P24941	OG1		CB	A	1	160					THR	1-36,41-298		3	3	1	1-36,41-298	3QTU	THR	1.82	ok	THR_mixed_with_TYR	160	THR		58.33141527122378	135.73049775178526
P24941	OG1		CB	A	1	160					THR	1-36,41-298		3	3	1	1-36,41-298	3QTW	THR	1.85	ok	THR_mixed_with_TYR	160	THR		58.58111048889617	128.38507355423567
P24941	OG1		CB	A	1	160					THR	1-36,41-298		3	3	1	1-36,41-298	3QTX	THR	1.95	ok	THR_mixed_with_TYR	160	THR		58.28726718781372	125.62428848221016
P24941	OG1		CB	A	1	160					THR	1-36,41-298		3	3	1	1-36,41-298	3QTZ	THR	2.0	ok	THR_mixed_with_TYR	160	THR		57.9065419596422	128.3028069530618
P24941	OG1		CB	A	1	160					THR	1-36,41-298		3	3	1	1-36,41-298	3QU0	THR	1.95	ok	THR_mixed_with_TYR	160	THR		58.394242062172715	131.8732515607545
P24941	OG1		CB	A	1	160					THR	1-36,41-298		3	3	1	1-36,41-298	3QWJ	THR	1.75	ok	THR_mixed_with_TYR	160	THR		58.34185023120832	128.61783150348452
P24941	OG1		CB	A	1	160					THR	1-36,41-298		3	3	1	1-36,41-298	3QWK	THR	1.85	ok	THR_mixed_with_TYR	160	THR		58.4493911457737	124.8421540738941
P24941	OG1		CB	A	1	160					THR	1-36,41-298		3	3	1	1-36,41-298	3QX2	THR	1.75	ok	THR_mixed_with_TYR	160	THR		58.49874353942862	126.7808961280686
P24941	OG1		CB	A	1	160					THR	1-36,41-298		3	3	1	1-36,41-298	3QX4	THR	1.92	ok	THR_mixed_with_TYR	160	THR		58.70636920577912	123.92131047716622
P24941	OG1		CB	A	1	160					THR	1-36,41-298		3	3	1	1-36,41-298	3QXO	THR	1.75	ok	THR_mixed_with_TYR	160	THR		58.36085542156198	127.09499697062981
P24941	OG1		CB	A	1	160					THR	1-36,41-298		3	3	1	1-36,41-298	3QXP	THR	1.75	ok	THR_mixed_with_TYR	160	THR		58.87912365919169	112.73721815636158
P24941	OG1		CB	A	1	160					THR	1-36,41-298		3	3	1	1-36,41-298	3QZF	THR	2.0	ok	THR_mixed_with_TYR	160	THR		58.41611186556943	119.17142597905776
P24941	OG1		CB	A	1	160					THR	1-36,41-298		3	3	1	1-36,41-298	3QZG	THR	1.75	ok	THR_mixed_with_TYR	160	THR		58.345237038043805	129.28490367389892
P24941	OG1		CB	A	1	160					THR	1-36,41-298		3	3	1	1-36,41-298	3QZH	THR	1.95	ok	THR_mixed_with_TYR	160	THR		58.66783014871603	126.72663169369699
P24941	OG1		CB	A	1	160					THR	1-36,41-298		3	3	1	1-36,41-298	3QZI	THR	1.75	ok	THR_mixed_with_TYR	160	THR		58.316527680596124	130.26596488023802
P24941	OG1		CB	A	1	160					THR	1-36,41-298		3	3	1	1-36,41-298	3R1Q	THR	1.85	ok	THR_mixed_with_TYR	160	THR		58.330888286853515	128.05485648443235
P24941	OG1		CB	A	1	160					THR	1-36,41-298		3	3	1	1-36,41-298	3R1S	THR	1.8	ok	THR_mixed_with_TYR	160	THR		58.61124399771748	127.07482733258489
P24941	OG1		CB	A	1	160					THR	1-36,41-298		3	3	1	1-36,41-298	3R1Y	THR	1.8	ok	THR_mixed_with_TYR	160	THR		58.66927486630331	124.64382441498199
P24941	OG1		CB	A	1	160					THR	1-36,41-298		3	3	1	1-36,41-298	3R28	THR	1.75	ok	THR_mixed_with_TYR	160	THR		58.51082502471865	126.6653631062766
P24941	OG1		CB	A	1	160					THR	1-36,41-298		3	3	1	1-36,41-298	3R6X	THR	1.75	ok	THR_mixed_with_TYR	160	THR		58.531904967295866	125.22625284203744
P24941	OG1		CB	A	1	160					THR	1-36,41-298		3	3	1	1-36,41-298	3R71	THR	1.75	ok	THR_mixed_with_TYR	160	THR		58.301134921744854	132.19670200611972
P24941	OG1		CB	A	1	160					THR	1-36,41-298		3	3	1	1-36,41-298	3R73	THR	1.7	ok	THR_mixed_with_TYR	160	THR		58.64755596200466	120.60044105030153
P24941	OG1		CB	A	1	160					THR	1-36,41-298		3	3	1	1-36,41-298	3R7E	THR	1.9	ok	THR_mixed_with_TYR	160	THR		58.21965322911853	125.03085283177133
P24941	OG1		CB	A	1	160					THR	1-36,41-298		3	3	1	1-36,41-298	3R7V	THR	1.95	ok	THR_mixed_with_TYR	160	THR		58.000220615633566	126.88226530460882
P24941	OG1		CB	A	1	160					THR	1-36,41-298		3	3	1	1-36,41-298	3R7Y	THR	1.9	ok	THR_mixed_with_TYR	160	THR		58.45472871006155	128.03259910411822
P24941	OG1		CB	A	1	160					THR	1-36,41-298		3	3	1	1-36,41-298	3R83	THR	1.75	ok	THR_mixed_with_TYR	160	THR		57.97952221741709	120.94337681941842
P24941	OG1		CB	A	1	160					THR	1-36,41-298		3	3	1	1-36,41-298	3R8L	THR	1.9	ok	THR_mixed_with_TYR	160	THR		59.113983402377464	-133.60446260250828
P24941	OG1		CB	A	1	160					THR	1-36,41-298		3	3	1	1-36,41-298	3R8P	THR	1.8	ok	THR_mixed_with_TYR	160	THR		57.65741389800498	117.82556307003567
P24941	OG1		CB	A	1	160					THR	1-36,41-298		3	3	1	1-36,41-298	3R8U	THR	2.0	ok	THR_mixed_with_TYR	160	THR		58.76036239929961	128.8997753046256
P24941	OG1		CB	A	1	160					THR	1-36,41-298		3	3	1	1-36,41-298	3R8V	THR	1.9	ok	THR_mixed_with_TYR	160	THR		59.13673295581517	117.60112993591297
P24941	OG1		CB	A	1	160					THR	1-36,41-155,160-298		3	2	1	1-36,41-155,160-298	3R8Z	THR	1.85	ok	THR_mixed_with_TYR	160	THR		58.48356769028551	120.20352989567706
P24941	OG1		CB	A	1	160					THR	1-36,41-298		3	3	1	1-36,41-298	3R9D	THR	1.95	ok	THR_mixed_with_TYR	160	THR		58.38522007617176	126.22928123638002
P24941	OG1		CB	A	1	160					THR	1-36,41-298		3	3	1	1-36,41-298	3R9H	THR	2.1	ok	THR_mixed_with_TYR	160	THR		57.94200813857257	133.39046258411392
P24941	OG1		CB	A	1	160					THR	1-36,41-298		3	3	1	1-36,41-298	3RAI	THR	1.7	ok	THR_mixed_with_TYR	160	THR		58.58040660938824	123.96237808920017
P24941	OG1		CB	A	1	160					THR	1-36,41-298		3	3	1	1-36,41-298	3RJC	THR	1.85	ok	THR_mixed_with_TYR	160	THR		58.25418660105352	132.0582311956538
P24941	OG1		CB	A	1	160					THR	1-36,41-298		3	3	1	1-36,41-298	3RK5	THR	2.0	ok	THR_mixed_with_TYR	160	THR		58.29946013465845	130.97592891200168
P24941	OG1		CB	A	1	160					THR	1-36,41-298		3	3	1	1-36,41-298	3RK7	THR	1.8	ok	THR_mixed_with_TYR	160	THR		58.05837187977033	134.18487824152578
P24941	OG1		CB	A	1	160					THR	1-36,41-298		3	3	1	1-36,41-298	3RK9	THR	1.85	ok	THR_mixed_with_TYR	160	THR		58.333770602182234	125.28980215763939
P24941	OG1		CB	A	1	160					THR	1-36,41-298		3	3	1	1-36,41-298	3RKB	THR	2.0	ok	THR_mixed_with_TYR	160	THR		58.838636190723555	109.79962081862713
P24941	OG1		CB	A	1	160					THR	1-14,16-36,41-298		3	2	1	1-14,16-36,41-298	3RM6	THR	1.6	ok	THR_mixed_with_TYR	160	THR		58.51829599248111	121.92255238407235
P24941	OG1		CB	A	1	160					THR	1-36,41-298		3	3	1	1-36,41-298	3RM7	THR	1.85	ok	THR_mixed_with_TYR	160	THR		58.2720278274434	124.50221855854811
P24941	OG1		CB	A	1	160					THR	1-36,41-298		3	3	1	1-36,41-298	3RNI	THR	1.95	ok	THR_mixed_with_TYR	160	THR		58.68343613359995	125.59186128498078
P24941	OG1		CB	A	1	160					THR	1-36,41-298		3	3	1	1-36,41-298	3ROY	THR	1.75	ok	THR_mixed_with_TYR	160	THR		58.557142773233736	123.27913025071413
P24941	OG1		CB	A	1	160					THR	1-36,41-298		3	3	1	1-36,41-298	3RPO	THR	1.75	ok	THR_mixed_with_TYR	160	THR		58.478127928995065	129.31029104202437
P24941	OG1		CB	A	1	160					THR	1-36,41-298		3	3	1	1-36,41-298	3RPV	THR	1.8	ok	THR_mixed_with_TYR	160	THR		57.902226663223836	144.87114173880641
P24941	OG1		CB	A	1	160					THR	1-36,41-298		3	3	1	1-36,41-298	3S00	THR	1.8	ok	THR_mixed_with_TYR	160	THR		58.52791036091198	121.220783945364
P24941	OG1		CB	A	1	160					THR	1-37,41-146,149-298		3	3	1	1-37,41-146,149-298	3S0O	THR	2.0	ok	THR_mixed_with_TYR	160	THR		58.5512316670628	129.764994763016
P24941	OG1		CB	A	1	160					THR	1-36,41-150,157-298		3	3	1	1-36,41-150,157-298	3SQQ	THR	1.85	ok	THR_mixed_with_TYR	160	THR		58.12985420714706	127.12555041704111
P24941	OG1		CB	A	1	160					THR	1-36,41-298		3	3	1	1-36,41-298	3TI1	THR	1.99	ok	THR_mixed_with_TYR	160	THR		58.387561812252756	125.00329146368698
P24941	OG1		CB	A	1	160					THR	2-36,41-298		3	3	1	2-36,41-298	3TIY	THR	1.84	ok	THR_mixed_with_TYR	160	THR		58.81292634721082	-142.82882277199337
P24941	OG1		CB	A	1	160					THR	2-36,41-298		3	3	1	2-36,41-298	3TIZ	THR	2.02	ok	THR_mixed_with_TYR	160	THR		58.65274822618773	132.38511042356342
P24941	OG1		CB	A	1	160					THR	1-36,41-298		3	3	1	1-36,41-298	3UNJ	THR	1.9001	ok	THR_mixed_with_TYR	160	THR		57.8531545674992	113.99807503430728
P24941	OG1		CB	A	1	160					THR	1-36,40-298		3	3	1	1-36,40-298	3UNK	THR	2.1	ok	THR_mixed_with_TYR	160	THR		58.932721562971516	128.43656438032735
P24941	OG1		CB	A	1	160					THR	1-36,45-296		3	3	1	1-36,45-296	4EK3	THR	1.34	ok	THR_mixed_with_TYR	160	THR		50.39155763481506	117.2182543542022
P24941	OG1		CB	A	1	160					THR	1-35,45-296		3	3	1	1-35,45-296	4EK4	THR	1.26	ok	THR_mixed_with_TYR	160	THR		53.80378113669936	118.9539898331134
P24941	OG1		CB	A	1	160					THR	1-35,45-298		3	3	1	1-35,45-298	4EK5	THR	1.6	ok	THR_mixed_with_TYR	160	THR		54.4416943449837	129.77398218251744
P24941	OG1		CB	A	1	160					THR	1-37,43-298		3	3	1	1-37,43-298	4ERW	THR	2.0	ok	THR_mixed_with_TYR	160	THR		58.80873323872299	-5.339975711723364
P24941	OG1		CB	A	1	160					THR	1-36,41-298		3	3	1	1-36,41-298	4EZ3	THR	2.0	ok	THR_mixed_with_TYR	160	THR		54.3748370944448	-130.23827579229854
P24941	OG1		CB	A	1	160					THR	1-298		3	3	1	1-298	4EZ7	THR	2.49	ok	THR_mixed_with_TYR	160	THR		58.57784640275609	113.46666155697258
P24941	OG1		CB	A	1	160					THR	1-35,45-153,157-298		3	3	1	1-35,45-153,157-298	4FKG	THR	1.51	ok	THR_mixed_with_TYR	160	THR		53.687889288151716	126.13682534415355
P24941				A	1	160					THR	1-36,45-153,157-298		3	3	1	1-36,45-153,157-298	4FKI	THR	1.6	missing_required_atoms:OG1	THR_mixed_with_TYR	160	THR			
P24941	OG1		CB	A	1	160					THR	1-36,44-298		3	3	1	1-36,44-298	4FKL	THR	1.26	ok	THR_mixed_with_TYR	160	THR		54.86937033601833	118.39533539325036
P24941	OG1		CB	A	1	160					THR	1-37,45-298		3	3	1	1-37,45-298	4FKO	THR	1.55	ok	THR_mixed_with_TYR	160	THR		53.85606459858195	114.11498040557623
P24941	OG1		CB	A	1	160					THR	1-37,43-298		3	3	1	1-37,43-298	4FKU	THR	1.47	ok	THR_mixed_with_TYR	160	THR		57.02414580682635	-132.47525477168398
P24941	OG1		CB	A	1	160					THR	1-298		3	3	1	1-298	4GCJ	THR	1.42	ok	THR_mixed_with_TYR	160	THR		58.4138906609121	119.36077364133135
P24941	OG1		CB	A	1	160					THR	1-298		3	3	1	1-298	4KD1	THR	1.7	ok	THR_mixed_with_TYR	160	THR		58.762196714665244	117.30035396109673
P24941	OG1		CB	A	1	160					THR	1-37,45-295		3	3	1	1-37,45-295	4RJ3	THR	1.63	ok	THR_mixed_with_TYR	160	THR		58.071839659330635	111.04304174073575
P24941	OG1		CB	A	1	160					THR	1-36,41-298		3	3	1	1-36,41-298	5ANE	THR	1.7	ok	THR_mixed_with_TYR	160	THR		57.373656664283615	119.20383724680774
P24941	OG1		CB	A	1	160					THR	3-36,46-298		3	3	1	3-36,46-298	5JQ5	THR	1.94	ok	THR_mixed_with_TYR	160	THR		54.578074230635806	122.80255957140442
P24941	OG1		CB	A	1	160					THR	1-37,47-298		3	3	1	1-37,47-298	5MHQ	THR	1.3	ok	THR_mixed_with_TYR	160	THR		55.473330618429166	119.1189097546538
P24941	OG1		CB	A	1	160					THR	2-36,44-296		3	3	1	2-36,44-296	5OO0	THR	1.6	ok	THR_mixed_with_TYR	160	THR		57.93126146691668	132.11449571596418
P24941	OG1		CB	A	1	160					THR	2-37,45-294		3	3	1	2-37,45-294	5OO3	THR	1.73	ok	THR_mixed_with_TYR	160	THR		53.7546104047754	114.51919101229402
P24941	OG1		CB	A	1	160					THR	2-38,42-296		3	3	1	2-38,42-296	5OSJ	THR	1.83	ok	THR_mixed_with_TYR	160	THR		58.41412232429515	130.5070938510463
P24941	OG1		CB	A	1	160					THR	1-36,45-296		3	3	1	1-36,45-296	5OSM	THR	1.77	ok	THR_mixed_with_TYR	160	THR		54.23977386807445	119.65224664845756
P24941	OG1		CB	A	1	160					THR	1-37,46-148,157-298		3	3	1	1-37,46-148,157-298	6GUH	THR	1.5	ok	THR_mixed_with_TYR	160	THR		56.56197331183953	108.79646265737752
P24941	OG1		CB	A	1	160					THR	1-37,47-298		3	3	1	1-37,47-298	6OQI	THR	2.0	ok	THR_mixed_with_TYR	160	THR		59.713118735373364	133.3104250934293
P24941	OG1		CB	A	1	160					THR	2-36,45-298		3	3	1	2-36,45-298	6Q3C	THR	1.29	ok	THR_mixed_with_TYR	160	THR		55.19942715731709	120.21317101379368
P24941	OG1		CB	A	1	160					THR	1-35,45-298		3	3	1	1-35,45-298	6Q3F	THR	1.18	ok	THR_mixed_with_TYR	160	THR		55.567471038514434	112.97908175866917
P24941	OG1		CB	A	1	160					THR	1-38,45-298		3	3	1	1-38,45-298	6Q4A	THR	1.13	ok	THR_mixed_with_TYR	160	THR		57.51118176395541	116.14247813827696
P24941	OG1		CB	A	1	160					THR	1-37,45-298		3	3	1	1-37,45-298	6Q4B	THR	1.12	ok	THR_mixed_with_TYR	160	THR		55.205138872432194	114.9256100815501
P24941	OG1		CB	A	1	160					THR	1-37,45-298		3	3	1	1-37,45-298	6Q4C	THR	1.73	ok	THR_mixed_with_TYR	160	THR		56.23764318464492	129.69116622072892
P24941	OG1		CB	A	1	160					THR	1-37,45-296		3	3	1	1-37,45-296	6Q4D	THR	1.07	ok	THR_mixed_with_TYR	160	THR		56.27671019721984	-4.334632329600791
P24941	OG1		CB	A	1	160					THR	1-37,45-298		3	3	1	1-37,45-298	6Q4F	THR	1.21	ok	THR_mixed_with_TYR	160	THR		55.3627730592751	119.21647087217414
P24941	OG1		CB	A	1	160					THR	1-38,45-153,156-298		3	3	1	1-38,45-153,156-298	6Q4H	THR	1.0	ok	THR_mixed_with_TYR	160	THR		56.22308462523228	-7.588415313561466
P24941	OG1		CB	A	1	160					THR	1-37,45-153,157-298		3	3	1	1-37,45-153,157-298	6Q4I	THR	1.11	ok	THR_mixed_with_TYR	160	THR		55.72972257174151	1.0290122987261114
P24941	OG1		CB	A	1	160					THR	1-37,46-154,157-298		3	3	1	1-37,46-154,157-298	6Q4J	THR	1.05	ok	THR_mixed_with_TYR	160	THR		56.63110052774953	-3.2216799990234914
P24941	OG1		CB	A	1	160					THR	1-37,45-298		3	3	1	1-37,45-298	6Q4K	THR	1.06	ok	THR_mixed_with_TYR	160	THR		55.93417674405692	112.9848192499988
P24941	OG1		CB	A	1	160					THR	1-298		3	3	1	1-298	6YL6	THR	1.7	ok	THR_mixed_with_TYR	160	THR		56.8871864077487	117.8466894741552
P24941	OG1		CB	A	1	160					THR	1-37,46-298		3	3	1	1-37,46-298	6YLK	THR	1.65	ok	THR_mixed_with_TYR	160	THR		58.434127107688695	-145.11074988280805
P24941	OG1		CB	A	1	160					THR	1-35,46-147,155-298		3	3	1	1-35,46-147,155-298	7M2F	THR	1.632	ok	THR_mixed_with_TYR	160	THR		56.433970075832704	-113.8707125054369
P24941	OG1		CB	A	1	160					THR	1-37,45-294		3	3	1	1-37,45-294	7NVQ	THR	2.05	ok	THR_mixed_with_TYR	160	THR		55.695544751592294	103.02110201737187
P24941	OG1		CB	A	1	160					THR	1-298		3	3	1	1-298	7RWF	THR	1.5	ok	THR_mixed_with_TYR	160	THR		60.06264001717521	124.77421821661213
P24941	OG1		CB	A	1	160					THR	3-12,16-298		3	2	1	3-12,16-298	7S4T	THR	1.91	ok	THR_mixed_with_TYR	160	THR		59.89701218463182	132.3913701151281
P24941	OG1		CB	A	1	160					THR	1-37,45-296		3	3	1	1-37,45-296	7VDU	THR	1.53	ok	THR_mixed_with_TYR	160	THR		57.21301358302195	113.63038023279192
P24941	OG1		CB	A	1	160					THR	1-37,45-298		3	3	1	1-37,45-298	7ZPC	THR	1.4	ok	THR_mixed_with_TYR	160	THR		56.06197898868526	143.02195687608858
P24941	OG1		CB	A	1	160					THR	1-37,47-298		3	3	1	1-37,47-298	8ERD	THR	1.33	ok	THR_mixed_with_TYR	160	THR		58.17904200535388	111.94324855607525
P24941	OG1		CB	A	1	160					THR	1-37,47-296		3	3	1	1-37,47-296	8ERN	THR	1.64	ok	THR_mixed_with_TYR	160	THR		58.11177123787772	114.41513408499317
P24941	OG1		CB	A	1	160					THR	2-36,46-298		3	3	1	2-36,46-298	8FP5	THR	1.7	ok	THR_mixed_with_TYR	160	THR		54.03035590670783	131.53664243212265
P24941	OG1		CB	A	1	160					THR	1-37,44-298		3	3	1	1-37,44-298	8YNG	THR	1.82	ok	THR_mixed_with_TYR	160	THR		58.98160658548159	-119.29610047549683
P24941	OG1		CB	A	1	160					THR	1-38,44-298		3	3	1	1-38,44-298	8YPW	THR	1.8	ok	THR_mixed_with_TYR	160	THR		58.52320542033091	116.57764953728746
P24941	OG1		CB	A	1	160					THR	1-298		3	3	1	1-298	9GP3	THR	2.45	ok	THR_mixed_with_TYR	160	THR		55.98646031110639	-132.28698914712407
P24941	OG1		CB	A	1	160					THR	1-298		3	3	1	1-298	9UAU	THR	1.47	ok	THR_mixed_with_TYR	160	THR		59.585007793813524	-119.05441445384677
P24941	OG1		CB	A	1	160					THR	1-39,44-298		3	3	1	1-39,44-298	9UAW	THR	1.72	ok	THR_mixed_with_TYR	160	THR		57.971695021142985	141.73827122132974
P27361	OG1		CB	A	1	202					THR	24-375		3	2	1	24-375	2ZOQ	THR	2.39	ok	THR_mixed_with_SER	202	THR		58.304650834995485	91.2062142977609
P27361	OG1		CB	A	1	202					THR	24-374		3	3	1	24-374	4QTB	THR	1.4	ok	THR_mixed_with_SERTYR	202	THR		58.53983217944697	-117.27982183119711
P27361	OG1		CB	A	1	202					THR	25-374		3	3	1	25-374	6GES	THR	2.07	ok	THR_mixed_with_SERTYR	202	THR		55.028157267580426	-119.38226940355557
P28482	OG1		CB	A	1	185					THR	16-32,36-329,338-360		2	2	1	16-32,36-329,338-360	1PME	THR	2.0	ok	THR_mixed_with_TYR	185	THR		57.44486069694844	-115.4327535477862
P28482	OG1		CB	A	1	185					THR	8-357		2	2	1	8-357	1TVO	THR	2.5	ok	THR_mixed_with_TYR	185	THR		58.553246297334375	-115.58372317432638
P28482	OG1		CB	A	1	185					THR	8-357		2	2	1	8-357	1WZY	THR	2.5	ok	THR_mixed_with_TYR	185	THR		58.21540237390192	126.80163393390265
P28482	OH		CZ	A	1	185					THR	19-331,334-357		2	2	1	19-331,334-357	2OJG	TYR	2.0	ok	THR_single	185	THR	-0.20556893963556563		
P28482	OH		CZ	A	1	185					THR	15-358		2	2	1	15-358	2OJJ	TYR	2.4	ok	THR_single	185	THR	-0.5639038766454888		
P28482	OG1		CB	A	1	185					THR	9-358		2	2	1	9-358	2Y9Q	THR	1.55	ok	THR_mixed_with_TYR	185	THR		56.538950381278894	124.18113988276261
P28482	OG1		CB	A	1	185					THR	4-360		2	2	1	4-360	3SA0	THR	1.5947	ok	THR_mixed_with_TYR	185	THR		60.416496094204376	-116.06234351334491
P28482	OG1		CB	A	1	185					THR	9-358		2	2	1	9-358	4FMQ	THR	2.098	ok	THR_mixed_with_TYR	185	THR		58.917326082421745	122.66518393830484
P28482	OH		CZ	A	1	185					THR	11-331,336-357		2	2	1	11-331,336-357	4FUX	TYR	2.2	ok	THR_single	185	THR	-0.5251825312209355		
P28482	OH		CZ	A	1	185					THR	11-14,18-57,64-331,339-358		2	2	1	11-14,18-57,64-331,339-358	4FUY	TYR	2.0	ok	THR_single	185	THR	-1.3193789866086345		
P28482	OH		CZ	A	1	185					THR	11-331,336-358		2	2	1	11-331,336-358	4FV0	TYR	2.1	ok	THR_single	185	THR	-0.9904786306400922		
P28482	OH		CZ	A	1	185					THR	11-330,334-356		2	2	1	11-330,334-356	4FV1	TYR	1.99	ok	THR_single	185	THR	-0.8661098933973929		
P28482	OH		CZ	A	1	185					THR	11-331,334-357		2	2	1	11-331,334-357	4FV2	TYR	2.0	ok	THR_single	185	THR	-0.8299465195028122		
P28482	OH		CZ	A	1	185					THR	11-357		2	2	1	11-357	4FV3	TYR	2.2	ok	THR_single	185	THR	-1.0071512124763407		
P28482	OH		CZ	A	1	185					THR	11-331,336-358		2	2	1	11-331,336-358	4FV7	TYR	1.9	ok	THR_single	185	THR	-2.3617783800207115		
P28482	OH		CZ	A	1	185					THR	11-329,336-358		2	2	1	11-329,336-358	4G6N	TYR	2.0	ok	THR_single	185	THR	-2.1108791478684075		
P28482	OH		CZ	A	1	185					THR	11-33,36-329,334-357		2	2	1	11-33,36-329,334-357	4G6O	TYR	2.2	ok	THR_single	185	THR	-1.3850698372300052		
P28482	OG1		CB	A	1	185					THR	9-360		2	2	1	9-360	4H3Q	THR	2.2	ok	THR_mixed_with_TYR	185	THR		58.02964375606614	-98.13510118243234
P28482	OG1		CB	A	1	185					THR	6-357		2	2	1	6-357	4N0S	THR	1.7992	ok	THR_mixed_with_TYR	185	THR		57.980696356356226	-115.61720316984271
P28482				B	1	185					THR	9-178,182-360		2	2	1	9-178,182-360	4NIF	THR	2.15	missing_required_atoms:OG1	THR_mixed_with_TYR	185	THR			
P28482	OG1		CB	A	1	185					THR	11-358		2	2	1	11-358	4QTE	THR	1.5	ok	THR_mixed_with_TYR	185	THR		60.07968226541923	-114.9696106989126
P28482	OG1		CB	A	1	185					THR	7-357		2	2	1	7-357	4ZXT	THR	2.0	ok	THR_mixed_with_TYR	185	THR		58.41642820146256	-115.62585289369494
P28482	OG1		CB	A	1	185					THR	11-355		2	2	1	11-355	4ZZM	THR	1.89	ok	THR_mixed_with_TYR	185	THR		54.46228392493586	127.41727877326494
P28482	OH		CZ	A	1	185					THR	11-329,336-355		2	2	1	11-329,336-355	4ZZN	TYR	1.33	ok	THR_single	185	THR	-1.420574075990444		
P28482	OG1		CB	A	1	185					THR	11-330,336-355		2	2	1	11-330,336-355	4ZZO	THR	1.63	ok	THR_mixed_with_TYR	185	THR		55.50212063194901	3.5594078304261014
P28482	OG1		CB	A	1	185					THR	11-332,334-357		2	2	1	11-332,334-357	5LCJ	THR	1.78	ok	THR_mixed_with_TYR	185	THR		55.073281134852	-118.92448636000036
P28482	OG1		CB	A	1	185					THR	11-357		2	2	1	11-357	5LCK	THR	1.89	ok	THR_mixed_with_TYR	185	THR		56.24299223695554	-118.67166570923483
P28482	OG1		CB	A	1	185					THR	12-332,337-355		2	2	1	12-332,337-355	5NHF	THR	2.14	ok	THR_mixed_with_TYR	185	THR		58.440130314777775	-132.16971788580412
P28482	OG1		CB	A	1	185					THR	11-358		2	2	1	11-358	5NHH	THR	1.94	ok	THR_mixed_with_TYR	185	THR		55.50700911404452	125.39628277943413
P28482	OG1		CB	A	1	185					THR	11-355		2	2	1	11-355	5NHJ	THR	2.12	ok	THR_mixed_with_TYR	185	THR		58.171132642981284	-117.91422432058762
P28482	OG1		CB	A	1	185					THR	11-355		2	2	1	11-355	5NHL	THR	2.07	ok	THR_mixed_with_TYR	185	THR		58.65135019265599	-112.75522435649128
P28482	OG1		CB	A	1	185					THR	11-331,334-355		2	2	1	11-331,334-355	5NHO	THR	2.24	ok	THR_mixed_with_TYR	185	THR		55.87943668446375	-116.94343410763825
P28482	OG1		CB	A	1	185					THR	11-330,338-355		2	2	1	11-330,338-355	5NHP	THR	1.99	ok	THR_mixed_with_TYR	185	THR		58.46776628650384	-122.4627145295932
P28482	OG1		CB	A	1	185					THR	11-355		2	2	1	11-355	5NHV	THR	2.0	ok	THR_mixed_with_TYR	185	THR		55.241662622106034	-145.92208766836092
P28482	OG1		CB	A	1	185					THR	15-357		2	2	1	15-357	5WP1	THR	1.4	ok	THR_mixed_with_TYR	185	THR		58.52579749309023	-118.40252645870731
P28482	OH		CZ	A	1	185					THR	11-357		2	2	1	11-357	6DMG	TYR	2.2	ok	THR_single	185	THR	-0.11185894101649184		
P28482	OG1		CB	A	1	185					THR	10-356		2	2	1	10-356	6G54	THR	2.05	ok	THR_mixed_with_TYR	185	THR		58.22255340792425	-128.8410668531979
P28482	OG1		CB	A	1	185					THR	11-329,338-357		2	2	1	11-329,338-357	6G8X	THR	1.76	ok	THR_mixed_with_TYR	185	THR		57.75994140247106	131.9765821219499
P28482	OG1		CB	A	1	185					THR	8-329,335-357		2	2	1	8-329,335-357	6G91	THR	1.8	ok	THR_mixed_with_TYR	185	THR		57.85512021802998	-113.58763033490612
P28482	OG1		CB	A	1	185					THR	8-329,336-357		2	2	1	8-329,336-357	6G92	THR	1.99	ok	THR_mixed_with_TYR	185	THR		57.575088164148504	-112.50864729517974
P28482	OG1		CB	A	1	185					THR	11-331,335-357		2	2	1	11-331,335-357	6G93	THR	1.67	ok	THR_mixed_with_TYR	185	THR		58.63346492747252	-110.21709241079427
P28482	OG1		CB	A	1	185					THR	11-331,334-357		2	2	1	11-331,334-357	6G97	THR	1.9	ok	THR_mixed_with_TYR	185	THR		57.04782036246213	-115.63244900000726
P28482	OG1		CB	A	1	185					THR	8-329,338-357		2	2	1	8-329,338-357	6G9A	THR	1.91	ok	THR_mixed_with_TYR	185	THR		56.69421320071589	-107.79570015104795
P28482	OG1		CB	A	1	185					THR	8-329,334-357		2	2	1	8-329,334-357	6G9D	THR	1.8	ok	THR_mixed_with_TYR	185	THR		55.74106332305887	-113.60307362079578
P28482	OG1		CB	A	1	185					THR	11-331,335-357		2	2	1	11-331,335-357	6G9H	THR	1.73	ok	THR_mixed_with_TYR	185	THR		58.71763411256017	-109.57761261130204
P28482	OG1		CB	A	1	185					THR	8-357		2	2	1	8-357	6G9J	THR	1.98	ok	THR_mixed_with_TYR	185	THR		56.572356402939306	-115.67886984874184
P28482	OG1		CB	A	1	185					THR	11-331,334-357		2	2	1	11-331,334-357	6G9K	THR	1.94	ok	THR_mixed_with_TYR	185	THR		56.06895853019077	-105.80135003691203
P28482	OG1		CB	A	1	185					THR	11-329,334-356		2	2	1	11-329,334-356	6G9M	THR	1.86	ok	THR_mixed_with_TYR	185	THR		57.922232292222446	-115.76902537926249
P28482	OG1		CB	A	1	185					THR	11-330,333-357		2	2	1	11-330,333-357	6G9N	THR	1.76	ok	THR_mixed_with_TYR	185	THR		55.732791588294155	-17.099967243639735
P28482	OG1		CB	A	1	185					THR	8-331,336-356		2	2	1	8-331,336-356	6GDM	THR	1.91	ok	THR_mixed_with_TYR	185	THR		56.18477012706974	-114.28749526148319
P28482	OG1		CB	A	1	185					THR	10-330,339-357		2	2	1	10-330,339-357	6GDQ	THR	1.86	ok	THR_mixed_with_TYR	185	THR		57.792347564460236	-117.49545898738735
P28482	OG1		CB	A	1	185					THR	11-332,335-357		2	2	1	11-332,335-357	6GE0	THR	1.82	ok	THR_mixed_with_TYR	185	THR		56.99966049024444	-115.15871468331957
P28482	OG1		CB	A	1	185					THR	8-331,334-357		2	2	1	8-331,334-357	6GJB	THR	1.82	ok	THR_mixed_with_TYR	185	THR		56.971259077973976	-109.81376911570725
P28482	OG1		CB	A	1	185					THR	10-329,336-357		2	2	1	10-329,336-357	6GJD	THR	1.58	ok	THR_mixed_with_TYR	185	THR		55.988329259626255	-115.82534536498797
P28482	OH		CZ	A	1	185					THR	10-329,335-356		2	2	1	10-329,335-356	6NBS	TYR	1.9	ok	THR_single	185	THR	-0.3171370943218071		
P28482	OG1		CB	A	1	185					THR	8-333,338-357		2	2	1	8-333,338-357	6Q7K	THR	1.84	ok	THR_mixed_with_TYR	185	THR		56.6441495721001	-113.43711523434601
P28482	OG1		CB	A	1	185					THR	11-329,334-356		2	2	1	11-329,334-356	6Q7S	THR	1.73	ok	THR_mixed_with_TYR	185	THR		56.16981940972498	-113.62734517334796
P28482	OG1		CB	A	1	185					THR	11-329,336-356		2	2	1	11-329,336-356	6Q7T	THR	1.6	ok	THR_mixed_with_TYR	185	THR		56.8171978128099	-118.0517815132894
P28482	OG1		CB	A	1	185					THR	11-330,337-358		2	2	1	11-330,337-358	6QA1	THR	1.58	ok	THR_mixed_with_TYR	185	THR		57.05098761129706	-115.2437942367522
P28482	OG1		CB	A	1	185					THR	8-329,338-357		2	2	1	8-329,338-357	6QA3	THR	1.57	ok	THR_mixed_with_TYR	185	THR		58.231746387707425	-115.9384546495859
P28482	OG1		CB	A	1	185					THR	11-34,37-330,339-357		2	2	1	11-34,37-330,339-357	6QA4	THR	1.6	ok	THR_mixed_with_TYR	185	THR		56.91434195705838	118.25898652062693
P28482	OG1		CB	A	1	185					THR	11-330,338-357		2	2	1	11-330,338-357	6QAG	THR	2.07	ok	THR_mixed_with_TYR	185	THR		57.79737546412305	-114.8391424339802
P28482	OG1		CB	A	1	185					THR	11-35,37-331,338-357		2	2	1	11-35,37-331,338-357	6QAH	THR	1.58	ok	THR_mixed_with_TYR	185	THR		58.10595050133496	-117.30111343775005
P28482	OG1		CB	A	1	185					THR	11-33,37-330,339-357		2	2	1	11-33,37-330,339-357	6QAL	THR	1.57	ok	THR_mixed_with_TYR	185	THR		56.822785300051756	123.42149738773982
P28482	OG1		CB	A	1	185					THR	11-330,334-357		2	2	1	11-330,334-357	6QAQ	THR	1.58	ok	THR_mixed_with_TYR	185	THR		57.674305357424146	-119.10981079778661
P28482	OG1		CB	A	1	185					THR	11-329,339-357		2	2	1	11-329,339-357	6QAW	THR	1.84	ok	THR_mixed_with_TYR	185	THR		56.96263668970069	-113.0718106565853
P28482	OG1		CB	A	1	185					THR	19-331,339-357		2	2	1	19-331,339-357	6RQ4	THR	1.96	ok	THR_mixed_with_TYR	185	THR		56.32548612864328	-116.3895057765341
P28482	OG1		CB	A	1	185					THR	18-330,338-356		2	2	1	18-330,338-356	6SLG	THR	1.33	ok	THR_mixed_with_TYR	185	THR		57.51423464650469	-116.43440683782464
P28482	OG1		CB	A	1	185					THR	11-357		2	2	1	11-357	7AUV	THR	1.76	ok	THR_mixed_with_TYR	185	THR		55.12343972383537	-108.51550355287986
P28482	OG1		CB	A	1	185					THR	11-357		2	2	1	11-357	7E73	THR	2.28	ok	THR_mixed_with_TYR	185	THR		57.934121381753044	106.6383419024244
P28482	OG1		CB	A	1	185					THR	10-358		2	2	1	10-358	7E75	THR	2.481	ok	THR_mixed_with_TYR	185	THR		57.86195312286854	-121.26714961263843
P28482	OG1		CB	A	1	185					THR	11-331,336-356		2	2	1	11-331,336-356	7NQQ	THR	1.943	ok	THR_mixed_with_TYR	185	THR		56.91254868676364	-117.48831552120133
P28482	OG1		CB	A	1	185					THR	11-356		2	2	1	11-356	7NQW	THR	1.775	ok	THR_mixed_with_TYR	185	THR		56.82913890599825	-113.97742000745508
P28482	OG1		CB	A	1	185					THR	11-329,339-356		2	2	1	11-329,339-356	7NR3	THR	1.897	ok	THR_mixed_with_TYR	185	THR		56.844095896266886	-114.13813259494655
P28482	OG1		CB	A	1	185					THR	11-329,335-357		2	2	1	11-329,335-357	7NR5	THR	1.766	ok	THR_mixed_with_TYR	185	THR		54.631698023814465	-119.07376637369643
P28482	OG1		CB	A	1	185					THR	11-356		2	2	1	11-356	7NR8	THR	1.627	ok	THR_mixed_with_TYR	185	THR		57.31705746343371	-118.63028988645068
P28482	OG1		CB	A	1	185					THR	11-329,340-355		2	2	1	11-329,340-355	7NR9	THR	1.906	ok	THR_mixed_with_TYR	185	THR		56.11871602601889	-102.00872796412621
P28482	OG1		CB	A	1	185					THR	11-360		2	2	1	11-360	7W5O	THR	2.35	ok	THR_mixed_with_TYR	185	THR		58.50743694533333	114.31162723908092
P28482	OG1		CB	A	1	185					THR	10-359		2	2	1	10-359	7X4U	THR	1.98	ok	THR_mixed_with_TYR	185	THR		59.244967241100525	-124.018041209018
P28482	OG1		CB	A	1	185					THR	10-360		2	2	1	10-360	7XC1	THR	2.09	ok	THR_mixed_with_TYR	185	THR		59.324575812027504	113.56958167804468
P28482	OG1		CB	A	1	185					THR	13-329,334-357		2	2	1	13-329,334-357	8AO2	THR	1.796	ok	THR_mixed_with_TYR	185	THR		56.099496397929464	120.19737958055465
P28482	OG1		CB	A	1	185					THR	11-330,339-357		2	2	1	11-330,339-357	8AO3	THR	1.778	ok	THR_mixed_with_TYR	185	THR		55.18106431481491	-117.61025675867273
P28482	OG1		CB	A	1	185					THR	11-330,339-357		2	2	1	11-330,339-357	8AO4	THR	1.825	ok	THR_mixed_with_TYR	185	THR		55.08641026859662	-113.53334993113103
P28482	OG1		CB	A	1	185					THR	15-33,37-329,339-356		2	2	1	15-33,37-329,339-356	8AO5	THR	1.595	ok	THR_mixed_with_TYR	185	THR		57.71627016387992	-121.85073123686674
P28482	OG1		CB	A	1	185					THR	11-329,338-356		2	2	1	11-329,338-356	8AO6	THR	1.811	ok	THR_mixed_with_TYR	185	THR		56.68998129886776	-118.06906443752446
P28482	OG1		CB	A	1	185					THR	11-356		2	2	1	11-356	8AO7	THR	1.61	ok	THR_mixed_with_TYR	185	THR		57.139190238226284	-115.55577791201422
P28482	OG1		CB	A	1	185					THR	11-329,334-356		2	2	1	11-329,334-356	8AO8	THR	1.697	ok	THR_mixed_with_TYR	185	THR		55.16323384053402	-111.83421437954794
P28482	OG1		CB	A	1	185					THR	11-58,61-331,338-356		2	2	1	11-58,61-331,338-356	8AO9	THR	1.624	ok	THR_mixed_with_TYR	185	THR		57.440380607051786	-121.21645756007642
P28482	OG1		CB	A	1	185					THR	11-356		2	2	1	11-356	8AOA	THR	1.62	ok	THR_mixed_with_TYR	185	THR		58.05404132911357	-118.7006836333578
P28482	OG1		CB	A	1	185					THR	18-27,37-329,339-356		2	2	1	18-27,37-329,339-356	8AOB	THR	1.623	ok	THR_mixed_with_TYR	185	THR		56.98203586206995	-117.13088105295154
P28482	OG1		CB	A	1	185					THR	11-356		2	2	1	11-356	8AOC	THR	1.62	ok	THR_mixed_with_TYR	185	THR		57.05070707515566	-118.00679732476026
P28482	OG1		CB	A	1	185					THR	11-58,63-331,339-356		2	2	1	11-58,63-331,339-356	8AOD	THR	1.62	ok	THR_mixed_with_TYR	185	THR		57.4342582151191	-119.15403959483007
P28482	OG1		CB	A	1	185					THR	11-32,37-57,63-356		2	2	1	11-32,37-57,63-356	8AOE	THR	1.687	ok	THR_mixed_with_TYR	185	THR		57.041831121128155	-115.97356295924509
P28482	OG1		CB	A	1	185					THR	11-57,63-356		2	2	1	11-57,63-356	8AOF	THR	1.615	ok	THR_mixed_with_TYR	185	THR		58.83025387204691	-115.3915606854659
P28482	OG1		CB	A	1	185					THR	11-57,64-330,334-356		2	2	1	11-57,64-330,334-356	8AOG	THR	1.603	ok	THR_mixed_with_TYR	185	THR		56.685832164140585	-118.17198472678541
P28482	OG1		CB	A	1	185					THR	11-58,63-329,338-356		2	2	1	11-58,63-329,338-356	8AOH	THR	1.6	ok	THR_mixed_with_TYR	185	THR		56.70463682363443	-120.1140086866943
P28482	OG1		CB	A	1	185					THR	11-356		2	2	1	11-356	8AOI	THR	1.602	ok	THR_mixed_with_TYR	185	THR		57.59441789401605	-118.49319145108178
P28482	OG1		CB	A	1	185					THR	10-330,338-356		2	2	1	10-330,338-356	8AOJ	THR	1.12	ok	THR_mixed_with_TYR	185	THR		58.88094309679396	-115.32127082335886
P28482	OG1		CB	A	1	185					THR	1-177,182-358		2	2	1	1-177,182-358	8PSR	THR	1.85	ok	THR_mixed_with_TYR	185	THR		57.15949496925385	116.64505873014078
P28482	OG1		CB	A	1	185					THR	11-358		2	2	1	11-358	8PT0	THR	1.65	ok	THR_mixed_with_TYR	185	THR		56.88483888817743	125.96996895673163
P28482	OG1		CB	A	1	185					THR	11-359		2	2	1	11-359	8PT1	THR	1.8	ok	THR_mixed_with_TYR	185	THR		58.5155585621965	116.5217384245623
P28482	OG1		CB	A	1	185					THR	10-176,183-359		2	2	1	10-176,183-359	8PT3	THR	1.8	ok	THR_mixed_with_TYR	185	THR		57.0043600524325	-141.02153543293701
P28482	OG1		CB	A	1	185					THR	10-174,185-330,334-358		2	2	1	10-174,185-330,334-358	8PT5	THR	1.95	ok	THR_mixed_with_TYR	185	THR		57.882071892334544	127.37088047673292
P28482	OG1		CB	A	1	185					THR	10-358		2	2	1	10-358	8ZJV	THR	1.8	ok	THR_mixed_with_TYR	185	THR		58.92783010568471	109.55972447356623
P31749	OG1		CB	A	1	308					THR	4-42,50-109,144-187,201-301,307-438		3	1	1	4-42,50-109,144-187,201-301,307-438	4EJN	THR	2.19	ok	THR_single	308	THR		56.09342085395337	-30.973693169141864
P31749	OG1		CB	A	1	308					THR	3-44,49-112,144-186,205-301,305-444		3	1	1	3-44,49-112,144-186,205-301,305-444	6HHG	THR	2.3	ok	THR_single	308	THR		58.67534560105364	-121.51576490798006
P31749	OG1		CB	A	1	308					THR	3-44,47-113,144-444		3	1	1	3-44,47-113,144-444	6HHJ	THR	2.3	ok	THR_single	308	THR		58.41893215963717	-128.21530766858893
P31749	OG1		CB	A	1	308					THR	3-112,142-301,304-444		3	1	1	3-112,142-301,304-444	6S9W	THR	2.3	ok	THR_single	308	THR		58.81951396451163	-127.09248218220013
P31749	OG1		CB	A	1	308					THR	4-44,48-112,144-186,205-301,308-444		3	1	1	4-44,48-112,144-186,205-301,308-444	7NH4	THR	2.3	ok	THR_single	308	THR		58.5359197497098	-117.43240917432335
P31749	OG1		CB	A	1	308					THR	3-44,49-119,121-127,134-135,145-187,202-300,308-439		3	1	1	3-44,49-119,121-127,134-135,145-187,202-300,308-439	8UVY	THR	2.11	ok	THR_single	308	THR		58.40391829070764	130.7021115688356
P31749	OG1		CB	A	1	308					THR	4-44,50-119,121-127,134-135,145-187,200-299,307-429,432-437		3	1	1	4-44,50-119,121-127,134-135,145-187,200-299,307-429,432-437	8UW2	THR	2.2	ok	THR_single	308	THR		58.25583657718469	138.22038184476685
P31749	OG1		CB	A	1	308					THR	3-44,49-119,121-127,134-135,144-187,200-300,308-428		3	1	1	3-44,49-119,121-127,134-135,144-187,200-300,308-428	8UW9	THR	1.9	ok	THR_single	308	THR		58.47445341938844	123.45755660531516
P33981				A	1	686					THR	519-670,685-698,709-794		4	1	1	519-670,685-698,709-794	3CEK	THR	2.3	missing_required_atoms:OG1	THR_single	686	THR			
P33981	OG1		CB	A	1	686					THR	514-671,684-698,711-794		4	1	1	514-671,684-698,711-794	3HMO	THR	2.4	ok	THR_single	686	THR		59.00633507512399	125.80608219873575
P33981	OG1		CB	A	1	686					THR	516-671,682-698,710-794		4	1	1	516-671,682-698,710-794	3HMP	THR	2.3	ok	THR_single	686	THR		58.28700451033245	-5.329754896963853
P33981	OG1		CB	A	1	686					THR	516-558,560-674,685-699,711-795		4	1	1	516-558,560-674,685-699,711-795	3VQU	THR	2.4	ok	THR_single	686	THR		57.08353797187419	-9.579051482030799
P33981	OG1		CB	A	1	686					THR	516-674,685-699,711-794		4	1	1	516-674,685-699,711-794	3WZK	THR	2.3	ok	THR_single	686	THR		56.85895226197801	10.34394528211675
P33981	OG1		CB	A	1	675					THR	519-675,684-699,709-794		4	1	1	519-675,684-699,709-794	4C4J	THR	2.5	ok	THR_single	675	THR		55.86763522303218	-127.08383051927416
P33981	OG1		CB	A	1	686					THR	513-616,619-668,686-698,712-793		4	1	1	513-616,619-668,686-698,712-793	4D2S	THR	2.5	ok	THR_single	686	THR		54.120537688993394	-7.007484365607166
P33981	OG1		CB	A	1	686					THR	515-671,685-698,712-794		4	1	1	515-671,685-698,712-794	4JT3	THR	2.2	ok	THR_single	686	THR		54.47276016766017	131.45659253937998
P33981	OG1		CB	A	1	686					THR	515-677,686-699,711-793		4	1	1	515-677,686-699,711-793	4O6L	THR	2.38	ok	THR_single	686	THR		57.2642850157859	-1.9113484333263482
P33981	OG1		CB	A	1	686					THR	516-674,686-699,709-795		4	1	1	516-674,686-699,709-795	4ZEG	THR	2.33	ok	THR_single	686	THR		56.15047282953027	-13.46201691173553
P33981	OG1		CB	A	1	686					THR	519-674,681-698,710-794		4	1	1	519-674,681-698,710-794	5AP6	THR	2.1	ok	THR_single	686	THR		53.64568411642751	-10.420664357650987
P33981	OG1		CB	A	1	686					THR	519-673,684-697,711-794		4	1	1	519-673,684-697,711-794	5AP7	THR	2.45	ok	THR_single	686	THR		58.52274944302102	-13.394696060113821
P33981	OG1		CB	A	1	686					THR	516-674,685-698,710-794		4	1	1	516-674,685-698,710-794	5EH0	THR	2.18	ok	THR_single	686	THR		55.203730510963524	-8.66921530935742
P33981	OG1		CB	A	1	686					THR	519-674,684-698,711-794		4	1	1	519-674,684-698,711-794	5EHO	THR	2.18	ok	THR_single	686	THR		59.2095381944727	5.31314870802562
P33981	OG1		CB	A	1	686					THR	519-670,684-698,711-794		4	1	1	519-670,684-698,711-794	5EHY	THR	2.26	ok	THR_single	686	THR		58.7116156230557	0.15769910419024008
P33981	OG1		CB	A	1	686					THR	519-674,680-698,709-794		4	1	1	519-674,680-698,709-794	5EI6	THR	2.01	ok	THR_single	686	THR		54.361849785282246	-9.015420933069285
P33981	OG1		CB	A	1	686					THR	519-674,684-698,709-753		4	1	1	519-674,684-698,709-753	5EI8	THR	2.17	ok	THR_single	686	THR		53.65423676172993	-15.716769979857885
P33981	OG1		CB	A	3	675,676,686					THR	519-677,683-697,711-795		4	4	3	519-677,683-697,711-795	5MRB	THR	2.2	ok	THR_mixed_with_SER	675	THR,THR,THR		56.02464975171351	-13.419746570859207
P33981	OG1		CB	A	3	675,676,686					THR	519-677,683-697,711-795		4	4	3	519-677,683-697,711-795	5MRB	THR	2.2	ok	THR_mixed_with_SER	676	THR,THR,THR		56.753733199840006	-115.0584132095722
P33981	OG1		CB	A	3	675,676,686					THR	519-677,683-697,711-795		4	4	3	519-677,683-697,711-795	5MRB	THR	2.2	ok	THR_mixed_with_SER	686	THR,THR,THR		56.59415542212847	-9.990291571845855
P33981	OG1		CB	A	1	686					THR	519-670,683-698,710-794		4	1	1	519-670,683-698,710-794	5N84	THR	2.3	ok	THR_single	686	THR		53.10124286342672	-8.70967645066495
P33981	OG1		CB	A	3	675,676,686					THR	515-699,709-795		4	4	3	515-699,709-795	6GVJ	THR	2.41	ok	THR_mixed_with_SER	675	THR,THR,THR		55.983986143274784	150.63581650221704
P33981	OG1		CB	A	3	675,676,686					THR	515-699,709-795		4	4	3	515-699,709-795	6GVJ	THR	2.41	ok	THR_mixed_with_SER	676	THR,THR,THR		56.328864779463544	-126.38130552497536
P33981	OG1		CB	A	3	675,676,686					THR	515-699,709-795		4	4	3	515-699,709-795	6GVJ	THR	2.41	ok	THR_mixed_with_SER	686	THR,THR,THR		55.710744720158694	-11.904713484748305
P33981	OG1		CB	A	1	686					THR	519-673,686-698,709-794		4	1	1	519-673,686-698,709-794	6H3K	THR	2.48	ok	THR_single	686	THR		54.69549003134728	-1.1977079372472952
P33981	OG1		CB	A	3	675,676,686					THR	519-678,680-698,710-795		4	4	3	519-678,680-698,710-795	7LQD	THR	1.95	ok	THR_mixed_with_SER	675	THR,THR,THR		58.99852890509182	121.28407431938126
P33981	OG1		CB	A	3	675,676,686					THR	519-678,680-698,710-795		4	4	3	519-678,680-698,710-795	7LQD	THR	1.95	ok	THR_mixed_with_SER	676	THR,THR,THR		59.040100815921434	122.257772973791
P33981	OG1		CB	A	3	675,676,686					THR	519-678,680-698,710-795		4	4	3	519-678,680-698,710-795	7LQD	THR	1.95	ok	THR_mixed_with_SER	686	THR,THR,THR		58.94483334501908	-0.8932323098486774
P42527	OG1		CB	A	1	612					THR	552-613,615-649,652-809		1	1	1	552-613,615-649,652-809	3LLA	THR	2.11	ok	THR_single	612	THR		56.81857759266741	7.178684566845282
P42527	OG1		CB	D	1	612					THR	552-650,656-809		1	1	1	552-650,656-809	3LMI	THR	2.2	ok	THR_single	612	THR		57.79894754833372	-129.38328848112172
P42527	OG1		CB	A	1	612					THR	556-613,615-649,652-809		1	1	1	556-613,615-649,652-809	3PDT	THR	1.8	ok	THR_single	612	THR		56.59015899027998	-14.757352758297133
P42527	OG1		CB	A	1	612					THR	552-649,653-815		1	1	1	552-649,653-815	4ZME	THR	1.98	ok	THR_single	612	THR		55.306340846069666	107.2662798483542
P42527	OG1		CB	B	1	612					THR	552-651,655-701,704-808		1	1	1	552-651,655-701,704-808	4ZMF	THR	2.39	ok	THR_single	612	THR		54.23905546295761	109.9586825508301
P42527	OG1		CB	B	1	612					THR	552-650,653-810		1	1	1	552-650,653-810	4ZS4	THR	2.4	ok	THR_single	612	THR		56.177222254343846	3.132091046237378
P42527	OG1		CB	B	1	612					THR	552-612,614-813		1	1	1	552-612,614-813	5E9E	THR	2.4	ok	THR_single	612	THR		56.236476715851836	-14.193758119988875
P47811	OG1		CB	A	1	180					THR	5-353		2	2	1	5-353	4LOO	THR	1.95	ok	THR_mixed_with_TYR	180	THR		58.284119223637234	-125.51465499655097
P47811	OG1		CB	A	1	180					THR	3-353		2	2	1	3-353	4LOP	THR	2.049	ok	THR_mixed_with_TYR	180	THR		56.41553085599691	129.47945079925003
P47811	OG1		CB	A	1	180					THR	3-354		2	2	1	3-354	4LOQ	THR	2.319	ok	THR_mixed_with_TYR	180	THR		58.399755174106865	125.24685329011297
P47811	OG1		CB	A	1	180					THR	4-353		2	2	1	4-353	5LAR	THR	1.5	ok	THR_mixed_with_TYR	180	THR		60.873416494161596	125.67342886195661
P47811	OG1		CB	A	1	180					THR	5-117,120-352		2	2	1	5-117,120-352	5R8U	THR	1.48	ok	THR_mixed_with_TYR	180	THR		58.3061378789693	-116.59288705490222
P47811	OG1		CB	A	1	180					THR	5-172,174-352		2	2	1	5-172,174-352	5R8V	THR	1.479	ok	THR_mixed_with_TYR	180	THR		55.74278334326018	-121.48341961285026
P47811	OG1		CB	A	1	180					THR	5-352		2	2	1	5-352	5R8W	THR	1.5	ok	THR_mixed_with_TYR	180	THR		58.94694093086746	-118.54943837621659
P47811	OG1		CB	A	1	180					THR	5-352		2	2	1	5-352	5R8X	THR	1.73	ok	THR_mixed_with_TYR	180	THR		58.8807718590995	-119.40118127093625
P47811	OG1		CB	A	1	180					THR	4-30,32-117,120-352		2	2	1	4-30,32-117,120-352	5R8Y	THR	1.679	ok	THR_mixed_with_TYR	180	THR		58.18466132898907	-117.66436013525077
P47811	OG1		CB	A	1	180					THR	5-352		2	2	1	5-352	5R8Z	THR	1.65	ok	THR_mixed_with_TYR	180	THR		57.49565247356429	-116.04902344758823
P47811	OG1		CB	A	1	180					THR	4-32,34-117,122-171,174-352		2	2	1	4-32,34-117,122-171,174-352	5R90	THR	1.619	ok	THR_mixed_with_TYR	180	THR		58.2667219986866	-116.45368161206949
P47811	OG1		CB	A	1	180					THR	5-31,34-352		2	2	1	5-31,34-352	5R91	THR	1.731	ok	THR_mixed_with_TYR	180	THR		57.483983771394286	-117.86584340058664
P47811	OG1		CB	A	1	180					THR	4-32,35-171,174-352		2	2	1	4-32,35-171,174-352	5R92	THR	1.66	ok	THR_mixed_with_TYR	180	THR		58.5486759336239	-120.80322297344365
P47811	OG1		CB	A	1	180					THR	4-172,174-352		2	2	1	4-172,174-352	5R93	THR	1.489	ok	THR_mixed_with_TYR	180	THR		58.351035569712266	-119.74165325188406
P47811	OG1		CB	A	1	180					THR	4-31,34-172,174-352		2	2	1	4-31,34-172,174-352	5R94	THR	1.45	ok	THR_mixed_with_TYR	180	THR		58.2904059988268	-119.22996439003244
P47811	OG1		CB	A	1	180					THR	4-32,35-172,174-352		2	2	1	4-32,35-172,174-352	5R95	THR	1.59	ok	THR_mixed_with_TYR	180	THR		58.301573945817545	-118.73017619466731
P47811	OG1		CB	A	1	180					THR	5-172,174-352		2	2	1	5-172,174-352	5R96	THR	1.767	ok	THR_mixed_with_TYR	180	THR		58.497195055379734	-120.83995913385012
P47811	OG1		CB	A	1	180					THR	5-352		2	2	1	5-352	5R97	THR	1.438	ok	THR_mixed_with_TYR	180	THR		58.58843799778434	-118.09930822615509
P47811	OG1		CB	A	1	180					THR	5-352		2	2	1	5-352	5R98	THR	1.68	ok	THR_mixed_with_TYR	180	THR		58.58383362032976	-121.20119498444217
P47811	OG1		CB	A	1	180					THR	5-31,35-117,119-352		2	2	1	5-31,35-117,119-352	5R99	THR	1.89	ok	THR_mixed_with_TYR	180	THR		58.65171172858126	-121.83101175116802
P47811	OG1		CB	A	1	180					THR	5-352		2	2	1	5-352	5R9A	THR	1.53	ok	THR_mixed_with_TYR	180	THR		57.914409060173185	-114.53408562068611
P47811	OG1		CB	A	1	180					THR	5-31,35-171,174-352		2	2	1	5-31,35-171,174-352	5R9B	THR	1.657	ok	THR_mixed_with_TYR	180	THR		58.229590176330106	-119.73037597343297
P47811	OG1		CB	A	1	180					THR	5-32,34-352		2	2	1	5-32,34-352	5R9C	THR	1.74	ok	THR_mixed_with_TYR	180	THR		58.179718438985894	-118.85804450212706
P47811	OG1		CB	A	1	180					THR	5-32,36-109,111-352		2	2	1	5-32,36-109,111-352	5R9D	THR	1.69	ok	THR_mixed_with_TYR	180	THR		58.7900511403779	-119.3929808886896
P47811	OG1		CB	A	1	180					THR	5-32,35-172,174-352		2	2	1	5-32,35-172,174-352	5R9E	THR	1.775	ok	THR_mixed_with_TYR	180	THR		58.774803433704385	-118.22395481634237
P47811	OG1		CB	A	1	180					THR	5-32,35-172,174-352		2	2	1	5-32,35-172,174-352	5R9F	THR	1.986	ok	THR_mixed_with_TYR	180	THR		58.203948713474524	-119.31813287077165
P47811	OG1		CB	A	1	180					THR	5-352		2	2	1	5-352	5R9G	THR	1.73	ok	THR_mixed_with_TYR	180	THR		57.236864579242315	-119.66870713645706
P47811	OG1		CB	A	1	180					THR	5-31,35-172,174-352		2	2	1	5-31,35-172,174-352	5R9H	THR	1.49	ok	THR_mixed_with_TYR	180	THR		58.603168197087	-116.27001457367996
P47811	OG1		CB	A	1	180					THR	5-30,37-117,121-171,174-352		2	2	1	5-30,37-117,121-171,174-352	5R9I	THR	1.813	ok	THR_mixed_with_TYR	180	THR		58.92102549048843	-118.14515406059273
P47811	OG1		CB	A	1	180					THR	4-32,35-117,120-172,174-352		2	2	1	4-32,35-117,120-172,174-352	5R9J	THR	1.52	ok	THR_mixed_with_TYR	180	THR		58.33633839624706	-117.59239419448299
P47811	OG1		CB	A	1	180					THR	4-115,122-352		2	2	1	4-115,122-352	5R9K	THR	1.498	ok	THR_mixed_with_TYR	180	THR		58.88919182308091	-115.42069473556573
P47811	OG1		CB	A	1	180					THR	4-31,35-117,120-171,174-352		2	2	1	4-31,35-117,120-171,174-352	5R9L	THR	1.47	ok	THR_mixed_with_TYR	180	THR		57.9464276640958	-115.46892645710138
P47811	OG1		CB	A	1	180					THR	5-31,35-117,120-171,174-352		2	2	1	5-31,35-117,120-171,174-352	5R9M	THR	1.809	ok	THR_mixed_with_TYR	180	THR		58.299434069558835	-118.76769072299805
P47811	OG1		CB	A	1	180					THR	4-30,36-117,120-352		2	2	1	4-30,36-117,120-352	5R9N	THR	1.688	ok	THR_mixed_with_TYR	180	THR		58.240685120051324	-114.5957619432731
P47811	OG1		CB	A	1	180					THR	5-352		2	2	1	5-352	5R9O	THR	1.6	ok	THR_mixed_with_TYR	180	THR		58.233750861637816	-118.85891281283818
P47811	OG1		CB	A	1	180					THR	5-352		2	2	1	5-352	5R9P	THR	1.72	ok	THR_mixed_with_TYR	180	THR		58.28007939872554	-121.50816723488809
P47811	OG1		CB	A	1	180					THR	5-117,120-352		2	2	1	5-117,120-352	5R9Q	THR	1.645	ok	THR_mixed_with_TYR	180	THR		57.44542184171349	-120.059888278493
P47811	OG1		CB	A	1	180					THR	5-352		2	2	1	5-352	5R9R	THR	1.76	ok	THR_mixed_with_TYR	180	THR		57.75318766247905	-119.60131975298184
P47811	OG1		CB	A	1	180					THR	5-352		2	2	1	5-352	5R9S	THR	1.7	ok	THR_mixed_with_TYR	180	THR		55.95198019609041	-120.7158056427027
P47811	OG1		CB	A	1	180					THR	5-31,34-352		2	2	1	5-31,34-352	5R9T	THR	1.8	ok	THR_mixed_with_TYR	180	THR		58.37799215651793	-117.77961106031027
P47811	OG1		CB	A	1	180					THR	5-169,173-352		2	2	1	5-169,173-352	5R9U	THR	1.67	ok	THR_mixed_with_TYR	180	THR		57.2600279094241	-120.14002075776021
P47811	OG1		CB	A	1	180					THR	5-352		2	2	1	5-352	5R9V	THR	1.45	ok	THR_mixed_with_TYR	180	THR		56.227951153236226	-120.84195235524508
P47811	OG1		CB	A	1	180					THR	5-352		2	2	1	5-352	5R9W	THR	1.89	ok	THR_mixed_with_TYR	180	THR		57.59402115798888	-121.14160175203408
P47811	OG1		CB	A	1	180					THR	5-32,35-352		2	2	1	5-32,35-352	5R9X	THR	1.72	ok	THR_mixed_with_TYR	180	THR		57.125082725058334	-120.0797421683716
P47811	OG1		CB	A	1	180					THR	5-118,122-171,174-352		2	2	1	5-118,122-171,174-352	5R9Y	THR	1.57	ok	THR_mixed_with_TYR	180	THR		57.96650644461297	-118.33991688805767
P47811	OG1		CB	A	1	180					THR	5-352		2	2	1	5-352	5R9Z	THR	1.66	ok	THR_mixed_with_TYR	180	THR		56.777147325650034	-119.43163944477365
P47811	OG1		CB	A	1	180					THR	5-117,121-352		2	2	1	5-117,121-352	5RA0	THR	1.91	ok	THR_mixed_with_TYR	180	THR		56.925678810648776	-125.46124997228921
P47811	OG1		CB	A	1	180					THR	5-352		2	2	1	5-352	5RA1	THR	1.61	ok	THR_mixed_with_TYR	180	THR		57.272046039491826	-118.73884207748125
P47811	OG1		CB	A	1	180					THR	5-352		2	2	1	5-352	5RA2	THR	1.57	ok	THR_mixed_with_TYR	180	THR		57.12956722047907	-119.87531335216795
P47811	OG1		CB	A	1	180					THR	5-118,122-352		2	2	1	5-118,122-352	5RA3	THR	1.57	ok	THR_mixed_with_TYR	180	THR		56.357411092872425	-120.17428176403634
P47811	OG1		CB	A	1	180					THR	5-352		2	2	1	5-352	5RA4	THR	1.59	ok	THR_mixed_with_TYR	180	THR		55.747588239971236	-122.86539479496778
P47811	OG1		CB	A	1	180					THR	5-352		2	2	1	5-352	5RA5	THR	1.54	ok	THR_mixed_with_TYR	180	THR		56.55268990392175	-121.61809006930454
P47811	OG1		CB	A	1	180					THR	5-352		2	2	1	5-352	5RA6	THR	1.86	ok	THR_mixed_with_TYR	180	THR		58.283700078265014	-122.9955200247851
P47811	OG1		CB	A	1	180					THR	5-352		2	2	1	5-352	5RA7	THR	1.92	ok	THR_mixed_with_TYR	180	THR		57.946713833887294	-118.48216072639622
P47811	OG1		CB	A	1	180					THR	5-116,121-352		2	2	1	5-116,121-352	5RA8	THR	1.78	ok	THR_mixed_with_TYR	180	THR		56.4369793426345	-117.48054632599104
P47811	OG1		CB	A	1	180					THR	5-352		2	2	1	5-352	5RA9	THR	1.68	ok	THR_mixed_with_TYR	180	THR		57.73662550530879	-119.43697404693475
P47811	OG1		CB	A	1	180					THR	5-172,179-353		2	2	1	5-172,179-353	5UOJ	THR	2.1	ok	THR_mixed_with_TYR	180	THR		60.27492615991411	-108.31922398130808
P47811	OG1		CB	A	1	180					THR	5-31,35-171,174-352		2	2	1	5-31,35-171,174-352	6SO1	THR	1.66	ok	THR_mixed_with_TYR	180	THR		58.064435647939106	-118.36245894527259
P47811	OG1		CB	A	1	180					THR	4-31,34-171,174-352		2	2	1	4-31,34-171,174-352	6SO2	THR	1.6	ok	THR_mixed_with_TYR	180	THR		58.01560235825434	-120.80152955269395
P47811	OG1		CB	A	1	180					THR	5-32,34-117,120-171,174-352		2	2	1	5-32,34-117,120-171,174-352	6SO4	THR	1.51	ok	THR_mixed_with_TYR	180	THR		58.59184793070514	-116.91074751078618
P47811	OG1		CB	A	1	180					THR	5-32,34-171,174-352		2	2	1	5-32,34-171,174-352	6SOD	THR	1.87	ok	THR_mixed_with_TYR	180	THR		58.52462995035963	-119.38101959567281
P47811	OG1		CB	A	1	180					THR	4-32,35-172,174-352		2	2	1	4-32,35-172,174-352	6SOI	THR	1.55	ok	THR_mixed_with_TYR	180	THR		58.61823095653204	-117.32655742210933
P47811	OG1		CB	A	1	180					THR	5-32,35-117,120-171,174-352		2	2	1	5-32,35-117,120-171,174-352	6SOT	THR	1.54	ok	THR_mixed_with_TYR	180	THR		58.73479570255476	-117.6013576658005
P47811	OG1		CB	A	1	180					THR	5-117,121-169,173-352		2	2	1	5-117,121-169,173-352	6SOU	THR	1.5	ok	THR_mixed_with_TYR	180	THR		58.32569146827493	-119.3499434799654
P48730	OG1		CB	C	1	220					THR	4-18,20-159,164-294		2	1	1	4-18,20-159,164-294	3UYS	THR	2.3	ok	THR_single	220	THR		58.233865737673625	123.53062928106952
P48730	OG1		CB	A	1	220					THR	5-43,47-294		2	1	1	5-43,47-294	3UYT	THR	2.0	ok	THR_single	220	THR		58.30680329316258	-144.99422125612304
P48730	OG1		CB	A	1	220					THR	3-294		2	1	1	3-294	3UZP	THR	1.94	ok	THR_single	220	THR		59.5673284215144	118.6966496252406
P48730	OG1		CB	A	1	220					THR	9-42,46-294		2	1	1	9-42,46-294	4HGT	THR	1.8	ok	THR_single	220	THR		58.065344059626675	108.13999083240081
P48730	OG1		CB	B	1	220					THR	5-294		2	1	1	5-294	4HNF	THR	2.07	ok	THR_single	220	THR		59.173872602155846	84.1478629093957
P48730	OG1		CB	B	1	220					THR	3-41,48-293		2	1	1	3-41,48-293	4KB8	THR	1.95	ok	THR_single	220	THR		54.800240761978046	-133.19631587165077
P48730	OG1		CB	B	1	220					THR	3-41,48-293		2	1	1	3-41,48-293	4KBA	THR	1.98	ok	THR_single	220	THR		54.157159451662245	-153.08763370680438
P48730	OG1		CB	A	1	220					THR	2-17,22-293		2	1	1	2-17,22-293	4KBC	THR	1.98	ok	THR_single	220	THR		53.81562597254394	114.24098636176858
P48730	OG1		CB	B	1	220					THR	3-168,171-293		2	1	1	3-168,171-293	4KBK	THR	2.1	ok	THR_single	220	THR		53.63861996981884	120.14694264793593
P48730	OG1		CB	A	1	220					THR	2-293		2	1	1	2-293	4TN6	THR	2.41	ok	THR_single	220	THR		52.19407773284606	50.75923646874737
P48730	OG1		CB	A	1	220					THR	2-218,220-295		2	1	1	2-218,220-295	4TWC	THR	1.7	ok	THR_single	220	THR		56.32019909815974	16.586063886028693
P48730	OG1		CB	C	1	220					THR	6-293		2	1	1	6-293	5MQV	THR	2.154	ok	THR_single	220	THR		58.33229151221589	-136.77906353662175
P48730	OG1		CB	C	1	220					THR	4-16,18-41,47-294		2	1	1	4-16,18-41,47-294	5OKT	THR	2.13	ok	THR_single	220	THR		57.316984844977824	9.886218142637258
P48730	OG1		CB	A	1	220					THR	3-293		2	1	1	3-293	5W4W	THR	1.99	ok	THR_single	220	THR		51.91302087221913	95.92357467118246
P48730	OG1		CB	B	1	220					THR	1-16,22-42,49-291		2	1	1	1-16,22-42,49-291	6F1W	THR	1.864	ok	THR_single	220	THR		58.41143548371545	118.94357383792413
P48730	OG1		CB	B	1	220					THR	3-16,22-42,48-293		2	1	1	3-16,22-42,48-293	6F26	THR	1.83	ok	THR_single	220	THR		58.72811335205037	119.26451629655658
P48730	OG1		CB	B	1	220					THR	1-295		2	1	1	1-295	6GZM	THR	1.59	ok	THR_single	220	THR		57.59093745655312	99.90165510391256
P48730	OG1		CB	A	1	220					THR	8-31,33-294		2	1	1	8-31,33-294	6HMP	THR	2.039	ok	THR_single	220	THR		57.349347435897535	6.105913845418105
P48730	OG1		CB	A	1	220					THR	7-31,33-294		2	1	1	7-31,33-294	6HMR	THR	1.782	ok	THR_single	220	THR		57.63208040253396	-12.34491803968236
P48730	OG1		CB	A	1	220					THR	2-291		2	1	1	2-291	6PXN	THR	1.551	ok	THR_single	220	THR		57.61785040281829	94.99537218548234
P48730				B	1	220					THR	1-292		2	1	1	1-292	6PXO	THR	2.0	missing_required_atoms:OG1	THR_single	220	THR			
P48730	OG1		CB	B	1	220					THR	2-294		2	1	1	2-294	6PXP	THR	2.35	ok	THR_single	220	THR		58.170354128267654	-122.29032939328292
P48730	OG1		CB	A	1	220					THR	1-293		2	1	1	1-293	6RCG	THR	1.4	ok	THR_single	220	THR		57.905804407268164	120.22478919054795
P48730	OG1		CB	A	1	220					THR	2-294		2	1	1	2-294	6RCH	THR	1.45	ok	THR_single	220	THR		57.69991797390305	108.42299777353605
P48730	OG1		CB	A	1	220					THR	3-17,22-294		2	1	1	3-17,22-294	6RU6	THR	2.05	ok	THR_single	220	THR		55.51327048281868	98.681349334622
P48730	OG1		CB	A	1	220					THR	3-294		2	1	1	3-294	6RU7	THR	2.08	ok	THR_single	220	THR		57.094446817498586	-131.8667060872336
P48730	OG1		CB	A	1	220					THR	2-294		2	1	1	2-294	6RU8	THR	1.92	ok	THR_single	220	THR		55.70265710127969	109.9156511878594
P48730	OG1		CB	A	1	220					THR	3-294		2	1	1	3-294	7P7H	THR	2.4	ok	THR_single	220	THR		56.03575040634532	-119.05675768900417
P48730	OG1		CB	B	1	220					THR	2-18,21-294		2	1	1	2-18,21-294	7QR9	THR	2.3	ok	THR_single	220	THR		56.085735855919225	101.76183105059256
P48730	OG1		CB	A	1	220					THR	3-17,21-294		2	1	1	3-17,21-294	7QRA	THR	2.4	ok	THR_single	220	THR		56.14298171900757	115.27764471625288
P48730	OG1		CB	A	1	220					THR	2-290		2	1	1	2-290	8D7M	THR	2.25	ok	THR_single	220	THR		55.01161489938966	-18.07984201292094
P48730	OG1		CB	A	1	220					THR	2-290		2	1	1	2-290	8D7N	THR	1.66	ok	THR_single	220	THR		55.46776867752984	-147.65301140694692
P48730	OG1		CB	A	1	220					THR	2-290		2	1	1	2-290	8D7O	THR	1.65	ok	THR_single	220	THR		56.485623923178	-142.62081369233073
P48730	OG1		CB	A	1	220					THR	2-290		2	1	1	2-290	8D7P	THR	2.25	ok	THR_single	220	THR		59.029613227024875	-144.461933213596
P48730	OG1		CB	B	1	220					THR	5-294		2	1	1	5-294	8IZC	THR	1.45	ok	THR_single	220	THR		55.407332770225544	115.1039495624336
P48730	OG1		CB	B	1	220					THR	2-169,174-217,220-298		2	1	1	2-169,174-217,220-298	8VXD	THR	2.47	ok	THR_single	220	THR		59.52194008817817	103.91060155073441
P48730	OG1		CB	A	1	220					THR	2-292,407-415		2	1	1	2-292,407-415	9B3S	THR	2.4	ok	THR_single	220	THR		56.21599665902669	-115.53586388891954
P49759	OG1		CB	A	1	342					THR	148-306,311-482		2	2	1	148-306,311-482	1Z57	THR	1.7	ok	THR_mixed_with_SER	342	THR		56.49881469485075	-114.70152462586107
P49759	OG1		CB	A	1	342					THR	148-483		2	2	1	148-483	5J1W	THR	2.42	ok	THR_mixed_with_SER	342	THR		57.8530232511025	-115.83755490489442
P49759	OG1		CB	B	1	342					THR	154-481		2	2	1	155-481	5X8I	THR	1.902	ok	THR_mixed_with_SER	342	THR		57.06109509095398	-121.32779124969105
P49759	OG1		CB	A	1	342					THR	148-483		2	2	1	148-483	6FT8	THR	1.45	ok	THR_mixed_with_SER	342	THR		56.62593328487804	-113.05393568363323
P49759	OG1		CB	A	1	342					THR	148-482		2	2	1	148-482	6FT9	THR	1.87	ok	THR_mixed_with_SER	342	THR		56.097484352856426	-116.52057798170677
P49759	OG1		CB	A	1	342					THR	148-306,310-481		2	2	1	148-306,310-481	6FYO	THR	2.32	ok	THR_mixed_with_SER	342	THR		58.428437873749395	-140.2849836501726
P49759	OG1		CB	B	1	342					THR	148-482		2	2	1	148-482	6G33	THR	2.05	ok	THR_mixed_with_SER	342	THR		58.85057980442594	-122.44151062302215
P49759	OG1		CB	A	1	342					THR	148-302,314-481		2	2	1	148-302,314-481	6I5H	THR	1.49	ok	THR_mixed_with_SER	342	THR		56.78135818010561	-118.8494741811265
P49759	OG1		CB	A	1	342					THR	148-412,416-483		2	2	1	148-412,416-483	6I5I	THR	1.6	ok	THR_mixed_with_SER	342	THR		58.838708841946065	-112.4117366574432
P49759	OG1		CB	C	1	342					THR	148-483		2	2	1	148-483	6I5K	THR	2.3	ok	THR_mixed_with_SER	342	THR		56.820610754824685	-123.5017656599995
P49759	OG1		CB	A	1	342					THR	148-484		2	2	1	148-484	6Q8K	THR	2.29	ok	THR_mixed_with_SER	342	THR		56.213328663205004	-118.7655912272148
P49759	OG1		CB	A	1	342					THR	149-481		2	2	1	149-481	6QTY	THR	1.65	ok	THR_mixed_with_SER	342	THR		60.20613844841807	-113.42178795399587
P49759	OG1		CB	A	1	342					THR	152-481		2	2	1	152-481	6R3D	THR	1.85	ok	THR_mixed_with_SER	342	THR		54.8407094090658	-122.09597972071948
P49759	OG1		CB	A	1	342					THR	153-308,311-481		2	2	1	153-308,311-481	6R6E	THR	2.25	ok	THR_mixed_with_SER	342	THR		57.07637283492722	-121.46658387546147
P49759	OG1		CB	A	1	342					THR	152-481		2	2	1	152-481	6R6X	THR	2.05	ok	THR_mixed_with_SER	342	THR		53.518808063786146	-124.54075172340251
P49759	OG1		CB	A	1	342					THR	152-481		2	2	1	152-481	6R8J	THR	1.75	ok	THR_mixed_with_SER	342	THR		56.12339191717321	-124.05244368896174
P49759	OG1		CB	A	1	342					THR	148-481		2	2	1	148-481	6RAA	THR	2.1	ok	THR_mixed_with_SER	342	THR		55.8238790266213	108.14618259406464
P49759	OG1		CB	A	1	342					THR	148-483		2	2	1	148-483	6YTA	THR	2.3	ok	THR_mixed_with_SER	342	THR		56.472330003539255	-112.89935662690792
P49759	OG1		CB	A	1	342					THR	148-484		2	2	1	148-484	6YTD	THR	2.0	ok	THR_mixed_with_SER	342	THR		54.698317679730685	-117.75264330332311
P49759	OG1		CB	A	1	342					THR	148-305,313-483		2	2	1	148-305,313-483	6YTG	THR	1.95	ok	THR_mixed_with_SER	342	THR		55.75606361657222	-120.42837899533028
P49759	OG1		CB	A	1	342					THR	150-165,167-307,311-482		2	2	1	150-165,167-307,311-482	6YTI	THR	2.4	ok	THR_mixed_with_SER	342	THR		54.61901961504348	-121.90570978051146
P49759	OG1		CB	B	1	342					THR	148-484		2	2	1	148-484	6Z4Z	THR	2.07	ok	THR_mixed_with_SER	342	THR		56.566219782564076	-114.46890567917524
P49759	OG1		CB	A	1	342					THR	149-481		2	2	1	149-481	6Z50	THR	1.6	ok	THR_mixed_with_SER	342	THR		57.816901927180304	-114.10171957936048
P49759	OG1		CB	A	1	342					THR	148-484		2	2	1	148-484	6ZLN	THR	1.7	ok	THR_mixed_with_SER	342	THR		53.63643239294981	-111.95556876365606
P49759	OG1		CB	A	1	342					THR	148-483		2	2	1	148-483	7AK3	THR	2.5	ok	THR_mixed_with_SER	342	THR		55.68808372116963	-121.95474085333686
P49759	OG1		CB	A	1	342					THR	152-481		2	2	1	152-481	7O9Y	THR	1.66	ok	THR_mixed_with_SER	342	THR		57.35809407953262	-122.45725051804776
P49759	OG1		CB	B	1	342					THR	148-483		2	2	1	148-483	7OPG	THR	1.93	ok	THR_mixed_with_SER	342	THR		58.20497707343031	-115.58096364524191
P49759	OG1		CB	A	1	342					THR	148-481		2	2	1	148-481	8P08	THR	2.4	ok	THR_mixed_with_SER	342	THR		57.71804669848191	-66.46244629392538
P49841	OG1		CB	A	1	277					THR	35-388		3	2	1	35-388	1J1B	THR	1.8	ok	THR_mixed_with_TYR	277	THR		57.356065405786396	-86.01174600221103
P49841	OG1		CB	A	1	277					THR	35-388		3	2	1	35-388	1J1C	THR	2.1	ok	THR_mixed_with_TYR	277	THR		56.85086288456553	-81.66598982200269
P49841	OG1		CB	A	1	277					THR	35-384		3	1	1	35-384	1O9U	THR	2.4	ok	THR_single	277	THR		58.25194474927346	118.71156551636707
P49841	OG1		CB	A	1	277					THR	35-119,125-286,291-386		3	2	1	35-119,125-286,291-386	1PYX	THR	2.4	ok	THR_mixed_with_TYR	277	THR		57.83727715023982	111.4055171751309
P49841	OG1		CB	A	1	277					THR	35-119,126-286,293-385		3	2	1	35-119,126-286,293-385	1Q3D	THR	2.2	ok	THR_mixed_with_TYR	277	THR		58.98899597309802	111.54713932244677
P49841	OG1		CB	A	1	277					THR	35-120,125-287,292-386		3	2	1	35-120,125-287,292-386	1Q3W	THR	2.3	ok	THR_mixed_with_TYR	277	THR		58.818672441002576	112.71839297688072
P49841	OG1		CB	B	1	277					THR	35-119,126-383		3	2	1	35-119,126-383	1Q41	THR	2.1	ok	THR_mixed_with_TYR	277	THR		58.3580794981373	108.51970295342578
P49841	OG1		CB	A	1	277					THR	35-119,122-286,290-384		3	2	1	35-119,122-286,290-384	1Q5K	THR	1.94	ok	THR_mixed_with_TYR	277	THR		58.81040577354547	114.77134383462557
P49841	OG1		CB	A	1	277					THR	35-119,125-383		3	2	1	35-119,125-383	1R0E	THR	2.25	ok	THR_mixed_with_TYR	277	THR		61.752270689260534	117.04431086601005
P49841	OG1		CB	A	1	277					THR	35-119,121-289,291-385		3	2	1	35-119,121-289,291-385	2JLD	THR	2.35	ok	THR_mixed_with_TYR	277	THR		57.89436199327283	108.49818017728651
P49841	OG1		CB	B	1	277					THR	35-119,126-286,293-385		3	2	1	35-119,126-286,293-385	3DU8	THR	2.2	ok	THR_mixed_with_TYR	277	THR		59.12569047582566	115.55302191603985
P49841	OG1		CB	A	1	277					THR	35-121,125-287,295-383		3	1	1	35-121,125-287,295-383	3F7Z	THR	2.4	ok	THR_single	277	THR		61.54997399062392	119.53240783454632
P49841	OG1		CB	A	1	277					THR	35-119,125-286,290-383		3	1	1	35-119,125-286,290-383	3GB2	THR	2.4	ok	THR_single	277	THR		59.374454639159524	116.97599610216969
P49841	OG1		CB	A	1	277					THR	25-30,33-385		3	2	1	25-30,33-385	3I4B	THR	2.3	ok	THR_mixed_with_TYR	277	THR		53.02315275002108	110.60245917203844
P49841	OG1		CB	A	1	277					THR	35-288,291-384		3	1	1	35-288,291-384	3SAY	THR	2.231	ok	THR_single	277	THR		57.43960292490129	116.41205368404191
P49841	OG1		CB	B	1	277					THR	36-384		3	1	1	36-384	3ZRK	THR	2.37	ok	THR_single	277	THR		57.39045691633077	117.50664374672643
P49841	OG1		CB	B	1	277					THR	36-384		3	1	1	36-384	3ZRL	THR	2.48	ok	THR_single	277	THR		57.86011653165121	117.8805540472646
P49841	OG1		CB	B	1	277					THR	36-384		3	1	1	36-384	3ZRM	THR	2.49	ok	THR_single	277	THR		56.78512240139313	113.12499971534133
P49841	OG1		CB	A	1	277					THR	35-385		3	2	1	35-385	4ACC	THR	2.21	ok	THR_mixed_with_TYR	277	THR		54.361208256882456	107.88260720946207
P49841	OG1		CB	B	1	277					THR	34-89,94-384		3	1	1	34-89,94-384	4AFJ	THR	1.98	ok	THR_single	277	THR		54.46594707415574	119.38768371146762
P49841	OG1		CB	A	1	277					THR	36-383		3	1	1	36-383	4J71	THR	2.31	ok	THR_single	277	THR		58.06908602563381	97.51751979714982
P49841	OG1		CB	A	1	277					THR	26-31,35-383		3	2	1	26-31,35-383	4NM0	THR	2.5	ok	THR_mixed_with_TYR	277	THR		58.48757456294551	115.90986579519411
P49841	OG1		CB	A	1	277					THR	6-10,26-30,35-119,122-383		3	2	1	6-10,26-30,35-119,122-383	4NM3	THR	2.1	ok	THR_mixed_with_TYR	277	THR		58.988202825552456	115.05111672374024
P49841	OG1		CB	A	1	277					THR	24-383		3	2	1	24-383	4NM5	THR	2.3	ok	THR_mixed_with_TYR	277	THR		58.83281483338195	116.92877498740869
P49841	OG1		CB	A	1	277					THR	25-31,35-119,122-383		3	2	1	25-31,35-119,122-383	4NM7	THR	2.3	ok	THR_mixed_with_TYR	277	THR		58.55697218948602	118.15773053970337
P49841	OG1		CB	B	1	277					THR	36-121,125-385		3	2	1	36-121,125-385	4PTE	THR	2.033	ok	THR_mixed_with_TYR	277	THR		58.92237072818542	104.5717679786801
P49841	OG1		CB	A	1	277					THR	36-118,125-284,293-382		3	2	1	36-118,125-284,293-382	4PTG	THR	2.361	ok	THR_mixed_with_TYR	277	THR		58.505983435491615	108.65299202595816
P49841	OG1		CB	B	1	277					THR	36-45,49-89,95-287,294-384		3	1	1	36-45,49-89,95-287,294-384	5K5N	THR	2.2	ok	THR_single	277	THR		54.69705592859815	118.76659980898177
P49841	OG1		CB	A	1	277					THR	35-119,123-384		3	1	1	35-119,123-384	5KPK	THR	2.4	ok	THR_single	277	THR		56.85056401912019	110.42729740076965
P49841	OG1		CB	A	1	277					THR	36-383		3	2	1	36-383	6H0U	THR	2.3	ok	THR_mixed_with_TYR	277	THR		55.68229209000714	110.75994365025086
P49841	OG1		CB	A	1	277					THR	35-384		3	1	1	35-384	6HK3	THR	2.35	ok	THR_single	277	THR		58.607095081893924	99.92968520900325
P49841	OG1		CB	A	1	277					THR	35-384		3	1	1	35-384	6HK4	THR	2.5	ok	THR_single	277	THR		57.65497645299795	95.41944367586969
P49841	OG1		CB	A	1	277					THR	35-384		3	1	1	35-384	6TCU	THR	2.14	ok	THR_single	277	THR		56.801708287995574	117.04486863233377
P49841	OG1		CB	A	1	277					THR	37-91,96-384		3	1	1	37-91,96-384	6V6L	THR	2.19	ok	THR_single	277	THR		56.30097992192929	116.52347016893711
P49841	OG1		CB	A	1	277					THR	35-384		3	1	1	35-384	6Y9R	THR	2.08	ok	THR_single	277	THR		57.53773021817528	116.00798866433135
P49841	OG1		CB	A	1	277					THR	35-287,293-383		3	1	1	35-287,293-383	6Y9S	THR	2.03	ok	THR_single	277	THR		58.3605702798999	123.53048336226826
P49841	OG1		CB	A	1	277					THR	36-382		3	1	1	36-382	7B6F	THR	2.05	ok	THR_single	277	THR		58.44280956248371	112.20375733557593
P49841	OG1		CB	A	1	277					THR	37-119,123-148,151-288,290-383		3	1	1	37-119,123-148,151-288,290-383	7SXH	THR	2.09	ok	THR_single	277	THR		58.58176062628555	117.30085867039041
P49841	OG1		CB	A	1	277					THR	34-63,67-120,122-383		3	1	1	34-63,67-120,122-383	7SXJ	THR	1.85	ok	THR_single	277	THR		58.55512439390095	112.9754610530676
P49841	OG1		CB	B	1	277					THR	35-382		3	2	1	35-382	7U2Z	THR	2.21	ok	THR_mixed_with_TYR	277	THR		58.03950787067237	112.7286602130656
P49841	OG1		CB	A	1	277					THR	36-385		3	2	1	36-385	7U31	THR	2.38	ok	THR_mixed_with_TYR	277	THR		57.58782953731247	111.24830740463153
P49841	OG1		CB	A	1	277					THR	27-119,124-381		3	1	1	27-119,124-381	8AV1	THR	2.15	ok	THR_single	277	THR		56.56091992510915	114.69792934221806
P49841	OG1		CB	B	1	277					THR	35-119,123-284,301-385		3	2	1	35-119,123-284,301-385	8DJC	THR	2.463	ok	THR_mixed_with_TYR	277	THR		53.01679701904484	96.88260204655252
P49841	OG1		CB	B	1	277					THR	36-119,123-285,291-384		3	2	1	36-119,123-285,291-384	8DJD	THR	2.205	ok	THR_mixed_with_TYR	277	THR		55.343894796059274	115.15327459223329
P49841	OG1		CB	A	1	277					THR	36-289,291-297,299-384		3	2	1	36-289,291-297,299-384	8DJE	THR	2.374	ok	THR_mixed_with_TYR	277	THR		54.805862847371735	105.08327716709555
P49841	OG1		CB	A	1	277					THR	36-382		3	2	1	36-382	8FF8	THR	2.33	ok	THR_mixed_with_TYR	277	THR		55.581317523579266	108.81514100606161
P49841	OG1		CB	B	1	277					THR	26-288,291-386		3	2	1	26-288,291-386	8XN6	THR	2.4	ok	THR_mixed_with_TYR	277	THR		55.97018744696049	113.6451636265957
P49841	OG1		CB	A	1	277					THR	25-385		3	2	1	25-385	9FR5	THR	2.3	ok	THR_mixed_with_TYR	277	THR		59.003614055956895	106.41785645823823
P49841	OG1		CB	A	1	277					THR	25-385		3	2	1	25-385	9FR6	THR	2.3	ok	THR_mixed_with_TYR	277	THR		58.966711818931	103.68705657939165
P49841	OG1		CB	A	1	277					THR	25-385		3	2	1	25-385	9FR7	THR	2.3	ok	THR_mixed_with_TYR	277	THR		58.8493651777449	106.11913983632274
P49841	OG1		CB	A	1	277					THR	25-385		3	2	1	25-385	9FR8	THR	2.3	ok	THR_mixed_with_TYR	277	THR		59.62534230613861	101.25997429517092
P49841	OG1		CB	A	1	277					THR	36-45,48-119,125-285,294-382		3	1	1	36-45,48-119,125-285,294-382	9PE9	THR	2.11	ok	THR_single	277	THR		56.35211240275414	109.90120316438032
P49841	OG1		CB	A	1	277					THR	35-383		3	2	1	35-383	9X2Q	THR	1.68	ok	THR_mixed_with_TYR	277	THR		58.54281969171321	116.99527862763286
P49841	OG1		CB	A	1	277					THR	35-382		3	2	1	35-382	9X2U	THR	2.07	ok	THR_mixed_with_TYR	277	THR		58.7912046372411	102.19824281224031
P49841	OG1		CB	A	1	277					THR	35-290,293-383		3	2	1	35-290,293-383	9X2V	THR	1.39	ok	THR_mixed_with_TYR	277	THR		59.32391349880589	113.86344174196121
P49841	OG1		CB	A	1	277					THR	35-382		3	2	1	35-382	9X2W	THR	1.92	ok	THR_mixed_with_TYR	277	THR		57.4721273636913	116.5073748985455
P49841	OG1		CB	A	1	277					THR	35-382		3	2	1	35-382	9X2X	THR	1.79	ok	THR_mixed_with_TYR	277	THR		59.39317042893262	119.09122668422073
P49841	OG1		CB	A	1	277					THR	35-382		3	2	1	35-382	9X2Y	THR	1.96	ok	THR_mixed_with_TYR	277	THR		59.607803494420835	115.74394339554817
P53667	OG1		CB	A	1	508					THR	330-486,507-637		1	1	1	330-486,507-637	3S95	THR	1.65	ok	THR_single	508	THR		57.44997505239768	126.06065275887768
P53667	OG1		CB	A	1	508					THR	329-485,508-633		1	1	1	329-485,508-633	5HVJ	THR	2.2	ok	THR_single	508	THR		57.411723585207234	-33.789113219322
P54646	OG1		CB	A	1	172					THR	8-346,363-376,398-473,530-551		1	1	1	8-346,363-376,398-473,530-551	8BIK	THR	2.5	ok	THR_single	172	THR		53.26935646883302	-146.6135236963279
P55011	OG1		CB	A	1	230					THR	207-231,236-250,282-926,1022-1212		3	1	1	207-231,236-250,282-926,1022-1212	9C0H	THR	2.5	ok	THR_single	230	THR		58.96287184328031	-7.157618223726842
P61006	OG1		CB	A	1	72					THR	7-176		2	2	1	7-176	3QBT	THR	2.0	ok	THR_mixed_with_SER	72	THR		59.83839279490715	-129.9345286751072
P61006	OG1		CB	A	1	72					THR	6-175		2	2	1	6-175	3TNF	THR	2.5	ok	THR_mixed_with_SER	72	THR		56.88169922660356	-129.1249778274372
P61006	OG1		CB	A	1	72					THR	6-176		2	2	1	6-176	4LHW	THR	1.55	ok	THR_mixed_with_SER	72	THR		57.76224835369392	-122.47652683935367
P61006	OG1		CB	A	1	72					THR	6-176		2	1	1	6-176	6STF	THR	2.4	ok	THR_single	72	THR		56.48093343192876	-130.62544549915125
P61006	OG1		CB	A	1	72					THR	6-176		2	1	1	6-176	6STG	THR	2.5	ok	THR_single	72	THR		55.615056991168125	-89.65792391717628
P61006	OG1		CB	A	1	72					THR	6-175		2	2	1	6-175	6YX5	THR	2.14	ok	THR_mixed_with_SER	72	THR		56.75790165283194	-134.4243463906021
P61006	OG1		CB	B	1	72					THR	3-175		2	2	1	3-175	6ZSI	THR	1.914	ok	THR_mixed_with_SER	72	THR		59.03581625021321	120.15354165939449
P61006	OG1		CB	B	1	72					THR	3-175		2	2	1	3-175	6ZSJ	THR	2.0	ok	THR_mixed_with_SER	72	THR		59.788477180765085	139.5589880862834
P61006	OG1		CB	B	1	72					THR	3-180		2	2	1	3-180	7BWT	THR	2.3	ok	THR_mixed_with_SER	72	THR		59.29960128078935	93.35609613874686
P61006	OG1		CB	A	1	72					THR	4-177		2	2	1	4-177	9IKQ	THR	1.93	ok	THR_mixed_with_SER	72	THR		59.16152014259989	-118.2067451816435
P63086	OG1		CB	A	1	183					THR	10-354		2	2	1	10-354	2GPH	THR	1.9	ok	THR_mixed_with_TYR	183	THR		58.24343535691534	-19.461213680586486
P63086	OG1		CB	A	1	183					THR	6-355		2	2	1	6-355	3ERK	THR	2.1	ok	THR_mixed_with_TYR	183	THR		58.13624889861534	-123.80976715307392
P63086	OG1		CB	A	1	183					THR	9-174,180-200,202-354		2	2	1	9-174,180-200,202-354	3O71	THR	1.95	ok	THR_mixed_with_TYR	183	THR		58.37848740005982	124.72595080816467
P63086	OG1		CB	A	1	183					THR	9-329,335-354		2	2	1	9-329,335-354	3QYW	THR	1.5	ok	THR_mixed_with_TYR	183	THR		57.713515920231885	124.00983316204221
P63086	OG1		CB	A	1	183					THR	8-13,15-330,336-354		2	2	1	8-13,15-330,336-354	3QYZ	THR	1.46	ok	THR_mixed_with_TYR	183	THR		58.6543035691754	121.27089371407627
P63086	OG1		CB	A	1	183					THR	4-9,15-329,333-358		2	2	1	4-9,15-329,333-358	3R63	THR	1.7	ok	THR_mixed_with_TYR	183	THR		57.081564493614046	-123.88214552197554
P63086	OG1		CB	A	1	183					THR	10-353		2	2	1	10-353	3ZU7	THR	1.97	ok	THR_mixed_with_TYR	183	THR		57.85381805108861	121.00924243230854
P63086	OG1		CB	A	1	183					THR	6-355		2	2	1	6-355	4ERK	THR	2.2	ok	THR_mixed_with_TYR	183	THR		58.5928796465376	-108.47680377468456
P63086	OG1		CB	A	1	183					THR	9-31,35-356		2	2	1	9-31,35-356	4GSB	THR	1.8	ok	THR_mixed_with_TYR	183	THR		57.45214627184425	-115.12265251364644
P63086	OG1		CB	A	1	183					THR	9-356		2	2	1	9-356	4GT3	THR	1.68	ok	THR_mixed_with_TYR	183	THR		60.680467651494126	163.90087188503094
P63086	OG1		CB	A	1	183					THR	11-356		2	2	1	11-356	4GVA	THR	1.83	ok	THR_mixed_with_TYR	183	THR		58.030652441677915	-117.80622572828062
P63086	OG1		CB	A	1	183					THR	9-174,182-328,335-356		2	2	1	9-174,182-328,335-356	4I5H	THR	1.9	ok	THR_mixed_with_TYR	183	THR		56.81561419560582	95.1815291547496
P63086	OG1		CB	A	1	183					THR	8-175,183-356		2	2	1	8-175,183-356	4N4S	THR	2.2	ok	THR_mixed_with_TYR	183	THR		58.01737878949624	-164.50117779668074
P63086	OG1		CB	A	1	183					THR	13-328,333-353		2	2	1	13-328,333-353	4QYY	THR	1.65	ok	THR_mixed_with_TYR	183	THR		57.38584499098678	-116.25062478371093
P63086	OG1		CB	A	1	183					THR	4-9,15-354		2	2	1	4-9,15-354	4S2Z	THR	1.48	ok	THR_mixed_with_TYR	183	THR		56.39819595849901	-115.31673605256347
P63086	OG1		CB	A	1	183					THR	4-8,15-33,35-332,336-355		2	2	1	4-8,15-33,35-332,336-355	4S30	THR	2.0	ok	THR_mixed_with_TYR	183	THR		55.80093828379573	-118.95861825244526
P63086	OG1		CB	A	1	183					THR	4-9,15-355		2	2	1	4-9,15-355	4S31	THR	1.45	ok	THR_mixed_with_TYR	183	THR		56.7326674206203	-117.92699106583257
P63086	OG1		CB	A	1	183					THR	4-9,15-354		2	2	1	4-9,15-354	4S32	THR	1.34	ok	THR_mixed_with_TYR	183	THR		55.94191165966584	-123.28698673391641
P63086	OG1		CB	A	1	183					THR	4-9,15-355		2	2	1	4-9,15-355	4S33	THR	1.48	ok	THR_mixed_with_TYR	183	THR		57.07763500230456	-118.93390158599568
P63086	OG1		CB	A	1	183					THR	4-9,15-329,333-354		2	2	1	4-9,15-329,333-354	4S34	THR	2.5	ok	THR_mixed_with_TYR	183	THR		57.21050665444331	-120.71249155856908
P63086	OG1		CB	A	1	183					THR	9-354		2	2	1	9-354	4XNE	THR	1.8	ok	THR_mixed_with_TYR	183	THR		58.85843666919653	-121.61640794426471
P63086	OG1		CB	A	1	183					THR	9-55,61-183,187-327,335-353		2	1	1	9-55,61-183,187-327,335-353	4XOY	THR	2.1	ok	THR_single	183	THR		58.511865483504735	131.2438986742003
P63086	OG1		CB	A	1	183					THR	8-329,335-354		2	2	1	8-329,335-354	4XOZ	THR	1.95	ok	THR_mixed_with_TYR	183	THR		58.777609066942894	-111.80117342772523
P63086	OG1		CB	A	1	183					THR	8-327,335-354		2	2	1	8-327,335-354	4XP0	THR	1.46	ok	THR_mixed_with_TYR	183	THR		58.09783171214413	-115.35367762270214
P63086	OG1		CB	A	1	183					THR	8-329,337-353		2	2	1	8-329,337-353	4XP2	THR	1.748	ok	THR_mixed_with_TYR	183	THR		58.21488006926481	-112.49301581684385
P63086	OG1		CB	A	1	183					THR	8-329,336-354		2	2	1	8-329,336-354	4XP3	THR	1.782	ok	THR_mixed_with_TYR	183	THR		58.03412262573628	127.69694730345333
P63086	OG1		CB	A	1	183					THR	9-354		2	2	1	9-354	4XRJ	THR	1.69	ok	THR_mixed_with_TYR	183	THR		57.81935923730634	-117.90162384956132
P63086	OG1		CB	A	1	183					THR	9-355		2	2	1	9-355	5HD4	THR	1.45	ok	THR_mixed_with_TYR	183	THR		57.082065673128206	-112.94074501275608
P63086	OG1		CB	A	1	183					THR	9-355		2	2	1	9-355	5HD7	THR	1.69	ok	THR_mixed_with_TYR	183	THR		57.74530103177892	-116.16833129592564
P63086	OG1		CB	A	1	183					THR	16-355		2	2	1	16-355	5KE0	THR	1.68	ok	THR_mixed_with_TYR	183	THR		58.62259142121756	-115.41379402596891
P63086	OG1		CB	A	1	183					THR	16-33,35-355		2	2	1	16-33,35-355	5U6I	THR	1.69	ok	THR_mixed_with_TYR	183	THR		58.14123021803584	-112.78904308303682
P63086	OG1		CB	A	1	183					THR	4-10,15-354		2	2	1	4-10,15-354	5UMO	THR	2.26	ok	THR_mixed_with_TYR	183	THR		57.18891841001865	-127.84645419543787
P63086	OG1		CB	A	1	183					THR	16-19,22-42,48-327,333-355		2	2	1	16-19,22-42,48-327,333-355	6CPW	THR	1.85	ok	THR_mixed_with_TYR	183	THR		56.39847921100221	-112.28664316360918
P63086	OG1		CB	A	1	183					THR	16-42,48-327,336-354		2	2	1	16-42,48-327,336-354	6DCG	THR	1.45	ok	THR_mixed_with_TYR	183	THR		57.36044503495695	-114.83907176678899
P63086	OG1		CB	A	1	183					THR	8-328,336-353		2	2	1	8-328,336-353	6FI3	THR	1.52	ok	THR_mixed_with_TYR	183	THR		60.28845205288562	128.38390442821998
P63086	OG1		CB	A	1	183					THR	8-327,336-354		2	2	1	8-327,336-354	6FI6	THR	1.65	ok	THR_mixed_with_TYR	183	THR		55.90337505329023	-116.56156513181779
P63086	OG1		CB	A	1	183					THR	9-329,335-353		2	2	1	9-329,335-353	6FJ0	THR	1.659	ok	THR_mixed_with_TYR	183	THR		58.65759382045827	129.24775696829755
P63086	OG1		CB	A	1	183					THR	8-13,15-327,336-354		2	2	1	8-13,15-327,336-354	6FJB	THR	1.85	ok	THR_mixed_with_TYR	183	THR		58.70431361802916	-114.45943310565964
P63086	OG1		CB	A	1	183					THR	9-354		2	2	1	9-354	6FJZ	THR	1.864	ok	THR_mixed_with_TYR	183	THR		59.208219811448366	-112.04134874729536
P63086	OG1		CB	A	1	183					THR	8-327,333-353		2	2	1	8-327,333-353	6FLE	THR	1.48	ok	THR_mixed_with_TYR	183	THR		56.623793295891005	-117.92110673681711
P63086	OG1		CB	A	1	183					THR	9-331,333-354		2	2	1	9-331,333-354	6FLV	THR	1.91	ok	THR_mixed_with_TYR	183	THR		58.49827357221189	122.14462779368603
P63086	OG1		CB	A	1	183					THR	9-329,335-354		2	2	1	9-329,335-354	6FMA	THR	1.667	ok	THR_mixed_with_TYR	183	THR		56.82365671319614	33.92831338764006
P63086	OG1		CB	A	1	183					THR	9-31,34-327,336-354		2	2	1	9-31,34-327,336-354	6FN5	THR	1.932	ok	THR_mixed_with_TYR	183	THR		59.36454168580204	136.13774579586936
P63086	OG1		CB	A	1	183					THR	9-328,333-354		2	2	1	9-328,333-354	6FQ7	THR	1.6	ok	THR_mixed_with_TYR	183	THR		58.40973151898061	127.28674808892188
P63086	OG1		CB	A	1	183					THR	9-328,333-354		2	2	1	9-328,333-354	6FR1	THR	1.561	ok	THR_mixed_with_TYR	183	THR		58.9853842145291	125.78178021060738
P63086	OG1		CB	A	1	183					THR	9-327,334-354		2	2	1	9-327,334-354	6FRP	THR	1.53	ok	THR_mixed_with_TYR	183	THR		56.938705144652445	-109.65008718447376
P63086	OG1		CB	A	1	183					THR	9-13,16-32,34-327,334-354		2	2	1	9-13,16-32,34-327,334-354	6FXV	THR	1.53	ok	THR_mixed_with_TYR	183	THR		58.79100868223089	-120.42672851767456
P63086	OG1		CB	A	1	183					THR	9-329,332-356		2	2	1	9-329,332-356	6OT6	THR	1.65	ok	THR_mixed_with_TYR	183	THR		57.888294842894084	-116.42588825851735
P63086	OG1		CB	A	1	183					THR	7-116,119-172,183-198,203-252,255-317,326-356		2	2	1	7-116,119-172,183-198,203-252,255-317,326-356	6OTS	THR	2.1	ok	THR_mixed_with_TYR	183	THR		58.56517763805559	108.00220089416506
P63086	OG1		CB	A	1	183					THR	3-7,15-19,21-31,35-57,59-333,336-353		2	2	1	3-6,15-19,21-31,35-57,59-333,336-353	6RFP	THR	1.74	ok	THR_mixed_with_TYR	183	THR		56.80918555955154	-121.23227147628634
P63086	OG1		CB	A	1	183					THR	9-327,334-354		2	2	1	9-327,334-354	8QR2	THR	1.64	ok	THR_mixed_with_TYR	183	THR		57.55023490500275	-116.76740760663512
P63086	OG1		CB	A	1	183					THR	9-354		2	2	1	9-354	8QR3	THR	1.65	ok	THR_mixed_with_TYR	183	THR		58.81263001150886	124.45374563178169
P63086	OG1		CB	A	1	183					THR	9-330,337-354		2	2	1	9-330,337-354	8QR4	THR	1.92	ok	THR_mixed_with_TYR	183	THR		57.1996723147029	106.78078419082985
P63086	OG1		CB	A	1	183					THR	9-329,334-354		2	2	1	9-329,334-354	8QR5	THR	1.6	ok	THR_mixed_with_TYR	183	THR		58.19648414112374	-114.48443218985977
P63086	OG1		CB	A	1	183					THR	9-354		2	2	1	9-354	8QR6	THR	1.65	ok	THR_mixed_with_TYR	183	THR		57.954785006461755	122.7983533640661
P63086	OG1		CB	A	1	183					THR	9-13,15-329,337-357		2	2	1	9-13,15-329,337-357	8QR7	THR	1.51	ok	THR_mixed_with_TYR	183	THR		58.52088731016802	125.88355790563197
P63086	OG1		CB	A	1	183					THR	9-329,334-354		2	2	1	9-329,334-354	8QR8	THR	1.61	ok	THR_mixed_with_TYR	183	THR		59.55071260514821	-123.47551804364173
P63086	OG1		CB	A	1	183					THR	9-354		2	2	1	9-354	8QR9	THR	1.94	ok	THR_mixed_with_TYR	183	THR		56.389766884145246	126.87757229970103
P63086	OG1		CB	A	1	183					THR	9-329,335-354		2	2	1	9-329,335-354	8QRA	THR	1.55	ok	THR_mixed_with_TYR	183	THR		59.59549335763752	125.49166507692398
P63086	OG1		CB	A	1	183					THR	9-356		2	2	1	9-356	8QRB	THR	1.51	ok	THR_mixed_with_TYR	183	THR		57.60237628707044	127.10587202690469
P63086	OG1		CB	A	1	183					THR	9-13,15-327,336-354		2	2	1	9-13,15-327,336-354	8QRC	THR	1.69	ok	THR_mixed_with_TYR	183	THR		56.28161468623738	64.99454363227848
P63086	OG1		CB	A	1	183					THR	4-9,15-355		2	2	1	4-9,15-355	8RLX	THR	1.6	ok	THR_mixed_with_TYR	183	THR		56.58966782883904	-119.37544971287036
P63086	OG1		CB	A	1	183					THR	4-9,15-355		2	2	1	4-9,15-355	8RM2	THR	1.55	ok	THR_mixed_with_TYR	183	THR		58.40288595702402	-123.79342346700858
P63086	OG1		CB	A	1	183					THR	4-9,15-355		2	2	1	4-9,15-355	8RMB	THR	1.55	ok	THR_mixed_with_TYR	183	THR		57.79596361567466	-121.06157339208148
P63086	OG1		CB	A	1	183					THR	4-9,15-354		2	2	1	4-9,15-354	8RQV	THR	2.19	ok	THR_mixed_with_TYR	183	THR		56.31953614067984	-108.80180032501923
P63086	OG1		CB	A	1	183					THR	4-7,15-354		2	2	1	4-7,15-354	8RQW	THR	1.8	ok	THR_mixed_with_TYR	183	THR		56.2512276773291	-120.36401134110241
P63086	OG1		CB	A	1	183					THR	4-8,15-353		2	2	1	4-8,15-353	8RQX	THR	1.7	ok	THR_mixed_with_TYR	183	THR		55.91545708765553	-108.3628114881136
P63086	OG1		CB	A	1	183					THR	8-354		2	2	1	8-354	9QQJ	THR	1.69	ok	THR_mixed_with_TYR	183	THR		58.62047298351775	-119.8456564299926
P9WI81	OG1		CB	A	1	173					THR	9-164,173-288		2	1	1	9-164,173-288	3ORO	THR	1.9	ok	THR_single	173	THR		57.6158317597059	107.36725937704021
P9WI83	OG1		CB	A	3	21,152,224					THR	3-83,89-283		4	4	3	3-83,89-283	4OW8	THR	2.03	ok	THR_mixed_with_SER	21	THR,THR,THR		55.559937842469175	-36.64357509140201
P9WI83	OG1		CB	A	3	21,152,224					THR	3-83,89-283		4	4	3	3-83,89-283	4OW8	THR	2.03	ok	THR_mixed_with_SER	152	THR,THR,THR		58.516018108068295	126.68917628072025
P9WI83	OG1		CB	A	3	21,152,224					THR	3-83,89-283		4	4	3	3-83,89-283	4OW8	THR	2.03	ok	THR_mixed_with_SER	224	THR,THR,THR		58.397781481717395	-129.64549008857574
Q13153				B	1	423					THR	249-415,423-542		1	1	1	249-415,423-542	1F3M		2.3	missing_residue	THR_single	423	THR			
Q13153	OG1		CB	A	1	423					THR	249-541		1	1	1	249-541	1YHW	THR	1.8	ok	THR_single	423	THR		59.66753882081165	-136.11295679160784
Q13153	OG1		CB	A	1	423					THR	251-267,273-289,294-303,309-545		1	1	1	251-267,273-289,294-303,309-545	3Q4Z	THR	1.887	ok	THR_single	423	THR		60.27210624813527	129.83689189788402
Q13153	OG1		CB	C	1	423					THR	250-289,291-302,308-413,419-541		1	1	1	250-289,291-302,308-413,419-541	4ZJI	THR	1.99	ok	THR_single	423	THR		57.302657383504624	-120.7968106644408
Q13153				A	1	423					THR	249-304,309-415,423-539		1	1	1	249-304,309-415,423-539	4ZJJ	THR	2.2	missing_required_atoms:OG1	THR_single	423	THR			
Q13153	OG1		CB	B	1	423					THR	255-304,306-542		1	1	1	255-304,306-542	4ZY5	THR	2.35	ok	THR_single	423	THR		58.927987070721215	-134.00444092217455
Q13153	OG1		CB	A	1	423					THR	251-300,307-336,339-542		1	1	1	251-300,307-336,339-542	4ZY6	THR	2.15	ok	THR_single	423	THR		55.8401601549454	129.10363677913307
Q13153	OG1		CB	A	1	423					THR	251-300,306-335,338-542		1	1	1	251-300,306-335,338-542	6B16	THR	2.285	ok	THR_single	423	THR		59.52732357789882	139.81776437889553
Q13164	OG1		CB	A	1	219					THR	47-393		2	2	1	47-393	4ZSG	THR	1.79	ok	THR_mixed_with_TYR	219	THR		55.777538616080655	117.32668560739295
Q13164	OG1		CB	A	1	219					THR	50-393		2	2	1	50-393	4ZSJ	THR	2.48	ok	THR_mixed_with_TYR	219	THR		55.507681776350964	116.48987616665987
Q13164	OG1		CB	A	1	219					THR	53-393		2	2	1	53-393	4ZSL	THR	2.25	ok	THR_mixed_with_TYR	219	THR		54.810430306493316	115.97935003832967
Q13164	OG1		CB	A	1	219					THR	48-395		2	2	1	48-395	5BYZ	THR	1.65	ok	THR_mixed_with_TYR	219	THR		58.357399021334935	118.7005357165623
Q13164	OG1		CB	A	1	219					THR	54-393		2	2	1	54-393	5O7I	THR	2.38	ok	THR_mixed_with_TYR	219	THR		56.06630793428764	119.37406100396385
Q13164	OG1		CB	A	1	219					THR	54-63,68-72,79-123,125-210,213-302,305-395		2	2	1	54-63,68-72,79-123,125-210,213-302,305-395	6HKM	THR	2.47	ok	THR_mixed_with_TYR	219	THR		58.06397966195739	129.35909349518724
Q13164	OG1		CB	A	1	219					THR	54-61,65-74,79-393		2	2	1	54-61,65-74,79-393	6HKN	THR	2.33	ok	THR_mixed_with_TYR	219	THR		58.906375893606956	122.5911756750026
Q13188	OG1		CB	A	2	174,180					THR	18-35,38-308		5	4	2	18-35,38-308	4LG4	THR	2.42	ok	THR_mixed_with_ALAVAL	174	THR,THR		58.40581271015831	121.29382434220982
Q13188	OG1		CB	A	2	174,180					THR	18-35,38-308		5	4	2	18-35,38-308	4LG4	THR	2.42	ok	THR_mixed_with_ALAVAL	180	THR,THR		58.40487705205642	-119.11612396363137
Q16539	OG1		CB	A	1	180					THR	4-354		2	2	1	5-171,177-354	1A9U	THR	2.5	ok	THR_mixed_with_TYR	180	THR		58.57000679287445	-129.05551847306384
Q16539	OG1		CB	A	1	180					THR	4-354		2	2	1	5-171,177-354	1BL6	THR	2.5	ok	THR_mixed_with_TYR	180	THR		58.96286605443741	-129.73805517180665
Q16539	OG1		CB	A	1	180					THR	4-354		2	2	1	5-118,121-170,177-354	1BL7	THR	2.5	ok	THR_mixed_with_TYR	180	THR		58.623491963468105	-122.71331471205538
Q16539	OG1		CB	A	1	180					THR	4-351		2	2	1	4-351	1M7Q	THR	2.4	ok	THR_mixed_with_TYR	180	THR		58.101544131242086	-116.07235480744325
Q16539	OG1		CB	A	1	180					THR	4-351		2	2	1	4-351	1OUK	THR	2.5	ok	THR_mixed_with_TYR	180	THR		57.54404437498931	-118.53725163926066
Q16539	OG1		CB	A	1	180					THR	4-353		2	2	1	4-353	1OUY	THR	2.5	ok	THR_mixed_with_TYR	180	THR		58.91303411463024	-125.99679274097552
Q16539	OG1		CB	A	1	180					THR	4-352		2	2	1	4-352	1OVE	THR	2.1	ok	THR_mixed_with_TYR	180	THR		58.57426834355798	-119.62019242624484
Q16539	OG1		CB	A	1	180					THR	5-117,122-352		2	2	1	5-117,122-352	1OZ1	THR	2.1	ok	THR_mixed_with_TYR	180	THR		61.38308796812231	-114.86091315860203
Q16539	OG1		CB	A	1	180					THR	4-171,175-351		2	2	1	4-171,175-351	1R39	THR	2.3	ok	THR_mixed_with_TYR	180	THR		58.881117294331396	110.8039353534325
Q16539	OG1		CB	A	1	180					THR	4-352		2	2	1	4-352	1R3C	THR	2.0	ok	THR_mixed_with_TYR	180	THR		58.17588346105233	-120.89764083248232
Q16539	OG1		CB	A	1	180					THR	4-355		2	2	1	4-355	1W7H	THR	2.214	ok	THR_mixed_with_TYR	180	THR		58.11912559377788	-117.02765763887435
Q16539	OG1		CB	A	1	180					THR	4-355		2	2	1	4-355	1W82	THR	2.2	ok	THR_mixed_with_TYR	180	THR		57.81623786652774	-117.89497746959982
Q16539	OG1		CB	A	1	180					THR	4-355		2	2	1	4-355	1W83	THR	2.5	ok	THR_mixed_with_TYR	180	THR		58.623284676774496	-137.03566724268845
Q16539	OG1		CB	A	1	180					THR	4-355		2	2	1	4-355	1W84	THR	2.2	ok	THR_mixed_with_TYR	180	THR		57.550043241732794	-122.83727431076309
Q16539	OG1		CB	A	1	180					THR	4-355		2	2	1	4-355	1WBN	THR	2.4	ok	THR_mixed_with_TYR	180	THR		58.97572437728482	-119.98091182213953
Q16539	OG1		CB	A	1	180					THR	4-354		2	2	1	4-354	1WBO	THR	2.16	ok	THR_mixed_with_TYR	180	THR		60.6633430001448	-115.48392004457496
Q16539	OG1		CB	A	1	180					THR	4-355		2	2	1	4-355	1WBS	THR	1.8	ok	THR_mixed_with_TYR	180	THR		57.8951724431085	-117.26525623835641
Q16539	OG1		CB	A	1	180					THR	4-355		2	2	1	4-355	1WBT	THR	2.0	ok	THR_mixed_with_TYR	180	THR		58.954172374260445	-126.01233067073687
Q16539	OG1		CB	A	1	180					THR	4-355		2	2	1	4-355	1WBV	THR	2.0	ok	THR_mixed_with_TYR	180	THR		58.08681594903935	-124.4260708503201
Q16539	OG1		CB	A	1	180					THR	4-355		2	2	1	4-355	1WBW	THR	2.41	ok	THR_mixed_with_TYR	180	THR		57.672996899584504	-115.6813638022267
Q16539	OG1		CB	A	1	180					THR	5-13,16-169,175-351		2	2	1	5-13,16-169,175-351	1WFC	THR	2.3	ok	THR_mixed_with_TYR	180	THR		60.46370093995544	140.7643631082572
Q16539	OG1		CB	A	1	180					THR	2-352		2	2	1	2-352	1YQJ	THR	2.0	ok	THR_mixed_with_TYR	180	THR		58.93224400068202	-127.5037447601553
Q16539	OG1		CB	A	1	180					THR	4-354		2	2	1	4-354	1ZZL	THR	2.0	ok	THR_mixed_with_TYR	180	THR		63.32574266914997	-120.73116526956079
Q16539	OG1		CB	A	1	180					THR	2-13,17-114,125-196,201-254,256-353		2	2	1	2-13,17-114,125-196,201-254,256-353	2BAJ	THR	2.25	ok	THR_mixed_with_TYR	180	THR		59.758465826557384	-108.66102172741446
Q16539	OG1		CB	A	1	180					THR	5-169,174-352		2	2	1	5-169,174-352	2GFS	THR	1.752	ok	THR_mixed_with_TYR	180	THR		57.522689517781686	-119.72015498885533
Q16539	OG1		CB	A	1	180					THR	4-352		2	2	1	4-352	2I0H	THR	2.0	ok	THR_mixed_with_TYR	180	THR		58.95948557529739	-123.32070304661013
Q16539	OG1		CB	A	1	180					THR	4-354		2	2	1	4-354	2YIX	THR	2.3	ok	THR_mixed_with_TYR	180	THR		54.76863405456784	-137.55475171970352
Q16539	OG1		CB	A	1	180					THR	4-31,36-352		2	2	1	4-31,36-352	2ZAZ	THR	1.8	ok	THR_mixed_with_TYR	180	THR		58.98738611349399	-122.79842453001649
Q16539	OG1		CB	A	1	180					THR	4-352		2	2	1	4-352	2ZB0	THR	2.1	ok	THR_mixed_with_TYR	180	THR		58.931663684053774	-127.91520988471413
Q16539	OG1		CB	A	1	180					THR	4-30,33-171,174-352		2	2	1	4-30,33-171,174-352	2ZB1	THR	2.5	ok	THR_mixed_with_TYR	180	THR		58.10483591450366	-119.03428294993059
Q16539	OG1		CB	A	1	180					THR	4-352		2	2	1	4-352	3D7Z	THR	2.1	ok	THR_mixed_with_TYR	180	THR		57.09530470374822	-125.07696862077331
Q16539	OG1		CB	A	1	180					THR	4-352		2	2	1	4-352	3D83	THR	1.9	ok	THR_mixed_with_TYR	180	THR		55.54064230557419	-124.39659767451735
Q16539	OG1		CB	A	1	180					THR	3-172,174-352		2	2	1	3-172,174-352	3E92	THR	2.0	ok	THR_mixed_with_TYR	180	THR		56.35220477499616	-124.0428521032064
Q16539	OG1		CB	A	1	180					THR	4-171,175-353		2	2	1	4-171,175-353	3E93	THR	2.0	ok	THR_mixed_with_TYR	180	THR		57.72809111612201	-123.53456814006616
Q16539	OG1		CB	A	1	180					THR	4-116,124-171,175-352		2	2	1	4-116,124-171,175-352	3FI4	THR	2.2	ok	THR_mixed_with_TYR	180	THR		57.837499216162705	-120.2934777439505
Q16539	OG1		CB	A	1	180					THR	4-172,178-352		2	2	1	4-172,178-352	3FKL	THR	2.0	ok	THR_mixed_with_TYR	180	THR		58.11966049537932	-131.89142682911984
Q16539	OG1		CB	A	1	180					THR	4-170,174-352		2	2	1	4-170,174-352	3FKN	THR	2.0	ok	THR_mixed_with_TYR	180	THR		57.82309696561333	-122.10588808399586
Q16539	OG1		CB	A	1	180					THR	5-117,120-171,175-352		2	2	1	5-117,120-171,175-352	3FKO	THR	2.0	ok	THR_mixed_with_TYR	180	THR		57.596416897020596	-124.41146273518366
Q16539	OG1		CB	A	1	180					THR	4-55,58-117,122-170,175-352		2	2	1	4-55,58-117,122-170,175-352	3FL4	THR	1.8	ok	THR_mixed_with_TYR	180	THR		57.95884999056746	-126.78816438812707
Q16539	OG1		CB	A	1	180					THR	4-31,36-352		2	2	1	4-31,36-352	3FLQ	THR	1.9	ok	THR_mixed_with_TYR	180	THR		58.88135864245461	-132.45158943299475
Q16539	OG1		CB	A	1	180					THR	4-32,37-171,174-352		2	2	1	4-32,37-171,174-352	3FLS	THR	2.3	ok	THR_mixed_with_TYR	180	THR		58.202161211148734	-132.63150326574595
Q16539	OG1		CB	A	1	180					THR	4-14,16-170,174-352		2	2	1	4-14,16-170,174-352	3FLW	THR	2.1	ok	THR_mixed_with_TYR	180	THR		58.37176189827826	-125.21867964448245
Q16539	OG1		CB	A	1	180					THR	4-171,174-352		2	2	1	4-171,174-352	3FLY	THR	1.8	ok	THR_mixed_with_TYR	180	THR		57.89432358645598	-123.12399234318023
Q16539	OG1		CB	A	1	180					THR	4-171,174-352		2	2	1	4-171,174-352	3FLZ	THR	2.23	ok	THR_mixed_with_TYR	180	THR		57.706866248046815	-120.23069602097073
Q16539	OG1		CB	A	1	180					THR	4-171,174-352		2	2	1	4-171,174-352	3FMH	THR	1.9	ok	THR_mixed_with_TYR	180	THR		57.42038187626165	-124.36778974921836
Q16539	OG1		CB	A	1	180					THR	4-31,35-170,173-352		2	2	1	4-31,35-170,173-352	3FMJ	THR	2.0	ok	THR_mixed_with_TYR	180	THR		57.23069463490818	-121.17246262268768
Q16539	OG1		CB	A	1	180					THR	4-171,175-352		2	2	1	4-171,175-352	3FMK	THR	1.7	ok	THR_mixed_with_TYR	180	THR		57.670246967500425	-124.20963387316809
Q16539	OG1		CB	A	1	180					THR	4-30,37-169,171-352		2	2	1	4-30,37-169,171-352	3FML	THR	2.1	ok	THR_mixed_with_TYR	180	THR		58.20773391638684	-122.35663480741522
Q16539	OG1		CB	A	1	180					THR	4-171,175-352		2	2	1	4-171,175-352	3FMM	THR	2.0	ok	THR_mixed_with_TYR	180	THR		57.16187795730257	-117.99449614865911
Q16539	OG1		CB	A	1	180					THR	4-31,36-170,175-352		2	2	1	4-31,36-170,175-352	3FMN	THR	1.9	ok	THR_mixed_with_TYR	180	THR		57.570590992425984	-121.1490017836391
Q16539	OG1		CB	A	1	180					THR	5-31,37-170,174-352		2	2	1	5-31,37-170,176-352	3FSF	THR	2.1	ok	THR_mixed_with_TYR	180	THR		58.08422972784735	-119.50765662887386
Q16539	OG1		CB	A	1	180					THR	5-169,176-352		2	2	1	5-169,176-352	3FSK	THR	2.0	ok	THR_mixed_with_TYR	180	THR		58.416862092417304	-121.19658018817314
Q16539	OG1		CB	A	1	180					THR	4-352		2	2	1	4-352	3GC7	THR	1.8	ok	THR_mixed_with_TYR	180	THR		58.29920825836028	-122.65259886601388
Q16539	OG1		CB	A	1	180					THR	1-352		2	2	1	1-352	3GFE	THR	2.1	ok	THR_mixed_with_TYR	180	THR		58.47672865350243	-126.98748467160172
Q16539	OG1		CB	A	1	180					THR	4-169,177-352		2	2	1	4-169,177-352	3HA8	THR	2.48	ok	THR_mixed_with_TYR	180	THR		58.21707875998586	-139.45952793881307
Q16539	OG1		CB	A	1	180					THR	4-30,36-352		2	2	1	4-30,36-352	3HRB	THR	2.2	ok	THR_mixed_with_TYR	180	THR		57.84217660031877	-121.00648894506598
Q16539	OG1		CB	A	1	180					THR	4-171,174-352		2	2	1	4-171,174-352	3IPH	THR	2.1	ok	THR_mixed_with_TYR	180	THR		58.890908986747995	-117.42465496447184
Q16539	OG1		CB	A	1	180					THR	1-353		2	2	1	1-353	3ITZ	THR	2.25	ok	THR_mixed_with_TYR	180	THR		57.976004750280644	-125.89621797018577
Q16539	OG1		CB	A	1	180					THR	5-352		2	2	1	5-352	3KQ7	THR	1.8	ok	THR_mixed_with_TYR	180	THR		59.96235209446072	-119.32163903785269
Q16539	OG1		CB	A	1	180					THR	4-171,174-352		2	2	1	4-171,174-352	3MPT	THR	1.89	ok	THR_mixed_with_TYR	180	THR		57.790216383883056	-124.54042147536374
Q16539	OG1		CB	A	1	180					THR	5-352		2	2	1	5-352	3NNU	THR	2.4	ok	THR_mixed_with_TYR	180	THR		58.750015886029836	-107.24070063193827
Q16539	OG1		CB	A	1	180					THR	5-352		2	2	1	5-352	3NNV	THR	2.1	ok	THR_mixed_with_TYR	180	THR		62.273888567168115	-114.1332691304234
Q16539	OG1		CB	A	1	180					THR	4-352		2	2	1	4-352	3NNW	THR	1.89	ok	THR_mixed_with_TYR	180	THR		58.36856063994186	-122.38163050126343
Q16539	OG1		CB	A	1	180					THR	4-352		2	2	1	4-352	3RIN	THR	2.2	ok	THR_mixed_with_TYR	180	THR		57.797006110968404	-113.20432850350224
Q16539	OG1		CB	A	1	180					THR	4-352		2	2	1	4-352	3S3I	THR	1.8	ok	THR_mixed_with_TYR	180	THR		59.4770177760235	-119.60084702323925
Q16539	OG1		CB	A	1	180					THR	4-352		2	2	1	4-352	3U8W	THR	2.15	ok	THR_mixed_with_TYR	180	THR		57.922889633604086	-123.2782884138803
Q16539	OG1		CB	A	1	180					THR	5-117,122-355		2	2	1	5-117,122-355	4AA4	THR	2.3	ok	THR_mixed_with_TYR	180	THR		55.84036068290632	113.17919369552116
Q16539	OG1		CB	A	1	180					THR	5-117,122-175,179-352		2	2	1	5-117,122-175,179-352	4AA5	THR	2.38	ok	THR_mixed_with_TYR	180	THR		60.402196926492	121.93357376241377
Q16539	OG1		CB	A	1	180					THR	5-116,122-359		2	2	1	5-116,122-359	4AAC	THR	2.5	ok	THR_mixed_with_TYR	180	THR		57.05738264816553	109.01715330180001
Q16539	OG1		CB	A	1	180					THR	1-352		2	2	1	1-352	5ETC	THR	2.422	ok	THR_mixed_with_TYR	180	THR		57.97297254906823	-116.17993787084025
Q16539	OG1		CB	A	1	180					THR	4-353		2	2	1	4-353	5MZ3	THR	2.15	ok	THR_mixed_with_TYR	180	THR		56.94732967191192	-123.31598079438332
Q16539	OG1		CB	A	1	180					THR	4-30,37-352		2	2	1	4-30,37-352	5XYY	THR	1.7	ok	THR_mixed_with_TYR	180	THR		59.09289912848778	-118.77910017030847
Q16539	OG1		CB	A	1	180					THR	4-353		2	2	1	4-353	8X3M	THR	1.85	ok	THR_mixed_with_TYR	180	THR		60.57218485607916	116.08378615524595
Q16539	OG1		CB	A	1	180					THR	4-353		2	2	1	4-353	8YD9	THR	1.66	ok	THR_mixed_with_TYR	180	THR		55.84763000340321	-126.45217126331981
Q29495	OG1		CB	A	1	31					THR	30-195		1	1	1	30-195	1CJW	THR	1.8	ok	THR_single	31	THR		57.24248835203635	-118.41056591054738
Q29495	OG1		CB	A	1	31					THR	30-195		1	1	1	30-195	1KUV	THR	2.0	ok	THR_single	31	THR		59.555499098619265	1.879385059369654
Q29495	OG1		CB	A	1	31					THR	30-195		1	1	1	30-195	1KUX	THR	1.8	ok	THR_single	31	THR		58.887978746579265	-3.9322640926469896
Q29495	OG1		CB	A	1	31					THR	30-195		1	1	1	30-195	1KUY	THR	2.4	ok	THR_single	31	THR		58.634673904550844	-8.017760288173859
Q29495	OG1		CB	A	1	31					THR	30-195		1	1	1	30-195	1L0C	THR	2.3	ok	THR_single	31	THR		58.28111780030662	-1.0557442658776681
Q564N5	OG1		CB	A	3	56,74,79					THR	55-594		3	3	3	55-594	6M4E	THR	2.1	ok	THR_only_multi_3	56	THR,THR,THR		58.572909733031146	-135.5555068248187
Q564N5	OG1		CB	A	3	56,74,79					THR	55-594		3	3	3	55-594	6M4E	THR	2.1	ok	THR_only_multi_3	74	THR,THR,THR		58.56939792617391	-104.88439313657048
Q564N5	OG1		CB	A	3	56,74,79					THR	55-594		3	3	3	55-594	6M4E	THR	2.1	ok	THR_only_multi_3	79	THR,THR,THR		58.7534342680752	105.33863146141795
Q564N5	OG1		CB	A	3	56,74,79					THR	55-594		3	3	3	55-594	6M4F	THR	2.2	ok	THR_only_multi_3	56	THR,THR,THR		58.302623871252045	-144.23213741562768
Q564N5	OG1		CB	A	3	56,74,79					THR	55-594		3	3	3	55-594	6M4F	THR	2.2	ok	THR_only_multi_3	74	THR,THR,THR		57.57090760484478	-115.43269541883107
Q564N5	OG1		CB	A	3	56,74,79					THR	55-594		3	3	3	55-594	6M4F	THR	2.2	ok	THR_only_multi_3	79	THR,THR,THR		57.3807935705745	115.04109127420669
Q5S007	OG1		CB	B	1	1343					THR	1335-1357,1365-1378,1388-1512		1	1	1	1335-1357,1365-1378,1388-1512	2ZEJ	THR	2.0	ok	THR_single	1343	THR		61.71458075952448	-128.8405919674114
Q5S007	OG1		CB	B	1	1343					THR	1333-1519		1	1	1	1333-1519	6OJE	THR	1.95	ok	THR_single	1343	THR		56.88559307428676	-139.7717894711686
Q5S007	OG1		CB	A	1	1343					THR	1332-1519		1	1	1	1332-1519	6OJF	THR	1.6	ok	THR_single	1343	THR		56.924547660994406	-136.00861175388627
Q5S007	OG1		CB	B	1	1343					THR	1334-1356,1365-1515		1	1	1	1334-1356,1365-1515	6XAF	THR	1.968	ok	THR_single	1343	THR		58.82658278716211	-124.20532610619905
Q79PF4	OG1		CB	B	2	426,432					THR	18-108,123-249,256-497		4	4	2	18-108,123-249,256-497	7DYJ	THR	2.4	ok	THR_mixed_with_SER	426	THR,THR		56.52204165076731	126.93003725814383
Q79PF4	OG1		CB	B	2	426,432					THR	18-108,123-249,256-497		4	4	2	18-108,123-249,256-497	7DYJ	THR	2.4	ok	THR_mixed_with_SER	432	THR,THR		55.89695593240562	-8.883710291804864
Q79V60	OG1		CB	A	1	432					THR	18-111,125-151,158-246,254-497		2	1	1	18-111,125-151,158-246,254-497	7DY1	THR	2.2	ok	THR_single	432	THR		56.54785367712427	114.09055367718528
Q818Z9	OG1		CB	A	1	85					THR	2-392		1	1	1	2-392	3TX0	THR	2.26	ok	THR_single	85	THR		56.5552670220765	-112.99061788116181
Q8DTU0	OG1		CB	A	1	92					THR	3-403		1	1	1	3-403	3M7V	THR	2.0	ok	THR_single	92	THR		57.700384701869595	5.5710725447108675
Q92630	OG1		CB	A	1	381					THR	212-536		5	3	1	212-536	6K0J	THR	2.352	ok	THR_mixed_with_SER	381	THR		59.10613865142729	125.41708727628948
Q92630	OG1		CB	A	1	381					THR	213-538		5	3	1	213-538	7DH3	THR	2.33	ok	THR_mixed_with_SER	381	THR		58.23497313850174	122.49087879482539
Q92630	OG1		CB	A	1	381					THR	215-538		5	3	1	215-538	7DH9	THR	2.194	ok	THR_mixed_with_SER	381	THR		58.0383865526017	125.91047061652745
Q92630	OG1		CB	A	1	381					THR	215-538		5	3	1	215-381,383-457,459-538	7DHH	THR	2.486	ok	THR_mixed_with_SER	381	THR		58.36801078809312	120.38579775096017
Q92630	OG1		CB	A	1	381					THR	215-538		5	3	1	215-381,383-457,459-538	7DHK	THR	2.341	ok	THR_mixed_with_SER	381	THR		59.048480055245456	121.30608252502773
Q92630	OG1		CB	A	1	381					THR	215-538		5	3	1	215-538	7DHN	THR	2.38	ok	THR_mixed_with_SER	381	THR		59.32529128059758	130.055555601435
Q92630	OG1		CB	A	1	381					THR	215-538		5	3	1	215-381,383-457,459-538	7DJO	THR	2.499	ok	THR_mixed_with_SER	381	THR		58.81523477628983	116.02324482375235
Q92918	OG1		CB	A	1	165					THR	4-24,29-293		2	2	1	4-24,29-293	6CQE	THR	1.886	ok	THR_mixed_with_ALA	165	THR		58.30938794991197	-107.08086338185178
Q92918	OG1		CB	B	1	165					THR	10-292		2	2	1	10-292	6NFY	THR	2.17	ok	THR_mixed_with_SER	165	THR		60.128995312335825	126.44147147389478
Q92918	OG1		CB	B	1	165					THR	7-294		2	2	1	7-294	7KAC	THR	1.85	ok	THR_mixed_with_SER	165	THR		56.32918211480437	-121.48761294161791
Q92918	OG1		CB	A	1	165					THR	7-294		2	2	1	7-294	7L25	THR	1.85	ok	THR_mixed_with_ALA	165	THR		59.17087394597579	-136.50520668409493
Q92918	OG1		CB	A	1	165					THR	8-25,30-156,160-294		2	2	1	8-25,30-156,160-294	7L26	THR	2.3	ok	THR_mixed_with_ALA	165	THR		57.5241399912941	128.51233056233414
Q92918	OG1		CB	A	1	165					THR	5-294		2	2	1	5-294	7SIU	THR	1.786	ok	THR_mixed_with_SER	165	THR		57.00817178497958	129.9036611699611
Q94F62	OG1		CB	A	2	312,455					THR	273-576		7	3	2	273-576	3TL8	THR	2.5	ok	THR_mixed_with_SER	312	THR,THR		58.45991374206767	-113.88281640737517
Q94F62	OG1		CB	A	2	312,455					THR	273-576		7	3	2	273-576	3TL8	THR	2.5	ok	THR_mixed_with_SER	455	THR,THR		59.45495528585592	-110.78497184297369
Q94KI8	OG1		CB	A	2	26,29					THR	20-173,183-359,381-407,428-454,464-513,527-686		3	3	2	20-173,183-359,381-407,428-454,464-513,527-686	7TBG	THR	2.5	ok	THR_mixed_with_SER	26	THR,THR		58.6046511614897	-129.11805697266627
Q94KI8	OG1		CB	A	2	26,29					THR	20-173,183-359,381-407,428-454,464-513,527-686		3	3	2	20-173,183-359,381-407,428-454,464-513,527-686	7TBG	THR	2.5	ok	THR_mixed_with_SER	29	THR,THR		57.3417923007364	-117.72923777803653
Q99640	OG1		CB	B	1	260					THR	76-260,265-361		1	1	1	76-260,265-361	23ES	THR	1.74	ok	THR_single	260	THR		57.5952486071046	116.25901024456898
Q99640	OG1		CB	B	1	260					THR	76-260,265-361		1	1	1	76-260,265-361	23FW	THR	1.59	ok	THR_single	260	THR		59.23122995733621	-144.02960633321248
Q99640	OG1		CB	A	1	260					THR	77-361		1	1	1	77-361	5VCW	THR	2.25	ok	THR_single	260	THR		60.059095006327865	-127.4688649827346
Q99640	OG1		CB	A	1	260					THR	77-362		1	1	1	77-362	5VCY	THR	1.56	ok	THR_single	260	THR		58.29479738547393	121.94679980493102
Q99640	OG1		CB	A	1	260					THR	78-361		1	1	1	78-361	5VCZ	THR	1.5	ok	THR_single	260	THR		54.24904197021551	-28.777783642898193
Q99640	OG1		CB	A	1	260					THR	77-361		1	1	1	77-361	5VD0	THR	2.13	ok	THR_single	260	THR		57.534465129826025	-98.37567540967848
Q99640	OG1		CB	A	1	260					THR	77-361		1	1	1	77-361	5VD1	THR	1.7	ok	THR_single	260	THR		58.90276886532118	107.04230833294767
Q99640	OG1		CB	A	1	260					THR	78-360		1	1	1	78-360	5VD3	THR	1.8	ok	THR_single	260	THR		57.74346371605741	-113.90734656508434
Q99640	OG1		CB	B	1	260					THR	77-91,94-260,264-360		1	1	1	77-91,94-260,264-360	8D6C	THR	2.2	ok	THR_single	260	THR		57.45662742836842	125.7159188602168
Q99640	OG1		CB	A	1	260					THR	77-90,95-361		1	1	1	77-90,95-261,265-361	8D6E	THR	2.15	ok	THR_single	260	THR		58.0024902006248	-133.7670159993249
Q99640	OG1		CB	A	1	260					THR	76-261,267-361		1	1	1	76-261,267-361	8WJY	THR	1.88	ok	THR_single	260	THR		56.08901914595203	-140.85494018028382
Q99640	OG1		CB	B	1	260					THR	77-260,265-361		1	1	1	77-260,265-361	9LGN	THR	2.03	ok	THR_single	260	THR		58.85091918118818	-124.26477507348667
Q99640	OG1		CB	B	1	260					THR	77-86,93-361		1	1	1	77-86,93-361	9LID	THR	2.06	ok	THR_single	260	THR		57.79672633552713	119.92053595258689
Q99683	OG1		CB	A	1	838					THR	670-715,719-831,837-940		2	1	1	670-715,719-831,837-940	2CLQ	THR	2.3	ok	THR_single	838	THR		57.45324259184897	112.90895099424397
Q99683				A	1	838					THR	671-713,720-829,838-939		2	1	1	671-713,720-829,838-939	3VW6	THR	2.4	missing_required_atoms:OG1	THR_single	838	THR			
Q99683	OG1		CB	A	1	838					THR	670-829,838-940		2	1	1	670-829,838-940	5UOX	THR	2.5	ok	THR_single	838	THR		57.972884174421	-11.377819230667754
Q99683	OG1		CB	B	1	838					THR	670-829,838-940		2	1	1	670-829,838-940	5V24	THR	2.5	ok	THR_single	838	THR		55.965285845723706	1.911578984926845
Q9H2G2	OG1		CB	A	1	183					THR	21-308		2	2	1	21-308	2J51	THR	2.1	ok	THR_mixed_with_SER	183	THR		57.964665702792324	-146.10653308352784
Q9H8S9	OG1		CB	A	1	35					THR	15-18,23-211		2	1	1	15-18,23-211	5TWG	THR	2.3	ok	THR_single	35	THR		59.479219789611925	126.44090210825341
Q9H8S9	OG1		CB	A	1	35					THR	15-18,22-211		2	1	1	15-18,22-211	5TWH	THR	2.5	ok	THR_single	35	THR		58.650781729517135	129.44200217692554
Q9H8S9	OG1		CB	A	1	35					THR	33-99,102-212		2	1	1	33-99,102-212	5XQZ	THR	2.1	ok	THR_single	35	THR		56.915893200864886	124.94920617823094
Q9H8S9	OG1		CB	B	1	35					THR	33-213		2	1	1	33-213	6MCP	THR	2.5	ok	THR_single	35	THR		58.58597191415816	130.4626979344567
Q9I6W2	OG1		CB	A	1	68					THR	1-101,104-123		1	1	1	1-101,104-123	6KKP	THR	2.5	ok	THR_single	68	THR		56.929218693368476	-116.12820339421869
Q9NWZ3	OG1		CB	B	1	342					THR	163-458		4	2	1	163-458	2NRU	THR	2.0	ok	THR_mixed_with_SER	342	THR		57.33756511958962	-118.52418767349448
Q9NWZ3	OG1		CB	A	1	342					THR	164-217,221-336,342-458		4	3	1	164-217,221-336,342-458	2NRY	THR	2.15	ok	THR_mixed_with_SER	342	THR		57.8132808603635	127.38687945860211
Q9NWZ3	OG1		CB	D	1	342					THR	164-194,197-215,222-336,342-458		4	2	1	164-194,197-215,222-336,342-458	5K75	THR	2.03	ok	THR_mixed_with_SER	342	THR		56.04186352646409	-130.19207741745683
Q9NWZ3	OG1		CB	A	1	342					THR	162-215,222-336,342-458		4	2	1	162-215,222-336,342-458	5UIT	THR	1.84	ok	THR_mixed_with_SER	342	THR		54.48075113944569	41.14198169117364
Q9NWZ3				B	1	342					THR	163-459		4	2	1	163-459	6LXY	THR	2.19	missing_required_atoms:OG1	THR_mixed_with_SER	342	THR			
Q9NWZ3	OG1		CB	C	1	342					THR	163-336,341-458		4	2	1	163-336,341-458	6O8U	THR	1.8	ok	THR_mixed_with_SER	342	THR		57.94676898503995	-126.4495134285253
Q9NWZ3	OG1		CB	A	1	342					THR	165-184,189-195,198-215,224-335,341-458		4	2	1	165-184,189-195,198-215,224-335,341-458	6RFI	THR	2.31	ok	THR_mixed_with_SER	342	THR		53.14456845010252	112.40087287264815
Q9NWZ3	OG1		CB	B	1	342					THR	164-215,223-336,342-458		4	2	1	164-215,223-336,342-458	6THX	THR	1.99	ok	THR_mixed_with_SER	342	THR		55.38416259605901	-143.69637330118388
Q9NWZ3	OG1		CB	B	1	342					THR	164-215,223-336,342-458		4	2	1	164-215,223-336,342-458	6THZ	THR	2.38	ok	THR_mixed_with_SER	342	THR		55.52928749387723	-142.5743239345351
Q9NWZ3	OG1		CB	B	1	342					THR	164-215,224-335,342-458		4	2	1	164-215,224-335,342-458	7QG5	THR	2.3	ok	THR_mixed_with_SER	342	THR		55.094107210504255	-0.6324825632241705
Q9NWZ3				A	1	342					THR	160-336,342-459		4	2	1	160-336,342-459	8UCC	THR	1.8	missing_required_atoms:OG1	THR_mixed_with_SER	342	THR			
Q9NWZ3	OG1		CB	A	2	342,345					THR	165-253,257-458		4	4	2	165-253,257-458	8WTF	THR	2.0	ok	THR_mixed_with_SER	342	THR,THR		56.11580030392335	108.93979780793863
Q9NWZ3	OG1		CB	A	2	342,345					THR	165-253,257-458		4	4	2	165-253,257-458	8WTF	THR	2.0	ok	THR_mixed_with_SER	345	THR,THR		56.39689800908028	-132.37645401944445
Q9NWZ3	OG1		CB	B	1	342					THR	164-216,222-337,342-458		4	2	1	164-216,222-337,342-458	9PSU	THR	2.43	ok	THR_mixed_with_SER	342	THR		58.61415495673411	-126.71304161163275
Q9NWZ3	OG1		CB	A	1	342					THR	163-216,222-335,341-458		4	2	1	163-216,222-335,341-458	9R9G	THR	1.88	ok	THR_mixed_with_SER	342	THR		55.31487743761584	-2.7898557369959676
Q9NWZ3	OG1		CB	B	1	342					THR	161-217,222-254,257-337,342-458		4	2	1	161-217,222-254,257-337,342-458	9R9J	THR	2.39	ok	THR_mixed_with_SER	342	THR		54.18106627301495	146.3656235875402
Q9NWZ3	OG1		CB	C	1	342					THR	164-216,222-335,341-460		4	2	1	164-216,222-335,341-460	9R9K	THR	1.87	ok	THR_mixed_with_SER	342	THR		53.694012207065875	-33.38669138244873
Q9NYL2	OG1		CB	A	1	161					THR	8-163,165-299		1	1	1	8-163,165-299	5X5O	THR	1.868	ok	THR_single	161	THR		57.915135236247984	115.12221292266011
Q9NYL2	OG1		CB	A	1	161					THR	8-304		1	1	1	8-304	6JUT	THR	2.1	ok	THR_single	161	THR		59.81856817268035	1.7524896582494542
Q9NYL2	OG1		CB	A	1	161					THR	8-299		1	1	1	8-299	6JUU	THR	1.903	ok	THR_single	161	THR		56.24925421859378	110.4944997772748
Q9NYL2	OG1		CB	A	1	161					THR	8-163,165-299		1	1	1	8-163,165-299	7YAW	THR	2.1	ok	THR_single	161	THR		56.62609904171962	21.286374329077763
Q9NZQ7	OG1		CB	C	1	127					THR	19-184,189-229		1	1	1	19-184,189-229	3SBW	THR	2.28	ok	THR_single	127	THR		58.927891834796185	-111.31587194200009
Q9NZQ7	OG1		CB	A	1	127					THR	19-230		1	1	1	19-230	4Z18	THR	1.952	ok	THR_single	127	THR		59.44176719889429	-117.90201050355824
Q9NZQ7	OG1		CB	A	1	127					THR	18-132		1	1	1	18-132	4ZQK	THR	2.45	ok	THR_single	127	THR		57.977333346548626	-125.47736125582273
Q9NZQ7	OG1		CB	A	1	127					THR	18-134		1	1	1	18-134	5C3T	THR	1.8	ok	THR_single	127	THR		59.67987277394674	-119.38226382258433
Q9NZQ7	OG1		CB	A	1	127					THR	18-134		1	1	1	18-134	5J89	THR	2.2	ok	THR_single	127	THR		58.108820606275565	-118.04395580840497
Q9NZQ7	OG1		CB	A	1	127					THR	18-134		1	1	1	18-134	5J8O	THR	2.3	ok	THR_single	127	THR		57.22558385816878	-120.38794401603091
Q9NZQ7	OG1		CB	A	1	127					THR	18-134		1	1	1	18-134	5N2D	THR	2.35	ok	THR_single	127	THR		57.621685804682265	-119.51191649759744
Q9NZQ7	OG1		CB	A	1	127					THR	18-134		1	1	1	18-134	5N2F	THR	1.7	ok	THR_single	127	THR		58.86060033200707	-116.02456380734588
Q9NZQ7	OG1		CB	A	1	127					THR	18-134		1	1	1	18-134	5NIU	THR	2.01	ok	THR_single	127	THR		57.14915117767304	-115.97792134564305
Q9NZQ7	OG1		CB	A	1	127					THR	17-134		1	1	1	17-134	5O45	THR	0.99	ok	THR_single	127	THR		56.235776749319875	-119.59597526195952
Q9NZQ7	OG1		CB	B	1	127					THR	18-132		1	1	1	18-132	5O4Y	THR	2.3	ok	THR_single	127	THR		59.98688290311388	-108.55902749632837
Q9NZQ7	OG1		CB	A	1	127					THR	19-184,187-214,218-228		1	1	1	19-184,187-214,218-228	5XJ4	THR	2.3	ok	THR_single	127	THR		58.74335234828095	-121.80545554008305
Q9NZQ7	OG1		CB	A	1	127					THR	19-134		1	1	1	19-134	6NM7	THR	2.426	ok	THR_single	127	THR		60.97539027370359	-115.16751108530659
Q9NZQ7	OG1		CB	A	1	127					THR	18-134		1	1	1	18-134	6NNV	THR	1.92	ok	THR_single	127	THR		59.29858801979305	-119.35653059503603
Q9NZQ7	OG1		CB	A	1	127					THR	18-134		1	1	1	18-134	6NOJ	THR	2.33	ok	THR_single	127	THR		56.924438962248374	-121.2150668609515
Q9NZQ7	OG1		CB	A	1	127					THR	18-44,47-134		1	1	1	18-44,47-134	6NP9	THR	1.27	ok	THR_single	127	THR		58.63610094554614	-120.00466328613388
Q9NZQ7	OG1		CB	A	1	127					THR	19-183,190-229		1	1	1	19-183,190-229	6PV9	THR	2.0	ok	THR_single	127	THR		58.68068669505336	-120.5614344022501
Q9NZQ7	OG1		CB	A	1	127					THR	18-134		1	1	1	18-134	6R3K	THR	2.2	ok	THR_single	127	THR		57.12251216993473	-113.75272838581958
Q9NZQ7	OG1		CB	A	1	127					THR	18-134		1	1	1	18-134	6VQN	THR	2.49	ok	THR_single	127	THR		59.803384063000486	-109.80013413157674
Q9NZQ7	OG1		CB	A	1	127					THR	18-134		1	1	1	18-134	6YCR	THR	1.54	ok	THR_single	127	THR		57.3351432093555	-113.98832612302667
Q9NZQ7	OG1		CB	A	1	127					THR	18-134		1	1	1	18-134	7BEA	THR	2.45	ok	THR_single	127	THR		59.09966420162985	-116.43020675523549
Q9NZQ7	OG1		CB	C	1	127					THR	19-134		1	1	1	19-134	7C88	THR	1.997	ok	THR_single	127	THR		58.70408906101268	-127.95663001431795
Q9NZQ7	OG1		CB	B	1	127					THR	19-134		1	1	1	19-134	7CZD	THR	1.64	ok	THR_single	127	THR		56.91251268771425	-114.09697905855369
Q9NZQ7	OG1		CB	A	1	127					THR	18-134		1	1	1	18-134	7DY7	THR	2.42	ok	THR_single	127	THR		59.192969822126855	-119.24206572699799
Q9NZQ7	OG1		CB	B	1	127					THR	18-134		1	1	1	18-134	7NLD	THR	2.3	ok	THR_single	127	THR		59.460897206079295	-108.19266182974727
Q9NZQ7	OG1		CB	A	1	127					THR	18-134		1	1	1	18-134	7OUN	THR	1.9	ok	THR_single	127	THR		57.62850478191619	-105.16765535695542
Q9NZQ7	OG1		CB	A	1	127					THR	18-134		1	1	1	18-134	7SJQ	THR	2.0	ok	THR_single	127	THR		56.950581663347585	-122.94592236987599
Q9NZQ7	OG1		CB	A	1	127					THR	18-134		1	1	1	18-134	7UXO	THR	2.25	ok	THR_single	127	THR		59.45919521878766	-104.19039242013952
Q9NZQ7	OG1		CB	A	1	127					THR	18-134		1	1	1	18-134	7YDS	THR	2.3	ok	THR_single	127	THR		59.11158636682575	-126.64756789577305
Q9NZQ7	OG1		CB	A	1	127					THR	20-134		1	1	1	20-134	8ALX	THR	1.1	ok	THR_single	127	THR		57.68945624478251	-118.12513363263832
Q9NZQ7	OG1		CB	A	1	127					THR	18-133		1	1	1	18-133	8AOK	THR	1.6	ok	THR_single	127	THR		58.261943324073144	-112.82949084389206
Q9NZQ7	OG1		CB	A	1	127					THR	19-215,218-235		1	1	1	19-215,218-235	8AOM	THR	2.202	ok	THR_single	127	THR		57.473173500946665	-121.59678349657727
Q9NZQ7	OG1		CB	A	1	127					THR	18-133		1	1	1	18-133	8K5N	THR	2.2	ok	THR_single	127	THR		58.46500442328681	-105.71494893340851
Q9NZQ7	OG1		CB	A	1	127					THR	18-134		1	1	1	18-134	9I0U	THR	1.46	ok	THR_single	127	THR		56.99563705513396	-117.54330820862626
Q9NZQ7	OG1		CB	B	1	127					THR	18-133		1	1	1	18-133	9I0W	THR	2.1	ok	THR_single	127	THR		61.25271962973945	-124.53964657527712
Q9NZQ7	OG1		CB	A	1	127					THR	18-134		1	1	1	18-134	9IJT	THR	2.05	ok	THR_single	127	THR		59.40009920791456	-119.03723251336991
Q9QZL0	OG1		CB	A	1	231					THR	13-168,185-312		3	2	1	13-168,185-312	9IWW	THR	1.93	ok	THR_mixed_with_SER	231	THR		58.25222506640158	-115.53779118311166
Q9QZL0	OG1		CB	A	1	231					THR	14-168,187-311		3	2	1	14-168,187-311	9IWX	THR	1.99	ok	THR_mixed_with_SER	231	THR		56.88844851876904	-98.69348688209946
Q9QZL0	OG1		CB	A	1	231					THR	13-169,185-312		3	2	1	13-169,185-312	9IWZ	THR	1.82	ok	THR_mixed_with_SER	231	THR		58.58068473427833	-122.45559179050518
Q9SRQ7	OG1		CB	A	1	158					THR	12-258,264-415		1	1	1	12-258,264-415	8HAV	THR	2.1	ok	THR_single	158	THR		56.917741753521966	-111.313547872985
Q9Y6E0	OG1		CB	A	1	190					THR	26-72,75-301		1	1	1	26-72,75-301	8QLQ	THR	1.64	ok	THR_single	190	THR		58.4349490414493	117.34737248971585
