acc_id	anchor_atom	angle_base_anchor_p	base_atom	chain_id	context_n_sites	context_signature	d_P_O1P	d_P_O2P	d_P_O3P	d_anchor_p	expected_resname	mapped_uniprot_range	master_phospho_sites	master_site_count	n_context_sites_input	n_target_sites	observed_uniprot_range	pdb_id	resname	resolution	status	subset_class	target_position	target_site_residues	torsion_CD1_CE1_CZ_OH	torsion_CG2_CB_OG1_CA	torsion_N_CA_CB_OG1
O14939	OH		CZ	B	1	573					TYR	315-476,497-584,595-919,925-933		1	1	1	315-476,497-584,595-919,925-933	6OHM	TYR	1.895	ok	TYR_single	573	TYR	-0.02520305463910231		
O14939	OH		CZ	A	1	573					TYR	315-406,409-476,498-588,596-825,830-919,925-933		1	1	1	315-406,409-476,498-588,596-825,830-919,925-933	6OHO	TYR	2.0	ok	TYR_single	573	TYR	0.022298345977285017		
O15151	OH		CZ	A	1	99					TYR	25-110		2	1	1	25-110	2VYR	TYR	2.0	ok	TYR_single	99	TYR	0.25136485261888014		
O15151	OH		CZ	A	1	99					TYR	23-109		2	1	1	23-109	3DAB	TYR	1.9	ok	TYR_single	99	TYR	0.3369664017902606		
O15151	OH		CZ	A	1	99					TYR	25-108		2	1	1	25-108	3EQY	TYR	1.63	ok	TYR_single	99	TYR	0.4793097775812363		
O15151	OH		CZ	A	1	99					TYR	23-111		2	1	1	23-111	3FDO	TYR	1.4	ok	TYR_single	99	TYR	-0.7225557049743294		
O15151	OH		CZ	A	1	99					TYR	26-108		2	1	1	26-108	3FE7	TYR	1.35	ok	TYR_single	99	TYR	0.7252474102787839		
O15151	OH		CZ	A	1	99					TYR	26-108		2	1	1	26-108	3FEA	TYR	1.33	ok	TYR_single	99	TYR	-0.2183553375691081		
O15151	OH		CZ	A	1	99					TYR	23-109		2	1	1	23-109	3JZO	TYR	1.8	ok	TYR_single	99	TYR	-4.283426776679693		
O15151	OH		CZ	A	1	99					TYR	23-109		2	1	1	23-109	3JZP	TYR	1.74	ok	TYR_single	99	TYR	-4.01449074965888		
O15151	OH		CZ	A	1	99					TYR	25-108		2	1	1	25-108	3JZQ	TYR	1.8	ok	TYR_single	99	TYR	-2.6969655797130043		
O15151	OH		CZ	A	1	99					TYR	26-107		2	1	1	26-107	3U15	TYR	1.8	ok	TYR_single	99	TYR	-0.11046642719894707		
O15151	OH		CZ	A	1	99					TYR	23-109		2	1	1	23-109	8HDG	TYR	1.73	ok	TYR_single	99	TYR	-1.8592478140504933		
O15264	OH		CZ	A	1	182					TYR	2-171,182-351		2	1	1	2-171,182-351	4EYM	TYR	2.353	ok	TYR_single	182	TYR	-0.08649334466112697		
O15264	OH		CZ	A	1	182					TYR	2-172,181-351		2	1	1	2-172,181-351	4YNO	TYR	1.7	ok	TYR_single	182	TYR	-0.12642393541225275		
O15264	OH		CZ	A	1	182					TYR	2-171,181-351		2	1	1	2-171,181-351	5EKO	TYR	2.0	ok	TYR_single	182	TYR	0.15414755521806894		
O15264	OH		CZ	A	1	182					TYR	1-173,180-351		2	2	1	1-173,180-351	8X23	TYR	1.5	ok	TYR_mixed_with_THR	182	TYR	-0.8995944521622555		
O60674	OH		CZ	A	2	1007,1008					TYR	841-1128		2	2	2	841-1128	4BBE	TYR	1.9	ok	TYR_only_multi_2	1007	TYR,TYR	0.010367317344744362		
O60674	OH		CZ	A	2	1007,1008					TYR	841-1128		2	2	2	841-1128	4BBE	TYR	1.9	ok	TYR_only_multi_2	1008	TYR,TYR	0.038667576572384094		
O60674	OH		CZ	A	2	1007,1008					TYR	841-1128		2	2	2	841-1128	4BBF	TYR	2.0	ok	TYR_only_multi_2	1007	TYR,TYR	0.26158426922369127		
O60674	OH		CZ	A	2	1007,1008					TYR	841-1128		2	2	2	841-1128	4BBF	TYR	2.0	ok	TYR_only_multi_2	1008	TYR,TYR	1.0656964067933903		
O60674	OH		CZ	A	2	1007,1008					TYR	841-1131		2	2	2	841-1131	5TQ5	TYR	2.3	ok	TYR_only_multi_2	1007	TYR,TYR	0.24729762733651287		
O60674	OH		CZ	A	2	1007,1008					TYR	841-1131		2	2	2	841-1131	5TQ5	TYR	2.3	ok	TYR_only_multi_2	1008	TYR,TYR	0.2605918636858649		
O60674	OH		CZ	A	2	1007,1008					TYR	841-1131		2	2	2	841-1131	5TQ8	TYR	1.59	ok	TYR_only_multi_2	1007	TYR,TYR	0.26788980357209147		
O60674	OH		CZ	A	2	1007,1008					TYR	841-1131		2	2	2	841-1131	5TQ8	TYR	1.59	ok	TYR_only_multi_2	1008	TYR,TYR	2.0031298306939607		
O60674	OH		CZ	A	1	1008					TYR	840-1012,1016-1130		2	1	1	840-1012,1016-1130	5USY	TYR	2.0	ok	TYR_single	1008	TYR	0.9987139147885915		
O60674	OH		CZ	A	2	1007,1008					TYR	843-1131		2	2	2	843-1131	6BBV	TYR	1.8	ok	TYR_only_multi_2	1007	TYR,TYR	0.25984673824911725		
O60674	OH		CZ	A	2	1007,1008					TYR	843-1131		2	2	2	843-1131	6BBV	TYR	1.8	ok	TYR_only_multi_2	1008	TYR,TYR	0.305747398529648		
O60674	OH		CZ	A	1	1008					TYR	840-857,860-1012,1016-1131		2	1	1	840-857,860-1012,1016-1131	6DRW	TYR	2.303	ok	TYR_single	1008	TYR	0.08086986689536284		
O60674	OH		CZ	B	1	1008					TYR	840-1132		2	1	1	840-1132	6VGL	TYR	1.9	ok	TYR_single	1008	TYR	0.6511994513263029		
O60674	OH		CZ	B	1	1008					TYR	840-1132		2	1	1	843-1131	6VN8	TYR	1.9	ok	TYR_single	1008	TYR	1.2878027046753213		
O60674	OH		CZ	B	1	1008					TYR	840-1132		2	1	1	843-1131	6VNB	TYR	2.19	ok	TYR_single	1008	TYR	-0.2580304183102838		
O60674	OH		CZ	B	1	1008					TYR	840-1131		2	1	1	843-1131	6VNC	TYR	2.3	ok	TYR_single	1008	TYR	-0.05429625339340729		
O60674	OH		CZ	B	1	1008					TYR	840-1131		2	1	1	843-1131	6VNE	TYR	2.32	ok	TYR_single	1008	TYR	-0.16462992296018136		
O60674	OH		CZ	B	1	1008					TYR	840-1132		2	1	1	841-1131	6VNF	TYR	2.06	ok	TYR_single	1008	TYR	0.9538473468727959		
O60674	OH		CZ	B	1	1008					TYR	841-1132		2	1	1	843-1131	6VNG	TYR	2.5	ok	TYR_single	1008	TYR	0.04772570547337698		
O60674	OH		CZ	B	1	1008					TYR	840-1132		2	1	1	843-1131	6VNH	TYR	2.4	ok	TYR_single	1008	TYR	0.059895082000720704		
O60674	OH		CZ	B	1	1008					TYR	842-1132		2	1	1	843-1131	6VNI	TYR	2.1	ok	TYR_single	1008	TYR	0.08205415009083568		
O60674	OH		CZ	B	1	1008					TYR	840-1132		2	1	1	842-1131	6VNJ	TYR	1.9	ok	TYR_single	1008	TYR	0.22394263618316018		
O60674	OH		CZ	B	1	1008					TYR	840-919,921-1132		2	1	1	840-919,921-1132	6VNK	TYR	2.0	ok	TYR_single	1008	TYR	0.23114897060063214		
O60674	OH		CZ	B	1	1008					TYR	840-1132		2	1	1	840-1132	6VNL	TYR	2.4	ok	TYR_single	1008	TYR	0.03639567725534516		
O60674	OH		CZ	B	1	1008					TYR	840-1132		2	1	1	843-1131	6VNM	TYR	2.2	ok	TYR_single	1008	TYR	-0.07869064264101612		
O60674	OH		CZ	B	1	1008					TYR	840-1132		2	1	1	840-1132	6VS3	TYR	2.0	ok	TYR_single	1008	TYR	0.055758311302880004		
O60674	OH		CZ	B	1	1008					TYR	842-1132		2	1	1	842-1132	6VSN	TYR	2.5	ok	TYR_single	1008	TYR	0.2659126643227225		
O60674	OH		CZ	A	1	1008					TYR	839-1132		2	1	1	839-1132	7LL4	TYR	1.31	ok	TYR_single	1008	TYR	0.3771735309249509		
O60674	OH		CZ	A	1	1008					TYR	840-873,876-1132		2	1	1	840-873,876-1132	7LL5	TYR	1.5	ok	TYR_single	1008	TYR	-0.22044844943554884		
O60674	OH		CZ	A	1	1008					TYR	839-873,876-1013,1016-1130		2	1	1	839-873,876-1013,1016-1130	7REE	TYR	1.38	ok	TYR_single	1008	TYR	0.24861901711337825		
O60674	OH		CZ	A	1	1008					TYR	843-918,923-1010,1013-1067,1070-1131		2	1	1	843-918,923-1010,1013-1067,1070-1131	8G6Z	TYR	2.45	ok	TYR_single	1008	TYR	-0.09040248738299171		
O95985	OH		CZ	A	1	336					TYR	1-68,72-612		1	1	1	1-68,72-612	5GVC	TYR	2.436	ok	TYR_single	336	TYR	-0.08461633096422773		
P00519	OH		CZ	A	1	393					TYR	229-273,278-387,392-502		4	1	1	229-273,278-387,392-502	2E2B	TYR	2.2	ok	TYR_single	393	TYR	0.41412971243808033		
P00519	OH		CZ	A	1	393					TYR	227-513		4	1	1	227-513	2F4J	TYR	1.91	ok	TYR_single	393	TYR	1.9785298593731449		
P00519	OH		CZ	C	1	393					TYR	232-507		4	1	1	232-507	2G1T	TYR	1.8	ok	TYR_single	393	TYR	-1.907117031573031		
P00519	OH		CZ	B	1	393					TYR	233-275,277-498		4	1	1	233-275,277-498	2HYY	TYR	2.4	ok	TYR_single	393	TYR	-1.421748816617124		
P00519	OH		CZ	A	1	393					TYR	233-497		4	1	1	233-497	2HZ0	TYR	2.1	ok	TYR_single	393	TYR	-0.28390980424351026		
P00519	OH		CZ	A	1	393					TYR	233-500		4	1	1	233-500	2HZI	TYR	1.7	ok	TYR_single	393	TYR	-0.21018752333284452		
P00519	OH		CZ	A	2	70,115					TYR	64-121		4	2	2	64-121	2O88	TYR	1.75	ok	TYR_only_multi_2	70	TYR,TYR	-1.2501583569059294		
P00519	OH		CZ	A	2	70,115					TYR	64-121		4	2	2	64-121	2O88	TYR	1.75	ok	TYR_only_multi_2	115	TYR,TYR	0.6538941040658057		
P00519	OH		CZ	A	1	393					TYR	233-274,279-500		4	1	1	233-274,279-500	3CS9	TYR	2.21	ok	TYR_single	393	TYR	2.880798735419252		
P00519	OH		CZ	A	2	70,115					TYR	64-119		4	2	2	64-119	3EG0	TYR	2.3	ok	TYR_only_multi_2	70	TYR,TYR	-0.20455220189636936		
P00519	OH		CZ	A	2	70,115					TYR	64-119		4	2	2	64-119	3EG0	TYR	2.3	ok	TYR_only_multi_2	115	TYR,TYR	0.6553561292927194		
P00519	OH		CZ	A	2	70,115					TYR	64-121		4	2	2	64-121	3EG1	TYR	1.85	ok	TYR_only_multi_2	70	TYR,TYR	-0.0837361958500398		
P00519	OH		CZ	A	2	70,115					TYR	64-121		4	2	2	64-121	3EG1	TYR	1.85	ok	TYR_only_multi_2	115	TYR,TYR	5.079723564983587		
P00519	OH		CZ	A	2	70,115					TYR	60-121		4	2	2	60-121	3EG2	TYR	1.8	ok	TYR_only_multi_2	70	TYR,TYR	0.642990574416597		
P00519	OH		CZ	A	2	70,115					TYR	60-121		4	2	2	60-121	3EG2	TYR	1.8	ok	TYR_only_multi_2	115	TYR,TYR	1.7319118167892982		
P00519	OH		CZ	A	2	70,115					TYR	60-121		4	2	2	60-121	3EG3	TYR	1.4	ok	TYR_only_multi_2	70	TYR,TYR	1.6428851230626265		
P00519	OH		CZ	A	2	70,115					TYR	60-121		4	2	2	60-121	3EG3	TYR	1.4	ok	TYR_only_multi_2	115	TYR,TYR	1.2942076136342093		
P00519	OH		CZ	A	2	70,115					TYR	63-119		4	2	2	63-119	3EGU	TYR	2.25	ok	TYR_only_multi_2	70	TYR,TYR	-0.6481677179619141		
P00519	OH		CZ	A	2	70,115					TYR	63-119		4	2	2	63-119	3EGU	TYR	2.25	ok	TYR_only_multi_2	115	TYR,TYR	0.6059212905160195		
P00519	OH		CZ	A	1	393					TYR	229-498		4	1	1	229-498	3QRI	TYR	2.1	ok	TYR_single	393	TYR	0.891995453718634		
P00519	OH		CZ	B	1	393					TYR	233-497		4	1	1	233-497	3QRJ	TYR	1.82	ok	TYR_single	393	TYR	1.4947512758594563		
P00519	OH		CZ	A	1	393					TYR	229-496		4	1	1	229-496	3QRK	TYR	2.3	ok	TYR_single	393	TYR	1.1096505075579237		
P00519	OH		CZ	A	1	393					TYR	233-502		4	1	1	233-502	3UE4	TYR	2.424	ok	TYR_single	393	TYR	0.6020999522326731		
P00519	OH		CZ	A	2	70,115					TYR	63-120		4	2	2	63-120	4J9B	TYR	1.702	ok	TYR_only_multi_2	70	TYR,TYR	0.1014355159476445		
P00519	OH		CZ	A	2	70,115					TYR	63-120		4	2	2	63-120	4J9B	TYR	1.702	ok	TYR_only_multi_2	115	TYR,TYR	1.3515913717649817		
P00519	OH		CZ	A	2	70,115					TYR	63-120		4	2	2	63-120	4J9C	TYR	1.051	ok	TYR_only_multi_2	70	TYR,TYR	0.481081637904409		
P00519	OH		CZ	A	2	70,115					TYR	63-120		4	2	2	63-120	4J9C	TYR	1.051	ok	TYR_only_multi_2	115	TYR,TYR	0.06246824245448823		
P00519	OH		CZ	E	2	70,115					TYR	62-120		4	2	2	62-120	4J9D	TYR	1.5	ok	TYR_only_multi_2	70	TYR,TYR	-0.20907378769465076		
P00519	OH		CZ	E	2	70,115					TYR	62-120		4	2	2	62-120	4J9D	TYR	1.5	ok	TYR_only_multi_2	115	TYR,TYR	-0.37825107466215724		
P00519	OH		CZ	E	2	70,115					TYR	64-120		4	2	2	64-120	4J9E	TYR	1.4	ok	TYR_only_multi_2	70	TYR,TYR	0.2643903619322003		
P00519	OH		CZ	E	2	70,115					TYR	64-120		4	2	2	64-120	4J9E	TYR	1.4	ok	TYR_only_multi_2	115	TYR,TYR	0.35193582892775027		
P00519	OH		CZ	A	2	70,115					TYR	60-120		4	2	2	60-120	4J9F	TYR	1.094	ok	TYR_only_multi_2	70	TYR,TYR	0.367456160147961		
P00519	OH		CZ	A	2	70,115					TYR	60-120		4	2	2	60-120	4J9F	TYR	1.094	ok	TYR_only_multi_2	115	TYR,TYR	-0.3920049242473838		
P00519	OH		CZ	A	2	70,115					TYR	63-120		4	2	2	63-120	4J9G	TYR	1.8	ok	TYR_only_multi_2	70	TYR,TYR	-0.08789016891773352		
P00519	OH		CZ	A	2	70,115					TYR	63-120		4	2	2	63-120	4J9G	TYR	1.8	ok	TYR_only_multi_2	115	TYR,TYR	1.2531910034266678		
P00519	OH		CZ	A	2	70,115					TYR	62-120		4	2	2	62-120	4J9H	TYR	1.7	ok	TYR_only_multi_2	70	TYR,TYR	-0.005931033135593292		
P00519	OH		CZ	A	2	70,115					TYR	62-120		4	2	2	62-120	4J9H	TYR	1.7	ok	TYR_only_multi_2	115	TYR,TYR	0.024795465796628172		
P00519	OH		CZ	E	2	70,115					TYR	64-120		4	2	2	64-120	4J9I	TYR	2.2	ok	TYR_only_multi_2	70	TYR,TYR	-0.27443717133657214		
P00519	OH		CZ	E	2	70,115					TYR	64-120		4	2	2	64-120	4J9I	TYR	2.2	ok	TYR_only_multi_2	115	TYR,TYR	-0.029945881560690682		
P00519	OH		CZ	A	2	70,115					TYR	64-120		4	2	2	64-120	4JJB	TYR	1.65	ok	TYR_only_multi_2	70	TYR,TYR	0.32625714715652154		
P00519	OH		CZ	A	2	70,115					TYR	64-120		4	2	2	64-120	4JJB	TYR	1.65	ok	TYR_only_multi_2	115	TYR,TYR	-0.9007038252223519		
P00519	OH		CZ	A	2	70,115					TYR	64-121		4	2	2	64-121	4JJC	TYR	1.6	ok	TYR_only_multi_2	70	TYR,TYR	-0.12350838186473577		
P00519	OH		CZ	A	2	70,115					TYR	64-121		4	2	2	64-121	4JJC	TYR	1.6	ok	TYR_only_multi_2	115	TYR,TYR	0.06698335320760547		
P00519	OH		CZ	A	2	70,115					TYR	60-74,79-121		4	2	2	60-74,79-121	4JJD	TYR	1.6	ok	TYR_only_multi_2	70	TYR,TYR	-0.14205599195740123		
P00519	OH		CZ	A	2	70,115					TYR	60-74,79-121		4	2	2	60-74,79-121	4JJD	TYR	1.6	ok	TYR_only_multi_2	115	TYR,TYR	-0.6152571686582535		
P00519	OH		CZ	B	1	393					TYR	233-503		4	1	1	233-503	4TWP	TYR	2.4	ok	TYR_single	393	TYR	-0.029684743644208023		
P00519	OH		CZ	A	1	393					TYR	246-508		4	1	1	246-271,292-309,313-504	4WA9	TYR	2.2	ok	TYR_single	393	TYR	0.3738734673099398		
P00519	OH		CZ	A	1	393					TYR	233-501		4	1	1	233-501	4ZOG	TYR	2.3	ok	TYR_single	393	TYR	-0.2935178125094427		
P00519	OH		CZ	A	2	70,115					TYR	62-120		4	2	2	62-120	5OAZ	TYR	1.03	ok	TYR_only_multi_2	70	TYR,TYR	-0.4895543218442397		
P00519	OH		CZ	A	2	70,115					TYR	62-120		4	2	2	62-120	5OAZ	TYR	1.03	ok	TYR_only_multi_2	115	TYR,TYR	-0.5004046735143673		
P00519	OH		CZ	B	1	393					TYR	233-275,277-500		4	1	1	233-275,277-500	7DT2	TYR	2.3	ok	TYR_single	393	TYR	-0.008779689197255547		
P00519	OH		CZ	A	2	70,115					TYR	63-120		4	2	2	63-120	7PVQ	TYR	1.55	ok	TYR_only_multi_2	70	TYR,TYR	0.1861446679878425		
P00519	OH		CZ	A	2	70,115					TYR	63-120		4	2	2	63-120	7PVQ	TYR	1.55	ok	TYR_only_multi_2	115	TYR,TYR	0.1600059016504765		
P00519	OH		CZ	A	2	70,115					TYR	63-120		4	2	2	63-120	7PVR	TYR	1.65	ok	TYR_only_multi_2	70	TYR,TYR	-0.12886612156855332		
P00519	OH		CZ	A	2	70,115					TYR	63-120		4	2	2	63-120	7PVR	TYR	1.65	ok	TYR_only_multi_2	115	TYR,TYR	0.1757136122039891		
P00519	OH		CZ	A	2	70,115					TYR	63-120		4	2	2	63-120	7PVS	TYR	1.05	ok	TYR_only_multi_2	70	TYR,TYR	0.0795055957143467		
P00519	OH		CZ	A	2	70,115					TYR	63-120		4	2	2	63-120	7PVS	TYR	1.05	ok	TYR_only_multi_2	115	TYR,TYR	-0.09939444241187508		
P00519	OH		CZ	A	2	70,115					TYR	64-120		4	2	2	64-120	7PVV	TYR	1.82	ok	TYR_only_multi_2	70	TYR,TYR	0.005246662012903352		
P00519	OH		CZ	A	2	70,115					TYR	64-120		4	2	2	64-120	7PVV	TYR	1.82	ok	TYR_only_multi_2	115	TYR,TYR	-0.7098734388310376		
P00519	OH		CZ	A	2	70,115					TYR	63-119		4	2	2	63-119	7PW2	TYR	1.1	ok	TYR_only_multi_2	70	TYR,TYR	-0.29243271056073067		
P00519	OH		CZ	A	2	70,115					TYR	63-119		4	2	2	63-119	7PW2	TYR	1.1	ok	TYR_only_multi_2	115	TYR,TYR	1.9795938526224495		
P00520	OH		CZ	A	1	393					TYR	229-499		1	1	1	229-499	1FPU	TYR	2.4	ok	TYR_single	393	TYR	0.11285089486204114		
P00520	OH		CZ	A	1	393					TYR	229-498		1	1	1	229-498	1IEP	TYR	2.1	ok	TYR_single	393	TYR	-0.3523330767811001		
P00520	OH		CZ	B	1	393					TYR	229-274,278-511		1	1	1	229-274,278-511	2QOH	TYR	1.95	ok	TYR_single	393	TYR	-0.06808374702597955		
P00520	OH		CZ	A	1	393					TYR	229-275,279-511		1	1	1	229-275,279-511	2Z60	TYR	1.95	ok	TYR_single	393	TYR	1.8793144307178176		
P00520	OH		CZ	B	1	393					TYR	229-513		1	1	1	229-513	3IK3	TYR	1.9	ok	TYR_single	393	TYR	-0.6374329109062689		
P00520	OH		CZ	A	1	393					TYR	229-274,280-514		1	1	1	229-274,280-514	3KF4	TYR	1.9	ok	TYR_single	393	TYR	-0.42576231080336646		
P00520	OH		CZ	A	1	393					TYR	229-511		1	1	1	229-511	3KFA	TYR	1.22	ok	TYR_single	393	TYR	2.9993024035262708		
P00520	OH		CZ	B	1	393					TYR	229-273,277-498		1	1	1	229-273,277-498	3MS9	TYR	1.8	ok	TYR_single	393	TYR	-2.7675262024549077		
P00520	OH		CZ	A	1	393					TYR	232-273,280-388,390-498		1	1	1	232-273,280-388,390-498	3MSS	TYR	1.95	ok	TYR_single	393	TYR	0.32943131991748037		
P00520	OH		CZ	A	1	393					TYR	229-273,280-385,393-394,398-511		1	1	1	229-273,280-385,393-394,398-511	3OXZ	TYR	2.2	ok	TYR_single	393	TYR	0.3779657396189573		
P00520	OH		CZ	A	1	393					TYR	229-511		1	1	1	229-511	3OY3	TYR	1.95	ok	TYR_single	393	TYR	-0.2686655058139976		
P00523	OH		CZ	A	1	527					TYR	255-274,276-299,307-330,333-406,425-533		2	1	1	255-274,276-299,307-330,333-406,425-533	2HWO	TYR	2.5	ok	TYR_single	527	TYR	-0.7670071035952392		
P00523	OH		CZ	A	1	527					TYR	256-268,271-277,279-296,307-309,311-331,333-405,424-533		2	1	1	256-268,271-277,279-296,307-309,311-331,333-405,424-533	2HWP	TYR	2.48	ok	TYR_single	527	TYR	-0.5030213820340331		
P00523	OH		CZ	A	1	527					TYR	256-407,421-533		2	1	1	256-407,421-533	2OIQ	TYR	2.07	ok	TYR_single	527	TYR	0.3459488247702253		
P00523	OH		CZ	A	1	527					TYR	257-297,305-330,332-410,425-533		2	1	1	257-297,305-330,332-410,425-533	2QI8	TYR	2.32	ok	TYR_single	527	TYR	1.1388935197339958		
P00523	OH		CZ	B	1	527					TYR	257-297,312-409,425-533		2	1	1	257-297,312-409,425-533	2QLQ	TYR	2.33	ok	TYR_single	527	TYR	0.7191933284216301		
P00523	OH		CZ	A	1	527					TYR	257-276,278-297,309-410,425-533		2	1	1	257-276,278-297,309-410,425-533	2QQ7	TYR	2.38	ok	TYR_single	527	TYR	-0.25941489261232104		
P00523	OH		CZ	A	1	527					TYR	255-533		2	1	1	255-533	3DQW	TYR	2.017	ok	TYR_single	527	TYR	0.24074784949741515		
P00523	OH		CZ	B	1	527					TYR	259-412,420-533		2	1	1	259-412,420-533	3DQX	TYR	2.3	ok	TYR_single	527	TYR	0.7798069416074284		
P00523	OH		CZ	A	1	527					TYR	258-410,424-533		2	1	1	258-410,424-533	3EL8	TYR	2.3	ok	TYR_single	527	TYR	-0.2558296930537742		
P00523	OH		CZ	B	1	527					TYR	257-275,278-297,311-330,334-405,426-533		2	1	1	257-275,278-297,311-330,334-405,426-533	3EN6	TYR	2.39	ok	TYR_single	527	TYR	1.2539993349483851		
P00523	OH		CZ	A	1	527					TYR	257-407,424-533		2	1	1	257-407,424-533	3F3T	TYR	2.5	ok	TYR_single	527	TYR	-0.8391957833275104		
P00523	OH		CZ	A	1	527					TYR	257-407,424-533		2	1	1	257-407,424-533	3F3U	TYR	2.5	ok	TYR_single	527	TYR	-0.011632590165859304		
P00523	OH		CZ	B	1	527					TYR	255-277,279-411,423-533		2	1	1	255-277,279-411,423-533	3F6X	TYR	2.35	ok	TYR_single	527	TYR	-0.004347022560666935		
P00523	OH		CZ	B	1	527					TYR	258-276,280-298,302-410,424-533		2	1	1	258-276,280-298,302-410,424-533	3G5D	TYR	2.2	ok	TYR_single	527	TYR	0.47816088658101197		
P00523	OH		CZ	A	1	527					TYR	256-406,421-533		2	1	1	256-406,421-533	3G6G	TYR	2.31	ok	TYR_single	527	TYR	0.32599184886422355		
P00523	OH		CZ	A	1	527					TYR	258-412,423-533		2	1	1	258-412,423-533	3G6H	TYR	2.35	ok	TYR_single	527	TYR	-0.9974575190226166		
P00523	OH		CZ	B	1	527					TYR	251-411,425-533		2	1	1	251-411,425-533	3GEQ	TYR	2.2	ok	TYR_single	527	TYR	1.0561146069341136		
P00523	OH		CZ	A	1	527					TYR	257-274,278-297,310-410,425-533		2	1	1	257-274,278-297,310-410,425-533	3LOK	TYR	2.48	ok	TYR_single	527	TYR	-0.5764137267512937		
P00523	OH		CZ	A	1	527					TYR	257-407,424-533		2	1	1	257-407,424-533	3OEZ	TYR	2.4	ok	TYR_single	527	TYR	0.15463425130766945		
P00523	OH		CZ	A	1	527					TYR	257-276,278-409,425-533		2	1	1	257-276,278-409,425-533	3SVV	TYR	2.204	ok	TYR_single	527	TYR	0.09181797736027629		
P00523	OH		CZ	A	2	416,527					TYR	259-533		2	2	2	259-533	3U4W	TYR	1.9	ok	TYR_only_multi_2	416	TYR,TYR	-0.16552067177445898		
P00523	OH		CZ	A	2	416,527					TYR	259-533		2	2	2	259-533	3U4W	TYR	1.9	ok	TYR_only_multi_2	527	TYR,TYR	0.47923048839343435		
P00523	OH		CZ	A	1	527					TYR	261-406,424-533		2	1	1	261-406,424-533	3U51	TYR	2.241	ok	TYR_single	527	TYR	0.07409631248000664		
P00523	OH		CZ	A	1	527					TYR	258-408,425-533		2	1	1	258-408,425-533	3UQF	TYR	2.27	ok	TYR_single	527	TYR	-0.20985786742296164		
P00523	OH		CZ	A	1	527					TYR	258-411,425-533		2	1	1	258-411,425-533	3UQG	TYR	2.2	ok	TYR_single	527	TYR	-1.1833275467297018		
P00523	OH		CZ	A	1	527					TYR	255-275,279-299,308-406,424-533		2	1	1	255-275,279-299,308-406,424-533	4FIC	TYR	2.5	ok	TYR_single	527	TYR	0.16243888352249578		
P00523	OH		CZ	B	1	527					TYR	264-274,279-332,335-405,425-533		2	1	1	264-274,279-332,335-405,425-533	4LGG	TYR	2.41	ok	TYR_single	527	TYR	-0.031990651721685984		
P00523	OH		CZ	A	1	527					TYR	257-299,302-413,424-533		2	1	1	257-299,302-413,424-533	4O2P	TYR	2.1	ok	TYR_single	527	TYR	0.06539472776915965		
P00523	OH		CZ	A	1	527					TYR	259-412,421-533		2	1	1	259-412,421-533	4U5J	TYR	2.26	ok	TYR_single	527	TYR	0.6145387702571814		
P00523	OH		CZ	A	1	527					TYR	256-410,423-533		2	1	1	256-410,423-533	4YBK	TYR	2.5	ok	TYR_single	527	TYR	0.3344487962780327		
P00523	OH		CZ	A	2	416,527					TYR	259-533		2	2	2	259-533	5BMM	TYR	2.5	ok	TYR_only_multi_2	416	TYR,TYR	0.0352084763795809		
P00523	OH		CZ	A	2	416,527					TYR	259-533		2	2	2	259-533	5BMM	TYR	2.5	ok	TYR_only_multi_2	527	TYR,TYR	0.03369949265164762		
P00523	OH		CZ	B	1	527					TYR	257-297,307-410,424-533		2	1	1	257-297,307-410,424-533	5D11	TYR	2.3	ok	TYR_single	527	TYR	-0.044781635113329665		
P00523	OH		CZ	A	1	527					TYR	258-406,425-533		2	1	1	258-406,425-533	5J5S	TYR	2.153	ok	TYR_single	527	TYR	0.37515250647596116		
P00523	OH		CZ	B	1	527					TYR	259-410,424-533		2	1	1	259-410,424-533	5K9I	TYR	2.5	ok	TYR_single	527	TYR	0.49996175741187604		
P00523	OH		CZ	B	1	527					TYR	255-406,425-533		2	1	1	255-406,425-533	5SWH	TYR	2.5	ok	TYR_single	527	TYR	-0.33462556425011963		
P00523	OH		CZ	A	1	527					TYR	257-411,425-533		2	1	1	257-411,425-533	5T0P	TYR	2.5	ok	TYR_single	527	TYR	-0.16633654251594615		
P00523	OH		CZ	A	1	527					TYR	259-412,421-533		2	1	1	259-412,421-533	5XP5	TYR	2.101	ok	TYR_single	527	TYR	-0.05473134932323627		
P00523	OH		CZ	B	1	527					TYR	256-412,424-533		2	1	1	256-412,424-533	5XP7	TYR	2.012	ok	TYR_single	527	TYR	-0.7842837518937223		
P00523	OH		CZ	A	1	527					TYR	256-412,424-533		2	1	1	256-412,424-533	6HVE	TYR	1.9	ok	TYR_single	527	TYR	-0.05037098202837005		
P00523	OH		CZ	A	1	527					TYR	257-276,279-296,307-405,425-533		2	1	1	257-276,279-296,307-405,425-533	6HVF	TYR	2.1	ok	TYR_single	527	TYR	-0.05829491217077992		
P00523	OH		CZ	B	1	527					TYR	259-411,425-533		2	1	1	259-411,425-533	6WIW	TYR	2.3	ok	TYR_single	527	TYR	1.1301657266558929		
P00523	OH		CZ	A	1	527					TYR	257-412,425-533		2	1	1	257-412,425-533	7AH3	TYR	1.95	ok	TYR_single	527	TYR	0.0976791405196074		
P00523	OH		CZ	A	1	527					TYR	258-409,425-533		2	1	1	258-409,425-533	7D57	TYR	2.104	ok	TYR_single	527	TYR	0.1551327572248858		
P00523	OH		CZ	B	1	527					TYR	254-408,424-533		2	1	1	254-408,424-533	7WF5	TYR	1.798	ok	TYR_single	527	TYR	-0.8501011098545508		
P01112	OH		CZ	A	1	64					TYR	1-166		1	1	1	1-166	121P	TYR	1.54	ok	TYR_single	64	TYR	2.871165471603459		
P01112	OH		CZ	A	1	64					TYR	1-166		1	1	1	1-166	1AGP	TYR	2.3	ok	TYR_single	64	TYR	-2.628532003084688		
P01112				A	1	64					TYR	1-31,38-166		1	1	1	1-31,38-166	1CLU	TYR	1.7	missing_required_atoms:OH,CZ	TYR_single	64	TYR			
P01112	OH		CZ	A	1	64					TYR	1-166		1	1	1	1-166	1CTQ	TYR	1.26	ok	TYR_single	64	TYR	0.14557278367503018		
P01112	OH		CZ	A	1	64					TYR	1-166		1	1	1	1-166	1GNQ	TYR	2.5	ok	TYR_single	64	TYR	-3.979478425710965		
P01112	OH		CZ	A	1	64					TYR	1-166		1	1	1	1-166	1GNR	TYR	1.85	ok	TYR_single	64	TYR	1.16105661636953		
P01112	OH		CZ	A	1	64					TYR	1-166		1	1	1	1-166	1JAH	TYR	1.8	ok	TYR_single	64	TYR	3.464579850941991		
P01112	OH		CZ	A	1	64					TYR	1-166		1	1	1	1-166	1JAI	TYR	1.8	ok	TYR_single	64	TYR	-0.20504315871758425		
P01112	OH		CZ	A	1	64					TYR	1-166		1	1	1	1-166	1LF0	TYR	1.7	ok	TYR_single	64	TYR	-0.10258613518248509		
P01112	OH		CZ	A	1	64					TYR	1-166		1	1	1	1-166	1P2S	TYR	2.45	ok	TYR_single	64	TYR	0.6352656853525693		
P01112	OH		CZ	A	1	64					TYR	1-166		1	1	1	1-166	1P2V	TYR	2.3	ok	TYR_single	64	TYR	0.11800281261828435		
P01112	OH		CZ	A	1	64					TYR	1-171		1	1	1	1-171	1Q21	TYR	2.2	ok	TYR_single	64	TYR	-0.7813232141369945		
P01112	OH		CZ	A	1	64					TYR	1-166		1	1	1	1-166	1QRA	TYR	1.6	ok	TYR_single	64	TYR	0.0058871955658879385		
P01112				A	1	64					TYR	1-31,38-166		1	1	1	1-31,38-166	1RVD	TYR	1.9	missing_required_atoms:OH,CZ	TYR_single	64	TYR			
P01112	OH		CZ	A	1	64					TYR	1-167		1	1	1	1-167	1XCM	TYR	1.84	ok	TYR_single	64	TYR	-0.2408290191778641		
P01112	OH		CZ	A	1	64					TYR	1-166		1	1	1	1-166	1XJ0	TYR	1.7	ok	TYR_single	64	TYR	-0.3972977765510211		
P01112	OH		CZ	A	1	64					TYR	1-166		1	1	1	1-166	1ZW6	TYR	1.5	ok	TYR_single	64	TYR	-0.02106268132669767		
P01112	OH		CZ	A	1	64					TYR	1-166		1	1	1	1-166	221P	TYR	2.3	ok	TYR_single	64	TYR	-1.7890164478573878		
P01112	OH		CZ	A	1	64					TYR	1-166		1	1	1	1-166	2C5L	TYR	1.9	ok	TYR_single	64	TYR	0.2654479319623393		
P01112	OH		CZ	A	1	64					TYR	1-171		1	1	1	1-171	2Q21	TYR	2.2	ok	TYR_single	64	TYR	-0.5415846122880738		
P01112	OH		CZ	A	1	64					TYR	1-166		1	1	1	1-166	2QUZ	TYR	1.49	ok	TYR_single	64	TYR	0.01734060310277381		
P01112	OH		CZ	A	1	64					TYR	1-166		1	1	1	1-166	2RGA	TYR	1.9	ok	TYR_single	64	TYR	-0.2989312248266939		
P01112	OH		CZ	A	1	64					TYR	1-166		1	1	1	1-166	2RGB	TYR	1.35	ok	TYR_single	64	TYR	-0.10142293852839225		
P01112	OH		CZ	A	1	64					TYR	1-166		1	1	1	1-166	2RGC	TYR	1.6	ok	TYR_single	64	TYR	1.1913953446132017		
P01112	OH		CZ	A	1	64					TYR	1-166		1	1	1	1-166	2RGD	TYR	2.0	ok	TYR_single	64	TYR	0.4630959552010326		
P01112	OH		CZ	A	1	64					TYR	1-166		1	1	1	1-166	3DDC	TYR	1.8	ok	TYR_single	64	TYR	-0.938217930322686		
P01112	OH		CZ	A	1	64					TYR	1-166		1	1	1	1-166	3K8Y	TYR	1.3	ok	TYR_single	64	TYR	0.1302430453422976		
P01112	OH		CZ	A	1	64					TYR	1-64,72-166		1	1	1	1-64,72-166	3K9L	TYR	1.8	ok	TYR_single	64	TYR	-0.08840926711912922		
P01112	OH		CZ	A	1	64					TYR	1-61,64-166		1	1	1	1-61,64-166	3K9N	TYR	2.0	ok	TYR_single	64	TYR	0.0008371316560551176		
P01112	OH		CZ	A	1	64					TYR	1-166		1	1	1	1-166	3KKN	TYR	2.09	ok	TYR_single	64	TYR	-0.2182553229853595		
P01112	OH		CZ	A	1	64					TYR	1-165		1	1	1	1-165	3KUD	TYR	2.15	ok	TYR_single	64	TYR	-0.27583194738296635		
P01112	OH		CZ	A	1	64					TYR	1-166		1	1	1	1-166	3L8Y	TYR	2.02	ok	TYR_single	64	TYR	0.07985014393482147		
P01112	OH		CZ	A	1	64					TYR	1-166		1	1	1	1-166	3L8Z	TYR	1.44	ok	TYR_single	64	TYR	-0.041847290551090995		
P01112	OH		CZ	A	1	64					TYR	1-166		1	1	1	1-166	3LBH	TYR	1.85	ok	TYR_single	64	TYR	0.2918803049019549		
P01112	OH		CZ	A	1	64					TYR	1-166		1	1	1	1-166	3LBI	TYR	2.087	ok	TYR_single	64	TYR	0.37364347501252604		
P01112	OH		CZ	A	1	64					TYR	1-166		1	1	1	1-166	3LBN	TYR	1.862	ok	TYR_single	64	TYR	0.03351651800402581		
P01112	OH		CZ	A	1	64					TYR	1-166		1	1	1	1-166	3OIU	TYR	1.32	ok	TYR_single	64	TYR	-0.04784196004693193		
P01112	OH		CZ	A	1	64					TYR	1-166		1	1	1	1-166	3OIW	TYR	1.3	ok	TYR_single	64	TYR	0.13550334704831127		
P01112	OH		CZ	A	1	64					TYR	1-166		1	1	1	1-166	3RRY	TYR	1.6	ok	TYR_single	64	TYR	-0.12760218832992937		
P01112	OH		CZ	A	1	64					TYR	1-166		1	1	1	1-166	3RRZ	TYR	1.6	ok	TYR_single	64	TYR	0.09894105113204164		
P01112	OH		CZ	A	1	64					TYR	1-166		1	1	1	1-166	3RS0	TYR	1.4	ok	TYR_single	64	TYR	-0.05919564189328016		
P01112	OH		CZ	A	1	64					TYR	1-166		1	1	1	1-166	3RS2	TYR	1.836	ok	TYR_single	64	TYR	-0.28533204509233545		
P01112	OH		CZ	A	1	64					TYR	1-166		1	1	1	1-166	3RS3	TYR	1.52	ok	TYR_single	64	TYR	-0.20295895323132074		
P01112	OH		CZ	A	1	64					TYR	1-64,67-166		1	1	1	1-64,67-166	3RS4	TYR	1.7	ok	TYR_single	64	TYR	-0.266977393321111		
P01112	OH		CZ	A	1	64					TYR	1-166		1	1	1	1-166	3RS5	TYR	1.68	ok	TYR_single	64	TYR	0.07396768426231104		
P01112	OH		CZ	A	1	64					TYR	1-64,68-166		1	1	1	1-64,68-166	3RS7	TYR	1.7	ok	TYR_single	64	TYR	-0.22279582285769242		
P01112	OH		CZ	A	1	64					TYR	1-166		1	1	1	1-166	3RSO	TYR	1.6	ok	TYR_single	64	TYR	-0.07633230522233656		
P01112	OH		CZ	A	1	64					TYR	1-166		1	1	1	1-166	3TGP	TYR	1.3075	ok	TYR_single	64	TYR	-0.18948862909488814		
P01112	OH		CZ	A	1	64					TYR	1-166		1	1	1	1-166	421P	TYR	2.2	ok	TYR_single	64	TYR	-0.16827686456594584		
P01112	OH		CZ	A	1	64					TYR	1-166		1	1	1	1-166	4DLR	TYR	1.319	ok	TYR_single	64	TYR	0.04116960155630398		
P01112	OH		CZ	A	1	64					TYR	1-166		1	1	1	1-166	4DLS	TYR	1.819	ok	TYR_single	64	TYR	0.4431528981901845		
P01112	OH		CZ	A	1	64					TYR	1-166		1	1	1	1-166	4DLT	TYR	1.699	ok	TYR_single	64	TYR	0.14983153648398764		
P01112	OH		CZ	A	1	64					TYR	1-166		1	1	1	1-166	4DLU	TYR	1.6	ok	TYR_single	64	TYR	0.2303610182842241		
P01112	OH		CZ	A	1	64					TYR	1-166		1	1	1	1-166	4DLV	TYR	1.572	ok	TYR_single	64	TYR	-0.029204187322328073		
P01112	OH		CZ	A	1	64					TYR	1-166		1	1	1	1-166	4DLW	TYR	1.72	ok	TYR_single	64	TYR	0.10126357596090772		
P01112	OH		CZ	A	1	64					TYR	1-166		1	1	1	1-166	4DLX	TYR	1.731	ok	TYR_single	64	TYR	0.14012312741840507		
P01112	OH		CZ	A	1	64					TYR	1-166		1	1	1	1-166	4DLY	TYR	1.57	ok	TYR_single	64	TYR	0.1882132776109534		
P01112	OH		CZ	A	1	64					TYR	1-166		1	1	1	1-166	4DLZ	TYR	1.662	ok	TYR_single	64	TYR	-0.10514754872067511		
P01112	OH		CZ	A	1	64					TYR	1-166		1	1	1	1-166	4EFL	TYR	1.9	ok	TYR_single	64	TYR	-0.21163206721455102		
P01112	OH		CZ	A	1	64					TYR	1-166		1	1	1	1-166	4EFM	TYR	1.9	ok	TYR_single	64	TYR	-0.1813489966859597		
P01112	OH		CZ	A	1	64					TYR	1-166		1	1	1	1-166	4EFN	TYR	2.3	ok	TYR_single	64	TYR	0.06743113415164242		
P01112	OH		CZ	B	1	64					TYR	1-166		1	1	1	1-166	4K81	TYR	2.4	ok	TYR_single	64	TYR	0.17780984717560883		
P01112	OH		CZ	A	1	64					TYR	1-166		1	1	1	1-166	4L9W	TYR	1.952	ok	TYR_single	64	TYR	0.147353451467221		
P01112	OH		CZ	A	1	64					TYR	1-169		1	1	1	1-169	4Q21	TYR	2.0	ok	TYR_single	64	TYR	-2.1834163231252526		
P01112				A	1	64					TYR	1-61,64-166		1	1	1	1-61,64-166	4XVQ	TYR	1.887	missing_required_atoms:OH,CZ	TYR_single	64	TYR			
P01112	OH		CZ	A	1	64					TYR	1-166		1	1	1	1-166	5B2Z	TYR	1.56	ok	TYR_single	64	TYR	-2.1715290714357605		
P01112	OH		CZ	A	1	64					TYR	1-166		1	1	1	1-166	5B30	TYR	1.6	ok	TYR_single	64	TYR	0.40002374433248433		
P01112	OH		CZ	A	1	64					TYR	1-166		1	1	1	1-166	5P21	TYR	1.35	ok	TYR_single	64	TYR	-0.8168803024825886		
P01112	OH		CZ	B	1	64					TYR	1-60,63-166		1	1	1	1-60,63-166	5VBZ	TYR	2.2	ok	TYR_single	64	TYR	0.06972027757424415		
P01112	OH		CZ	A	1	64					TYR	1-166		1	1	1	1-166	5WDO	TYR	1.65	ok	TYR_single	64	TYR	0.34947513361257815		
P01112	OH		CZ	A	1	64					TYR	1-166		1	1	1	1-166	5WDP	TYR	1.35	ok	TYR_single	64	TYR	0.40013466081537286		
P01112	OH		CZ	A	1	64					TYR	1-166		1	1	1	1-166	5WDQ	TYR	1.25	ok	TYR_single	64	TYR	0.09947433553346709		
P01112	OH		CZ	A	1	64					TYR	2-166		1	1	1	2-166	5WPL	TYR	2.15	ok	TYR_single	64	TYR	-0.2173563427435343		
P01112	OH		CZ	A	1	64					TYR	1-166		1	1	1	1-166	621P	TYR	2.4	ok	TYR_single	64	TYR	0.9206300746379674		
P01112	OH		CZ	A	1	64					TYR	1-168		1	1	1	1-168	6AMB	TYR	2.5	ok	TYR_single	64	TYR	0.03247901731819636		
P01112	OH		CZ	C	1	64					TYR	1-166		1	1	1	1-166	6BVI	TYR	1.746	ok	TYR_single	64	TYR	0.7684030047041148		
P01112				A	1	64					TYR	1-166		1	1	1	1-166	6BVJ	TYR	1.747	missing_required_atoms:OH,CZ	TYR_single	64	TYR			
P01112	OH		CZ	C	1	64					TYR	1-166		1	1	1	1-166	6BVK	TYR	1.799	ok	TYR_single	64	TYR	0.6543507671767924		
P01112	OH		CZ	C	1	64					TYR	1-166		1	1	1	1-166	6BVL	TYR	1.748	ok	TYR_single	64	TYR	0.5988003706547186		
P01112	OH		CZ	C	1	64					TYR	1-166		1	1	1	1-166	6BVM	TYR	1.796	ok	TYR_single	64	TYR	0.47808625864505505		
P01112	OH		CZ	C	1	64					TYR	1-166		1	1	1	1-166	6CUO	TYR	1.73	ok	TYR_single	64	TYR	0.7813855465636684		
P01112	OH		CZ	C	1	64					TYR	1-166		1	1	1	1-166	6CUP	TYR	1.833	ok	TYR_single	64	TYR	0.6363822820466282		
P01112	OH		CZ	C	1	64					TYR	1-166		1	1	1	1-166	6CUR	TYR	1.73	ok	TYR_single	64	TYR	0.5988369303753004		
P01112	OH		CZ	C	1	64					TYR	1-166		1	1	1	1-166	6D55	TYR	1.68	ok	TYR_single	64	TYR	1.3238629795537717		
P01112	OH		CZ	C	1	64					TYR	1-166		1	1	1	1-166	6D56	TYR	1.68	ok	TYR_single	64	TYR	0.6546564227768641		
P01112	OH		CZ	C	1	64					TYR	1-166		1	1	1	1-166	6D59	TYR	1.7	ok	TYR_single	64	TYR	0.7375942030251705		
P01112	OH		CZ	C	1	64					TYR	1-166		1	1	1	1-166	6D5E	TYR	1.75	ok	TYR_single	64	TYR	0.5245721374171437		
P01112	OH		CZ	C	1	64					TYR	1-166		1	1	1	1-166	6D5G	TYR	1.92	ok	TYR_single	64	TYR	0.22394597276046252		
P01112	OH		CZ	C	1	64					TYR	1-166		1	1	1	1-166	6D5H	TYR	1.8	ok	TYR_single	64	TYR	0.6282212708376286		
P01112	OH		CZ	C	1	64					TYR	1-166		1	1	1	1-166	6D5J	TYR	1.751	ok	TYR_single	64	TYR	0.8663494075656805		
P01112	OH		CZ	C	1	64					TYR	1-166		1	1	1	1-166	6D5L	TYR	1.7	ok	TYR_single	64	TYR	0.8896574555255474		
P01112	OH		CZ	A	1	64					TYR	1-35,37-166		1	1	1	1-35,37-166	6DZH	TYR	1.95	ok	TYR_single	64	TYR	-0.47992607132955545		
P01112	OH		CZ	A	1	64					TYR	1-60,63-166		1	1	1	1-60,63-166	6E6C	TYR	1.9	ok	TYR_single	64	TYR	0.12265138883323602		
P01112	OH		CZ	C	1	64					TYR	1-166		1	1	1	1-166	6E6P	TYR	1.93	ok	TYR_single	64	TYR	0.02810661052927606		
P01112	OH		CZ	A	1	64					TYR	1-166		1	1	1	1-166	6MQT	TYR	1.498	ok	TYR_single	64	TYR	0.13569640727579171		
P01112	OH		CZ	A	1	64					TYR	1-171		1	1	1	1-171	6Q21	TYR	1.95	ok	TYR_single	64	TYR	1.410801768050413		
P01112	OH		CZ	C	1	64					TYR	1-166		1	1	1	1-166	6V94	TYR	1.8	ok	TYR_single	64	TYR	0.3939388372354959		
P01112	OH		CZ	C	1	64					TYR	1-166		1	1	1	1-166	6V9F	TYR	1.849	ok	TYR_single	64	TYR	0.5313468549460305		
P01112	OH		CZ	C	1	64					TYR	1-166		1	1	1	1-166	6V9J	TYR	1.76	ok	TYR_single	64	TYR	0.5377343152835266		
P01112	OH		CZ	C	1	64					TYR	1-166		1	1	1	1-166	6V9L	TYR	1.698	ok	TYR_single	64	TYR	0.7736941973562086		
P01112	OH		CZ	C	1	64					TYR	1-166		1	1	1	1-166	6V9M	TYR	1.648	ok	TYR_single	64	TYR	0.4168438544592527		
P01112	OH		CZ	C	1	64					TYR	1-166		1	1	1	1-166	6V9N	TYR	1.648	ok	TYR_single	64	TYR	0.7557273234331097		
P01112	OH		CZ	C	1	64					TYR	1-166		1	1	1	1-166	6V9O	TYR	1.799	ok	TYR_single	64	TYR	0.840747424570426		
P01112	OH		CZ	A	1	64					TYR	1-166		1	1	1	1-166	721P	TYR	2.0	ok	TYR_single	64	TYR	-4.022500517683195		
P01112				A	1	64					TYR	1-166		1	1	1	1-166	7DPJ	TYR	1.976	missing_required_atoms:OH,CZ	TYR_single	64	TYR			
P01112	OH		CZ	A	1	64					TYR	1-166		1	1	1	1-166	7JIF	TYR	1.757	ok	TYR_single	64	TYR	0.14286677721425156		
P01112	OH		CZ	A	1	64					TYR	1-166		1	1	1	1-166	7JIG	TYR	2.322	ok	TYR_single	64	TYR	0.03338192327761772		
P01112	OH		CZ	A	1	64					TYR	1-30,38-166		1	1	1	1-30,38-166	7JIH	TYR	1.989	ok	TYR_single	64	TYR	0.015255749486387872		
P01112	OH		CZ	A	1	64					TYR	1-166		1	1	1	1-166	7JII	TYR	1.532	ok	TYR_single	64	TYR	0.010761930788488224		
P01112	OH		CZ	A	1	64					TYR	1-166		1	1	1	1-166	7L0F	TYR	1.98	ok	TYR_single	64	TYR	-0.35873892425704296		
P01112	OH		CZ	A	1	64					TYR	1-166		1	1	1	1-166	7OG9	TYR	1.75	ok	TYR_single	64	TYR	-0.4892697653832242		
P01112	OH		CZ	A	1	64					TYR	1-166		1	1	1	1-166	7OGA	TYR	1.9	ok	TYR_single	64	TYR	-0.06833457393073898		
P01112	OH		CZ	A	1	64					TYR	1-166		1	1	1	1-166	7OGB	TYR	1.85	ok	TYR_single	64	TYR	0.4576107647695932		
P01112	OH		CZ	A	1	64					TYR	1-166		1	1	1	1-166	7OGC	TYR	1.7	ok	TYR_single	64	TYR	0.4188025131196649		
P01112	OH		CZ	A	1	64					TYR	1-166		1	1	1	1-166	7OGD	TYR	1.95	ok	TYR_single	64	TYR	-0.10473357637769257		
P01112	OH		CZ	A	1	64					TYR	1-166		1	1	1	1-166	7OGE	TYR	2.1	ok	TYR_single	64	TYR	0.6188361143807517		
P01112	OH		CZ	A	1	64					TYR	1-166		1	1	1	1-166	7OGF	TYR	1.8	ok	TYR_single	64	TYR	-0.001624462136864073		
P01112	OH		CZ	A	1	64					TYR	1-166		1	1	1	1-166	7TAM	TYR	1.87	ok	TYR_single	64	TYR	0.13005247866185785		
P01112	OH		CZ	A	1	64					TYR	1-166		1	1	1	1-166	7VV8	TYR	1.7	ok	TYR_single	64	TYR	0.44966959236964654		
P01112	OH		CZ	A	1	64					TYR	1-166		1	1	1	1-166	7VV9	TYR	1.6	ok	TYR_single	64	TYR	0.01843428620137045		
P01112	OH		CZ	A	1	64					TYR	1-166		1	1	1	1-166	7VVG	TYR	1.7	ok	TYR_single	64	TYR	-0.48628934292820497		
P01112	OH		CZ	A	1	64					TYR	1-166		1	1	1	1-166	821P	TYR	1.5	ok	TYR_single	64	TYR	-1.6487253256295016		
P01112	OH		CZ	A	1	64					TYR	1-166		1	1	1	1-166	8CNJ	TYR	1.35	ok	TYR_single	64	TYR	-0.15307104327226764		
P01112	OH		CZ	A	1	64					TYR	1-166		1	1	1	1-166	8ELR	TYR	2.05	ok	TYR_single	64	TYR	-0.014887823437576459		
P01112	OH		CZ	A	1	64					TYR	1-166		1	1	1	1-166	8ELS	TYR	2.267	ok	TYR_single	64	TYR	0.4482753319163763		
P01112	OH		CZ	A	1	64					TYR	1-166		1	1	1	1-166	8ELT	TYR	1.66	ok	TYR_single	64	TYR	0.04150251174165917		
P01112	OH		CZ	A	1	64					TYR	1-166		1	1	1	1-166	8ELU	TYR	1.93	ok	TYR_single	64	TYR	-0.26113209998397724		
P01112				A	1	64					TYR	1-166		1	1	1	1-166	8ELV	TYR	2.153	missing_required_atoms:OH,CZ	TYR_single	64	TYR			
P01112				A	1	64					TYR	1-166		1	1	1	1-166	8ELW	TYR	1.699	missing_required_atoms:OH,CZ	TYR_single	64	TYR			
P01112	OH		CZ	A	1	64					TYR	1-166		1	1	1	1-166	8ELX	TYR	1.975	ok	TYR_single	64	TYR	0.7965640160020484		
P01112				A	1	64					TYR	1-166		1	1	1	1-166	8ELY	TYR	1.75	missing_required_atoms:OH,CZ	TYR_single	64	TYR			
P01112	OH		CZ	A	1	64					TYR	1-166		1	1	1	1-166	8ELZ	TYR	1.961	ok	TYR_single	64	TYR	0.4686265115932953		
P01112	OH		CZ	A	1	64					TYR	1-166		1	1	1	1-166	8EM0	TYR	2.109	ok	TYR_single	64	TYR	0.5830041952829552		
P01112				A	1	64					TYR	1-166		1	1	1	1-166	8FG3	TYR	1.49	missing_required_atoms:OH,CZ	TYR_single	64	TYR			
P01112	OH		CZ	A	1	64					TYR	1-166		1	1	1	1-166	8FG4	TYR	1.85	ok	TYR_single	64	TYR	-0.3007902042679618		
P01112	OH		CZ	A	1	64					TYR	1-166		1	1	1	1-166	8OSM	TYR	2.05	ok	TYR_single	64	TYR	-0.1264233393481919		
P01112	OH		CZ	A	1	64					TYR	1-166		1	1	1	1-166	8OSN	TYR	1.8	ok	TYR_single	64	TYR	0.05495386382630415		
P01112	OH		CZ	A	1	64					TYR	1-166		1	1	1	1-166	8OSO	TYR	2.5	ok	TYR_single	64	TYR	0.08148822258472839		
P01112	OH		CZ	A	1	64					TYR	1-166		1	1	1	1-166	8TBG	TYR	1.2	ok	TYR_single	64	TYR	0.05796760431496507		
P01112	OH		CZ	A	1	64					TYR	1-32,36-168		1	1	1	1-32,36-168	9P46	TYR	2.02	ok	TYR_single	64	TYR	0.3797067779170066		
P04629	OH		CZ	A	1	496					TYR	484-531,538-548,553-796		2	2	1	484-531,538-548,553-796	5H3Q	TYR	2.1	ok	TYR_mixed_with_SER	496	TYR	0.6988166817155557		
P04629	OH		CZ	A	1	496					TYR	481-533,537-610,620-682,687-796		2	2	1	481-533,537-610,620-682,687-796	6D1Y	TYR	1.93	ok	TYR_mixed_with_SER	496	TYR	-1.239897066468276		
P06213	OH		CZ	A	3	1185,1189,1190					TYR	1005-1310		4	3	3	1005-1310	5HHW	TYR	1.79	ok	TYR_only_multi_3	1185	TYR,TYR,TYR	1.055603455036224		
P06213	OH		CZ	A	3	1185,1189,1190					TYR	1005-1310		4	3	3	1005-1310	5HHW	TYR	1.79	ok	TYR_only_multi_3	1189	TYR,TYR,TYR	0.7367366044759164		
P06213	OH		CZ	A	3	1185,1189,1190					TYR	1005-1310		4	3	3	1005-1310	5HHW	TYR	1.79	ok	TYR_only_multi_3	1190	TYR,TYR,TYR	0.8057535818122703		
P06239	OH		CZ	A	1	394					TYR	231-501		2	1	1	231-501	2OF2	TYR	2.0	ok	TYR_single	394	TYR	-0.17503253345087677		
P06239				A	1	394					TYR	238-396,399-500		2	1	1	238-396,399-500	3B2W	TYR	2.3	missing_required_atoms:OH,CZ	TYR_single	394	TYR			
P06239	OH		CZ	A	1	394					TYR	238-397,402-498		2	1	1	238-397,402-498	3MPM	TYR	1.95	ok	TYR_single	394	TYR	-0.5852190913058782		
P06239	OH		CZ	A	1	394					TYR	238-397,402-498		2	1	1	238-397,402-498	4C3F	TYR	1.72	ok	TYR_single	394	TYR	2.535670157013383		
P06241	OH		CZ	A	1	531					TYR	263-531		1	1	1	263-531	10DJ	TYR	2.22	ok	TYR_single	531	TYR	0.12265572255031454		
P06612	OH		CZ	A	1	319					TYR	2-38,66-438,449-572		1	1	1	2-38,66-438,449-572	1CY0	TYR	2.45	ok	TYR_single	319	TYR	-1.5472873636113358		
P06612	OH		CZ	A	1	319					TYR	2-38,64-356,363-441,449-596		1	1	1	2-38,64-356,363-441,449-596	1CY1	TYR	2.3	ok	TYR_single	319	TYR	0.6008354044426417		
P06612	OH		CZ	A	1	319					TYR	2-38,62-356,364-441,448-594		1	1	1	2-38,62-356,364-441,448-594	1CY2	TYR	2.3	ok	TYR_single	319	TYR	-0.3643967414384157		
P06612	OH		CZ	A	1	319					TYR	2-39,62-356,364-442,446-595		1	1	1	2-39,62-356,364-442,446-595	1CY6	TYR	2.5	ok	TYR_single	319	TYR	0.2862658442883453		
P06612	OH		CZ	A	1	319					TYR	2-39,62-355,359-441,449-596		1	1	1	2-39,62-355,359-441,449-596	1CY7	TYR	2.4	ok	TYR_single	319	TYR	-1.1462387694581673		
P06612	OH		CZ	A	1	319					TYR	2-38,62-356,365-595		1	1	1	2-38,62-356,365-595	1CY8	TYR	2.45	ok	TYR_single	319	TYR	-0.41674274536984496		
P06612	OH		CZ	A	1	319					TYR	214-357,365-438,447-473		1	1	1	214-357,365-438,447-473	1CY9	TYR	1.8	ok	TYR_single	319	TYR	-0.11824239663422394		
P06612	OH		CZ	B	1	319					TYR	214-357,363-441,447-474		1	1	1	214-357,363-441,447-474	1CYY	TYR	2.15	ok	TYR_single	319	TYR	-0.07541806103661346		
P06612	OH		CZ	A	1	319					TYR	2-38,62-356,365-441,448-590		1	1	1	2-38,62-356,365-441,448-590	1ECL	TYR	1.9	ok	TYR_single	319	TYR	1.8642306513811129		
P06612	OH		CZ	A	1	319					TYR	2-39,62-356,364-442,446-595		1	1	1	2-39,62-356,364-442,446-595	3PWT	TYR	1.9	ok	TYR_single	319	TYR	-0.01605965130983179		
P06786	OH		CZ	A	1	782					TYR	419-484,490-526,532-631,653-659,675-1071,1107-1178		1	1	1	419-484,490-526,532-631,653-659,675-1071,1107-1178	1BJT	TYR	2.5	ok	TYR_single	782	TYR	-1.0631058040269041		
P07332	OH		CZ	A	1	713					TYR	449-821		1	1	1	449-821	3BKB	TYR	1.78	ok	TYR_single	713	TYR	1.8102322077922903		
P07332	OH		CZ	A	1	713					TYR	448-486,489-495,501-506,511-515,520-537,543-821		1	1	1	448-486,489-495,501-506,511-515,520-537,543-821	3CBL	TYR	1.75	ok	TYR_single	713	TYR	0.3359912608752637		
P07332	OH		CZ	A	1	713					TYR	450-821		1	1	1	450-821	6JMF	TYR	2.0	ok	TYR_single	713	TYR	-0.5328317590753692		
P07332	OH		CZ	A	1	713					TYR	450-821		1	1	1	450-821	8XKP	TYR	2.05	ok	TYR_single	713	TYR	-0.8430726105361394		
P07355	OH		CZ	A	1	24					TYR	21-339		1	1	1	21-339	1W7B	TYR	1.52	ok	TYR_single	24	TYR	0.07358942182584584		
P07355	OH		CZ	A	1	24					TYR	2-339		1	1	1	2-339	5LPU	TYR	2.1	ok	TYR_single	24	TYR	0.02197731981316935		
P07355	OH		CZ	A	1	24					TYR	22-339		1	1	1	22-339	7EQ7	TYR	2.111	ok	TYR_single	24	TYR	0.11769921169951955		
P07477	OH		CZ	A	1	154					TYR	24-247		1	1	1	24-247	7QE9	TYR	2.1	ok	TYR_single	154	TYR	-1.0323735511594008		
P07949	OH		CZ	A	4	809,900,905,928					TYR	713-827,844-1012		5	5	4	713-827,844-1012	2IVS	TYR	2.0	ok	TYR_mixed_with_SER	809	TYR,TYR,TYR,TYR	-0.2227979776761079		
P07949				A	4	809,900,905,928					TYR	713-827,844-1012		5	5	4	713-827,844-1012	2IVS	TYR	2.0	missing_required_atoms:OH,CZ	TYR_mixed_with_SER	900	TYR,TYR,TYR,TYR			
P07949	OH		CZ	A	4	809,900,905,928					TYR	713-827,844-1012		5	5	4	713-827,844-1012	2IVS	TYR	2.0	ok	TYR_mixed_with_SER	905	TYR,TYR,TYR,TYR	-1.8586154070001097		
P07949	OH		CZ	A	4	809,900,905,928					TYR	713-827,844-1012		5	5	4	713-827,844-1012	2IVS	TYR	2.0	ok	TYR_mixed_with_SER	928	TYR,TYR,TYR,TYR	1.3370045922619604		
P07949	OH		CZ	A	3	809,900,928					TYR	703-712,714-820,844-1012		5	4	3	703-712,714-820,844-1012	2IVU	TYR	2.5	ok	TYR_mixed_with_SER	809	TYR,TYR,TYR	-0.6276874250949609		
P07949				A	3	809,900,928					TYR	703-712,714-820,844-1012		5	4	3	703-712,714-820,844-1012	2IVU	TYR	2.5	missing_required_atoms:OH,CZ	TYR_mixed_with_SER	900	TYR,TYR,TYR			
P07949	OH		CZ	A	3	809,900,928					TYR	703-712,714-820,844-1012		5	4	3	703-712,714-820,844-1012	2IVU	TYR	2.5	ok	TYR_mixed_with_SER	928	TYR,TYR,TYR	0.5786468670239682		
P07949	OH		CZ	A	3	809,900,928					TYR	703-711,716-820,846-1011		5	4	3	703-711,716-820,846-1011	2IVV	TYR	2.25	ok	TYR_mixed_with_SER	809	TYR,TYR,TYR	0.4159577101872245		
P07949				A	3	809,900,928					TYR	703-711,716-820,846-1011		5	4	3	703-711,716-820,846-1011	2IVV	TYR	2.25	missing_required_atoms:OH,CZ	TYR_mixed_with_SER	900	TYR,TYR,TYR			
P07949	OH		CZ	A	3	809,900,928					TYR	703-711,716-820,846-1011		5	4	3	703-711,716-820,846-1011	2IVV	TYR	2.25	ok	TYR_mixed_with_SER	928	TYR,TYR,TYR	-1.072441580215783		
P07949	OH		CZ	A	3	809,900,928					TYR	703-712,715-822,844-1010		5	4	3	703-712,715-822,844-1010	2X2L	TYR	2.0	ok	TYR_mixed_with_SER	809	TYR,TYR,TYR	-0.45321440894293236		
P07949				A	3	809,900,928					TYR	703-712,715-822,844-1010		5	4	3	703-712,715-822,844-1010	2X2L	TYR	2.0	missing_required_atoms:OH,CZ	TYR_mixed_with_SER	900	TYR,TYR,TYR			
P07949	OH		CZ	A	3	809,900,928					TYR	703-712,715-822,844-1010		5	4	3	703-712,715-822,844-1010	2X2L	TYR	2.0	ok	TYR_mixed_with_SER	928	TYR,TYR,TYR	0.4472032153511027		
P07949	OH		CZ	A	3	809,900,928					TYR	703-712,714-732,735-820,845-1013		5	4	3	703-712,714-732,735-820,845-1013	2X2M	TYR	2.5	ok	TYR_mixed_with_SER	809	TYR,TYR,TYR	0.18176308567770136		
P07949				A	3	809,900,928					TYR	703-712,714-732,735-820,845-1013		5	4	3	703-712,714-732,735-820,845-1013	2X2M	TYR	2.5	missing_required_atoms:OH,CZ	TYR_mixed_with_SER	900	TYR,TYR,TYR			
P07949	OH		CZ	A	3	809,900,928					TYR	703-712,714-732,735-820,845-1013		5	4	3	703-712,714-732,735-820,845-1013	2X2M	TYR	2.5	ok	TYR_mixed_with_SER	928	TYR,TYR,TYR	-0.3471282912268566		
P07949	OH		CZ	A	2	809,928					TYR	705-822,842-1013		5	3	2	705-822,842-1013	4CKI	TYR	2.116	ok	TYR_mixed_with_SER	809	TYR,TYR	0.007563970720159908		
P07949	OH		CZ	A	2	809,928					TYR	705-822,842-1013		5	3	2	705-822,842-1013	4CKI	TYR	2.116	ok	TYR_mixed_with_SER	928	TYR,TYR	-0.5220840559783414		
P07949	OH		CZ	A	3	809,900,928					TYR	705-822,844-1013		5	4	3	705-822,844-1013	4CKJ	TYR	1.65	ok	TYR_mixed_with_SER	809	TYR,TYR,TYR	-0.44805298909724134		
P07949	OH		CZ	A	3	809,900,928					TYR	705-822,844-1013		5	4	3	705-822,844-1013	4CKJ	TYR	1.65	ok	TYR_mixed_with_SER	900	TYR,TYR,TYR	0.2545234044448354		
P07949	OH		CZ	A	3	809,900,928					TYR	705-822,844-1013		5	4	3	705-822,844-1013	4CKJ	TYR	1.65	ok	TYR_mixed_with_SER	928	TYR,TYR,TYR	0.42594532589601475		
P07949	OH		CZ	A	2	809,928					TYR	705-825,841-1010		5	3	2	705-825,841-1010	6FEK	TYR	2.3	ok	TYR_mixed_with_SER	809	TYR,TYR	0.2428172458162401		
P07949	OH		CZ	A	2	809,928					TYR	705-825,841-1010		5	3	2	705-825,841-1010	6FEK	TYR	2.3	ok	TYR_mixed_with_SER	928	TYR,TYR	0.0820311878317799		
P07949	OH		CZ	A	2	809,900					TYR	705-819,843-900,910-1012		5	2	2	705-819,843-900,910-1012	6I82	TYR	2.05	ok	TYR_only_multi_2	809	TYR,TYR	-0.05545219622891336		
P07949	OH		CZ	A	2	809,900					TYR	705-819,843-900,910-1012		5	2	2	705-819,843-900,910-1012	6I82	TYR	2.05	ok	TYR_only_multi_2	900	TYR,TYR	0.016021720941286517		
P07949	OH		CZ	B	3	809,900,905					TYR	714-828,842-1012		5	4	3	714-828,842-1012	6I82	TYR	2.05	ok	TYR_mixed_with_SER	905	TYR,TYR,TYR	2.086764272323185		
P07949	OH		CZ	A	3	809,900,928					TYR	705-821,844-1013		5	4	3	705-821,844-1013	6I83	TYR	1.88	ok	TYR_mixed_with_SER	809	TYR,TYR,TYR	0.276662585176934		
P07949	OH		CZ	A	3	809,900,928					TYR	705-821,844-1013		5	4	3	705-821,844-1013	6I83	TYR	1.88	ok	TYR_mixed_with_SER	900	TYR,TYR,TYR	0.06550934441843978		
P07949	OH		CZ	A	3	809,900,928					TYR	705-821,844-1013		5	4	3	705-821,844-1013	6I83	TYR	1.88	ok	TYR_mixed_with_SER	928	TYR,TYR,TYR	-0.6994588132472013		
P07949	OH		CZ	A	2	809,928					TYR	705-823,843-1013		5	3	2	705-823,843-1013	6NE7	TYR	1.99	ok	TYR_mixed_with_SER	809	TYR,TYR	-0.9340339756554935		
P07949	OH		CZ	A	2	809,928					TYR	705-823,843-1013		5	3	2	705-823,843-1013	6NE7	TYR	1.99	ok	TYR_mixed_with_SER	928	TYR,TYR	0.49026898969986876		
P07949	OH		CZ	A	4	809,900,905,928					TYR	713-828,842-1012		5	5	4	713-828,842-1012	6NEC	TYR	1.87	ok	TYR_mixed_with_SER	809	TYR,TYR,TYR,TYR	-0.5230589229402384		
P07949	OH		CZ	A	4	809,900,905,928					TYR	713-828,842-1012		5	5	4	713-828,842-1012	6NEC	TYR	1.87	ok	TYR_mixed_with_SER	900	TYR,TYR,TYR,TYR	-0.02607472763404803		
P07949	OH		CZ	A	4	809,900,905,928					TYR	713-828,842-1012		5	5	4	713-828,842-1012	6NEC	TYR	1.87	ok	TYR_mixed_with_SER	905	TYR,TYR,TYR,TYR	-0.7042874500663531		
P07949	OH		CZ	A	4	809,900,905,928					TYR	713-828,842-1012		5	5	4	713-828,842-1012	6NEC	TYR	1.87	ok	TYR_mixed_with_SER	928	TYR,TYR,TYR,TYR	0.20485543089134461		
P07949	OH		CZ	A	2	809,928					TYR	705-822,843-1013		5	3	2	705-822,843-1013	6NJA	TYR	1.92	ok	TYR_mixed_with_SER	809	TYR,TYR	0.7844685500620279		
P07949	OH		CZ	A	2	809,928					TYR	705-822,843-1013		5	3	2	705-822,843-1013	6NJA	TYR	1.92	ok	TYR_mixed_with_SER	928	TYR,TYR	-0.5306271447625797		
P07949	OH		CZ	A	2	809,900					TYR	707-820,844-1012		5	3	2	707-820,844-1012	6VHG	TYR	2.303	ok	TYR_mixed_with_SER	809	TYR,TYR	0.04322230673657596		
P07949				A	2	809,900					TYR	707-820,844-1012		5	3	2	707-820,844-1012	6VHG	TYR	2.303	missing_required_atoms:OH,CZ	TYR_mixed_with_SER	900	TYR,TYR			
P07949	OH		CZ	A	4	809,900,905,928					TYR	714-828,842-1011		5	5	4	714-828,842-1011	7DU9	TYR	2.31	ok	TYR_mixed_with_SER	809	TYR,TYR,TYR,TYR	-0.21350948322236474		
P07949	OH		CZ	A	4	809,900,905,928					TYR	714-828,842-1011		5	5	4	714-828,842-1011	7DU9	TYR	2.31	ok	TYR_mixed_with_SER	900	TYR,TYR,TYR,TYR	0.045392603423035055		
P07949	OH		CZ	A	4	809,900,905,928					TYR	714-828,842-1011		5	5	4	714-828,842-1011	7DU9	TYR	2.31	ok	TYR_mixed_with_SER	905	TYR,TYR,TYR,TYR	-0.6418567399130175		
P07949	OH		CZ	A	4	809,900,905,928					TYR	714-828,842-1011		5	5	4	714-828,842-1011	7DU9	TYR	2.31	ok	TYR_mixed_with_SER	928	TYR,TYR,TYR,TYR	-0.6001877296338136		
P07949	OH		CZ	A	4	809,900,905,928					TYR	712-828,842-1011		5	5	4	712-828,842-1011	7DUA	TYR	1.64	ok	TYR_mixed_with_SER	809	TYR,TYR,TYR,TYR	-0.35175809629016325		
P07949	OH		CZ	A	4	809,900,905,928					TYR	712-828,842-1011		5	5	4	712-828,842-1011	7DUA	TYR	1.64	ok	TYR_mixed_with_SER	900	TYR,TYR,TYR,TYR	0.045888172943994956		
P07949	OH		CZ	A	4	809,900,905,928					TYR	712-828,842-1011		5	5	4	712-828,842-1011	7DUA	TYR	1.64	ok	TYR_mixed_with_SER	905	TYR,TYR,TYR,TYR	-0.3630053258443956		
P07949	OH		CZ	A	4	809,900,905,928					TYR	712-828,842-1011		5	5	4	712-828,842-1011	7DUA	TYR	1.64	ok	TYR_mixed_with_SER	928	TYR,TYR,TYR,TYR	-0.7942420152960776		
P07949	OH		CZ	A	3	809,900,928					TYR	705-823,843-900,909-1013		5	4	3	705-823,843-900,909-1013	7JU5	TYR	1.9	ok	TYR_mixed_with_SER	809	TYR,TYR,TYR	0.4477372368175902		
P07949				A	3	809,900,928					TYR	705-823,843-900,909-1013		5	4	3	705-823,843-900,909-1013	7JU5	TYR	1.9	missing_required_atoms:OH,CZ	TYR_mixed_with_SER	900	TYR,TYR,TYR			
P07949	OH		CZ	A	3	809,900,928					TYR	705-823,843-900,909-1013		5	4	3	705-823,843-900,909-1013	7JU5	TYR	1.9	ok	TYR_mixed_with_SER	928	TYR,TYR,TYR	-1.6463670713054601		
P07949	OH		CZ	B	4	809,900,905,928					TYR	710-828,842-1012		5	5	4	710-828,842-1012	7JU5	TYR	1.9	ok	TYR_mixed_with_SER	905	TYR,TYR,TYR,TYR	-2.306279061895833		
P07949	OH		CZ	A	4	809,900,905,928					TYR	713-828,841-1012		5	5	4	713-828,841-1012	7JU6	TYR	2.06	ok	TYR_mixed_with_SER	809	TYR,TYR,TYR,TYR	-0.5771779659568194		
P07949	OH		CZ	A	4	809,900,905,928					TYR	713-828,841-1012		5	5	4	713-828,841-1012	7JU6	TYR	2.06	ok	TYR_mixed_with_SER	900	TYR,TYR,TYR,TYR	-0.18503900956637337		
P07949	OH		CZ	A	4	809,900,905,928					TYR	713-828,841-1012		5	5	4	713-828,841-1012	7JU6	TYR	2.06	ok	TYR_mixed_with_SER	905	TYR,TYR,TYR,TYR	-0.4795035934213429		
P07949	OH		CZ	A	4	809,900,905,928					TYR	713-828,841-1012		5	5	4	713-828,841-1012	7JU6	TYR	2.06	ok	TYR_mixed_with_SER	928	TYR,TYR,TYR,TYR	-0.5500382927826487		
P07949	OH		CZ	A	2	809,928					TYR	705-711,714-820,844-1013		5	3	2	705-711,714-820,844-1013	7NZN	TYR	2.39	ok	TYR_mixed_with_SER	809	TYR,TYR	0.0737433111749037		
P07949	OH		CZ	A	2	809,928					TYR	705-711,714-820,844-1013		5	3	2	705-711,714-820,844-1013	7NZN	TYR	2.39	ok	TYR_mixed_with_SER	928	TYR,TYR	-0.054820915464931945		
P08069	OH		CZ	A	2	1165,1166					TYR	984-1097,1103-1157,1165-1286		3	2	2	984-1097,1103-1157,1165-1286	1JQH	TYR	2.1	ok	TYR_only_multi_2	1165	TYR,TYR	-0.006015355488547015		
P08069	OH		CZ	A	2	1165,1166					TYR	984-1097,1103-1157,1165-1286		3	2	2	984-1097,1103-1157,1165-1286	1JQH	TYR	2.1	ok	TYR_only_multi_2	1166	TYR,TYR	-0.8849774657007189		
P08069	OH		CZ	A	3	1161,1165,1166					TYR	983-1096,1106-1168,1172-1286		3	3	3	983-1096,1106-1168,1172-1286	3LW0	TYR	1.79	ok	TYR_only_multi_3	1161	TYR,TYR,TYR	-0.9331770934391501		
P08069	OH		CZ	A	3	1161,1165,1166					TYR	983-1096,1106-1168,1172-1286		3	3	3	983-1096,1106-1168,1172-1286	3LW0	TYR	1.79	ok	TYR_only_multi_3	1165	TYR,TYR,TYR	-0.40622843460351027		
P08069	OH		CZ	A	3	1161,1165,1166					TYR	983-1096,1106-1168,1172-1286		3	3	3	983-1096,1106-1168,1172-1286	3LW0	TYR	1.79	ok	TYR_only_multi_3	1166	TYR,TYR,TYR	-0.015603993577321111		
P08069	OH		CZ	A	3	1161,1165,1166					TYR	991-1283		3	3	3	991-1283	3O23	TYR	2.1	ok	TYR_only_multi_3	1161	TYR,TYR,TYR	-1.8918043165670504		
P08069	OH		CZ	A	3	1161,1165,1166					TYR	991-1283		3	3	3	991-1283	3O23	TYR	2.1	ok	TYR_only_multi_3	1165	TYR,TYR,TYR	-1.8520281963383527		
P08069	OH		CZ	A	3	1161,1165,1166					TYR	991-1283		3	3	3	991-1283	3O23	TYR	2.1	ok	TYR_only_multi_3	1166	TYR,TYR,TYR	-0.8448071331460649		
P08069	OH		CZ	A	3	1161,1165,1166					TYR	985-1168,1171-1286		3	3	3	985-1168,1171-1286	4D2R	TYR	2.1	ok	TYR_only_multi_3	1161	TYR,TYR,TYR	1.8194736831769065		
P08069	OH		CZ	A	3	1161,1165,1166					TYR	985-1168,1171-1286		3	3	3	985-1168,1171-1286	4D2R	TYR	2.1	ok	TYR_only_multi_3	1165	TYR,TYR,TYR	-2.1331773906758023		
P08069	OH		CZ	A	3	1161,1165,1166					TYR	985-1168,1171-1286		3	3	3	985-1168,1171-1286	4D2R	TYR	2.1	ok	TYR_only_multi_3	1166	TYR,TYR,TYR	-1.7493454991337316		
P08069	OH		CZ	A	3	1161,1165,1166					TYR	980-1035,1037-1098,1101-1168,1172-1286		3	3	3	980-1035,1037-1098,1101-1168,1172-1286	5FXQ	TYR	2.3	ok	TYR_only_multi_3	1161	TYR,TYR,TYR	0.28620470583352575		
P08069	OH		CZ	A	3	1161,1165,1166					TYR	980-1035,1037-1098,1101-1168,1172-1286		3	3	3	980-1035,1037-1098,1101-1168,1172-1286	5FXQ	TYR	2.3	ok	TYR_only_multi_3	1165	TYR,TYR,TYR	0.24671060518517463		
P08069	OH		CZ	A	3	1161,1165,1166					TYR	980-1035,1037-1098,1101-1168,1172-1286		3	3	3	980-1035,1037-1098,1101-1168,1172-1286	5FXQ	TYR	2.3	ok	TYR_only_multi_3	1166	TYR,TYR,TYR	-0.9091411209641074		
P08069	OH		CZ	A	3	1161,1165,1166					TYR	980-982,984-1035,1037-1168,1172-1283		3	3	3	980-982,984-1035,1037-1168,1172-1283	5FXR	TYR	2.4	ok	TYR_only_multi_3	1161	TYR,TYR,TYR	-0.24826504471012903		
P08069	OH		CZ	A	3	1161,1165,1166					TYR	980-982,984-1035,1037-1168,1172-1283		3	3	3	980-982,984-1035,1037-1168,1172-1283	5FXR	TYR	2.4	ok	TYR_only_multi_3	1165	TYR,TYR,TYR	-0.016693928533920054		
P08069	OH		CZ	A	3	1161,1165,1166					TYR	980-982,984-1035,1037-1168,1172-1283		3	3	3	980-982,984-1035,1037-1168,1172-1283	5FXR	TYR	2.4	ok	TYR_only_multi_3	1166	TYR,TYR,TYR	-0.7335640386937272		
P08069	OH		CZ	A	3	1161,1165,1166					TYR	980-1286		3	3	3	980-1286	5FXS	TYR	1.9	ok	TYR_only_multi_3	1161	TYR,TYR,TYR	-0.0405195367257416		
P08069	OH		CZ	A	3	1161,1165,1166					TYR	980-1286		3	3	3	980-1286	5FXS	TYR	1.9	ok	TYR_only_multi_3	1165	TYR,TYR,TYR	-0.2576346264638885		
P08069	OH		CZ	A	3	1161,1165,1166					TYR	980-1286		3	3	3	980-1286	5FXS	TYR	1.9	ok	TYR_only_multi_3	1166	TYR,TYR,TYR	-0.37482135742117595		
P08581	OH		CZ	A	2	1234,1235					TYR	1046-1346		3	2	2	1046-1346	2G15	TYR	2.15	ok	TYR_only_multi_2	1234	TYR,TYR	0.33647002236584694		
P08581	OH		CZ	A	2	1234,1235					TYR	1046-1346		3	2	2	1046-1346	2G15	TYR	2.15	ok	TYR_only_multi_2	1235	TYR,TYR	-1.9652252961361716		
P08581	OH		CZ	A	2	1234,1235					TYR	1067-1097,1104-1113,1118-1147,1152-1238,1241-1346		3	2	2	1067-1097,1104-1113,1118-1147,1152-1238,1241-1346	2RFS	TYR	2.2	ok	TYR_only_multi_2	1234	TYR,TYR	0.19079749397792103		
P08581	OH		CZ	A	2	1234,1235					TYR	1067-1097,1104-1113,1118-1147,1152-1238,1241-1346		3	2	2	1067-1097,1104-1113,1118-1147,1152-1238,1241-1346	2RFS	TYR	2.2	ok	TYR_only_multi_2	1235	TYR,TYR	0.07455871115796879		
P08581	OH		CZ	A	2	1234,1235					TYR	1055-1148,1152-1346		3	2	2	1055-1148,1152-1346	2WD1	TYR	2.0	ok	TYR_only_multi_2	1234	TYR,TYR	0.5201247110348624		
P08581	OH		CZ	A	2	1234,1235					TYR	1055-1148,1152-1346		3	2	2	1055-1148,1152-1346	2WD1	TYR	2.0	ok	TYR_only_multi_2	1235	TYR,TYR	-0.39633434687948804		
P08581	OH		CZ	A	2	1234,1235					TYR	1052-1098,1103-1345		3	2	2	1052-1098,1103-1345	2WGJ	TYR	2.0	ok	TYR_only_multi_2	1234	TYR,TYR	0.23089547029930596		
P08581	OH		CZ	A	2	1234,1235					TYR	1052-1098,1103-1345		3	2	2	1052-1098,1103-1345	2WGJ	TYR	2.0	ok	TYR_only_multi_2	1235	TYR,TYR	-0.10943508045702553		
P08581	OH		CZ	A	2	1234,1235					TYR	1059-1345		3	2	2	1059-1345	2WKM	TYR	2.2	ok	TYR_only_multi_2	1234	TYR,TYR	-0.4711600912484401		
P08581	OH		CZ	A	2	1234,1235					TYR	1059-1345		3	2	2	1059-1345	2WKM	TYR	2.2	ok	TYR_only_multi_2	1235	TYR,TYR	-0.44950663407804564		
P08581	OH		CZ	A	2	1234,1235					TYR	1055-1097,1104-1114,1120-1147,1153-1238,1240-1346		3	2	2	1055-1097,1104-1114,1120-1147,1153-1238,1240-1346	3CCN	TYR	1.9	ok	TYR_only_multi_2	1234	TYR,TYR	-0.019936998171476688		
P08581	OH		CZ	A	2	1234,1235					TYR	1055-1097,1104-1114,1120-1147,1153-1238,1240-1346		3	2	2	1055-1097,1104-1114,1120-1147,1153-1238,1240-1346	3CCN	TYR	1.9	ok	TYR_only_multi_2	1235	TYR,TYR	-0.31805384806528353		
P08581	OH		CZ	A	2	1234,1235					TYR	1054-1097,1104-1115,1119-1146,1152-1238,1240-1346		3	2	2	1054-1097,1104-1115,1119-1146,1152-1238,1240-1346	3CD8	TYR	2.0	ok	TYR_only_multi_2	1234	TYR,TYR	0.13118019469401515		
P08581	OH		CZ	A	2	1234,1235					TYR	1054-1097,1104-1115,1119-1146,1152-1238,1240-1346		3	2	2	1054-1097,1104-1115,1119-1146,1152-1238,1240-1346	3CD8	TYR	2.0	ok	TYR_only_multi_2	1235	TYR,TYR	-0.16278270528501296		
P08581	OH		CZ	A	2	1234,1235					TYR	1052-1098,1104-1237,1243-1349		3	2	2	1052-1098,1104-1237,1243-1349	3F66	TYR	1.4	ok	TYR_only_multi_2	1234	TYR,TYR	-1.1274633195811912		
P08581	OH		CZ	A	2	1234,1235					TYR	1052-1098,1104-1237,1243-1349		3	2	2	1052-1098,1104-1237,1243-1349	3F66	TYR	1.4	ok	TYR_only_multi_2	1235	TYR,TYR	-1.1444313590803514		
P08581	OH		CZ	A	2	1234,1235					TYR	1052-1114,1120-1147,1153-1238,1244-1346		3	2	2	1052-1114,1120-1147,1153-1238,1244-1346	3I5N	TYR	2.0	ok	TYR_only_multi_2	1234	TYR,TYR	0.05511711974986596		
P08581	OH		CZ	A	2	1234,1235					TYR	1052-1114,1120-1147,1153-1238,1244-1346		3	2	2	1052-1114,1120-1147,1153-1238,1244-1346	3I5N	TYR	2.0	ok	TYR_only_multi_2	1235	TYR,TYR	-0.018413599970594736		
P08581	OH		CZ	A	2	1234,1235					TYR	1053-1114,1118-1147,1152-1228,1231-1236,1243-1345		3	2	2	1053-1114,1118-1147,1152-1228,1231-1236,1243-1345	3LQ8	TYR	2.02	ok	TYR_only_multi_2	1234	TYR,TYR	0.260596688454657		
P08581	OH		CZ	A	2	1234,1235					TYR	1053-1114,1118-1147,1152-1228,1231-1236,1243-1345		3	2	2	1053-1114,1118-1147,1152-1228,1231-1236,1243-1345	3LQ8	TYR	2.02	ok	TYR_only_multi_2	1235	TYR,TYR	0.89056432093991		
P08581	OH		CZ	B	2	1234,1235					TYR	1046-1344		3	2	2	1046-1344	3RHK	TYR	1.94	ok	TYR_only_multi_2	1234	TYR,TYR	-0.41034882654391047		
P08581	OH		CZ	B	2	1234,1235					TYR	1046-1344		3	2	2	1046-1344	3RHK	TYR	1.94	ok	TYR_only_multi_2	1235	TYR,TYR	0.004760045693260388		
P08581	OH		CZ	A	2	1234,1235					TYR	1024-1039,1054-1056,1058-1236,1243-1285,1291-1352		3	2	2	1024-1039,1054-1056,1058-1236,1243-1285,1291-1352	3VW8	TYR	2.1	ok	TYR_only_multi_2	1234	TYR,TYR	0.14592569701917518		
P08581	OH		CZ	A	2	1234,1235					TYR	1024-1039,1054-1056,1058-1236,1243-1285,1291-1352		3	2	2	1024-1039,1054-1056,1058-1236,1243-1285,1291-1352	3VW8	TYR	2.1	ok	TYR_only_multi_2	1235	TYR,TYR	-0.0041893537581461195		
P08581	OH		CZ	A	2	1234,1235					TYR	1059-1098,1103-1345		3	2	2	1059-1098,1103-1345	3ZBX	TYR	2.2	ok	TYR_only_multi_2	1234	TYR,TYR	-2.742221380277194		
P08581	OH		CZ	A	2	1234,1235					TYR	1059-1098,1103-1345		3	2	2	1059-1098,1103-1345	3ZBX	TYR	2.2	ok	TYR_only_multi_2	1235	TYR,TYR	1.0302726114459626		
P08581	OH		CZ	A	2	1234,1235					TYR	1052-1098,1103-1345		3	2	2	1052-1098,1103-1345	3ZC5	TYR	2.2	ok	TYR_only_multi_2	1234	TYR,TYR	0.5997615904571445		
P08581	OH		CZ	A	2	1234,1235					TYR	1052-1098,1103-1345		3	2	2	1052-1098,1103-1345	3ZC5	TYR	2.2	ok	TYR_only_multi_2	1235	TYR,TYR	0.7606041788320236		
P08581	OH		CZ	A	2	1234,1235					TYR	1052-1099,1103-1345		3	2	2	1052-1099,1103-1345	3ZCL	TYR	1.4	ok	TYR_only_multi_2	1234	TYR,TYR	-0.7849432954190937		
P08581	OH		CZ	A	2	1234,1235					TYR	1052-1099,1103-1345		3	2	2	1052-1099,1103-1345	3ZCL	TYR	1.4	ok	TYR_only_multi_2	1235	TYR,TYR	0.4215654974037942		
P08581	OH		CZ	A	2	1234,1235					TYR	1052-1098,1103-1345		3	2	2	1052-1098,1103-1345	3ZXZ	TYR	1.8	ok	TYR_only_multi_2	1234	TYR,TYR	-1.1007927317235653		
P08581	OH		CZ	A	2	1234,1235					TYR	1052-1098,1103-1345		3	2	2	1052-1098,1103-1345	3ZXZ	TYR	1.8	ok	TYR_only_multi_2	1235	TYR,TYR	1.1192077916106664		
P08581	OH		CZ	A	2	1234,1235					TYR	1059-1345		3	2	2	1059-1345	3ZZE	TYR	1.87	ok	TYR_only_multi_2	1234	TYR,TYR	-1.365149715196436		
P08581	OH		CZ	A	2	1234,1235					TYR	1059-1345		3	2	2	1059-1345	3ZZE	TYR	1.87	ok	TYR_only_multi_2	1235	TYR,TYR	-0.07662522044355691		
P08581	OH		CZ	A	2	1234,1235					TYR	1052-1098,1103-1344		3	2	2	1052-1098,1103-1344	4AOI	TYR	1.9	ok	TYR_only_multi_2	1234	TYR,TYR	-1.4665191275212115		
P08581	OH		CZ	A	2	1234,1235					TYR	1052-1098,1103-1344		3	2	2	1052-1098,1103-1344	4AOI	TYR	1.9	ok	TYR_only_multi_2	1235	TYR,TYR	1.1802359683648613		
P08581	OH		CZ	A	2	1234,1235					TYR	1052-1098,1103-1345		3	2	2	1052-1098,1103-1345	4AP7	TYR	1.8	ok	TYR_only_multi_2	1234	TYR,TYR	-2.5445282505763536		
P08581	OH		CZ	A	2	1234,1235					TYR	1052-1098,1103-1345		3	2	2	1052-1098,1103-1345	4AP7	TYR	1.8	ok	TYR_only_multi_2	1235	TYR,TYR	1.439800044876527		
P08581	OH		CZ	A	2	1234,1235					TYR	1052-1097,1104-1148,1152-1346		3	2	2	1052-1097,1104-1148,1152-1346	4DEG	TYR	2.0	ok	TYR_only_multi_2	1234	TYR,TYR	-0.19152121593971394		
P08581	OH		CZ	A	2	1234,1235					TYR	1052-1097,1104-1148,1152-1346		3	2	2	1052-1097,1104-1148,1152-1346	4DEG	TYR	2.0	ok	TYR_only_multi_2	1235	TYR,TYR	-0.23769745840488804		
P08581	OH		CZ	A	2	1234,1235					TYR	1053-1097,1104-1148,1151-1346		3	2	2	1053-1097,1104-1148,1151-1346	4DEH	TYR	2.0	ok	TYR_only_multi_2	1234	TYR,TYR	-0.03284081972034602		
P08581	OH		CZ	A	2	1234,1235					TYR	1053-1097,1104-1148,1151-1346		3	2	2	1053-1097,1104-1148,1151-1346	4DEH	TYR	2.0	ok	TYR_only_multi_2	1235	TYR,TYR	0.057074432740571224		
P08581	OH		CZ	A	2	1234,1235					TYR	1053-1099,1104-1114,1118-1346		3	2	2	1053-1099,1104-1114,1118-1346	4DEI	TYR	2.05	ok	TYR_only_multi_2	1234	TYR,TYR	0.16100362792045475		
P08581	OH		CZ	A	2	1234,1235					TYR	1053-1099,1104-1114,1118-1346		3	2	2	1053-1099,1104-1114,1118-1346	4DEI	TYR	2.05	ok	TYR_only_multi_2	1235	TYR,TYR	-0.004301374873130004		
P08581	OH		CZ	A	2	1234,1235					TYR	1064-1118,1123-1148,1152-1344		3	2	2	1064-1118,1123-1148,1152-1344	4GG5	TYR	2.423	ok	TYR_only_multi_2	1234	TYR,TYR	-0.13993409027738357		
P08581	OH		CZ	A	2	1234,1235					TYR	1064-1118,1123-1148,1152-1344		3	2	2	1064-1118,1123-1148,1152-1344	4GG5	TYR	2.423	ok	TYR_only_multi_2	1235	TYR,TYR	0.17217803615478872		
P08581	OH		CZ	A	2	1234,1235					TYR	1064-1114,1118-1344		3	2	2	1064-1114,1118-1344	4GG7	TYR	2.27	ok	TYR_only_multi_2	1234	TYR,TYR	-0.40202903921016026		
P08581	OH		CZ	A	2	1234,1235					TYR	1064-1114,1118-1344		3	2	2	1064-1114,1118-1344	4GG7	TYR	2.27	ok	TYR_only_multi_2	1235	TYR,TYR	-0.4487621013792258		
P08581	OH		CZ	A	2	1234,1235					TYR	1064-1098,1104-1112,1116-1344		3	2	2	1064-1098,1104-1112,1116-1344	4KNB	TYR	2.4	ok	TYR_only_multi_2	1234	TYR,TYR	-0.15512195083871275		
P08581	OH		CZ	A	2	1234,1235					TYR	1064-1098,1104-1112,1116-1344		3	2	2	1064-1098,1104-1112,1116-1344	4KNB	TYR	2.4	ok	TYR_only_multi_2	1235	TYR,TYR	0.012266915327814324		
P08581	OH		CZ	A	2	1234,1235					TYR	1052-1237,1243-1346		3	2	2	1052-1237,1243-1346	4MXC	TYR	1.632	ok	TYR_only_multi_2	1234	TYR,TYR	0.025415485982193228		
P08581	OH		CZ	A	2	1234,1235					TYR	1052-1237,1243-1346		3	2	2	1052-1237,1243-1346	4MXC	TYR	1.632	ok	TYR_only_multi_2	1235	TYR,TYR	-0.5179069985437683		
P08581	OH		CZ	A	2	1234,1235					TYR	1055-1149,1152-1345		3	2	2	1055-1149,1152-1345	4R1V	TYR	1.2	ok	TYR_only_multi_2	1234	TYR,TYR	-0.9436717647053481		
P08581	OH		CZ	A	2	1234,1235					TYR	1055-1149,1152-1345		3	2	2	1055-1149,1152-1345	4R1V	TYR	1.2	ok	TYR_only_multi_2	1235	TYR,TYR	-0.33118452444841123		
P08581	OH		CZ	A	2	1234,1235					TYR	1062-1098,1105-1113,1122-1147,1152-1238,1241-1346		3	2	2	1062-1098,1105-1113,1122-1147,1152-1238,1241-1346	4R1Y	TYR	2.0	ok	TYR_only_multi_2	1234	TYR,TYR	-0.5209370775768822		
P08581	OH		CZ	A	2	1234,1235					TYR	1062-1098,1105-1113,1122-1147,1152-1238,1241-1346		3	2	2	1062-1098,1105-1113,1122-1147,1152-1238,1241-1346	4R1Y	TYR	2.0	ok	TYR_only_multi_2	1235	TYR,TYR	-1.0516666629939773		
P08581	OH		CZ	A	2	1234,1235					TYR	1051-1097,1104-1345		3	2	2	1051-1097,1104-1345	4XMO	TYR	1.75	ok	TYR_only_multi_2	1234	TYR,TYR	-0.36519290336387655		
P08581	OH		CZ	A	2	1234,1235					TYR	1051-1097,1104-1345		3	2	2	1051-1097,1104-1345	4XMO	TYR	1.75	ok	TYR_only_multi_2	1235	TYR,TYR	0.9148083172185162		
P08581	OH		CZ	A	2	1234,1235					TYR	1052-1098,1104-1346		3	2	2	1052-1098,1104-1346	4XYF	TYR	1.85	ok	TYR_only_multi_2	1234	TYR,TYR	0.3832308047963159		
P08581	OH		CZ	A	2	1234,1235					TYR	1052-1098,1104-1346		3	2	2	1052-1098,1104-1346	4XYF	TYR	1.85	ok	TYR_only_multi_2	1235	TYR,TYR	0.5786210021363348		
P08581	OH		CZ	A	2	1234,1235					TYR	1055-1237,1241-1345		3	2	2	1055-1237,1241-1345	5EOB	TYR	1.75	ok	TYR_only_multi_2	1234	TYR,TYR	-0.21474930369072484		
P08581	OH		CZ	A	2	1234,1235					TYR	1055-1237,1241-1345		3	2	2	1055-1237,1241-1345	5EOB	TYR	1.75	ok	TYR_only_multi_2	1235	TYR,TYR	0.001397349890136997		
P08581	OH		CZ	A	2	1234,1235					TYR	1053-1098,1104-1345		3	2	2	1053-1098,1104-1345	5EYC	TYR	1.8	ok	TYR_only_multi_2	1234	TYR,TYR	0.1580821861220206		
P08581	OH		CZ	A	2	1234,1235					TYR	1053-1098,1104-1345		3	2	2	1053-1098,1104-1345	5EYC	TYR	1.8	ok	TYR_only_multi_2	1235	TYR,TYR	-0.08481426956531753		
P08581	OH		CZ	A	2	1234,1235					TYR	1052-1097,1104-1149,1152-1348		3	2	2	1052-1097,1104-1149,1152-1348	5EYD	TYR	1.85	ok	TYR_only_multi_2	1234	TYR,TYR	0.35482783500321863		
P08581	OH		CZ	A	2	1234,1235					TYR	1052-1097,1104-1149,1152-1348		3	2	2	1052-1097,1104-1149,1152-1348	5EYD	TYR	1.85	ok	TYR_only_multi_2	1235	TYR,TYR	0.25974449514124226		
P08581	OH		CZ	A	2	1234,1235					TYR	1057-1072,1074-1086,1088-1099,1102-1115,1117-1146,1152-1237,1243-1355		3	2	2	1057-1072,1074-1086,1088-1099,1102-1115,1117-1146,1152-1237,1243-1355	5HLW	TYR	1.97	ok	TYR_only_multi_2	1234	TYR,TYR	0.5046885925277951		
P08581	OH		CZ	A	2	1234,1235					TYR	1057-1072,1074-1086,1088-1099,1102-1115,1117-1146,1152-1237,1243-1355		3	2	2	1057-1072,1074-1086,1088-1099,1102-1115,1117-1146,1152-1237,1243-1355	5HLW	TYR	1.97	ok	TYR_only_multi_2	1235	TYR,TYR	0.2540617325294182		
P08581	OH		CZ	A	2	1234,1235					TYR	1052-1237,1243-1346		3	2	2	1052-1237,1243-1346	5HTI	TYR	1.66	ok	TYR_only_multi_2	1234	TYR,TYR	0.17447714069229345		
P08581	OH		CZ	A	2	1234,1235					TYR	1052-1237,1243-1346		3	2	2	1052-1237,1243-1346	5HTI	TYR	1.66	ok	TYR_only_multi_2	1235	TYR,TYR	-0.3896206056487992		
P08581	OH		CZ	A	2	1234,1235					TYR	1029-1034,1059-1097,1106-1113,1121-1147,1153-1360		3	2	2	1029-1033,1059-1097,1106-1113,1121-1147,1153-1360	5UAB	TYR	1.9	ok	TYR_only_multi_2	1234	TYR,TYR	-0.5928259661227686		
P08581	OH		CZ	A	2	1234,1235					TYR	1029-1034,1059-1097,1106-1113,1121-1147,1153-1360		3	2	2	1029-1033,1059-1097,1106-1113,1121-1147,1153-1360	5UAB	TYR	1.9	ok	TYR_only_multi_2	1235	TYR,TYR	0.018005820144150027		
P08581	OH		CZ	A	2	1234,1235					TYR	1029-1034,1059-1097,1106-1113,1118-1147,1153-1360		3	2	2	1029-1033,1059-1097,1106-1113,1118-1147,1153-1360	5UAD	TYR	2.25	ok	TYR_only_multi_2	1234	TYR,TYR	-0.13882274070527398		
P08581	OH		CZ	A	2	1234,1235					TYR	1029-1034,1059-1097,1106-1113,1118-1147,1153-1360		3	2	2	1029-1033,1059-1097,1106-1113,1118-1147,1153-1360	5UAD	TYR	2.25	ok	TYR_only_multi_2	1235	TYR,TYR	0.4537677513902573		
P08581	OH		CZ	A	2	1234,1235					TYR	1057-1098,1103-1114,1122-1146,1152-1345		3	2	2	1057-1098,1103-1114,1122-1146,1152-1345	5YA5	TYR	1.89	ok	TYR_only_multi_2	1234	TYR,TYR	-0.03664529640287724		
P08581	OH		CZ	A	2	1234,1235					TYR	1057-1098,1103-1114,1122-1146,1152-1345		3	2	2	1057-1098,1103-1114,1122-1146,1152-1345	5YA5	TYR	1.89	ok	TYR_only_multi_2	1235	TYR,TYR	0.3456379292107938		
P08581	OH		CZ	A	2	1234,1235					TYR	1062-1114,1120-1147,1153-1227,1233-1236,1241-1345		3	2	2	1062-1114,1120-1147,1153-1227,1233-1236,1241-1345	6SD9	TYR	2.35	ok	TYR_only_multi_2	1234	TYR,TYR	-0.3449514756042512		
P08581	OH		CZ	A	2	1234,1235					TYR	1062-1114,1120-1147,1153-1227,1233-1236,1241-1345		3	2	2	1062-1114,1120-1147,1153-1227,1233-1236,1241-1345	6SD9	TYR	2.35	ok	TYR_only_multi_2	1235	TYR,TYR	0.39278826273723233		
P08581	OH		CZ	A	2	1234,1235					TYR	1052-1098,1101-1171,1174-1237,1243-1346		3	2	2	1052-1098,1101-1171,1174-1237,1243-1346	6SDC	TYR	1.67	ok	TYR_only_multi_2	1234	TYR,TYR	-0.09348366691810392		
P08581	OH		CZ	A	2	1234,1235					TYR	1052-1098,1101-1171,1174-1237,1243-1346		3	2	2	1052-1098,1101-1171,1174-1237,1243-1346	6SDC	TYR	1.67	ok	TYR_only_multi_2	1235	TYR,TYR	-2.1302161818081253		
P08581	OH		CZ	A	2	1234,1235					TYR	1062-1085,1088-1113,1121-1148,1152-1344		3	2	2	1062-1085,1088-1113,1121-1148,1152-1344	6SDD	TYR	1.93	ok	TYR_only_multi_2	1234	TYR,TYR	-0.7296999278305887		
P08581	OH		CZ	A	2	1234,1235					TYR	1062-1085,1088-1113,1121-1148,1152-1344		3	2	2	1062-1085,1088-1113,1121-1148,1152-1344	6SDD	TYR	1.93	ok	TYR_only_multi_2	1235	TYR,TYR	0.027114731794808822		
P08581	OH		CZ	A	2	1234,1235					TYR	1068-1098,1104-1115,1120-1149,1152-1346		3	2	2	1068-1098,1104-1115,1120-1149,1152-1346	6SDE	TYR	2.49	ok	TYR_only_multi_2	1234	TYR,TYR	-1.368198184152058		
P08581	OH		CZ	A	2	1234,1235					TYR	1068-1098,1104-1115,1120-1149,1152-1346		3	2	2	1068-1098,1104-1115,1120-1149,1152-1346	6SDE	TYR	2.49	ok	TYR_only_multi_2	1235	TYR,TYR	-2.278703089159861		
P08581	OH		CZ	A	2	1234,1235					TYR	1029-1034,1059-1098,1102-1113,1118-1147,1153-1360		3	2	2	1029-1033,1059-1098,1102-1113,1118-1147,1153-1360	6UBW	TYR	2.0	ok	TYR_only_multi_2	1234	TYR,TYR	-0.3815903578369712		
P08581	OH		CZ	A	2	1234,1235					TYR	1029-1034,1059-1098,1102-1113,1118-1147,1153-1360		3	2	2	1029-1033,1059-1098,1102-1113,1118-1147,1153-1360	6UBW	TYR	2.0	ok	TYR_only_multi_2	1235	TYR,TYR	0.3407580530646892		
P08581	OH		CZ	A	2	1234,1235					TYR	1055-1238,1246-1344		3	2	2	1055-1238,1246-1344	7B3Q	TYR	1.75	ok	TYR_only_multi_2	1234	TYR,TYR	0.41235273919268345		
P08581	OH		CZ	A	2	1234,1235					TYR	1055-1238,1246-1344		3	2	2	1055-1238,1246-1344	7B3Q	TYR	1.75	ok	TYR_only_multi_2	1235	TYR,TYR	1.4404022157599798		
P08581	OH		CZ	A	2	1234,1235					TYR	1062-1112,1123-1147,1152-1236,1245-1344		3	2	2	1062-1112,1123-1147,1152-1236,1245-1344	7B3T	TYR	2.23	ok	TYR_only_multi_2	1234	TYR,TYR	0.6899974866124535		
P08581	OH		CZ	A	2	1234,1235					TYR	1062-1112,1123-1147,1152-1236,1245-1344		3	2	2	1062-1112,1123-1147,1152-1236,1245-1344	7B3T	TYR	2.23	ok	TYR_only_multi_2	1235	TYR,TYR	0.931783010068507		
P08581	OH		CZ	A	2	1234,1235					TYR	1067-1099,1102-1115,1130-1148,1152-1344		3	2	2	1067-1099,1102-1115,1130-1148,1152-1344	7B3W	TYR	2.02	ok	TYR_only_multi_2	1234	TYR,TYR	0.6593737224495138		
P08581	OH		CZ	A	2	1234,1235					TYR	1067-1099,1102-1115,1130-1148,1152-1344		3	2	2	1067-1099,1102-1115,1130-1148,1152-1344	7B3W	TYR	2.02	ok	TYR_only_multi_2	1235	TYR,TYR	-2.3995445608032657		
P08581	OH		CZ	A	2	1234,1235					TYR	1055-1147,1151-1235,1246-1344		3	2	2	1055-1147,1151-1235,1246-1344	7B3Z	TYR	1.8	ok	TYR_only_multi_2	1234	TYR,TYR	-0.09114666383537384		
P08581	OH		CZ	A	2	1234,1235					TYR	1055-1147,1151-1235,1246-1344		3	2	2	1055-1147,1151-1235,1246-1344	7B3Z	TYR	1.8	ok	TYR_only_multi_2	1235	TYR,TYR	2.3660932601330544		
P08581	OH		CZ	A	2	1234,1235					TYR	1055-1147,1151-1235,1246-1346		3	2	2	1055-1147,1151-1235,1246-1346	7B40	TYR	1.76	ok	TYR_only_multi_2	1234	TYR,TYR	1.2816811898917067		
P08581	OH		CZ	A	2	1234,1235					TYR	1055-1147,1151-1235,1246-1346		3	2	2	1055-1147,1151-1235,1246-1346	7B40	TYR	1.76	ok	TYR_only_multi_2	1235	TYR,TYR	1.6115894552372199		
P08581	OH		CZ	A	2	1234,1235					TYR	1055-1147,1151-1236,1245-1346		3	2	2	1055-1147,1151-1236,1245-1346	7B41	TYR	1.97	ok	TYR_only_multi_2	1234	TYR,TYR	0.8148013411332575		
P08581	OH		CZ	A	2	1234,1235					TYR	1055-1147,1151-1236,1245-1346		3	2	2	1055-1147,1151-1236,1245-1346	7B41	TYR	1.97	ok	TYR_only_multi_2	1235	TYR,TYR	2.389620746804612		
P08581	OH		CZ	A	2	1234,1235					TYR	1055-1147,1151-1236,1245-1344		3	2	2	1055-1147,1151-1236,1245-1344	7B42	TYR	1.8	ok	TYR_only_multi_2	1234	TYR,TYR	-0.038657263470516456		
P08581	OH		CZ	A	2	1234,1235					TYR	1055-1147,1151-1236,1245-1344		3	2	2	1055-1147,1151-1236,1245-1344	7B42	TYR	1.8	ok	TYR_only_multi_2	1235	TYR,TYR	0.2688334703759188		
P08581	OH		CZ	B	2	1234,1235					TYR	1055-1147,1152-1235,1246-1346		3	2	2	1055-1147,1152-1235,1246-1346	7B43	TYR	1.87	ok	TYR_only_multi_2	1234	TYR,TYR	0.09068231292919368		
P08581	OH		CZ	B	2	1234,1235					TYR	1055-1147,1152-1235,1246-1346		3	2	2	1055-1147,1152-1235,1246-1346	7B43	TYR	1.87	ok	TYR_only_multi_2	1235	TYR,TYR	1.640548701258951		
P08581	OH		CZ	A	2	1234,1235					TYR	1055-1147,1151-1238,1246-1346		3	2	2	1055-1147,1151-1238,1246-1346	7B44	TYR	1.76	ok	TYR_only_multi_2	1234	TYR,TYR	0.9387579483819488		
P08581	OH		CZ	A	2	1234,1235					TYR	1055-1147,1151-1238,1246-1346		3	2	2	1055-1147,1151-1238,1246-1346	7B44	TYR	1.76	ok	TYR_only_multi_2	1235	TYR,TYR	1.474140747317283		
P08581	OH		CZ	A	2	1234,1235					TYR	1053-1236,1245-1289,1291-1346		3	2	2	1053-1236,1245-1289,1291-1346	7V3R	TYR	1.7	ok	TYR_only_multi_2	1234	TYR,TYR	-1.2596114316016958		
P08581				A	2	1234,1235					TYR	1053-1236,1245-1289,1291-1346		3	2	2	1053-1236,1245-1289,1291-1346	7V3R	TYR	1.7	missing_required_atoms:OH,CZ	TYR_only_multi_2	1235	TYR,TYR			
P08581	OH		CZ	A	2	1234,1235					TYR	1063-1148,1151-1345		3	2	2	1063-1148,1151-1345	7Y4T	TYR	2.16	ok	TYR_only_multi_2	1234	TYR,TYR	-0.039871927073280605		
P08581	OH		CZ	A	2	1234,1235					TYR	1063-1148,1151-1345		3	2	2	1063-1148,1151-1345	7Y4T	TYR	2.16	ok	TYR_only_multi_2	1235	TYR,TYR	-0.03549927107347679		
P08581	OH		CZ	A	2	1234,1235					TYR	1061-1148,1152-1344		3	2	2	1061-1148,1152-1344	7Y4U	TYR	2.26	ok	TYR_only_multi_2	1234	TYR,TYR	0.003533831389596041		
P08581	OH		CZ	A	2	1234,1235					TYR	1061-1148,1152-1344		3	2	2	1061-1148,1152-1344	7Y4U	TYR	2.26	ok	TYR_only_multi_2	1235	TYR,TYR	-0.024918268037557097		
P08581	OH		CZ	B	2	1234,1235					TYR	1058-1099,1103-1111,1120-1146,1152-1235,1245-1345		3	2	2	1058-1099,1103-1111,1120-1146,1152-1235,1245-1345	8AN8	TYR	2.394	ok	TYR_only_multi_2	1234	TYR,TYR	0.649757465425535		
P08581	OH		CZ	B	2	1234,1235					TYR	1058-1099,1103-1111,1120-1146,1152-1235,1245-1345		3	2	2	1058-1099,1103-1111,1120-1146,1152-1235,1245-1345	8AN8	TYR	2.394	ok	TYR_only_multi_2	1235	TYR,TYR	-0.7602199704090349		
P08581	OH		CZ	A	1	1234					TYR	1066-1113,1120-1148,1152-1235,1244-1345		3	2	1	1066-1113,1120-1148,1152-1235,1244-1345	8AW1	TYR	2.14	ok	TYR_mixed_with_ASP	1234	TYR	-0.7669333087472385		
P08581	OH		CZ	B	2	1234,1235					TYR	1057-1346		3	2	2	1057-1346	8OUU	TYR	1.77	ok	TYR_only_multi_2	1234	TYR,TYR	2.393816367230761		
P08581	OH		CZ	B	2	1234,1235					TYR	1057-1346		3	2	2	1057-1346	8OUU	TYR	1.77	ok	TYR_only_multi_2	1235	TYR,TYR	-1.9781692219715767		
P08581	OH		CZ	A	2	1234,1235					TYR	1053-1346		3	2	2	1053-1346	8OUV	TYR	1.783	ok	TYR_only_multi_2	1234	TYR,TYR	-1.2997944079664512		
P08581	OH		CZ	A	2	1234,1235					TYR	1053-1346		3	2	2	1053-1346	8OUV	TYR	1.783	ok	TYR_only_multi_2	1235	TYR,TYR	-4.023139252227011		
P08581	OH		CZ	A	2	1234,1235					TYR	1051-1099,1104-1148,1152-1346		3	2	2	1051-1099,1104-1148,1152-1346	8OV7	TYR	1.95	ok	TYR_only_multi_2	1234	TYR,TYR	-1.0215163210610998		
P08581	OH		CZ	A	2	1234,1235					TYR	1051-1099,1104-1148,1152-1346		3	2	2	1051-1099,1104-1148,1152-1346	8OV7	TYR	1.95	ok	TYR_only_multi_2	1235	TYR,TYR	-2.2715015579568236		
P08581	OH		CZ	B	2	1234,1235					TYR	1057-1346		3	2	2	1057-1346	8OVZ	TYR	2.206	ok	TYR_only_multi_2	1234	TYR,TYR	-0.688048586805011		
P08581	OH		CZ	B	2	1234,1235					TYR	1057-1346		3	2	2	1057-1346	8OVZ	TYR	2.206	ok	TYR_only_multi_2	1235	TYR,TYR	-2.6486045892552563		
P08581	OH		CZ	A	2	1234,1235					TYR	1040-1147,1151-1344		3	2	2	1040-1147,1151-1344	9IVB	TYR	2.35	ok	TYR_only_multi_2	1234	TYR,TYR	-0.008291726837543804		
P08581	OH		CZ	A	2	1234,1235					TYR	1040-1147,1151-1344		3	2	2	1040-1147,1151-1344	9IVB	TYR	2.35	ok	TYR_only_multi_2	1235	TYR,TYR	-0.1350386612504554		
P08581	OH		CZ	A	2	1234,1235					TYR	1057-1098,1105-1115,1120-1147,1153-1237,1244-1345		3	2	2	1057-1098,1105-1115,1120-1147,1153-1237,1244-1345	9SXJ	TYR	1.315	ok	TYR_only_multi_2	1234	TYR,TYR	0.23203977390930944		
P08581	OH		CZ	A	2	1234,1235					TYR	1057-1098,1105-1115,1120-1147,1153-1237,1244-1345		3	2	2	1057-1098,1105-1115,1120-1147,1153-1237,1244-1345	9SXJ	TYR	1.315	ok	TYR_only_multi_2	1235	TYR,TYR	1.0840169299459181		
P08581	OH		CZ	A	2	1234,1235					TYR	1070-1097,1104-1114,1120-1148,1153-1346		3	2	2	1070-1097,1104-1114,1120-1148,1153-1346	9SZJ	TYR	2.289	ok	TYR_only_multi_2	1234	TYR,TYR	-1.061843357403451		
P08581	OH		CZ	A	2	1234,1235					TYR	1070-1097,1104-1114,1120-1148,1153-1346		3	2	2	1070-1097,1104-1114,1120-1148,1153-1346	9SZJ	TYR	2.289	ok	TYR_only_multi_2	1235	TYR,TYR	-0.6787343807917559		
P08581	OH		CZ	A	2	1234,1235					TYR	1059-1099,1103-1115,1119-1147,1152-1227,1231-1236,1245-1287,1292-1346		3	2	2	1059-1099,1103-1115,1119-1147,1152-1227,1231-1236,1245-1287,1292-1346	9T08	TYR	1.462	ok	TYR_only_multi_2	1234	TYR,TYR	1.3879783672142043		
P08581	OH		CZ	A	2	1234,1235					TYR	1059-1099,1103-1115,1119-1147,1152-1227,1231-1236,1245-1287,1292-1346		3	2	2	1059-1099,1103-1115,1119-1147,1152-1227,1231-1236,1245-1287,1292-1346	9T08	TYR	1.462	ok	TYR_only_multi_2	1235	TYR,TYR	-3.4089843336024037		
P08581	OH		CZ	A	2	1234,1235					TYR	1047-1343		3	2	2	1047-1343	9T0B	TYR	1.539	ok	TYR_only_multi_2	1234	TYR,TYR	3.0061412755826407		
P08581	OH		CZ	A	2	1234,1235					TYR	1047-1343		3	2	2	1047-1343	9T0B	TYR	1.539	ok	TYR_only_multi_2	1235	TYR,TYR	-1.1395770668735845		
P08581	OH		CZ	A	2	1234,1235					TYR	1059-1115,1119-1147,1153-1237,1244-1345		3	2	2	1059-1115,1119-1147,1153-1237,1244-1345	9T0D	TYR	1.196	ok	TYR_only_multi_2	1234	TYR,TYR	2.4642504906643334		
P08581	OH		CZ	A	2	1234,1235					TYR	1059-1115,1119-1147,1153-1237,1244-1345		3	2	2	1059-1115,1119-1147,1153-1237,1244-1345	9T0D	TYR	1.196	ok	TYR_only_multi_2	1235	TYR,TYR	-3.247260625882734		
P08581	OH		CZ	A	2	1234,1235					TYR	1054-1237,1243-1287,1292-1346		3	2	2	1054-1237,1243-1287,1292-1346	9T1Q	TYR	1.942	ok	TYR_only_multi_2	1234	TYR,TYR	0.30930127190548207		
P08581	OH		CZ	A	2	1234,1235					TYR	1054-1237,1243-1287,1292-1346		3	2	2	1054-1237,1243-1287,1292-1346	9T1Q	TYR	1.942	ok	TYR_only_multi_2	1235	TYR,TYR	1.2488595808583052		
P08581	OH		CZ	A	2	1234,1235					TYR	1052-1237,1243-1346		3	2	2	1052-1237,1243-1346	9T2V	TYR	1.665	ok	TYR_only_multi_2	1234	TYR,TYR	1.2888930727737202		
P08581	OH		CZ	A	2	1234,1235					TYR	1052-1237,1243-1346		3	2	2	1052-1237,1243-1346	9T2V	TYR	1.665	ok	TYR_only_multi_2	1235	TYR,TYR	-1.4083893954753761		
P08581	OH		CZ	A	2	1234,1235					TYR	1052-1237,1244-1346		3	2	2	1052-1237,1244-1346	9T3Q	TYR	1.629	ok	TYR_only_multi_2	1234	TYR,TYR	1.3374366252590122		
P08581	OH		CZ	A	2	1234,1235					TYR	1052-1237,1244-1346		3	2	2	1052-1237,1244-1346	9T3Q	TYR	1.629	ok	TYR_only_multi_2	1235	TYR,TYR	-1.1046421349167146		
P08581	OH		CZ	A	2	1234,1235					TYR	1054-1149,1153-1346		3	2	2	1054-1149,1153-1346	9T6K	TYR	1.133	ok	TYR_only_multi_2	1234	TYR,TYR	3.391426856447862		
P08581	OH		CZ	A	2	1234,1235					TYR	1054-1149,1153-1346		3	2	2	1054-1149,1153-1346	9T6K	TYR	1.133	ok	TYR_only_multi_2	1235	TYR,TYR	2.1748638950023502		
P0AES4	OH		CZ	A	1	122					TYR	6-841		1	1	1	6-841	9GBV	TYR	2.32	ok	TYR_single	122	TYR	0.030963359907439154		
P11362	OH		CZ	A	2	653,654					TYR	464-485,491-500,505-579,592-762		3	2	2	464-485,491-500,505-579,592-762	1AGW	TYR	2.4	ok	TYR_only_multi_2	653	TYR,TYR	0.044960189764872496		
P11362	OH		CZ	A	2	653,654					TYR	464-485,491-500,505-579,592-762		3	2	2	464-485,491-500,505-579,592-762	1AGW	TYR	2.4	ok	TYR_only_multi_2	654	TYR,TYR	-1.1321696691379863		
P11362	OH		CZ	A	2	653,654					TYR	464-500,505-579,592-762		3	2	2	464-500,505-579,592-762	1FGI	TYR	2.5	ok	TYR_only_multi_2	653	TYR,TYR	0.47410948621159266		
P11362	OH		CZ	A	2	653,654					TYR	464-500,505-579,592-762		3	2	2	464-500,505-579,592-762	1FGI	TYR	2.5	ok	TYR_only_multi_2	654	TYR,TYR	-0.9533778168181949		
P11362	OH		CZ	A	2	653,654					TYR	464-485,491-500,505-579,592-762		3	2	2	464-485,491-500,505-579,592-762	1FGK	TYR	2.0	ok	TYR_only_multi_2	653	TYR,TYR	0.32907234676257874		
P11362	OH		CZ	A	2	653,654					TYR	464-485,491-500,505-579,592-762		3	2	2	464-485,491-500,505-579,592-762	1FGK	TYR	2.0	ok	TYR_only_multi_2	654	TYR,TYR	-0.3712109506946813		
P11362	OH		CZ	A	2	653,654					TYR	464-485,491-500,505-579,594-645,647-657,659-762		3	2	2	464-485,491-500,505-579,594-645,647-657,659-762	2FGI	TYR	2.5	ok	TYR_only_multi_2	653	TYR,TYR	1.4857658680528092		
P11362	OH		CZ	A	2	653,654					TYR	464-485,491-500,505-579,594-645,647-657,659-762		3	2	2	464-485,491-500,505-579,594-645,647-657,659-762	2FGI	TYR	2.5	ok	TYR_only_multi_2	654	TYR,TYR	-0.07558971908940697		
P11362	OH		CZ	A	2	653,654					TYR	464-579,592-765		3	2	2	464-579,592-765	3C4F	TYR	2.07	ok	TYR_only_multi_2	653	TYR,TYR	-0.006436583982334448		
P11362	OH		CZ	A	2	653,654					TYR	464-579,592-765		3	2	2	464-579,592-765	3C4F	TYR	2.07	ok	TYR_only_multi_2	654	TYR,TYR	0.3639258283515363		
P11362	OH		CZ	A	2	653,654					TYR	464-581,589-765		3	2	2	464-581,589-765	3JS2	TYR	2.2	ok	TYR_only_multi_2	653	TYR,TYR	-0.9637823408861663		
P11362	OH		CZ	A	2	653,654					TYR	464-581,589-765		3	2	2	464-581,589-765	3JS2	TYR	2.2	ok	TYR_only_multi_2	654	TYR,TYR	0.01956010867850589		
P11362	OH		CZ	B	2	653,654					TYR	464-579,592-764		3	2	2	464-500,505-577,594-645,652-761	3RHX	TYR	2.01	ok	TYR_only_multi_2	653	TYR,TYR	0.21925030745818874		
P11362	OH		CZ	B	2	653,654					TYR	464-579,592-764		3	2	2	464-500,505-577,594-645,652-761	3RHX	TYR	2.01	ok	TYR_only_multi_2	654	TYR,TYR	0.3823369216373727		
P11362	OH		CZ	A	2	653,654					TYR	464-485,491-500,505-579,592-762		3	2	2	464-485,491-500,505-579,592-762	4F64	TYR	2.05	ok	TYR_only_multi_2	653	TYR,TYR	-0.4189961744617719		
P11362	OH		CZ	A	2	653,654					TYR	464-485,491-500,505-579,592-762		3	2	2	464-485,491-500,505-579,592-762	4F64	TYR	2.05	ok	TYR_only_multi_2	654	TYR,TYR	-0.029094421127665665		
P11362				A	2	653,654					TYR	464-501,504-579,591-642,653-765		3	2	2	464-501,504-579,591-642,653-765	4F65	TYR	2.26	missing_required_atoms:OH,CZ	TYR_only_multi_2	653	TYR,TYR			
P11362	OH		CZ	A	2	653,654					TYR	464-501,504-579,591-642,653-765		3	2	2	464-501,504-579,591-642,653-765	4F65	TYR	2.26	ok	TYR_only_multi_2	654	TYR,TYR	-0.3686614606484241		
P11362	OH		CZ	B	2	653,654					TYR	458-502,505-579,593-642,649-765		3	2	2	458-502,505-579,593-642,649-765	4NKA	TYR	2.19	ok	TYR_only_multi_2	653	TYR,TYR	0.16753300180745348		
P11362				B	2	653,654					TYR	458-502,505-579,593-642,649-765		3	2	2	458-502,505-579,593-642,649-765	4NKA	TYR	2.19	missing_required_atoms:OH,CZ	TYR_only_multi_2	654	TYR,TYR			
P11362	OH		CZ	B	2	653,654					TYR	461-488,490-500,505-577,594-645,652-656,660-761		3	2	2	461-488,490-500,505-577,594-645,652-656,660-761	4NKS	TYR	2.5	ok	TYR_only_multi_2	653	TYR,TYR	-0.4947591061391795		
P11362	OH		CZ	B	2	653,654					TYR	461-488,490-500,505-577,594-645,652-656,660-761		3	2	2	461-488,490-500,505-577,594-645,652-656,660-761	4NKS	TYR	2.5	ok	TYR_only_multi_2	654	TYR,TYR	-0.3459757729777205		
P11362	OH		CZ	A	2	653,654					TYR	460-764		3	2	2	460-764	4RWI	TYR	2.292	ok	TYR_only_multi_2	653	TYR,TYR	0.2739955086653703		
P11362	OH		CZ	A	2	653,654					TYR	460-764		3	2	2	460-764	4RWI	TYR	2.292	ok	TYR_only_multi_2	654	TYR,TYR	-0.035960717207669454		
P11362	OH		CZ	A	2	653,654					TYR	458-657,659-764		3	2	2	458-657,659-764	4RWJ	TYR	2.489	ok	TYR_only_multi_2	653	TYR,TYR	0.09723660564605738		
P11362	OH		CZ	A	2	653,654					TYR	458-657,659-764		3	2	2	458-657,659-764	4RWJ	TYR	2.489	ok	TYR_only_multi_2	654	TYR,TYR	-0.06543591715431947		
P11362	OH		CZ	B	2	653,654					TYR	458-501,505-579,593-644,651-764		3	2	2	458-501,505-579,593-644,651-764	4RWL	TYR	2.193	ok	TYR_only_multi_2	653	TYR,TYR	-0.1536645437499765		
P11362	OH		CZ	B	2	653,654					TYR	458-501,505-579,593-644,651-764		3	2	2	458-501,505-579,593-644,651-764	4RWL	TYR	2.193	ok	TYR_only_multi_2	654	TYR,TYR	0.1661341913475688		
P11362	OH		CZ	A	2	653,654					TYR	464-584,587-647,649-765		3	2	2	464-584,587-647,649-765	4UWB	TYR	2.31	ok	TYR_only_multi_2	653	TYR,TYR	-0.6123709037521541		
P11362	OH		CZ	A	2	653,654					TYR	464-584,587-647,649-765		3	2	2	464-584,587-647,649-765	4UWB	TYR	2.31	ok	TYR_only_multi_2	654	TYR,TYR	-3.310881568510343		
P11362	OH		CZ	A	2	653,654					TYR	465-765		3	2	2	465-765	4UWC	TYR	1.96	ok	TYR_only_multi_2	653	TYR,TYR	-0.24527013424043767		
P11362	OH		CZ	A	2	653,654					TYR	465-765		3	2	2	465-765	4UWC	TYR	1.96	ok	TYR_only_multi_2	654	TYR,TYR	-0.6073575276414664		
P11362	OH		CZ	A	2	653,654					TYR	462-485,491-762		3	2	2	462-485,491-762	4UWY	TYR	2.305	ok	TYR_only_multi_2	653	TYR,TYR	-0.09347691081009521		
P11362	OH		CZ	A	2	653,654					TYR	462-485,491-762		3	2	2	462-485,491-762	4UWY	TYR	2.305	ok	TYR_only_multi_2	654	TYR,TYR	0.020405203805545277		
P11362	OH		CZ	B	2	653,654					TYR	461-487,490-501,505-578,594-642,651-763		3	2	2	461-487,490-501,505-578,594-642,651-763	4V01	TYR	2.33	ok	TYR_only_multi_2	653	TYR,TYR	-0.28160728093741094		
P11362	OH		CZ	B	2	653,654					TYR	461-487,490-501,505-578,594-642,651-763		3	2	2	461-487,490-501,505-578,594-642,651-763	4V01	TYR	2.33	ok	TYR_only_multi_2	654	TYR,TYR	-1.8105679485886907		
P11362	OH		CZ	A	2	653,654					TYR	463-486,490-584,586-644,651-765		3	2	2	463-486,490-584,586-644,651-765	4V04	TYR	2.12	ok	TYR_only_multi_2	653	TYR,TYR	0.061298280537049575		
P11362	OH		CZ	A	2	653,654					TYR	463-486,490-584,586-644,651-765		3	2	2	463-486,490-584,586-644,651-765	4V04	TYR	2.12	ok	TYR_only_multi_2	654	TYR,TYR	-1.5268184436146215		
P11362	OH		CZ	A	2	653,654					TYR	464-579,592-765		3	2	2	464-579,592-765	4ZSA	TYR	2.0	ok	TYR_only_multi_2	653	TYR,TYR	0.11306511774031258		
P11362	OH		CZ	A	2	653,654					TYR	464-579,592-765		3	2	2	464-579,592-765	4ZSA	TYR	2.0	ok	TYR_only_multi_2	654	TYR,TYR	0.04323525779467963		
P11362	OH		CZ	A	2	653,654					TYR	464-486,489-644,651-765		3	2	2	464-486,489-644,651-765	5A4C	TYR	2.09	ok	TYR_only_multi_2	653	TYR,TYR	-0.9103318929722563		
P11362	OH		CZ	A	2	653,654					TYR	464-486,489-644,651-765		3	2	2	464-486,489-644,651-765	5A4C	TYR	2.09	ok	TYR_only_multi_2	654	TYR,TYR	-2.630556958162108		
P11362	OH		CZ	A	2	653,654					TYR	458-486,490-580,592-765		3	2	2	458-486,490-580,592-765	5AM6	TYR	1.96	ok	TYR_only_multi_2	653	TYR,TYR	-0.3609351075981731		
P11362	OH		CZ	A	2	653,654					TYR	458-486,490-580,592-765		3	2	2	458-486,490-580,592-765	5AM6	TYR	1.96	ok	TYR_only_multi_2	654	TYR,TYR	0.0066076419726478555		
P11362	OH		CZ	A	2	653,654					TYR	458-486,490-580,591-764		3	2	2	458-486,490-580,591-764	5AM7	TYR	1.957	ok	TYR_only_multi_2	653	TYR,TYR	-0.5428557370652504		
P11362	OH		CZ	A	2	653,654					TYR	458-486,490-580,591-764		3	2	2	458-486,490-580,591-764	5AM7	TYR	1.957	ok	TYR_only_multi_2	654	TYR,TYR	0.08418906659146794		
P11362	OH		CZ	A	2	653,654					TYR	464-486,491-579,591-646,650-763		3	2	2	464-486,491-579,591-646,650-763	5B7V	TYR	2.15	ok	TYR_only_multi_2	653	TYR,TYR	0.6309799768347009		
P11362	OH		CZ	A	2	653,654					TYR	464-486,491-579,591-646,650-763		3	2	2	464-486,491-579,591-646,650-763	5B7V	TYR	2.15	ok	TYR_only_multi_2	654	TYR,TYR	-0.8851041727096491		
P11362	OH		CZ	A	2	653,654					TYR	464-580,592-765		3	2	2	464-580,592-765	5EW8	TYR	1.63	ok	TYR_only_multi_2	653	TYR,TYR	0.5424817655087293		
P11362	OH		CZ	A	2	653,654					TYR	464-580,592-765		3	2	2	464-580,592-765	5EW8	TYR	1.63	ok	TYR_only_multi_2	654	TYR,TYR	-1.2926470938286316		
P11362	OH		CZ	A	2	653,654					TYR	464-579,592-764		3	2	2	464-579,592-764	5O49	TYR	1.91	ok	TYR_only_multi_2	653	TYR,TYR	0.04978661536660426		
P11362	OH		CZ	A	2	653,654					TYR	464-579,592-764		3	2	2	464-579,592-764	5O49	TYR	1.91	ok	TYR_only_multi_2	654	TYR,TYR	-0.41837282848509094		
P11362	OH		CZ	B	2	653,654					TYR	460-502,505-585,592-644,650-763		3	2	2	460-502,505-585,592-644,650-763	5O4A	TYR	2.01	ok	TYR_only_multi_2	653	TYR,TYR	-0.011880592034473707		
P11362	OH		CZ	B	2	653,654					TYR	460-502,505-585,592-644,650-763		3	2	2	460-502,505-585,592-644,650-763	5O4A	TYR	2.01	ok	TYR_only_multi_2	654	TYR,TYR	-0.03787227174071665		
P11362	OH		CZ	A	2	653,654					TYR	463-647,649-765		3	2	2	463-647,649-765	5VND	TYR	2.2	ok	TYR_only_multi_2	653	TYR,TYR	-0.4007075106775622		
P11362	OH		CZ	A	2	653,654					TYR	463-647,649-765		3	2	2	463-647,649-765	5VND	TYR	2.2	ok	TYR_only_multi_2	654	TYR,TYR	-0.04714022832439241		
P11362	OH		CZ	A	2	653,654					TYR	464-501,504-579,592-762		3	2	2	464-501,504-579,592-762	5Z0S	TYR	2.45	ok	TYR_only_multi_2	653	TYR,TYR	0.0530250298805656		
P11362	OH		CZ	A	2	653,654					TYR	464-501,504-579,592-762		3	2	2	464-501,504-579,592-762	5Z0S	TYR	2.45	ok	TYR_only_multi_2	654	TYR,TYR	0.21940093921816672		
P11362	OH		CZ	B	2	653,654					TYR	459-585,591-645,651-761		3	2	2	459-585,591-645,651-761	6ITJ	TYR	1.994	ok	TYR_only_multi_2	653	TYR,TYR	-0.07136126401591283		
P11362	OH		CZ	B	2	653,654					TYR	459-585,591-645,651-761		3	2	2	459-585,591-645,651-761	6ITJ	TYR	1.994	ok	TYR_only_multi_2	654	TYR,TYR	-0.30038262771560886		
P11362	OH		CZ	A	2	653,654					TYR	462-500,505-579,592-765		3	2	2	462-500,505-579,592-765	6P69	TYR	2.2	ok	TYR_only_multi_2	653	TYR,TYR	-0.6048084038409134		
P11362	OH		CZ	A	2	653,654					TYR	462-500,505-579,592-765		3	2	2	462-500,505-579,592-765	6P69	TYR	2.2	ok	TYR_only_multi_2	654	TYR,TYR	0.32448131613733244		
P11362	OH		CZ	A	2	653,654					TYR	459-764		3	2	2	459-764	7WCL	TYR	2.495	ok	TYR_only_multi_2	653	TYR,TYR	0.10999936948721704		
P11362	OH		CZ	A	2	653,654					TYR	459-764		3	2	2	459-764	7WCL	TYR	2.495	ok	TYR_only_multi_2	654	TYR,TYR	-0.04981692531019888		
P11362	OH		CZ	A	2	653,654					TYR	460-765		3	2	2	460-765	8JMZ	TYR	1.988	ok	TYR_only_multi_2	653	TYR,TYR	0.4025358857878744		
P11362	OH		CZ	A	2	653,654					TYR	460-765		3	2	2	460-765	8JMZ	TYR	1.988	ok	TYR_only_multi_2	654	TYR,TYR	-0.5400513572750455		
P11362	OH		CZ	A	2	653,654					TYR	462-579,590-764		3	2	2	462-579,590-764	8XLO	TYR	2.36	ok	TYR_only_multi_2	653	TYR,TYR	-0.45688639542654785		
P11362	OH		CZ	A	2	653,654					TYR	462-579,590-764		3	2	2	462-579,590-764	8XLO	TYR	2.36	ok	TYR_only_multi_2	654	TYR,TYR	-0.015016421879589646		
P11362	OH		CZ	A	2	653,654					TYR	461-580,583-765		3	2	2	461-580,583-586,594-645,650-765	8XZ7	TYR	1.75	ok	TYR_only_multi_2	653	TYR,TYR	-0.3013319966393143		
P11362	OH		CZ	A	2	653,654					TYR	461-580,583-765		3	2	2	461-580,583-586,594-645,650-765	8XZ7	TYR	1.75	ok	TYR_only_multi_2	654	TYR,TYR	-0.0394429229033057		
P11362	OH		CZ	A	2	653,654					TYR	458-487,490-764		3	2	2	458-487,490-764	9U7G	TYR	1.66	ok	TYR_only_multi_2	653	TYR,TYR	0.8211171850745066		
P11362	OH		CZ	A	2	653,654					TYR	458-487,490-764		3	2	2	458-487,490-764	9U7G	TYR	1.66	ok	TYR_only_multi_2	654	TYR,TYR	-0.39829942435850024		
P11362	OH		CZ	A	2	653,654					TYR	458-764		3	2	2	458-764	9UHC	TYR	1.88	ok	TYR_only_multi_2	653	TYR,TYR	-0.5128348068615863		
P11362	OH		CZ	A	2	653,654					TYR	458-764		3	2	2	458-764	9UHC	TYR	1.88	ok	TYR_only_multi_2	654	TYR,TYR	0.07526771901194275		
P11362	OH		CZ	A	2	653,654					TYR	458-764		3	2	2	458-764	9UHI	TYR	1.76	ok	TYR_only_multi_2	653	TYR,TYR	-0.4928226110374594		
P11362	OH		CZ	A	2	653,654					TYR	458-764		3	2	2	458-764	9UHI	TYR	1.76	ok	TYR_only_multi_2	654	TYR,TYR	-0.4576606297048437		
P12931	OH		CZ	A	3	338,419,530					TYR	260-423,427-536		3	3	3	260-423,427-536	7NG7	TYR	1.5	ok	TYR_only_multi_3	338	TYR,TYR,TYR	-1.3921535965653642		
P12931	OH		CZ	A	3	338,419,530					TYR	260-423,427-536		3	3	3	260-423,427-536	7NG7	TYR	1.5	ok	TYR_only_multi_3	419	TYR,TYR,TYR	0.1831712101577999		
P12931	OH		CZ	A	3	338,419,530					TYR	260-423,427-536		3	3	3	260-423,427-536	7NG7	TYR	1.5	ok	TYR_only_multi_3	530	TYR,TYR,TYR	1.1206971628828974		
P12931	OH		CZ	A	2	338,530					TYR	261-409,427-536		3	2	2	261-409,427-536	7OTE	TYR	2.49	ok	TYR_only_multi_2	338	TYR,TYR	0.14416966810294277		
P12931	OH		CZ	A	2	338,530					TYR	261-409,427-536		3	2	2	261-409,427-536	7OTE	TYR	2.49	ok	TYR_only_multi_2	530	TYR,TYR	0.21674008039796042		
P12931	OH		CZ	A	2	338,419					TYR	86-536		3	2	2	86-536	8JN8	TYR	1.902	ok	TYR_only_multi_2	338	TYR,TYR	0.6169499886735595		
P12931	OH		CZ	A	2	338,419					TYR	86-536		3	2	2	86-536	8JN8	TYR	1.902	ok	TYR_only_multi_2	419	TYR,TYR	-0.0020217144909685752		
P12931	OH		CZ	A	2	338,419					TYR	86-536		3	2	2	86-529,531-536	9IRL	TYR	2.031	ok	TYR_only_multi_2	338	TYR,TYR	0.19743333882995157		
P12931	OH		CZ	A	2	338,419					TYR	86-536		3	2	2	86-529,531-536	9IRL	TYR	2.031	ok	TYR_only_multi_2	419	TYR,TYR	0.3987574168741101		
P19174	OH		CZ	A	1	783					TYR	547-558,560-772,783-789		1	1	1	547-558,560-772,783-789	4FBN	TYR	2.4	ok	TYR_single	783	TYR	0.4755447875576508		
P21802	OH		CZ	A	3	561,656,657					TYR	467-503,507-580,596-764		6	3	3	467-503,507-580,596-764	1GJO	TYR	2.4	ok	TYR_only_multi_3	561	TYR,TYR,TYR	0.1762542733276002		
P21802	OH		CZ	A	3	561,656,657					TYR	467-503,507-580,596-764		6	3	3	467-503,507-580,596-764	1GJO	TYR	2.4	ok	TYR_only_multi_3	656	TYR,TYR,TYR	0.10766940440359068		
P21802	OH		CZ	A	3	561,656,657					TYR	467-503,507-580,596-764		6	3	3	467-503,507-580,596-764	1GJO	TYR	2.4	ok	TYR_only_multi_3	657	TYR,TYR,TYR	1.9195227095456338		
P21802	OH		CZ	A	3	561,656,657					TYR	467-503,507-580,596-765		6	3	3	467-503,507-580,596-765	1OEC	TYR	2.4	ok	TYR_only_multi_3	561	TYR,TYR,TYR	0.3407805239838377		
P21802	OH		CZ	A	3	561,656,657					TYR	467-503,507-580,596-765		6	3	3	467-503,507-580,596-765	1OEC	TYR	2.4	ok	TYR_only_multi_3	656	TYR,TYR,TYR	-1.379559429984244		
P21802	OH		CZ	A	3	561,656,657					TYR	467-503,507-580,596-765		6	3	3	467-503,507-580,596-765	1OEC	TYR	2.4	ok	TYR_only_multi_3	657	TYR,TYR,TYR	1.2061326365726381		
P21802	OH		CZ	A	3	561,656,657					TYR	468-582,594-765		6	3	3	468-582,594-765	2PSQ	TYR	2.4	ok	TYR_only_multi_3	561	TYR,TYR,TYR	0.6368196780241338		
P21802	OH		CZ	A	3	561,656,657					TYR	468-582,594-765		6	3	3	468-582,594-765	2PSQ	TYR	2.4	ok	TYR_only_multi_3	656	TYR,TYR,TYR	-0.34880032340877454		
P21802	OH		CZ	A	3	561,656,657					TYR	468-582,594-765		6	3	3	468-582,594-765	2PSQ	TYR	2.4	ok	TYR_only_multi_3	657	TYR,TYR,TYR	0.32972827753162265		
P21802	OH		CZ	A	3	561,656,657					TYR	467-487,494-584,589-764		6	3	3	467-487,494-584,589-764	2PVY	TYR	2.2	ok	TYR_only_multi_3	561	TYR,TYR,TYR	0.19472769268607154		
P21802	OH		CZ	A	3	561,656,657					TYR	467-487,494-584,589-764		6	3	3	467-487,494-584,589-764	2PVY	TYR	2.2	ok	TYR_only_multi_3	656	TYR,TYR,TYR	1.4701645287326608		
P21802	OH		CZ	A	3	561,656,657					TYR	467-487,494-584,589-764		6	3	3	467-487,494-584,589-764	2PVY	TYR	2.2	ok	TYR_only_multi_3	657	TYR,TYR,TYR	0.8485538846001393		
P21802	OH		CZ	A	3	561,656,657					TYR	467-581,596-764		6	3	3	467-581,596-764	2PWL	TYR	2.4	ok	TYR_only_multi_3	561	TYR,TYR,TYR	0.4596426551097119		
P21802	OH		CZ	A	3	561,656,657					TYR	467-581,596-764		6	3	3	467-581,596-764	2PWL	TYR	2.4	ok	TYR_only_multi_3	656	TYR,TYR,TYR	0.8892015236559295		
P21802	OH		CZ	A	3	561,656,657					TYR	467-581,596-764		6	3	3	467-581,596-764	2PWL	TYR	2.4	ok	TYR_only_multi_3	657	TYR,TYR,TYR	1.285570725272255		
P21802	OH		CZ	A	3	561,656,657					TYR	468-487,492-581,595-766		6	3	3	468-487,492-581,595-766	2PY3	TYR	2.3	ok	TYR_only_multi_3	561	TYR,TYR,TYR	1.3828601177425965		
P21802	OH		CZ	A	3	561,656,657					TYR	468-487,492-581,595-766		6	3	3	468-487,492-581,595-766	2PY3	TYR	2.3	ok	TYR_only_multi_3	656	TYR,TYR,TYR	0.6505040776912386		
P21802	OH		CZ	A	3	561,656,657					TYR	468-487,492-581,595-766		6	3	3	468-487,492-581,595-766	2PY3	TYR	2.3	ok	TYR_only_multi_3	657	TYR,TYR,TYR	-0.0011395521864500918		
P21802	OH		CZ	A	3	561,656,657					TYR	468-487,494-581,595-766		6	3	3	468-487,494-581,595-766	2PZ5	TYR	2.4	ok	TYR_only_multi_3	561	TYR,TYR,TYR	0.7057492190905564		
P21802	OH		CZ	A	3	561,656,657					TYR	468-487,494-581,595-766		6	3	3	468-487,494-581,595-766	2PZ5	TYR	2.4	ok	TYR_only_multi_3	656	TYR,TYR,TYR	1.2118829879759245		
P21802	OH		CZ	A	3	561,656,657					TYR	468-487,494-581,595-766		6	3	3	468-487,494-581,595-766	2PZ5	TYR	2.4	ok	TYR_only_multi_3	657	TYR,TYR,TYR	0.5136581998311975		
P21802	OH		CZ	A	3	561,656,657					TYR	468-487,494-581,595-766		6	3	3	468-487,494-581,595-766	2PZP	TYR	2.4	ok	TYR_only_multi_3	561	TYR,TYR,TYR	1.710793261514915		
P21802	OH		CZ	A	3	561,656,657					TYR	468-487,494-581,595-766		6	3	3	468-487,494-581,595-766	2PZP	TYR	2.4	ok	TYR_only_multi_3	656	TYR,TYR,TYR	0.14674452728755955		
P21802	OH		CZ	A	3	561,656,657					TYR	468-487,494-581,595-766		6	3	3	468-487,494-581,595-766	2PZP	TYR	2.4	ok	TYR_only_multi_3	657	TYR,TYR,TYR	0.3954170483030555		
P21802	OH		CZ	A	3	561,656,657					TYR	468-582,596-765		6	3	3	468-582,596-765	3RI1	TYR	2.1	ok	TYR_only_multi_3	561	TYR,TYR,TYR	0.02763204136860745		
P21802	OH		CZ	A	3	561,656,657					TYR	468-582,596-765		6	3	3	468-582,596-765	3RI1	TYR	2.1	ok	TYR_only_multi_3	656	TYR,TYR,TYR	-0.023990351566764954		
P21802	OH		CZ	A	3	561,656,657					TYR	468-582,596-765		6	3	3	468-582,596-765	3RI1	TYR	2.1	ok	TYR_only_multi_3	657	TYR,TYR,TYR	0.3086082132100738		
P21802	OH		CZ	B	3	561,656,657					TYR	468-581,597-764		6	3	3	468-581,597-764	4J95	TYR	2.3767	ok	TYR_only_multi_3	561	TYR,TYR,TYR	0.00518414646120552		
P21802	OH		CZ	B	3	561,656,657					TYR	468-581,597-764		6	3	3	468-581,597-764	4J95	TYR	2.3767	ok	TYR_only_multi_3	656	TYR,TYR,TYR	-0.2670109654307558		
P21802	OH		CZ	B	3	561,656,657					TYR	468-581,597-764		6	3	3	468-581,597-764	4J95	TYR	2.3767	ok	TYR_only_multi_3	657	TYR,TYR,TYR	-0.1415814791352319		
P21802	OH		CZ	A	4	561,588,656,657					TYR	461-582,587-766		6	4	4	461-582,587-766	4J96	TYR	2.2972	ok	TYR_only_multi_4	561	TYR,TYR,TYR,TYR	-0.25037198490905055		
P21802	OH		CZ	A	4	561,588,656,657					TYR	461-582,587-766		6	4	4	461-582,587-766	4J96	TYR	2.2972	ok	TYR_only_multi_4	588	TYR,TYR,TYR,TYR	0.8514502885508514		
P21802	OH		CZ	A	4	561,588,656,657					TYR	461-582,587-766		6	4	4	461-582,587-766	4J96	TYR	2.2972	ok	TYR_only_multi_4	656	TYR,TYR,TYR,TYR	-0.16660279146359258		
P21802	OH		CZ	A	4	561,588,656,657					TYR	461-582,587-766		6	4	4	461-582,587-766	4J96	TYR	2.2972	ok	TYR_only_multi_4	657	TYR,TYR,TYR,TYR	-0.6258635994588156		
P21802	OH		CZ	B	5	561,586,588,656,657					TYR	462-766		6	5	5	462-766	4J96	TYR	2.2972	ok	TYR_only_multi_5	586	TYR,TYR,TYR,TYR,TYR	-0.4817060570624056		
P21802	OH		CZ	A	5	561,586,588,656,657					TYR	461-764		6	5	5	461-764	4J98	TYR	2.3067	ok	TYR_only_multi_5	561	TYR,TYR,TYR,TYR,TYR	-0.06278969104805526		
P21802				A	5	561,586,588,656,657					TYR	461-764		6	5	5	461-764	4J98	TYR	2.3067	missing_required_atoms:OH,CZ	TYR_only_multi_5	586	TYR,TYR,TYR,TYR,TYR			
P21802	OH		CZ	A	5	561,586,588,656,657					TYR	461-764		6	5	5	461-764	4J98	TYR	2.3067	ok	TYR_only_multi_5	588	TYR,TYR,TYR,TYR,TYR	0.3629182760502105		
P21802	OH		CZ	A	5	561,586,588,656,657					TYR	461-764		6	5	5	461-764	4J98	TYR	2.3067	ok	TYR_only_multi_5	656	TYR,TYR,TYR,TYR,TYR	0.08194336238528983		
P21802	OH		CZ	A	5	561,586,588,656,657					TYR	461-764		6	5	5	461-764	4J98	TYR	2.3067	ok	TYR_only_multi_5	657	TYR,TYR,TYR,TYR,TYR	-0.7467662337021777		
P21802	OH		CZ	D	3	561,656,657					TYR	465-580,597-659,663-764		6	3	3	465-580,597-659,663-764	4J99	TYR	1.8474	ok	TYR_only_multi_3	561	TYR,TYR,TYR	-0.31246604939108674		
P21802	OH		CZ	D	3	561,656,657					TYR	465-580,597-659,663-764		6	3	3	465-580,597-659,663-764	4J99	TYR	1.8474	ok	TYR_only_multi_3	656	TYR,TYR,TYR	0.5540649039891004		
P21802	OH		CZ	D	3	561,656,657					TYR	465-580,597-659,663-764		6	3	3	465-580,597-659,663-764	4J99	TYR	1.8474	ok	TYR_only_multi_3	657	TYR,TYR,TYR	0.24791675299884947		
P21802	OH		CZ	B	5	561,586,588,656,657					TYR	467-589,597-764		6	5	5	467-589,597-764	4J99	TYR	1.8474	ok	TYR_only_multi_5	586	TYR,TYR,TYR,TYR,TYR	-0.08907795807138104		
P21802	OH		CZ	B	5	561,586,588,656,657					TYR	467-589,597-764		6	5	5	467-589,597-764	4J99	TYR	1.8474	ok	TYR_only_multi_5	588	TYR,TYR,TYR,TYR,TYR	0.1687556327694602		
P21802	OH		CZ	B	1	561					TYR	468-580,593-764		6	1	1	468-580,598-651,663-764	5UGL	TYR	1.861	ok	TYR_single	561	TYR	-0.5861463832985612		
P21802	OH		CZ	B	1	561					TYR	468-764		6	1	1	468-584,590-650,661-764	5UGX	TYR	2.349	ok	TYR_single	561	TYR	-0.1502788310131012		
P21802	OH		CZ	A	4	561,588,656,657					TYR	461-582,588-766		6	4	4	461-582,588-766	5UI0	TYR	2.05	ok	TYR_only_multi_4	561	TYR,TYR,TYR,TYR	0.2687107152963395		
P21802	OH		CZ	A	4	561,588,656,657					TYR	461-582,588-766		6	4	4	461-582,588-766	5UI0	TYR	2.05	ok	TYR_only_multi_4	588	TYR,TYR,TYR,TYR	0.4200001479307654		
P21802	OH		CZ	A	4	561,588,656,657					TYR	461-582,588-766		6	4	4	461-582,588-766	5UI0	TYR	2.05	ok	TYR_only_multi_4	656	TYR,TYR,TYR,TYR	0.011572041846539337		
P21802	OH		CZ	A	4	561,588,656,657					TYR	461-582,588-766		6	4	4	461-582,588-766	5UI0	TYR	2.05	ok	TYR_only_multi_4	657	TYR,TYR,TYR,TYR	-0.3063434927356093		
P21802	OH		CZ	B	5	561,586,588,656,657					TYR	462-765		6	5	5	462-765	5UI0	TYR	2.05	ok	TYR_only_multi_5	586	TYR,TYR,TYR,TYR,TYR	-0.22511090550023222		
P21802	OH		CZ	A	2	656,657					TYR	468-583,595-766		6	2	2	468-583,595-766	6LVK	TYR	2.29	ok	TYR_only_multi_2	656	TYR,TYR	-0.0948432232546447		
P21802	OH		CZ	A	2	656,657					TYR	468-583,595-766		6	2	2	468-583,595-766	6LVK	TYR	2.29	ok	TYR_only_multi_2	657	TYR,TYR	0.6690038952014317		
P21802	OH		CZ	B	3	561,656,657					TYR	467-582,596-767		6	3	3	467-582,596-767	7KIA	TYR	2.22	ok	TYR_only_multi_3	561	TYR,TYR,TYR	0.11061024465310276		
P21802	OH		CZ	B	3	561,656,657					TYR	467-582,596-767		6	3	3	467-582,596-767	7KIA	TYR	2.22	ok	TYR_only_multi_3	656	TYR,TYR,TYR	0.13912596099074548		
P21802	OH		CZ	B	3	561,656,657					TYR	467-582,596-767		6	3	3	467-582,596-767	7KIA	TYR	2.22	ok	TYR_only_multi_3	657	TYR,TYR,TYR	0.7750586122788764		
P21802	OH		CZ	B	3	561,656,657					TYR	466-583,594-767		6	3	3	466-583,594-767	7KIE	TYR	2.47	ok	TYR_only_multi_3	561	TYR,TYR,TYR	0.34968701420733844		
P21802	OH		CZ	B	3	561,656,657					TYR	466-583,594-767		6	3	3	466-583,594-767	7KIE	TYR	2.47	ok	TYR_only_multi_3	656	TYR,TYR,TYR	-0.4616323556822208		
P21802	OH		CZ	B	3	561,656,657					TYR	466-583,594-767		6	3	3	466-583,594-767	7KIE	TYR	2.47	ok	TYR_only_multi_3	657	TYR,TYR,TYR	1.9299165920777879		
P21802	OH		CZ	B	3	561,656,657					TYR	468-582,595-767		6	3	3	468-582,595-767	8SWE	TYR	2.24	ok	TYR_only_multi_3	561	TYR,TYR,TYR	0.49153165550031974		
P21802	OH		CZ	B	3	561,656,657					TYR	468-582,595-767		6	3	3	468-582,595-767	8SWE	TYR	2.24	ok	TYR_only_multi_3	656	TYR,TYR,TYR	-0.010813645738288346		
P21802	OH		CZ	B	3	561,656,657					TYR	468-582,595-767		6	3	3	468-582,595-767	8SWE	TYR	2.24	ok	TYR_only_multi_3	657	TYR,TYR,TYR	0.22957893776043733		
P21802	OH		CZ	A	3	561,656,657					TYR	467-580,595-657,663-764		6	3	3	467-580,595-657,663-764	8W3B	TYR	2.23	ok	TYR_only_multi_3	561	TYR,TYR,TYR	-0.012716624906408763		
P21802	OH		CZ	A	3	561,656,657					TYR	467-580,595-657,663-764		6	3	3	467-580,595-657,663-764	8W3B	TYR	2.23	ok	TYR_only_multi_3	656	TYR,TYR,TYR	0.41078424890996773		
P21802	OH		CZ	A	3	561,656,657					TYR	467-580,595-657,663-764		6	3	3	467-580,595-657,663-764	8W3B	TYR	2.23	ok	TYR_only_multi_3	657	TYR,TYR,TYR	-0.4518682043829001		
P21802	OH		CZ	C	5	561,586,588,656,657					TYR	467-658,663-764		6	5	5	467-658,663-764	8W3B	TYR	2.23	ok	TYR_only_multi_5	586	TYR,TYR,TYR,TYR,TYR	-0.014680590465365658		
P21802	OH		CZ	C	5	561,586,588,656,657					TYR	467-658,663-764		6	5	5	467-658,663-764	8W3B	TYR	2.23	ok	TYR_only_multi_5	588	TYR,TYR,TYR,TYR,TYR	0.0593370241635697		
P21802	OH		CZ	C	5	561,586,588,656,657					TYR	467-766		6	5	5	467-766	8W3D	TYR	2.04	ok	TYR_only_multi_5	561	TYR,TYR,TYR,TYR,TYR	0.07299754348201708		
P21802	OH		CZ	C	5	561,586,588,656,657					TYR	467-766		6	5	5	467-766	8W3D	TYR	2.04	ok	TYR_only_multi_5	586	TYR,TYR,TYR,TYR,TYR	0.023490998350312358		
P21802	OH		CZ	C	5	561,586,588,656,657					TYR	467-766		6	5	5	467-766	8W3D	TYR	2.04	ok	TYR_only_multi_5	588	TYR,TYR,TYR,TYR,TYR	0.1479663946545359		
P21802	OH		CZ	C	5	561,586,588,656,657					TYR	467-766		6	5	5	467-766	8W3D	TYR	2.04	ok	TYR_only_multi_5	656	TYR,TYR,TYR,TYR,TYR	-0.05916085099528588		
P21802	OH		CZ	C	5	561,586,588,656,657					TYR	467-766		6	5	5	467-766	8W3D	TYR	2.04	ok	TYR_only_multi_5	657	TYR,TYR,TYR,TYR,TYR	0.1862663888119776		
P21802	OH		CZ	A	3	561,656,657					TYR	467-582,592-763		6	3	3	467-582,592-763	9U7E	TYR	2.2	ok	TYR_only_multi_3	561	TYR,TYR,TYR	0.5223133746732568		
P21802	OH		CZ	A	3	561,656,657					TYR	467-582,592-763		6	3	3	467-582,592-763	9U7E	TYR	2.2	ok	TYR_only_multi_3	656	TYR,TYR,TYR	0.05547851700724901		
P21802	OH		CZ	A	3	561,656,657					TYR	467-582,592-763		6	3	3	467-582,592-763	9U7E	TYR	2.2	ok	TYR_only_multi_3	657	TYR,TYR,TYR	0.09939738044176391		
P21802	OH		CZ	A	5	561,586,588,656,657					TYR	467-764		6	5	5	467-764	9U7S	TYR	1.99	ok	TYR_only_multi_5	561	TYR,TYR,TYR,TYR,TYR	0.17903609975696477		
P21802	OH		CZ	A	5	561,586,588,656,657					TYR	467-764		6	5	5	467-764	9U7S	TYR	1.99	ok	TYR_only_multi_5	586	TYR,TYR,TYR,TYR,TYR	0.11302712628359919		
P21802	OH		CZ	A	5	561,586,588,656,657					TYR	467-764		6	5	5	467-764	9U7S	TYR	1.99	ok	TYR_only_multi_5	588	TYR,TYR,TYR,TYR,TYR	-0.0755375464208035		
P21802	OH		CZ	A	5	561,586,588,656,657					TYR	467-764		6	5	5	467-764	9U7S	TYR	1.99	ok	TYR_only_multi_5	656	TYR,TYR,TYR,TYR,TYR	-0.6450469652343676		
P21802	OH		CZ	A	5	561,586,588,656,657					TYR	467-764		6	5	5	467-764	9U7S	TYR	1.99	ok	TYR_only_multi_5	657	TYR,TYR,TYR,TYR,TYR	-0.1048996261884518		
P22607	OH		CZ	A	3	577,647,648					TYR	459-582,587-755		3	3	3	459-582,587-755	4K33	TYR	2.3405	ok	TYR_only_multi_3	577	TYR,TYR,TYR	0.8869745817273504		
P22607	OH		CZ	A	3	577,647,648					TYR	459-582,587-755		3	3	3	459-582,587-755	4K33	TYR	2.3405	ok	TYR_only_multi_3	647	TYR,TYR,TYR	-0.09778922322316916		
P22607	OH		CZ	A	3	577,647,648					TYR	459-582,587-755		3	3	3	459-582,587-755	4K33	TYR	2.3405	ok	TYR_only_multi_3	648	TYR,TYR,TYR	-0.22246446498120745		
P22607	OH		CZ	B	2	647,648					TYR	455-576,585-756		3	2	2	455-576,585-756	6PNX	TYR	2.199	ok	TYR_only_multi_2	647	TYR,TYR	0.011755169436963753		
P22607	OH		CZ	B	2	647,648					TYR	455-576,585-756		3	2	2	455-576,585-756	6PNX	TYR	2.199	ok	TYR_only_multi_2	648	TYR,TYR	0.056678690439870505		
P22607	OH		CZ	A	2	647,648					TYR	460-573,586-639,644-649,654-756		3	2	2	460-573,586-639,644-649,654-756	8UDU	TYR	1.737	ok	TYR_only_multi_2	647	TYR,TYR	-0.6752584939300055		
P22607	OH		CZ	A	2	647,648					TYR	460-573,586-639,644-649,654-756		3	2	2	460-573,586-639,644-649,654-756	8UDU	TYR	1.737	ok	TYR_only_multi_2	648	TYR,TYR	-0.41009857247392145		
P22607	OH		CZ	A	1	648					TYR	458-573,586-640,648-755		3	1	1	458-573,586-640,648-755	8UDV	TYR	2.348	ok	TYR_single	648	TYR	-1.0296622479262698		
P22607	OH		CZ	A	2	647,648					TYR	461-573,586-754		3	2	2	461-573,586-754	9D1X	TYR	1.6	ok	TYR_only_multi_2	647	TYR,TYR	-0.4511562245487202		
P22607	OH		CZ	A	2	647,648					TYR	461-573,586-754		3	2	2	461-573,586-754	9D1X	TYR	1.6	ok	TYR_only_multi_2	648	TYR,TYR	3.980750891741637		
P22681	OH		CZ	C	1	371					TYR	52-354,359-435		1	1	1	52-354,359-435	2Y1N	TYR	1.999	ok	TYR_single	371	TYR	-0.19577495526145294		
P23458	OH		CZ	A	1	1034					TYR	869-894,898-912,918-946,951-1153		2	1	1	869-894,898-912,918-946,951-1153	6C7Y	TYR	2.499	ok	TYR_single	1034	TYR	-0.09621582198782432		
P24941	OH		CZ	A	1	15					TYR	1-35,44-148,162-298		3	1	1	1-35,44-148,162-298	1AQ1	TYR	2.0	ok	TYR_single	15	TYR	0.5544888102292636		
P24941	OH		CZ	A	2	15,159					TYR	1-35,44-298		3	3	2	1-35,44-298	1B38	TYR	2.0	ok	TYR_mixed_with_THR	15	TYR,TYR	0.12977230943538481		
P24941	OH		CZ	A	2	15,159					TYR	1-35,44-298		3	3	2	1-35,44-298	1B38	TYR	2.0	ok	TYR_mixed_with_THR	159	TYR,TYR	0.5126032662992634		
P24941	OH		CZ	A	2	15,159					TYR	1-35,44-298		3	3	2	1-35,44-298	1B39	TYR	2.1	ok	TYR_mixed_with_THR	15	TYR,TYR	1.857000368341904		
P24941	OH		CZ	A	2	15,159					TYR	1-35,44-298		3	3	2	1-35,44-298	1B39	TYR	2.1	ok	TYR_mixed_with_THR	159	TYR,TYR	-0.2499607411669538		
P24941	OH		CZ	A	1	15					TYR	1-35,44-152,164-298		3	1	1	1-35,44-152,164-298	1CKP	TYR	2.05	ok	TYR_single	15	TYR	-0.5251018594811534		
P24941	OH		CZ	A	1	15					TYR	1-36,43-152,162-298		3	1	1	1-36,43-152,162-298	1DI8	TYR	2.2	ok	TYR_single	15	TYR	0.35380474324501		
P24941	OH		CZ	A	1	15					TYR	1-35,45-148,164-298		3	1	1	1-35,45-148,164-298	1DM2	TYR	2.1	ok	TYR_single	15	TYR	1.044997779015211		
P24941	OH		CZ	A	2	15,159					TYR	1-35,44-298		3	3	2	1-35,44-298	1E1V	TYR	1.95	ok	TYR_mixed_with_THR	15	TYR,TYR	-0.498365366342222		
P24941	OH		CZ	A	2	15,159					TYR	1-35,44-298		3	3	2	1-35,44-298	1E1V	TYR	1.95	ok	TYR_mixed_with_THR	159	TYR,TYR	0.9524961400567945		
P24941	OH		CZ	A	2	15,159					TYR	1-35,44-298		3	3	2	1-35,44-298	1E1X	TYR	1.85	ok	TYR_mixed_with_THR	15	TYR,TYR	-0.09342286125358357		
P24941	OH		CZ	A	2	15,159					TYR	1-35,44-298		3	3	2	1-35,44-298	1E1X	TYR	1.85	ok	TYR_mixed_with_THR	159	TYR,TYR	0.09498386599593721		
P24941	OH		CZ	A	2	15,159					TYR	1-296		3	2	2	1-296	1E9H	TYR	2.5	ok	TYR_only_multi_2	15	TYR,TYR	0.28804930378706334		
P24941	OH		CZ	A	2	15,159					TYR	1-296		3	2	2	1-296	1E9H	TYR	2.5	ok	TYR_only_multi_2	159	TYR,TYR	-0.7708084777922624		
P24941	OH		CZ	A	2	15,159					TYR	1-9,12-298		3	3	2	1-9,12-298	1F5Q	TYR	2.5	ok	TYR_mixed_with_THR	15	TYR,TYR	1.4232604933890278		
P24941	OH		CZ	A	2	15,159					TYR	1-9,12-298		3	3	2	1-9,12-298	1F5Q	TYR	2.5	ok	TYR_mixed_with_THR	159	TYR,TYR	1.6805097401761069		
P24941	OH		CZ	A	2	15,159					TYR	1-298		3	3	2	1-298	1FIN	TYR	2.3	ok	TYR_mixed_with_THR	15	TYR,TYR	-0.7576972334555999		
P24941	OH		CZ	A	2	15,159					TYR	1-298		3	3	2	1-298	1FIN	TYR	2.3	ok	TYR_mixed_with_THR	159	TYR,TYR	-0.8564358596292609		
P24941	OH		CZ	A	1	15					TYR	1-36,44-153,163-298		3	1	1	1-36,44-153,163-298	1FVT	TYR	2.2	ok	TYR_single	15	TYR	-0.31266390185299775		
P24941	OH		CZ	A	1	15					TYR	1-35,44-152,164-298		3	1	1	1-35,44-152,164-298	1GII	TYR	2.0	ok	TYR_single	15	TYR	0.5629012390655159		
P24941	OH		CZ	A	1	15					TYR	1-36,48-149,164-298		3	1	1	1-36,48-149,164-298	1GIJ	TYR	2.2	ok	TYR_single	15	TYR	-1.7039992379539068		
P24941	OH		CZ	A	2	15,159					TYR	1-36,44-298		3	3	2	1-36,44-298	1GZ8	TYR	1.3	ok	TYR_mixed_with_THR	15	TYR,TYR	-1.3381095490571733		
P24941	OH		CZ	A	2	15,159					TYR	1-36,44-298		3	3	2	1-36,44-298	1GZ8	TYR	1.3	ok	TYR_mixed_with_THR	159	TYR,TYR	0.40885721901645095		
P24941				A	1	15					TYR	1-12,15-35,44-151,162-298		3	1	1	1-12,15-35,44-151,162-298	1H00	TYR	1.6	missing_required_atoms:OH,CZ	TYR_single	15	TYR			
P24941	OH		CZ	A	2	15,159					TYR	1-36,46-296		3	3	2	1-36,46-296	1H01	TYR	1.79	ok	TYR_mixed_with_THR	15	TYR,TYR	-0.07617245995804281		
P24941	OH		CZ	A	2	15,159					TYR	1-36,46-296		3	3	2	1-36,46-296	1H01	TYR	1.79	ok	TYR_mixed_with_THR	159	TYR,TYR	-0.35008599102326016		
P24941				A	2	15,159					TYR	1-36,44-150,155-296		3	3	2	1-36,44-150,155-296	1H07	TYR	1.85	missing_required_atoms:OH,CZ	TYR_mixed_with_THR	15	TYR,TYR			
P24941	OH		CZ	A	2	15,159					TYR	1-36,44-150,155-296		3	3	2	1-36,44-150,155-296	1H07	TYR	1.85	ok	TYR_mixed_with_THR	159	TYR,TYR	-0.15938162805998998		
P24941	OH		CZ	A	1	15					TYR	1-35,44-153,161-298		3	1	1	1-35,44-153,161-298	1H08	TYR	1.8	ok	TYR_single	15	TYR	-2.325493161564587		
P24941	OH		CZ	A	1	15					TYR	1-36,44-158,162-298		3	1	1	1-36,44-158,162-298	1H0V	TYR	1.9	ok	TYR_single	15	TYR	0.843029482091561		
P24941	OH		CZ	A	1	15					TYR	1-36,44-156,165-298		3	1	1	1-36,44-156,165-298	1H0W	TYR	2.1	ok	TYR_single	15	TYR	-0.28596029398684253		
P24941	OH		CZ	A	2	15,159					TYR	1-296		3	2	2	1-296	1H1P	TYR	2.1	ok	TYR_only_multi_2	15	TYR,TYR	0.3762783990258473		
P24941	OH		CZ	A	2	15,159					TYR	1-296		3	2	2	1-296	1H1P	TYR	2.1	ok	TYR_only_multi_2	159	TYR,TYR	-0.08912972285465877		
P24941	OH		CZ	A	2	15,159					TYR	1-296		3	2	2	1-296	1H1Q	TYR	2.5	ok	TYR_only_multi_2	15	TYR,TYR	-0.11164139081981692		
P24941	OH		CZ	A	2	15,159					TYR	1-296		3	2	2	1-296	1H1Q	TYR	2.5	ok	TYR_only_multi_2	159	TYR,TYR	0.1458794500613448		
P24941	OH		CZ	A	2	15,159					TYR	1-296		3	2	2	1-296	1H1R	TYR	2.0	ok	TYR_only_multi_2	15	TYR,TYR	-0.23762423395535667		
P24941	OH		CZ	A	2	15,159					TYR	1-296		3	2	2	1-296	1H1R	TYR	2.0	ok	TYR_only_multi_2	159	TYR,TYR	-0.9445056174874918		
P24941	OH		CZ	A	2	15,159					TYR	1-296		3	2	2	1-296	1H1S	TYR	2.0	ok	TYR_only_multi_2	15	TYR,TYR	-3.4466578841042517		
P24941	OH		CZ	A	2	15,159					TYR	1-296		3	2	2	1-296	1H1S	TYR	2.0	ok	TYR_only_multi_2	159	TYR,TYR	-2.3283302672560926		
P24941	OH		CZ	A	2	15,159					TYR	1-293		3	2	2	1-293	1H24	TYR	2.5	ok	TYR_only_multi_2	15	TYR,TYR	0.2054698205265576		
P24941	OH		CZ	A	2	15,159					TYR	1-293		3	2	2	1-293	1H24	TYR	2.5	ok	TYR_only_multi_2	159	TYR,TYR	-0.4270812613462671		
P24941	OH		CZ	A	2	15,159					TYR	1-293		3	2	2	1-293	1H25	TYR	2.5	ok	TYR_only_multi_2	15	TYR,TYR	0.1324988047951658		
P24941	OH		CZ	A	2	15,159					TYR	1-293		3	2	2	1-293	1H25	TYR	2.5	ok	TYR_only_multi_2	159	TYR,TYR	-0.10692588328695794		
P24941	OH		CZ	A	2	15,159					TYR	1-297		3	2	2	1-88,90-297	1H26	TYR	2.24	ok	TYR_only_multi_2	15	TYR,TYR	-0.6304872759882233		
P24941	OH		CZ	A	2	15,159					TYR	1-297		3	2	2	1-88,90-297	1H26	TYR	2.24	ok	TYR_only_multi_2	159	TYR,TYR	-2.2555475780881986		
P24941	OH		CZ	A	2	15,159					TYR	1-297		3	2	2	1-88,90-297	1H27	TYR	2.2	ok	TYR_only_multi_2	15	TYR,TYR	-0.006391258358926917		
P24941	OH		CZ	A	2	15,159					TYR	1-297		3	2	2	1-88,90-297	1H27	TYR	2.2	ok	TYR_only_multi_2	159	TYR,TYR	-2.5127101650358354		
P24941	OH		CZ	A	2	15,159					TYR	1-36,41-298		3	3	2	1-36,41-298	1HCK	TYR	1.9	ok	TYR_mixed_with_THR	15	TYR,TYR	-0.965168491521288		
P24941	OH		CZ	A	2	15,159					TYR	1-36,41-298		3	3	2	1-36,41-298	1HCK	TYR	1.9	ok	TYR_mixed_with_THR	159	TYR,TYR	-1.3992780894314756		
P24941	OH		CZ	A	2	15,159					TYR	1-36,41-298		3	3	2	1-36,41-298	1HCL	TYR	1.8	ok	TYR_mixed_with_THR	15	TYR,TYR	-1.8797219424725689		
P24941	OH		CZ	A	2	15,159					TYR	1-36,41-298		3	3	2	1-36,41-298	1HCL	TYR	1.8	ok	TYR_mixed_with_THR	159	TYR,TYR	1.4680802207178565		
P24941	OH		CZ	A	2	15,159					TYR	13-298		3	2	2	13-298	1JSU	TYR	2.3	ok	TYR_only_multi_2	15	TYR,TYR	0.8667861710379846		
P24941	OH		CZ	A	2	15,159					TYR	13-298		3	2	2	13-298	1JSU	TYR	2.3	ok	TYR_only_multi_2	159	TYR,TYR	-4.065590856209809		
P24941	OH		CZ	A	2	15,159					TYR	1-36,47-298		3	3	2	1-36,47-298	1JSV	TYR	1.96	ok	TYR_mixed_with_THR	15	TYR,TYR	0.280627545307228		
P24941	OH		CZ	A	2	15,159					TYR	1-36,47-298		3	3	2	1-36,47-298	1JSV	TYR	1.96	ok	TYR_mixed_with_THR	159	TYR,TYR	0.4228449514168696		
P24941	OH		CZ	A	1	15					TYR	1-36,44-152,163-298		3	1	1	1-36,44-152,163-298	1KE5	TYR	2.2	ok	TYR_single	15	TYR	0.5059642401004923		
P24941	OH		CZ	A	1	15					TYR	1-36,44-152,164-298		3	1	1	1-36,44-152,164-298	1KE6	TYR	2.0	ok	TYR_single	15	TYR	0.08510901803103742		
P24941	OH		CZ	A	1	15					TYR	1-36,44-152,163-298		3	1	1	1-36,44-152,163-298	1KE7	TYR	2.0	ok	TYR_single	15	TYR	0.00479809506043423		
P24941	OH		CZ	A	1	15					TYR	1-36,44-153,163-298		3	1	1	1-36,44-153,163-298	1KE8	TYR	2.0	ok	TYR_single	15	TYR	-0.22196251332212816		
P24941	OH		CZ	A	1	15					TYR	1-36,44-152,163-298		3	1	1	1-36,44-152,163-298	1KE9	TYR	2.0	ok	TYR_single	15	TYR	0.36219621326831014		
P24941	OH		CZ	C	2	15,159					TYR	1-296		3	2	2	1-296	1OI9	TYR	2.1	ok	TYR_only_multi_2	15	TYR,TYR	-1.038675898109634		
P24941	OH		CZ	C	2	15,159					TYR	1-296		3	2	2	1-296	1OI9	TYR	2.1	ok	TYR_only_multi_2	159	TYR,TYR	0.4383582258534939		
P24941	OH		CZ	A	2	15,159					TYR	1-37,47-296		3	3	2	1-37,47-296	1OIR	TYR	1.91	ok	TYR_mixed_with_THR	15	TYR,TYR	-0.12647887560164875		
P24941	OH		CZ	A	2	15,159					TYR	1-37,47-296		3	3	2	1-37,47-296	1OIR	TYR	1.91	ok	TYR_mixed_with_THR	159	TYR,TYR	0.052604732335952704		
P24941	OH		CZ	A	1	15					TYR	3-25,27-35,47-151,163-298		3	1	1	3-25,27-35,47-151,163-298	1OIT	TYR	1.6	ok	TYR_single	15	TYR	-0.09360033341732542		
P24941	OH		CZ	A	2	15,159					TYR	1-37,41-297		3	2	2	1-37,41-297	1OIU	TYR	2.0	ok	TYR_only_multi_2	15	TYR,TYR	-0.7796364969767543		
P24941	OH		CZ	A	2	15,159					TYR	1-37,41-297		3	2	2	1-37,41-297	1OIU	TYR	2.0	ok	TYR_only_multi_2	159	TYR,TYR	-0.46571507830659586		
P24941	OH		CZ	C	2	15,159					TYR	1-296		3	2	2	1-296	1OIY	TYR	2.4	ok	TYR_only_multi_2	15	TYR,TYR	-0.17368013326193601		
P24941	OH		CZ	C	2	15,159					TYR	1-296		3	2	2	1-296	1OIY	TYR	2.4	ok	TYR_only_multi_2	159	TYR,TYR	-0.8161246809274284		
P24941	OH		CZ	A	2	15,159					TYR	1-296		3	3	2	1-296	1OKV	TYR	2.4	ok	TYR_mixed_with_THR	15	TYR,TYR	-5.556058768717526		
P24941	OH		CZ	A	2	15,159					TYR	1-296		3	3	2	1-296	1OKV	TYR	2.4	ok	TYR_mixed_with_THR	159	TYR,TYR	-0.8432969627021786		
P24941	OH		CZ	A	2	15,159					TYR	1-296		3	3	2	1-296	1OKW	TYR	2.5	ok	TYR_mixed_with_THR	15	TYR,TYR	0.06073357764405539		
P24941	OH		CZ	A	2	15,159					TYR	1-296		3	3	2	1-296	1OKW	TYR	2.5	ok	TYR_mixed_with_THR	159	TYR,TYR	0.25086288180203825		
P24941	OH		CZ	A	2	15,159					TYR	1-296		3	2	2	1-296	1P5E	TYR	2.22	ok	TYR_only_multi_2	15	TYR,TYR	-0.013903121319952387		
P24941	OH		CZ	A	2	15,159					TYR	1-296		3	2	2	1-296	1P5E	TYR	2.22	ok	TYR_only_multi_2	159	TYR,TYR	-0.09415843589476142		
P24941	OH		CZ	A	2	15,159					TYR	1-296		3	2	2	1-296	1PKD	TYR	2.3	ok	TYR_only_multi_2	15	TYR,TYR	-0.06574605553394604		
P24941	OH		CZ	A	2	15,159					TYR	1-296		3	2	2	1-296	1PKD	TYR	2.3	ok	TYR_only_multi_2	159	TYR,TYR	-0.7266064762281792		
P24941	OH		CZ	A	2	15,159					TYR	1-36,41-298		3	3	2	1-36,41-298	1PW2	TYR	1.95	ok	TYR_mixed_with_THR	15	TYR,TYR	-1.0914047259915396		
P24941	OH		CZ	A	2	15,159					TYR	1-36,41-298		3	3	2	1-36,41-298	1PW2	TYR	1.95	ok	TYR_mixed_with_THR	159	TYR,TYR	0.05842443456292047		
P24941	OH		CZ	A	2	15,159					TYR	1-36,41-298		3	3	2	1-36,41-298	1PXI	TYR	1.95	ok	TYR_mixed_with_THR	15	TYR,TYR	-1.4786417107985783		
P24941	OH		CZ	A	2	15,159					TYR	1-36,41-298		3	3	2	1-36,41-298	1PXI	TYR	1.95	ok	TYR_mixed_with_THR	159	TYR,TYR	0.05590772232339383		
P24941	OH		CZ	A	2	15,159					TYR	1-36,41-298		3	3	2	1-36,41-298	1PXJ	TYR	2.3	ok	TYR_mixed_with_THR	15	TYR,TYR	-0.36602029788253215		
P24941	OH		CZ	A	2	15,159					TYR	1-36,41-298		3	3	2	1-36,41-298	1PXJ	TYR	2.3	ok	TYR_mixed_with_THR	159	TYR,TYR	-0.7901757274249672		
P24941	OH		CZ	A	2	15,159					TYR	1-35,44-298		3	3	2	1-35,44-298	1PXL	TYR	2.5	ok	TYR_mixed_with_THR	15	TYR,TYR	-0.6651983481820388		
P24941	OH		CZ	A	2	15,159					TYR	1-35,44-298		3	3	2	1-35,44-298	1PXL	TYR	2.5	ok	TYR_mixed_with_THR	159	TYR,TYR	-0.5162466212741988		
P24941	OH		CZ	A	2	15,159					TYR	1-36,41-298		3	3	2	1-36,41-298	1PXN	TYR	2.5	ok	TYR_mixed_with_THR	15	TYR,TYR	-0.11844421496621224		
P24941	OH		CZ	A	2	15,159					TYR	1-36,41-298		3	3	2	1-36,41-298	1PXN	TYR	2.5	ok	TYR_mixed_with_THR	159	TYR,TYR	-0.5640225383427393		
P24941	OH		CZ	A	2	15,159					TYR	1-36,41-298		3	3	2	1-36,41-298	1PXO	TYR	1.96	ok	TYR_mixed_with_THR	15	TYR,TYR	-0.13637453825467474		
P24941	OH		CZ	A	2	15,159					TYR	1-36,41-298		3	3	2	1-36,41-298	1PXO	TYR	1.96	ok	TYR_mixed_with_THR	159	TYR,TYR	-0.2074963009034977		
P24941	OH		CZ	A	2	15,159					TYR	1-36,41-298		3	3	2	1-36,41-298	1PXP	TYR	2.3	ok	TYR_mixed_with_THR	15	TYR,TYR	-0.16242479662509646		
P24941	OH		CZ	A	2	15,159					TYR	1-36,41-298		3	3	2	1-36,41-298	1PXP	TYR	2.3	ok	TYR_mixed_with_THR	159	TYR,TYR	0.09401867860089295		
P24941	OH		CZ	A	2	15,159					TYR	1-296		3	2	2	1-296	1QMZ	TYR	2.2	ok	TYR_only_multi_2	15	TYR,TYR	-1.4480766270982286		
P24941	OH		CZ	A	2	15,159					TYR	1-296		3	2	2	1-296	1QMZ	TYR	2.2	ok	TYR_only_multi_2	159	TYR,TYR	3.296662171684063		
P24941	OH		CZ	A	1	15					TYR	1-37,47-147,164-298		3	1	1	1-37,47-147,164-298	1R78	TYR	2.0	ok	TYR_single	15	TYR	-0.20198187682337748		
P24941				A	1	15					TYR	1-12,15-35,47-151,163-298		3	1	1	1-12,15-35,47-151,163-298	1URW	TYR	1.6	missing_required_atoms:OH,CZ	TYR_single	15	TYR			
P24941				A	1	15					TYR	1-37,47-150,163-298		3	1	1	1-37,47-150,163-298	1V1K	TYR	2.31	missing_required_atoms:OH,CZ	TYR_single	15	TYR			
P24941	OH		CZ	A	2	15,159					TYR	1-298		3	3	2	1-298	1VYW	TYR	2.3	ok	TYR_mixed_with_THR	15	TYR,TYR	0.17564718794077547		
P24941	OH		CZ	A	2	15,159					TYR	1-298		3	3	2	1-298	1VYW	TYR	2.3	ok	TYR_mixed_with_THR	159	TYR,TYR	-1.2475373014214424		
P24941	OH		CZ	A	1	15					TYR	1-35,47-153,162-298		3	1	1	1-35,47-153,162-298	1VYZ	TYR	2.21	ok	TYR_single	15	TYR	-1.0874136213664602		
P24941	OH		CZ	A	2	15,159					TYR	1-36,44-298		3	3	2	1-36,44-298	1W8C	TYR	2.05	ok	TYR_mixed_with_THR	15	TYR,TYR	0.5131774600060091		
P24941	OH		CZ	A	2	15,159					TYR	1-36,44-298		3	3	2	1-36,44-298	1W8C	TYR	2.05	ok	TYR_mixed_with_THR	159	TYR,TYR	0.7119022538152288		
P24941	OH		CZ	A	2	15,159					TYR	1-297		3	2	2	1-297	1W98	TYR	2.15	ok	TYR_only_multi_2	15	TYR,TYR	0.7680285039980217		
P24941	OH		CZ	A	2	15,159					TYR	1-297		3	2	2	1-297	1W98	TYR	2.15	ok	TYR_only_multi_2	159	TYR,TYR	1.8003381330971684		
P24941	OH		CZ	A	1	15					TYR	1-36,41-152,164-298		3	1	1	1-36,41-152,164-298	1WCC	TYR	2.2	ok	TYR_single	15	TYR	-0.4731371659909088		
P24941	OH		CZ	A	2	15,159					TYR	1-37,44-298		3	3	2	1-37,44-298	1Y8Y	TYR	1.996	ok	TYR_mixed_with_THR	15	TYR,TYR	-1.0941799413549196		
P24941	OH		CZ	A	2	15,159					TYR	1-37,44-298		3	3	2	1-37,44-298	1Y8Y	TYR	1.996	ok	TYR_mixed_with_THR	159	TYR,TYR	-0.7051711442924263		
P24941	OH		CZ	A	2	15,159					TYR	1-37,45-153,159-298		3	3	2	1-37,45-153,159-298	1Y91	TYR	2.15	ok	TYR_mixed_with_THR	15	TYR,TYR	0.49717956547741227		
P24941				A	2	15,159					TYR	1-37,45-153,159-298		3	3	2	1-37,45-153,159-298	1Y91	TYR	2.15	missing_required_atoms:OH,CZ	TYR_mixed_with_THR	159	TYR,TYR			
P24941	OH		CZ	A	2	15,159					TYR	1-298		3	3	2	1-298	1YKR	TYR	1.8	ok	TYR_mixed_with_THR	15	TYR,TYR	0.4705977138420491		
P24941	OH		CZ	A	2	15,159					TYR	1-298		3	3	2	1-298	1YKR	TYR	1.8	ok	TYR_mixed_with_THR	159	TYR,TYR	-0.44240179222233095		
P24941	OH		CZ	A	2	15,159					TYR	1-35,48-298		3	3	2	1-35,48-298	2A4L	TYR	2.4	ok	TYR_mixed_with_THR	15	TYR,TYR	5.3744608519921		
P24941	OH		CZ	A	2	15,159					TYR	1-35,48-298		3	3	2	1-35,48-298	2A4L	TYR	2.4	ok	TYR_mixed_with_THR	159	TYR,TYR	2.6146592456840847		
P24941	OH		CZ	A	1	15					TYR	1-36,41-149,161-298		3	1	1	1-36,41-149,161-298	2B52	TYR	1.88	ok	TYR_single	15	TYR	0.4719745273827626		
P24941	OH		CZ	A	2	15,159					TYR	1-36,41-298		3	3	2	1-36,41-298	2B53	TYR	2.0	ok	TYR_mixed_with_THR	15	TYR,TYR	-3.3708413581137164		
P24941	OH		CZ	A	2	15,159					TYR	1-36,41-298		3	3	2	1-36,41-298	2B53	TYR	2.0	ok	TYR_mixed_with_THR	159	TYR,TYR	5.129130474043986		
P24941	OH		CZ	A	2	15,159					TYR	1-298		3	3	2	1-298	2B54	TYR	1.85	ok	TYR_mixed_with_THR	15	TYR,TYR	4.659560008824544		
P24941	OH		CZ	A	2	15,159					TYR	1-298		3	3	2	1-298	2B54	TYR	1.85	ok	TYR_mixed_with_THR	159	TYR,TYR	-2.141410700183906		
P24941	OH		CZ	A	1	15					TYR	1-35,43-147,163-298		3	1	1	1-35,43-147,163-298	2B55	TYR	1.85	ok	TYR_single	15	TYR	-1.9292511167306812		
P24941	OH		CZ	A	1	15					TYR	1-35,45-148,164-298		3	1	1	1-35,45-148,164-298	2BHE	TYR	1.9	ok	TYR_single	15	TYR	-0.026147447685521144		
P24941	OH		CZ	A	2	15,159					TYR	1-298		3	3	2	1-298	2BPM	TYR	2.4	ok	TYR_mixed_with_THR	15	TYR,TYR	-0.10054961683553096		
P24941	OH		CZ	A	2	15,159					TYR	1-298		3	3	2	1-298	2BPM	TYR	2.4	ok	TYR_mixed_with_THR	159	TYR,TYR	-1.458880190201831		
P24941	OH		CZ	A	1	15					TYR	1-35,47-149,162-298		3	1	1	1-35,47-149,162-298	2BTR	TYR	1.85	ok	TYR_single	15	TYR	0.5253368666916972		
P24941	OH		CZ	A	1	15					TYR	1-36,46-148,164-298		3	1	1	1-36,46-148,164-298	2BTS	TYR	1.99	ok	TYR_single	15	TYR	0.3771209363775354		
P24941	OH		CZ	C	2	15,159					TYR	1-297		3	3	2	1-297	2C5N	TYR	2.1	ok	TYR_mixed_with_THR	15	TYR,TYR	0.8556730484323253		
P24941	OH		CZ	C	2	15,159					TYR	1-297		3	3	2	1-297	2C5N	TYR	2.1	ok	TYR_mixed_with_THR	159	TYR,TYR	0.6864949033778367		
P24941	OH		CZ	C	2	15,159					TYR	1-297		3	3	2	1-297	2C5O	TYR	2.1	ok	TYR_mixed_with_THR	15	TYR,TYR	-0.292480544887895		
P24941	OH		CZ	C	2	15,159					TYR	1-297		3	3	2	1-297	2C5O	TYR	2.1	ok	TYR_mixed_with_THR	159	TYR,TYR	1.5418119453288186		
P24941	OH		CZ	A	2	15,159					TYR	1-35,43-297		3	3	2	1-35,43-297	2C5Y	TYR	2.25	ok	TYR_mixed_with_THR	15	TYR,TYR	0.4560953715467083		
P24941	OH		CZ	A	2	15,159					TYR	1-35,43-297		3	3	2	1-35,43-297	2C5Y	TYR	2.25	ok	TYR_mixed_with_THR	159	TYR,TYR	1.1410881168462883		
P24941	OH		CZ	A	2	15,159					TYR	1-37,44-296		3	3	2	1-37,44-296	2C68	TYR	1.95	ok	TYR_mixed_with_THR	15	TYR,TYR	-0.5966581113398305		
P24941	OH		CZ	A	2	15,159					TYR	1-37,44-296		3	3	2	1-37,44-296	2C68	TYR	1.95	ok	TYR_mixed_with_THR	159	TYR,TYR	0.02392508791003895		
P24941	OH		CZ	A	2	15,159					TYR	1-37,44-298		3	3	2	1-37,44-298	2C69	TYR	2.1	ok	TYR_mixed_with_THR	15	TYR,TYR	-0.2373791766394272		
P24941	OH		CZ	A	2	15,159					TYR	1-37,44-298		3	3	2	1-37,44-298	2C69	TYR	2.1	ok	TYR_mixed_with_THR	159	TYR,TYR	-0.3835417301741833		
P24941	OH		CZ	A	2	15,159					TYR	1-37,44-298		3	3	2	1-37,44-298	2C6I	TYR	1.8	ok	TYR_mixed_with_THR	15	TYR,TYR	0.044706860000386026		
P24941	OH		CZ	A	2	15,159					TYR	1-37,44-298		3	3	2	1-37,44-298	2C6I	TYR	1.8	ok	TYR_mixed_with_THR	159	TYR,TYR	0.5275163127583746		
P24941	OH		CZ	A	2	15,159					TYR	1-37,44-298		3	3	2	1-37,44-298	2C6K	TYR	1.9	ok	TYR_mixed_with_THR	15	TYR,TYR	-0.1833627150046766		
P24941	OH		CZ	A	2	15,159					TYR	1-37,44-298		3	3	2	1-37,44-298	2C6K	TYR	1.9	ok	TYR_mixed_with_THR	159	TYR,TYR	0.2714565269479182		
P24941	OH		CZ	A	2	15,159					TYR	1-36,44-298		3	3	2	1-36,44-298	2C6L	TYR	2.3	ok	TYR_mixed_with_THR	15	TYR,TYR	-0.16984367999386993		
P24941	OH		CZ	A	2	15,159					TYR	1-36,44-298		3	3	2	1-36,44-298	2C6L	TYR	2.3	ok	TYR_mixed_with_THR	159	TYR,TYR	0.034942444843467285		
P24941	OH		CZ	A	2	15,159					TYR	1-37,44-296		3	3	2	1-37,44-296	2C6M	TYR	1.9	ok	TYR_mixed_with_THR	15	TYR,TYR	-0.9774818855693775		
P24941	OH		CZ	A	2	15,159					TYR	1-37,44-296		3	3	2	1-37,44-296	2C6M	TYR	1.9	ok	TYR_mixed_with_THR	159	TYR,TYR	0.23054415924184934		
P24941	OH		CZ	A	2	15,159					TYR	1-37,44-296		3	3	2	1-37,44-296	2C6O	TYR	2.1	ok	TYR_mixed_with_THR	15	TYR,TYR	0.6227011954083471		
P24941	OH		CZ	A	2	15,159					TYR	1-37,44-296		3	3	2	1-37,44-296	2C6O	TYR	2.1	ok	TYR_mixed_with_THR	159	TYR,TYR	0.2267748361443616		
P24941	OH		CZ	A	2	15,159					TYR	1-296		3	2	2	1-296	2CCH	TYR	1.7	ok	TYR_only_multi_2	15	TYR,TYR	0.2986069579874456		
P24941	OH		CZ	A	2	15,159					TYR	1-296		3	2	2	1-296	2CCH	TYR	1.7	ok	TYR_only_multi_2	159	TYR,TYR	-1.3356012844202785		
P24941	OH		CZ	C	1	159					TYR	1-297		3	1	1	1-297	2CJM	TYR	2.3	ok	TYR_single	159	TYR	-0.1599073507880502		
P24941	OH		CZ	A	2	15,159					TYR	1-37,43-298		3	3	2	1-37,43-298	2CLX	TYR	1.8	ok	TYR_mixed_with_THR	15	TYR,TYR	2.9745939088242723		
P24941	OH		CZ	A	2	15,159					TYR	1-37,43-298		3	3	2	1-37,43-298	2CLX	TYR	1.8	ok	TYR_mixed_with_THR	159	TYR,TYR	1.7261546990483612		
P24941	OH		CZ	A	2	15,159					TYR	1-35,44-298		3	3	2	1-35,44-298	2DS1	TYR	2.0	ok	TYR_mixed_with_THR	15	TYR,TYR	-1.2279096939683956		
P24941	OH		CZ	A	2	15,159					TYR	1-35,44-298		3	3	2	1-35,44-298	2DS1	TYR	2.0	ok	TYR_mixed_with_THR	159	TYR,TYR	0.1013183624278172		
P24941	OH		CZ	A	1	15					TYR	1-35,49-150,164-298		3	1	1	1-35,49-150,164-298	2DUV	TYR	2.2	ok	TYR_single	15	TYR	0.5406358334840538		
P24941	OH		CZ	A	2	15,159					TYR	1-298		3	3	2	1-298	2EXM	TYR	1.8	ok	TYR_mixed_with_THR	15	TYR,TYR	2.3261042593798886		
P24941	OH		CZ	A	2	15,159					TYR	1-298		3	3	2	1-298	2EXM	TYR	1.8	ok	TYR_mixed_with_THR	159	TYR,TYR	1.3172915502954774		
P24941	OH		CZ	A	2	15,159					TYR	1-37,50-149,152-298		3	3	2	1-37,50-149,152-298	2FVD	TYR	1.85	ok	TYR_mixed_with_THR	15	TYR,TYR	-0.475152988754488		
P24941	OH		CZ	A	2	15,159					TYR	1-37,50-149,152-298		3	3	2	1-37,50-149,152-298	2FVD	TYR	1.85	ok	TYR_mixed_with_THR	159	TYR,TYR	-0.09845943935829658		
P24941	OH		CZ	A	2	15,159					TYR	1-298		3	2	2	1-298	2G9X	TYR	2.5	ok	TYR_only_multi_2	15	TYR,TYR	-0.4290929308916952		
P24941	OH		CZ	A	2	15,159					TYR	1-298		3	2	2	1-298	2G9X	TYR	2.5	ok	TYR_only_multi_2	159	TYR,TYR	0.241929453857298		
P24941	OH		CZ	C	2	15,159					TYR	1-295		3	2	2	1-295	2IW6	TYR	2.3	ok	TYR_only_multi_2	15	TYR,TYR	-0.007732670158380014		
P24941	OH		CZ	C	2	15,159					TYR	1-295		3	2	2	1-295	2IW6	TYR	2.3	ok	TYR_only_multi_2	159	TYR,TYR	-0.26691832417345185		
P24941	OH		CZ	A	2	15,159					TYR	1-297		3	2	2	1-297	2IW8	TYR	2.3	ok	TYR_only_multi_2	15	TYR,TYR	0.12599933263362428		
P24941	OH		CZ	A	2	15,159					TYR	1-297		3	2	2	1-297	2IW8	TYR	2.3	ok	TYR_only_multi_2	159	TYR,TYR	-0.22904677795256434		
P24941	OH		CZ	A	2	15,159					TYR	1-37,42-297		3	2	2	1-37,42-297	2IW9	TYR	2.0	ok	TYR_only_multi_2	15	TYR,TYR	-1.3692359174948925		
P24941	OH		CZ	A	2	15,159					TYR	1-37,42-297		3	2	2	1-37,42-297	2IW9	TYR	2.0	ok	TYR_only_multi_2	159	TYR,TYR	-0.6927024596787263		
P24941	OH		CZ	A	1	15					TYR	1-36,45-148,164-298		3	1	1	1-36,45-148,164-298	2J9M	TYR	2.5	ok	TYR_single	15	TYR	0.13618252496722932		
P24941	OH		CZ	A	2	15,159					TYR	1-36,44-298		3	3	2	1-36,44-298	2R3F	TYR	1.5	ok	TYR_mixed_with_THR	15	TYR,TYR	0.22247960325173066		
P24941	OH		CZ	A	2	15,159					TYR	1-36,44-298		3	3	2	1-36,44-298	2R3F	TYR	1.5	ok	TYR_mixed_with_THR	159	TYR,TYR	-0.08910090348540545		
P24941	OH		CZ	A	2	15,159					TYR	1-36,46-298		3	3	2	1-36,46-298	2R3G	TYR	1.55	ok	TYR_mixed_with_THR	15	TYR,TYR	1.636018370064649		
P24941	OH		CZ	A	2	15,159					TYR	1-36,46-298		3	3	2	1-36,46-298	2R3G	TYR	1.55	ok	TYR_mixed_with_THR	159	TYR,TYR	-0.49273630799801516		
P24941	OH		CZ	A	2	15,159					TYR	1-36,44-298		3	3	2	1-36,44-298	2R3H	TYR	1.5	ok	TYR_mixed_with_THR	15	TYR,TYR	0.37135667519316934		
P24941	OH		CZ	A	2	15,159					TYR	1-36,44-298		3	3	2	1-36,44-298	2R3H	TYR	1.5	ok	TYR_mixed_with_THR	159	TYR,TYR	0.08983832225112628		
P24941	OH		CZ	A	2	15,159					TYR	1-36,44-298		3	3	2	1-36,44-298	2R3I	TYR	1.28	ok	TYR_mixed_with_THR	15	TYR,TYR	1.6984306435919425		
P24941	OH		CZ	A	2	15,159					TYR	1-36,44-298		3	3	2	1-36,44-298	2R3I	TYR	1.28	ok	TYR_mixed_with_THR	159	TYR,TYR	1.6704531052233227		
P24941	OH		CZ	A	1	15					TYR	1-36,44-151,161-298		3	1	1	1-36,44-151,161-298	2R3J	TYR	1.65	ok	TYR_single	15	TYR	-0.38105888142829325		
P24941	OH		CZ	A	1	15					TYR	1-36,44-151,162-298		3	1	1	1-36,44-151,162-298	2R3K	TYR	1.7	ok	TYR_single	15	TYR	-0.12357737084107549		
P24941	OH		CZ	A	1	15					TYR	1-36,44-150,164-298		3	1	1	1-36,44-150,164-298	2R3L	TYR	1.65	ok	TYR_single	15	TYR	0.059622421043827666		
P24941	OH		CZ	A	1	15					TYR	1-36,44-151,161-298		3	1	1	1-36,44-151,161-298	2R3M	TYR	1.7	ok	TYR_single	15	TYR	0.03844862665573321		
P24941	OH		CZ	A	1	15					TYR	1-36,44-149,163-298		3	1	1	1-36,44-149,163-298	2R3N	TYR	1.63	ok	TYR_single	15	TYR	-0.23531392370658114		
P24941	OH		CZ	A	2	15,159					TYR	1-36,44-298		3	3	2	1-36,44-298	2R3O	TYR	1.8	ok	TYR_mixed_with_THR	15	TYR,TYR	0.4157455041880018		
P24941	OH		CZ	A	2	15,159					TYR	1-36,44-298		3	3	2	1-36,44-298	2R3O	TYR	1.8	ok	TYR_mixed_with_THR	159	TYR,TYR	0.5056238603315779		
P24941	OH		CZ	A	2	15,159					TYR	1-36,44-298		3	3	2	1-36,44-298	2R3P	TYR	1.66	ok	TYR_mixed_with_THR	15	TYR,TYR	0.480856045030762		
P24941	OH		CZ	A	2	15,159					TYR	1-36,44-298		3	3	2	1-36,44-298	2R3P	TYR	1.66	ok	TYR_mixed_with_THR	159	TYR,TYR	0.4986750955733461		
P24941	OH		CZ	A	2	15,159					TYR	1-36,46-298		3	3	2	1-36,46-298	2R3Q	TYR	1.35	ok	TYR_mixed_with_THR	15	TYR,TYR	1.2336637038270706		
P24941	OH		CZ	A	2	15,159					TYR	1-36,46-298		3	3	2	1-36,46-298	2R3Q	TYR	1.35	ok	TYR_mixed_with_THR	159	TYR,TYR	1.0950858686529754		
P24941	OH		CZ	A	2	15,159					TYR	1-36,44-298		3	3	2	1-36,44-298	2R3R	TYR	1.47	ok	TYR_mixed_with_THR	15	TYR,TYR	0.9503227309719202		
P24941	OH		CZ	A	2	15,159					TYR	1-36,44-298		3	3	2	1-36,44-298	2R3R	TYR	1.47	ok	TYR_mixed_with_THR	159	TYR,TYR	-0.6344179294878556		
P24941	OH		CZ	A	1	15					TYR	1-35,44-152,164-298		3	1	1	1-35,44-152,164-298	2R64	TYR	2.3	ok	TYR_single	15	TYR	-1.5144489554934606		
P24941	OH		CZ	C	2	15,159					TYR	1-297		3	3	2	1-297	2UUE	TYR	2.06	ok	TYR_mixed_with_THR	15	TYR,TYR	-0.23058150023186583		
P24941	OH		CZ	C	2	15,159					TYR	1-297		3	3	2	1-297	2UUE	TYR	2.06	ok	TYR_mixed_with_THR	159	TYR,TYR	-0.02702652440529097		
P24941	OH		CZ	C	2	15,159					TYR	1-297		3	2	2	1-297	2UZE	TYR	2.4	ok	TYR_only_multi_2	15	TYR,TYR	0.2729545164634778		
P24941	OH		CZ	C	2	15,159					TYR	1-297		3	2	2	1-297	2UZE	TYR	2.4	ok	TYR_only_multi_2	159	TYR,TYR	0.10153046093147947		
P24941	OH		CZ	A	2	15,159					TYR	1-297		3	2	2	1-297	2UZL	TYR	2.4	ok	TYR_only_multi_2	15	TYR,TYR	0.07357907572146634		
P24941	OH		CZ	A	2	15,159					TYR	1-297		3	2	2	1-297	2UZL	TYR	2.4	ok	TYR_only_multi_2	159	TYR,TYR	-0.8331521339875771		
P24941	OH		CZ	A	1	15					TYR	1-35,45-152,163-298		3	1	1	1-35,45-152,163-298	2UZN	TYR	2.3	ok	TYR_single	15	TYR	0.05193621882310725		
P24941	OH		CZ	A	2	15,159					TYR	1-37,44-296		3	3	2	1-37,44-296	2UZO	TYR	2.3	ok	TYR_mixed_with_THR	15	TYR,TYR	0.030744247382359913		
P24941	OH		CZ	A	2	15,159					TYR	1-37,44-296		3	3	2	1-37,44-296	2UZO	TYR	2.3	ok	TYR_mixed_with_THR	159	TYR,TYR	-0.07978596708545958		
P24941	OH		CZ	A	2	15,159					TYR	1-37,44-298		3	3	2	1-37,44-298	2V0D	TYR	2.2	ok	TYR_mixed_with_THR	15	TYR,TYR	-0.005928497773636499		
P24941	OH		CZ	A	2	15,159					TYR	1-37,44-298		3	3	2	1-37,44-298	2V0D	TYR	2.2	ok	TYR_mixed_with_THR	159	TYR,TYR	0.3056199110094109		
P24941	OH		CZ	A	1	15					TYR	1-36,46-152,164-298		3	1	1	1-36,46-152,164-298	2VTA	TYR	2.0	ok	TYR_single	15	TYR	-0.11400783568526925		
P24941	OH		CZ	A	1	15					TYR	1-36,46-152,164-298		3	1	1	1-36,46-152,164-298	2VTH	TYR	1.9	ok	TYR_single	15	TYR	0.5440015272516716		
P24941	OH		CZ	A	1	15					TYR	1-35,44-152,163-298		3	1	1	1-35,44-152,163-298	2VTI	TYR	2.0	ok	TYR_single	15	TYR	-0.4114443840711902		
P24941	OH		CZ	A	1	15					TYR	1-36,46-150,164-298		3	1	1	1-36,46-150,164-298	2VTJ	TYR	2.2	ok	TYR_single	15	TYR	0.4421530811294911		
P24941	OH		CZ	A	2	15,159					TYR	1-35,44-298		3	3	2	1-35,44-298	2VTL	TYR	2.0	ok	TYR_mixed_with_THR	15	TYR,TYR	0.15367973819608452		
P24941	OH		CZ	A	2	15,159					TYR	1-35,44-298		3	3	2	1-35,44-298	2VTL	TYR	2.0	ok	TYR_mixed_with_THR	159	TYR,TYR	2.6545777625838793		
P24941	OH		CZ	A	2	15,159					TYR	1-35,44-298		3	3	2	1-35,44-298	2VTM	TYR	2.25	ok	TYR_mixed_with_THR	15	TYR,TYR	0.31062436680817723		
P24941	OH		CZ	A	2	15,159					TYR	1-35,44-298		3	3	2	1-35,44-298	2VTM	TYR	2.25	ok	TYR_mixed_with_THR	159	TYR,TYR	2.2696613475698837		
P24941	OH		CZ	A	1	15					TYR	1-36,45-147,164-298		3	1	1	1-36,45-147,164-298	2VTN	TYR	2.2	ok	TYR_single	15	TYR	0.22601218527635225		
P24941	OH		CZ	A	1	15					TYR	1-36,44-152,161-298		3	1	1	1-36,44-152,161-298	2VTO	TYR	2.19	ok	TYR_single	15	TYR	-0.030227286482326778		
P24941	OH		CZ	A	1	15					TYR	1-35,44-152,162-298		3	1	1	1-35,44-152,162-298	2VTP	TYR	2.15	ok	TYR_single	15	TYR	1.000434082532691		
P24941	OH		CZ	A	1	15					TYR	1-36,46-147,163-298		3	1	1	1-36,46-147,163-298	2VTQ	TYR	1.9	ok	TYR_single	15	TYR	0.00769658158098694		
P24941	OH		CZ	A	2	15,159					TYR	1-36,45-298		3	3	2	1-36,45-298	2VTR	TYR	1.89	ok	TYR_mixed_with_THR	15	TYR,TYR	0.0557794134509424		
P24941	OH		CZ	A	2	15,159					TYR	1-36,45-298		3	3	2	1-36,45-298	2VTR	TYR	1.89	ok	TYR_mixed_with_THR	159	TYR,TYR	1.69631662228569		
P24941	OH		CZ	A	1	15					TYR	1-36,45-152,161-298		3	1	1	1-36,45-152,161-298	2VTS	TYR	1.9	ok	TYR_single	15	TYR	0.04010068524132149		
P24941	OH		CZ	A	1	15					TYR	1-35,47-148,164-298		3	1	1	1-35,47-148,164-298	2VTT	TYR	1.68	ok	TYR_single	15	TYR	-2.024299374115298		
P24941	OH		CZ	A	2	15,159					TYR	1-37,47-147,152-298		3	3	2	1-37,47-147,152-298	2VU3	TYR	1.85	ok	TYR_mixed_with_THR	15	TYR,TYR	-0.769022456575601		
P24941	OH		CZ	A	2	15,159					TYR	1-37,47-147,152-298		3	3	2	1-37,47-147,152-298	2VU3	TYR	1.85	ok	TYR_mixed_with_THR	159	TYR,TYR	1.7460207198632733		
P24941				A	1	15					TYR	1-37,44-149,163-298		3	1	1	1-37,44-149,163-298	2VV9	TYR	1.9	missing_required_atoms:OH,CZ	TYR_single	15	TYR			
P24941				A	1	15					TYR	1-36,46-148,162-298		3	1	1	1-36,46-148,162-298	2W05	TYR	1.9	missing_required_atoms:OH,CZ	TYR_single	15	TYR			
P24941	OH		CZ	A	1	15					TYR	1-36,44-152,162-298		3	1	1	1-36,44-152,162-298	2W06	TYR	2.04	ok	TYR_single	15	TYR	0.5269525318725184		
P24941				A	1	15					TYR	1-12,14-38,44-73,75-149,163-298		3	1	1	1-12,14-38,44-73,75-149,163-298	2W17	TYR	2.15	missing_required_atoms:OH,CZ	TYR_single	15	TYR			
P24941	OH		CZ	A	1	15					TYR	1-36,41-152,164-298		3	1	1	1-36,41-152,164-298	2W1H	TYR	2.15	ok	TYR_single	15	TYR	0.3300300574923939		
P24941	OH		CZ	C	2	15,159					TYR	1-297		3	3	2	1-297	2WEV	TYR	2.3	ok	TYR_mixed_with_THR	15	TYR,TYR	-0.3959917653766968		
P24941	OH		CZ	C	2	15,159					TYR	1-297		3	3	2	1-297	2WEV	TYR	2.3	ok	TYR_mixed_with_THR	159	TYR,TYR	1.2421691760572737		
P24941	OH		CZ	A	2	15,159					TYR	1-298		3	3	2	1-298	2WIH	TYR	2.5	ok	TYR_mixed_with_THR	15	TYR,TYR	-0.8503477181814632		
P24941	OH		CZ	A	2	15,159					TYR	1-298		3	3	2	1-298	2WIH	TYR	2.5	ok	TYR_mixed_with_THR	159	TYR,TYR	-1.033489458237076		
P24941	OH		CZ	A	2	15,159					TYR	1-39,43-298		3	3	2	1-39,43-298	2XMY	TYR	1.9	ok	TYR_mixed_with_THR	15	TYR,TYR	-0.8541596654960096		
P24941	OH		CZ	A	2	15,159					TYR	1-39,43-298		3	3	2	1-39,43-298	2XMY	TYR	1.9	ok	TYR_mixed_with_THR	159	TYR,TYR	0.7223925600950305		
P24941	OH		CZ	A	2	15,159					TYR	1-40,43-298		3	3	2	1-40,43-298	2XNB	TYR	1.85	ok	TYR_mixed_with_THR	15	TYR,TYR	0.13014392447592932		
P24941	OH		CZ	A	2	15,159					TYR	1-40,43-298		3	3	2	1-40,43-298	2XNB	TYR	1.85	ok	TYR_mixed_with_THR	159	TYR,TYR	-0.18334651481234493		
P24941	OH		CZ	A	2	15,159					TYR	1-38,41-298		3	2	2	1-38,41-298	3BHT	TYR	2.0	ok	TYR_only_multi_2	15	TYR,TYR	-0.012249984320783069		
P24941	OH		CZ	A	2	15,159					TYR	1-38,41-298		3	2	2	1-38,41-298	3BHT	TYR	2.0	ok	TYR_only_multi_2	159	TYR,TYR	-1.7651189335285902		
P24941	OH		CZ	A	2	15,159					TYR	1-38,41-298		3	2	2	1-38,41-298	3BHU	TYR	2.3	ok	TYR_only_multi_2	15	TYR,TYR	0.3233944228352275		
P24941	OH		CZ	A	2	15,159					TYR	1-38,41-298		3	2	2	1-38,41-298	3BHU	TYR	2.3	ok	TYR_only_multi_2	159	TYR,TYR	-0.09716161759761727		
P24941	OH		CZ	A	2	15,159					TYR	1-38,41-298		3	2	2	1-38,41-298	3BHV	TYR	2.1	ok	TYR_only_multi_2	15	TYR,TYR	-0.12147179102036455		
P24941	OH		CZ	A	2	15,159					TYR	1-38,41-298		3	2	2	1-38,41-298	3BHV	TYR	2.1	ok	TYR_only_multi_2	159	TYR,TYR	-0.7804456586420426		
P24941	OH		CZ	A	2	15,159					TYR	1-38,41-298		3	2	2	1-38,41-298	3DDQ	TYR	1.8	ok	TYR_only_multi_2	15	TYR,TYR	-0.37490183566355556		
P24941	OH		CZ	A	2	15,159					TYR	1-38,41-298		3	2	2	1-38,41-298	3DDQ	TYR	1.8	ok	TYR_only_multi_2	159	TYR,TYR	-0.3922899245736096		
P24941	OH		CZ	A	1	15					TYR	1-36,44-146,165-298		3	1	1	1-36,44-146,165-298	3EZR	TYR	1.9	ok	TYR_single	15	TYR	0.03404947505403231		
P24941	OH		CZ	A	1	15					TYR	1-36,44-148,163-298		3	1	1	1-36,44-148,163-298	3EZV	TYR	1.99	ok	TYR_single	15	TYR	-0.12780921813524473		
P24941	OH		CZ	C	2	15,159					TYR	1-298		3	3	2	1-298	3F5X	TYR	2.4	ok	TYR_mixed_with_THR	15	TYR,TYR	0.4155151071364685		
P24941	OH		CZ	C	2	15,159					TYR	1-298		3	3	2	1-298	3F5X	TYR	2.4	ok	TYR_mixed_with_THR	159	TYR,TYR	0.16168168478124903		
P24941	OH		CZ	A	1	15					TYR	1-36,44-153,161-298		3	1	1	1-36,44-153,161-298	3FZ1	TYR	1.9	ok	TYR_single	15	TYR	0.07460062940437233		
P24941	OH		CZ	A	1	15					TYR	1-35,44-152,165-298		3	1	1	1-35,44-152,165-298	3IG7	TYR	1.8	ok	TYR_single	15	TYR	0.6581131701697113		
P24941	OH		CZ	A	2	15,159					TYR	1-35,44-298		3	3	2	1-35,44-298	3IGG	TYR	1.8	ok	TYR_mixed_with_THR	15	TYR,TYR	-0.21764096502043817		
P24941	OH		CZ	A	2	15,159					TYR	1-35,44-298		3	3	2	1-35,44-298	3IGG	TYR	1.8	ok	TYR_mixed_with_THR	159	TYR,TYR	0.10910160045010735		
P24941	OH		CZ	A	2	15,159					TYR	1-35,45-72,75-294		3	3	2	1-35,45-72,75-294	3LE6	TYR	2.0	ok	TYR_mixed_with_THR	15	TYR,TYR	0.18874608372856996		
P24941	OH		CZ	A	2	15,159					TYR	1-35,45-72,75-294		3	3	2	1-35,45-72,75-294	3LE6	TYR	2.0	ok	TYR_mixed_with_THR	159	TYR,TYR	0.027294885023287155		
P24941	OH		CZ	A	1	15					TYR	1-36,41-151,161-298		3	1	1	1-36,41-151,161-298	3LFN	TYR	2.28	ok	TYR_single	15	TYR	0.21365114835049026		
P24941	OH		CZ	A	2	15,159					TYR	1-36,46-298		3	3	2	1-36,46-298	3LFQ	TYR	2.03	ok	TYR_mixed_with_THR	15	TYR,TYR	0.34596489454022117		
P24941	OH		CZ	A	2	15,159					TYR	1-36,46-298		3	3	2	1-36,46-298	3LFQ	TYR	2.03	ok	TYR_mixed_with_THR	159	TYR,TYR	-0.12910185771752783		
P24941	OH		CZ	A	2	15,159					TYR	1-36,45-298		3	3	2	1-36,45-298	3LFS	TYR	2.4	ok	TYR_mixed_with_THR	15	TYR,TYR	0.02089433661205788		
P24941	OH		CZ	A	2	15,159					TYR	1-36,45-298		3	3	2	1-36,45-298	3LFS	TYR	2.4	ok	TYR_mixed_with_THR	159	TYR,TYR	0.3003280704554595		
P24941	OH		CZ	A	2	15,159					TYR	1-37,41-298		3	2	2	1-37,41-298	3MY5	TYR	2.1	ok	TYR_only_multi_2	15	TYR,TYR	-0.13490942855722582		
P24941	OH		CZ	A	2	15,159					TYR	1-37,41-298		3	2	2	1-37,41-298	3MY5	TYR	2.1	ok	TYR_only_multi_2	159	TYR,TYR	-0.8157030756748769		
P24941	OH		CZ	A	2	15,159					TYR	3-35,43-298		3	3	2	3-35,43-298	3NS9	TYR	1.78	ok	TYR_mixed_with_THR	15	TYR,TYR	0.2811782907456714		
P24941	OH		CZ	A	2	15,159					TYR	3-35,43-298		3	3	2	3-35,43-298	3NS9	TYR	1.78	ok	TYR_mixed_with_THR	159	TYR,TYR	1.2264573015284859		
P24941	OH		CZ	A	1	15					TYR	1-36,40-154,163-298		3	1	1	1-36,40-154,163-298	3PJ8	TYR	1.96	ok	TYR_single	15	TYR	-0.24760187223603272		
P24941	OH		CZ	A	2	15,159					TYR	1-298		3	3	2	1-298	3PXF	TYR	1.8	ok	TYR_mixed_with_THR	15	TYR,TYR	-0.5351048519520342		
P24941	OH		CZ	A	2	15,159					TYR	1-298		3	3	2	1-298	3PXF	TYR	1.8	ok	TYR_mixed_with_THR	159	TYR,TYR	-3.8332218882366695		
P24941	OH		CZ	A	2	15,159					TYR	1-36,41-298		3	3	2	1-36,41-298	3PXQ	TYR	1.9	ok	TYR_mixed_with_THR	15	TYR,TYR	-0.22410073554590285		
P24941	OH		CZ	A	2	15,159					TYR	1-36,41-298		3	3	2	1-36,41-298	3PXQ	TYR	1.9	ok	TYR_mixed_with_THR	159	TYR,TYR	1.6309770953395557		
P24941	OH		CZ	A	2	15,159					TYR	1-36,41-298		3	3	2	1-36,41-298	3PXR	TYR	2.0	ok	TYR_mixed_with_THR	15	TYR,TYR	-0.5849494082167517		
P24941	OH		CZ	A	2	15,159					TYR	1-36,41-298		3	3	2	1-36,41-298	3PXR	TYR	2.0	ok	TYR_mixed_with_THR	159	TYR,TYR	0.18666541339425427		
P24941	OH		CZ	A	2	15,159					TYR	1-36,41-298		3	3	2	1-36,41-298	3PXY	TYR	1.8	ok	TYR_mixed_with_THR	15	TYR,TYR	0.05901656950544044		
P24941	OH		CZ	A	2	15,159					TYR	1-36,41-298		3	3	2	1-36,41-298	3PXY	TYR	1.8	ok	TYR_mixed_with_THR	159	TYR,TYR	0.05489599677593957		
P24941	OH		CZ	A	2	15,159					TYR	1-298		3	3	2	1-298	3PXZ	TYR	1.7	ok	TYR_mixed_with_THR	15	TYR,TYR	-0.5864347512493812		
P24941	OH		CZ	A	2	15,159					TYR	1-298		3	3	2	1-298	3PXZ	TYR	1.7	ok	TYR_mixed_with_THR	159	TYR,TYR	0.6399112027069499		
P24941	OH		CZ	A	2	15,159					TYR	1-36,41-298		3	3	2	1-36,41-298	3PY0	TYR	1.75	ok	TYR_mixed_with_THR	15	TYR,TYR	0.6197425088982997		
P24941	OH		CZ	A	2	15,159					TYR	1-36,41-298		3	3	2	1-36,41-298	3PY0	TYR	1.75	ok	TYR_mixed_with_THR	159	TYR,TYR	-0.3385574774906908		
P24941	OH		CZ	A	2	15,159					TYR	1-298		3	3	2	1-298	3PY1	TYR	2.05	ok	TYR_mixed_with_THR	15	TYR,TYR	-0.07213949182757325		
P24941	OH		CZ	A	2	15,159					TYR	1-298		3	3	2	1-298	3PY1	TYR	2.05	ok	TYR_mixed_with_THR	159	TYR,TYR	-0.8026879372465722		
P24941	OH		CZ	A	2	15,159					TYR	1-296		3	2	2	1-296	3QHR	TYR	2.17	ok	TYR_only_multi_2	15	TYR,TYR	-0.005357941087403685		
P24941	OH		CZ	A	2	15,159					TYR	1-296		3	2	2	1-296	3QHR	TYR	2.17	ok	TYR_only_multi_2	159	TYR,TYR	-0.16755780967449		
P24941	OH		CZ	A	2	15,159					TYR	1-296		3	2	2	1-296	3QHW	TYR	1.91	ok	TYR_only_multi_2	15	TYR,TYR	0.12364305181130811		
P24941	OH		CZ	A	2	15,159					TYR	1-296		3	2	2	1-296	3QHW	TYR	1.91	ok	TYR_only_multi_2	159	TYR,TYR	-0.563122619200375		
P24941	OH		CZ	A	2	15,159					TYR	1-36,41-298		3	3	2	1-36,41-298	3QL8	TYR	1.9	ok	TYR_mixed_with_THR	15	TYR,TYR	0.24045581932798868		
P24941	OH		CZ	A	2	15,159					TYR	1-36,41-298		3	3	2	1-36,41-298	3QL8	TYR	1.9	ok	TYR_mixed_with_THR	159	TYR,TYR	-0.20029328386855874		
P24941	OH		CZ	A	2	15,159					TYR	1-36,41-298		3	3	2	1-36,41-298	3QQF	TYR	1.75	ok	TYR_mixed_with_THR	15	TYR,TYR	0.2650028602790631		
P24941	OH		CZ	A	2	15,159					TYR	1-36,41-298		3	3	2	1-36,41-298	3QQF	TYR	1.75	ok	TYR_mixed_with_THR	159	TYR,TYR	0.23315616140605286		
P24941	OH		CZ	A	2	15,159					TYR	1-36,41-298		3	3	2	1-36,41-298	3QQG	TYR	1.9	ok	TYR_mixed_with_THR	15	TYR,TYR	-0.7783978690482145		
P24941	OH		CZ	A	2	15,159					TYR	1-36,41-298		3	3	2	1-36,41-298	3QQG	TYR	1.9	ok	TYR_mixed_with_THR	159	TYR,TYR	0.008153288697104678		
P24941	OH		CZ	A	2	15,159					TYR	1-36,41-298		3	3	2	1-36,41-298	3QQH	TYR	1.87	ok	TYR_mixed_with_THR	15	TYR,TYR	-0.8849008176229997		
P24941	OH		CZ	A	2	15,159					TYR	1-36,41-298		3	3	2	1-36,41-298	3QQH	TYR	1.87	ok	TYR_mixed_with_THR	159	TYR,TYR	-0.6536153663415888		
P24941	OH		CZ	A	2	15,159					TYR	1-36,41-298		3	3	2	1-36,41-298	3QQJ	TYR	1.7	ok	TYR_mixed_with_THR	15	TYR,TYR	-1.013070085280503		
P24941	OH		CZ	A	2	15,159					TYR	1-36,41-298		3	3	2	1-36,41-298	3QQJ	TYR	1.7	ok	TYR_mixed_with_THR	159	TYR,TYR	-0.2081034122393193		
P24941	OH		CZ	A	2	15,159					TYR	1-36,41-298		3	3	2	1-36,41-298	3QQK	TYR	1.86	ok	TYR_mixed_with_THR	15	TYR,TYR	0.13772400415312455		
P24941	OH		CZ	A	2	15,159					TYR	1-36,41-298		3	3	2	1-36,41-298	3QQK	TYR	1.86	ok	TYR_mixed_with_THR	159	TYR,TYR	0.05942617379495442		
P24941	OH		CZ	A	2	15,159					TYR	1-36,41-298		3	3	2	1-36,41-298	3QQL	TYR	1.85	ok	TYR_mixed_with_THR	15	TYR,TYR	-0.23537279736141722		
P24941	OH		CZ	A	2	15,159					TYR	1-36,41-298		3	3	2	1-36,41-298	3QQL	TYR	1.85	ok	TYR_mixed_with_THR	159	TYR,TYR	0.5439195754091437		
P24941	OH		CZ	A	2	15,159					TYR	1-36,41-298		3	3	2	1-36,41-298	3QRT	TYR	1.75	ok	TYR_mixed_with_THR	15	TYR,TYR	0.5405569195434007		
P24941	OH		CZ	A	2	15,159					TYR	1-36,41-298		3	3	2	1-36,41-298	3QRT	TYR	1.75	ok	TYR_mixed_with_THR	159	TYR,TYR	0.9304410304409991		
P24941	OH		CZ	A	2	15,159					TYR	1-37,41-298		3	3	2	1-37,41-298	3QRU	TYR	1.95	ok	TYR_mixed_with_THR	15	TYR,TYR	0.4109038866902554		
P24941	OH		CZ	A	2	15,159					TYR	1-37,41-298		3	3	2	1-37,41-298	3QRU	TYR	1.95	ok	TYR_mixed_with_THR	159	TYR,TYR	-0.0022019539261895864		
P24941	OH		CZ	A	2	15,159					TYR	1-36,41-298		3	3	2	1-36,41-298	3QTQ	TYR	1.8	ok	TYR_mixed_with_THR	15	TYR,TYR	0.6254688209038102		
P24941	OH		CZ	A	2	15,159					TYR	1-36,41-298		3	3	2	1-36,41-298	3QTQ	TYR	1.8	ok	TYR_mixed_with_THR	159	TYR,TYR	0.448395360886301		
P24941	OH		CZ	A	1	15					TYR	1-36,45-154,163-298		3	1	1	1-36,45-154,163-298	3QTR	TYR	1.85	ok	TYR_single	15	TYR	-0.18348796447934865		
P24941	OH		CZ	A	1	15					TYR	1-36,45-154,163-298		3	1	1	1-36,45-154,163-298	3QTS	TYR	1.9	ok	TYR_single	15	TYR	0.7707576187534503		
P24941	OH		CZ	A	2	15,159					TYR	1-36,41-298		3	3	2	1-36,41-298	3QTU	TYR	1.82	ok	TYR_mixed_with_THR	15	TYR,TYR	0.0935633817078964		
P24941	OH		CZ	A	2	15,159					TYR	1-36,41-298		3	3	2	1-36,41-298	3QTU	TYR	1.82	ok	TYR_mixed_with_THR	159	TYR,TYR	-0.09969319502286471		
P24941	OH		CZ	A	2	15,159					TYR	1-36,41-298		3	3	2	1-36,41-298	3QTW	TYR	1.85	ok	TYR_mixed_with_THR	15	TYR,TYR	-0.19873479509101738		
P24941	OH		CZ	A	2	15,159					TYR	1-36,41-298		3	3	2	1-36,41-298	3QTW	TYR	1.85	ok	TYR_mixed_with_THR	159	TYR,TYR	-0.02607130637550392		
P24941	OH		CZ	A	2	15,159					TYR	1-36,41-298		3	3	2	1-36,41-298	3QTX	TYR	1.95	ok	TYR_mixed_with_THR	15	TYR,TYR	0.6034670276569649		
P24941	OH		CZ	A	2	15,159					TYR	1-36,41-298		3	3	2	1-36,41-298	3QTX	TYR	1.95	ok	TYR_mixed_with_THR	159	TYR,TYR	0.014594830131870172		
P24941	OH		CZ	A	2	15,159					TYR	1-36,41-298		3	3	2	1-36,41-298	3QTZ	TYR	2.0	ok	TYR_mixed_with_THR	15	TYR,TYR	-0.2177152332047766		
P24941	OH		CZ	A	2	15,159					TYR	1-36,41-298		3	3	2	1-36,41-298	3QTZ	TYR	2.0	ok	TYR_mixed_with_THR	159	TYR,TYR	-0.16567691854199018		
P24941	OH		CZ	A	2	15,159					TYR	1-36,41-298		3	3	2	1-36,41-298	3QU0	TYR	1.95	ok	TYR_mixed_with_THR	15	TYR,TYR	-0.7894327173194856		
P24941	OH		CZ	A	2	15,159					TYR	1-36,41-298		3	3	2	1-36,41-298	3QU0	TYR	1.95	ok	TYR_mixed_with_THR	159	TYR,TYR	0.2758003226825438		
P24941	OH		CZ	A	2	15,159					TYR	1-36,41-298		3	3	2	1-36,41-298	3QWJ	TYR	1.75	ok	TYR_mixed_with_THR	15	TYR,TYR	-0.5233136753408794		
P24941	OH		CZ	A	2	15,159					TYR	1-36,41-298		3	3	2	1-36,41-298	3QWJ	TYR	1.75	ok	TYR_mixed_with_THR	159	TYR,TYR	1.101565324672901		
P24941	OH		CZ	A	2	15,159					TYR	1-36,41-298		3	3	2	1-36,41-298	3QWK	TYR	1.85	ok	TYR_mixed_with_THR	15	TYR,TYR	-0.1574074768132262		
P24941	OH		CZ	A	2	15,159					TYR	1-36,41-298		3	3	2	1-36,41-298	3QWK	TYR	1.85	ok	TYR_mixed_with_THR	159	TYR,TYR	0.007752787794952714		
P24941	OH		CZ	A	2	15,159					TYR	1-36,41-298		3	3	2	1-36,41-298	3QX2	TYR	1.75	ok	TYR_mixed_with_THR	15	TYR,TYR	0.5031196991472088		
P24941	OH		CZ	A	2	15,159					TYR	1-36,41-298		3	3	2	1-36,41-298	3QX2	TYR	1.75	ok	TYR_mixed_with_THR	159	TYR,TYR	0.23916298472578623		
P24941	OH		CZ	A	2	15,159					TYR	1-36,41-298		3	3	2	1-36,41-298	3QX4	TYR	1.92	ok	TYR_mixed_with_THR	15	TYR,TYR	-0.4913380826996942		
P24941	OH		CZ	A	2	15,159					TYR	1-36,41-298		3	3	2	1-36,41-298	3QX4	TYR	1.92	ok	TYR_mixed_with_THR	159	TYR,TYR	0.1171985599612884		
P24941	OH		CZ	A	2	15,159					TYR	1-36,41-298		3	3	2	1-36,41-298	3QXO	TYR	1.75	ok	TYR_mixed_with_THR	15	TYR,TYR	1.8324172619091796		
P24941	OH		CZ	A	2	15,159					TYR	1-36,41-298		3	3	2	1-36,41-298	3QXO	TYR	1.75	ok	TYR_mixed_with_THR	159	TYR,TYR	-0.03702323113490717		
P24941	OH		CZ	A	2	15,159					TYR	1-36,41-298		3	3	2	1-36,41-298	3QXP	TYR	1.75	ok	TYR_mixed_with_THR	15	TYR,TYR	0.6090471938946356		
P24941	OH		CZ	A	2	15,159					TYR	1-36,41-298		3	3	2	1-36,41-298	3QXP	TYR	1.75	ok	TYR_mixed_with_THR	159	TYR,TYR	-0.3332940133259499		
P24941	OH		CZ	A	2	15,159					TYR	1-36,41-298		3	3	2	1-36,41-298	3QZF	TYR	2.0	ok	TYR_mixed_with_THR	15	TYR,TYR	-0.6513902129783817		
P24941	OH		CZ	A	2	15,159					TYR	1-36,41-298		3	3	2	1-36,41-298	3QZF	TYR	2.0	ok	TYR_mixed_with_THR	159	TYR,TYR	0.16542431843935315		
P24941	OH		CZ	A	2	15,159					TYR	1-36,41-298		3	3	2	1-36,41-298	3QZG	TYR	1.75	ok	TYR_mixed_with_THR	15	TYR,TYR	-0.4161046709850341		
P24941	OH		CZ	A	2	15,159					TYR	1-36,41-298		3	3	2	1-36,41-298	3QZG	TYR	1.75	ok	TYR_mixed_with_THR	159	TYR,TYR	-0.05207089715155319		
P24941	OH		CZ	A	2	15,159					TYR	1-36,41-298		3	3	2	1-36,41-298	3QZH	TYR	1.95	ok	TYR_mixed_with_THR	15	TYR,TYR	-0.24356704123857056		
P24941	OH		CZ	A	2	15,159					TYR	1-36,41-298		3	3	2	1-36,41-298	3QZH	TYR	1.95	ok	TYR_mixed_with_THR	159	TYR,TYR	-0.0075791850422379965		
P24941	OH		CZ	A	2	15,159					TYR	1-36,41-298		3	3	2	1-36,41-298	3QZI	TYR	1.75	ok	TYR_mixed_with_THR	15	TYR,TYR	0.0886761209476092		
P24941	OH		CZ	A	2	15,159					TYR	1-36,41-298		3	3	2	1-36,41-298	3QZI	TYR	1.75	ok	TYR_mixed_with_THR	159	TYR,TYR	-0.11456579459339641		
P24941	OH		CZ	A	2	15,159					TYR	1-36,41-298		3	3	2	1-36,41-298	3R1Q	TYR	1.85	ok	TYR_mixed_with_THR	15	TYR,TYR	-0.12757855830708442		
P24941	OH		CZ	A	2	15,159					TYR	1-36,41-298		3	3	2	1-36,41-298	3R1Q	TYR	1.85	ok	TYR_mixed_with_THR	159	TYR,TYR	0.08561811456391036		
P24941	OH		CZ	A	2	15,159					TYR	1-36,41-298		3	3	2	1-36,41-298	3R1S	TYR	1.8	ok	TYR_mixed_with_THR	15	TYR,TYR	0.06553972210486987		
P24941	OH		CZ	A	2	15,159					TYR	1-36,41-298		3	3	2	1-36,41-298	3R1S	TYR	1.8	ok	TYR_mixed_with_THR	159	TYR,TYR	-0.09924272187942007		
P24941	OH		CZ	A	2	15,159					TYR	1-36,41-298		3	3	2	1-36,41-298	3R1Y	TYR	1.8	ok	TYR_mixed_with_THR	15	TYR,TYR	-0.811569188134466		
P24941	OH		CZ	A	2	15,159					TYR	1-36,41-298		3	3	2	1-36,41-298	3R1Y	TYR	1.8	ok	TYR_mixed_with_THR	159	TYR,TYR	0.3457824980270212		
P24941	OH		CZ	A	2	15,159					TYR	1-36,41-298		3	3	2	1-36,41-298	3R28	TYR	1.75	ok	TYR_mixed_with_THR	15	TYR,TYR	-0.4770570804475082		
P24941	OH		CZ	A	2	15,159					TYR	1-36,41-298		3	3	2	1-36,41-298	3R28	TYR	1.75	ok	TYR_mixed_with_THR	159	TYR,TYR	0.07405532761468071		
P24941	OH		CZ	A	2	15,159					TYR	1-36,41-298		3	3	2	1-36,41-298	3R6X	TYR	1.75	ok	TYR_mixed_with_THR	15	TYR,TYR	0.31796759308798805		
P24941	OH		CZ	A	2	15,159					TYR	1-36,41-298		3	3	2	1-36,41-298	3R6X	TYR	1.75	ok	TYR_mixed_with_THR	159	TYR,TYR	0.487869842087763		
P24941	OH		CZ	A	2	15,159					TYR	1-36,41-298		3	3	2	1-36,41-298	3R71	TYR	1.75	ok	TYR_mixed_with_THR	15	TYR,TYR	0.08067923398280137		
P24941	OH		CZ	A	2	15,159					TYR	1-36,41-298		3	3	2	1-36,41-298	3R71	TYR	1.75	ok	TYR_mixed_with_THR	159	TYR,TYR	-0.6787660471130124		
P24941	OH		CZ	A	2	15,159					TYR	1-36,41-298		3	3	2	1-36,41-298	3R73	TYR	1.7	ok	TYR_mixed_with_THR	15	TYR,TYR	-0.2300811496253813		
P24941	OH		CZ	A	2	15,159					TYR	1-36,41-298		3	3	2	1-36,41-298	3R73	TYR	1.7	ok	TYR_mixed_with_THR	159	TYR,TYR	0.31726743448935946		
P24941	OH		CZ	A	2	15,159					TYR	1-36,41-298		3	3	2	1-36,41-298	3R7E	TYR	1.9	ok	TYR_mixed_with_THR	15	TYR,TYR	0.09620568982014892		
P24941	OH		CZ	A	2	15,159					TYR	1-36,41-298		3	3	2	1-36,41-298	3R7E	TYR	1.9	ok	TYR_mixed_with_THR	159	TYR,TYR	0.44179569503555854		
P24941	OH		CZ	A	1	15					TYR	1-36,45-154,163-298		3	1	1	1-36,45-154,163-298	3R7I	TYR	1.85	ok	TYR_single	15	TYR	-0.599313818178277		
P24941	OH		CZ	A	1	15					TYR	1-36,45-154,163-298		3	1	1	1-36,45-154,163-298	3R7U	TYR	1.75	ok	TYR_single	15	TYR	-0.2731076734355946		
P24941	OH		CZ	A	2	15,159					TYR	1-36,41-298		3	3	2	1-36,41-298	3R7V	TYR	1.95	ok	TYR_mixed_with_THR	15	TYR,TYR	-0.2746887992294584		
P24941	OH		CZ	A	2	15,159					TYR	1-36,41-298		3	3	2	1-36,41-298	3R7V	TYR	1.95	ok	TYR_mixed_with_THR	159	TYR,TYR	-0.3828731637645892		
P24941	OH		CZ	A	2	15,159					TYR	1-36,41-298		3	3	2	1-36,41-298	3R7Y	TYR	1.9	ok	TYR_mixed_with_THR	15	TYR,TYR	-1.5139315536927247		
P24941	OH		CZ	A	2	15,159					TYR	1-36,41-298		3	3	2	1-36,41-298	3R7Y	TYR	1.9	ok	TYR_mixed_with_THR	159	TYR,TYR	0.7554789464555889		
P24941	OH		CZ	A	2	15,159					TYR	1-36,41-298		3	3	2	1-36,41-298	3R83	TYR	1.75	ok	TYR_mixed_with_THR	15	TYR,TYR	-2.5628171166655296		
P24941	OH		CZ	A	2	15,159					TYR	1-36,41-298		3	3	2	1-36,41-298	3R83	TYR	1.75	ok	TYR_mixed_with_THR	159	TYR,TYR	0.11550034722519599		
P24941	OH		CZ	A	2	15,159					TYR	1-36,41-298		3	3	2	1-36,41-298	3R8L	TYR	1.9	ok	TYR_mixed_with_THR	15	TYR,TYR	0.4382187197066762		
P24941	OH		CZ	A	2	15,159					TYR	1-36,41-298		3	3	2	1-36,41-298	3R8L	TYR	1.9	ok	TYR_mixed_with_THR	159	TYR,TYR	0.44727882691062937		
P24941	OH		CZ	A	1	15					TYR	1-36,41-153,162-298		3	1	1	1-36,41-153,162-298	3R8M	TYR	1.8	ok	TYR_single	15	TYR	-0.6999382682952948		
P24941	OH		CZ	A	2	15,159					TYR	1-36,41-298		3	3	2	1-36,41-298	3R8P	TYR	1.8	ok	TYR_mixed_with_THR	15	TYR,TYR	1.4724541567743623		
P24941	OH		CZ	A	2	15,159					TYR	1-36,41-298		3	3	2	1-36,41-298	3R8P	TYR	1.8	ok	TYR_mixed_with_THR	159	TYR,TYR	2.0478301255523466		
P24941	OH		CZ	A	2	15,159					TYR	1-36,41-298		3	3	2	1-36,41-298	3R8U	TYR	2.0	ok	TYR_mixed_with_THR	15	TYR,TYR	-3.255846943383278		
P24941	OH		CZ	A	2	15,159					TYR	1-36,41-298		3	3	2	1-36,41-298	3R8U	TYR	2.0	ok	TYR_mixed_with_THR	159	TYR,TYR	0.395143234758061		
P24941	OH		CZ	A	2	15,159					TYR	1-36,41-298		3	3	2	1-36,41-298	3R8V	TYR	1.9	ok	TYR_mixed_with_THR	15	TYR,TYR	0.5680093681969174		
P24941	OH		CZ	A	2	15,159					TYR	1-36,41-298		3	3	2	1-36,41-298	3R8V	TYR	1.9	ok	TYR_mixed_with_THR	159	TYR,TYR	0.3298938610897084		
P24941	OH		CZ	A	1	15					TYR	1-36,41-155,160-298		3	2	1	1-36,41-155,160-298	3R8Z	TYR	1.85	ok	TYR_mixed_with_THR	15	TYR	-1.0855459107265233		
P24941	OH		CZ	A	2	15,159					TYR	1-36,41-298		3	3	2	1-36,41-298	3R9D	TYR	1.95	ok	TYR_mixed_with_THR	15	TYR,TYR	0.29380924925779184		
P24941	OH		CZ	A	2	15,159					TYR	1-36,41-298		3	3	2	1-36,41-298	3R9D	TYR	1.95	ok	TYR_mixed_with_THR	159	TYR,TYR	0.5598081362573245		
P24941	OH		CZ	A	2	15,159					TYR	1-36,41-298		3	3	2	1-36,41-298	3R9H	TYR	2.1	ok	TYR_mixed_with_THR	15	TYR,TYR	0.055052437086413074		
P24941	OH		CZ	A	2	15,159					TYR	1-36,41-298		3	3	2	1-36,41-298	3R9H	TYR	2.1	ok	TYR_mixed_with_THR	159	TYR,TYR	0.5890124347874306		
P24941	OH		CZ	A	1	15					TYR	1-36,45-154,163-298		3	1	1	1-36,45-154,163-298	3R9N	TYR	1.75	ok	TYR_single	15	TYR	-0.029367013075756697		
P24941	OH		CZ	A	1	15					TYR	1-36,45-154,163-298		3	1	1	1-36,45-154,163-298	3R9O	TYR	1.9	ok	TYR_single	15	TYR	-0.14589678741695378		
P24941	OH		CZ	A	1	15					TYR	1-36,45-154,163-298		3	1	1	1-36,45-154,163-298	3RAH	TYR	1.75	ok	TYR_single	15	TYR	0.7999780257475784		
P24941	OH		CZ	A	2	15,159					TYR	1-36,41-298		3	3	2	1-36,41-298	3RAI	TYR	1.7	ok	TYR_mixed_with_THR	15	TYR,TYR	-0.31722235841541147		
P24941	OH		CZ	A	2	15,159					TYR	1-36,41-298		3	3	2	1-36,41-298	3RAI	TYR	1.7	ok	TYR_mixed_with_THR	159	TYR,TYR	-0.08964697276256824		
P24941	OH		CZ	A	1	15					TYR	1-36,45-149,163-298		3	1	1	1-36,45-149,163-298	3RAK	TYR	1.75	ok	TYR_single	15	TYR	-0.44209812113724006		
P24941	OH		CZ	A	1	15					TYR	1-36,45-149,163-298		3	1	1	1-36,45-149,163-298	3RAL	TYR	1.75	ok	TYR_single	15	TYR	0.11929153677764531		
P24941	OH		CZ	A	2	15,159					TYR	1-36,41-298		3	3	2	1-36,41-298	3RJC	TYR	1.85	ok	TYR_mixed_with_THR	15	TYR,TYR	-0.1335905557073577		
P24941	OH		CZ	A	2	15,159					TYR	1-36,41-298		3	3	2	1-36,41-298	3RJC	TYR	1.85	ok	TYR_mixed_with_THR	159	TYR,TYR	-0.2733178702375059		
P24941	OH		CZ	A	2	15,159					TYR	1-36,41-298		3	3	2	1-36,41-298	3RK5	TYR	2.0	ok	TYR_mixed_with_THR	15	TYR,TYR	0.3320910202253226		
P24941	OH		CZ	A	2	15,159					TYR	1-36,41-298		3	3	2	1-36,41-298	3RK5	TYR	2.0	ok	TYR_mixed_with_THR	159	TYR,TYR	-0.15337514999368496		
P24941	OH		CZ	A	2	15,159					TYR	1-36,41-298		3	3	2	1-36,41-298	3RK7	TYR	1.8	ok	TYR_mixed_with_THR	15	TYR,TYR	0.3321277693283586		
P24941	OH		CZ	A	2	15,159					TYR	1-36,41-298		3	3	2	1-36,41-298	3RK7	TYR	1.8	ok	TYR_mixed_with_THR	159	TYR,TYR	0.07875198214244981		
P24941	OH		CZ	A	2	15,159					TYR	1-36,41-298		3	3	2	1-36,41-298	3RK9	TYR	1.85	ok	TYR_mixed_with_THR	15	TYR,TYR	-0.2878245656264897		
P24941	OH		CZ	A	2	15,159					TYR	1-36,41-298		3	3	2	1-36,41-298	3RK9	TYR	1.85	ok	TYR_mixed_with_THR	159	TYR,TYR	0.04902335628976042		
P24941	OH		CZ	A	2	15,159					TYR	1-36,41-298		3	3	2	1-36,41-298	3RKB	TYR	2.0	ok	TYR_mixed_with_THR	15	TYR,TYR	0.8550410825919531		
P24941	OH		CZ	A	2	15,159					TYR	1-36,41-298		3	3	2	1-36,41-298	3RKB	TYR	2.0	ok	TYR_mixed_with_THR	159	TYR,TYR	-0.02542701517684903		
P24941	OH		CZ	A	1	159					TYR	1-14,16-36,41-298		3	2	1	1-14,16-36,41-298	3RM6	TYR	1.6	ok	TYR_mixed_with_THR	159	TYR	0.6425936089717705		
P24941	OH		CZ	A	2	15,159					TYR	1-36,41-298		3	3	2	1-36,41-298	3RM7	TYR	1.85	ok	TYR_mixed_with_THR	15	TYR,TYR	-0.11374452960100155		
P24941	OH		CZ	A	2	15,159					TYR	1-36,41-298		3	3	2	1-36,41-298	3RM7	TYR	1.85	ok	TYR_mixed_with_THR	159	TYR,TYR	0.2218010988836375		
P24941	OH		CZ	A	1	15					TYR	1-37,45-149,163-298		3	1	1	1-37,45-149,163-298	3RMF	TYR	1.75	ok	TYR_single	15	TYR	-0.43987840415527074		
P24941	OH		CZ	A	2	15,159					TYR	1-36,41-298		3	3	2	1-36,41-298	3RNI	TYR	1.95	ok	TYR_mixed_with_THR	15	TYR,TYR	0.06453704214819156		
P24941	OH		CZ	A	2	15,159					TYR	1-36,41-298		3	3	2	1-36,41-298	3RNI	TYR	1.95	ok	TYR_mixed_with_THR	159	TYR,TYR	-0.1504062443829964		
P24941	OH		CZ	A	2	15,159					TYR	1-36,41-298		3	3	2	1-36,41-298	3ROY	TYR	1.75	ok	TYR_mixed_with_THR	15	TYR,TYR	0.23726826676223148		
P24941	OH		CZ	A	2	15,159					TYR	1-36,41-298		3	3	2	1-36,41-298	3ROY	TYR	1.75	ok	TYR_mixed_with_THR	159	TYR,TYR	0.582425904320882		
P24941	OH		CZ	A	2	15,159					TYR	1-36,41-298		3	3	2	1-36,41-298	3RPO	TYR	1.75	ok	TYR_mixed_with_THR	15	TYR,TYR	-0.1096534193755625		
P24941	OH		CZ	A	2	15,159					TYR	1-36,41-298		3	3	2	1-36,41-298	3RPO	TYR	1.75	ok	TYR_mixed_with_THR	159	TYR,TYR	0.5305325978080963		
P24941	OH		CZ	A	1	15					TYR	1-36,45-154,163-298		3	1	1	1-36,45-154,163-298	3RPR	TYR	1.75	ok	TYR_single	15	TYR	0.780919894417006		
P24941	OH		CZ	A	2	15,159					TYR	1-36,41-298		3	3	2	1-36,41-298	3RPV	TYR	1.8	ok	TYR_mixed_with_THR	15	TYR,TYR	0.3774002202161604		
P24941	OH		CZ	A	2	15,159					TYR	1-36,41-298		3	3	2	1-36,41-298	3RPV	TYR	1.8	ok	TYR_mixed_with_THR	159	TYR,TYR	0.46130346090414104		
P24941	OH		CZ	A	1	15					TYR	1-36,45-149,163-298		3	1	1	1-36,45-149,163-298	3RPY	TYR	1.9	ok	TYR_single	15	TYR	0.6841792493375903		
P24941	OH		CZ	A	1	15					TYR	1-36,45-154,163-298		3	1	1	1-36,45-154,163-298	3RZB	TYR	1.9	ok	TYR_single	15	TYR	0.6944191721589149		
P24941	OH		CZ	A	2	15,159					TYR	1-36,41-298		3	3	2	1-36,41-298	3S00	TYR	1.8	ok	TYR_mixed_with_THR	15	TYR,TYR	0.9168322310685548		
P24941	OH		CZ	A	2	15,159					TYR	1-36,41-298		3	3	2	1-36,41-298	3S00	TYR	1.8	ok	TYR_mixed_with_THR	159	TYR,TYR	-1.3268162922216535		
P24941	OH		CZ	A	2	15,159					TYR	1-37,41-146,149-298		3	3	2	1-37,41-146,149-298	3S0O	TYR	2.0	ok	TYR_mixed_with_THR	15	TYR,TYR	-1.6147743814354143		
P24941	OH		CZ	A	2	15,159					TYR	1-37,41-146,149-298		3	3	2	1-37,41-146,149-298	3S0O	TYR	2.0	ok	TYR_mixed_with_THR	159	TYR,TYR	-0.12710077891849328		
P24941	OH		CZ	A	1	15					TYR	1-36,45-149,163-298		3	1	1	1-36,45-149,163-298	3S1H	TYR	1.75	ok	TYR_single	15	TYR	-0.5910213774548322		
P24941	OH		CZ	A	1	15					TYR	1-35,44-152,164-298		3	1	1	1-35,44-152,164-298	3S2P	TYR	2.3	ok	TYR_single	15	TYR	-0.19775753258761775		
P24941	OH		CZ	A	2	15,159					TYR	1-36,41-150,157-298		3	3	2	1-36,41-150,157-298	3SQQ	TYR	1.85	ok	TYR_mixed_with_THR	15	TYR,TYR	0.7049429893576932		
P24941	OH		CZ	A	2	15,159					TYR	1-36,41-150,157-298		3	3	2	1-36,41-150,157-298	3SQQ	TYR	1.85	ok	TYR_mixed_with_THR	159	TYR,TYR	-0.9150443097657034		
P24941	OH		CZ	A	1	15					TYR	1-36,45-153,164-298		3	1	1	1-36,45-153,164-298	3SW4	TYR	1.7	ok	TYR_single	15	TYR	0.2826462775263599		
P24941				A	1	15					TYR	1-37,45-149,163-298		3	1	1	1-37,45-149,163-298	3SW7	TYR	1.8	missing_required_atoms:OH,CZ	TYR_single	15	TYR			
P24941	OH		CZ	A	2	15,159					TYR	1-36,41-298		3	3	2	1-36,41-298	3TI1	TYR	1.99	ok	TYR_mixed_with_THR	15	TYR,TYR	0.1888242334691643		
P24941	OH		CZ	A	2	15,159					TYR	1-36,41-298		3	3	2	1-36,41-298	3TI1	TYR	1.99	ok	TYR_mixed_with_THR	159	TYR,TYR	-0.10315968429347712		
P24941	OH		CZ	A	2	15,159					TYR	2-36,41-298		3	3	2	2-36,41-298	3TIY	TYR	1.84	ok	TYR_mixed_with_THR	15	TYR,TYR	0.20537915379115826		
P24941	OH		CZ	A	2	15,159					TYR	2-36,41-298		3	3	2	2-36,41-298	3TIY	TYR	1.84	ok	TYR_mixed_with_THR	159	TYR,TYR	0.11864724786288419		
P24941	OH		CZ	A	2	15,159					TYR	2-36,41-298		3	3	2	2-36,41-298	3TIZ	TYR	2.02	ok	TYR_mixed_with_THR	15	TYR,TYR	-0.011304173212849456		
P24941	OH		CZ	A	2	15,159					TYR	2-36,41-298		3	3	2	2-36,41-298	3TIZ	TYR	2.02	ok	TYR_mixed_with_THR	159	TYR,TYR	0.18685383313461007		
P24941	OH		CZ	A	2	15,159					TYR	1-37,41-298		3	2	2	1-37,41-298	3TNW	TYR	2.0	ok	TYR_only_multi_2	15	TYR,TYR	0.15797861850934236		
P24941	OH		CZ	A	2	15,159					TYR	1-37,41-298		3	2	2	1-37,41-298	3TNW	TYR	2.0	ok	TYR_only_multi_2	159	TYR,TYR	-0.47260440280646876		
P24941	OH		CZ	A	1	15					TYR	1-38,44-154,162-298		3	1	1	1-38,44-154,162-298	3ULI	TYR	2.0	ok	TYR_single	15	TYR	-0.27565276617803447		
P24941	OH		CZ	A	2	15,159					TYR	1-36,41-298		3	3	2	1-36,41-298	3UNJ	TYR	1.9001	ok	TYR_mixed_with_THR	15	TYR,TYR	0.4609155314267057		
P24941	OH		CZ	A	2	15,159					TYR	1-36,41-298		3	3	2	1-36,41-298	3UNJ	TYR	1.9001	ok	TYR_mixed_with_THR	159	TYR,TYR	0.05488524770629605		
P24941	OH		CZ	A	2	15,159					TYR	1-36,40-298		3	3	2	1-36,40-298	3UNK	TYR	2.1	ok	TYR_mixed_with_THR	15	TYR,TYR	0.052376246288720014		
P24941	OH		CZ	A	2	15,159					TYR	1-36,40-298		3	3	2	1-36,40-298	3UNK	TYR	2.1	ok	TYR_mixed_with_THR	159	TYR,TYR	-0.021202272247533994		
P24941	OH		CZ	A	1	15					TYR	1-24,26-37,43-153,163-298		3	1	1	1-24,26-37,43-153,163-298	3WBL	TYR	2.0	ok	TYR_single	15	TYR	0.3919745238991309		
P24941				A	1	15					TYR	1-36,44-72,75-150,163-298		3	1	1	1-36,44-72,75-150,163-298	4ACM	TYR	1.63	missing_required_atoms:OH,CZ	TYR_single	15	TYR			
P24941	OH		CZ	A	2	15,159					TYR	1-297		3	2	2	1-297	4BCK	TYR	2.052	ok	TYR_only_multi_2	15	TYR,TYR	-0.03259973298373601		
P24941	OH		CZ	A	2	15,159					TYR	1-297		3	2	2	1-297	4BCK	TYR	2.052	ok	TYR_only_multi_2	159	TYR,TYR	-0.8873578286099857		
P24941	OH		CZ	C	2	15,159					TYR	1-294		3	2	2	1-294	4BCM	TYR	2.45	ok	TYR_only_multi_2	15	TYR,TYR	0.05380353012166075		
P24941	OH		CZ	C	2	15,159					TYR	1-294		3	2	2	1-294	4BCM	TYR	2.45	ok	TYR_only_multi_2	159	TYR,TYR	-0.10351668575949424		
P24941	OH		CZ	A	2	15,159					TYR	1-38,41-298		3	2	2	1-38,41-298	4BCN	TYR	2.1	ok	TYR_only_multi_2	15	TYR,TYR	-0.1829217461176163		
P24941	OH		CZ	A	2	15,159					TYR	1-38,41-298		3	2	2	1-38,41-298	4BCN	TYR	2.1	ok	TYR_only_multi_2	159	TYR,TYR	-0.40062080900529995		
P24941	OH		CZ	A	2	15,159					TYR	1-298		3	2	2	1-298	4BCO	TYR	2.05	ok	TYR_only_multi_2	15	TYR,TYR	-0.09870480166062771		
P24941	OH		CZ	A	2	15,159					TYR	1-298		3	2	2	1-298	4BCO	TYR	2.05	ok	TYR_only_multi_2	159	TYR,TYR	0.08045240238475646		
P24941	OH		CZ	A	2	15,159					TYR	1-298		3	2	2	1-298	4BCP	TYR	2.26	ok	TYR_only_multi_2	15	TYR,TYR	-0.05308006801859859		
P24941	OH		CZ	A	2	15,159					TYR	1-298		3	2	2	1-298	4BCP	TYR	2.26	ok	TYR_only_multi_2	159	TYR,TYR	-0.13698846796310477		
P24941	OH		CZ	A	1	159					TYR	1-11,17-295		3	1	1	1-11,17-295	4BCQ	TYR	2.4	ok	TYR_single	159	TYR	-0.07636973317476907		
P24941	OH		CZ	C	2	15,159					TYR	1-12,15-294		3	2	2	1-12,15-294	4BCQ	TYR	2.4	ok	TYR_only_multi_2	15	TYR,TYR	0.0341875397280416		
P24941	OH		CZ	A	1	15					TYR	1-35,45-149,164-298		3	1	1	1-35,45-149,164-298	4BGH	TYR	1.95	ok	TYR_single	15	TYR	0.3379110540271298		
P24941				A	1	15					TYR	1-13,15-37,44-148,163-298		3	1	1	1-13,15-37,44-148,163-298	4BZD	TYR	1.83	missing_required_atoms:OH,CZ	TYR_single	15	TYR			
P24941	OH		CZ	A	2	15,159					TYR	1-37,41-297		3	2	2	1-37,41-297	4CFN	TYR	2.2	ok	TYR_only_multi_2	15	TYR,TYR	1.4329018732750107		
P24941	OH		CZ	A	2	15,159					TYR	1-37,41-297		3	2	2	1-37,41-297	4CFN	TYR	2.2	ok	TYR_only_multi_2	159	TYR,TYR	-2.606056162781377		
P24941	OH		CZ	A	2	15,159					TYR	1-38,41-298		3	2	2	1-38,41-298	4CFU	TYR	2.2	ok	TYR_only_multi_2	15	TYR,TYR	-1.0988992740691934		
P24941	OH		CZ	A	2	15,159					TYR	1-38,41-298		3	2	2	1-38,41-298	4CFU	TYR	2.2	ok	TYR_only_multi_2	159	TYR,TYR	0.46196114183514697		
P24941	OH		CZ	A	2	15,159					TYR	1-298		3	2	2	1-298	4CFV	TYR	2.0	ok	TYR_only_multi_2	15	TYR,TYR	-0.8301933983034451		
P24941	OH		CZ	A	2	15,159					TYR	1-298		3	2	2	1-298	4CFV	TYR	2.0	ok	TYR_only_multi_2	159	TYR,TYR	-3.905082886868505		
P24941	OH		CZ	A	2	15,159					TYR	1-298		3	2	2	1-298	4CFW	TYR	2.45	ok	TYR_only_multi_2	15	TYR,TYR	0.7893000158423253		
P24941	OH		CZ	A	2	15,159					TYR	1-298		3	2	2	1-298	4CFW	TYR	2.45	ok	TYR_only_multi_2	159	TYR,TYR	-0.31255842920707166		
P24941	OH		CZ	A	1	15					TYR	3-35,47-153,165-298		3	1	1	3-35,47-153,165-298	4D1X	TYR	2.1	ok	TYR_single	15	TYR	-0.03562115105734228		
P24941	OH		CZ	A	2	15,159					TYR	1-36,45-296		3	3	2	1-36,45-296	4EK3	TYR	1.34	ok	TYR_mixed_with_THR	15	TYR,TYR	1.6487275578876976		
P24941	OH		CZ	A	2	15,159					TYR	1-36,45-296		3	3	2	1-36,45-296	4EK3	TYR	1.34	ok	TYR_mixed_with_THR	159	TYR,TYR	-0.6455421818137135		
P24941	OH		CZ	A	2	15,159					TYR	1-35,45-296		3	3	2	1-35,45-296	4EK4	TYR	1.26	ok	TYR_mixed_with_THR	15	TYR,TYR	0.9219555297274141		
P24941	OH		CZ	A	2	15,159					TYR	1-35,45-296		3	3	2	1-35,45-296	4EK4	TYR	1.26	ok	TYR_mixed_with_THR	159	TYR,TYR	-2.1043173327842393		
P24941	OH		CZ	A	2	15,159					TYR	1-35,45-298		3	3	2	1-35,45-298	4EK5	TYR	1.6	ok	TYR_mixed_with_THR	15	TYR,TYR	0.7198196941266448		
P24941	OH		CZ	A	2	15,159					TYR	1-35,45-298		3	3	2	1-35,45-298	4EK5	TYR	1.6	ok	TYR_mixed_with_THR	159	TYR,TYR	-0.24829880442538935		
P24941	OH		CZ	A	1	15					TYR	1-35,46-151,162-298		3	1	1	1-35,46-151,162-298	4EK6	TYR	1.52	ok	TYR_single	15	TYR	0.16605661140180875		
P24941	OH		CZ	A	1	15					TYR	1-36,45-152,162-298		3	1	1	1-36,45-152,162-298	4EK8	TYR	1.7	ok	TYR_single	15	TYR	0.21207054165400924		
P24941	OH		CZ	C	2	15,159					TYR	1-296		3	2	2	1-296	4EOI	TYR	2.0	ok	TYR_only_multi_2	15	TYR,TYR	-0.10074738206664964		
P24941	OH		CZ	C	2	15,159					TYR	1-296		3	2	2	1-296	4EOI	TYR	2.0	ok	TYR_only_multi_2	159	TYR,TYR	-0.10842180109514903		
P24941	OH		CZ	A	2	15,159					TYR	1-37,42-298		3	2	2	1-37,42-298	4EOJ	TYR	1.65	ok	TYR_only_multi_2	15	TYR,TYR	-0.23172049978043763		
P24941	OH		CZ	A	2	15,159					TYR	1-37,42-298		3	2	2	1-37,42-298	4EOJ	TYR	1.65	ok	TYR_only_multi_2	159	TYR,TYR	-1.4449590329989106		
P24941	OH		CZ	C	2	15,159					TYR	1-297		3	2	2	1-297	4EOL	TYR	2.4	ok	TYR_only_multi_2	15	TYR,TYR	0.4803861450491883		
P24941	OH		CZ	C	2	15,159					TYR	1-297		3	2	2	1-297	4EOL	TYR	2.4	ok	TYR_only_multi_2	159	TYR,TYR	0.0902496077378401		
P24941	OH		CZ	A	2	15,159					TYR	1-37,40-297		3	2	2	1-37,40-297	4EOM	TYR	2.1	ok	TYR_only_multi_2	15	TYR,TYR	-0.12172942520943396		
P24941	OH		CZ	A	2	15,159					TYR	1-37,40-297		3	2	2	1-37,40-297	4EOM	TYR	2.1	ok	TYR_only_multi_2	159	TYR,TYR	-0.6746845692086442		
P24941	OH		CZ	A	2	15,159					TYR	1-298		3	2	2	1-298	4EON	TYR	2.4	ok	TYR_only_multi_2	15	TYR,TYR	-0.06527675492830501		
P24941	OH		CZ	A	2	15,159					TYR	1-298		3	2	2	1-298	4EON	TYR	2.4	ok	TYR_only_multi_2	159	TYR,TYR	-0.028670187338585854		
P24941	OH		CZ	C	2	15,159					TYR	1-296		3	2	2	1-296	4EOO	TYR	2.1	ok	TYR_only_multi_2	15	TYR,TYR	0.023161611433062643		
P24941	OH		CZ	C	2	15,159					TYR	1-296		3	2	2	1-296	4EOO	TYR	2.1	ok	TYR_only_multi_2	159	TYR,TYR	-0.026716252045811958		
P24941	OH		CZ	C	2	15,159					TYR	1-296		3	2	2	1-296	4EOP	TYR	1.99	ok	TYR_only_multi_2	15	TYR,TYR	-1.370262681188183		
P24941	OH		CZ	C	2	15,159					TYR	1-296		3	2	2	1-296	4EOP	TYR	1.99	ok	TYR_only_multi_2	159	TYR,TYR	-0.27996774140642		
P24941	OH		CZ	A	2	15,159					TYR	1-37,41-297		3	2	2	1-37,41-297	4EOQ	TYR	2.15	ok	TYR_only_multi_2	15	TYR,TYR	0.01722660005177846		
P24941	OH		CZ	A	2	15,159					TYR	1-37,41-297		3	2	2	1-37,41-297	4EOQ	TYR	2.15	ok	TYR_only_multi_2	159	TYR,TYR	-1.1135783067421494		
P24941	OH		CZ	A	2	15,159					TYR	1-37,42-297		3	2	2	1-37,42-297	4EOR	TYR	2.2	ok	TYR_only_multi_2	15	TYR,TYR	0.13335900621824526		
P24941	OH		CZ	A	2	15,159					TYR	1-37,42-297		3	2	2	1-37,42-297	4EOR	TYR	2.2	ok	TYR_only_multi_2	159	TYR,TYR	-0.06433362983087554		
P24941	OH		CZ	A	2	15,159					TYR	1-37,43-298		3	3	2	1-37,43-298	4ERW	TYR	2.0	ok	TYR_mixed_with_THR	15	TYR,TYR	0.11459990470152034		
P24941	OH		CZ	A	2	15,159					TYR	1-37,43-298		3	3	2	1-37,43-298	4ERW	TYR	2.0	ok	TYR_mixed_with_THR	159	TYR,TYR	-0.4202138241059936		
P24941	OH		CZ	A	2	15,159					TYR	1-36,41-298		3	3	2	1-36,41-298	4EZ3	TYR	2.0	ok	TYR_mixed_with_THR	15	TYR,TYR	-0.03799321172688059		
P24941	OH		CZ	A	2	15,159					TYR	1-36,41-298		3	3	2	1-36,41-298	4EZ3	TYR	2.0	ok	TYR_mixed_with_THR	159	TYR,TYR	-0.023577527349198733		
P24941	OH		CZ	A	2	15,159					TYR	1-298		3	3	2	1-298	4EZ7	TYR	2.49	ok	TYR_mixed_with_THR	15	TYR,TYR	-0.15829034717292523		
P24941	OH		CZ	A	2	15,159					TYR	1-298		3	3	2	1-298	4EZ7	TYR	2.49	ok	TYR_mixed_with_THR	159	TYR,TYR	0.13374722669068503		
P24941	OH		CZ	A	2	15,159					TYR	1-35,45-153,157-298		3	3	2	1-35,45-153,157-298	4FKG	TYR	1.51	ok	TYR_mixed_with_THR	15	TYR,TYR	0.6062138159558986		
P24941	OH		CZ	A	2	15,159					TYR	1-35,45-153,157-298		3	3	2	1-35,45-153,157-298	4FKG	TYR	1.51	ok	TYR_mixed_with_THR	159	TYR,TYR	0.4233610338740255		
P24941	OH		CZ	A	2	15,159					TYR	1-36,45-153,157-298		3	3	2	1-36,45-153,157-298	4FKI	TYR	1.6	ok	TYR_mixed_with_THR	15	TYR,TYR	0.9756871926855829		
P24941	OH		CZ	A	2	15,159					TYR	1-36,45-153,157-298		3	3	2	1-36,45-153,157-298	4FKI	TYR	1.6	ok	TYR_mixed_with_THR	159	TYR,TYR	-0.030459773195383105		
P24941	OH		CZ	A	1	15					TYR	1-35,45-151,163-298		3	1	1	1-35,45-151,163-298	4FKJ	TYR	1.63	ok	TYR_single	15	TYR	0.4872631505011789		
P24941	OH		CZ	A	2	15,159					TYR	1-36,44-298		3	3	2	1-36,44-298	4FKL	TYR	1.26	ok	TYR_mixed_with_THR	15	TYR,TYR	0.2700661445623717		
P24941	OH		CZ	A	2	15,159					TYR	1-36,44-298		3	3	2	1-36,44-298	4FKL	TYR	1.26	ok	TYR_mixed_with_THR	159	TYR,TYR	-0.6339524483456059		
P24941				A	2	15,159					TYR	1-37,45-298		3	3	2	1-37,45-298	4FKO	TYR	1.55	missing_required_atoms:OH,CZ	TYR_mixed_with_THR	15	TYR,TYR			
P24941	OH		CZ	A	2	15,159					TYR	1-37,45-298		3	3	2	1-37,45-298	4FKO	TYR	1.55	ok	TYR_mixed_with_THR	159	TYR,TYR	-0.6167064214015009		
P24941	OH		CZ	A	1	15					TYR	1-35,44-152,163-298		3	1	1	1-35,44-152,163-298	4FKP	TYR	1.6	ok	TYR_single	15	TYR	-0.2029637997035157		
P24941	OH		CZ	A	1	15					TYR	1-37,44-154,164-298		3	1	1	1-37,44-154,164-298	4FKQ	TYR	1.75	ok	TYR_single	15	TYR	-0.06211311029724995		
P24941				A	1	15					TYR	1-37,45-153,163-298		3	1	1	1-37,45-153,163-298	4FKR	TYR	1.9	missing_required_atoms:OH,CZ	TYR_single	15	TYR			
P24941				A	1	15					TYR	1-35,45-150,163-296		3	1	1	1-35,45-150,163-296	4FKS	TYR	1.55	missing_required_atoms:OH,CZ	TYR_single	15	TYR			
P24941	OH		CZ	A	1	15					TYR	1-35,45-152,162-296		3	1	1	1-35,45-152,162-296	4FKT	TYR	1.6	ok	TYR_single	15	TYR	-0.40331099963324735		
P24941	OH		CZ	A	2	15,159					TYR	1-37,43-298		3	3	2	1-37,43-298	4FKU	TYR	1.47	ok	TYR_mixed_with_THR	15	TYR,TYR	-0.13752586063623073		
P24941	OH		CZ	A	2	15,159					TYR	1-37,43-298		3	3	2	1-37,43-298	4FKU	TYR	1.47	ok	TYR_mixed_with_THR	159	TYR,TYR	0.8854782822142875		
P24941				A	1	15					TYR	1-37,43-150,162-298		3	1	1	1-37,43-150,162-298	4FKV	TYR	1.7	missing_required_atoms:OH,CZ	TYR_single	15	TYR			
P24941				A	1	15					TYR	1-37,43-149,163-298		3	1	1	1-37,43-149,163-298	4FKW	TYR	1.8	missing_required_atoms:OH,CZ	TYR_single	15	TYR			
P24941	OH		CZ	A	2	15,159					TYR	1-298		3	3	2	1-298	4GCJ	TYR	1.42	ok	TYR_mixed_with_THR	15	TYR,TYR	-1.7314080558021399		
P24941	OH		CZ	A	2	15,159					TYR	1-298		3	3	2	1-298	4GCJ	TYR	1.42	ok	TYR_mixed_with_THR	159	TYR,TYR	-1.4979507016029245		
P24941	OH		CZ	A	2	15,159					TYR	1-296		3	2	2	1-296	4I3Z	TYR	2.05	ok	TYR_only_multi_2	15	TYR,TYR	0.04611733139910472		
P24941	OH		CZ	A	2	15,159					TYR	1-296		3	2	2	1-296	4I3Z	TYR	2.05	ok	TYR_only_multi_2	159	TYR,TYR	0.016850196461753654		
P24941	OH		CZ	A	2	15,159					TYR	1-296		3	2	2	1-296	4II5	TYR	2.15	ok	TYR_only_multi_2	15	TYR,TYR	-0.46358997158274945		
P24941	OH		CZ	A	2	15,159					TYR	1-296		3	2	2	1-296	4II5	TYR	2.15	ok	TYR_only_multi_2	159	TYR,TYR	-0.38598423217416705		
P24941	OH		CZ	A	2	15,159					TYR	1-298		3	3	2	1-298	4KD1	TYR	1.7	ok	TYR_mixed_with_THR	15	TYR,TYR	0.6546398829031449		
P24941	OH		CZ	A	2	15,159					TYR	1-298		3	3	2	1-298	4KD1	TYR	1.7	ok	TYR_mixed_with_THR	159	TYR,TYR	-0.11892257243860277		
P24941	OH		CZ	A	1	15					TYR	1-152,164-298		3	1	1	1-152,164-298	4LYN	TYR	2.0	ok	TYR_single	15	TYR	-0.08367933420700949		
P24941	OH		CZ	A	1	15					TYR	1-38,45-150,162-298		3	1	1	1-38,45-150,162-298	4NJ3	TYR	1.848	ok	TYR_single	15	TYR	-0.12825236828425615		
P24941	OH		CZ	A	2	15,159					TYR	1-37,45-295		3	3	2	1-37,45-295	4RJ3	TYR	1.63	ok	TYR_mixed_with_THR	15	TYR,TYR	-0.4387350844012315		
P24941	OH		CZ	A	2	15,159					TYR	1-37,45-295		3	3	2	1-37,45-295	4RJ3	TYR	1.63	ok	TYR_mixed_with_THR	159	TYR,TYR	-0.32383347575440957		
P24941	OH		CZ	A	1	15					TYR	1-40,43-153,164-296		3	1	1	1-40,43-153,164-296	5A14	TYR	2.0	ok	TYR_single	15	TYR	-0.5176281830495671		
P24941	OH		CZ	A	1	15					TYR	2-35,45-152,164-294		3	1	1	2-35,45-152,164-294	5AND	TYR	2.3	ok	TYR_single	15	TYR	-0.2781664750219423		
P24941	OH		CZ	A	2	15,159					TYR	1-36,41-298		3	3	2	1-36,41-298	5ANE	TYR	1.7	ok	TYR_mixed_with_THR	15	TYR,TYR	-1.2740343311192974		
P24941	OH		CZ	A	2	15,159					TYR	1-36,41-298		3	3	2	1-36,41-298	5ANE	TYR	1.7	ok	TYR_mixed_with_THR	159	TYR,TYR	0.7772182404339769		
P24941	OH		CZ	A	1	15					TYR	2-36,46-154,163-298		3	1	1	2-36,46-154,163-298	5ANI	TYR	1.9	ok	TYR_single	15	TYR	-0.3703075793976844		
P24941	OH		CZ	A	1	15					TYR	3-157,163-298		3	1	1	3-157,163-298	5ANJ	TYR	1.6	ok	TYR_single	15	TYR	-2.689068999604226		
P24941	OH		CZ	A	1	15					TYR	1-36,46-71,76-152,165-298		3	1	1	1-36,46-71,76-152,165-298	5ANK	TYR	1.9	ok	TYR_single	15	TYR	0.6489870473204924		
P24941	OH		CZ	A	1	15					TYR	1-35,46-151,163-298		3	1	1	1-35,46-151,163-298	5ANO	TYR	1.7	ok	TYR_single	15	TYR	-0.11441013484887529		
P24941	OH		CZ	A	2	15,159					TYR	1-298		3	2	2	1-298	5CYI	TYR	2.0	ok	TYR_only_multi_2	15	TYR,TYR	-1.029653718585762		
P24941	OH		CZ	A	2	15,159					TYR	1-298		3	2	2	1-298	5CYI	TYR	2.0	ok	TYR_only_multi_2	159	TYR,TYR	-0.8947139710612225		
P24941				A	1	15					TYR	1-12,15-35,50-146,164-298		3	1	1	1-12,15-35,50-146,164-298	5D1J	TYR	1.8	missing_required_atoms:OH,CZ	TYR_single	15	TYR			
P24941	OH		CZ	A	1	15					TYR	1-13,15-35,47-72,76-148,165-295		3	1	1	1-13,15-35,47-72,76-148,165-295	5FP5	TYR	2.16	ok	TYR_single	15	TYR	0.071676810540053		
P24941	OH		CZ	A	1	15					TYR	1-147,164-294		3	1	1	1-147,164-294	5FP6	TYR	1.85	ok	TYR_single	15	TYR	-0.03299681981799814		
P24941	OH		CZ	A	1	15					TYR	1-37,43-153,163-298		3	1	1	1-37,43-153,163-298	5IEV	TYR	2.03	ok	TYR_single	15	TYR	0.5198671360996451		
P24941	OH		CZ	A	1	15					TYR	1-37,43-155,164-298		3	1	1	1-37,43-155,164-298	5IEX	TYR	2.03	ok	TYR_single	15	TYR	-0.3704692135661816		
P24941	OH		CZ	A	1	15					TYR	1-37,43-154,162-298		3	1	1	1-37,43-154,162-298	5IEY	TYR	1.66	ok	TYR_single	15	TYR	-0.11149265342585857		
P24941	OH		CZ	A	2	15,159					TYR	3-36,46-298		3	3	2	3-36,46-298	5JQ5	TYR	1.94	ok	TYR_mixed_with_THR	15	TYR,TYR	0.1402047477381881		
P24941	OH		CZ	A	2	15,159					TYR	3-36,46-298		3	3	2	3-36,46-298	5JQ5	TYR	1.94	ok	TYR_mixed_with_THR	159	TYR,TYR	0.8431072204962738		
P24941	OH		CZ	A	1	15					TYR	3-35,45-152,162-298		3	1	1	3-35,45-152,162-298	5JQ8	TYR	1.94	ok	TYR_single	15	TYR	0.22623932721789367		
P24941	OH		CZ	A	1	15					TYR	1-36,44-151,162-298		3	1	1	1-36,44-151,162-298	5K4J	TYR	1.6	ok	TYR_single	15	TYR	-0.08099255740877516		
P24941	OH		CZ	A	2	15,159					TYR	1-38,41-298		3	2	2	1-38,41-298	5LMK	TYR	2.4	ok	TYR_only_multi_2	15	TYR,TYR	-0.10253944019432899		
P24941	OH		CZ	A	2	15,159					TYR	1-38,41-298		3	2	2	1-38,41-298	5LMK	TYR	2.4	ok	TYR_only_multi_2	159	TYR,TYR	0.06715863772669801		
P24941	OH		CZ	A	2	15,159					TYR	1-37,47-298		3	3	2	1-37,47-298	5MHQ	TYR	1.3	ok	TYR_mixed_with_THR	15	TYR,TYR	0.4528941114351951		
P24941	OH		CZ	A	2	15,159					TYR	1-37,47-298		3	3	2	1-37,47-298	5MHQ	TYR	1.3	ok	TYR_mixed_with_THR	159	TYR,TYR	-1.7919889034125704		
P24941	OH		CZ	A	2	15,159					TYR	2-36,44-296		3	3	2	2-36,44-296	5OO0	TYR	1.6	ok	TYR_mixed_with_THR	15	TYR,TYR	-0.2258614767103475		
P24941	OH		CZ	A	2	15,159					TYR	2-36,44-296		3	3	2	2-36,44-296	5OO0	TYR	1.6	ok	TYR_mixed_with_THR	159	TYR,TYR	2.425474217856622		
P24941	OH		CZ	A	1	15					TYR	4-146,164-298		3	1	1	4-146,164-298	5OO1	TYR	2.0	ok	TYR_single	15	TYR	-0.28503825601085936		
P24941	OH		CZ	A	2	15,159					TYR	2-37,45-294		3	3	2	2-37,45-294	5OO3	TYR	1.73	ok	TYR_mixed_with_THR	15	TYR,TYR	2.6931148191844425		
P24941	OH		CZ	A	2	15,159					TYR	2-37,45-294		3	3	2	2-37,45-294	5OO3	TYR	1.73	ok	TYR_mixed_with_THR	159	TYR,TYR	0.5186139178800149		
P24941	OH		CZ	A	2	15,159					TYR	2-38,42-296		3	3	2	2-38,42-296	5OSJ	TYR	1.83	ok	TYR_mixed_with_THR	15	TYR,TYR	-0.22398124327298408		
P24941	OH		CZ	A	2	15,159					TYR	2-38,42-296		3	3	2	2-38,42-296	5OSJ	TYR	1.83	ok	TYR_mixed_with_THR	159	TYR,TYR	1.5743153374590024		
P24941	OH		CZ	A	2	15,159					TYR	1-36,45-296		3	3	2	1-36,45-296	5OSM	TYR	1.77	ok	TYR_mixed_with_THR	15	TYR,TYR	-0.9133242343577134		
P24941	OH		CZ	A	2	15,159					TYR	1-36,45-296		3	3	2	1-36,45-296	5OSM	TYR	1.77	ok	TYR_mixed_with_THR	159	TYR,TYR	0.7541022048547497		
P24941	OH		CZ	A	1	159					TYR	17-37,42-298		3	1	1	17-37,42-298	6ATH	TYR	1.82	ok	TYR_single	159	TYR	-0.5255619211501532		
P24941	OH		CZ	C	2	15,159					TYR	1-296		3	2	2	1-296	6GUC	TYR	2.0	ok	TYR_only_multi_2	15	TYR,TYR	-0.18925618350937318		
P24941	OH		CZ	C	2	15,159					TYR	1-296		3	2	2	1-296	6GUC	TYR	2.0	ok	TYR_only_multi_2	159	TYR,TYR	-2.9242004687336323		
P24941	OH		CZ	A	2	15,159					TYR	1-35,41-298		3	2	2	1-35,41-298	6GUE	TYR	1.99	ok	TYR_only_multi_2	15	TYR,TYR	-0.26177071003596136		
P24941	OH		CZ	A	2	15,159					TYR	1-35,41-298		3	2	2	1-35,41-298	6GUE	TYR	1.99	ok	TYR_only_multi_2	159	TYR,TYR	-0.8825479080443233		
P24941	OH		CZ	A	2	15,159					TYR	1-37,46-148,157-298		3	3	2	1-37,46-148,157-298	6GUH	TYR	1.5	ok	TYR_mixed_with_THR	15	TYR,TYR	0.9655688444279119		
P24941	OH		CZ	A	2	15,159					TYR	1-37,46-148,157-298		3	3	2	1-37,46-148,157-298	6GUH	TYR	1.5	ok	TYR_mixed_with_THR	159	TYR,TYR	-0.252863593810863		
P24941	OH		CZ	A	1	15					TYR	1-36,47-153,164-298		3	1	1	1-36,47-153,164-298	6GUK	TYR	1.3	ok	TYR_single	15	TYR	1.5630067813205966		
P24941	OH		CZ	A	2	15,159					TYR	1-38,41-290		3	2	2	1-38,41-290	6GVA	TYR	2.15	ok	TYR_only_multi_2	15	TYR,TYR	-1.1807000556795932		
P24941	OH		CZ	A	2	15,159					TYR	1-38,41-290		3	2	2	1-38,41-290	6GVA	TYR	2.15	ok	TYR_only_multi_2	159	TYR,TYR	1.4590547678362822		
P24941	OH		CZ	A	1	15					TYR	1-35,47-147,163-298		3	1	1	1-35,47-147,163-298	6INL	TYR	1.75	ok	TYR_single	15	TYR	0.16106269889679953		
P24941	OH		CZ	A	1	15					TYR	1-36,41-147,163-298		3	1	1	1-36,41-147,163-298	6JGM	TYR	2.3	ok	TYR_single	15	TYR	0.12399612733261449		
P24941	OH		CZ	A	2	15,159					TYR	1-37,47-298		3	3	2	1-37,47-298	6OQI	TYR	2.0	ok	TYR_mixed_with_THR	15	TYR,TYR	0.08895413026843005		
P24941	OH		CZ	A	2	15,159					TYR	1-37,47-298		3	3	2	1-37,47-298	6OQI	TYR	2.0	ok	TYR_mixed_with_THR	159	TYR,TYR	-0.0415567360593701		
P24941	OH		CZ	A	1	15					TYR	1-37,45-154,163-298		3	1	1	1-37,45-154,163-298	6Q3B	TYR	1.11	ok	TYR_single	15	TYR	-0.4034274348131843		
P24941	OH		CZ	A	2	15,159					TYR	2-36,45-298		3	3	2	2-36,45-298	6Q3C	TYR	1.29	ok	TYR_mixed_with_THR	15	TYR,TYR	0.6375460124049257		
P24941	OH		CZ	A	2	15,159					TYR	2-36,45-298		3	3	2	2-36,45-298	6Q3C	TYR	1.29	ok	TYR_mixed_with_THR	159	TYR,TYR	0.05755411402981429		
P24941	OH		CZ	A	2	15,159					TYR	1-35,45-298		3	3	2	1-35,45-298	6Q3F	TYR	1.18	ok	TYR_mixed_with_THR	15	TYR,TYR	-0.21772296216883577		
P24941	OH		CZ	A	2	15,159					TYR	1-35,45-298		3	3	2	1-35,45-298	6Q3F	TYR	1.18	ok	TYR_mixed_with_THR	159	TYR,TYR	-0.3077015343450217		
P24941	OH		CZ	A	1	15					TYR	1-37,46-153,162-296		3	1	1	1-37,46-153,162-296	6Q48	TYR	1.03	ok	TYR_single	15	TYR	-2.418594159410016		
P24941	OH		CZ	A	1	15					TYR	1-37,44-156,162-298		3	1	1	1-37,44-156,162-298	6Q49	TYR	1.0	ok	TYR_single	15	TYR	0.007846040666415376		
P24941	OH		CZ	A	2	15,159					TYR	1-38,45-298		3	3	2	1-38,45-298	6Q4A	TYR	1.13	ok	TYR_mixed_with_THR	15	TYR,TYR	2.084335379827465		
P24941	OH		CZ	A	2	15,159					TYR	1-38,45-298		3	3	2	1-38,45-298	6Q4A	TYR	1.13	ok	TYR_mixed_with_THR	159	TYR,TYR	0.6400436368152861		
P24941	OH		CZ	A	2	15,159					TYR	1-37,45-298		3	3	2	1-37,45-298	6Q4B	TYR	1.12	ok	TYR_mixed_with_THR	15	TYR,TYR	-0.39700003664976236		
P24941	OH		CZ	A	2	15,159					TYR	1-37,45-298		3	3	2	1-37,45-298	6Q4B	TYR	1.12	ok	TYR_mixed_with_THR	159	TYR,TYR	-1.3467969404785094		
P24941	OH		CZ	A	2	15,159					TYR	1-37,45-298		3	3	2	1-37,45-298	6Q4C	TYR	1.73	ok	TYR_mixed_with_THR	15	TYR,TYR	1.2845301668637081		
P24941	OH		CZ	A	2	15,159					TYR	1-37,45-298		3	3	2	1-37,45-298	6Q4C	TYR	1.73	ok	TYR_mixed_with_THR	159	TYR,TYR	0.18187948679477173		
P24941	OH		CZ	A	2	15,159					TYR	1-37,45-296		3	3	2	1-37,45-296	6Q4D	TYR	1.07	ok	TYR_mixed_with_THR	15	TYR,TYR	-0.581377837623485		
P24941	OH		CZ	A	2	15,159					TYR	1-37,45-296		3	3	2	1-37,45-296	6Q4D	TYR	1.07	ok	TYR_mixed_with_THR	159	TYR,TYR	-3.0461700086431343		
P24941	OH		CZ	A	1	15					TYR	1-37,45-153,162-298		3	1	1	1-37,45-153,162-298	6Q4E	TYR	1.06	ok	TYR_single	15	TYR	1.0274640127350982		
P24941	OH		CZ	A	2	15,159					TYR	1-37,45-298		3	3	2	1-37,45-298	6Q4F	TYR	1.21	ok	TYR_mixed_with_THR	15	TYR,TYR	1.4143160392799665		
P24941	OH		CZ	A	2	15,159					TYR	1-37,45-298		3	3	2	1-37,45-298	6Q4F	TYR	1.21	ok	TYR_mixed_with_THR	159	TYR,TYR	1.8447718930592927		
P24941	OH		CZ	A	1	15					TYR	1-38,45-153,164-298		3	1	1	1-38,45-153,164-298	6Q4G	TYR	0.98	ok	TYR_single	15	TYR	0.33697145640211945		
P24941	OH		CZ	A	2	15,159					TYR	1-38,45-153,156-298		3	3	2	1-38,45-153,156-298	6Q4H	TYR	1.0	ok	TYR_mixed_with_THR	15	TYR,TYR	-0.3023877310152367		
P24941	OH		CZ	A	2	15,159					TYR	1-38,45-153,156-298		3	3	2	1-38,45-153,156-298	6Q4H	TYR	1.0	ok	TYR_mixed_with_THR	159	TYR,TYR	2.7781631869730137		
P24941	OH		CZ	A	2	15,159					TYR	1-37,45-153,157-298		3	3	2	1-37,45-153,157-298	6Q4I	TYR	1.11	ok	TYR_mixed_with_THR	15	TYR,TYR	1.7325753346198514		
P24941	OH		CZ	A	2	15,159					TYR	1-37,45-153,157-298		3	3	2	1-37,45-153,157-298	6Q4I	TYR	1.11	ok	TYR_mixed_with_THR	159	TYR,TYR	0.6536994777984634		
P24941	OH		CZ	A	2	15,159					TYR	1-37,46-154,157-298		3	3	2	1-37,46-154,157-298	6Q4J	TYR	1.05	ok	TYR_mixed_with_THR	15	TYR,TYR	0.709440212326268		
P24941	OH		CZ	A	2	15,159					TYR	1-37,46-154,157-298		3	3	2	1-37,46-154,157-298	6Q4J	TYR	1.05	ok	TYR_mixed_with_THR	159	TYR,TYR	0.08306767108199643		
P24941	OH		CZ	A	2	15,159					TYR	1-37,45-298		3	3	2	1-37,45-298	6Q4K	TYR	1.06	ok	TYR_mixed_with_THR	15	TYR,TYR	-0.38613382204930913		
P24941	OH		CZ	A	2	15,159					TYR	1-37,45-298		3	3	2	1-37,45-298	6Q4K	TYR	1.06	ok	TYR_mixed_with_THR	159	TYR,TYR	-2.035809208266733		
P24941	OH		CZ	A	2	15,159					TYR	1-290		3	2	2	1-290	6RIJ	TYR	2.2	ok	TYR_only_multi_2	15	TYR,TYR	-0.728643284384902		
P24941	OH		CZ	A	2	15,159					TYR	1-290		3	2	2	1-290	6RIJ	TYR	2.2	ok	TYR_only_multi_2	159	TYR,TYR	-1.454741877169097		
P24941	OH		CZ	A	1	159					TYR	28-35,41-294		3	1	1	28-35,41-294	6SG4	TYR	2.43	ok	TYR_single	159	TYR	-0.4734917555766341		
P24941	OH		CZ	A	1	15					TYR	1-37,46-153,162-298		3	1	1	1-37,46-153,162-298	6YL1	TYR	1.66	ok	TYR_single	15	TYR	0.06162791286689154		
P24941	OH		CZ	A	2	15,159					TYR	1-298		3	3	2	1-298	6YL6	TYR	1.7	ok	TYR_mixed_with_THR	15	TYR,TYR	0.058475474219409886		
P24941	OH		CZ	A	2	15,159					TYR	1-298		3	3	2	1-298	6YL6	TYR	1.7	ok	TYR_mixed_with_THR	159	TYR,TYR	0.12421960875210213		
P24941	OH		CZ	A	2	15,159					TYR	1-37,46-298		3	3	2	1-37,46-298	6YLK	TYR	1.65	ok	TYR_mixed_with_THR	15	TYR,TYR	0.25901563193025257		
P24941	OH		CZ	A	2	15,159					TYR	1-37,46-298		3	3	2	1-37,46-298	6YLK	TYR	1.65	ok	TYR_mixed_with_THR	159	TYR,TYR	-0.183656408574697		
P24941	OH		CZ	A	2	15,159					TYR	1-294		3	2	2	1-294	7ACK	TYR	1.8	ok	TYR_only_multi_2	15	TYR,TYR	-1.5745236635373383		
P24941	OH		CZ	A	2	15,159					TYR	1-294		3	2	2	1-294	7ACK	TYR	1.8	ok	TYR_only_multi_2	159	TYR,TYR	0.6641878992305771		
P24941	OH		CZ	A	2	15,159					TYR	1-297		3	2	2	1-297	7KJS	TYR	2.187	ok	TYR_only_multi_2	15	TYR,TYR	-1.8107729250446007		
P24941	OH		CZ	A	2	15,159					TYR	1-297		3	2	2	1-297	7KJS	TYR	2.187	ok	TYR_only_multi_2	159	TYR,TYR	-1.0173177386639094		
P24941	OH		CZ	A	2	15,159					TYR	1-35,46-147,155-298		3	3	2	1-35,46-147,155-298	7M2F	TYR	1.632	ok	TYR_mixed_with_THR	15	TYR,TYR	0.7512650557285852		
P24941	OH		CZ	A	2	15,159					TYR	1-35,46-147,155-298		3	3	2	1-35,46-147,155-298	7M2F	TYR	1.632	ok	TYR_mixed_with_THR	159	TYR,TYR	-0.31558377116693004		
P24941	OH		CZ	A	2	15,159					TYR	1-37,45-294		3	3	2	1-37,45-294	7NVQ	TYR	2.05	ok	TYR_mixed_with_THR	15	TYR,TYR	-1.092290063279048		
P24941	OH		CZ	A	2	15,159					TYR	1-37,45-294		3	3	2	1-37,45-294	7NVQ	TYR	2.05	ok	TYR_mixed_with_THR	159	TYR,TYR	-0.9279364872561412		
P24941	OH		CZ	C	1	159					TYR	1-12,17-37,41-294		3	1	1	1-12,17-37,41-294	7QHL	TYR	1.7	ok	TYR_single	159	TYR	-2.348220497677298		
P24941	OH		CZ	A	1	15					TYR	1-37,45-149,163-296		3	1	1	1-37,45-149,163-296	7RA5	TYR	1.67	ok	TYR_single	15	TYR	0.1621494408571255		
P24941	OH		CZ	A	2	15,159					TYR	1-298		3	3	2	1-298	7RWF	TYR	1.5	ok	TYR_mixed_with_THR	15	TYR,TYR	0.06482669929017394		
P24941	OH		CZ	A	2	15,159					TYR	1-298		3	3	2	1-298	7RWF	TYR	1.5	ok	TYR_mixed_with_THR	159	TYR,TYR	0.06912815664673598		
P24941	OH		CZ	A	1	159					TYR	3-12,16-298		3	2	1	3-12,16-298	7S4T	TYR	1.91	ok	TYR_mixed_with_THR	159	TYR	0.3102315411697505		
P24941	OH		CZ	A	1	15					TYR	2-24,26-35,46-72,75-156,163-298		3	1	1	2-24,26-35,46-72,75-156,163-298	7S7A	TYR	1.7	ok	TYR_single	15	TYR	0.3403786366332219		
P24941	OH		CZ	A	1	15					TYR	1-12,15-37,45-72,74-156,163-298		3	1	1	1-12,15-37,45-72,74-156,163-298	7S84	TYR	2.0	ok	TYR_single	15	TYR	0.30052765890926		
P24941	OH		CZ	A	1	15					TYR	3-37,47-156,163-298		3	1	1	3-37,47-156,163-298	7S85	TYR	1.98	ok	TYR_single	15	TYR	-0.43660519494837624		
P24941	OH		CZ	A	1	15					TYR	3-11,14-36,48-72,75-150,163-298		3	1	1	3-11,14-36,48-72,75-150,163-298	7S9X	TYR	1.69	ok	TYR_single	15	TYR	-0.1273661800364832		
P24941	OH		CZ	A	1	15					TYR	1-11,15-36,45-156,163-298		3	1	1	1-11,15-36,45-156,163-298	7SA0	TYR	1.59	ok	TYR_single	15	TYR	-0.13489177702830168		
P24941	OH		CZ	A	1	15					TYR	1-37,44-158,162-295		3	1	1	1-37,44-158,162-295	7UG1	TYR	1.84	ok	TYR_single	15	TYR	0.30527136404027533		
P24941	OH		CZ	A	2	15,159					TYR	1-37,45-296		3	3	2	1-37,45-296	7VDU	TYR	1.53	ok	TYR_mixed_with_THR	15	TYR,TYR	0.003052401108989294		
P24941	OH		CZ	A	2	15,159					TYR	1-37,45-296		3	3	2	1-37,45-296	7VDU	TYR	1.53	ok	TYR_mixed_with_THR	159	TYR,TYR	-0.3329732758212197		
P24941	OH		CZ	A	2	15,159					TYR	1-37,45-298		3	3	2	1-37,45-298	7ZPC	TYR	1.4	ok	TYR_mixed_with_THR	15	TYR,TYR	-0.09764295408476764		
P24941	OH		CZ	A	2	15,159					TYR	1-37,45-298		3	3	2	1-37,45-298	7ZPC	TYR	1.4	ok	TYR_mixed_with_THR	159	TYR,TYR	0.193685978526444		
P24941	OH		CZ	A	1	15					TYR	1-38,50-151,163-296		3	1	1	1-38,50-151,163-296	8CUR	TYR	2.2	ok	TYR_single	15	TYR	0.09528848916163381		
P24941				A	2	15,159					TYR	1-37,47-298		3	3	2	1-37,47-298	8ERD	TYR	1.33	missing_required_atoms:OH,CZ	TYR_mixed_with_THR	15	TYR,TYR			
P24941				A	2	15,159					TYR	1-37,47-298		3	3	2	1-37,47-298	8ERD	TYR	1.33	missing_required_atoms:OH,CZ	TYR_mixed_with_THR	159	TYR,TYR			
P24941	OH		CZ	A	2	15,159					TYR	1-37,47-296		3	3	2	1-37,47-296	8ERN	TYR	1.64	ok	TYR_mixed_with_THR	15	TYR,TYR	0.17500084916648379		
P24941	OH		CZ	A	2	15,159					TYR	1-37,47-296		3	3	2	1-37,47-296	8ERN	TYR	1.64	ok	TYR_mixed_with_THR	159	TYR,TYR	0.0849651044068162		
P24941	OH		CZ	A	1	15					TYR	3-36,47-72,75-152,162-298		3	1	1	3-36,47-72,75-152,162-298	8FOW	TYR	1.6	ok	TYR_single	15	TYR	-0.46656052022391836		
P24941	OH		CZ	A	1	15					TYR	2-36,47-72,75-151,163-298		3	1	1	2-36,47-72,75-151,163-298	8FP0	TYR	1.6	ok	TYR_single	15	TYR	0.0478352994651531		
P24941	OH		CZ	A	2	15,159					TYR	2-36,46-298		3	3	2	2-36,46-298	8FP5	TYR	1.7	ok	TYR_mixed_with_THR	15	TYR,TYR	0.09468249557752648		
P24941	OH		CZ	A	2	15,159					TYR	2-36,46-298		3	3	2	2-36,46-298	8FP5	TYR	1.7	ok	TYR_mixed_with_THR	159	TYR,TYR	-1.5229876404916671		
P24941	OH		CZ	A	2	15,159					TYR	1-297		3	2	2	1-297	8H6P	TYR	2.44	ok	TYR_only_multi_2	15	TYR,TYR	-0.7428214527595541		
P24941	OH		CZ	A	2	15,159					TYR	1-297		3	2	2	1-297	8H6P	TYR	2.44	ok	TYR_only_multi_2	159	TYR,TYR	-1.2856668242503964		
P24941	OH		CZ	A	1	15					TYR	1-36,46-146,161-298		3	1	1	1-36,46-146,161-298	8RU8	TYR	1.51	ok	TYR_single	15	TYR	-0.06463845574740651		
P24941	OH		CZ	A	1	15					TYR	2-37,44-73,76-153,164-298		3	1	1	2-37,44-73,76-153,164-298	8UV0	TYR	1.55	ok	TYR_single	15	TYR	0.8187669495295601		
P24941	OH		CZ	A	2	15,159					TYR	1-297		3	2	2	1-297	8VQ3	TYR	1.84	ok	TYR_only_multi_2	15	TYR,TYR	-0.44247292984351927		
P24941	OH		CZ	A	2	15,159					TYR	1-297		3	2	2	1-297	8VQ3	TYR	1.84	ok	TYR_only_multi_2	159	TYR,TYR	-0.267955524572523		
P24941	OH		CZ	A	2	15,159					TYR	1-160,164-297		3	2	2	1-160,164-297	8VQ4	TYR	1.9	ok	TYR_only_multi_2	15	TYR,TYR	-0.3012528170298228		
P24941	OH		CZ	A	2	15,159					TYR	1-160,164-297		3	2	2	1-160,164-297	8VQ4	TYR	1.9	ok	TYR_only_multi_2	159	TYR,TYR	-0.2693651161476599		
P24941	OH		CZ	A	2	15,159					TYR	1-37,44-298		3	3	2	1-37,44-298	8YNG	TYR	1.82	ok	TYR_mixed_with_THR	15	TYR,TYR	-0.08802190706718345		
P24941	OH		CZ	A	2	15,159					TYR	1-37,44-298		3	3	2	1-37,44-298	8YNG	TYR	1.82	ok	TYR_mixed_with_THR	159	TYR,TYR	-0.07148201356485016		
P24941	OH		CZ	A	2	15,159					TYR	1-38,44-298		3	3	2	1-38,44-298	8YPW	TYR	1.8	ok	TYR_mixed_with_THR	15	TYR,TYR	0.19211098100569532		
P24941	OH		CZ	A	2	15,159					TYR	1-38,44-298		3	3	2	1-38,44-298	8YPW	TYR	1.8	ok	TYR_mixed_with_THR	159	TYR,TYR	0.014907011269369228		
P24941	OH		CZ	A	1	15					TYR	1-37,45-154,163-298		3	1	1	1-37,45-154,163-298	8YQE	TYR	1.94	ok	TYR_single	15	TYR	-0.42624632531247597		
P24941	OH		CZ	A	2	15,159					TYR	1-296		3	2	2	1-296	9BJC	TYR	2.22	ok	TYR_only_multi_2	15	TYR,TYR	0.32222043490725705		
P24941	OH		CZ	A	2	15,159					TYR	1-296		3	2	2	1-296	9BJC	TYR	2.22	ok	TYR_only_multi_2	159	TYR,TYR	0.2808188647252763		
P24941	OH		CZ	A	2	15,159					TYR	1-296		3	2	2	1-296	9ESJ	TYR	2.37	ok	TYR_only_multi_2	15	TYR,TYR	-0.554247694384359		
P24941	OH		CZ	A	2	15,159					TYR	1-296		3	2	2	1-296	9ESJ	TYR	2.37	ok	TYR_only_multi_2	159	TYR,TYR	-0.009241018595177838		
P24941	OH		CZ	A	2	15,159					TYR	1-298		3	2	2	1-298	9ESK	TYR	2.398	ok	TYR_only_multi_2	15	TYR,TYR	-0.13654686740426086		
P24941	OH		CZ	A	2	15,159					TYR	1-298		3	2	2	1-298	9ESK	TYR	2.398	ok	TYR_only_multi_2	159	TYR,TYR	0.20008132169094378		
P24941	OH		CZ	A	2	15,159					TYR	1-297		3	2	2	1-297	9ESL	TYR	2.392	ok	TYR_only_multi_2	15	TYR,TYR	0.27907867423751687		
P24941	OH		CZ	A	2	15,159					TYR	1-297		3	2	2	1-297	9ESL	TYR	2.392	ok	TYR_only_multi_2	159	TYR,TYR	1.2355408940860206		
P24941	OH		CZ	C	2	15,159					TYR	1-296		3	2	2	1-296	9ESN	TYR	2.393	ok	TYR_only_multi_2	15	TYR,TYR	-0.2977548661677102		
P24941	OH		CZ	C	2	15,159					TYR	1-296		3	2	2	1-296	9ESN	TYR	2.393	ok	TYR_only_multi_2	159	TYR,TYR	0.1323665329271136		
P24941	OH		CZ	A	2	15,159					TYR	1-298		3	2	2	1-298	9ESO	TYR	2.396	ok	TYR_only_multi_2	15	TYR,TYR	-0.2060372623248019		
P24941	OH		CZ	A	2	15,159					TYR	1-298		3	2	2	1-298	9ESO	TYR	2.396	ok	TYR_only_multi_2	159	TYR,TYR	0.44251820169986605		
P24941	OH		CZ	C	2	15,159					TYR	1-296		3	2	2	1-296	9ESP	TYR	2.381	ok	TYR_only_multi_2	15	TYR,TYR	0.5948701232915947		
P24941	OH		CZ	C	2	15,159					TYR	1-296		3	2	2	1-296	9ESP	TYR	2.381	ok	TYR_only_multi_2	159	TYR,TYR	-0.4177685247100804		
P24941	OH		CZ	A	2	15,159					TYR	1-296		3	2	2	1-296	9ESQ	TYR	2.38	ok	TYR_only_multi_2	15	TYR,TYR	-1.410582221098565		
P24941	OH		CZ	A	2	15,159					TYR	1-296		3	2	2	1-296	9ESQ	TYR	2.38	ok	TYR_only_multi_2	159	TYR,TYR	-0.7503220483182385		
P24941	OH		CZ	A	2	15,159					TYR	1-296		3	2	2	1-296	9ESR	TYR	2.388	ok	TYR_only_multi_2	15	TYR,TYR	-0.3067709605448795		
P24941	OH		CZ	A	2	15,159					TYR	1-296		3	2	2	1-296	9ESR	TYR	2.388	ok	TYR_only_multi_2	159	TYR,TYR	1.144052533855154		
P24941	OH		CZ	A	2	15,159					TYR	1-298		3	2	2	1-298	9ESS	TYR	2.44	ok	TYR_only_multi_2	15	TYR,TYR	0.07270815117271245		
P24941	OH		CZ	A	2	15,159					TYR	1-298		3	2	2	1-298	9ESS	TYR	2.44	ok	TYR_only_multi_2	159	TYR,TYR	-0.3256142180883735		
P24941	OH		CZ	A	2	15,159					TYR	1-298		3	2	2	1-298	9ESU	TYR	2.396	ok	TYR_only_multi_2	15	TYR,TYR	-0.24224549131688453		
P24941	OH		CZ	A	2	15,159					TYR	1-298		3	2	2	1-298	9ESU	TYR	2.396	ok	TYR_only_multi_2	159	TYR,TYR	-1.181237565869795		
P24941	OH		CZ	A	2	15,159					TYR	1-298		3	2	2	1-298	9ESV	TYR	2.397	ok	TYR_only_multi_2	15	TYR,TYR	0.3005217694648684		
P24941	OH		CZ	A	2	15,159					TYR	1-298		3	2	2	1-298	9ESV	TYR	2.397	ok	TYR_only_multi_2	159	TYR,TYR	0.14651882300378896		
P24941	OH		CZ	A	2	15,159					TYR	1-294		3	2	2	1-294	9ESW	TYR	2.38	ok	TYR_only_multi_2	15	TYR,TYR	0.01647268160737028		
P24941	OH		CZ	A	2	15,159					TYR	1-294		3	2	2	1-294	9ESW	TYR	2.38	ok	TYR_only_multi_2	159	TYR,TYR	0.8923075658001496		
P24941	OH		CZ	C	2	15,159					TYR	1-296		3	2	2	1-296	9ESX	TYR	2.37	ok	TYR_only_multi_2	15	TYR,TYR	0.26068367564877515		
P24941	OH		CZ	C	2	15,159					TYR	1-296		3	2	2	1-296	9ESX	TYR	2.37	ok	TYR_only_multi_2	159	TYR,TYR	-0.7944509652864126		
P24941	OH		CZ	A	2	15,159					TYR	1-296		3	2	2	1-296	9ESY	TYR	2.394	ok	TYR_only_multi_2	15	TYR,TYR	-0.42752021307564847		
P24941	OH		CZ	A	2	15,159					TYR	1-296		3	2	2	1-296	9ESY	TYR	2.394	ok	TYR_only_multi_2	159	TYR,TYR	-0.15461248544099604		
P24941	OH		CZ	C	2	15,159					TYR	1-296		3	2	2	1-296	9ESZ	TYR	2.42	ok	TYR_only_multi_2	15	TYR,TYR	1.6006163112834109		
P24941	OH		CZ	C	2	15,159					TYR	1-296		3	2	2	1-296	9ESZ	TYR	2.42	ok	TYR_only_multi_2	159	TYR,TYR	-1.8965283021912578		
P24941	OH		CZ	A	2	15,159					TYR	1-298		3	2	2	1-298	9ET0	TYR	2.239	ok	TYR_only_multi_2	15	TYR,TYR	0.1728325134023057		
P24941	OH		CZ	A	2	15,159					TYR	1-298		3	2	2	1-298	9ET0	TYR	2.239	ok	TYR_only_multi_2	159	TYR,TYR	-2.9045511444989707		
P24941	OH		CZ	A	2	15,159					TYR	1-298		3	2	2	1-298	9ET1	TYR	2.394	ok	TYR_only_multi_2	15	TYR,TYR	0.1335704789230703		
P24941	OH		CZ	A	2	15,159					TYR	1-298		3	2	2	1-298	9ET1	TYR	2.394	ok	TYR_only_multi_2	159	TYR,TYR	0.029414724294547383		
P24941	OH		CZ	A	2	15,159					TYR	1-298		3	2	2	1-298	9ET2	TYR	2.37	ok	TYR_only_multi_2	15	TYR,TYR	-0.41378669152000425		
P24941	OH		CZ	A	2	15,159					TYR	1-298		3	2	2	1-298	9ET2	TYR	2.37	ok	TYR_only_multi_2	159	TYR,TYR	0.6960253923813592		
P24941	OH		CZ	C	2	15,159					TYR	1-296		3	2	2	1-296	9ET7	TYR	2.312	ok	TYR_only_multi_2	15	TYR,TYR	0.10210460938739234		
P24941	OH		CZ	C	2	15,159					TYR	1-296		3	2	2	1-296	9ET7	TYR	2.312	ok	TYR_only_multi_2	159	TYR,TYR	-0.4004456231852646		
P24941	OH		CZ	A	2	15,159					TYR	1-37,41-297		3	2	2	1-37,41-297	9ETP	TYR	2.48	ok	TYR_only_multi_2	15	TYR,TYR	0.329122557656959		
P24941	OH		CZ	A	2	15,159					TYR	1-37,41-297		3	2	2	1-37,41-297	9ETP	TYR	2.48	ok	TYR_only_multi_2	159	TYR,TYR	-1.1330180180929093		
P24941	OH		CZ	A	1	15					TYR	2-36,45-153,163-298		3	1	1	2-35,45-153,163-298	9FR2	TYR	1.6	ok	TYR_single	15	TYR	0.18254706484256533		
P24941	OH		CZ	A	1	159					TYR	2-38,40-294		3	2	1	2-38,40-294	9GLA	TYR	2.18	ok	TYR_mixed_with_PHE	159	TYR	0.06412521654586108		
P24941	OH		CZ	A	1	15					TYR	1-4,8-37,46-152,163-298		3	1	1	1-4,8-37,46-152,163-298	9GNO	TYR	1.16	ok	TYR_single	15	TYR	-1.3110280604135236		
P24941	OH		CZ	A	2	15,159					TYR	1-152,156-159,164-298		3	2	2	1-152,156-159,164-298	9GOP	TYR	2.158	ok	TYR_only_multi_2	15	TYR,TYR	0.6401734072679749		
P24941	OH		CZ	A	2	15,159					TYR	1-152,156-159,164-298		3	2	2	1-152,156-159,164-298	9GOP	TYR	2.158	ok	TYR_only_multi_2	159	TYR,TYR	-0.9271499392810891		
P24941	OH		CZ	A	2	15,159					TYR	1-298		3	3	2	1-298	9GP3	TYR	2.45	ok	TYR_mixed_with_THR	15	TYR,TYR	0.7384776607518392		
P24941	OH		CZ	A	2	15,159					TYR	1-298		3	3	2	1-298	9GP3	TYR	2.45	ok	TYR_mixed_with_THR	159	TYR,TYR	-1.2040394191768924		
P24941	OH		CZ	A	1	15					TYR	1-35,44-72,74-151,162-298		3	1	1	1-35,44-72,74-151,162-298	9JJ5	TYR	1.71	ok	TYR_single	15	TYR	-0.2737800882320504		
P24941	OH		CZ	A	2	15,159					TYR	1-298		3	2	2	1-298	9OB2	TYR	2.12	ok	TYR_only_multi_2	15	TYR,TYR	0.03510470842919001		
P24941	OH		CZ	A	2	15,159					TYR	1-298		3	2	2	1-298	9OB2	TYR	2.12	ok	TYR_only_multi_2	159	TYR,TYR	-0.03712503132629463		
P24941	OH		CZ	A	2	15,159					TYR	1-298		3	2	2	1-298	9OB3	TYR	1.98	ok	TYR_only_multi_2	15	TYR,TYR	-0.019125080229660772		
P24941	OH		CZ	A	2	15,159					TYR	1-298		3	2	2	1-298	9OB3	TYR	1.98	ok	TYR_only_multi_2	159	TYR,TYR	-0.13208327050017157		
P24941	OH		CZ	A	2	15,159					TYR	1-298		3	2	2	1-298	9OB4	TYR	1.95	ok	TYR_only_multi_2	15	TYR,TYR	-0.007401622042133266		
P24941	OH		CZ	A	2	15,159					TYR	1-298		3	2	2	1-298	9OB4	TYR	1.95	ok	TYR_only_multi_2	159	TYR,TYR	-0.2806168661351916		
P24941	OH		CZ	A	2	15,159					TYR	1-298		3	2	2	1-298	9OB5	TYR	2.1	ok	TYR_only_multi_2	15	TYR,TYR	-0.007101998722918381		
P24941	OH		CZ	A	2	15,159					TYR	1-298		3	2	2	1-298	9OB5	TYR	2.1	ok	TYR_only_multi_2	159	TYR,TYR	-0.0820842499262187		
P24941	OH		CZ	A	2	15,159					TYR	1-298		3	2	2	1-298	9OB6	TYR	2.0	ok	TYR_only_multi_2	15	TYR,TYR	-0.016380591320292365		
P24941	OH		CZ	A	2	15,159					TYR	1-298		3	2	2	1-298	9OB6	TYR	2.0	ok	TYR_only_multi_2	159	TYR,TYR	-0.05700514742178531		
P24941	OH		CZ	B	2	15,159					TYR	1-37,41-159,165-296		3	2	2	1-37,41-159,165-296	9QJJ	TYR	2.5	ok	TYR_only_multi_2	15	TYR,TYR	0.03853795461875457		
P24941	OH		CZ	B	2	15,159					TYR	1-37,41-159,165-296		3	2	2	1-37,41-159,165-296	9QJJ	TYR	2.5	ok	TYR_only_multi_2	159	TYR,TYR	-0.0053878571978938		
P24941	OH		CZ	A	2	15,159					TYR	1-298		3	3	2	1-298	9UAU	TYR	1.47	ok	TYR_mixed_with_THR	15	TYR,TYR	-0.060161590162419766		
P24941	OH		CZ	A	2	15,159					TYR	1-298		3	3	2	1-298	9UAU	TYR	1.47	ok	TYR_mixed_with_THR	159	TYR,TYR	-0.043905726193217406		
P24941	OH		CZ	A	2	15,159					TYR	1-39,44-298		3	3	2	1-39,44-298	9UAW	TYR	1.72	ok	TYR_mixed_with_THR	15	TYR,TYR	0.03436536709274546		
P24941	OH		CZ	A	2	15,159					TYR	1-39,44-298		3	3	2	1-39,44-298	9UAW	TYR	1.72	ok	TYR_mixed_with_THR	159	TYR,TYR	-0.05882064660739741		
P27361	OH		CZ	A	1	204					TYR	24-374		3	3	1	24-374	4QTB	TYR	1.4	ok	TYR_mixed_with_SERTHR	204	TYR	-2.316493798669683		
P27361	OH		CZ	A	1	204					TYR	25-374		3	3	1	25-374	6GES	TYR	2.07	ok	TYR_mixed_with_SERTHR	204	TYR	-0.9632381943838931		
P28482	OH		CZ	A	1	187					TYR	16-32,36-329,338-360		2	2	1	16-32,36-329,338-360	1PME	TYR	2.0	ok	TYR_mixed_with_THR	187	TYR	-0.5868482312002512		
P28482	OH		CZ	A	1	187					TYR	8-357		2	2	1	8-357	1TVO	TYR	2.5	ok	TYR_mixed_with_THR	187	TYR	-2.073064707815271		
P28482	OH		CZ	A	1	187					TYR	8-357		2	2	1	8-357	1WZY	TYR	2.5	ok	TYR_mixed_with_THR	187	TYR	0.926864456042332		
P28482	OH		CZ	A	1	187					TYR	9-358		2	2	1	9-358	2Y9Q	TYR	1.55	ok	TYR_mixed_with_THR	187	TYR	-0.07392599008043468		
P28482	OH		CZ	A	1	187					TYR	4-360		2	2	1	4-360	3SA0	TYR	1.5947	ok	TYR_mixed_with_THR	187	TYR	-0.8330275785952655		
P28482	OH		CZ	A	1	187					TYR	10-178,186-201,205-358		2	1	1	10-178,186-201,205-358	3TEI	TYR	2.404	ok	TYR_single	187	TYR	-0.008595329351351667		
P28482	OH		CZ	A	1	187					TYR	9-358		2	2	1	9-358	4FMQ	TYR	2.098	ok	TYR_mixed_with_THR	187	TYR	-0.04406151156674472		
P28482	OH		CZ	A	1	187					TYR	11-178,186-359		2	1	1	11-178,186-359	4H3P	TYR	2.3	ok	TYR_single	187	TYR	0.0671801362270443		
P28482	OH		CZ	A	1	187					TYR	9-360		2	2	1	9-360	4H3Q	TYR	2.2	ok	TYR_mixed_with_THR	187	TYR	-0.48156947880461365		
P28482	OH		CZ	A	1	187					TYR	11-176,186-359		2	1	1	11-176,186-359	4IZ7	TYR	1.8	ok	TYR_single	187	TYR	0.2174361538899518		
P28482	OH		CZ	A	1	187					TYR	6-357		2	2	1	6-357	4N0S	TYR	1.7992	ok	TYR_mixed_with_THR	187	TYR	-0.35793215401751965		
P28482	OH		CZ	B	1	187					TYR	9-178,182-360		2	2	1	9-178,182-360	4NIF	TYR	2.15	ok	TYR_mixed_with_THR	187	TYR	-0.21146206051504088		
P28482	OH		CZ	A	1	187					TYR	11-358		2	2	1	11-358	4QTE	TYR	1.5	ok	TYR_mixed_with_THR	187	TYR	-1.4391451096854513		
P28482	OH		CZ	A	1	187					TYR	7-357		2	2	1	7-357	4ZXT	TYR	2.0	ok	TYR_mixed_with_THR	187	TYR	-1.1858258762857614		
P28482				A	1	187					TYR	11-355		2	2	1	11-355	4ZZM	TYR	1.89	missing_required_atoms:OH,CZ	TYR_mixed_with_THR	187	TYR			
P28482				A	1	187					TYR	11-330,336-355		2	2	1	11-330,336-355	4ZZO	TYR	1.63	missing_required_atoms:OH,CZ	TYR_mixed_with_THR	187	TYR			
P28482	OH		CZ	A	1	187					TYR	11-332,334-357		2	2	1	11-332,334-357	5LCJ	TYR	1.78	ok	TYR_mixed_with_THR	187	TYR	-0.8021984665468151		
P28482	OH		CZ	A	1	187					TYR	11-357		2	2	1	11-357	5LCK	TYR	1.89	ok	TYR_mixed_with_THR	187	TYR	-1.6983418069983796		
P28482	OH		CZ	A	1	187					TYR	12-332,337-355		2	2	1	12-332,337-355	5NHF	TYR	2.14	ok	TYR_mixed_with_THR	187	TYR	0.010672365212489585		
P28482	OH		CZ	A	1	187					TYR	11-358		2	2	1	11-358	5NHH	TYR	1.94	ok	TYR_mixed_with_THR	187	TYR	-1.6735600019039343		
P28482	OH		CZ	A	1	187					TYR	11-355		2	2	1	11-355	5NHJ	TYR	2.12	ok	TYR_mixed_with_THR	187	TYR	-0.1207997788118086		
P28482	OH		CZ	A	1	187					TYR	11-355		2	2	1	11-355	5NHL	TYR	2.07	ok	TYR_mixed_with_THR	187	TYR	-0.04800958469273636		
P28482	OH		CZ	A	1	187					TYR	11-331,334-355		2	2	1	11-331,334-355	5NHO	TYR	2.24	ok	TYR_mixed_with_THR	187	TYR	-0.8507820203634472		
P28482	OH		CZ	A	1	187					TYR	11-330,338-355		2	2	1	11-330,338-355	5NHP	TYR	1.99	ok	TYR_mixed_with_THR	187	TYR	-0.0797941502603187		
P28482	OH		CZ	A	1	187					TYR	11-355		2	2	1	11-355	5NHV	TYR	2.0	ok	TYR_mixed_with_THR	187	TYR	-1.6078582883142172		
P28482	OH		CZ	A	1	187					TYR	15-357		2	2	1	15-357	5WP1	TYR	1.4	ok	TYR_mixed_with_THR	187	TYR	-0.43582710517886836		
P28482	OH		CZ	A	1	187					TYR	10-356		2	2	1	10-356	6G54	TYR	2.05	ok	TYR_mixed_with_THR	187	TYR	-0.4933715411692581		
P28482	OH		CZ	A	1	187					TYR	11-329,338-357		2	2	1	11-329,338-357	6G8X	TYR	1.76	ok	TYR_mixed_with_THR	187	TYR	0.08256153989828362		
P28482	OH		CZ	A	1	187					TYR	8-329,335-357		2	2	1	8-329,335-357	6G91	TYR	1.8	ok	TYR_mixed_with_THR	187	TYR	-2.934248832627247		
P28482	OH		CZ	A	1	187					TYR	8-329,336-357		2	2	1	8-329,336-357	6G92	TYR	1.99	ok	TYR_mixed_with_THR	187	TYR	-2.41766194641485		
P28482	OH		CZ	A	1	187					TYR	11-331,335-357		2	2	1	11-331,335-357	6G93	TYR	1.67	ok	TYR_mixed_with_THR	187	TYR	-1.1536025190021841		
P28482	OH		CZ	A	1	187					TYR	11-331,334-357		2	2	1	11-331,334-357	6G97	TYR	1.9	ok	TYR_mixed_with_THR	187	TYR	-1.9329645179709976		
P28482	OH		CZ	A	1	187					TYR	8-329,338-357		2	2	1	8-329,338-357	6G9A	TYR	1.91	ok	TYR_mixed_with_THR	187	TYR	-1.8616468101265091		
P28482	OH		CZ	A	1	187					TYR	8-329,334-357		2	2	1	8-329,334-357	6G9D	TYR	1.8	ok	TYR_mixed_with_THR	187	TYR	-1.3718897688816505		
P28482	OH		CZ	A	1	187					TYR	11-331,335-357		2	2	1	11-331,335-357	6G9H	TYR	1.73	ok	TYR_mixed_with_THR	187	TYR	-0.7360250948293954		
P28482	OH		CZ	A	1	187					TYR	8-357		2	2	1	8-357	6G9J	TYR	1.98	ok	TYR_mixed_with_THR	187	TYR	0.5181510216187826		
P28482	OH		CZ	A	1	187					TYR	11-331,334-357		2	2	1	11-331,334-357	6G9K	TYR	1.94	ok	TYR_mixed_with_THR	187	TYR	-1.5069970321431394		
P28482	OH		CZ	A	1	187					TYR	11-329,334-356		2	2	1	11-329,334-356	6G9M	TYR	1.86	ok	TYR_mixed_with_THR	187	TYR	-2.25475844129731		
P28482	OH		CZ	A	1	187					TYR	11-330,333-357		2	2	1	11-330,333-357	6G9N	TYR	1.76	ok	TYR_mixed_with_THR	187	TYR	-0.7678874020457079		
P28482	OH		CZ	A	1	187					TYR	8-331,336-356		2	2	1	8-331,336-356	6GDM	TYR	1.91	ok	TYR_mixed_with_THR	187	TYR	-0.2005206513033098		
P28482	OH		CZ	A	1	187					TYR	10-330,339-357		2	2	1	10-330,339-357	6GDQ	TYR	1.86	ok	TYR_mixed_with_THR	187	TYR	-0.9630330618656086		
P28482	OH		CZ	A	1	187					TYR	11-332,335-357		2	2	1	11-332,335-357	6GE0	TYR	1.82	ok	TYR_mixed_with_THR	187	TYR	-0.7440208713912091		
P28482	OH		CZ	A	1	187					TYR	8-331,334-357		2	2	1	8-331,334-357	6GJB	TYR	1.82	ok	TYR_mixed_with_THR	187	TYR	-2.030947426863901		
P28482	OH		CZ	A	1	187					TYR	10-329,336-357		2	2	1	10-329,336-357	6GJD	TYR	1.58	ok	TYR_mixed_with_THR	187	TYR	-0.5146054753376366		
P28482	OH		CZ	A	1	187					TYR	8-333,338-357		2	2	1	8-333,338-357	6Q7K	TYR	1.84	ok	TYR_mixed_with_THR	187	TYR	0.010433449746384164		
P28482	OH		CZ	A	1	187					TYR	11-329,334-356		2	2	1	11-329,334-356	6Q7S	TYR	1.73	ok	TYR_mixed_with_THR	187	TYR	-0.0266434821678288		
P28482	OH		CZ	A	1	187					TYR	11-329,336-356		2	2	1	11-329,336-356	6Q7T	TYR	1.6	ok	TYR_mixed_with_THR	187	TYR	-0.042252621246526983		
P28482	OH		CZ	A	1	187					TYR	11-330,337-358		2	2	1	11-330,337-358	6QA1	TYR	1.58	ok	TYR_mixed_with_THR	187	TYR	-2.4293087111382516		
P28482	OH		CZ	A	1	187					TYR	8-329,338-357		2	2	1	8-329,338-357	6QA3	TYR	1.57	ok	TYR_mixed_with_THR	187	TYR	-0.5897967112397584		
P28482	OH		CZ	A	1	187					TYR	11-34,37-330,339-357		2	2	1	11-34,37-330,339-357	6QA4	TYR	1.6	ok	TYR_mixed_with_THR	187	TYR	0.6727208725991651		
P28482	OH		CZ	A	1	187					TYR	11-330,338-357		2	2	1	11-330,338-357	6QAG	TYR	2.07	ok	TYR_mixed_with_THR	187	TYR	-0.2632301075672212		
P28482	OH		CZ	A	1	187					TYR	11-35,37-331,338-357		2	2	1	11-35,37-331,338-357	6QAH	TYR	1.58	ok	TYR_mixed_with_THR	187	TYR	-1.7187408007285365		
P28482	OH		CZ	A	1	187					TYR	11-33,37-330,339-357		2	2	1	11-33,37-330,339-357	6QAL	TYR	1.57	ok	TYR_mixed_with_THR	187	TYR	-0.3930610622376444		
P28482	OH		CZ	A	1	187					TYR	11-330,334-357		2	2	1	11-330,334-357	6QAQ	TYR	1.58	ok	TYR_mixed_with_THR	187	TYR	-1.1203392415982052		
P28482	OH		CZ	A	1	187					TYR	11-329,339-357		2	2	1	11-329,339-357	6QAW	TYR	1.84	ok	TYR_mixed_with_THR	187	TYR	-1.099128571115439		
P28482	OH		CZ	A	1	187					TYR	19-331,339-357		2	2	1	19-331,339-357	6RQ4	TYR	1.96	ok	TYR_mixed_with_THR	187	TYR	-1.370654483722867		
P28482	OH		CZ	A	1	187					TYR	18-330,338-356		2	2	1	18-330,338-356	6SLG	TYR	1.33	ok	TYR_mixed_with_THR	187	TYR	-3.1617057369007235		
P28482	OH		CZ	A	1	187					TYR	11-357		2	2	1	11-357	7AUV	TYR	1.76	ok	TYR_mixed_with_THR	187	TYR	-0.6202810532823368		
P28482	OH		CZ	A	1	187					TYR	11-357		2	2	1	11-357	7E73	TYR	2.28	ok	TYR_mixed_with_THR	187	TYR	-0.4303048617472228		
P28482	OH		CZ	A	1	187					TYR	10-358		2	2	1	10-358	7E75	TYR	2.481	ok	TYR_mixed_with_THR	187	TYR	-1.0476265442546464		
P28482	OH		CZ	A	1	187					TYR	11-331,336-356		2	2	1	11-331,336-356	7NQQ	TYR	1.943	ok	TYR_mixed_with_THR	187	TYR	-0.6277065848449526		
P28482	OH		CZ	A	1	187					TYR	11-356		2	2	1	11-356	7NQW	TYR	1.775	ok	TYR_mixed_with_THR	187	TYR	-2.3145152916061535		
P28482	OH		CZ	A	1	187					TYR	11-329,339-356		2	2	1	11-329,339-356	7NR3	TYR	1.897	ok	TYR_mixed_with_THR	187	TYR	-1.9872893156566391		
P28482	OH		CZ	A	1	187					TYR	11-329,335-357		2	2	1	11-329,335-357	7NR5	TYR	1.766	ok	TYR_mixed_with_THR	187	TYR	-0.45640608556077084		
P28482	OH		CZ	A	1	187					TYR	11-356		2	2	1	11-356	7NR8	TYR	1.627	ok	TYR_mixed_with_THR	187	TYR	-0.3913810047579191		
P28482	OH		CZ	A	1	187					TYR	11-329,340-355		2	2	1	11-329,340-355	7NR9	TYR	1.906	ok	TYR_mixed_with_THR	187	TYR	-0.24871383499909952		
P28482	OH		CZ	A	1	187					TYR	11-360		2	2	1	11-360	7W5O	TYR	2.35	ok	TYR_mixed_with_THR	187	TYR	-0.07190134638897695		
P28482	OH		CZ	A	1	187					TYR	10-359		2	2	1	10-359	7X4U	TYR	1.98	ok	TYR_mixed_with_THR	187	TYR	0.055360395742308055		
P28482	OH		CZ	A	1	187					TYR	10-360		2	2	1	10-360	7XC1	TYR	2.09	ok	TYR_mixed_with_THR	187	TYR	0.40826479018396605		
P28482	OH		CZ	A	1	187					TYR	13-329,334-357		2	2	1	13-329,334-357	8AO2	TYR	1.796	ok	TYR_mixed_with_THR	187	TYR	0.43231878353395925		
P28482	OH		CZ	A	1	187					TYR	11-330,339-357		2	2	1	11-330,339-357	8AO3	TYR	1.778	ok	TYR_mixed_with_THR	187	TYR	-2.5796651596089273		
P28482	OH		CZ	A	1	187					TYR	11-330,339-357		2	2	1	11-330,339-357	8AO4	TYR	1.825	ok	TYR_mixed_with_THR	187	TYR	-1.9739603012716143		
P28482	OH		CZ	A	1	187					TYR	15-33,37-329,339-356		2	2	1	15-33,37-329,339-356	8AO5	TYR	1.595	ok	TYR_mixed_with_THR	187	TYR	-3.991196454917687		
P28482	OH		CZ	A	1	187					TYR	11-329,338-356		2	2	1	11-329,338-356	8AO6	TYR	1.811	ok	TYR_mixed_with_THR	187	TYR	-2.9939782112258086		
P28482	OH		CZ	A	1	187					TYR	11-356		2	2	1	11-356	8AO7	TYR	1.61	ok	TYR_mixed_with_THR	187	TYR	-0.5929425053141597		
P28482	OH		CZ	A	1	187					TYR	11-329,334-356		2	2	1	11-329,334-356	8AO8	TYR	1.697	ok	TYR_mixed_with_THR	187	TYR	-0.7532961083533362		
P28482	OH		CZ	A	1	187					TYR	11-58,61-331,338-356		2	2	1	11-58,61-331,338-356	8AO9	TYR	1.624	ok	TYR_mixed_with_THR	187	TYR	-3.2950126095673324		
P28482	OH		CZ	A	1	187					TYR	11-356		2	2	1	11-356	8AOA	TYR	1.62	ok	TYR_mixed_with_THR	187	TYR	-2.4524997860805993		
P28482	OH		CZ	A	1	187					TYR	18-27,37-329,339-356		2	2	1	18-27,37-329,339-356	8AOB	TYR	1.623	ok	TYR_mixed_with_THR	187	TYR	-1.3751738454102822		
P28482	OH		CZ	A	1	187					TYR	11-356		2	2	1	11-356	8AOC	TYR	1.62	ok	TYR_mixed_with_THR	187	TYR	-2.0899917410247557		
P28482	OH		CZ	A	1	187					TYR	11-58,63-331,339-356		2	2	1	11-58,63-331,339-356	8AOD	TYR	1.62	ok	TYR_mixed_with_THR	187	TYR	-2.234846642138028		
P28482	OH		CZ	A	1	187					TYR	11-32,37-57,63-356		2	2	1	11-32,37-57,63-356	8AOE	TYR	1.687	ok	TYR_mixed_with_THR	187	TYR	-1.938625325466707		
P28482	OH		CZ	A	1	187					TYR	11-57,63-356		2	2	1	11-57,63-356	8AOF	TYR	1.615	ok	TYR_mixed_with_THR	187	TYR	-2.684722553815039		
P28482	OH		CZ	A	1	187					TYR	11-57,64-330,334-356		2	2	1	11-57,64-330,334-356	8AOG	TYR	1.603	ok	TYR_mixed_with_THR	187	TYR	-2.525788160261395		
P28482	OH		CZ	A	1	187					TYR	11-58,63-329,338-356		2	2	1	11-58,63-329,338-356	8AOH	TYR	1.6	ok	TYR_mixed_with_THR	187	TYR	-1.7951664534863025		
P28482	OH		CZ	A	1	187					TYR	11-356		2	2	1	11-356	8AOI	TYR	1.602	ok	TYR_mixed_with_THR	187	TYR	-1.0391047700647347		
P28482	OH		CZ	A	1	187					TYR	10-330,338-356		2	2	1	10-330,338-356	8AOJ	TYR	1.12	ok	TYR_mixed_with_THR	187	TYR	-1.2410108047156143		
P28482	OH		CZ	A	1	187					TYR	1-177,182-358		2	2	1	1-177,182-358	8PSR	TYR	1.85	ok	TYR_mixed_with_THR	187	TYR	-0.1443310530925989		
P28482				A	1	187					TYR	11-176,187-358		2	1	1	11-176,187-358	8PSW	TYR	2.0	missing_required_atoms:OH,CZ	TYR_single	187	TYR			
P28482	OH		CZ	A	1	187					TYR	11-358		2	2	1	11-358	8PT0	TYR	1.65	ok	TYR_mixed_with_THR	187	TYR	-0.21122286152500136		
P28482	OH		CZ	A	1	187					TYR	11-359		2	2	1	11-359	8PT1	TYR	1.8	ok	TYR_mixed_with_THR	187	TYR	0.07568577243971901		
P28482	OH		CZ	A	1	187					TYR	10-176,183-359		2	2	1	10-176,183-359	8PT3	TYR	1.8	ok	TYR_mixed_with_THR	187	TYR	0.12891926921856686		
P28482	OH		CZ	A	1	187					TYR	10-174,185-330,334-358		2	2	1	10-174,185-330,334-358	8PT5	TYR	1.95	ok	TYR_mixed_with_THR	187	TYR	0.022579655242120363		
P28482	OH		CZ	A	1	187					TYR	10-358		2	2	1	10-358	8ZJV	TYR	1.8	ok	TYR_mixed_with_THR	187	TYR	0.1125537182216369		
P29317	OH		CZ	A	1	772					TYR	586-634,639-875		1	1	1	586-634,639-875	5EK7	TYR	1.901	ok	TYR_single	772	TYR	-0.25115862559906765		
P29317	OH		CZ	A	1	772					TYR	604-634,640-772,777-896		1	1	1	604-634,640-772,777-896	5I9X	TYR	1.427	ok	TYR_single	772	TYR	0.11490021834235425		
P29317	OH		CZ	A	1	772					TYR	600-634,638-772,780-896		1	1	1	600-634,638-772,780-896	5I9Y	TYR	1.228	ok	TYR_single	772	TYR	0.04526588474091781		
P29317	OH		CZ	A	1	772					TYR	598-634,639-888		1	1	1	598-634,639-888	5IA2	TYR	1.619	ok	TYR_single	772	TYR	0.0225394201258675		
P29317	OH		CZ	A	1	772					TYR	605-633,638-877		1	1	1	605-633,638-877	5IA4	TYR	1.797	ok	TYR_single	772	TYR	1.2965329829007974		
P29317	OH		CZ	A	1	772					TYR	605-635,639-880		1	1	1	605-635,639-880	5IA5	TYR	1.776	ok	TYR_single	772	TYR	-0.2249407211295665		
P29317	OH		CZ	A	1	772					TYR	604-633,639-772,777-896		1	1	1	604-633,639-772,777-896	5NK1	TYR	1.548	ok	TYR_single	772	TYR	-0.035274496723339994		
P29317	OH		CZ	A	1	772					TYR	598-633,639-772,777-896		1	1	1	598-633,639-772,777-896	5NK2	TYR	1.649	ok	TYR_single	772	TYR	-1.0098678837294301		
P29317	OH		CZ	A	1	772					TYR	601-634,639-773,777-888		1	1	1	601-634,639-773,777-888	5NK3	TYR	1.586	ok	TYR_single	772	TYR	0.13152595845604942		
P29317	OH		CZ	A	1	772					TYR	601-633,640-896		1	1	1	601-633,640-896	5NK4	TYR	1.45	ok	TYR_single	772	TYR	0.10452913149748493		
P29317	OH		CZ	A	1	772					TYR	605-620,624-774,776-889,891-896		1	1	1	605-620,624-774,776-889,891-896	5NK5	TYR	1.329	ok	TYR_single	772	TYR	-0.1708018077596757		
P29317	OH		CZ	A	1	772					TYR	605-633,639-772,776-896		1	1	1	605-633,639-772,776-896	5NK6	TYR	1.267	ok	TYR_single	772	TYR	-0.015177942766648456		
P29317	OH		CZ	A	1	772					TYR	604-633,639-772,777-896		1	1	1	604-633,639-772,777-896	5NK7	TYR	1.889	ok	TYR_single	772	TYR	-0.09919321874343766		
P29317	OH		CZ	A	1	772					TYR	605-633,639-774,777-896		1	1	1	605-633,639-774,777-896	5NK9	TYR	1.588	ok	TYR_single	772	TYR	0.09392913274482731		
P29317	OH		CZ	A	1	772					TYR	605-633,639-774,777-896		1	1	1	605-633,639-774,777-896	5NKB	TYR	1.5	ok	TYR_single	772	TYR	0.18960103834307765		
P29317	OH		CZ	A	1	772					TYR	601-633,639-772,778-896		1	1	1	601-633,639-772,778-896	5NKC	TYR	1.448	ok	TYR_single	772	TYR	0.12092551850792765		
P29317	OH		CZ	A	1	772					TYR	600-633,640-772,777-896		1	1	1	600-633,640-772,777-896	5NKD	TYR	1.408	ok	TYR_single	772	TYR	0.11420982801257153		
P29317	OH		CZ	A	1	772					TYR	605-896		1	1	1	605-896	5NKE	TYR	1.39	ok	TYR_single	772	TYR	0.11849585753111261		
P29317	OH		CZ	A	1	772					TYR	605-634,636-896		1	1	1	605-634,636-896	5NKF	TYR	1.099	ok	TYR_single	772	TYR	0.08451009152106201		
P29317	OH		CZ	A	1	772					TYR	605-896		1	1	1	605-896	5NKG	TYR	1.1	ok	TYR_single	772	TYR	0.08854053028166131		
P29317	OH		CZ	A	1	772					TYR	601-895		1	1	1	601-895	5NKH	TYR	1.29	ok	TYR_single	772	TYR	0.01652242849110804		
P29317	OH		CZ	A	1	772					TYR	590-635,639-772,778-898,905-976		1	1	1	590-635,639-772,778-898,905-976	7KJC	TYR	2.3	ok	TYR_single	772	TYR	-0.03691395918803567		
P29317	OH		CZ	A	1	772					TYR	605-621,626-634,638-647,654-888		1	1	1	605-621,626-634,638-647,654-888	8BOC	TYR	1.9	ok	TYR_single	772	TYR	0.020853877843893927		
P29317	OH		CZ	A	1	772					TYR	605-622,626-635,639-890		1	1	1	605-622,626-635,639-890	8BOK	TYR	2.02	ok	TYR_single	772	TYR	-0.02368207073362653		
P29320	OH		CZ	A	1	701					TYR	595-600,609-770,787-893,899-904		1	1	1	595-600,609-770,787-893,899-904	2GSF	TYR	1.77	ok	TYR_single	701	TYR	0.6915008946747043		
P29320	OH		CZ	A	1	701					TYR	595-600,603-766,787-892,899-904		1	1	1	595-600,603-766,787-892,899-904	2QO2	TYR	1.6	ok	TYR_single	701	TYR	0.7590186902247607		
P29320	OH		CZ	A	1	701					TYR	608-771,785-892,900-904		1	1	1	608-771,785-892,900-904	2QO9	TYR	1.55	ok	TYR_single	701	TYR	0.3280688928124391		
P29320	OH		CZ	A	1	701					TYR	613-773,785-906		1	1	1	613-773,785-906	2QOC	TYR	1.25	ok	TYR_single	701	TYR	-0.5508633459029171		
P29320	OH		CZ	A	1	701					TYR	595-599,609-765,787-892,899-904		1	1	1	595-599,609-765,787-892,899-904	2QOD	TYR	1.15	ok	TYR_single	701	TYR	0.535078157510107		
P29320	OH		CZ	A	1	701					TYR	595-599,607-765,787-894,899-906		1	1	1	595-599,607-765,787-894,899-906	2QOF	TYR	1.2	ok	TYR_single	701	TYR	-0.09301430304061148		
P29320	OH		CZ	A	1	701					TYR	595-599,609-765,787-892,899-904		1	1	1	595-599,609-765,787-892,899-904	2QOI	TYR	1.25	ok	TYR_single	701	TYR	0.013833931380327676		
P29320	OH		CZ	A	1	701					TYR	595-599,609-770,786-892,898-904		1	1	1	595-599,609-770,786-892,898-904	2QOK	TYR	1.2	ok	TYR_single	701	TYR	0.20870704700045403		
P29320	OH		CZ	A	1	701					TYR	595-597,609-765,788-894,899-904		1	1	1	595-597,609-765,788-894,899-904	2QOL	TYR	1.07	ok	TYR_single	701	TYR	0.03303825633811502		
P29320	OH		CZ	A	1	701					TYR	595-599,609-765,787-892,900-904		1	1	1	595-599,609-765,787-892,900-904	2QOO	TYR	1.25	ok	TYR_single	701	TYR	0.05771701767496942		
P29320	OH		CZ	A	1	701					TYR	609-767,787-885,888-892,900-904		1	1	1	609-767,787-885,888-892,900-904	3DZQ	TYR	1.75	ok	TYR_single	701	TYR	-0.5506240453664192		
P29320	OH		CZ	A	1	701					TYR	606-774,784-892,895-904		1	1	1	606-774,784-892,895-904	3FXX	TYR	1.7	ok	TYR_single	701	TYR	-0.3629997542760686		
P29320	OH		CZ	A	1	701					TYR	607-773,784-892,896-904		1	1	1	607-773,784-892,896-904	3FY2	TYR	1.8	ok	TYR_single	701	TYR	0.0247514149059345		
P29320	OH		CZ	A	1	701					TYR	609-771,787-892,898-903		1	1	1	609-771,787-892,898-903	4G2F	TYR	1.699	ok	TYR_single	701	TYR	-0.30460458098986687		
P29320	OH		CZ	A	1	701					TYR	609-767,787-883,888-892,900-903		1	1	1	609-767,787-883,888-892,900-903	4GK2	TYR	2.195	ok	TYR_single	701	TYR	-0.640275311300629		
P29320	OH		CZ	A	1	701					TYR	609-771,786-892,899-903		1	1	1	609-771,786-892,899-903	4GK3	TYR	1.898	ok	TYR_single	701	TYR	-0.342872820054416		
P29320	OH		CZ	A	1	701					TYR	609-771,785-892,900-903		1	1	1	609-771,785-892,900-903	4GK4	TYR	2.1	ok	TYR_single	701	TYR	-0.3163607150461751		
P29320	OH		CZ	A	1	701					TYR	613-765,787-892,898-904		1	1	1	613-765,787-892,898-904	4P4C	TYR	1.599	ok	TYR_single	701	TYR	-0.22209938440711938		
P29320	OH		CZ	A	1	701					TYR	609-769,786-892,898-904		1	1	1	609-769,786-892,898-904	4P5Q	TYR	1.35	ok	TYR_single	701	TYR	0.016844594259442788		
P29320	OH		CZ	A	1	701					TYR	609-765,787-892,900-903		1	1	1	609-765,787-892,900-903	4P5Z	TYR	2.002	ok	TYR_single	701	TYR	0.5168602952867751		
P29320	OH		CZ	A	1	701					TYR	609-769,785-893,900-904		1	1	1	609-769,785-893,900-904	4TWN	TYR	1.706	ok	TYR_single	701	TYR	-0.34777044026988996		
P29320	OH		CZ	A	1	701					TYR	609-771,787-892,898-906		1	1	1	609-771,787-892,898-906	4TWO	TYR	2.047	ok	TYR_single	701	TYR	-0.2032519325016651		
P29320	OH		CZ	A	1	701					TYR	613-771,786-893,899-903		1	1	1	613-771,786-893,899-903	6IN0	TYR	1.501	ok	TYR_single	701	TYR	-0.29960727625051964		
P29322	OH		CZ	A	1	793					TYR	627-786,791-796,800-900		1	1	1	627-786,791-796,800-900	3KUL	TYR	2.15	ok	TYR_single	793	TYR	0.18074609581058773		
P29597	OH		CZ	A	1	1055					TYR	888-1057,1061-1178		2	1	1	888-1057,1061-1178	3LXN	TYR	2.5	ok	TYR_single	1055	TYR	0.25126192311664225		
P29597	OH		CZ	A	1	1055					TYR	888-920,923-1057,1061-1178		2	1	1	888-920,923-1057,1061-1178	3LXP	TYR	1.65	ok	TYR_single	1055	TYR	-0.23705814062888525		
P29597	OH		CZ	A	2	1054,1055					TYR	889-921,924-969,971-1176		2	2	2	889-921,924-969,971-1176	3NYX	TYR	2.5	ok	TYR_only_multi_2	1054	TYR,TYR	0.048430663331110645		
P29597	OH		CZ	A	2	1054,1055					TYR	889-921,924-969,971-1176		2	2	2	889-921,924-969,971-1176	3NYX	TYR	2.5	ok	TYR_only_multi_2	1055	TYR,TYR	0.08681337999117202		
P29597	OH		CZ	A	2	1054,1055					TYR	888-1113,1120-1176		2	2	2	888-1113,1120-1176	3NZ0	TYR	2.0	ok	TYR_only_multi_2	1054	TYR,TYR	0.0780107520010118		
P29597	OH		CZ	A	2	1054,1055					TYR	888-1113,1120-1176		2	2	2	888-1113,1120-1176	3NZ0	TYR	2.0	ok	TYR_only_multi_2	1055	TYR,TYR	-0.14802037390005746		
P29597	OH		CZ	A	2	1054,1055					TYR	890-932,944-967,974-1176		2	2	2	890-932,944-967,974-1176	4GFO	TYR	2.3	ok	TYR_only_multi_2	1054	TYR,TYR	0.47389903367975245		
P29597	OH		CZ	A	2	1054,1055					TYR	890-932,944-967,974-1176		2	2	2	890-932,944-967,974-1176	4GFO	TYR	2.3	ok	TYR_only_multi_2	1055	TYR,TYR	0.20521570943142775		
P29597	OH		CZ	A	2	1054,1055					TYR	890-1176		2	2	2	890-1176	4GIH	TYR	2.0	ok	TYR_only_multi_2	1054	TYR,TYR	0.327014082977831		
P29597	OH		CZ	A	2	1054,1055					TYR	890-1176		2	2	2	890-1176	4GIH	TYR	2.0	ok	TYR_only_multi_2	1055	TYR,TYR	-1.1971292927316692		
P29597	OH		CZ	A	2	1054,1055					TYR	890-1176		2	2	2	890-1176	4GII	TYR	2.31	ok	TYR_only_multi_2	1054	TYR,TYR	0.21487586914636772		
P29597	OH		CZ	A	2	1054,1055					TYR	890-1176		2	2	2	890-1176	4GII	TYR	2.31	ok	TYR_only_multi_2	1055	TYR,TYR	-0.6363292312445921		
P29597	OH		CZ	A	2	1054,1055					TYR	890-1176		2	2	2	890-1176	4GJ2	TYR	2.4	ok	TYR_only_multi_2	1054	TYR,TYR	0.5578839421560013		
P29597	OH		CZ	A	2	1054,1055					TYR	890-1176		2	2	2	890-1176	4GJ2	TYR	2.4	ok	TYR_only_multi_2	1055	TYR,TYR	-1.1924388938044923		
P29597	OH		CZ	A	2	1054,1055					TYR	890-1176		2	2	2	890-1176	4GJ3	TYR	2.5	ok	TYR_only_multi_2	1054	TYR,TYR	0.344296703421608		
P29597	OH		CZ	A	2	1054,1055					TYR	890-1176		2	2	2	890-1176	4GJ3	TYR	2.5	ok	TYR_only_multi_2	1055	TYR,TYR	-0.7733502912236563		
P29597	OH		CZ	A	2	1054,1055					TYR	889-1176		2	2	2	889-1176	4GVJ	TYR	2.03	ok	TYR_only_multi_2	1054	TYR,TYR	-0.642249425161517		
P29597	OH		CZ	A	2	1054,1055					TYR	889-1176		2	2	2	889-1176	4GVJ	TYR	2.03	ok	TYR_only_multi_2	1055	TYR,TYR	-0.7772663364206626		
P29597	OH		CZ	A	1	1055					TYR	889-1178		2	1	1	889-1178	4PY1	TYR	2.16	ok	TYR_single	1055	TYR	0.15948782454718624		
P29597	OH		CZ	A	2	1054,1055					TYR	890-1049,1052-1176		2	2	2	890-1049,1052-1176	5WAL	TYR	2.45	ok	TYR_only_multi_2	1054	TYR,TYR	-0.17509522997304514		
P29597	OH		CZ	A	2	1054,1055					TYR	890-1049,1052-1176		2	2	2	890-1049,1052-1176	5WAL	TYR	2.45	ok	TYR_only_multi_2	1055	TYR,TYR	-1.234246161212523		
P29597	OH		CZ	A	1	1055					TYR	889-1178		2	1	1	889-1178	6DBK	TYR	2.0	ok	TYR_single	1055	TYR	-0.6864680349746778		
P29597	OH		CZ	A	1	1055					TYR	889-916,925-933,939-1056,1060-1178		2	1	1	889-916,925-933,939-1056,1060-1178	6DBM	TYR	2.368	ok	TYR_single	1055	TYR	0.03990817375180203		
P29597	OH		CZ	A	2	1054,1055					TYR	888-933,942-967,973-1112,1115-1175		2	2	2	888-933,942-967,973-1112,1115-1175	6OVA	TYR	2.5	ok	TYR_only_multi_2	1054	TYR,TYR	0.19248192604569003		
P29597	OH		CZ	A	2	1054,1055					TYR	888-933,942-967,973-1112,1115-1175		2	2	2	888-933,942-967,973-1112,1115-1175	6OVA	TYR	2.5	ok	TYR_only_multi_2	1055	TYR,TYR	0.8945671088737552		
P29597	OH		CZ	A	1	1055					TYR	889-1178		2	1	1	889-1178	6VNS	TYR	2.09	ok	TYR_single	1055	TYR	0.44326105066135707		
P29597	OH		CZ	A	1	1055					TYR	889-919,925-934,938-966,974-1178		2	1	1	889-919,925-934,938-966,974-1178	6VNV	TYR	2.15	ok	TYR_single	1055	TYR	-0.6270347297537343		
P29597	OH		CZ	A	1	1055					TYR	889-1178		2	1	1	889-1178	6VNX	TYR	2.18	ok	TYR_single	1055	TYR	0.5077753270934933		
P29597	OH		CZ	A	1	1055					TYR	889-1056,1060-1178		2	1	1	889-1056,1060-1178	6VNY	TYR	2.3	ok	TYR_single	1055	TYR	-0.3928929665850105		
P29597	OH		CZ	A	1	1055					TYR	889-966,974-1178		2	1	1	889-966,974-1178	6X8F	TYR	2.15	ok	TYR_single	1055	TYR	1.472417331315896		
P29597	OH		CZ	A	1	1055					TYR	889-920,925-933,936-1057,1060-1178		2	1	1	889-920,925-933,936-1057,1060-1178	6X8G	TYR	2.21	ok	TYR_single	1055	TYR	-1.613209852591543		
P35968				A	2	1054,1059					TYR	816-938,996-1168		2	2	2	816-938,996-1168	2XIR	TYR	1.5	missing_required_atoms:OH,CZ	TYR_only_multi_2	1054	TYR,TYR			
P35968	OH		CZ	A	2	1054,1059					TYR	816-938,996-1168		2	2	2	816-938,996-1168	2XIR	TYR	1.5	ok	TYR_only_multi_2	1059	TYR,TYR	-0.28749303102170387		
P35968	OH		CZ	A	1	1059					TYR	815-857,861-939,990-1051,1056-1061,1067-1171		2	1	1	815-857,861-939,990-1051,1056-1061,1067-1171	3EWH	TYR	1.6	ok	TYR_single	1059	TYR	-0.4200924425075421		
P35968	OH		CZ	A	2	1054,1059					TYR	815-857,860-939,990-1171		2	2	2	815-857,860-939,990-1171	3U6J	TYR	2.15	ok	TYR_only_multi_2	1054	TYR,TYR	-0.3019167601229003		
P35968	OH		CZ	A	2	1054,1059					TYR	815-857,860-939,990-1171		2	2	2	815-857,860-939,990-1171	3U6J	TYR	2.15	ok	TYR_only_multi_2	1059	TYR,TYR	-0.1142214839669612		
P35968	OH		CZ	A	2	1054,1059					TYR	811-939,994-1062,1065-1169		2	2	2	811-939,994-1062,1065-1169	3VHE	TYR	1.55	ok	TYR_only_multi_2	1054	TYR,TYR	0.8196811560352296		
P35968	OH		CZ	A	2	1054,1059					TYR	811-939,994-1062,1065-1169		2	2	2	811-939,994-1062,1065-1169	3VHE	TYR	1.55	ok	TYR_only_multi_2	1059	TYR,TYR	0.560763261597983		
P35968	OH		CZ	A	2	1054,1059					TYR	814-939,996-1062,1065-1168		2	2	2	814-939,996-1062,1065-1168	3VHK	TYR	2.49	ok	TYR_only_multi_2	1054	TYR,TYR	-0.17049269445474055		
P35968	OH		CZ	A	2	1054,1059					TYR	814-939,996-1062,1065-1168		2	2	2	814-939,996-1062,1065-1168	3VHK	TYR	2.49	ok	TYR_only_multi_2	1059	TYR,TYR	-0.11962596161651942		
P35968	OH		CZ	A	2	1054,1059					TYR	813-939,990-1046,1054-1168		2	2	2	813-939,990-1046,1054-1168	3VID	TYR	2.3	ok	TYR_only_multi_2	1054	TYR,TYR	0.005728733867680412		
P35968	OH		CZ	A	2	1054,1059					TYR	813-939,990-1046,1054-1168		2	2	2	813-939,990-1046,1054-1168	3VID	TYR	2.3	ok	TYR_only_multi_2	1059	TYR,TYR	-0.024771142296218143		
P35968	OH		CZ	A	2	1054,1059					TYR	812-939,996-1168		2	2	2	812-939,996-1168	3VNT	TYR	1.64	ok	TYR_only_multi_2	1054	TYR,TYR	0.10821204644593564		
P35968	OH		CZ	A	2	1054,1059					TYR	812-939,996-1168		2	2	2	812-939,996-1168	3VNT	TYR	1.64	ok	TYR_only_multi_2	1059	TYR,TYR	0.07843438964240218		
P35968	OH		CZ	A	2	1054,1059					TYR	812-939,994-1168		2	2	2	812-939,994-1168	3VO3	TYR	1.52	ok	TYR_only_multi_2	1054	TYR,TYR	-0.25045509034753577		
P35968	OH		CZ	A	2	1054,1059					TYR	812-939,994-1168		2	2	2	812-939,994-1168	3VO3	TYR	1.52	ok	TYR_only_multi_2	1059	TYR,TYR	-0.5955817039866728		
P35968	OH		CZ	A	2	1054,1059					TYR	815-939,994-1063,1065-1167		2	2	2	815-939,994-1063,1065-1167	3WZE	TYR	1.9	ok	TYR_only_multi_2	1054	TYR,TYR	-0.017652229904829033		
P35968	OH		CZ	A	2	1054,1059					TYR	815-939,994-1063,1065-1167		2	2	2	815-939,994-1063,1065-1167	3WZE	TYR	1.9	ok	TYR_only_multi_2	1059	TYR,TYR	-0.27219302535046525		
P35968	OH		CZ	A	2	1054,1059					TYR	816-938,996-1168		2	2	2	816-938,996-1168	4AG8	TYR	1.95	ok	TYR_only_multi_2	1054	TYR,TYR	-0.599910877693194		
P35968	OH		CZ	A	2	1054,1059					TYR	816-938,996-1168		2	2	2	816-938,996-1168	4AG8	TYR	1.95	ok	TYR_only_multi_2	1059	TYR,TYR	0.4055817799986885		
P35968	OH		CZ	A	2	1054,1059					TYR	801-812,820-938,996-1169		2	2	2	801-812,820-938,996-1169	4AGC	TYR	2.0	ok	TYR_only_multi_2	1054	TYR,TYR	-0.747435307704092		
P35968	OH		CZ	A	2	1054,1059					TYR	801-812,820-938,996-1169		2	2	2	801-812,820-938,996-1169	4AGC	TYR	2.0	ok	TYR_only_multi_2	1059	TYR,TYR	0.03064124109279114		
P35968	OH		CZ	A	2	1054,1059					TYR	807-938,996-1168		2	2	2	807-938,996-1168	4ASD	TYR	2.03	ok	TYR_only_multi_2	1054	TYR,TYR	-0.1037806818153503		
P35968	OH		CZ	A	2	1054,1059					TYR	807-938,996-1168		2	2	2	807-938,996-1168	4ASD	TYR	2.03	ok	TYR_only_multi_2	1059	TYR,TYR	-0.9290418336147117		
P35968	OH		CZ	A	2	1054,1059					TYR	807-939,996-1169		2	2	2	807-939,996-1169	4ASE	TYR	1.83	ok	TYR_only_multi_2	1054	TYR,TYR	0.4049191560217334		
P35968	OH		CZ	A	2	1054,1059					TYR	807-939,996-1169		2	2	2	807-939,996-1169	4ASE	TYR	1.83	ok	TYR_only_multi_2	1059	TYR,TYR	0.2684195225782434		
P35968	OH		CZ	A	2	1054,1059					TYR	811-939,991-1168		2	2	2	811-939,991-1168	6GQO	TYR	1.87	ok	TYR_only_multi_2	1054	TYR,TYR	-0.7907713653237306		
P35968	OH		CZ	A	2	1054,1059					TYR	811-939,991-1168		2	2	2	811-939,991-1168	6GQO	TYR	1.87	ok	TYR_only_multi_2	1059	TYR,TYR	0.7632763966342659		
P35968	OH		CZ	A	2	1054,1059					TYR	821-939,990-1168		2	2	2	821-939,990-1168	6GQP	TYR	2.09	ok	TYR_only_multi_2	1054	TYR,TYR	-0.3349607748536031		
P35968	OH		CZ	A	2	1054,1059					TYR	821-939,990-1168		2	2	2	821-939,990-1168	6GQP	TYR	2.09	ok	TYR_only_multi_2	1059	TYR,TYR	-1.480586541194793		
P35968	OH		CZ	A	2	1054,1059					TYR	813-939,991-1167		2	2	2	813-939,991-1167	6GQQ	TYR	1.52	ok	TYR_only_multi_2	1054	TYR,TYR	0.2658009597162557		
P35968	OH		CZ	A	2	1054,1059					TYR	813-939,991-1167		2	2	2	813-939,991-1167	6GQQ	TYR	1.52	ok	TYR_only_multi_2	1059	TYR,TYR	-0.7771450557547451		
P35968	OH		CZ	A	2	1054,1059					TYR	813-939,990-1167		2	2	2	813-939,990-1167	6XVJ	TYR	1.78	ok	TYR_only_multi_2	1054	TYR,TYR	0.19705224748440572		
P35968	OH		CZ	A	2	1054,1059					TYR	813-939,990-1167		2	2	2	813-939,990-1167	6XVJ	TYR	1.78	ok	TYR_only_multi_2	1059	TYR,TYR	-1.4247442214563435		
P35968	OH		CZ	A	2	1054,1059					TYR	821-939,990-1168		2	2	2	821-939,990-1168	6XVK	TYR	1.99	ok	TYR_only_multi_2	1054	TYR,TYR	-1.1128470032497288		
P35968	OH		CZ	A	2	1054,1059					TYR	821-939,990-1168		2	2	2	821-939,990-1168	6XVK	TYR	1.99	ok	TYR_only_multi_2	1059	TYR,TYR	-1.2844993082652996		
P37840	OH		CZ	A	1	39					TYR	36-98		1	1	1	36-98	6UFR	TYR	2.5	ok	TYR_single	39	TYR	-0.057036085110231345		
P37840	OH		CZ	A	1	39					TYR	37-99		1	1	1	37-99	7YNF	TYR	2.5	ok	TYR_single	39	TYR	0.13454836504517365		
P37840	OH		CZ	A	1	39					TYR	31-100		1	1	1	31-100	8A9L	TYR	2.2	ok	TYR_single	39	TYR	0.008439856148017922		
P37840	OH		CZ	A	1	39					TYR	14-25,36-100		1	1	1	14-25,36-100	8BQV	TYR	2.0	ok	TYR_single	39	TYR	-0.213798587778162		
P37840	OH		CZ	A	1	39					TYR	14-25,36-100		1	1	1	14-25,36-100	8BQW	TYR	2.3	ok	TYR_single	39	TYR	-0.2692120456218651		
P37840	OH		CZ	A	1	39					TYR	36-98		1	1	1	36-98	8PJO	TYR	2.31	ok	TYR_single	39	TYR	0.16229470399095738		
P37840	OH		CZ	A	1	39					TYR	15-22,36-97		1	1	1	15-22,36-97	9CK3	TYR	2.04	ok	TYR_single	39	TYR	0.19469245966541285		
P37840	OH		CZ	A	1	39					TYR	15-22,36-92		1	1	1	15-22,36-92	9CKK	TYR	2.21	ok	TYR_single	39	TYR	0.4483868497357479		
P37840	OH		CZ	A	1	39					TYR	37-97		1	1	1	37-97	9EUU	TYR	1.93	ok	TYR_single	39	TYR	0.31988278316653174		
P37840	OH		CZ	I	1	39					TYR	35-98		1	1	1	35-98	9FYP	TYR	2.23	ok	TYR_single	39	TYR	0.482338436351507		
P37840	OH		CZ	D	1	39					TYR	37-98		1	1	1	37-98	9JC3	TYR	2.39	ok	TYR_single	39	TYR	0.3330468997819817		
P37840	OH		CZ	A	1	39					TYR	14-100		1	1	1	14-100	9OBP	TYR	2.5	ok	TYR_single	39	TYR	0.04424886577121062		
P43405	OH		CZ	A	2	525,526					TYR	363-392,395-404,411-635		3	2	2	363-392,395-404,411-635	1XBA	TYR	2.0	ok	TYR_only_multi_2	525	TYR,TYR	0.30543217292686153		
P43405	OH		CZ	A	2	525,526					TYR	363-392,395-404,411-635		3	2	2	363-392,395-404,411-635	1XBA	TYR	2.0	ok	TYR_only_multi_2	526	TYR,TYR	0.3848537166041647		
P43405	OH		CZ	A	2	525,526					TYR	363-405,411-528,533-635		3	2	2	363-405,411-528,533-635	1XBB	TYR	1.57	ok	TYR_only_multi_2	525	TYR,TYR	-0.4543643191918799		
P43405	OH		CZ	A	2	525,526					TYR	363-405,411-528,533-635		3	2	2	363-405,411-528,533-635	1XBB	TYR	1.57	ok	TYR_only_multi_2	526	TYR,TYR	0.08766049259633199		
P43405	OH		CZ	A	2	525,526					TYR	363-404,411-635		3	2	2	363-404,411-635	1XBC	TYR	2.0	ok	TYR_only_multi_2	525	TYR,TYR	-0.026706638098750103		
P43405	OH		CZ	A	2	525,526					TYR	363-404,411-635		3	2	2	363-404,411-635	1XBC	TYR	2.0	ok	TYR_only_multi_2	526	TYR,TYR	0.402458173303606		
P43405	OH		CZ	A	2	525,526					TYR	363-405,411-529,533-635		3	2	2	363-405,411-529,533-635	3FQE	TYR	2.5	ok	TYR_only_multi_2	525	TYR,TYR	-0.48734873914000526		
P43405	OH		CZ	A	2	525,526					TYR	363-405,411-529,533-635		3	2	2	363-405,411-529,533-635	3FQE	TYR	2.5	ok	TYR_only_multi_2	526	TYR,TYR	0.1952952040949852		
P43405	OH		CZ	A	2	525,526					TYR	363-378,384-405,411-634		3	2	2	363-378,384-405,411-634	3FQH	TYR	2.26	ok	TYR_only_multi_2	525	TYR,TYR	-0.5444367688809687		
P43405	OH		CZ	A	2	525,526					TYR	363-378,384-405,411-634		3	2	2	363-378,384-405,411-634	3FQH	TYR	2.26	ok	TYR_only_multi_2	526	TYR,TYR	0.32379656462988254		
P43405	OH		CZ	A	2	525,526					TYR	363-405,411-528,533-635		3	2	2	363-405,411-528,533-635	3FQS	TYR	2.1	ok	TYR_only_multi_2	525	TYR,TYR	-0.5333381567630456		
P43405	OH		CZ	A	2	525,526					TYR	363-405,411-528,533-635		3	2	2	363-405,411-528,533-635	3FQS	TYR	2.1	ok	TYR_only_multi_2	526	TYR,TYR	0.30250952705460676		
P43405	OH		CZ	A	1	526					TYR	364-378,381-405,412-634		3	1	1	364-378,381-405,412-634	3SRV	TYR	1.95	ok	TYR_single	526	TYR	-0.31777116182424286		
P43405	OH		CZ	B	2	525,526					TYR	364-404,411-632		3	2	2	364-404,411-632	3SRV	TYR	1.95	ok	TYR_only_multi_2	525	TYR,TYR	0.0913805695034436		
P43405	OH		CZ	A	2	525,526					TYR	363-392,395-404,411-635		3	2	2	363-392,395-404,411-635	3VF8	TYR	2.08	ok	TYR_only_multi_2	525	TYR,TYR	0.41729934895712545		
P43405	OH		CZ	A	2	525,526					TYR	363-392,395-404,411-635		3	2	2	363-392,395-404,411-635	3VF8	TYR	2.08	ok	TYR_only_multi_2	526	TYR,TYR	-0.5276805923047017		
P43405	OH		CZ	A	2	525,526					TYR	364-393,395-404,411-635		3	2	2	364-393,395-404,411-635	3VF9	TYR	2.3	ok	TYR_only_multi_2	525	TYR,TYR	0.5080184815705648		
P43405	OH		CZ	A	2	525,526					TYR	364-393,395-404,411-635		3	2	2	364-393,395-404,411-635	3VF9	TYR	2.3	ok	TYR_only_multi_2	526	TYR,TYR	-0.38544426963833134		
P43405	OH		CZ	A	2	525,526					TYR	363-379,383-392,395-404,411-635		3	2	2	363-379,383-392,395-404,411-635	4DFL	TYR	1.98	ok	TYR_only_multi_2	525	TYR,TYR	0.49722049291073034		
P43405	OH		CZ	A	2	525,526					TYR	363-379,383-392,395-404,411-635		3	2	2	363-379,383-392,395-404,411-635	4DFL	TYR	1.98	ok	TYR_only_multi_2	526	TYR,TYR	-0.7287516670077935		
P43405	OH		CZ	A	2	525,526					TYR	363-405,411-635		3	2	2	363-405,411-531,533-635	4DFN	TYR	2.48	ok	TYR_only_multi_2	525	TYR,TYR	-0.07285301456277878		
P43405	OH		CZ	A	2	525,526					TYR	363-405,411-635		3	2	2	363-405,411-531,533-635	4DFN	TYR	2.48	ok	TYR_only_multi_2	526	TYR,TYR	0.06255772893953805		
P43405	OH		CZ	A	2	525,526					TYR	365-389,396-405,411-635		3	2	2	365-389,396-405,411-635	4F4P	TYR	2.37	ok	TYR_only_multi_2	525	TYR,TYR	0.42817058757821014		
P43405	OH		CZ	A	2	525,526					TYR	365-389,396-405,411-635		3	2	2	365-389,396-405,411-635	4F4P	TYR	2.37	ok	TYR_only_multi_2	526	TYR,TYR	-0.4765263624384255		
P43405	OH		CZ	A	2	525,526					TYR	363-405,411-635		3	2	2	363-405,411-635	4FL1	TYR	1.79	ok	TYR_only_multi_2	525	TYR,TYR	0.45414614286644944		
P43405	OH		CZ	A	2	525,526					TYR	363-405,411-635		3	2	2	363-405,411-635	4FL1	TYR	1.79	ok	TYR_only_multi_2	526	TYR,TYR	-0.9260441691898312		
P43405	OH		CZ	A	2	525,526					TYR	9-264,337-635		3	2	2	9-264,337-635	4FL2	TYR	2.19	ok	TYR_only_multi_2	525	TYR,TYR	0.0810343732620211		
P43405	OH		CZ	A	2	525,526					TYR	9-264,337-635		3	2	2	9-264,337-635	4FL2	TYR	2.19	ok	TYR_only_multi_2	526	TYR,TYR	0.10058703338978572		
P43405	OH		CZ	A	2	525,526					TYR	363-379,381-405,411-528,533-635		3	2	2	363-379,381-405,411-528,533-635	4FYN	TYR	2.318	ok	TYR_only_multi_2	525	TYR,TYR	-0.6404051053245118		
P43405	OH		CZ	A	2	525,526					TYR	363-379,381-405,411-528,533-635		3	2	2	363-379,381-405,411-528,533-635	4FYN	TYR	2.318	ok	TYR_only_multi_2	526	TYR,TYR	0.3509018500409483		
P43405	OH		CZ	A	2	525,526					TYR	363-404,411-528,533-635		3	2	2	363-404,411-528,533-635	4FYO	TYR	1.4	ok	TYR_only_multi_2	525	TYR,TYR	-0.15213478795582755		
P43405	OH		CZ	A	2	525,526					TYR	363-404,411-528,533-635		3	2	2	363-404,411-528,533-635	4FYO	TYR	1.4	ok	TYR_only_multi_2	526	TYR,TYR	0.26692650850568606		
P43405	OH		CZ	A	2	525,526					TYR	363-379,382-405,411-528,533-635		3	2	2	363-379,382-405,411-528,533-635	4FZ6	TYR	1.85	ok	TYR_only_multi_2	525	TYR,TYR	-0.43751603843483483		
P43405	OH		CZ	A	2	525,526					TYR	363-379,382-405,411-528,533-635		3	2	2	363-379,382-405,411-528,533-635	4FZ6	TYR	1.85	ok	TYR_only_multi_2	526	TYR,TYR	0.3426250688635362		
P43405	OH		CZ	A	2	525,526					TYR	363-379,382-404,411-528,533-635		3	2	2	363-379,382-404,411-528,533-635	4FZ7	TYR	1.75	ok	TYR_only_multi_2	525	TYR,TYR	-1.41426083920538		
P43405	OH		CZ	A	2	525,526					TYR	363-379,382-404,411-528,533-635		3	2	2	363-379,382-404,411-528,533-635	4FZ7	TYR	1.75	ok	TYR_only_multi_2	526	TYR,TYR	1.054692877434207		
P43405	OH		CZ	A	2	525,526					TYR	363-635		3	2	2	363-635	4GFG	TYR	2.35	ok	TYR_only_multi_2	525	TYR,TYR	1.6087878734607206		
P43405	OH		CZ	A	2	525,526					TYR	363-635		3	2	2	363-635	4GFG	TYR	2.35	ok	TYR_only_multi_2	526	TYR,TYR	0.020553982630968363		
P43405	OH		CZ	A	2	525,526					TYR	363-374,376-379,383-405,411-528,533-635		3	2	2	363-374,376-379,383-405,411-528,533-635	4I0R	TYR	2.1	ok	TYR_only_multi_2	525	TYR,TYR	-0.40519139881310795		
P43405	OH		CZ	A	2	525,526					TYR	363-374,376-379,383-405,411-528,533-635		3	2	2	363-374,376-379,383-405,411-528,533-635	4I0R	TYR	2.1	ok	TYR_only_multi_2	526	TYR,TYR	-0.145985633723567		
P43405	OH		CZ	A	2	525,526					TYR	363-404,411-528,533-635		3	2	2	363-404,411-528,533-635	4I0S	TYR	1.98	ok	TYR_only_multi_2	525	TYR,TYR	-0.24838438587067135		
P43405	OH		CZ	A	2	525,526					TYR	363-404,411-528,533-635		3	2	2	363-404,411-528,533-635	4I0S	TYR	1.98	ok	TYR_only_multi_2	526	TYR,TYR	0.2456791125426534		
P43405	OH		CZ	A	2	525,526					TYR	363-404,411-528,534-635		3	2	2	363-404,411-528,534-635	4I0T	TYR	1.7	ok	TYR_only_multi_2	525	TYR,TYR	-0.4010864662993539		
P43405	OH		CZ	A	2	525,526					TYR	363-404,411-528,534-635		3	2	2	363-404,411-528,534-635	4I0T	TYR	1.7	ok	TYR_only_multi_2	526	TYR,TYR	-2.0582279750451393		
P43405	OH		CZ	B	2	525,526					TYR	363-405,411-529,533-635		3	2	2	363-405,411-529,533-635	4PUZ	TYR	2.085	ok	TYR_only_multi_2	525	TYR,TYR	-0.27092865401466126		
P43405	OH		CZ	B	2	525,526					TYR	363-405,411-529,533-635		3	2	2	363-405,411-529,533-635	4PUZ	TYR	2.085	ok	TYR_only_multi_2	526	TYR,TYR	0.21675887957966966		
P43405	OH		CZ	A	2	525,526					TYR	363-379,382-405,411-635		3	2	2	363-379,382-405,411-635	4PV0	TYR	2.0	ok	TYR_only_multi_2	525	TYR,TYR	0.545991688936726		
P43405	OH		CZ	A	2	525,526					TYR	363-379,382-405,411-635		3	2	2	363-379,382-405,411-635	4PV0	TYR	2.0	ok	TYR_only_multi_2	526	TYR,TYR	-0.9124914141023175		
P43405	OH		CZ	A	2	525,526					TYR	364-392,395-405,411-528,533-635		3	2	2	364-392,395-405,411-528,533-635	4PX6	TYR	1.6	ok	TYR_only_multi_2	525	TYR,TYR	1.4834448861726095		
P43405	OH		CZ	A	2	525,526					TYR	364-392,395-405,411-528,533-635		3	2	2	364-392,395-405,411-528,533-635	4PX6	TYR	1.6	ok	TYR_only_multi_2	526	TYR,TYR	1.4267955350375439		
P43405	OH		CZ	A	2	525,526					TYR	364-408,411-634		3	2	2	364-408,411-634	4RSS	TYR	1.83	ok	TYR_only_multi_2	525	TYR,TYR	0.0006243504610922149		
P43405	OH		CZ	A	2	525,526					TYR	364-408,411-634		3	2	2	364-408,411-634	4RSS	TYR	1.83	ok	TYR_only_multi_2	526	TYR,TYR	0.054183755911037156		
P43405	OH		CZ	A	2	525,526					TYR	363-407,411-635		3	2	2	363-407,411-635	4RX7	TYR	1.8	ok	TYR_only_multi_2	525	TYR,TYR	0.0656280283141278		
P43405	OH		CZ	A	2	525,526					TYR	363-407,411-635		3	2	2	363-407,411-635	4RX7	TYR	1.8	ok	TYR_only_multi_2	526	TYR,TYR	0.19876150584197427		
P43405	OH		CZ	A	2	525,526					TYR	364-405,411-530,532-635		3	2	2	364-405,411-530,532-635	4RX8	TYR	1.59	ok	TYR_only_multi_2	525	TYR,TYR	-0.833485413702638		
P43405	OH		CZ	A	2	525,526					TYR	364-405,411-530,532-635		3	2	2	364-405,411-530,532-635	4RX8	TYR	1.59	ok	TYR_only_multi_2	526	TYR,TYR	-0.02414913777790222		
P43405	OH		CZ	A	2	525,526					TYR	363-378,382-405,411-530,532-635		3	2	2	363-378,382-405,411-530,532-635	4RX9	TYR	1.75	ok	TYR_only_multi_2	525	TYR,TYR	-1.8597985870743314		
P43405	OH		CZ	A	2	525,526					TYR	363-378,382-405,411-530,532-635		3	2	2	363-378,382-405,411-530,532-635	4RX9	TYR	1.75	ok	TYR_only_multi_2	526	TYR,TYR	1.6982541708896692		
P43405	OH		CZ	A	2	525,526					TYR	347-349,363-406,411-635		3	2	2	347-349,363-406,411-635	4WNM	TYR	2.5	ok	TYR_only_multi_2	525	TYR,TYR	0.6618238046597313		
P43405	OH		CZ	A	2	525,526					TYR	347-349,363-406,411-635		3	2	2	347-349,363-406,411-635	4WNM	TYR	2.5	ok	TYR_only_multi_2	526	TYR,TYR	-0.47645841896466595		
P43405	OH		CZ	A	2	525,526					TYR	364-373,376-379,384-406,411-528,533-635		3	2	2	364-373,376-379,384-406,411-528,533-635	4XG2	TYR	2.21	ok	TYR_only_multi_2	525	TYR,TYR	0.13117682435969014		
P43405	OH		CZ	A	2	525,526					TYR	364-373,376-379,384-406,411-528,533-635		3	2	2	364-373,376-379,384-406,411-528,533-635	4XG2	TYR	2.21	ok	TYR_only_multi_2	526	TYR,TYR	-0.5227876206589799		
P43405	OH		CZ	B	2	525,526					TYR	363-528,533-633		3	2	2	363-528,533-633	4XG3	TYR	2.3	ok	TYR_only_multi_2	525	TYR,TYR	-0.3280546405996365		
P43405	OH		CZ	B	2	525,526					TYR	363-528,533-633		3	2	2	363-528,533-633	4XG3	TYR	2.3	ok	TYR_only_multi_2	526	TYR,TYR	-0.0988827011537242		
P43405	OH		CZ	A	2	525,526					TYR	363-405,411-528,533-635		3	2	2	363-405,411-528,533-635	4XG4	TYR	2.3	ok	TYR_only_multi_2	525	TYR,TYR	0.2695453943726086		
P43405	OH		CZ	A	2	525,526					TYR	363-405,411-528,533-635		3	2	2	363-405,411-528,533-635	4XG4	TYR	2.3	ok	TYR_only_multi_2	526	TYR,TYR	0.23276427178712028		
P43405	OH		CZ	A	2	525,526					TYR	363-531,535-635		3	2	2	363-531,535-635	4XG6	TYR	2.4	ok	TYR_only_multi_2	525	TYR,TYR	-0.3132086537011653		
P43405	OH		CZ	A	2	525,526					TYR	363-531,535-635		3	2	2	363-531,535-635	4XG6	TYR	2.4	ok	TYR_only_multi_2	526	TYR,TYR	0.6997309997226556		
P43405	OH		CZ	A	2	525,526					TYR	364-377,383-408,411-635		3	2	2	364-377,383-408,411-635	4XG7	TYR	1.76	ok	TYR_only_multi_2	525	TYR,TYR	-0.25585781695301146		
P43405	OH		CZ	A	2	525,526					TYR	364-377,383-408,411-635		3	2	2	364-377,383-408,411-635	4XG7	TYR	1.76	ok	TYR_only_multi_2	526	TYR,TYR	0.2954823747631663		
P43405	OH		CZ	A	2	525,526					TYR	366-380,383-392,395-404,410-531,535-635		3	2	2	366-380,383-392,395-404,410-531,535-635	4XG8	TYR	2.4	ok	TYR_only_multi_2	525	TYR,TYR	-1.1087633788637699		
P43405	OH		CZ	A	2	525,526					TYR	366-380,383-392,395-404,410-531,535-635		3	2	2	366-380,383-392,395-404,410-531,535-635	4XG8	TYR	2.4	ok	TYR_only_multi_2	526	TYR,TYR	0.6977157378289435		
P43405	OH		CZ	A	2	525,526					TYR	363-528,532-632		3	2	2	363-528,532-632	4YJO	TYR	1.6	ok	TYR_only_multi_2	525	TYR,TYR	-0.33556785125867006		
P43405	OH		CZ	A	2	525,526					TYR	363-528,532-632		3	2	2	363-528,532-632	4YJO	TYR	1.6	ok	TYR_only_multi_2	526	TYR,TYR	0.6258784926752324		
P43405	OH		CZ	A	2	525,526					TYR	364-406,410-528,532-632		3	2	2	364-406,410-528,532-632	4YJP	TYR	1.83	ok	TYR_only_multi_2	525	TYR,TYR	-0.4377163034698812		
P43405	OH		CZ	A	2	525,526					TYR	364-406,410-528,532-632		3	2	2	364-406,410-528,532-632	4YJP	TYR	1.83	ok	TYR_only_multi_2	526	TYR,TYR	0.21797727732032074		
P43405	OH		CZ	A	2	525,526					TYR	364-377,383-404,412-632		3	2	2	364-377,383-404,412-632	4YJS	TYR	2.22	ok	TYR_only_multi_2	525	TYR,TYR	0.43037273038243806		
P43405	OH		CZ	A	2	525,526					TYR	364-377,383-404,412-632		3	2	2	364-377,383-404,412-632	4YJS	TYR	2.22	ok	TYR_only_multi_2	526	TYR,TYR	-0.6475884321953634		
P43405	OH		CZ	A	2	525,526					TYR	363-635		3	2	2	363-635	5CXH	TYR	1.9	ok	TYR_only_multi_2	525	TYR,TYR	1.3170356540265165		
P43405	OH		CZ	A	2	525,526					TYR	363-635		3	2	2	363-635	5CXH	TYR	1.9	ok	TYR_only_multi_2	526	TYR,TYR	0.6913527025731309		
P43405	OH		CZ	A	2	525,526					TYR	363-406,412-531,533-635		3	2	2	363-406,412-531,533-635	5CXZ	TYR	1.7	ok	TYR_only_multi_2	525	TYR,TYR	1.3423594176477276		
P43405	OH		CZ	A	2	525,526					TYR	363-406,412-531,533-635		3	2	2	363-406,412-531,533-635	5CXZ	TYR	1.7	ok	TYR_only_multi_2	526	TYR,TYR	-0.3650843949300911		
P43405	OH		CZ	A	2	525,526					TYR	360-407,410-635		3	2	2	360-407,410-635	5CY3	TYR	1.76	ok	TYR_only_multi_2	525	TYR,TYR	-2.0685096060698447		
P43405	OH		CZ	A	2	525,526					TYR	360-407,410-635		3	2	2	360-407,410-635	5CY3	TYR	1.76	ok	TYR_only_multi_2	526	TYR,TYR	1.5913592110929389		
P43405	OH		CZ	A	1	526					TYR	363-529,532-632		3	1	1	363-529,532-632	5LMA	TYR	1.43	ok	TYR_single	526	TYR	-0.429360407752803		
P43405	OH		CZ	A	1	526					TYR	364-404,411-634		3	1	1	364-404,411-634	5LMB	TYR	1.95	ok	TYR_single	526	TYR	0.03386184933039323		
P43405	OH		CZ	A	2	525,526					TYR	363-378,384-405,412-635		3	2	2	363-378,384-405,412-635	5TIU	TYR	1.49	ok	TYR_only_multi_2	525	TYR,TYR	0.01037721065373539		
P43405	OH		CZ	A	2	525,526					TYR	363-378,384-405,412-635		3	2	2	363-378,384-405,412-635	5TIU	TYR	1.49	ok	TYR_only_multi_2	526	TYR,TYR	1.1058685385681881		
P43405	OH		CZ	A	2	525,526					TYR	362-404,411-635		3	2	2	362-404,411-635	5TR6	TYR	1.93	ok	TYR_only_multi_2	525	TYR,TYR	-0.32352258100848763		
P43405	OH		CZ	A	2	525,526					TYR	362-404,411-635		3	2	2	362-404,411-635	5TR6	TYR	1.93	ok	TYR_only_multi_2	526	TYR,TYR	0.18833465009683786		
P43405	OH		CZ	A	2	525,526					TYR	358-379,383-405,411-635		3	2	2	358-379,383-405,411-635	5TT7	TYR	1.77	ok	TYR_only_multi_2	525	TYR,TYR	-0.2382464912456246		
P43405	OH		CZ	A	2	525,526					TYR	358-379,383-405,411-635		3	2	2	358-379,383-405,411-635	5TT7	TYR	1.77	ok	TYR_only_multi_2	526	TYR,TYR	-0.10390167591600864		
P43405	OH		CZ	A	2	525,526					TYR	363-378,384-406,412-635		3	2	2	363-378,384-406,412-635	5Y5T	TYR	1.8	ok	TYR_only_multi_2	525	TYR,TYR	0.001359395985090024		
P43405	OH		CZ	A	2	525,526					TYR	363-378,384-406,412-635		3	2	2	363-378,384-406,412-635	5Y5T	TYR	1.8	ok	TYR_only_multi_2	526	TYR,TYR	0.43439210279414214		
P43405	OH		CZ	A	2	525,526					TYR	364-405,411-634		3	2	2	364-405,411-634	5Y5U	TYR	2.14	ok	TYR_only_multi_2	525	TYR,TYR	-0.43419280255062354		
P43405	OH		CZ	A	2	525,526					TYR	364-405,411-634		3	2	2	364-405,411-634	5Y5U	TYR	2.14	ok	TYR_only_multi_2	526	TYR,TYR	0.09232918458547795		
P43405	OH		CZ	A	1	526					TYR	364-392,394-404,410-529,532-632		3	1	1	364-392,394-404,410-529,532-632	6HM6	TYR	2.1	ok	TYR_single	526	TYR	-0.14785264997628592		
P43405	OH		CZ	A	1	526					TYR	363-530,534-633		3	1	1	363-530,534-633	6HM7	TYR	1.64	ok	TYR_single	526	TYR	-0.17010762862274667		
P43405	OH		CZ	A	2	525,526					TYR	363-405,413-531,533-635		3	2	2	363-405,413-531,533-635	6SSB	TYR	2.08	ok	TYR_only_multi_2	525	TYR,TYR	0.6624575889525129		
P43405	OH		CZ	A	2	525,526					TYR	363-405,413-531,533-635		3	2	2	363-405,413-531,533-635	6SSB	TYR	2.08	ok	TYR_only_multi_2	526	TYR,TYR	0.42990452260327705		
P43405	OH		CZ	B	2	525,526					TYR	364-405,412-633		3	2	2	364-405,412-633	6VOV	TYR	1.95	ok	TYR_only_multi_2	525	TYR,TYR	1.081853852152967		
P43405	OH		CZ	B	2	525,526					TYR	364-405,412-633		3	2	2	364-405,412-633	6VOV	TYR	1.95	ok	TYR_only_multi_2	526	TYR,TYR	-0.4293726029804903		
P43405	OH		CZ	A	2	525,526					TYR	363-379,382-405,413-635		3	2	2	363-379,382-405,413-635	6ZC0	TYR	1.97	ok	TYR_only_multi_2	525	TYR,TYR	-0.652814496336808		
P43405	OH		CZ	A	2	525,526					TYR	363-379,382-405,413-635		3	2	2	363-379,382-405,413-635	6ZC0	TYR	1.97	ok	TYR_only_multi_2	526	TYR,TYR	0.7767032578650487		
P43405	OH		CZ	A	2	525,526					TYR	363-392,394-404,413-635		3	2	2	363-392,394-404,413-635	6ZCP	TYR	2.2	ok	TYR_only_multi_2	525	TYR,TYR	-1.0771062530981879		
P43405	OH		CZ	A	2	525,526					TYR	363-392,394-404,413-635		3	2	2	363-392,394-404,413-635	6ZCP	TYR	2.2	ok	TYR_only_multi_2	526	TYR,TYR	-0.9040191338833292		
P43405	OH		CZ	A	2	525,526					TYR	363-405,413-531,533-635		3	2	2	363-405,413-531,533-635	6ZCQ	TYR	2.32	ok	TYR_only_multi_2	525	TYR,TYR	-0.7288545154440316		
P43405	OH		CZ	A	2	525,526					TYR	363-405,413-531,533-635		3	2	2	363-405,413-531,533-635	6ZCQ	TYR	2.32	ok	TYR_only_multi_2	526	TYR,TYR	-0.9009401682644654		
P43405	OH		CZ	A	2	525,526					TYR	363-405,411-529,534-635		3	2	2	363-405,411-529,534-635	6ZCR	TYR	1.73	ok	TYR_only_multi_2	525	TYR,TYR	1.4749308072904452		
P43405	OH		CZ	A	2	525,526					TYR	363-405,411-529,534-635		3	2	2	363-405,411-529,534-635	6ZCR	TYR	1.73	ok	TYR_only_multi_2	526	TYR,TYR	-0.771616804923555		
P43405	OH		CZ	A	2	525,526					TYR	363-405,411-531,533-635		3	2	2	363-405,411-531,533-635	6ZCS	TYR	1.47	ok	TYR_only_multi_2	525	TYR,TYR	0.8749114483807391		
P43405	OH		CZ	A	2	525,526					TYR	363-405,411-531,533-635		3	2	2	363-405,411-531,533-635	6ZCS	TYR	1.47	ok	TYR_only_multi_2	526	TYR,TYR	-0.20242197087688843		
P43405	OH		CZ	A	2	525,526					TYR	363-405,411-529,534-635		3	2	2	363-405,411-529,534-635	6ZCU	TYR	1.73	ok	TYR_only_multi_2	525	TYR,TYR	1.4749308072904452		
P43405	OH		CZ	A	2	525,526					TYR	363-405,411-529,534-635		3	2	2	363-405,411-529,534-635	6ZCU	TYR	1.73	ok	TYR_only_multi_2	526	TYR,TYR	-0.771616804923555		
P43405	OH		CZ	A	2	525,526					TYR	363-379,382-405,413-531,533-635		3	2	2	363-379,382-405,413-531,533-635	6ZCX	TYR	1.66	ok	TYR_only_multi_2	525	TYR,TYR	1.348655788686662		
P43405	OH		CZ	A	2	525,526					TYR	363-379,382-405,413-531,533-635		3	2	2	363-379,382-405,413-531,533-635	6ZCX	TYR	1.66	ok	TYR_only_multi_2	526	TYR,TYR	0.4389530952722367		
P43405	OH		CZ	A	2	525,526					TYR	363-379,382-405,413-531,533-635		3	2	2	363-379,382-405,413-531,533-635	6ZCY	TYR	1.81	ok	TYR_only_multi_2	525	TYR,TYR	0.5276141327384821		
P43405	OH		CZ	A	2	525,526					TYR	363-379,382-405,413-531,533-635		3	2	2	363-379,382-405,413-531,533-635	6ZCY	TYR	1.81	ok	TYR_only_multi_2	526	TYR,TYR	0.07260294556865733		
P43405	OH		CZ	A	2	525,526					TYR	363-404,413-531,533-635		3	2	2	363-404,413-531,533-635	8BI2	TYR	1.508	ok	TYR_only_multi_2	525	TYR,TYR	-1.608708063011929		
P43405	OH		CZ	A	2	525,526					TYR	363-404,413-531,533-635		3	2	2	363-404,413-531,533-635	8BI2	TYR	1.508	ok	TYR_only_multi_2	526	TYR,TYR	-0.5780110792750373		
P43405	OH		CZ	A	2	525,526					TYR	364-528,535-633		3	2	2	364-528,535-633	8WYW	TYR	1.9	ok	TYR_only_multi_2	525	TYR,TYR	0.1417038509314137		
P43405	OH		CZ	A	2	525,526					TYR	364-528,535-633		3	2	2	364-528,535-633	8WYW	TYR	1.9	ok	TYR_only_multi_2	526	TYR,TYR	-0.24089936995605063		
P43405	OH		CZ	A	2	525,526					TYR	363-392,394-529,535-632		3	2	2	363-392,394-529,535-632	8X5K	TYR	1.8	ok	TYR_only_multi_2	525	TYR,TYR	-0.5893553503113577		
P43405	OH		CZ	A	2	525,526					TYR	363-392,394-529,535-632		3	2	2	363-392,394-529,535-632	8X5K	TYR	1.8	ok	TYR_only_multi_2	526	TYR,TYR	-0.3505330351210826		
P43405	OH		CZ	A	2	525,526					TYR	364-392,396-523,525-528,532-634		3	2	2	364-392,396-523,525-528,532-634	8XQ0	TYR	1.95	ok	TYR_only_multi_2	525	TYR,TYR	0.22556153644786486		
P43405	OH		CZ	A	2	525,526					TYR	364-392,396-523,525-528,532-634		3	2	2	364-392,396-523,525-528,532-634	8XQ0	TYR	1.95	ok	TYR_only_multi_2	526	TYR,TYR	0.17756866300560598		
P43405	OH		CZ	A	2	525,526					TYR	364-405,411-529,533-634		3	2	2	364-405,411-529,533-634	8XQ1	TYR	1.5	ok	TYR_only_multi_2	525	TYR,TYR	1.033990344932653		
P43405	OH		CZ	A	2	525,526					TYR	364-405,411-529,533-634		3	2	2	364-405,411-529,533-634	8XQ1	TYR	1.5	ok	TYR_only_multi_2	526	TYR,TYR	-0.321532027086585		
P43405	OH		CZ	A	2	525,526					TYR	363-405,411-530,535-634		3	2	2	363-405,411-530,535-634	8XQ2	TYR	1.8	ok	TYR_only_multi_2	525	TYR,TYR	0.09042174457742791		
P43405	OH		CZ	A	2	525,526					TYR	363-405,411-530,535-634		3	2	2	363-405,411-530,535-634	8XQ2	TYR	1.8	ok	TYR_only_multi_2	526	TYR,TYR	-0.43397993683591524		
P46527	OH		CZ	C	1	74					TYR	25-93		2	1	1	25-93	1JSU	TYR	2.3	ok	TYR_single	74	TYR	-1.7525440704447945		
P46527	OH		CZ	C	1	74					TYR	25-48,54-79		2	1	1	25-48,54-79	6ATH	TYR	1.82	ok	TYR_single	74	TYR	-0.09870813916380863		
P46527	OH		CZ	C	1	74					TYR	25-80		2	1	1	25-80	6P8E	TYR	2.3	ok	TYR_single	74	TYR	0.015829959813584805		
P47811	OH		CZ	A	1	182					TYR	4-174,182-353		2	1	1	4-174,182-353	1LEZ	TYR	2.3	ok	TYR_single	182	TYR	0.5194902706435414		
P47811	OH		CZ	A	1	182					TYR	5-118,122-177,182-352		2	1	1	5-118,122-177,182-352	2GTM	TYR	1.9	ok	TYR_single	182	TYR	0.0704389931538887		
P47811	OH		CZ	A	1	182					TYR	5-353		2	2	1	5-353	4LOO	TYR	1.95	ok	TYR_mixed_with_THR	182	TYR	-0.9437346631370868		
P47811	OH		CZ	A	1	182					TYR	3-353		2	2	1	3-353	4LOP	TYR	2.049	ok	TYR_mixed_with_THR	182	TYR	-0.1865198081918794		
P47811	OH		CZ	A	1	182					TYR	3-354		2	2	1	3-354	4LOQ	TYR	2.319	ok	TYR_mixed_with_THR	182	TYR	-1.0947921113497174		
P47811	OH		CZ	A	1	182					TYR	4-353		2	2	1	4-353	5LAR	TYR	1.5	ok	TYR_mixed_with_THR	182	TYR	-0.24418699133647032		
P47811	OH		CZ	A	1	182					TYR	5-172,182-250,261-353		2	1	1	5-172,182-250,261-353	5O90	TYR	2.49	ok	TYR_single	182	TYR	0.16367684385433592		
P47811	OH		CZ	A	1	182					TYR	5-117,120-352		2	2	1	5-117,120-352	5R8U	TYR	1.48	ok	TYR_mixed_with_THR	182	TYR	-0.09625771817620715		
P47811	OH		CZ	A	1	182					TYR	5-172,174-352		2	2	1	5-172,174-352	5R8V	TYR	1.479	ok	TYR_mixed_with_THR	182	TYR	-0.14294001622568886		
P47811	OH		CZ	A	1	182					TYR	5-352		2	2	1	5-352	5R8W	TYR	1.5	ok	TYR_mixed_with_THR	182	TYR	-2.565933619702937		
P47811	OH		CZ	A	1	182					TYR	5-352		2	2	1	5-352	5R8X	TYR	1.73	ok	TYR_mixed_with_THR	182	TYR	-1.4501471084340594		
P47811	OH		CZ	A	1	182					TYR	4-30,32-117,120-352		2	2	1	4-30,32-117,120-352	5R8Y	TYR	1.679	ok	TYR_mixed_with_THR	182	TYR	-0.8626662940904342		
P47811	OH		CZ	A	1	182					TYR	5-352		2	2	1	5-352	5R8Z	TYR	1.65	ok	TYR_mixed_with_THR	182	TYR	-0.6485326983733329		
P47811	OH		CZ	A	1	182					TYR	4-32,34-117,122-171,174-352		2	2	1	4-32,34-117,122-171,174-352	5R90	TYR	1.619	ok	TYR_mixed_with_THR	182	TYR	-0.5184517651075677		
P47811	OH		CZ	A	1	182					TYR	5-31,34-352		2	2	1	5-31,34-352	5R91	TYR	1.731	ok	TYR_mixed_with_THR	182	TYR	-0.693850727555641		
P47811	OH		CZ	A	1	182					TYR	4-32,35-171,174-352		2	2	1	4-32,35-171,174-352	5R92	TYR	1.66	ok	TYR_mixed_with_THR	182	TYR	-0.8960009799018834		
P47811	OH		CZ	A	1	182					TYR	4-172,174-352		2	2	1	4-172,174-352	5R93	TYR	1.489	ok	TYR_mixed_with_THR	182	TYR	-0.10550528554645819		
P47811	OH		CZ	A	1	182					TYR	4-31,34-172,174-352		2	2	1	4-31,34-172,174-352	5R94	TYR	1.45	ok	TYR_mixed_with_THR	182	TYR	-0.6057673673300705		
P47811	OH		CZ	A	1	182					TYR	4-32,35-172,174-352		2	2	1	4-32,35-172,174-352	5R95	TYR	1.59	ok	TYR_mixed_with_THR	182	TYR	-0.5399167838039192		
P47811	OH		CZ	A	1	182					TYR	5-172,174-352		2	2	1	5-172,174-352	5R96	TYR	1.767	ok	TYR_mixed_with_THR	182	TYR	-0.04625923628841598		
P47811	OH		CZ	A	1	182					TYR	5-352		2	2	1	5-352	5R97	TYR	1.438	ok	TYR_mixed_with_THR	182	TYR	-0.2971978666775942		
P47811	OH		CZ	A	1	182					TYR	5-352		2	2	1	5-352	5R98	TYR	1.68	ok	TYR_mixed_with_THR	182	TYR	-0.4160088741093977		
P47811	OH		CZ	A	1	182					TYR	5-31,35-117,119-352		2	2	1	5-31,35-117,119-352	5R99	TYR	1.89	ok	TYR_mixed_with_THR	182	TYR	0.44852703378122516		
P47811	OH		CZ	A	1	182					TYR	5-352		2	2	1	5-352	5R9A	TYR	1.53	ok	TYR_mixed_with_THR	182	TYR	-0.09150638649815225		
P47811	OH		CZ	A	1	182					TYR	5-31,35-171,174-352		2	2	1	5-31,35-171,174-352	5R9B	TYR	1.657	ok	TYR_mixed_with_THR	182	TYR	-0.38359184784756917		
P47811	OH		CZ	A	1	182					TYR	5-32,34-352		2	2	1	5-32,34-352	5R9C	TYR	1.74	ok	TYR_mixed_with_THR	182	TYR	-0.5909618643424132		
P47811	OH		CZ	A	1	182					TYR	5-32,36-109,111-352		2	2	1	5-32,36-109,111-352	5R9D	TYR	1.69	ok	TYR_mixed_with_THR	182	TYR	-0.04971331746984524		
P47811	OH		CZ	A	1	182					TYR	5-32,35-172,174-352		2	2	1	5-32,35-172,174-352	5R9E	TYR	1.775	ok	TYR_mixed_with_THR	182	TYR	-0.0451887489894768		
P47811	OH		CZ	A	1	182					TYR	5-32,35-172,174-352		2	2	1	5-32,35-172,174-352	5R9F	TYR	1.986	ok	TYR_mixed_with_THR	182	TYR	0.18599611010508757		
P47811	OH		CZ	A	1	182					TYR	5-352		2	2	1	5-352	5R9G	TYR	1.73	ok	TYR_mixed_with_THR	182	TYR	-1.1838612764616052		
P47811	OH		CZ	A	1	182					TYR	5-31,35-172,174-352		2	2	1	5-31,35-172,174-352	5R9H	TYR	1.49	ok	TYR_mixed_with_THR	182	TYR	-0.30520903012595774		
P47811	OH		CZ	A	1	182					TYR	5-30,37-117,121-171,174-352		2	2	1	5-30,37-117,121-171,174-352	5R9I	TYR	1.813	ok	TYR_mixed_with_THR	182	TYR	-0.042283850551103584		
P47811	OH		CZ	A	1	182					TYR	4-32,35-117,120-172,174-352		2	2	1	4-32,35-117,120-172,174-352	5R9J	TYR	1.52	ok	TYR_mixed_with_THR	182	TYR	-0.2488446944935382		
P47811	OH		CZ	A	1	182					TYR	4-115,122-352		2	2	1	4-115,122-352	5R9K	TYR	1.498	ok	TYR_mixed_with_THR	182	TYR	-0.21342342915165466		
P47811	OH		CZ	A	1	182					TYR	4-31,35-117,120-171,174-352		2	2	1	4-31,35-117,120-171,174-352	5R9L	TYR	1.47	ok	TYR_mixed_with_THR	182	TYR	-0.07971684350482518		
P47811	OH		CZ	A	1	182					TYR	5-31,35-117,120-171,174-352		2	2	1	5-31,35-117,120-171,174-352	5R9M	TYR	1.809	ok	TYR_mixed_with_THR	182	TYR	-0.9050589889970033		
P47811	OH		CZ	A	1	182					TYR	4-30,36-117,120-352		2	2	1	4-30,36-117,120-352	5R9N	TYR	1.688	ok	TYR_mixed_with_THR	182	TYR	-0.27023164751777756		
P47811	OH		CZ	A	1	182					TYR	5-352		2	2	1	5-352	5R9O	TYR	1.6	ok	TYR_mixed_with_THR	182	TYR	-4.271262461043113		
P47811	OH		CZ	A	1	182					TYR	5-352		2	2	1	5-352	5R9P	TYR	1.72	ok	TYR_mixed_with_THR	182	TYR	-2.6427678444175515		
P47811	OH		CZ	A	1	182					TYR	5-117,120-352		2	2	1	5-117,120-352	5R9Q	TYR	1.645	ok	TYR_mixed_with_THR	182	TYR	-0.9960164781195228		
P47811	OH		CZ	A	1	182					TYR	5-352		2	2	1	5-352	5R9R	TYR	1.76	ok	TYR_mixed_with_THR	182	TYR	-3.9629872701310975		
P47811	OH		CZ	A	1	182					TYR	5-352		2	2	1	5-352	5R9S	TYR	1.7	ok	TYR_mixed_with_THR	182	TYR	-2.7455050334259163		
P47811	OH		CZ	A	1	182					TYR	5-31,34-352		2	2	1	5-31,34-352	5R9T	TYR	1.8	ok	TYR_mixed_with_THR	182	TYR	-0.07600916728107447		
P47811	OH		CZ	A	1	182					TYR	5-169,173-352		2	2	1	5-169,173-352	5R9U	TYR	1.67	ok	TYR_mixed_with_THR	182	TYR	-4.913107184769641		
P47811	OH		CZ	A	1	182					TYR	5-352		2	2	1	5-352	5R9V	TYR	1.45	ok	TYR_mixed_with_THR	182	TYR	0.5091038463693596		
P47811	OH		CZ	A	1	182					TYR	5-352		2	2	1	5-352	5R9W	TYR	1.89	ok	TYR_mixed_with_THR	182	TYR	-2.510407648770145		
P47811	OH		CZ	A	1	182					TYR	5-32,35-352		2	2	1	5-32,35-352	5R9X	TYR	1.72	ok	TYR_mixed_with_THR	182	TYR	-5.629003877377057		
P47811	OH		CZ	A	1	182					TYR	5-118,122-171,174-352		2	2	1	5-118,122-171,174-352	5R9Y	TYR	1.57	ok	TYR_mixed_with_THR	182	TYR	-1.9517989058745744		
P47811	OH		CZ	A	1	182					TYR	5-352		2	2	1	5-352	5R9Z	TYR	1.66	ok	TYR_mixed_with_THR	182	TYR	-4.65370545787487		
P47811	OH		CZ	A	1	182					TYR	5-117,121-352		2	2	1	5-117,121-352	5RA0	TYR	1.91	ok	TYR_mixed_with_THR	182	TYR	-2.164106309587874		
P47811	OH		CZ	A	1	182					TYR	5-352		2	2	1	5-352	5RA1	TYR	1.61	ok	TYR_mixed_with_THR	182	TYR	-2.9540669588396002		
P47811	OH		CZ	A	1	182					TYR	5-352		2	2	1	5-352	5RA2	TYR	1.57	ok	TYR_mixed_with_THR	182	TYR	-3.370858547379563		
P47811	OH		CZ	A	1	182					TYR	5-118,122-352		2	2	1	5-118,122-352	5RA3	TYR	1.57	ok	TYR_mixed_with_THR	182	TYR	0.9284025387812181		
P47811	OH		CZ	A	1	182					TYR	5-352		2	2	1	5-352	5RA4	TYR	1.59	ok	TYR_mixed_with_THR	182	TYR	-0.675113524659559		
P47811	OH		CZ	A	1	182					TYR	5-352		2	2	1	5-352	5RA5	TYR	1.54	ok	TYR_mixed_with_THR	182	TYR	-2.8777203551000037		
P47811	OH		CZ	A	1	182					TYR	5-352		2	2	1	5-352	5RA6	TYR	1.86	ok	TYR_mixed_with_THR	182	TYR	-0.12238480598330148		
P47811	OH		CZ	A	1	182					TYR	5-352		2	2	1	5-352	5RA7	TYR	1.92	ok	TYR_mixed_with_THR	182	TYR	-1.9196446200507442		
P47811	OH		CZ	A	1	182					TYR	5-116,121-352		2	2	1	5-116,121-352	5RA8	TYR	1.78	ok	TYR_mixed_with_THR	182	TYR	-1.0322280867877875		
P47811	OH		CZ	A	1	182					TYR	5-352		2	2	1	5-352	5RA9	TYR	1.68	ok	TYR_mixed_with_THR	182	TYR	-1.9302094809139883		
P47811	OH		CZ	A	1	182					TYR	5-172,179-353		2	2	1	5-172,179-353	5UOJ	TYR	2.1	ok	TYR_mixed_with_THR	182	TYR	0.7392636956644503		
P47811	OH		CZ	A	1	182					TYR	5-31,35-171,174-352		2	2	1	5-31,35-171,174-352	6SO1	TYR	1.66	ok	TYR_mixed_with_THR	182	TYR	-0.33594773150829055		
P47811	OH		CZ	A	1	182					TYR	4-31,34-171,174-352		2	2	1	4-31,34-171,174-352	6SO2	TYR	1.6	ok	TYR_mixed_with_THR	182	TYR	-0.3669200049295067		
P47811	OH		CZ	A	1	182					TYR	5-32,34-117,120-171,174-352		2	2	1	5-32,34-117,120-171,174-352	6SO4	TYR	1.51	ok	TYR_mixed_with_THR	182	TYR	-0.8431411814726065		
P47811	OH		CZ	A	1	182					TYR	5-32,34-171,174-352		2	2	1	5-32,34-171,174-352	6SOD	TYR	1.87	ok	TYR_mixed_with_THR	182	TYR	-0.1699093793358448		
P47811	OH		CZ	A	1	182					TYR	4-32,35-172,174-352		2	2	1	4-32,35-172,174-352	6SOI	TYR	1.55	ok	TYR_mixed_with_THR	182	TYR	-0.5194497725118233		
P47811	OH		CZ	A	1	182					TYR	5-32,35-117,120-171,174-352		2	2	1	5-32,35-117,120-171,174-352	6SOT	TYR	1.54	ok	TYR_mixed_with_THR	182	TYR	-0.27710309615776324		
P47811	OH		CZ	A	1	182					TYR	5-117,121-169,173-352		2	2	1	5-117,121-169,173-352	6SOU	TYR	1.5	ok	TYR_mixed_with_THR	182	TYR	-0.3636170969976571		
P47811	OH		CZ	A	1	182					TYR	6-172,182-359		2	1	1	6-172,182-359	6SOV	TYR	1.31	ok	TYR_single	182	TYR	-0.10998083424279455		
P47811	OH		CZ	A	1	182					TYR	5-170,172-175,182-359		2	1	1	5-170,172-175,182-359	6SP9	TYR	1.22	ok	TYR_single	182	TYR	-0.13746875869777442		
P47811	OH		CZ	A	1	182					TYR	6-171,173,182-359		2	1	1	6-171,173,182-359	6SPL	TYR	1.38	ok	TYR_single	182	TYR	-0.23633042356170555		
P47811				A	1	182					TYR	5-171,182-355		2	1	1	5-171,182-355	6Y4T	TYR	1.98	missing_required_atoms:OH,CZ	TYR_single	182	TYR			
P47811				A	1	182					TYR	5-171,182-355		2	1	1	5-171,182-355	6Y4U	TYR	1.86	missing_required_atoms:OH,CZ	TYR_single	182	TYR			
P47811	OH		CZ	A	1	182					TYR	5-173,182-355		2	1	1	5-173,182-355	6Y4V	TYR	1.75	ok	TYR_single	182	TYR	0.21078709957899555		
P47811				A	1	182					TYR	5-171,182-355		2	1	1	5-171,182-355	6Y4W	TYR	1.86	missing_required_atoms:OH,CZ	TYR_single	182	TYR			
P47811	OH		CZ	A	1	182					TYR	1-172,182-360		2	1	1	1-172,182-360	6Y4X	TYR	1.6	ok	TYR_single	182	TYR	-0.7034187206442711		
P47811	OH		CZ	A	1	182					TYR	6-171,182-359		2	1	1	6-171,182-359	6Y7W	TYR	1.39	ok	TYR_single	182	TYR	-0.09040480176675689		
P47811	OH		CZ	A	1	182					TYR	5-171,182-359		2	1	1	5-171,182-359	6Y7X	TYR	1.45	ok	TYR_single	182	TYR	-0.10577625416319124		
P47811	OH		CZ	A	1	182					TYR	5-171,182-359		2	1	1	5-171,182-359	6Y7Z	TYR	1.35	ok	TYR_single	182	TYR	-0.13955845702118685		
P47811	OH		CZ	A	1	182					TYR	5-173,182-359		2	1	1	5-173,182-359	6Y80	TYR	1.24	ok	TYR_single	182	TYR	-0.015443862747755355		
P47811	OH		CZ	A	1	182					TYR	6-171,182-359		2	1	1	6-171,182-359	6Y81	TYR	1.54	ok	TYR_single	182	TYR	-0.0594439623089311		
P47811	OH		CZ	A	1	182					TYR	6-174,182-360		2	1	1	6-174,182-360	6Y82	TYR	1.44	ok	TYR_single	182	TYR	-0.21610645245039842		
P47811	OH		CZ	A	1	182					TYR	6-171,182-359		2	1	1	6-171,182-359	6Y8H	TYR	1.37	ok	TYR_single	182	TYR	-0.0801702501499318		
P47811	OH		CZ	A	1	182					TYR	6-169,172-176,182-359		2	1	1	6-169,172-176,182-359	6YCU	TYR	1.35	ok	TYR_single	182	TYR	-0.2699081061144624		
P47811	OH		CZ	A	1	182					TYR	6-171,182-359		2	1	1	6-171,182-359	6YCW	TYR	1.34	ok	TYR_single	182	TYR	-0.12600711280910787		
P47811				A	1	182					TYR	5-171,182-355		2	1	1	5-171,182-355	6YK7	TYR	1.9	missing_required_atoms:OH,CZ	TYR_single	182	TYR			
P49841	OH		CZ	A	1	216					TYR	35-388		3	2	1	35-388	1J1B	TYR	1.8	ok	TYR_mixed_with_THR	216	TYR	-1.3310356459886774		
P49841	OH		CZ	A	1	216					TYR	35-388		3	2	1	35-388	1J1C	TYR	2.1	ok	TYR_mixed_with_THR	216	TYR	-0.26149980970985254		
P49841	OH		CZ	A	1	216					TYR	35-119,125-286,291-386		3	2	1	35-119,125-286,291-386	1PYX	TYR	2.4	ok	TYR_mixed_with_THR	216	TYR	-1.086903354473854		
P49841	OH		CZ	A	1	216					TYR	35-119,126-286,293-385		3	2	1	35-119,126-286,293-385	1Q3D	TYR	2.2	ok	TYR_mixed_with_THR	216	TYR	-2.086821671817863		
P49841	OH		CZ	A	1	216					TYR	35-120,125-287,292-386		3	2	1	35-120,125-287,292-386	1Q3W	TYR	2.3	ok	TYR_mixed_with_THR	216	TYR	-1.2946727181153206		
P49841	OH		CZ	B	1	216					TYR	35-119,126-383		3	2	1	35-119,126-383	1Q41	TYR	2.1	ok	TYR_mixed_with_THR	216	TYR	-2.149503284223612		
P49841	OH		CZ	A	1	216					TYR	35-119,122-286,290-384		3	2	1	35-119,122-286,290-384	1Q5K	TYR	1.94	ok	TYR_mixed_with_THR	216	TYR	-0.10845279709729638		
P49841	OH		CZ	A	1	216					TYR	35-119,125-383		3	2	1	35-119,125-383	1R0E	TYR	2.25	ok	TYR_mixed_with_THR	216	TYR	-0.22502600421181082		
P49841	OH		CZ	A	1	216					TYR	35-119,121-289,291-385		3	2	1	35-119,121-289,291-385	2JLD	TYR	2.35	ok	TYR_mixed_with_THR	216	TYR	-0.4176592392232105		
P49841	OH		CZ	B	1	216					TYR	35-119,126-286,293-385		3	2	1	35-119,126-286,293-385	3DU8	TYR	2.2	ok	TYR_mixed_with_THR	216	TYR	-0.11763178189631569		
P49841	OH		CZ	A	1	216					TYR	25-30,33-385		3	2	1	25-30,33-385	3I4B	TYR	2.3	ok	TYR_mixed_with_THR	216	TYR	-0.8415125299392978		
P49841	OH		CZ	A	1	216					TYR	35-385		3	2	1	35-385	4ACC	TYR	2.21	ok	TYR_mixed_with_THR	216	TYR	-0.18328228454361775		
P49841				A	1	216					TYR	26-31,35-383		3	2	1	26-31,35-383	4NM0	TYR	2.5	missing_required_atoms:OH,CZ	TYR_mixed_with_THR	216	TYR			
P49841	OH		CZ	A	1	216					TYR	6-10,26-30,35-119,122-383		3	2	1	6-10,26-30,35-119,122-383	4NM3	TYR	2.1	ok	TYR_mixed_with_THR	216	TYR	-0.057622124920328026		
P49841	OH		CZ	A	1	216					TYR	24-383		3	2	1	24-383	4NM5	TYR	2.3	ok	TYR_mixed_with_THR	216	TYR	-0.06694850516078145		
P49841	OH		CZ	A	1	216					TYR	25-31,35-119,122-383		3	2	1	25-31,35-119,122-383	4NM7	TYR	2.3	ok	TYR_mixed_with_THR	216	TYR	-0.037452506432498		
P49841	OH		CZ	B	1	216					TYR	36-121,125-385		3	2	1	36-121,125-385	4PTE	TYR	2.033	ok	TYR_mixed_with_THR	216	TYR	-0.0038551218407874197		
P49841	OH		CZ	A	1	216					TYR	36-118,125-284,293-382		3	2	1	36-118,125-284,293-382	4PTG	TYR	2.361	ok	TYR_mixed_with_THR	216	TYR	-0.615013434689685		
P49841	OH		CZ	A	1	216					TYR	36-383		3	2	1	36-383	6H0U	TYR	2.3	ok	TYR_mixed_with_THR	216	TYR	-0.3062301558730819		
P49841	OH		CZ	B	1	216					TYR	35-382		3	2	1	35-382	7U2Z	TYR	2.21	ok	TYR_mixed_with_THR	216	TYR	0.009589247857480906		
P49841	OH		CZ	A	1	216					TYR	36-385		3	2	1	36-385	7U31	TYR	2.38	ok	TYR_mixed_with_THR	216	TYR	-0.829685541647467		
P49841	OH		CZ	B	1	216					TYR	35-119,123-284,301-385		3	2	1	35-119,123-284,301-385	8DJC	TYR	2.463	ok	TYR_mixed_with_THR	216	TYR	-2.1041769667818704		
P49841	OH		CZ	B	1	216					TYR	36-119,123-285,291-384		3	2	1	36-119,123-285,291-384	8DJD	TYR	2.205	ok	TYR_mixed_with_THR	216	TYR	-0.9869732041703576		
P49841	OH		CZ	A	1	216					TYR	36-289,291-297,299-384		3	2	1	36-289,291-297,299-384	8DJE	TYR	2.374	ok	TYR_mixed_with_THR	216	TYR	-0.16682667588857694		
P49841	OH		CZ	A	1	216					TYR	36-382		3	2	1	36-382	8FF8	TYR	2.33	ok	TYR_mixed_with_THR	216	TYR	-0.9031337669849753		
P49841	OH		CZ	B	1	216					TYR	26-288,291-386		3	2	1	26-288,291-386	8XN6	TYR	2.4	ok	TYR_mixed_with_THR	216	TYR	-0.02511401923635657		
P49841	OH		CZ	A	1	216					TYR	25-385		3	2	1	25-385	9FR5	TYR	2.3	ok	TYR_mixed_with_THR	216	TYR	-0.07058401732986412		
P49841	OH		CZ	A	1	216					TYR	25-385		3	2	1	25-385	9FR6	TYR	2.3	ok	TYR_mixed_with_THR	216	TYR	-0.279190105713558		
P49841	OH		CZ	A	1	216					TYR	25-385		3	2	1	25-385	9FR7	TYR	2.3	ok	TYR_mixed_with_THR	216	TYR	-0.12349154936145067		
P49841	OH		CZ	A	1	216					TYR	25-385		3	2	1	25-385	9FR8	TYR	2.3	ok	TYR_mixed_with_THR	216	TYR	-0.28436865020607105		
P49841	OH		CZ	A	1	216					TYR	35-383		3	2	1	35-383	9X2Q	TYR	1.68	ok	TYR_mixed_with_THR	216	TYR	-1.27013898416461		
P49841	OH		CZ	A	1	216					TYR	35-382		3	2	1	35-382	9X2U	TYR	2.07	ok	TYR_mixed_with_THR	216	TYR	-0.1884064571889908		
P49841	OH		CZ	A	1	216					TYR	35-290,293-383		3	2	1	35-290,293-383	9X2V	TYR	1.39	ok	TYR_mixed_with_THR	216	TYR	0.4714518738899413		
P49841	OH		CZ	A	1	216					TYR	35-382		3	2	1	35-382	9X2W	TYR	1.92	ok	TYR_mixed_with_THR	216	TYR	-0.36939021681513584		
P49841	OH		CZ	A	1	216					TYR	35-382		3	2	1	35-382	9X2X	TYR	1.79	ok	TYR_mixed_with_THR	216	TYR	-0.3218154481322224		
P49841	OH		CZ	A	1	216					TYR	35-382		3	2	1	35-382	9X2Y	TYR	1.96	ok	TYR_mixed_with_THR	216	TYR	-1.0097829824532378		
P52333	OH		CZ	A	2	980,981					TYR	815-1038,1044-1098		2	2	2	815-1038,1044-1098	3LXK	TYR	2.0	ok	TYR_only_multi_2	980	TYR,TYR	-0.0018841454712651433		
P52333	OH		CZ	A	2	980,981					TYR	815-1038,1044-1098		2	2	2	815-1038,1044-1098	3LXK	TYR	2.0	ok	TYR_only_multi_2	981	TYR,TYR	-0.02317023940340637		
P52333	OH		CZ	A	2	980,981					TYR	814-1039,1044-1098		2	2	2	814-1039,1044-1098	3LXL	TYR	1.74	ok	TYR_only_multi_2	980	TYR,TYR	0.2273043561440792		
P52333	OH		CZ	A	2	980,981					TYR	814-1039,1044-1098		2	2	2	814-1039,1044-1098	3LXL	TYR	1.74	ok	TYR_only_multi_2	981	TYR,TYR	-0.8554056248724299		
P52333	OH		CZ	A	2	980,981					TYR	815-892,897-1104		2	2	2	815-892,897-1104	3PJC	TYR	2.2	ok	TYR_only_multi_2	980	TYR,TYR	-1.1075211146894124		
P52333	OH		CZ	A	2	980,981					TYR	815-892,897-1104		2	2	2	815-892,897-1104	3PJC	TYR	2.2	ok	TYR_only_multi_2	981	TYR,TYR	0.5774200296165831		
P52333	OH		CZ	A	2	980,981					TYR	815-891,898-1038,1044-1101		2	2	2	815-891,898-1038,1044-1101	4HVD	TYR	1.85	ok	TYR_only_multi_2	980	TYR,TYR	0.1645521209371224		
P52333	OH		CZ	A	2	980,981					TYR	815-891,898-1038,1044-1101		2	2	2	815-891,898-1038,1044-1101	4HVD	TYR	1.85	ok	TYR_only_multi_2	981	TYR,TYR	-0.22689764721516031		
P52333	OH		CZ	A	2	980,981					TYR	814-891,898-1038,1044-1102		2	2	2	814-891,898-1038,1044-1102	4HVH	TYR	2.3	ok	TYR_only_multi_2	980	TYR,TYR	-0.6821522589317215		
P52333	OH		CZ	A	2	980,981					TYR	814-891,898-1038,1044-1102		2	2	2	814-891,898-1038,1044-1102	4HVH	TYR	2.3	ok	TYR_only_multi_2	981	TYR,TYR	0.11117253354852998		
P52333	OH		CZ	A	2	980,981					TYR	815-858,861-891,898-1038,1044-1101		2	2	2	815-858,861-891,898-1038,1044-1101	4HVI	TYR	2.4	ok	TYR_only_multi_2	980	TYR,TYR	-0.3535982629278604		
P52333	OH		CZ	A	2	980,981					TYR	815-858,861-891,898-1038,1044-1101		2	2	2	815-858,861-891,898-1038,1044-1101	4HVI	TYR	2.4	ok	TYR_only_multi_2	981	TYR,TYR	-0.10140579863048665		
P52333	OH		CZ	A	2	980,981					TYR	815-891,898-1038,1044-1102		2	2	2	815-891,898-1038,1044-1102	4I6Q	TYR	1.85	ok	TYR_only_multi_2	980	TYR,TYR	0.8694145402260737		
P52333	OH		CZ	A	2	980,981					TYR	815-891,898-1038,1044-1102		2	2	2	815-891,898-1038,1044-1102	4I6Q	TYR	1.85	ok	TYR_only_multi_2	981	TYR,TYR	-0.012173843601849626		
P52333	OH		CZ	A	2	980,981					TYR	814-832,834-857,863-891,897-983,990-1100		2	2	2	814-832,834-857,863-891,897-983,990-1100	4QPS	TYR	1.8	ok	TYR_only_multi_2	980	TYR,TYR	1.105605700197168		
P52333	OH		CZ	A	2	980,981					TYR	814-832,834-857,863-891,897-983,990-1100		2	2	2	814-832,834-857,863-891,897-983,990-1100	4QPS	TYR	1.8	ok	TYR_only_multi_2	981	TYR,TYR	-0.541021902037832		
P52333	OH		CZ	A	2	980,981					TYR	814-891,898-1038,1045-1102		2	2	2	814-891,898-1038,1045-1102	4QT1	TYR	2.4	ok	TYR_only_multi_2	980	TYR,TYR	-0.7598480768035445		
P52333	OH		CZ	A	2	980,981					TYR	814-891,898-1038,1045-1102		2	2	2	814-891,898-1038,1045-1102	4QT1	TYR	2.4	ok	TYR_only_multi_2	981	TYR,TYR	0.10440931238241426		
P52333	OH		CZ	A	2	980,981					TYR	814-1103		2	2	2	814-1103	5LWM	TYR	1.55	ok	TYR_only_multi_2	980	TYR,TYR	-0.6770834345860653		
P52333	OH		CZ	A	2	980,981					TYR	814-1103		2	2	2	814-1103	5LWM	TYR	1.55	ok	TYR_only_multi_2	981	TYR,TYR	1.9470121827969789		
P52333	OH		CZ	A	2	980,981					TYR	814-1103		2	2	2	814-1103	5LWN	TYR	1.6	ok	TYR_only_multi_2	980	TYR,TYR	1.8533353756972182		
P52333	OH		CZ	A	2	980,981					TYR	814-1103		2	2	2	814-1103	5LWN	TYR	1.6	ok	TYR_only_multi_2	981	TYR,TYR	1.200547553508133		
P52333	OH		CZ	A	2	980,981					TYR	815-892,897-1038,1043-1100		2	2	2	815-892,897-1038,1043-1100	5TOZ	TYR	1.98	ok	TYR_only_multi_2	980	TYR,TYR	1.4273373891861623		
P52333	OH		CZ	A	2	980,981					TYR	815-892,897-1038,1043-1100		2	2	2	815-892,897-1038,1043-1100	5TOZ	TYR	1.98	ok	TYR_only_multi_2	981	TYR,TYR	-0.15070590564317402		
P52333	OH		CZ	A	2	980,981					TYR	814-858,861-891,898-1038,1044-1100		2	2	2	814-858,861-891,898-1038,1044-1100	5TTS	TYR	2.34	ok	TYR_only_multi_2	980	TYR,TYR	0.3622892931030683		
P52333				A	2	980,981					TYR	814-858,861-891,898-1038,1044-1100		2	2	2	814-858,861-891,898-1038,1044-1100	5TTS	TYR	2.34	missing_required_atoms:OH,CZ	TYR_only_multi_2	981	TYR,TYR			
P52333	OH		CZ	A	2	980,981					TYR	815-830,834-891,898-1038,1044-1099		2	2	2	815-830,834-891,898-1038,1044-1099	5TTU	TYR	1.72	ok	TYR_only_multi_2	980	TYR,TYR	-0.2540647481776063		
P52333				A	2	980,981					TYR	815-830,834-891,898-1038,1044-1099		2	2	2	815-830,834-891,898-1038,1044-1099	5TTU	TYR	1.72	missing_required_atoms:OH,CZ	TYR_only_multi_2	981	TYR,TYR			
P52333	OH		CZ	A	2	980,981					TYR	814-857,861-1038,1043-1100		2	2	2	814-857,861-1038,1043-1100	5TTV	TYR	1.93	ok	TYR_only_multi_2	980	TYR,TYR	-0.29493150489579995		
P52333	OH		CZ	A	2	980,981					TYR	814-857,861-1038,1043-1100		2	2	2	814-857,861-1038,1043-1100	5TTV	TYR	1.93	ok	TYR_only_multi_2	981	TYR,TYR	-0.06813874299473018		
P52333	OH		CZ	A	2	980,981					TYR	817-829,834-858,862-893,898-983,986-1038,1044-1099		2	2	2	817-829,834-858,862-893,898-983,986-1038,1044-1099	5WFJ	TYR	2.48	ok	TYR_only_multi_2	980	TYR,TYR	-1.2769596251150457		
P52333	OH		CZ	A	2	980,981					TYR	817-829,834-858,862-893,898-983,986-1038,1044-1099		2	2	2	817-829,834-858,862-893,898-983,986-1038,1044-1099	5WFJ	TYR	2.48	ok	TYR_only_multi_2	981	TYR,TYR	1.6731881644149842		
P52333	OH		CZ	A	2	980,981					TYR	814-858,863-892,897-1038,1043-1100		2	2	2	814-858,863-892,897-1038,1043-1100	6DB3	TYR	1.97	ok	TYR_only_multi_2	980	TYR,TYR	1.0824640186885295		
P52333	OH		CZ	A	2	980,981					TYR	814-858,863-892,897-1038,1043-1100		2	2	2	814-858,863-892,897-1038,1043-1100	6DB3	TYR	1.97	ok	TYR_only_multi_2	981	TYR,TYR	0.6039372793836864		
P52333	OH		CZ	A	2	980,981					TYR	814-858,861-891,897-1038,1043-1100		2	2	2	814-858,861-891,897-1038,1043-1100	6DB4	TYR	1.662	ok	TYR_only_multi_2	980	TYR,TYR	1.5787588916223614		
P52333	OH		CZ	A	2	980,981					TYR	814-858,861-891,897-1038,1043-1100		2	2	2	814-858,861-891,897-1038,1043-1100	6DB4	TYR	1.662	ok	TYR_only_multi_2	981	TYR,TYR	-1.5637483121868572		
P52333	OH		CZ	A	2	980,981					TYR	814-858,861-891,898-1038,1046-1100		2	2	2	814-858,861-891,898-1038,1046-1100	6DUD	TYR	1.66	ok	TYR_only_multi_2	980	TYR,TYR	1.0292889370950775		
P52333				A	2	980,981					TYR	814-858,861-891,898-1038,1046-1100		2	2	2	814-858,861-891,898-1038,1046-1100	6DUD	TYR	1.66	missing_required_atoms:OH,CZ	TYR_only_multi_2	981	TYR,TYR			
P52333	OH		CZ	A	2	980,981					TYR	812-1103		2	2	2	812-1103	6GL9	TYR	1.7	ok	TYR_only_multi_2	980	TYR,TYR	2.3952066844300117		
P52333	OH		CZ	A	2	980,981					TYR	812-1103		2	2	2	812-1103	6GL9	TYR	1.7	ok	TYR_only_multi_2	981	TYR,TYR	-1.783717152862127		
P52333	OH		CZ	A	2	980,981					TYR	813-984,988-1103		2	2	2	813-984,988-1103	6GLA	TYR	1.92	ok	TYR_only_multi_2	980	TYR,TYR	-0.587368769007116		
P52333	OH		CZ	A	2	980,981					TYR	813-984,988-1103		2	2	2	813-984,988-1103	6GLA	TYR	1.92	ok	TYR_only_multi_2	981	TYR,TYR	-2.0103864408354295		
P52333	OH		CZ	A	2	980,981					TYR	813-984,988-1103		2	2	2	813-984,988-1103	6GLB	TYR	2.0	ok	TYR_only_multi_2	980	TYR,TYR	0.8190970176847165		
P52333	OH		CZ	A	2	980,981					TYR	813-984,988-1103		2	2	2	813-984,988-1103	6GLB	TYR	2.0	ok	TYR_only_multi_2	981	TYR,TYR	0.37574343289515305		
P52333	OH		CZ	A	2	980,981					TYR	815-893,898-983,988-1099		2	2	2	815-893,898-983,988-1099	6NY4	TYR	2.33	ok	TYR_only_multi_2	980	TYR,TYR	0.20819664064448568		
P52333	OH		CZ	A	2	980,981					TYR	815-893,898-983,988-1099		2	2	2	815-893,898-983,988-1099	6NY4	TYR	2.33	ok	TYR_only_multi_2	981	TYR,TYR	0.4605324179927379		
P52333	OH		CZ	A	2	980,981					TYR	814-1103		2	2	2	814-1103	7APF	TYR	1.95	ok	TYR_only_multi_2	980	TYR,TYR	3.0108151823476255		
P52333	OH		CZ	A	2	980,981					TYR	814-1103		2	2	2	814-1103	7APF	TYR	1.95	ok	TYR_only_multi_2	981	TYR,TYR	-2.3464246492080787		
P52333	OH		CZ	C	2	980,981					TYR	812-891,897-1103		2	2	2	812-891,897-1103	7APG	TYR	2.4	ok	TYR_only_multi_2	980	TYR,TYR	-0.5799041956989005		
P52333	OH		CZ	C	2	980,981					TYR	812-891,897-1103		2	2	2	812-891,897-1103	7APG	TYR	2.4	ok	TYR_only_multi_2	981	TYR,TYR	0.1535336535441968		
P54762	OH		CZ	A	1	647					TYR	611-627,630-656,658-770,784-893		2	1	1	611-627,630-656,658-770,784-893	3ZFX	TYR	2.5	ok	TYR_single	647	TYR	1.0219984586300277		
P63086	OH		CZ	B	1	185					TYR	8-200,202-356		2	1	1	8-175,184-200,202-328,333-356	2FYS	TYR	2.5	ok	TYR_single	185	TYR	1.2119325105552858		
P63086	OH		CZ	A	1	185					TYR	10-354		2	2	1	10-354	2GPH	TYR	1.9	ok	TYR_mixed_with_THR	185	TYR	3.338341198394358		
P63086	OG1		CB	A	1	185					TYR	16-31,35-327,336-355		2	2	1	16-31,35-327,336-355	2Z7L	THR	2.41	ok	TYR_single	185	TYR		58.58422521358744	-123.3827065098389
P63086	OH		CZ	A	1	185					TYR	6-355		2	2	1	6-355	3ERK	TYR	2.1	ok	TYR_mixed_with_THR	185	TYR	-1.1045090070960457		
P63086	OH		CZ	A	1	185					TYR	9-174,180-200,202-354		2	2	1	9-174,180-200,202-354	3O71	TYR	1.95	ok	TYR_mixed_with_THR	185	TYR	-0.21595239953255727		
P63086	OH		CZ	A	1	185					TYR	9-329,335-354		2	2	1	9-329,335-354	3QYW	TYR	1.5	ok	TYR_mixed_with_THR	185	TYR	0.17098801726007617		
P63086	OH		CZ	A	1	185					TYR	8-13,15-330,336-354		2	2	1	8-13,15-330,336-354	3QYZ	TYR	1.46	ok	TYR_mixed_with_THR	185	TYR	0.10857665905727196		
P63086	OH		CZ	A	1	185					TYR	4-9,15-329,333-358		2	2	1	4-9,15-329,333-358	3R63	TYR	1.7	ok	TYR_mixed_with_THR	185	TYR	-0.8387494816517124		
P63086	OH		CZ	A	1	185					TYR	10-353		2	2	1	10-353	3ZU7	TYR	1.97	ok	TYR_mixed_with_THR	185	TYR	0.2701384711300234		
P63086	OH		CZ	A	1	185					TYR	6-355		2	2	1	6-355	4ERK	TYR	2.2	ok	TYR_mixed_with_THR	185	TYR	-1.967559959386082		
P63086	OH		CZ	A	1	185					TYR	9-31,35-356		2	2	1	9-31,35-356	4GSB	TYR	1.8	ok	TYR_mixed_with_THR	185	TYR	-1.0034461356633422		
P63086	OH		CZ	A	1	185					TYR	9-356		2	2	1	9-356	4GT3	TYR	1.68	ok	TYR_mixed_with_THR	185	TYR	-0.3924226117173045		
P63086				A	1	185					TYR	11-356		2	2	1	11-356	4GVA	TYR	1.83	missing_required_atoms:OH,CZ	TYR_mixed_with_THR	185	TYR			
P63086	OH		CZ	A	1	185					TYR	9-174,182-328,335-356		2	2	1	9-174,182-328,335-356	4I5H	TYR	1.9	ok	TYR_mixed_with_THR	185	TYR	1.6417407251885079		
P63086	OH		CZ	A	1	185					TYR	8-175,183-356		2	2	1	8-175,183-356	4N4S	TYR	2.2	ok	TYR_mixed_with_THR	185	TYR	0.03954621511029917		
P63086	OH		CZ	A	1	185					TYR	13-328,333-353		2	2	1	13-328,333-353	4QYY	TYR	1.65	ok	TYR_mixed_with_THR	185	TYR	-1.6685125091591102		
P63086	OH		CZ	A	1	185					TYR	4-9,15-354		2	2	1	4-9,15-354	4S2Z	TYR	1.48	ok	TYR_mixed_with_THR	185	TYR	-0.9602961905103041		
P63086	OH		CZ	A	1	185					TYR	4-8,15-33,35-332,336-355		2	2	1	4-8,15-33,35-332,336-355	4S30	TYR	2.0	ok	TYR_mixed_with_THR	185	TYR	-0.740042419285368		
P63086	OH		CZ	A	1	185					TYR	4-9,15-355		2	2	1	4-9,15-355	4S31	TYR	1.45	ok	TYR_mixed_with_THR	185	TYR	-1.1996485977451425		
P63086	OH		CZ	A	1	185					TYR	4-9,15-354		2	2	1	4-9,15-354	4S32	TYR	1.34	ok	TYR_mixed_with_THR	185	TYR	-1.9991484257204695		
P63086	OH		CZ	A	1	185					TYR	4-9,15-355		2	2	1	4-9,15-355	4S33	TYR	1.48	ok	TYR_mixed_with_THR	185	TYR	-1.4854889119482706		
P63086	OH		CZ	A	1	185					TYR	4-9,15-329,333-354		2	2	1	4-9,15-329,333-354	4S34	TYR	2.5	ok	TYR_mixed_with_THR	185	TYR	-1.0664714158200914		
P63086	OH		CZ	A	1	185					TYR	9-354		2	2	1	9-354	4XNE	TYR	1.8	ok	TYR_mixed_with_THR	185	TYR	-0.44244308679281136		
P63086	OH		CZ	A	1	185					TYR	8-329,335-354		2	2	1	8-329,335-354	4XOZ	TYR	1.95	ok	TYR_mixed_with_THR	185	TYR	-0.4694550776410628		
P63086	OH		CZ	A	1	185					TYR	8-327,335-354		2	2	1	8-327,335-354	4XP0	TYR	1.46	ok	TYR_mixed_with_THR	185	TYR	-0.6090974205899625		
P63086	OH		CZ	A	1	185					TYR	8-329,337-353		2	2	1	8-329,337-353	4XP2	TYR	1.748	ok	TYR_mixed_with_THR	185	TYR	-0.3183661524180081		
P63086	OH		CZ	A	1	185					TYR	8-329,336-354		2	2	1	8-329,336-354	4XP3	TYR	1.782	ok	TYR_mixed_with_THR	185	TYR	0.33917615270163304		
P63086	OH		CZ	A	1	185					TYR	9-354		2	2	1	9-354	4XRJ	TYR	1.69	ok	TYR_mixed_with_THR	185	TYR	-0.2998678260041547		
P63086	OH		CZ	A	1	185					TYR	9-355		2	2	1	9-355	5HD4	TYR	1.45	ok	TYR_mixed_with_THR	185	TYR	-2.920450776317726		
P63086	OH		CZ	A	1	185					TYR	9-355		2	2	1	9-355	5HD7	TYR	1.69	ok	TYR_mixed_with_THR	185	TYR	0.2810752987873976		
P63086	OH		CZ	A	1	185					TYR	16-355		2	2	1	16-355	5KE0	TYR	1.68	ok	TYR_mixed_with_THR	185	TYR	-1.2609437420242617		
P63086	OH		CZ	A	1	185					TYR	16-33,35-355		2	2	1	16-33,35-355	5U6I	TYR	1.69	ok	TYR_mixed_with_THR	185	TYR	1.5764683550342915		
P63086	OH		CZ	A	1	185					TYR	4-10,15-354		2	2	1	4-10,15-354	5UMO	TYR	2.26	ok	TYR_mixed_with_THR	185	TYR	-0.7051581627167203		
P63086	OH		CZ	A	1	185					TYR	16-19,22-42,48-327,333-355		2	2	1	16-19,22-42,48-327,333-355	6CPW	TYR	1.85	ok	TYR_mixed_with_THR	185	TYR	-0.4829301975373831		
P63086	OH		CZ	A	1	185					TYR	16-42,48-327,336-354		2	2	1	16-42,48-327,336-354	6DCG	TYR	1.45	ok	TYR_mixed_with_THR	185	TYR	-0.7601393909186849		
P63086	OH		CZ	A	1	185					TYR	8-328,336-353		2	2	1	8-328,336-353	6FI3	TYR	1.52	ok	TYR_mixed_with_THR	185	TYR	0.8811662257712566		
P63086	OH		CZ	A	1	185					TYR	8-327,336-354		2	2	1	8-327,336-354	6FI6	TYR	1.65	ok	TYR_mixed_with_THR	185	TYR	-0.7029894459995767		
P63086	OH		CZ	A	1	185					TYR	9-329,335-353		2	2	1	9-329,335-353	6FJ0	TYR	1.659	ok	TYR_mixed_with_THR	185	TYR	-0.06297066343032699		
P63086	OH		CZ	A	1	185					TYR	8-13,15-327,336-354		2	2	1	8-13,15-327,336-354	6FJB	TYR	1.85	ok	TYR_mixed_with_THR	185	TYR	-0.043224191924546185		
P63086	OH		CZ	A	1	185					TYR	9-354		2	2	1	9-354	6FJZ	TYR	1.864	ok	TYR_mixed_with_THR	185	TYR	-0.34206993055907925		
P63086	OH		CZ	A	1	185					TYR	8-327,333-353		2	2	1	8-327,333-353	6FLE	TYR	1.48	ok	TYR_mixed_with_THR	185	TYR	-1.0945895816678541		
P63086	OH		CZ	A	1	185					TYR	9-331,333-354		2	2	1	9-331,333-354	6FLV	TYR	1.91	ok	TYR_mixed_with_THR	185	TYR	0.11406164628415973		
P63086	OH		CZ	A	1	185					TYR	9-329,335-354		2	2	1	9-329,335-354	6FMA	TYR	1.667	ok	TYR_mixed_with_THR	185	TYR	0.0021344438127465274		
P63086	OH		CZ	A	1	185					TYR	9-31,34-327,336-354		2	2	1	9-31,34-327,336-354	6FN5	TYR	1.932	ok	TYR_mixed_with_THR	185	TYR	-0.3284229360122149		
P63086	OH		CZ	A	1	185					TYR	9-328,333-354		2	2	1	9-328,333-354	6FQ7	TYR	1.6	ok	TYR_mixed_with_THR	185	TYR	0.152824100156965		
P63086	OH		CZ	A	1	185					TYR	9-328,333-354		2	2	1	9-328,333-354	6FR1	TYR	1.561	ok	TYR_mixed_with_THR	185	TYR	-0.04207062810991454		
P63086	OH		CZ	A	1	185					TYR	9-327,334-354		2	2	1	9-327,334-354	6FRP	TYR	1.53	ok	TYR_mixed_with_THR	185	TYR	-0.7096581346172901		
P63086	OH		CZ	A	1	185					TYR	9-13,16-32,34-327,334-354		2	2	1	9-13,16-32,34-327,334-354	6FXV	TYR	1.53	ok	TYR_mixed_with_THR	185	TYR	-0.2245544277079838		
P63086	OH		CZ	A	1	185					TYR	9-329,332-356		2	2	1	9-329,332-356	6OT6	TYR	1.65	ok	TYR_mixed_with_THR	185	TYR	-0.28900561603473174		
P63086	OH		CZ	A	1	185					TYR	7-116,119-172,183-198,203-252,255-317,326-356		2	2	1	7-116,119-172,183-198,203-252,255-317,326-356	6OTS	TYR	2.1	ok	TYR_mixed_with_THR	185	TYR	-0.28060553422146367		
P63086	OH		CZ	A	1	185					TYR	3-7,15-19,21-31,35-57,59-333,336-353		2	2	1	3-6,15-19,21-31,35-57,59-333,336-353	6RFP	TYR	1.74	ok	TYR_mixed_with_THR	185	TYR	1.2681321559272718		
P63086	OG1		CB	A	1	185					TYR	9-172,182-328,333-354		2	2	1	9-172,182-328,333-354	7UGB	THR	1.9	ok	TYR_single	185	TYR		57.83496584410985	131.2444951957816
P63086	OH		CZ	A	1	185					TYR	9-327,334-354		2	2	1	9-327,334-354	8QR2	TYR	1.64	ok	TYR_mixed_with_THR	185	TYR	-0.4230599690042705		
P63086	OH		CZ	A	1	185					TYR	9-354		2	2	1	9-354	8QR3	TYR	1.65	ok	TYR_mixed_with_THR	185	TYR	-0.18459774793119796		
P63086	OH		CZ	A	1	185					TYR	9-330,337-354		2	2	1	9-330,337-354	8QR4	TYR	1.92	ok	TYR_mixed_with_THR	185	TYR	-0.18408929412887906		
P63086	OH		CZ	A	1	185					TYR	9-329,334-354		2	2	1	9-329,334-354	8QR5	TYR	1.6	ok	TYR_mixed_with_THR	185	TYR	-2.036287941750239		
P63086	OH		CZ	A	1	185					TYR	9-354		2	2	1	9-354	8QR6	TYR	1.65	ok	TYR_mixed_with_THR	185	TYR	1.3864431732690345		
P63086	OH		CZ	A	1	185					TYR	9-13,15-329,337-357		2	2	1	9-13,15-329,337-357	8QR7	TYR	1.51	ok	TYR_mixed_with_THR	185	TYR	-0.024279533133577294		
P63086	OH		CZ	A	1	185					TYR	9-329,334-354		2	2	1	9-329,334-354	8QR8	TYR	1.61	ok	TYR_mixed_with_THR	185	TYR	1.2278445523522394		
P63086	OH		CZ	A	1	185					TYR	9-354		2	2	1	9-354	8QR9	TYR	1.94	ok	TYR_mixed_with_THR	185	TYR	-0.5265398840104667		
P63086	OH		CZ	A	1	185					TYR	9-329,335-354		2	2	1	9-329,335-354	8QRA	TYR	1.55	ok	TYR_mixed_with_THR	185	TYR	0.1816000112554995		
P63086	OH		CZ	A	1	185					TYR	9-356		2	2	1	9-356	8QRB	TYR	1.51	ok	TYR_mixed_with_THR	185	TYR	-0.14397448430302384		
P63086	OH		CZ	A	1	185					TYR	9-13,15-327,336-354		2	2	1	9-13,15-327,336-354	8QRC	TYR	1.69	ok	TYR_mixed_with_THR	185	TYR	-0.15529471324528205		
P63086	OH		CZ	A	1	185					TYR	4-9,15-355		2	2	1	4-9,15-355	8RLX	TYR	1.6	ok	TYR_mixed_with_THR	185	TYR	1.2055260737530515		
P63086	OH		CZ	A	1	185					TYR	4-9,15-355		2	2	1	4-9,15-355	8RM2	TYR	1.55	ok	TYR_mixed_with_THR	185	TYR	-2.468899974074886		
P63086	OH		CZ	A	1	185					TYR	4-9,15-355		2	2	1	4-9,15-355	8RMB	TYR	1.55	ok	TYR_mixed_with_THR	185	TYR	0.9029734366322321		
P63086	OH		CZ	A	1	185					TYR	4-9,15-354		2	2	1	4-9,15-354	8RQV	TYR	2.19	ok	TYR_mixed_with_THR	185	TYR	-0.06793759037362564		
P63086	OH		CZ	A	1	185					TYR	4-7,15-354		2	2	1	4-7,15-354	8RQW	TYR	1.8	ok	TYR_mixed_with_THR	185	TYR	0.13464055393677501		
P63086	OH		CZ	A	1	185					TYR	4-8,15-353		2	2	1	4-8,15-353	8RQX	TYR	1.7	ok	TYR_mixed_with_THR	185	TYR	0.6871465193522237		
P63086	OH		CZ	A	1	185					TYR	8-354		2	2	1	8-354	9QQJ	TYR	1.69	ok	TYR_mixed_with_THR	185	TYR	-0.2309709255005524		
P9WG47	OH		CZ	A	1	129					TYR	37-500		1	1	1	37-500	3ILW	TYR	1.603	ok	TYR_single	129	TYR	0.5855049502255643		
Q00944	OH		CZ	B	2	576,577					TYR	412-580,584-684		2	2	2	412-580,584-684	4D4R	TYR	1.55	ok	TYR_only_multi_2	576	TYR,TYR	-0.02989943775609511		
Q00944	OH		CZ	B	2	576,577					TYR	412-580,584-684		2	2	2	412-580,584-684	4D4R	TYR	1.55	ok	TYR_only_multi_2	577	TYR,TYR	-0.6560238612981066		
Q07912	OH		CZ	B	1	284					TYR	117-133,138-159,171-222,225-390		1	1	1	117-133,138-159,171-222,225-390	1U46	TYR	2.0	ok	TYR_single	284	TYR	-0.5267710885786528		
Q07912	OH		CZ	B	1	284					TYR	117-160,170-221,225-390		1	1	1	117-160,170-221,225-390	1U4D	TYR	2.1	ok	TYR_single	284	TYR	0.1829929642235355		
Q07912	OH		CZ	A	1	284					TYR	117-160,167-392		1	1	1	117-160,167-390	3EQP	TYR	2.3	ok	TYR_single	284	TYR	-0.4153316066838566		
Q07912	OH		CZ	B	1	284					TYR	117-286,290-390		1	1	1	117-286,290-390	3EQR	TYR	2.0	ok	TYR_single	284	TYR	0.08051513734276186		
Q07912	OH		CZ	A	1	284					TYR	117-134,138-160,170-389		1	1	1	117-134,138-160,170-389	4HZR	TYR	1.31	ok	TYR_single	284	TYR	-0.11287089904006307		
Q07912	OH		CZ	A	1	284					TYR	117-160,168-391		1	1	1	117-160,168-391	7KP6	TYR	1.79	ok	TYR_single	284	TYR	0.16159880856838693		
Q13164	OH		CZ	A	1	221					TYR	47-393		2	2	1	47-393	4ZSG	TYR	1.79	ok	TYR_mixed_with_THR	221	TYR	-0.4085513646525606		
Q13164	OH		CZ	A	1	221					TYR	50-393		2	2	1	50-393	4ZSJ	TYR	2.48	ok	TYR_mixed_with_THR	221	TYR	-0.6297344331113314		
Q13164	OH		CZ	A	1	221					TYR	53-393		2	2	1	53-393	4ZSL	TYR	2.25	ok	TYR_mixed_with_THR	221	TYR	-0.754725231512283		
Q13164	OH		CZ	A	1	221					TYR	48-395		2	2	1	48-395	5BYZ	TYR	1.65	ok	TYR_mixed_with_THR	221	TYR	-0.04464972294211437		
Q13164	OH		CZ	A	1	221					TYR	54-393		2	2	1	54-393	5O7I	TYR	2.38	ok	TYR_mixed_with_THR	221	TYR	-1.3885019977609776		
Q13164	OH		CZ	A	1	221					TYR	54-63,68-72,79-123,125-210,213-302,305-395		2	2	1	54-63,68-72,79-123,125-210,213-302,305-395	6HKM	TYR	2.47	ok	TYR_mixed_with_THR	221	TYR	0.009058393537302624		
Q13164	OH		CZ	A	1	221					TYR	54-61,65-74,79-393		2	2	1	54-61,65-74,79-393	6HKN	TYR	2.33	ok	TYR_mixed_with_THR	221	TYR	-0.15575776461017504		
Q13191	OH		CZ	A	1	363					TYR	38-338,354-427		1	1	1	38-338,354-427	8GCY	TYR	1.81	ok	TYR_single	363	TYR	1.6996116439934508		
Q13191	OH		CZ	A	1	363					TYR	38-347,354-427		1	1	1	38-347,354-427	8QNG	TYR	2.197	ok	TYR_single	363	TYR	-3.4820910293040743		
Q13191	OH		CZ	A	1	363					TYR	37-346,354-427		1	1	1	37-346,354-427	8QNH	TYR	2.001	ok	TYR_single	363	TYR	1.501768982588138		
Q13191	OH		CZ	A	1	363					TYR	38-347,354-420		1	1	1	38-347,354-420	8QNI	TYR	2.483	ok	TYR_single	363	TYR	-1.47271795222042		
Q13191	OH		CZ	A	1	363					TYR	37-346,354-427		1	1	1	37-346,354-427	8QTG	TYR	1.419	ok	TYR_single	363	TYR	-0.49903229314131764		
Q13191	OH		CZ	A	1	363					TYR	37-348,354-427		1	1	1	37-348,354-427	8QTH	TYR	2.198	ok	TYR_single	363	TYR	-0.23064052582493558		
Q13191	OH		CZ	A	1	363					TYR	37-346,354-427		1	1	1	37-346,354-427	8QTJ	TYR	1.523	ok	TYR_single	363	TYR	0.7798877427518724		
Q13191	OH		CZ	A	1	363					TYR	37-346,354-427		1	1	1	37-346,354-427	8QTK	TYR	1.873	ok	TYR_single	363	TYR	2.9744876417406005		
Q13191	OH		CZ	A	1	363					TYR	37-346,354-427		1	1	1	37-346,354-427	9FQH	TYR	1.786	ok	TYR_single	363	TYR	-1.9536966448690016		
Q13191	OH		CZ	A	1	363					TYR	37-346,354-427		1	1	1	37-346,354-427	9FQI	TYR	1.954	ok	TYR_single	363	TYR	0.6429858165436502		
Q13191	OH		CZ	A	1	363					TYR	37-346,354-427		1	1	1	37-346,354-427	9FQJ	TYR	1.563	ok	TYR_single	363	TYR	-0.18937681182753088		
Q13627				D	1	321					TYR	135-480		2	2	1	135-480	8R8E	TYR	2.22	missing_required_atoms:OH,CZ	TYR_mixed_with_SER	321	TYR			
Q13882	OH		CZ	A	1	342					TYR	185-446		1	1	1	185-446	5D7V	TYR	2.33	ok	TYR_single	342	TYR	-0.44882801760851365		
Q13882	OH		CZ	A	1	342					TYR	185-229,231-446		1	1	1	185-229,231-446	5DA3	TYR	1.7	ok	TYR_single	342	TYR	-0.4594481829283858		
Q13882	OH		CZ	A	1	342					TYR	185-277,279-446		1	1	1	185-277,279-446	5H2U	TYR	2.24	ok	TYR_single	342	TYR	0.04735982275669229		
Q13882	OH		CZ	A	1	342					TYR	182-443		1	1	1	182-443	6CZ3	TYR	1.8	ok	TYR_single	342	TYR	-0.12863478518682622		
Q13882	OH		CZ	A	1	342					TYR	183-345,350-443		1	1	1	183-345,350-443	6CZ4	TYR	1.5	ok	TYR_single	342	TYR	-0.06236930905635354		
Q16539	OH		CZ	A	1	182					TYR	4-354		2	2	1	5-171,177-354	1A9U	TYR	2.5	ok	TYR_mixed_with_THR	182	TYR	1.2559923204790213		
Q16539	OH		CZ	A	1	182					TYR	4-354		2	2	1	5-171,177-354	1BL6	TYR	2.5	ok	TYR_mixed_with_THR	182	TYR	2.0897719264096155		
Q16539	OH		CZ	A	1	182					TYR	4-354		2	2	1	5-118,121-170,177-354	1BL7	TYR	2.5	ok	TYR_mixed_with_THR	182	TYR	0.8409291106382669		
Q16539	OH		CZ	A	1	182					TYR	4-351		2	2	1	4-351	1M7Q	TYR	2.4	ok	TYR_mixed_with_THR	182	TYR	1.88625253763087		
Q16539	OH		CZ	A	1	182					TYR	4-351		2	2	1	4-351	1OUK	TYR	2.5	ok	TYR_mixed_with_THR	182	TYR	2.45893145805317		
Q16539	OH		CZ	A	1	182					TYR	4-353		2	2	1	4-353	1OUY	TYR	2.5	ok	TYR_mixed_with_THR	182	TYR	-0.12297890896601649		
Q16539	OH		CZ	A	1	182					TYR	4-352		2	2	1	4-352	1OVE	TYR	2.1	ok	TYR_mixed_with_THR	182	TYR	-0.3291026903407627		
Q16539	OH		CZ	A	1	182					TYR	5-117,122-352		2	2	1	5-117,122-352	1OZ1	TYR	2.1	ok	TYR_mixed_with_THR	182	TYR	1.0022879918993037		
Q16539	OH		CZ	A	1	182					TYR	4-171,175-351		2	2	1	4-171,175-351	1R39	TYR	2.3	ok	TYR_mixed_with_THR	182	TYR	0.1100080832683916		
Q16539	OH		CZ	A	1	182					TYR	4-352		2	2	1	4-352	1R3C	TYR	2.0	ok	TYR_mixed_with_THR	182	TYR	-2.898733029762916		
Q16539	OH		CZ	A	1	182					TYR	4-355		2	2	1	4-355	1W7H	TYR	2.214	ok	TYR_mixed_with_THR	182	TYR	-0.2845435468112202		
Q16539	OH		CZ	A	1	182					TYR	4-355		2	2	1	4-355	1W82	TYR	2.2	ok	TYR_mixed_with_THR	182	TYR	0.8537520627527937		
Q16539	OH		CZ	A	1	182					TYR	4-355		2	2	1	4-355	1W83	TYR	2.5	ok	TYR_mixed_with_THR	182	TYR	0.3832374738378755		
Q16539	OH		CZ	A	1	182					TYR	4-355		2	2	1	4-355	1W84	TYR	2.2	ok	TYR_mixed_with_THR	182	TYR	-0.6172595879281351		
Q16539	OH		CZ	A	1	182					TYR	4-355		2	2	1	4-355	1WBN	TYR	2.4	ok	TYR_mixed_with_THR	182	TYR	-0.30386559427439697		
Q16539	OH		CZ	A	1	182					TYR	4-354		2	2	1	4-354	1WBO	TYR	2.16	ok	TYR_mixed_with_THR	182	TYR	0.38415148081765244		
Q16539	OH		CZ	A	1	182					TYR	4-355		2	2	1	4-355	1WBS	TYR	1.8	ok	TYR_mixed_with_THR	182	TYR	-0.04641258825069979		
Q16539	OH		CZ	A	1	182					TYR	4-355		2	2	1	4-355	1WBT	TYR	2.0	ok	TYR_mixed_with_THR	182	TYR	0.39306551244634097		
Q16539	OH		CZ	A	1	182					TYR	4-355		2	2	1	4-355	1WBV	TYR	2.0	ok	TYR_mixed_with_THR	182	TYR	0.5185373121439578		
Q16539	OH		CZ	A	1	182					TYR	4-355		2	2	1	4-355	1WBW	TYR	2.41	ok	TYR_mixed_with_THR	182	TYR	-0.16031368441117977		
Q16539	OH		CZ	A	1	182					TYR	5-13,16-169,175-351		2	2	1	5-13,16-169,175-351	1WFC	TYR	2.3	ok	TYR_mixed_with_THR	182	TYR	-0.6998318718119806		
Q16539	OH		CZ	A	1	182					TYR	2-352		2	2	1	2-352	1YQJ	TYR	2.0	ok	TYR_mixed_with_THR	182	TYR	1.1042231362011792		
Q16539	OH		CZ	A	1	182					TYR	4-354		2	2	1	4-354	1ZZL	TYR	2.0	ok	TYR_mixed_with_THR	182	TYR	0.2500400753075781		
Q16539	OH		CZ	A	1	182					TYR	2-13,17-114,125-196,201-254,256-353		2	2	1	2-13,17-114,125-196,201-254,256-353	2BAJ	TYR	2.25	ok	TYR_mixed_with_THR	182	TYR	-0.34458601061860217		
Q16539	OH		CZ	A	1	182					TYR	5-169,174-352		2	2	1	5-169,174-352	2GFS	TYR	1.752	ok	TYR_mixed_with_THR	182	TYR	-0.25117687660369914		
Q16539	OH		CZ	A	1	182					TYR	4-352		2	2	1	4-352	2I0H	TYR	2.0	ok	TYR_mixed_with_THR	182	TYR	6.740252247335898		
Q16539	OH		CZ	A	1	182					TYR	5-32,36-114,123-169,182-353		2	1	1	5-32,36-114,123-169,182-353	2YIS	TYR	2.0	ok	TYR_single	182	TYR	0.11095163512079796		
Q16539	OH		CZ	A	1	182					TYR	5-32,36-114,123-169,182-353		2	1	1	5-32,36-114,123-169,182-353	2YIW	TYR	2.0	ok	TYR_single	182	TYR	-0.5062393958013748		
Q16539	OH		CZ	A	1	182					TYR	4-354		2	2	1	4-354	2YIX	TYR	2.3	ok	TYR_mixed_with_THR	182	TYR	0.9124261476471738		
Q16539	OH		CZ	A	1	182					TYR	4-31,36-352		2	2	1	4-31,36-352	2ZAZ	TYR	1.8	ok	TYR_mixed_with_THR	182	TYR	-1.280835993201007		
Q16539	OH		CZ	A	1	182					TYR	4-352		2	2	1	4-352	2ZB0	TYR	2.1	ok	TYR_mixed_with_THR	182	TYR	0.11887957170004848		
Q16539	OH		CZ	A	1	182					TYR	4-30,33-171,174-352		2	2	1	4-30,33-171,174-352	2ZB1	TYR	2.5	ok	TYR_mixed_with_THR	182	TYR	-0.21527204407325748		
Q16539	OH		CZ	A	1	182					TYR	4-352		2	2	1	4-352	3D7Z	TYR	2.1	ok	TYR_mixed_with_THR	182	TYR	-0.035035962016039854		
Q16539	OH		CZ	A	1	182					TYR	4-352		2	2	1	4-352	3D83	TYR	1.9	ok	TYR_mixed_with_THR	182	TYR	0.42860788919601917		
Q16539	OH		CZ	A	1	182					TYR	3-172,174-352		2	2	1	3-172,174-352	3E92	TYR	2.0	ok	TYR_mixed_with_THR	182	TYR	0.010711093180077014		
Q16539	OH		CZ	A	1	182					TYR	4-171,175-353		2	2	1	4-171,175-353	3E93	TYR	2.0	ok	TYR_mixed_with_THR	182	TYR	0.5692307679576163		
Q16539	OH		CZ	A	1	182					TYR	4-116,124-171,175-352		2	2	1	4-116,124-171,175-352	3FI4	TYR	2.2	ok	TYR_mixed_with_THR	182	TYR	0.0897523550687205		
Q16539	OH		CZ	A	1	182					TYR	4-172,178-352		2	2	1	4-172,178-352	3FKL	TYR	2.0	ok	TYR_mixed_with_THR	182	TYR	-0.2204465133177794		
Q16539	OH		CZ	A	1	182					TYR	4-170,174-352		2	2	1	4-170,174-352	3FKN	TYR	2.0	ok	TYR_mixed_with_THR	182	TYR	-0.26325496110193036		
Q16539	OH		CZ	A	1	182					TYR	5-117,120-171,175-352		2	2	1	5-117,120-171,175-352	3FKO	TYR	2.0	ok	TYR_mixed_with_THR	182	TYR	0.3061409145099772		
Q16539	OH		CZ	A	1	182					TYR	4-55,58-117,122-170,175-352		2	2	1	4-55,58-117,122-170,175-352	3FL4	TYR	1.8	ok	TYR_mixed_with_THR	182	TYR	0.1994419907450064		
Q16539	OH		CZ	A	1	182					TYR	4-31,36-352		2	2	1	4-31,36-352	3FLQ	TYR	1.9	ok	TYR_mixed_with_THR	182	TYR	-0.5261823967207425		
Q16539	OH		CZ	A	1	182					TYR	4-32,37-171,174-352		2	2	1	4-32,37-171,174-352	3FLS	TYR	2.3	ok	TYR_mixed_with_THR	182	TYR	-0.05152503453370363		
Q16539	OH		CZ	A	1	182					TYR	4-14,16-170,174-352		2	2	1	4-14,16-170,174-352	3FLW	TYR	2.1	ok	TYR_mixed_with_THR	182	TYR	-0.5474422742414465		
Q16539	OH		CZ	A	1	182					TYR	4-171,174-352		2	2	1	4-171,174-352	3FLY	TYR	1.8	ok	TYR_mixed_with_THR	182	TYR	-0.275132718994281		
Q16539	OH		CZ	A	1	182					TYR	4-171,174-352		2	2	1	4-171,174-352	3FLZ	TYR	2.23	ok	TYR_mixed_with_THR	182	TYR	-0.2891570173472438		
Q16539	OH		CZ	A	1	182					TYR	4-171,174-352		2	2	1	4-171,174-352	3FMH	TYR	1.9	ok	TYR_mixed_with_THR	182	TYR	-0.4060400298965335		
Q16539	OH		CZ	A	1	182					TYR	4-31,35-170,173-352		2	2	1	4-31,35-170,173-352	3FMJ	TYR	2.0	ok	TYR_mixed_with_THR	182	TYR	-0.5132593415402499		
Q16539	OH		CZ	A	1	182					TYR	4-171,175-352		2	2	1	4-171,175-352	3FMK	TYR	1.7	ok	TYR_mixed_with_THR	182	TYR	-0.4262629674939632		
Q16539	OH		CZ	A	1	182					TYR	4-30,37-169,171-352		2	2	1	4-30,37-169,171-352	3FML	TYR	2.1	ok	TYR_mixed_with_THR	182	TYR	-0.46867662355103457		
Q16539	OH		CZ	A	1	182					TYR	4-171,175-352		2	2	1	4-171,175-352	3FMM	TYR	2.0	ok	TYR_mixed_with_THR	182	TYR	0.09495154837797601		
Q16539	OH		CZ	A	1	182					TYR	4-31,36-170,175-352		2	2	1	4-31,36-170,175-352	3FMN	TYR	1.9	ok	TYR_mixed_with_THR	182	TYR	-0.1202796665351633		
Q16539	OH		CZ	A	1	182					TYR	5-31,37-170,174-352		2	2	1	5-31,37-170,176-352	3FSF	TYR	2.1	ok	TYR_mixed_with_THR	182	TYR	0.11165610837587493		
Q16539	OH		CZ	A	1	182					TYR	5-169,176-352		2	2	1	5-169,176-352	3FSK	TYR	2.0	ok	TYR_mixed_with_THR	182	TYR	-0.45128908358936265		
Q16539	OH		CZ	A	1	182					TYR	4-352		2	2	1	4-352	3GC7	TYR	1.8	ok	TYR_mixed_with_THR	182	TYR	0.7120141428723049		
Q16539	OH		CZ	A	1	182					TYR	1-352		2	2	1	1-352	3GFE	TYR	2.1	ok	TYR_mixed_with_THR	182	TYR	0.031702565184994855		
Q16539	OH		CZ	A	1	182					TYR	4-169,177-352		2	2	1	4-169,177-352	3HA8	TYR	2.48	ok	TYR_mixed_with_THR	182	TYR	0.15580714162285203		
Q16539				A	1	182					TYR	5-30,35-170,182-352		2	1	1	5-30,35-170,182-352	3HEG	TYR	2.2	missing_required_atoms:OH,CZ	TYR_single	182	TYR			
Q16539	OH		CZ	A	1	182					TYR	4-30,36-352		2	2	1	4-30,36-352	3HRB	TYR	2.2	ok	TYR_mixed_with_THR	182	TYR	-0.45205834901866593		
Q16539	OH		CZ	A	1	182					TYR	4-171,174-352		2	2	1	4-171,174-352	3IPH	TYR	2.1	ok	TYR_mixed_with_THR	182	TYR	0.4222427368560499		
Q16539	OH		CZ	A	1	182					TYR	1-353		2	2	1	1-353	3ITZ	TYR	2.25	ok	TYR_mixed_with_THR	182	TYR	-0.0028424035804298768		
Q16539	OH		CZ	A	1	182					TYR	5-352		2	2	1	5-352	3KQ7	TYR	1.8	ok	TYR_mixed_with_THR	182	TYR	-2.424828602698718		
Q16539	OH		CZ	A	1	182					TYR	4-171,174-352		2	2	1	4-171,174-352	3MPT	TYR	1.89	ok	TYR_mixed_with_THR	182	TYR	0.11668792160040613		
Q16539	OH		CZ	A	1	182					TYR	5-352		2	2	1	5-352	3NNU	TYR	2.4	ok	TYR_mixed_with_THR	182	TYR	0.013519062587404655		
Q16539	OH		CZ	A	1	182					TYR	5-352		2	2	1	5-352	3NNV	TYR	2.1	ok	TYR_mixed_with_THR	182	TYR	0.5669796152176337		
Q16539	OH		CZ	A	1	182					TYR	4-352		2	2	1	4-352	3NNW	TYR	1.89	ok	TYR_mixed_with_THR	182	TYR	1.2423305979626604		
Q16539	OH		CZ	A	1	182					TYR	4-352		2	2	1	4-352	3RIN	TYR	2.2	ok	TYR_mixed_with_THR	182	TYR	-0.295648002519031		
Q16539	OH		CZ	A	1	182					TYR	4-352		2	2	1	4-352	3S3I	TYR	1.8	ok	TYR_mixed_with_THR	182	TYR	-1.8980271636087003		
Q16539	OH		CZ	A	1	182					TYR	4-352		2	2	1	4-352	3U8W	TYR	2.15	ok	TYR_mixed_with_THR	182	TYR	-0.12156490166345058		
Q16539	OH		CZ	A	1	182					TYR	5-117,122-355		2	2	1	5-117,122-355	4AA4	TYR	2.3	ok	TYR_mixed_with_THR	182	TYR	-0.17281892319839923		
Q16539	OH		CZ	A	1	182					TYR	5-117,122-175,179-352		2	2	1	5-117,122-175,179-352	4AA5	TYR	2.38	ok	TYR_mixed_with_THR	182	TYR	-0.6274898409064804		
Q16539	OH		CZ	A	1	182					TYR	5-116,122-359		2	2	1	5-116,122-359	4AAC	TYR	2.5	ok	TYR_mixed_with_THR	182	TYR	1.451439005255333		
Q16539	OH		CZ	A	1	182					TYR	5-169,172-353		2	1	1	5-169,172-353	4EWQ	TYR	2.1	ok	TYR_single	182	TYR	-0.12007940059730915		
Q16539	OH		CZ	B	1	182					TYR	4-173,182-352		2	1	1	4-173,182-352	4KIN	TYR	1.97	ok	TYR_single	182	TYR	-0.41503514216025583		
Q16539	OH		CZ	A	1	182					TYR	1-352		2	2	1	1-352	5ETC	TYR	2.422	ok	TYR_mixed_with_THR	182	TYR	-0.1340292545212978		
Q16539	OH		CZ	A	1	182					TYR	4-353		2	2	1	4-353	5MZ3	TYR	2.15	ok	TYR_mixed_with_THR	182	TYR	0.5126659705923817		
Q16539				A	1	182					TYR	5-31,36-168,182-352		2	1	1	5-31,36-168,182-352	5O8U	TYR	2.0	missing_required_atoms:OH,CZ	TYR_single	182	TYR			
Q16539	OH		CZ	A	1	182					TYR	4-30,37-352		2	2	1	4-30,37-352	5XYY	TYR	1.7	ok	TYR_mixed_with_THR	182	TYR	-0.2931892956606462		
Q16539	OH		CZ	A	1	182					TYR	4-353		2	2	1	4-353	8X3M	TYR	1.85	ok	TYR_mixed_with_THR	182	TYR	0.22000869218711036		
Q16539	OH		CZ	A	1	182					TYR	4-353		2	2	1	4-353	8YD9	TYR	1.66	ok	TYR_mixed_with_THR	182	TYR	-0.9425796426114542		
Q16539	OH		CZ	A	1	182					TYR	5-167,178-353		2	1	1	5-167,178-353	9YLH	TYR	2.02	ok	TYR_single	182	TYR	-0.06464574976786425		
Q7CWV1	OH		CZ	A	1	405					TYR	103-421		1	1	1	103-421	4E0G	TYR	2.2	ok	TYR_single	405	TYR	-0.001162341953207081		
Q7CWV1	OH		CZ	A	1	405					TYR	103-421		1	1	1	103-421	4E0J	TYR	2.3	ok	TYR_single	405	TYR	0.17516025510725086		
Q7CWV1	OH		CZ	A	1	405					TYR	103-421		1	1	1	103-421	4F41	TYR	2.5	ok	TYR_single	405	TYR	0.010266446792279197		
Q7CWV1	OH		CZ	A	1	405					TYR	102-421		1	1	1	102-421	4F43	TYR	2.354	ok	TYR_single	405	TYR	0.03433171525778989		
Q92731	OH		CZ	A	1	488					TYR	260-285,292-414,420-500		1	1	1	260-285,292-414,420-500	1QKM	TYR	1.8	ok	TYR_single	488	TYR	-0.2397227698485824		
Q92731	OH		CZ	B	1	488					TYR	261-410,421-497		1	1	1	261-410,421-497	1U3Q	TYR	2.4	ok	TYR_single	488	TYR	0.4940622186536694		
Q92731	OH		CZ	A	1	488					TYR	263-410,418-500		1	1	1	263-410,418-500	1U3R	TYR	2.21	ok	TYR_single	488	TYR	-0.18889949363115568		
Q92731	OH		CZ	A	1	488					TYR	263-411,420-497		1	1	1	263-411,420-497	1U3S	TYR	2.5	ok	TYR_single	488	TYR	1.2874380817946214		
Q92731	OH		CZ	B	1	488					TYR	263-410,422-501		1	1	1	263-410,422-501	1U9E	TYR	2.4	ok	TYR_single	488	TYR	-2.578244722551541		
Q92731	OH		CZ	A	1	488					TYR	263-410,421-497		1	1	1	263-410,421-497	1X76	TYR	2.2	ok	TYR_single	488	TYR	1.0265458871371504		
Q92731	OH		CZ	A	1	488					TYR	263-410,421-500		1	1	1	263-410,421-500	1X78	TYR	2.3	ok	TYR_single	488	TYR	1.0001193094172744		
Q92731	OH		CZ	A	1	488					TYR	263-410,421-500		1	1	1	263-410,421-500	1X7B	TYR	2.3	ok	TYR_single	488	TYR	0.025098053786873808		
Q92731	OH		CZ	A	1	488					TYR	263-410,421-497		1	1	1	263-410,421-497	1X7J	TYR	2.3	ok	TYR_single	488	TYR	0.03786722292511111		
Q92731	OH		CZ	A	1	488					TYR	263-410,421-500		1	1	1	263-410,421-500	1YYE	TYR	2.03	ok	TYR_single	488	TYR	-0.5531563646304198		
Q92731	OH		CZ	A	1	488					TYR	263-410,421-500		1	1	1	263-410,421-500	1ZAF	TYR	2.2	ok	TYR_single	488	TYR	1.30582668923491		
Q92731	OH		CZ	A	1	488					TYR	260-285,292-369,371-414,420-479,484-500		1	1	1	260-285,292-369,371-414,420-479,484-500	2GIU	TYR	2.2	ok	TYR_single	488	TYR	0.05371628349301379		
Q92731	OH		CZ	B	1	488					TYR	260-285,292-414,422-480,485-498		1	1	1	260-285,292-414,422-480,485-498	2I0G	TYR	2.5	ok	TYR_single	488	TYR	1.40653680481464		
Q92731	OH		CZ	B	1	488					TYR	260-285,292-414,422-480,483-501		1	1	1	260-285,292-414,422-480,483-501	2JJ3	TYR	2.28	ok	TYR_single	488	TYR	2.1337263099988317		
Q92731	OH		CZ	A	1	488					TYR	263-410,421-500		1	1	1	263-410,421-500	2NV7	TYR	2.1	ok	TYR_single	488	TYR	3.039693696330313		
Q92731	OH		CZ	A	1	488					TYR	263-409,422-497		1	1	1	263-409,422-497	2YJD	TYR	1.93	ok	TYR_single	488	TYR	-0.5853668563629513		
Q92731	OH		CZ	B	1	488					TYR	260-285,292-414,422-480,485-500		1	1	1	260-285,292-414,422-480,485-500	2Z4B	TYR	2.34	ok	TYR_single	488	TYR	1.4093354343403939		
Q92731	OH		CZ	A	1	488					TYR	264-415,421-497		1	1	1	264-415,421-497	3OLS	TYR	2.2	ok	TYR_single	488	TYR	-0.21528458475745932		
Q92731	OH		CZ	A	1	488					TYR	264-415,421-497		1	1	1	264-415,421-497	3OMO	TYR	2.21	ok	TYR_single	488	TYR	-0.22189936586792658		
Q92731	OH		CZ	A	1	488					TYR	264-415,421-497		1	1	1	264-415,421-497	3OMP	TYR	2.05	ok	TYR_single	488	TYR	0.3246274403884377		
Q92731	OH		CZ	A	1	488					TYR	264-415,421-497		1	1	1	264-415,421-497	3OMQ	TYR	1.97	ok	TYR_single	488	TYR	0.44263594255697103		
Q92731	OH		CZ	B	1	488					TYR	261-410,421-498		1	1	1	261-410,421-498	4J24	TYR	2.1	ok	TYR_single	488	TYR	0.19823311662957124		
Q92731	OH		CZ	A	1	488					TYR	261-409,420-498		1	1	1	261-409,420-498	4J26	TYR	2.3	ok	TYR_single	488	TYR	-0.12423802792926175		
Q92731	OH		CZ	A	1	488					TYR	262-408,420-502		1	1	1	262-408,420-502	4ZI1	TYR	2.1	ok	TYR_single	488	TYR	0.14901713451835175		
Q92731	OH		CZ	B	1	488					TYR	262-412,422-501		1	1	1	262-412,422-501	5TOA	TYR	2.5	ok	TYR_single	488	TYR	-0.12942946754117635		
Q92731	OH		CZ	B	1	488					TYR	263-409,421-497		1	1	1	263-409,421-497	7XVY	TYR	1.544	ok	TYR_single	488	TYR	-1.5325413243750785		
Q92731				B	1	488					TYR	263-409,421-498		1	1	1	263-409,421-498	7XVZ	TYR	2.08	missing_required_atoms:OH,CZ	TYR_single	488	TYR			
Q92731	OH		CZ	B	1	488					TYR	263-409,421-498		1	1	1	263-409,421-498	7XWP	TYR	1.919	ok	TYR_single	488	TYR	0.40781979423123776		
Q92731	OH		CZ	B	1	488					TYR	263-409,421-498		1	1	1	263-409,421-498	7XWQ	TYR	1.89	ok	TYR_single	488	TYR	0.317826087188047		
Q92731	OH		CZ	B	1	488					TYR	263-409,421-498		1	1	1	263-409,421-498	7XWR	TYR	2.164	ok	TYR_single	488	TYR	-0.009891344273339672		
Q92731	OH		CZ	B	1	488					TYR	262-411,421-497		1	1	1	262-411,421-497	9EBL	TYR	2.2	ok	TYR_single	488	TYR	0.050884933071606714		
Q92731	OH		CZ	M	1	488					TYR	263-285,287-408,424-497		1	1	1	263-285,287-408,424-497	9ECF	TYR	2.0	ok	TYR_single	488	TYR	0.07592069171078422		
Q9WV60	OH		CZ	A	1	216					TYR	6-11,26-29,35-119,122-383		2	1	1	6-11,26-29,35-119,122-383	4NU1	TYR	2.5	ok	TYR_single	216	TYR	0.007268155891268894		
Q9WV60	OH		CZ	A	1	216					TYR	26-31,35-383		2	1	1	26-31,35-383	8VME	TYR	2.3	ok	TYR_single	216	TYR	0.059201790971912874		
Q9WV60	OH		CZ	A	1	216					TYR	27-31,35-383		2	1	1	27-31,35-383	8VMF	TYR	2.5	ok	TYR_single	216	TYR	0.052845489009714974		
Q9WV60	OH		CZ	A	1	216					TYR	26-383		2	1	1	26-383	8VMG	TYR	2.45	ok	TYR_single	216	TYR	-0.24439856488251727		
